| Run on Mon Sep  8 21:07:55 2025
| GB non-polar solvation energies calculated with gbsa=2
idecomp = 1: Per-residue decomp adding 1-4 interactions to Internal.
Energy Decomposition Analysis (All units kcal/mol): Generalized Born model

Complex:
Total Energy Decomposition:
Residue,Internal,,,van der Waals,,,Electrostatic,,,Polar Solvation,,,Non-Polar Solv.,,,TOTAL,,
,Avg.,Std. Dev.,Std. Err. of Mean,Avg.,Std. Dev.,Std. Err. of Mean,Avg.,Std. Dev.,Std. Err. of Mean,Avg.,Std. Dev.,Std. Err. of Mean,Avg.,Std. Dev.,Std. Err. of Mean,Avg.,Std. Dev.,Std. Err. of Mean
R:A:SER:1,-2.3357849999999996,3.5075813802070224,0.24802345795080552,-5.124459999999999,1.0985852576837176,0.07768170854197275,-162.041695,10.334999698692544,0.7307948370506423,76.569995,9.718008049748414,0.687166939160256,0.40381304400000007,0.1305759081447832,0.009233111010876795,-92.528131956,14.65533916366021,1.036288970321292
R:A:GLU:2,87.18802,2.6636409197938073,0.18834785570321738,-6.443015,1.15983211059834,0.0820125150441992,23.720865000000003,9.289536739621358,0.6568694422667833,-153.929755,8.639404060754133,0.6108981196769843,0.5257641239999999,0.12164401436227852,0.008601530744632092,-48.93812087599999,13.014983138765688,0.9202982834449794
R:A:VAL:3,41.47164000000001,3.2198332426385066,0.2276765920159558,-9.36394,0.7411223019178413,0.05240526053746894,-43.470675,1.9455848939008034,0.13757362718513677,-1.2356449999999999,0.907126765659023,0.06414354873933154,0.004797900000000001,0.007090199019801912,0.0005013527806864144,-12.593822099999997,3.940154590377406,0.2786110029779167
R:A:ALA:4,83.05754,2.369520098754176,0.16755037299868955,-6.858575000000001,0.7333290355461183,0.0518541933875651,-71.59964,1.44990976629582,0.10252410278563766,-0.47824000000000005,0.8092720014926996,0.05722417200798977,0.063701568,0.03217612441605384,0.002275195576689371,4.184786568,2.9850614363120633,0.21107571838747152
R:A:HIS:5,114.61959999999999,2.952574205672061,0.20877852427871982,-9.272355,0.8881901648718026,0.06280452885640493,-82.14472000000002,4.800940410128,0.3394777520074033,-6.726890000000001,3.174758340078816,0.2244893150898278,0.697771008,0.07912794870257117,0.005595190910896935,17.173406008,6.530004347681622,0.46174103554233126
R:A:ARG:6,-189.33338500000002,4.4099272779463154,0.3118289482775372,-13.12464,1.8585955801088088,0.13142255381782839,-96.46432,12.040377390580414,0.8513832500924599,122.23020500000001,9.019147263626147,0.6377500190630142,0.13531539599999998,0.07434904673138441,0.005257271511851743,-176.55682460399998,15.7868004667982,1.116295366331196
R:A:PHE:7,105.49719499999999,3.1757224464639537,0.22455748770609943,-13.45472,0.9287037426434761,0.06566927141365282,-82.07323500000001,1.924764091979846,0.13610137416233167,-2.7525600000000003,0.9606044536644622,0.06792499232241399,0.162006552,0.03782969649619854,0.002674963492269096,7.378686552000001,3.9467217422421603,0.27907537073958166
R:A:LYS:8,121.728145,3.3362356637346524,0.23590748614631749,-6.903045,0.8986870328290044,0.06354676950778064,-185.95466499999998,14.954376906871612,1.0574341319268423,55.96754,14.814994975307956,1.0475783410284882,1.113368688,0.12491161429111809,0.008832584951420806,-14.048656311999999,21.332397298229512,1.5084282788543673
R:A:ASP:9,78.17863,4.369030348155069,0.3089370986390272,-5.657100000000001,1.082089122946904,0.07651525566839595,-8.94584,10.60346833750165,0.7497784365544263,-130.561,10.1025481993406,0.7143580339017683,0.46074762,0.11258538831173964,0.007960989153775177,-66.52456237999999,15.322109496644426,1.0834367527160071
R:A:LEU:10,70.17256,3.76740374348171,0.26639567344835013,-9.22337,0.9263638178923009,0.06550381374775059,-76.132165,2.972260642638024,0.21017056558632324,-0.855295,1.058354599354583,0.07483697141035973,0.151168932,0.06527579409886161,0.004615695665464187,-15.887101068,5.001018856647637,0.3536254346377338
R:A:GLY:11,82.192655,2.0101910744939144,0.14214197402553191,-3.76392,0.6117427021223873,0.04325674130121222,-82.64305499999999,1.6825524455347591,0.11897442439396373,-2.59307,0.7904217577344389,0.05589125848914121,0.214814556,0.02754719114487835,0.0019478805661185495,-6.592575444,2.8056381492255853,0.19838857608730862
R:A:GLU:12,93.23298499999999,2.719631770070169,0.192307006694699,-6.431345,1.0525361637373796,0.07442554588227754,-41.31377499999999,12.727604884438195,0.8999775722049272,-103.01725,11.807376595903936,0.8349076058987006,0.4938537599999999,0.09031042621674201,0.006385911478970564,-57.03553124,17.604500943954882,1.2448261996875474
R:A:GLU:13,92.42688,2.9503357750601884,0.20862024333223278,-6.042650000000001,0.829743272042624,0.05867170943052537,-24.779270000000007,15.041630706379545,1.0636039072584775,-115.537775,14.233603987549147,1.0064677900319885,0.8429308560000002,0.15131245830127293,0.01069940653428368,-53.089884143999996,20.934707720066505,1.4803073791017394
R:A:ASN:14,17.225425,4.115753667844444,0.2910277328226212,-8.521344999999998,0.7171410502648694,0.05070952997095319,-80.23583,3.3215998390986234,0.23487257706147818,-4.9676149999999994,2.056429779198648,0.14541154419053184,0.30149287199999997,0.08628416130401463,0.006101211556706264,-76.197872128,5.720410249686374,0.4044940878722266
R:A:PHE:15,112.90997000000002,3.2951704764852456,0.2330037389088424,-15.343335,0.9249996285269526,0.06540735099264457,-86.759815,1.4432448131813949,0.10205281943128762,-0.8009100000000001,0.6223068550964227,0.04400373972175547,0.0028544040000000005,0.005386902180955581,0.0003809115061742294,10.008764403999999,3.7661682401699887,0.2663083101713605
R:A:LYS:16,120.63521,3.390782659785201,0.23976454122638735,-10.26999,1.0962423955950618,0.0775160431749454,-180.67806000000002,14.870753402447368,1.051521057222346,56.544505,13.544216758453588,0.9577207515763011,0.30121520399999996,0.08959148165709496,0.006335074421628203,-13.467119796000002,20.427733487241323,1.444458887309986
R:A:ALA:17,86.61161,2.1998258744500667,0.1555511793253269,-7.0404,0.5743237414559841,0.04061082121799558,-77.622365,1.3552807427891096,0.09583282036377205,0.41684000000000004,0.6254124594217804,0.044223339109569736,0.07167402,0.032520533732096096,0.002299548992977101,2.4373590199999993,2.7199385763633015,0.19232870117573744
R:A:LEU:18,80.9475,3.340868111733835,0.2362350496856891,-11.735565,0.9985557649801037,0.07060855528103517,-84.17044,1.8229116836533794,0.1288993213015491,-0.11755999999999998,0.5763397404309372,0.04075337387260103,0.025151435999999996,0.02161212678382912,0.0015282081404708978,-15.050913564,3.9767015154018184,0.28119526082954455
R:A:VAL:19,51.843824999999995,2.974637849280984,0.2103386594800751,-10.09173,0.9333363204654579,0.06599684413288259,-55.51568499999999,1.6649809836076206,0.11773193440555964,-0.410875,0.5217642373476742,0.036894303040916766,0.005990796,0.015673484796023634,0.0011082827384092562,-14.168474203999999,3.5727065755181537,0.25262850467386544
R:A:LEU:20,72.851335,2.976520779832555,0.210471802776227,-11.666110000000002,0.9345823708480703,0.06608495320040712,-74.694045,1.345878788366546,0.0951680017909119,-1.3604649999999998,0.6508568880906155,0.046022531915084805,0.010236095999999998,0.013497323346041023,0.0009544048865853109,-14.859048903999998,3.4595240626656305,0.2446252924388902
R:A:ILE:21,77.010955,2.866997698460011,0.20272735142272985,-11.619979999999998,1.1126526185652017,0.07867642116924231,-65.024705,1.4373730162957008,0.10163762069172519,-0.416405,0.5287577904627033,0.03738882192413931,0.00021617999999999998,0.0011725770741405443,8.291372005886599e-05,-0.04991882000000018,3.4355929643166405,0.24293310824650888
R:A:ALA:22,87.31231499999998,2.231150879204497,0.15776619165358274,-7.28373,0.6678884615712417,0.04722684602532758,-75.01396500000001,1.6918240670279519,0.11963002703700688,-1.078835,0.9185410593843913,0.06495066118889783,0.031400856,0.0231413470133107,0.0016363403398903054,3.967185855999999,3.0216934186589133,0.21366599070004788
R:A:PHE:23,97.475955,3.0910161359939545,0.21856784705183646,-14.73019,1.0762311386965162,0.07610103362964263,-76.23247500000001,1.4990676200141875,0.10600008795692106,-1.81509,0.7260632354691979,0.051340423737051485,0.00146142,0.004145665931114083,0.00029314284924248106,4.699661420000001,3.6724709603611587,0.25968291197820476
R:A:ALA:24,90.05699,2.102476042645908,0.14866750670371784,-8.75548,0.680191318380351,0.04809678937309641,-76.851325,1.0907859411337315,0.07713021357986118,-0.217825,0.6413191205437431,0.04534810990410736,7.8516e-05,0.0004435133361512368,3.136112875392083e-05,4.232438515999999,2.5464033694515242,0.18005790901754462
R:A:GLN:25,33.232385,3.132557046052793,0.22150523297176297,-12.787455,0.8236355188886646,0.05823982606322755,-76.47315499999999,1.6659781664160551,0.1178024458781523,-5.646585,1.0365983806542434,0.07329857443276096,0.03601663199999999,0.015087251032012956,0.0010668297514200098,-61.638793367999995,3.787022074617958,0.26778289894655055
R:A:TYR:26,86.15470499999999,3.5181154483579706,0.2487683290531072,-14.176239999999998,0.8829951542335892,0.062437186131343234,-76.5319,3.3819413138018826,0.23913936365642527,-3.885985,1.9111194637633202,0.13513655324846421,0.059562755999999994,0.03437196138656717,0.002430464697912381,-8.379857244,5.314875618194613,0.3758184590788454
R:A:LEU:27,70.49694,3.7071383136322282,0.2621342640365811,-10.591075,1.0108334281052442,0.07147671716632627,-73.43583500000001,2.2612257799200415,0.1598928082775301,0.53652,0.6446582579941096,0.04558422257755417,0.00369882,0.006321001089795825,0.00044696227344821846,-12.98975118,4.504822410284869,0.3185390474353558
R:A:GLN:28,30.65875,2.585599601156374,0.18282950114109048,-10.563414999999999,1.0823954327208705,0.0765369150402275,-82.661795,2.254470142400427,0.15941511256739432,-3.2480449999999994,1.0102189579368426,0.0714332675640349,0.07587918,0.022710808337238906,0.001605896658148961,-65.73862582000001,3.7363884858296434,0.26420256354774774
R:A:GLN:29,27.558145,2.9394744179827454,0.2078522294079979,-7.562745,1.100919547457942,0.0778467677548336,-67.90336500000001,3.0358946559086992,0.21467016981610415,-10.548584999999997,2.7142229721920414,0.19192454692892985,0.516515832,0.11240703739417285,0.007948377839450944,-57.940034168000004,5.1428427693791825,0.36365389968042233
R:A:CYS:30,96.53325,3.1222275217382855,0.22077482530284104,-7.10088,0.9795575152077595,0.06926517615656513,-74.74726500000001,3.2605095836042253,0.2305528436690274,1.23653,0.9594804787487863,0.06784551529393819,0.026817479999999998,0.031360830214189166,0.0022175455708093126,15.94845248,4.718087182179524,0.3336191440748471
R:A:PRO:31,82.34678,2.3111437734593663,0.1634225434510184,-6.919435,0.7863111189440221,0.05560059243276999,-55.40727499999999,2.0311280214144554,0.14362243974001765,-5.041124999999999,1.304161634681453,0.09221815356465883,0.46938700799999994,0.061856180943151796,0.0043738925003204724,15.448332007999998,3.4336300781018725,0.24279431123119288
R:A:PHE:32,93.19615000000002,2.9810705405105735,0.2107935194390473,-12.762939999999999,1.1540605601093903,0.0816044047953295,-69.900165,1.60739546091651,0.11366002304625403,-5.283889999999999,1.1554853473324531,0.08170515246604708,0.171870876,0.1002243283864383,0.007086930224191791,5.421025875999999,3.7613227481267164,0.26596568214316213
R:A:GLU:33,94.86103500000002,2.9349012442968165,0.2075288571955115,-4.97785,1.2745758304235961,0.09012612128289998,-40.503029999999995,20.209909477756202,1.4290564038887688,-105.92986499999999,19.672304913679408,1.3910420206032148,0.9337179599999998,0.10750920673212691,0.007602048912027337,-55.61599204,28.384674893447027,2.0070996098931935
R:A:ASP:34,95.99044999999998,8.566003761235457,0.6057079347239063,-6.133495,1.5511832128974965,0.10968521687025558,-36.319964999999996,15.040731625282561,1.0635403326244262,-115.97079,9.156868628297557,0.6474883901503562,0.467072532,0.13563831152867753,0.009591076987062134,-61.966727468,19.643646261544834,1.3890155478768125
R:A:HIS:35,121.14120999999999,3.0444869577483824,0.2152777373057883,-12.63438,1.163694184740991,0.08228560492577057,-94.55185499999999,2.1084847222531633,0.14909238451334458,-5.206385,1.3310647267413407,0.09412048944770209,0.011364516,0.01643646869848095,0.0011622338475456306,8.759954516,4.103753925341197,0.2901792228929673
R:A:VAL:36,61.58956,3.5667133044863584,0.2522047164150583,-7.7163200000000005,0.9845387232607968,0.06961740075584551,-60.94245,2.9946593524973752,0.21175439354946096,-1.40601,0.7966091324482792,0.056328771950931084,0.275888664,0.09432258452910579,0.006669613913957204,-8.199331336,4.827238112145727,0.34133728035003913
R:A:LYS:37,120.55227000000001,3.4040649211053546,0.2407037389312846,-6.74616,1.0123671687683278,0.07158516900867105,-179.07163,11.658247570415547,0.8243625913792425,54.30773,10.755211397136739,0.7605082912010229,1.012716936,0.10434015672106642,0.007377963236753319,-9.945073063999999,16.254622134949944,1.1493753537248061
R:A:LEU:38,78.26746499999999,4.2406897149844625,0.29986204543735606,-10.44228,1.1265362850791802,0.079658144643219,-84.000815,3.414615482126062,0.24144977625559108,-1.5480500000000001,0.7385009190921837,0.0522199007802581,0.11328843599999999,0.06230744164037153,0.004405801450229177,-17.610391564,5.609046084311821,0.39661945222047396
R:A:VAL:39,49.37448500000001,2.92980425110194,0.2071684453503356,-9.65152,1.054363912318702,0.07455478722389326,-54.988935,2.010644720176839,0.1421740516193971,-1.835125,0.6312464886040952,0.044635867269215236,0.017307864,0.01836681214296874,0.001298729741507262,-17.083787136,3.7599119496755895,0.2658659236279942
R:A:ASN:40,16.973435,7.336817377839998,0.5187913320197967,-7.516485,0.8425625732104411,0.05957817090910898,-81.240575,6.094947634260282,0.4309778803162351,-8.072825,3.5466671022771505,0.25078723586314156,0.504560628,0.10132284777931982,0.007164607275388936,-79.351889372,10.21157683434748,0.7220675226174561
R:A:GLU:41,110.92566500000001,2.6385704487041837,0.18657510569171595,-7.211990000000001,0.9521634943117699,0.06732812636261312,-34.177235,10.249236506187911,0.724730463551019,-124.72246,9.57345775090693,0.6769456895069205,0.6526168200000001,0.10878370129379307,0.007692169286741288,-54.53340318000001,14.30309216549055,1.0113813462154548
R:A:VAL:42,59.511190000000006,3.085270643541665,0.21816157938440944,-9.273530000000001,0.9670572522348405,0.06838127408508853,-62.833814999999994,2.0291716908076065,0.14348410627618308,-1.72889,0.5394457599240169,0.03814457549246027,0.015780744,0.021823646149698818,0.0015431648182667721,-14.309264256,3.855270473417691,0.27260878950619205
R:A:THR:43,36.347195,2.981077772714929,0.21079403083312157,-9.37781,0.9926185440036872,0.07018873035965247,-53.117425000000004,2.019953270344391,0.14283226551404624,0.431005,0.9680243307763499,0.06844965686455265,0.01629648,0.02034241520811135,0.0014384259739367888,-25.70073852,3.858731967121,0.2728535540732565
R:A:GLU:44,89.74785499999999,2.877631577178531,0.2034792801979479,-6.4885,1.1222376619949983,0.07935418608995999,-18.678285,13.580299077847107,0.9602721568487107,-122.320235,13.434560714804745,0.9499668983700825,0.6691115519999999,0.11351382351441475,0.008026639436545564,-57.070053447999996,19.35109844157829,1.368329293144844
R:A:PHE:45,93.28038499999998,3.1650719102059908,0.22380438106497155,-10.956194999999997,1.016189124609686,0.07185542209795304,-70.38448,1.7412247010653168,0.12312317936928045,-3.245825,0.747906882155125,0.0528850028067977,0.44434015200000004,0.11958877761021933,0.008456203560199604,9.138225152,3.8282959882244354,0.27070140536627535
R:A:ALA:46,100.64165499999999,1.9104238157997824,0.1350873635092306,-8.108215,0.7162776617869636,0.050648479186200634,-81.85700500000002,1.3654352474485931,0.09655085227420317,-1.4362000000000001,0.6567818892143723,0.04644149276239944,5.396400000000001e-05,0.0003380735427447703,2.390540946145872e-05,9.240288964000001,2.541367510616818,0.17970182002443272
R:A:LYS:47,140.78942999999998,3.204118261721936,0.2265653750587234,-7.9528,1.1956521107747018,0.08454537154688008,-223.50686000000002,16.920368123962316,1.1964507040626455,73.215615,15.036314002998708,1.0632279595570628,0.650876652,0.11084674848554692,0.00783804875266099,-16.803738348000003,22.893183287911818,1.6187925145828987
R:A:THR:48,39.956005,3.4449619671304057,0.2435955967887658,-5.621665,0.8383837264492914,0.059282681820874136,-55.859905,3.9161070217723877,0.276910583094751,-5.04956,1.1942258942092991,0.08444452280639639,0.625055508,0.07495694071258469,0.005300256107486663,-25.950069492,5.416487650044629,0.38300351475597444
R:A:CYS:49,89.29047999999999,2.1309149630147144,0.15067844204795855,-7.747375,0.5831010070090773,0.04123146761728231,-73.84076,1.5292155676686003,0.1081318697794503,-3.9010299999999996,1.039219793450837,0.073483936309237,0.03623569200000001,0.028565504565631884,0.002019886198637359,3.8375506919999998,2.880989306388708,0.20371670750733836
R:A:VAL:50,47.19843500000001,3.446819460861709,0.2437269414301074,-6.302785,0.8832863571769916,0.06245777728894136,-47.884575000000005,2.6177038992932333,0.18509961783287124,-5.03215,1.3726936757703811,0.09706410066291245,0.45032536799999995,0.07777058505752273,0.00549921080710195,-11.570749632000002,4.626388340847015,0.3271350568215305
R:A:ALA:51,81.62855,2.204889107755762,0.15590920398584557,-3.495265,0.5037426374399928,0.03561998349066153,-69.06251,1.458104769863949,0.10310357704512486,-4.935655000000001,0.9795462092086314,0.06926437670169998,0.61409682,0.050495003957060934,0.003570535971407934,4.74921682,2.8641617732898097,0.20252682123085114
R:A:ASP:52,110.04094500000001,3.314890690803394,0.2343981686359239,-5.863519999999999,1.3585601788658461,0.09606471151260487,-30.08692,7.099686528544765,0.5020236488632782,-140.19801500000003,5.794473014414253,0.40973111618947733,0.253019088,0.09018896706892843,0.006377323020264951,-65.854490912,9.839907846099525,0.6957865564227689
R:A:GLU:53,99.77005000000001,3.105999906229876,0.2196273596059926,-3.141345,0.7798377241291935,0.055142854295683684,11.624065,3.5241469238349015,0.24919481877413702,-162.14176500000002,3.4421195795287227,0.24339460963397475,1.3050222120000001,0.07674758475255267,0.005426873761821927,-52.583972788000004,5.876144248211606,0.41550614451407536
R:A:SER:54,66.19606,5.462988148110885,0.38629159650709455,-3.3686249999999998,1.0157664910672137,0.07182553739356914,-61.724039999999995,6.1088763302591085,0.43196278785562064,-5.867139999999999,2.13744106828703,0.15113990737723773,0.528039288,0.08389492272933956,0.005932266876903742,-4.235705712000001,8.53053830468129,0.6032001482411735
R:A:ALA:55,86.99770499999998,2.168288691105269,0.1533211637050639,-3.811795,0.6199167306784032,0.04383473240336936,-75.70312,3.725840177141258,0.2634566854873871,-2.125405,3.3486053501383233,0.23678215506003616,0.4503904919999999,0.10504248138315629,0.007427625089869149,5.807775491999998,5.494711033386572,0.38853474323681875
R:A:GLU:56,94.59688,3.1789371628895093,0.22478480248450963,-4.88678,0.8299303835864789,0.05868494021467517,28.043695,6.459333148396589,0.456743827117428,-172.52015,5.646984698713109,0.39930211737167126,0.9520940880000001,0.10801758885075827,0.0076379969563791575,-53.814260912,9.187900447663552,0.6496826711409813
R:A:ASN:57,14.143875000000001,6.317595375566166,0.4467214530855609,-4.7404649999999995,0.8926097628723315,0.06311704162803418,-76.437625,6.435060088637479,0.4550274626018467,-10.722014999999999,3.144712766656917,0.2223647722187015,0.8033105159999999,0.08314142047700258,0.0058789862216770605,-76.952919484,9.592439353110288,0.6782878914704984
R:A:CYS:58,90.750965,2.5739153703599116,0.18200330125817774,-6.25459,0.745978606864835,0.05274865315342184,-81.067635,2.2706063951673796,0.16055611794283958,-0.35230000000000006,1.9278015613646546,0.13631615568229616,0.068880888,0.03839943936213986,0.002715250396673073,3.145320888,4.006877985962804,0.28332905952613946
R:A:ASP:59,98.91248999999999,4.0822324027301535,0.28865742143499445,-4.092029999999999,1.18275222641938,0.08363321197646303,4.505435,6.867211893175789,0.4855852097509509,-157.069805,6.877738778623027,0.48632957295940255,0.828855072,0.11135808270991565,0.007874205542411378,-56.915054927999996,10.608384171698102,0.7501260385239764
R:A:LYS:60,134.98196500000003,3.2400481622616364,0.22910600269062142,-7.429725000000001,1.0356557388316834,0.07323191959026473,-229.23771999999997,14.835662970410185,1.04903978897752,87.85943999999999,12.842973638780077,0.9081353750581461,0.54566154,0.1097313721559099,0.0077591797360348595,-13.280378459999998,19.915355973097373,1.4082283258321167
R:A:SER:61,76.80089,4.474184417064187,0.31637261415852663,-5.396190000000001,0.7715066842873106,0.054553760819030614,-74.518605,6.316588671029244,0.44665026832509,-2.0537099999999997,3.288396611709117,0.23252475433703826,0.309025152,0.08930148765903118,0.006314568749374773,-4.858589848,8.445967572301774,0.5972200944056266
R:A:LEU:62,67.47489,4.3784904862178236,0.30960603141654064,-8.986335,1.0679494991688512,0.07551543328270718,-71.997575,4.116750441109468,0.2910982153361215,1.8097600000000003,1.470145425595713,0.10395497997691115,0.088509024,0.05051503142345874,0.003571952127137921,-11.610750975999999,6.278790377600586,0.4439775253650218
R:A:HIS:63,119.97461500000001,3.1226870699407256,0.2208073202678638,-9.373244999999999,0.8762831248945742,0.06196257398522917,-99.46372,3.1034013842234467,0.21944361635281173,-6.09704,2.045579870941245,0.1446443398201257,0.5536695239999999,0.0873397496498211,0.006175852924452389,5.594279524,4.933778678013323,0.34887083600968205
R:A:THR:64,38.433455,4.197574722143133,0.2968133550564647,-9.929364999999997,0.8865038814212828,0.0626852906101184,-48.704519999999995,3.3205178481074307,0.23479606874477266,-2.610185,1.4620810069127497,0.10338473946320607,0.12447946800000001,0.030889293388955595,0.002184202882139129,-22.686135531999998,5.618718401786219,0.39730338834806755
R:A:LEU:65,67.586415,3.177008764982401,0.2246484441608154,-10.442875,1.1426738420804952,0.08079924224196042,-71.21673500000001,1.7663882033049807,0.12490250767648738,-0.23713,0.7391503859837997,0.052265825024579875,0.049750236,0.03877869830605849,0.0027420680537801243,-14.260574764000001,3.8816314311726337,0.27447279070490127
R:A:PHE:66,101.81639999999999,3.2521045647395783,0.22995851908550813,-12.84509,1.1026951128485154,0.07797231918764505,-82.860205,1.3811219978607976,0.09766007303332823,0.15512,0.7150537501474976,0.05056193556421668,0.084328416,0.05574357552645277,0.003941666026233922,6.350553416,3.7701495721904026,0.2665898328583395
R:A:GLY:67,75.48385,1.6590979770646457,0.1173159430235294,-5.676620000000001,0.7769929121941846,0.054941695714639166,-79.61014,1.4984470862863335,0.105956209596229,2.0493400000000004,0.5963256278242618,0.04216658952298608,0.0033871319999999997,0.00697966245591977,0.0004935366652974022,-7.750182868000001,2.4407623242724807,0.172587959075771
R:A:ASP:68,110.61569,2.9704644323573377,0.2100435543393322,-8.164435000000001,0.7599598843195606,0.05373727876321055,-34.19201,9.538690991425396,0.674487308367993,-128.793065,9.050235646698654,0.6399482997116838,0.37196485199999996,0.06296616208244311,0.004452380019378679,-60.161855147999994,13.501798169055757,0.9547213043551437
R:A:LYS:69,126.072525,3.406210724452466,0.24085547014106815,-8.81467,1.254636999733389,0.0887162330439024,-206.689725,11.445482099473793,0.8093178006487162,76.476585,10.461941516887533,0.739770979096825,0.36640630799999996,0.10319936690590856,0.007297297215332651,-12.588878691999998,15.92602638456796,1.1261401253883878
R:A:LEU:70,62.31781,3.501427402346077,0.2475883060031309,-11.036585,1.0552293602696052,0.07461598363537802,-74.507025,2.069957681783616,0.14636811135583805,0.727055,0.5404836741058883,0.038217967108089355,0.003517092,0.007408298431214553,0.0005238458057765472,-22.495227908,4.236791845950263,0.2995864244747301
R:A:CYS:71,98.61475,2.221819854871227,0.15710638859543555,-7.728115,0.5887846140780174,0.041633359327287046,-90.10896999999999,1.7342230505618361,0.12262808791422952,-1.18339,0.9125712179879442,0.06452852965549424,0.13696235999999998,0.03410474740834771,0.0024115698163096996,-0.26876264,3.020700206917394,0.21359576002428965
R:A:THR:72,47.49184000000001,3.655160841112194,0.25845890170779573,-5.24956,0.7410194102720926,0.05239798499942531,-56.405265,2.9097060461110154,0.2057472876464596,-4.806519999999999,0.9959344855963167,0.07042320283826914,0.588655404,0.06159958244159764,0.0043557482462713475,-18.380849596,4.8343954972397505,0.34184338390359387
R:A:VAL:73,40.578635000000006,3.1587476571855175,0.22335718884529993,-7.21379,0.8347635209447044,0.0590266946347159,-43.37433,2.1359862151006497,0.1510370337218657,-0.428335,0.5800825741004465,0.04101803217945736,0.22190194800000002,0.06980838807224599,0.004936198458958724,-10.215918052,3.9469384353692725,0.27909069325754343
R:A:ALA:74,91.70891999999999,1.9205379047548115,0.1358025375977931,-7.633680000000001,0.5665884287558298,0.04006385201150783,-79.50461999999999,1.1899461229820452,0.08414189728072455,-1.569315,0.47366775885107487,0.03349336843130293,8.6148e-05,0.00039318354046933353,2.7802274771680105e-05,3.001391148,2.3769352888053765,0.16807470611558864
R:A:THR:75,42.384764999999994,3.710894886651332,0.26239989386216417,-6.487240000000002,0.6339309366169157,0.04482568640857605,-52.55502499999999,3.270429155993904,0.23125426335934868,-3.4794799999999997,1.0914886025973887,0.07717989924844422,0.522144324,0.04930170249529953,0.003486156815846803,-19.614835676,5.105104718222627,0.36098541649226584
R:A:LEU:76,76.985445,4.660653801450501,0.329557990776851,-6.606885,1.007547364531812,0.07124435738270786,-73.91168499999999,3.3013590482973827,0.2334413370182646,-1.776635,0.7816287365335285,0.05526949799731313,0.7116328799999999,0.06148802726135227,0.0043478601038285485,-4.598127119999999,5.852396207861913,0.4138269044769594
R:A:ARG:77,-192.813395,3.707432010027292,0.26215503150783703,-6.565645,1.1584832234326918,0.08191713431801066,-54.339310000000005,8.625302345071736,0.6099009777984455,73.83253500000001,6.870409559755154,0.48581131892317514,0.9580617359999999,0.07291065512642102,0.0051555618660646015,-178.927753264,11.691484914853886,0.8267128265433408
R:A:GLU:78,100.70477,2.944802218672758,0.20822896180766973,-3.6591949999999995,0.7598419486807767,0.053728939454217785,-25.173605,4.541633705944921,0.3211419991139044,-133.7922,4.920781469441618,0.3479517945779272,1.274561496,0.07933179197864361,0.005609604807177945,-60.64566850400001,7.355001048012743,0.5200771116683974
R:A:THR:79,38.12522,3.3812007765881043,0.2390869997678669,-5.722344999999999,0.7641978578712453,0.0540369487468991,-44.216215000000005,2.5680622945666642,0.18158942629975733,-6.79145,1.4993794241285292,0.10602213583728635,0.530467776,0.0894824354474163,0.006327363690195556,-18.074322224,4.5681075698918905,0.3230139839860156
R:A:TYR:80,79.84612499999999,3.218730628582485,0.22759862542835138,-13.476009999999999,0.993089185269883,0.07022200972273579,-74.87681500000001,1.747855941081816,0.12359207884761467,-5.5307450000000005,0.9786402811937592,0.06920031791744168,0.184439016,0.04608962258228357,0.003259028467026135,-13.853005984,3.9193512771037478,0.2771399865892215
R:A:GLY:81,79.555505,1.803375354709884,0.12751789423400545,-3.921055,0.6022902306820193,0.04258835063576658,-80.41108000000001,1.9526863684678095,0.13807577726741216,-0.455625,1.311699662413237,0.09275117261725051,0.187032168,0.037317811181737014,0.002638767734564541,-5.045222832,3.0248717111567553,0.21389072991782973
R:A:GLU:82,93.67154,2.8369871339856303,0.20060528405802275,-5.9530650000000005,0.9985276715119116,0.0706065687728486,-5.206714999999999,6.4539236696582485,0.4563613192075715,-138.29806499999998,6.070074020205602,0.4292190501991669,0.8633309399999999,0.08038592013697674,0.005684142924077649,-54.922974059999994,9.356866182108261,0.6616303528023832
R:A:MET:83,84.481505,2.700065426980428,0.19092345730652113,-11.544974999999999,1.1066089301894324,0.07824906786585384,-70.86267,1.5979690363395653,0.11299347417218392,-0.8589950000000001,0.9510204072337249,0.06724729790017589,0.06706357199999999,0.050864256288619965,0.003596646054169367,1.2819285720000002,3.46055901018792,0.2446984742800085
R:A:ALA:84,87.643845,2.087196301495142,0.14758706584546966,-7.33501,0.5167200111278835,0.03653762238433147,-76.828145,1.5816061532426455,0.11183644361242445,-0.836635,0.8387834057580061,0.05931094341582335,0.083321244,0.02552028247689402,0.0018045564797207982,2.727376244,2.7980484058433825,0.19785190018600649
R:A:ASP:85,84.109565,3.190951551774956,0.2256343480697808,-5.381815,0.981449555899334,0.06939896363689446,-35.615175,7.288921294977399,0.515404567521355,-111.5537,6.391851188818463,0.45197213199488306,0.47623622399999993,0.05358764711488855,0.003789218866276942,-67.96488877600001,10.253410258877205,0.7250255924339785
R:A:CYS:86,87.19772499999999,2.525275978853599,0.17856397690148762,-8.86599,0.7110260261762575,0.050277132470935536,-78.148,1.319399935576776,0.09329566415434322,0.42034,0.520367489760842,0.03679553807189127,0.0016560360000000003,0.0033550017235620014,0.00023723444696232459,0.6057310359999993,2.982312282392903,0.21088132384959515
R:A:CYS:87,84.35556000000001,2.203104592705485,0.15578301971652753,-7.9382850000000005,0.627689066158556,0.04438431951573664,-73.4421,1.4315482283178587,0.10122574598391458,-1.7058449999999998,0.8069913264558671,0.05706290392956705,0.12805412400000002,0.03958995151650257,0.0027994323184165606,1.3973841240000002,2.8195382787632233,0.19937146367285213
R:A:ALA:88,101.453125,2.442285038519255,0.17269563123274134,-3.78295,0.46247656967677836,0.03270203185583428,-81.39489999999999,1.580278307767338,0.11174255075842866,-3.1336249999999994,0.7231465303622773,0.05113418154106898,0.652673268,0.038558688827772344,0.0027265110343779792,13.794323267999998,3.0332075421464517,0.21448016217979365
R:A:LYS:89,133.604295,3.215438853092219,0.22736586175122028,-7.633134999999999,1.1048476803501015,0.07812452869537838,-206.96701000000002,14.030241552799438,0.9920878943669759,67.198395,14.091169524172754,0.996396152539177,0.7006229999999999,0.12138047487655995,0.008582895688885891,-13.096832,20.173824754451157,1.426504828634145
R:A:GLN:90,30.87897,2.886218941643201,0.20408649856249678,-5.376875,0.7862854439546748,0.05559877693686256,-75.03999,5.051864190563717,0.3572207426781093,-14.236199999999998,3.8137842060085156,0.2696752674050774,1.0141361279999999,0.05609290665118733,0.003966367466951856,-62.759958872,7.001280794436942,0.49506531267375004
R:A:GLU:91,101.80133,2.8560456563402483,0.20195292509765733,-8.086385,1.21055647814342,0.08559926947045168,-8.946905000000001,9.54165800036739,0.6746971075822654,-127.97976,8.877631611663102,0.6277433513483037,0.3889697039999999,0.07750388382663918,0.005480352182211095,-42.822750296,13.397165038106317,0.9473226247120308
R:A:PRO:92,77.76467000000001,2.4733439997501354,0.1748918314430379,-5.947935,0.8276035831090873,0.058520410575072006,-53.39850500000001,1.7071461536655261,0.12071346217334254,-6.07323,1.40545145312814,0.09938042531353948,0.5067407879999999,0.07807455313236865,0.005520704595800728,12.851740787999999,3.4202478923020796,0.24184804779857969
R:A:GLU:93,101.79945,2.957214364482223,0.20910663305476465,-6.8105199999999995,1.0760117144343737,0.07608551799127085,-4.620375000000001,11.66092649082289,0.8245520196578716,-140.86425,11.624158386201557,0.8219521220469596,0.6236440919999999,0.11938685454651167,0.00844192544343704,-49.872050908,16.763515026390305,1.185359515168317
R:A:ARG:94,-197.88237999999998,4.265060589909596,0.3015853265296572,-14.098805,1.233434893691191,0.08721701774811494,-52.299085000000005,5.982582483992594,0.4230324643439023,87.82466000000001,4.937848042862396,0.3491585835576722,0.261199692,0.042306741735637546,0.0029915383971177234,-176.19441030800002,8.937982423631535,0.6320107981876031
R:A:ASN:95,20.206960000000002,7.1630412960138665,0.506503507433068,-8.791269999999999,1.0069180587813489,0.07119985874634864,-91.63594499999999,7.369243249613559,0.5210841874014938,-1.0108399999999997,2.7350183224980418,0.1933950002507821,0.12070576800000002,0.07676238511298471,0.005427920305344477,-81.11038923199999,10.682462653603956,0.7553641782135398
R:A:GLU:96,97.57791499999999,2.8713548557736646,0.20303544897104792,-6.671475,0.8532250930293834,0.06033212491595999,-0.94048,10.051452281118387,0.7107450068751803,-147.15437999999997,9.586428102040928,0.6778628318310425,0.76502304,0.12806289676368873,0.009055414271999707,-56.42339696,14.209868704104116,1.0047894520442517
R:A:CYS:97,84.214335,2.1005960470245104,0.14853457093846872,-7.1561200000000005,0.7466852453343376,0.0527986200387851,-74.32407,2.028001174827076,0.14340133829745105,-0.7316499999999999,1.1267042102965623,0.07967001874921331,0.132621588,0.049046805422574224,0.0034681328709839365,2.1351165880000003,3.2178718650836857,0.22753790167900773
R:A:PHE:98,100.15920999999999,2.936100552757007,0.207613661110005,-15.35985,0.9859762408395041,0.06971904859864339,-75.67137,1.629268385840712,0.11520667240008278,-0.8235899999999999,0.7394945989660776,0.052290164557973993,0.0037846439999999993,0.004860309264693348,0.0003436757639728469,8.308184644,3.5769018662812297,0.2529251565286275
R:A:LEU:99,68.658705,4.085142732876661,0.28886321285320316,-9.55269,0.992132760219115,0.07015438025882631,-72.688425,2.3052015279309095,0.16300236324015366,0.10396999999999998,1.0283587015725593,0.07271594113741497,0.196778592,0.09129055563840947,0.0064552170950207145,-13.281661408,4.904337695438474,0.34678904416733497
R:A:GLN:100,29.252945,3.228866967215435,0.22831537280672756,-6.087895,0.7949831972909868,0.05621380097338197,-70.76258,3.9165965663570717,0.2769451991243033,-12.392465,3.155026831704447,0.22309408675237227,1.042580304,0.09392857678625596,0.006641753359276292,-58.947414696,6.029952381724262,0.42638202193491986
R:A:HIS:101,108.677965,2.9780752196301226,0.21058171826840766,-9.30537,1.0797727275218614,0.07635146177710024,-74.858855,2.3273481140506243,0.16456836336269187,-8.13918,1.3520544876594285,0.0956046896757685,0.459064296,0.07957686194728958,0.005626933870847419,16.833624295999996,4.157616410325438,0.2939878757313588
R:A:LYS:102,123.539755,3.3289113453162136,0.23538957862419274,-10.667240000000001,0.9178916125556437,0.06490473836323507,-186.2155,5.436566053125815,0.3844232722533848,62.62640999999999,4.882440368494017,0.34524066933010655,0.15374286,0.052729928083421466,0.003728568971926629,-10.562832140000001,8.082167444726116,0.5714955406850987
R:A:ASP:103,95.03256999999999,2.8736587732540553,0.20319836053841578,-6.673729999999999,1.2351659026624722,0.08733941856630371,-78.749155,10.774240985376881,0.7618538862898022,-82.10645499999998,9.291100458932462,0.6569800139196588,0.278650656,0.0632384227274911,0.004471631754215044,-72.218119344,14.566961426435475,1.0300397205915386
R:A:ASP:104,72.85701,3.181843721790874,0.22499032723541695,-7.315630000000001,1.1062173579816943,0.07822137952951226,-59.10197,8.523012495538183,0.6026679931732728,-69.64416,7.65249755664123,0.5411132915314499,0.10315915199999999,0.03246606910445575,0.0022956977622231724,-63.101590847999994,11.939487476945695,0.8442492558840163
R:A:ASN:105,28.013140000000003,3.0529741843651412,0.21587787485520601,-5.994249999999999,0.8755371765379241,0.061909827471088946,-85.32512500000001,3.775745660048489,0.2669855360255963,-3.12481,2.390617023678197,0.16904215086628543,0.24835788,0.08480525651846824,0.005996637196447355,-66.18268712,5.483221105582754,0.38772228265027636
R:A:PRO:106,80.024865,2.5930528777437227,0.1833565273827878,-7.705695,0.6469418845421898,0.04574569935933869,-57.44825999999999,1.41967983446973,0.10038652380673413,-0.5005999999999999,0.9247379736984958,0.06538884920229135,0.15079672800000002,0.026161078638947895,0.0018498676108754592,14.521106728,3.164454547498755,0.22376072692929772
R:A:ASN:107,19.974605,7.193158295142337,0.5086331008643411,-3.6079399999999997,0.5431723818457636,0.03840808745563881,-75.05906,8.492676458361052,0.6005229114130451,-13.749580000000002,3.0559025366657226,0.21608494063215045,1.073084148,0.05871970191439749,0.004152109941292316,-71.36889085199999,11.554397614707915,0.8170192905885636
R:A:LEU:108,81.23846499999999,3.2446289585675276,0.22942991390373443,-8.030505,0.8856307130937816,0.06262354828556907,-71.902165,2.026386512434141,0.14328716442471393,-4.49483,0.9219507964636725,0.06519176600998013,0.27164844000000005,0.042595474689276554,0.00301195490006474,-2.9173865599999997,4.033609894633962,0.285219290915683
R:A:PRO:109,96.50999,2.5718679476015094,0.18185852660653554,-3.1398400000000004,0.7474701294366217,0.05285411972590216,-71.286265,1.8039824541206047,0.12756082264502294,-2.105625,0.8291963062960424,0.058633033111676905,0.786654576,0.04401732173123921,0.003112494668582923,20.764914576000002,3.3342275069440586,0.23576548801788602
R:A:ARG:110,-192.18864500000004,4.123900779477484,0.2916038206109018,-6.017835,1.0830975569056556,0.07658656271745716,39.212465,11.528964262620256,0.8152208810156147,-7.119535,9.708778838699283,0.6865143353884716,1.191272256,0.15482194369801222,0.01094756462653463,-164.922277744,15.664642712125628,1.1076575086608462
R:A:LEU:111,78.65556,4.169402335635169,0.29482126650226576,-7.790799999999999,1.069668616908994,0.07563699326387849,-88.57069,3.647261484168636,0.25790033282161545,0.896135,1.3123920057570453,0.09280012868458212,0.16902647999999998,0.09459053453032601,0.00668856084024538,-16.64076852,5.793267063263848,0.40964584256585423
R:A:VAL:112,67.66157500000001,3.376569098119422,0.2387594906425188,-4.3463899999999995,0.8341450940334061,0.058982965248451175,-63.786185,2.9130160402536407,0.2059813395768534,-2.7025200000000003,2.53896520645715,0.17953195146825535,0.799193916,0.17890542051582714,0.012650523603777225,-2.3743260840000007,5.202021802351461,0.3678384892322984
R:A:ARG:113,-179.032675,4.492544694198936,0.3176708818051712,-7.058109999999999,1.2660902368709743,0.08952609920855481,33.83511,23.431505066851766,1.6568576126177832,-2.0235199999999995,20.96548172328983,1.4824834297380862,0.825294492,0.17324575184016355,0.012250324593794144,-153.453900508,31.786833909581272,2.247668580991541
R:A:PRO:114,83.83216499999999,2.8627229690934124,0.2024250824104439,-6.3239,1.008579684506881,0.07131735342818042,-65.729285,3.508548525213097,0.2480918454300241,-1.7998150000000002,2.401742382266466,0.16982883251637512,0.204670368,0.09925574241903677,0.007018440853620615,10.183835368,5.224992507624116,0.36946276337899164
R:A:GLU:115,103.242035,2.87266612640157,0.20312816980634418,-5.51589,0.8325037825139294,0.05886690699790502,-42.93544,14.305380674990792,1.0115431682740978,-108.75574499999999,13.89161511020137,0.9822855246056896,0.8323542359999999,0.10490966535875093,0.007418233578718422,-53.132685764,20.16375872415497,1.4257930528059386
R:A:VAL:116,44.587354999999995,2.9124419288588403,0.20594074377081142,-5.309749999999999,0.9048953461588805,0.06398576355330926,-48.717659999999995,2.0976389571134497,0.1483254731055998,-2.465855,1.3447317591159214,0.09508689457477829,0.627009012,0.1462813943430505,0.01034365659013945,-11.278900988,3.9409319356189028,0.27866596958707524
R:A:ASP:117,83.572755,5.300254564167178,0.374784594433756,-3.66145,0.9542133920145955,0.06747307601925379,-26.457344999999997,7.053069028158947,0.4987272937988004,-116.969575,5.932720319075812,0.41950667685017246,0.9339242039999999,0.06687309887098088,0.004728642169062903,-62.581690796000004,10.674766824346918,0.7548200009080892
R:A:VAL:118,53.78586,2.8023686428448342,0.19815738707401243,-4.924015000000001,0.9923063563108925,0.07016665535619465,-60.377849999999995,2.3786479767926996,0.16819581144457793,-1.032475,0.9045806151886078,0.06396350871297635,0.563250924,0.06352353931971222,0.004491792541793879,-11.985229076000001,3.913848418385375,0.2767508757176542
R:A:MET:119,78.47156000000001,3.2008464577983124,0.2263340235846127,-10.463899999999999,0.9765590509539094,0.06905315271586085,-64.059745,1.449072192809937,0.10246487739647667,-1.8319,0.7898758383442299,0.05585265615886142,0.06338527199999999,0.04691360643144392,0.003317292923759082,2.1794002720000005,3.7316217081643486,0.2638655014665939
R:A:CYS:120,94.735265,2.2160093647760153,0.1566955249006014,-5.750979999999999,0.6416959011868472,0.04537475231888324,-83.35599,1.6622696501771301,0.11754021418008388,-2.9534400000000005,1.047539830459921,0.07407225176812164,0.205986276,0.047574353173522224,0.003364014773956131,2.880841276,3.0307118866290925,0.21430369268581062
R:A:THR:121,37.232620000000004,4.7711325275661745,0.33737001641817543,-5.6922749999999995,1.0257687748098983,0.07253280565974957,-45.461535000000005,5.7590148930850145,0.4072238483854734,-5.5924000000000005,2.4879160737452537,0.17592223267682794,0.5215813199999999,0.07841543201058322,0.005544808372435607,-18.992008679999998,7.9484611770912865,0.5620410798319256
R:A:ALA:122,82.289395,2.088503212584314,0.1476794784148258,-6.393635000000001,1.0635402022373204,0.07520364890665214,-66.702725,1.8988017246081803,0.13426555755991557,-3.6230700000000002,1.125634450032514,0.07959437527551806,0.12137515199999999,0.07994103060085787,0.005652684483290791,5.691340152,3.220536431031099,0.2277263149440412
R:A:PHE:123,102.538755,2.950085526722064,0.20860254810254591,-13.125969999999997,1.0339727796707223,0.07311291640674718,-74.96052,2.1353952068879427,0.1509952431303715,-5.09608,1.781417574180742,0.12596524468280923,0.187846524,0.06727091728847336,0.004756772179131887,9.544031524,4.184494110832016,0.29588841616044914
R:A:HIS:124,105.58530000000002,2.969458688044001,0.20997243747692218,-8.354700000000001,0.8660659963305337,0.06124011389604039,-75.45190000000001,2.984833114262839,0.21105957358054142,-15.05935,2.987751329595554,0.21126592256561397,0.8277703559999999,0.0658957126353427,0.004659530525557089,7.547120356000001,5.23526352559675,0.3701890340248054
R:A:ASP:125,93.39477500000001,3.114692251952831,0.22024200126650453,-5.239310000000001,0.7761860626808498,0.054884642838411546,-16.632440000000003,6.820048784752203,0.48225027437213547,-137.672065,6.160442452517109,0.43560906332843335,0.774143172,0.061592623167097016,0.004355256151252195,-65.374896828,9.73507487987014,0.6883737462914991
R:A:ASN:126,26.731080000000002,7.132534652814524,0.5043463620053187,-6.03161,0.9094285226998327,0.06430630754055157,-95.41099,9.019904931865966,0.6378035942980408,-5.042945,3.8182470195071194,0.2699908359738808,0.5268276000000001,0.06609667637300985,0.0046737408077247924,-79.2276374,12.150809638209406,0.8591919892084731
R:A:GLU:127,101.355485,3.151133167572421,0.22281876312123042,-7.319275,1.3046520836510398,0.0922528335438809,-46.09062,13.178550457679327,0.9318642394834131,-105.5492,12.4243115608069,0.8785314956220978,0.534130848,0.11301680264194744,0.007991494753614275,-57.06947915200001,18.4304704232537,1.3032310616740788
R:A:GLU:128,104.36885000000001,3.1589237419570613,0.22336963991890216,-4.940015,1.0204417253204614,0.07215612637797986,-35.97508,14.804528078044232,1.0468382196251722,-117.82469499999999,14.27534876183328,1.0094195913295296,0.867972132,0.13078933559729775,0.009248202610773235,-53.502967868000006,20.83259081963057,1.4730866238245393
R:A:THR:129,40.05942,4.111135808216508,0.29070120083687306,-5.77721,0.8762194850036148,0.06195807396538404,-53.101085000000005,4.274881006270818,0.30227973482996673,-0.9047549999999999,1.8422148449556583,0.13026426092706703,0.46923202799999997,0.10624320518476471,0.0075125290841140885,-19.254397972,6.272866090623802,0.44355861501552385
R:A:PHE:130,89.271165,3.3462329966359183,0.23661440433514394,-12.708104999999998,0.9096496765101387,0.06432194547644683,-66.89428,2.0663606465474507,0.1461137625550721,0.514995,1.112772211629586,0.07868487767592322,0.234821556,0.07784720111040899,0.005504628380156313,10.418596556,4.187947743829395,0.2961326248916667
R:A:LEU:131,80.34323499999999,4.904457991437484,0.3467975503789999,-9.461559999999999,1.0219365667202638,0.07226182762703971,-79.22933,3.5083266867696343,0.2480761590832541,1.029965,0.9195025904123382,0.06501865169991608,0.219650724,0.07131841645605308,0.00504297358995614,-7.098039276000001,6.185223521229914,0.43736134950162076
R:A:LYS:132,143.11157,3.1911038427321667,0.2256451166666365,-10.056035000000001,1.0616390270591036,0.07506921552057808,-183.31749499999998,18.370506843034434,1.2989909962543522,45.638215,16.025748614301143,1.1331915518763256,0.301360392,0.11914417381624305,0.008424765324433415,-4.322384608000001,24.60944040021592,1.740150218819886
R:A:LYS:133,128.8152,3.302915003447712,0.2335513596620666,-8.939079999999999,1.1163828436517644,0.07894018791464838,-158.025045,14.841090282825416,1.0494235579187627,21.425970000000003,13.665255498493249,0.966279482963133,0.6734572919999999,0.10383271685551686,0.00734208181975587,-16.049497708,20.473483045851395,1.4476938696229333
R:A:TYR:134,84.75186,3.212510955685599,0.22715882814013635,-15.325210000000002,0.8359619045746043,0.059111433153832424,-80.104795,1.4639023440704644,0.10351352744871078,-4.394115,0.8075103415901248,0.05709960384166426,0.11972746799999999,0.056136449225409474,0.0039694463919021355,-14.952532532,3.7171619916250145,0.26284304510469403
R:A:LEU:135,70.343885,4.4197769402736835,0.3125254245799452,-11.091590000000002,0.9367399222302849,0.06623751512171935,-74.31253000000001,3.179391378723293,0.2248169203941287,-0.414275,0.6010044753369147,0.04249743400341955,0.059193647999999995,0.028566496967533415,0.0020199563720487822,-15.415316352,5.557199100886975,0.39295331686409646
R:A:TYR:136,88.66808999999999,3.4694349340922943,0.24532609687821638,-16.53906,1.02448472726537,0.07244200978713938,-89.74981,2.0163905509350117,0.14258034320866253,-3.5785500000000003,1.0149621507721358,0.07176866194586602,0.018208584,0.034797781726974265,0.002460574742939283,-21.181121416,4.264239395872741,0.3015272593424442
R:A:GLU:137,101.91356999999999,2.6891353322397147,0.19015058289550416,-9.153105,1.3111092875786519,0.0927094268123528,-108.39179,6.910403633356014,0.4886393269882194,-46.11871,6.459852894292562,0.45678057870218164,0.1561716,0.06303191537057398,0.004457029478970944,-61.593863400000004,9.921582898571693,0.7015618547684526
R:A:ILE:138,76.012815,3.1281226623607647,0.22119167469386136,-10.712945,1.2009886727088646,0.08492272346006692,-62.88629000000001,1.6017002016295059,0.1132573074000084,0.808145,0.5384999015552371,0.03807769320579964,0.014577084,0.021457153673517464,0.0015172498867506037,3.236302084,3.7527871338604815,0.26536212307023743
R:A:ALA:139,97.85459999999999,2.350751333084808,0.1662232208507584,-8.701905,0.634805344948355,0.04488751641464473,-78.18032,1.3270865637176803,0.0938391908426325,-0.331505,0.6929498250053896,0.04899895202833424,9.576000000000001e-06,9.527999697732994e-05,6.737313197410375e-06,10.640879576,2.858382037556961,0.20211813219783478
R:A:ARG:140,-173.14995,4.024914052187946,0.28460440199951226,-14.31846,1.2038850063025124,0.0851275251725316,-23.674899999999997,8.322042049280935,0.5884572366366141,44.36819499999999,6.916976725924051,0.48910411482104194,0.16498418399999998,0.03380098697557431,0.0023900907101226765,-166.610130816,11.608245588356388,0.8208269173205626
R:A:ARG:141,-188.40205999999998,3.855484735594217,0.27262394012998936,-12.610085,1.2691200525462516,0.0897403395295282,1.7975700000000001,6.75034683591147,0.4773216023034155,21.761180000000003,5.766085592288758,0.40772382232094306,0.19058436,0.02911817007533269,0.002058965551601095,-177.26281064000003,9.761721240882856,0.6902579285481026
R:A:HIS:142,116.61198,2.8081572391160727,0.1985667026417068,-12.589745,0.9593143905805854,0.06783377108693722,-80.42965,1.8345224957737638,0.1297203297000898,-7.773715000000001,0.8195752276484447,0.057952720116272366,0.077180976,0.025977915540478298,0.00183691602397636,15.896050976000001,3.583836264807006,0.25341549255073015
R:A:PRO:143,78.238115,2.398088249371778,0.16957044630145604,-9.979385,0.9282315695854133,0.06563588373652784,-58.475339999999996,1.2725389087961125,0.08998208917334606,-0.43059,0.6053042556433913,0.04280147438465175,0.00233064,0.00326855282765936,0.0002311215869104398,9.35513064,2.93226879707294,0.20734271506719965
R:A:TYR:144,82.92664,3.056602612444084,0.21613444346517285,-13.6382,0.7594325776525525,0.05369999255120991,-78.01742,1.7249932039286417,0.12197543919986516,-5.123435000000001,1.1044815506720789,0.07809863941756603,0.207320148,0.06505597462474062,0.004600152081385405,-13.645094852000001,3.75756180250031,0.26569974312755157
R:A:PHE:145,103.05862,3.2922996272514444,0.2328007392127439,-14.15511,0.950642981302655,0.06722060985665036,-75.55657500000001,1.712945788510249,0.12112355828605348,-4.450885,0.7185008363077945,0.0508056813641447,0.033715115999999996,0.01884113794379055,0.0013322696405325461,8.929765116,3.8979149077588926,0.27562420637644486
R:A:TYR:146,82.38869500000001,3.1230388025087037,0.22083219151626193,-13.728474999999998,1.1289950838577643,0.07983200797220999,-81.84066000000001,2.0448684809542153,0.144594036951736,-0.164055,0.9183968706256572,0.06494046550399066,0.09301748400000001,0.040265317076284696,0.00284718787512674,-13.251477516,4.006814504501581,0.28332457070896844
R:A:ALA:147,95.91596,2.3506955095035167,0.1662192735274703,-6.3988949999999996,0.7408260821373664,0.0523843146359194,-70.98878500000001,1.190640134035049,0.0841909712729043,1.2248400000000002,0.6066530510926323,0.04289684862551094,0.004228956,0.004001461903812655,0.0002829460846845561,19.757348955999998,2.803615616886054,0.19824556145406344
R:A:PRO:148,82.666185,2.536040378380242,0.1793251348915567,-9.02198,0.7952798058545181,0.05623477436604507,-61.538615,1.3230168505257218,0.09355141866308068,-1.569205,0.9902807647202888,0.07002342440123162,0.077669928,0.04573650068091804,0.003234058977922029,10.614054928,3.1300306991496964,0.22132659326908208
R:A:GLU:149,92.50356000000002,2.842611845891028,0.2010030112510755,-8.757225,0.9853383197536772,0.06967394076607838,-57.610495,13.14102549955577,0.9292108242481223,-78.65646,11.338789543350737,0.8017734976550422,0.24936523199999996,0.07579712711300195,0.005359666257606239,-52.271254768,17.61566854830178,1.2456158685638774
R:A:LEU:150,72.025015,3.8447204273880566,0.2718627885972536,-12.828365000000002,1.0411511954442545,0.07362050705391128,-74.18583000000001,2.1937878682999417,0.15512422781596694,1.8976549999999996,0.5132214005426897,0.03629023325737932,0.0006015959999999999,0.0014507513496061272,0.00010258361171220283,-13.090923404,4.576240214226574,0.32358904878181893
R:A:LEU:151,69.72019,4.189632779122771,0.2962517748799152,-9.539439999999999,0.852146669535239,0.060255868859389945,-76.446185,3.016433518374804,0.213294059584122,1.3733449999999998,0.9548713871380794,0.0675196033006341,0.28890072,0.0922226773386763,0.006521128052535696,-14.603189280000002,5.319617686381749,0.3761537739360427
R:A:PHE:152,98.83229,3.4299932195122484,0.2425371464940989,-10.47386,0.9339391684686963,0.06603947192399405,-81.37922499999999,1.589021225275169,0.11236076838414286,0.32539,0.7191081684280884,0.050848626230213925,0.545311008,0.12425212780866464,0.008785952215036436,7.8499060080000005,3.9616460543365024,0.280130678968227
R:A:PHE:153,94.07518,3.1977818277049486,0.2261173215125281,-14.08367,0.9667202031094623,0.06835744111287373,-74.26687,1.4324422861323254,0.1012889654182528,0.5887399999999999,0.6218250175089451,0.04396966865920188,0.028939176,0.019737825896066263,0.0013956750536987899,6.342319176,3.6877233364192477,0.260761417832193
R:A:ALA:154,100.39305,2.0206917893384926,0.14288448669292267,-7.200605,0.700914937046572,0.049562170502057315,-83.92671,1.4298851058389275,0.10110814546563499,0.838785,0.5341808202987075,0.03777228804130086,0.038072879999999996,0.0380499463915102,0.0026905375117221467,10.14259288,2.627897528361865,0.1858204162568042
R:A:LYS:155,145.35371,3.4414348193595057,0.24334618977806077,-7.58246,0.928339204385983,0.06564349466626529,-164.01746,12.120326428706447,0.8570365007932859,22.933585000000004,11.029531899984468,0.7799056799792362,0.848328516,0.123696884404726,0.008746690577423024,-2.4642964839999992,16.771209702483787,1.1859036109327905
R:A:ARG:156,-188.24885999999998,3.489879944983781,0.2467717774624967,-10.203885,1.1839931637365986,0.08372095949566631,-8.211269999999999,8.54824860817115,0.6044524558106287,27.001020000000004,6.946283884898457,0.4911764439058534,0.502227936,0.07718250353923942,0.005457627164155089,-179.160767064,11.61509677349817,0.8213113692678544
R:A:TYR:157,96.30561,3.5246165958725215,0.2492280296024105,-14.830639999999999,0.8918829017309391,0.06306564478382821,-89.42197,1.686916488478312,0.11928300882984129,-3.0829750000000002,1.051414292453265,0.07434621760301595,0.12005287199999999,0.06212329088793361,0.004392780025648232,-10.909922128,4.144079610124032,0.2930306794095607
R:A:LYS:158,119.585415,3.0522795698911653,0.21582875819472017,-8.87232,1.0790014168665396,0.0762969218776223,-160.610995,13.671306279393166,0.9667073377837136,34.669845,11.964512066982715,0.8460187616151754,0.534085884,0.11505459802371804,0.008135588646926336,-14.693969115999998,18.453944201087513,1.3048909084227145
R:A:ALA:159,81.70788999999999,2.1786911524812327,0.1540567288030614,-5.283380000000001,0.6886912701639247,0.04869782672768878,-71.96556,2.102035633951051,0.14863636510625516,-4.22797,1.1187083753597271,0.07910462783870487,0.355601196,0.04151605330984129,0.0029356282823490986,0.5865811960000008,3.3004206734418604,0.23337498389590114
R:A:ALA:160,93.86784,2.1200741058746035,0.14991187768819386,-7.277455,0.6477151287217244,0.045800375979624885,-79.7499,1.4090724502310024,0.09963646847414857,-2.34545,0.7963508068056439,0.0563105055695649,0.027574812,0.021729160489918978,0.0015364836731912512,4.522609812,2.744882699914624,0.194092517067127
R:A:PHE:161,111.848235,3.3409169519422357,0.23623850320994458,-14.15623,1.037421884818322,0.0733568049706365,-90.845575,1.696380754540383,0.1199522335009857,-0.942705,0.7911368895298715,0.05594182594334046,0.012835763999999998,0.019892357055600624,0.0014066020567799265,5.916560763999999,3.96761530331435,0.28055276861130973
R:A:THR:162,38.939949999999996,4.142091912005334,0.29289012792769237,-5.9574,0.7168281593241158,0.05068740524035532,-49.935190000000006,4.255691247482599,0.3009228139731184,-6.173415,2.069909109785983,0.14636467679694784,0.5922837,0.09841162761942107,0.006958752923729797,-22.533771299999998,6.3305516807483455,0.4476376022109051
R:A:GLU:163,84.821175,3.3434156583313124,0.2364151884331356,-6.038924999999999,1.0789167944633173,0.07629093817010642,-44.914539999999995,14.091217458346174,0.9963995419970846,-89.32253,13.593403266257496,0.9611987628974039,0.7983085679999999,0.09811421046389852,0.006937722354978676,-54.65651143200001,19.892087319573704,1.4065829835625498
R:A:CYS:164,83.53251,2.100695434826286,0.148541598717329,-7.667775000000001,0.7339599201421014,0.051898803665161676,-73.78274499999999,1.7450416642518884,0.12339307942455688,0.06657,0.7225499671995009,0.051091998155288455,0.005943672,0.01083492185974666,0.0007661446720653222,2.154503672,2.9187299866348897,0.20638537660020517
R:A:CYS:165,87.970345,2.2902727230561433,0.16194673732395787,-6.582045000000001,0.8083615546121673,0.057159793691676314,-79.583895,2.6946251230876257,0.19053876972908954,-0.107215,1.5384515002998957,0.10878494883886741,0.113890212,0.04897276231545711,0.003462897232669673,1.8110802120000002,3.9406894641862875,0.27864882426765064
R:A:GLN:166,27.758654999999997,3.3377899508469673,0.23601739084202036,-4.27869,0.965066445329025,0.06824050277877501,-66.608375,2.953893753061372,0.2088718303694277,-14.023505,2.466495694294843,0.1744075831203305,1.1765016719999999,0.139550304115726,0.009867696635687482,-55.975413327999995,5.18659412346906,0.366747587596727
R:A:ALA:167,88.0074,2.4880662330412346,0.17593285054247257,-4.694295,0.639329373621297,0.045207413549936695,-75.09724,3.0296091831125675,0.21422571977239332,-2.2168550000000002,1.9527871348344652,0.13808290252552993,0.25946283600000003,0.052440655427653686,0.003708114306276105,6.258472836000001,4.426496927220405,0.31300059941389635
R:A:ALA:168,89.006745,2.395068915495962,0.1693569471556305,-2.189365,0.35519172537518384,0.025115847763414238,-72.78417,2.167172365341529,0.15324222755330852,-6.323185,1.6321321364322803,0.11540917014637526,0.874268064,0.06583076020547768,0.004654937695195879,8.584293064,3.6369412055481773,0.25717057892198936
R:A:ASP:169,116.30158000000002,8.528029970256906,0.6030227822130769,-4.89351,0.73116261522318,0.0517010043374401,-78.88562,14.908111625071768,1.0541626824774248,-88.63605,7.797118327786234,0.551339524329156,0.673087536,0.06963521292419163,0.004923953126806501,-55.440512464,18.87627053868107,1.3347538901413227
R:A:LYS:170,119.42298,3.435751540725842,0.24294432129193716,-8.780854999999999,0.9437863921327749,0.06673577578686712,-141.717525,7.098153106222421,0.501915219531023,17.48842,6.441581911580416,0.45548862512471155,0.700281432,0.07765819357683114,0.0054912635292874885,-12.886698568000002,10.22638290118161,0.7231144696435676
R:A:ALA:171,82.31823,2.388292353774973,0.16887777188102646,-5.451145,0.5807882264431675,0.041067929335127186,-76.004645,2.156259566697618,0.15247057616102525,0.05495000000000001,1.353454645527511,0.09570369578809379,0.23616259199999998,0.055810993020041624,0.00394643316292265,1.1535525919999998,3.539161623109615,0.2502565183415997
R:A:ALA:172,90.292095,2.1326380321036664,0.15080028143168364,-4.27686,0.4253776326982885,0.030078740864604023,-79.00157499999999,2.085415285830379,0.14746112902007433,-1.6358249999999999,1.3205884841141846,0.09337970722740031,0.5084841959999999,0.04988749423967478,0.003527578547327886,5.886319196,3.2900593804985516,0.23264232984569375
R:A:CYS:173,87.834805,2.3057803921828723,0.1630432951239486,-6.755885000000001,0.5984949555134111,0.04231998415494741,-73.64497000000001,2.131720476305466,0.15073540043898118,-0.84383,1.5894604087865793,0.11239182334805321,0.28203083999999995,0.05163552125871491,0.0036511827232139442,6.87215084,3.5704484642696723,0.25246883209621795
R:A:LEU:174,75.04564,3.2377659613381566,0.22894462671571916,-11.906139999999999,0.967964570839243,0.0684454311988755,-76.408365,1.9955056356159449,0.14110355668400063,0.21422999999999998,0.6494144494080802,0.04592053609769816,0.0007232040000000001,0.002465911359312009,0.00017436626439744585,-13.053911796,3.9779230485762076,0.28128163626865005
R:A:LEU:175,78.14216,3.1439496838212913,0.2223108141139337,-7.5567150000000005,1.1245352212247512,0.0795166480611136,-71.34241,1.691252631010518,0.11958962040871271,-0.37045,0.9702276524094744,0.06860545523134438,0.404558316,0.12583653205572118,0.00889798651375988,-0.7228566839999999,3.868657528184009,0.27355539722673
R:A:PRO:176,94.351325,2.5464021578248395,0.18005782334260012,-6.4159749999999995,0.6163754329749037,0.04358432484133487,-65.29663000000001,1.5825919540740756,0.1119061502577048,-2.552285,1.093465469859474,0.07731968487309683,0.5764400279999999,0.05584738631992741,0.00394900655783655,20.662875028,3.2507638458035926,0.22986371594037805
R:A:LYS:177,123.159155,3.4207405997787967,0.2418828874783725,-8.853240000000001,1.042421264364844,0.0737103144885436,-150.00511500000002,12.994408695349511,0.9188434505991077,25.112015,12.290695497195227,0.869083413156571,0.642631968,0.11259549890143465,0.00796170408042869,-9.944553032,18.240521901423154,1.289799672887805
R:A:LEU:178,63.571765000000006,2.840648401294148,0.2008641747521817,-10.493545,0.9230652349509215,0.06527056871113503,-74.55930000000001,1.613887427920548,0.11411907443543348,-0.20782000000000003,0.8405856991407837,0.05943838480308832,0.0754659,0.0356023996307159,0.002517469820539265,-21.6134341,3.497687414022223,0.24732384889259534
R:A:ASP:179,105.52361,3.320891497459681,0.23482248974384887,-7.103870000000001,1.227250244693396,0.086779697023555,-127.58444,9.76312239482841,0.6903570050937413,-41.991764999999994,8.691870363148256,0.6146080474976511,0.215421804,0.05846358976347573,0.004134000077426211,-70.94104319600001,13.542712091693565,0.9576143555693573
R:A:GLU:180,98.88156,2.7123440169712985,0.19179168473111652,-7.519254999999999,0.8840836215963962,0.06251415239667733,-78.86268,13.895145448954466,0.9825351572529096,-66.23115,13.000167574593029,0.9192506648556202,0.604521792,0.12773493528282362,0.009032223893290937,-53.127003208000005,19.241469646187802,1.3605773666814514
R:A:LEU:181,83.399405,3.986660420825305,0.28189946178535885,-10.944659999999999,0.8369217313464862,0.05917930315574863,-79.200025,2.824119054568167,0.19969537343632923,-1.6167000000000002,0.9087867186529521,0.06426092514117736,0.060954011999999995,0.0277615338462675,0.0019630368838835606,-8.301025988,5.0394654213032855,0.35634401729586745
R:A:ARG:182,-193.78090500000002,3.9950252347106643,0.28249094344752895,-10.14268,1.461180138655053,0.10332103845780877,25.231444999999997,11.903115873458303,0.84167739513716,3.6744600000000003,8.926639230886392,0.6312087133365635,0.459281268,0.14341532960252254,0.01014099520880475,-174.558398732,15.475299591145724,1.0942689281792548
R:A:ASP:183,91.895455,8.192650832177275,0.5793078959326162,-5.9735249999999995,0.9989220537033908,0.07063445580504603,-107.43510999999998,9.653062815391808,0.6825746175983253,-50.886320000000005,9.44336579655792,0.6677467991971208,0.292669596,0.06915046535740438,0.004889676297642607,-72.10683040400001,15.826589462032214,1.1191088731658532
R:A:GLU:184,99.12333000000001,2.8802663559296033,0.20366558719012887,-7.14607,1.3171031072395205,0.09313325386509375,-98.20272000000001,6.800146716917217,0.4808429856595602,-53.98829,6.482118425013539,0.45835498947813363,0.167332176,0.06055299086239939,0.004281743045992966,-60.046417824,9.914343961574179,0.7010499846245002
R:A:GLY:185,88.55078000000002,2.0660178826912414,0.14608952549036497,-5.934735000000001,0.5698241876008775,0.040292654713669586,-77.85573500000001,1.649131239403037,0.11661118824484633,-2.4647300000000003,0.5792375049148665,0.04095827676428782,0.005062175999999999,0.0077040390736953035,0.0005447578271536077,2.3006421759999993,2.7655630132882614,0.19555483604948315
R:A:LYS:186,118.47612,3.5565638804329094,0.2514870437577251,-8.151085,1.2485503825537039,0.0882858442156782,-154.679455,7.994484384122282,0.5652954120102825,29.35589,6.982125934692098,0.49371085955192434,0.3239390519999999,0.08178128864542362,0.005782810377535344,-14.674590948,11.263950284355063,0.7964815629015606
R:A:ALA:187,92.73911499999998,2.240392405757304,0.1584196662629833,-7.632535000000001,0.5943123158533735,0.04202422686826017,-84.67220000000002,1.2323033514520685,0.08713700562906669,-0.62748,0.6458215230231956,0.04566647783659256,0.01507932,0.015340009009801786,0.0010847024394293578,-0.17802068000000015,2.7034159069640804,0.1911603720181882
R:A:SER:188,88.488495,2.5683633640851915,0.18161071512957325,-7.73129,0.9007336709038916,0.06369148867391937,-82.009535,2.1012781892874153,0.1485828056804521,-2.509645,0.9750273990893794,0.06894484857387824,0.05843991600000001,0.030226432075614613,0.002137331509174166,-3.7035350840000008,3.5741815301997493,0.25273279971959534
R:A:SER:189,61.208459999999995,4.408612933610751,0.31173601009828805,-8.699935,0.8662820849902185,0.06125539367170046,-53.696135000000005,4.444294643334867,0.31425908798931335,-2.501345,0.9332483785011362,0.06599062569695031,0.037792547999999995,0.0192139689340567,0.0013586327726779154,-3.651162452,6.3882226979440215,0.4517155589446039
R:A:ALA:190,95.9946,2.0819834101164205,0.14721845876112138,-7.775,0.7152178758951708,0.050573541007131385,-78.23496999999999,1.256098518867051,0.08881957805292702,0.60265,0.5989173878758238,0.042349854633752876,0.03127356,0.009727917808452126,0.0006878676649181876,10.61855356,2.604375489245913,0.18415715692018172
R:A:LYS:191,127.47478500000001,3.0996071797527827,0.21917532558177025,-9.782925,1.1165749009246984,0.07895376841465516,-164.88027000000002,8.86351701736393,0.6267452988140397,34.862685,7.618587055076223,0.5387154569704447,0.19809500399999996,0.061941816529798216,0.00437994785072333,-12.127629996000001,12.143432117801787,0.8586703197376161
R:A:GLN:192,39.902895,2.8894405018921914,0.20431429727230296,-11.163785,1.066978279429811,0.07544675767635743,-88.275845,2.091966847484682,0.14792439438738628,2.193525,1.3949183593941976,0.09863562311292508,0.039067812,0.018010112062012716,0.0012735072368978825,-57.30414218799999,3.9761483809380755,0.28115614831652247
R:A:ARG:193,-190.063545,3.824250562917523,0.2704153505995452,-11.728620000000001,1.3956307160563644,0.09868599433556922,-26.081355,11.463476433829966,0.810590192233335,52.360085,8.177486130087596,0.5782355895643877,0.172785096,0.09917104831953519,0.00701245207641221,-175.34064990400003,14.658276969587858,1.036496704570617
R:A:LEU:194,81.855365,2.9872344755266536,0.21122937546391363,-10.151879999999998,1.0210832608558422,0.07220148979072384,-85.402505,1.6481400607882208,0.11654110133285596,-1.8426649999999998,0.6019399079434757,0.042563579077363786,0.187042176,0.0361800594222318,0.0025583165361192347,-15.354642824,3.61195060138214,0.2554034763548139
R:A:LYS:195,125.05229500000002,3.651085027491827,0.2581706981628143,-12.177750000000001,0.8860659160017386,0.06265432177830992,-141.267785,5.563616863945161,0.39340712124194566,18.250535,5.208900415517175,0.36832488063376195,0.17694349199999998,0.038870357064039636,0.0027485493067124847,-9.965761507999998,8.497265544731627,0.6008474088222536
R:A:CYS:196,81.92479999999999,2.2148735404081195,0.1566152099893238,-8.330025000000001,0.68249419365662,0.048259627245504075,-76.412575,1.584160829706062,0.1120170865175264,-2.894445,0.6053144447103505,0.04280219486048583,0.030338064,0.02437272873715834,0.0017234121766064902,-5.681906936000001,2.8719380678613344,0.20307668829325407
R:A:ALA:197,98.43403500000001,2.128039086524258,0.1504750868711329,-6.474600000000001,0.6931791831842615,0.04901517010069433,-85.22774,1.2894996558355496,0.09118139509790363,-2.033365,0.7058231235762966,0.049909231699906985,0.064540152,0.0277627449098697,0.001963122519012117,4.762870152,2.6778375880465437,0.18935171174239396
R:A:SER:198,79.15574,2.8343384417532076,0.20041799323414053,-8.34666,0.7723095845579026,0.05461053444162582,-71.019685,1.7551460924307698,0.12410757039308683,-1.8422800000000001,0.7269637347213408,0.05140409864981585,0.055759211999999996,0.01437809543492656,0.0010166848782583913,-1.9971257880000002,3.498450700496341,0.247377821396779
R:A:LEU:199,62.789105,3.1541249299885066,0.22303031267044174,-11.41267,1.064943506060298,0.07530287747158139,-60.823995,2.395774919514561,0.1694068691785401,-3.5093599999999996,1.4986875726448123,0.10597321454971534,0.09666626399999999,0.04775614399034227,0.0033768693258892203,-12.860253735999999,4.367000263308766,0.3087935499629067
R:A:GLN:200,40.527319999999996,3.3526969424032345,0.23707147432367306,-6.8041599999999995,0.8822653480671221,0.06238558104241717,-78.02917,3.5999053377970927,0.25455174759859733,-7.515864999999999,3.569491708461444,0.25240117924422417,0.63246816,0.11740494132426282,0.008301783015519495,-51.18940683999999,6.142747133825578,0.4343578153442295
R:A:LYS:201,123.992305,3.7684521068968087,0.26646980393634656,-6.173335,0.7779322417633814,0.05500811634545397,-152.52976,9.465186163113751,0.6692897321130812,26.02797,8.643786754605877,0.6112080229312276,1.008983808,0.141562572598319,0.01000998550464843,-7.673836192000001,13.383992243654756,0.9463911674836433
R:A:PHE:202,95.02623,3.054640777096384,0.21599572075737983,-10.421795000000001,0.8783176890937584,0.062106439399429426,-75.73792,1.5994111365124353,0.11309544605332258,-4.87221,0.9397823183588846,0.06645264501507821,0.430456788,0.051236589377169274,0.0036229739793467016,4.424761788,3.680516841106152,0.2602518416617451
R:A:GLY:203,80.17179,1.8991990090298596,0.1342936498107785,-3.4727100000000006,0.6881631898757736,0.04866048581241252,-79.145015,2.1455886662580506,0.15171602955480676,-0.19989000000000004,1.5502626835152808,0.10962012561341096,0.249706368,0.043034509750410496,0.003042999366955386,-2.396118631999999,3.330051431059956,0.23547019486024615
R:A:GLU:204,103.24342,2.8642629285035963,0.20253397398461323,-6.681480000000001,1.0795034643760992,0.07633242199747103,-37.3661,11.09198414261398,0.7843217204055998,-109.32342499999999,10.38007068975809,0.7339818373923669,0.5878764,0.07290762353738325,0.005155347500347964,-49.5397086,15.496858556467012,1.0957933772366597
R:A:ARG:205,-199.0522,3.9020221398654313,0.27591463154388896,-5.8898,1.3511026015813898,0.0955373811656987,-20.748359999999998,17.46916687711237,1.2352566360485582,49.98826,13.857210567152395,0.9798527560363343,0.9506007,0.22266682129301527,0.015744921928154423,-174.7514993,22.67807116172151,1.6035817902684364
R:A:ALA:206,86.54657500000002,2.262664229260497,0.15999452200583303,-6.21944,0.5669086843575427,0.04008649750227625,-79.817555,1.4308417407159324,0.10117578976649995,-0.40748000000000006,0.6196039134802168,0.04381261288715842,0.171036036,0.032932957800651676,0.002328711778537121,0.27313603600000036,2.8059466400948354,0.1984103896858667
R:A:PHE:207,112.853865,3.2035575813109713,0.22652572896665624,-14.660185000000002,1.0031549186317137,0.0709337645545124,-86.17659500000002,1.531277933941125,0.10827770109710957,-0.306795,0.6031765354976932,0.042651021850302714,0.0070526519999999995,0.005190376172619476,0.00036701501885683097,11.717342652000003,3.7386845215268987,0.26436491778888527
R:A:LYS:208,120.65069,3.187093918274138,0.2253615721890047,-9.95861,0.9726193849086086,0.06877457625823659,-173.72802,11.383960932803662,0.8049675972348204,48.476525,10.729172199632877,0.7586670418878594,0.581239764,0.11216079854996175,0.007930966123797624,-13.978175236000002,15.994556535443751,1.1309859388283887
R:A:ALA:209,89.61907500000001,1.9957797847896444,0.1411229419579786,-6.502985,0.5810186785078428,0.04108422475689422,-79.57982,1.3275331625236337,0.09387077014704845,-1.9496300000000002,0.49270023655362705,0.034839167835928574,0.20231002799999998,0.03723853512976062,0.0026331620711707204,1.7889500280000001,2.5153934450396838,0.17786517623397516
R:A:TRP:210,117.49587500000001,3.2836710141813845,0.23219060413133646,-15.589665,0.7425417380693156,0.05250562983028582,-84.96252499999999,1.5813235277371296,0.11181645897127579,-4.99115,0.8148090865349994,0.05761570304613144,0.35213904,0.06171719193871348,0.004364064493565602,12.30467404,3.808171545611595,0.26927839238236145
R:A:ALA:211,99.483195,2.079658141852886,0.14705403746539908,-7.433350000000001,0.78744267569138,0.05568060557770541,-87.172935,1.3321264882791721,0.09419556732604245,-0.13349000000000003,0.5199590559842189,0.03676665744257968,0.000206748,0.0007813782800257506,5.525178804780893e-05,4.7436267480000005,2.6438538094421964,0.18694869571224632
R:A:VAL:212,49.23478,2.9446592657895074,0.20821885351235608,-8.936785,1.0765071150600911,0.07612054810545574,-55.38341500000001,1.9487650891718582,0.1377985009493028,-1.02505,0.4503759845950936,0.031846391279075875,0.07273386,0.022438437616759326,0.0015866371398041833,-16.037736139999996,3.718993566024643,0.26297255697251654
R:A:ALA:213,95.35484000000001,2.4743147444090456,0.1749604734561495,-8.323820000000001,0.5023782216617277,0.035523504725744615,-74.80732,1.3958298992355767,0.09870007871324116,-2.3672199999999997,0.5889172026694415,0.04164273475649744,6.3324e-05,0.0004363219589064937,3.085262159233798e-05,9.856543324000002,2.944449371542471,0.20820401174781494
R:A:ARG:214,-188.48642,4.545123242949525,0.3213887466418201,-12.66798,1.0591570089462656,0.07489371033671652,-2.9473849999999997,9.779409979481125,0.6915087112494499,35.79295,9.329803148914772,0.659716707373324,0.270618336,0.10500108057566218,0.00742469761069658,-168.038216664,14.299408044894623,1.0111208395498459
R:A:LEU:215,70.92277,2.9600399502540506,0.209306432140773,-11.051480000000002,0.9638382019820546,0.068153652858816,-79.33379000000001,1.6410033229399623,0.11603645776005053,-1.45774,0.5493222664338303,0.03884294996521248,0.065371932,0.03554601633999759,0.0025134829198180117,-20.854868068000002,3.561843759105338,0.2518603875590368
R:A:SER:216,79.62857,2.4482227686834386,0.17311549215913638,-8.67227,0.7790682814105577,0.05508844647927549,-72.48166,1.8645359836699318,0.13184260378193385,-3.3238300000000005,0.7710190795953107,0.05451928196060546,0.000894672,0.0021042507492254814,0.0001487929974094211,-4.848295328000001,3.266758545649069,0.23099471201275604
R:A:GLN:217,39.073229999999995,3.2259454439125284,0.22810878991283962,-11.983290000000002,1.373784756029852,0.09714125168794151,-78.4752,3.2377914108231245,0.228946426266059,-2.47613,1.837817072806758,0.12995329147620693,0.058073976,0.06524408298070426,0.00461345335079538,-53.803316024,5.1145997073538405,0.3616568136124632
R:A:ARG:218,-192.62864500000003,4.320888885284486,0.3055329831538242,-13.675609999999999,1.3898268733550951,0.09827560068246848,-20.160395,10.577646656462628,0.7479525679779935,54.20449500000001,8.309179466107048,0.587547714658031,0.202828824,0.07148485511604975,0.005054742580469665,-172.05732617599998,14.196333391771834,1.0038323609306883
R:A:PHE:219,104.293115,2.924698247986448,0.2068073964075632,-12.332115000000002,0.9744838745587328,0.06890641558574208,-74.171465,1.3520926221139586,0.09560738618890802,-2.5218399999999996,0.5913791207000801,0.041816818649916446,0.035689320000000004,0.015691259747974348,0.0011095396173152177,15.30338432,3.4178368308562477,0.24167756000875917
R:A:PRO:220,91.725975,2.502783990754096,0.17697355317073507,-9.152925,0.9105116635029998,0.0643828971612415,-63.39221,2.3517569423518236,0.16629432816395148,-1.431165,1.12966741024737,0.07987954862713609,0.041677812,0.047086070406028316,0.003329487968352983,17.791352812,3.7285500486719068,0.2636483023409337
R:A:LYS:221,116.397965,3.7478139820133816,0.26501046813074197,-6.831315,1.2235918787630948,0.08652101148781723,-191.33218,12.262388782680151,0.8670818261778989,68.640185,11.859928328230952,0.838623574527854,0.8598261600000001,0.2138776093630074,0.015123430792454996,-12.26551884,17.510371468638578,1.2381702406569783
R:A:ALA:222,90.4929,2.4348434467127453,0.17216943122982084,-6.167495,0.7820959979280038,0.05530253836737515,-85.67545,3.2693095154022975,0.231175092813867,-0.21856,1.6739502251859222,0.11836615555977138,0.031358951999999995,0.03004115732666929,0.002124230606037979,-1.537246048,4.475660096009139,0.31647696041740964
R:A:GLU:223,103.269835,3.1736000595183698,0.224407412285947,-5.848935,0.8494018664772288,0.060061781973855886,-3.2012149999999995,9.32682140328499,0.6595058661178648,-149.04120500000002,8.803290028902547,0.6224866076188909,0.792949536,0.06631401396248536,0.004689108896057279,-54.028570464000005,13.239529116956835,0.9361760818316921
R:A:PHE:224,88.17549,3.1288276654203884,0.22124152593828308,-11.511779999999998,0.8655284522186432,0.06120210378736993,-67.842985,1.6715968667041106,0.1181997479856662,-3.0293599999999996,1.00899714588298,0.07134687240517273,0.27606902399999994,0.06910577032787511,0.004886515881796059,6.067434023999999,3.788903402591257,0.2679159289233061
R:A:ALA:225,91.33008000000001,2.0760488538567676,0.146798822263668,-4.79611,0.45851950656433366,0.032422225239795,-80.695555,1.9059043383588277,0.13476778819463872,-0.9082999999999999,1.3707473983196174,0.0969264780645619,0.5216320799999999,0.07961355856698782,0.005629528713710944,5.4517470800000005,3.1682766730799723,0.22403099202100027
R:A:GLU:226,110.82495999999999,2.698312300012732,0.19079949250980727,-7.986695,0.9310656539551869,0.06583628376416001,-8.438395,12.891554016835013,0.9115705265336713,-147.31265,11.875825793076457,0.8397476950474471,0.47352348,0.10960804351444285,0.0077504590841652714,-52.43925652,17.759143832968217,1.2557611032359082
R:A:VAL:227,55.98504,3.0614662056602877,0.21647835143958388,-9.480875000000001,0.9885304443339112,0.06989965805978596,-61.746325,2.042250270993984,0.14440890154999103,0.12862999999999997,0.8493670014192922,0.060059316641966544,0.001421856,0.002918596440493958,0.00020637593346201975,-15.112108143999999,3.904098712693518,0.2760614674167257
R:A:SER:228,82.83441,2.648338081118044,0.18726578160331378,-5.984005,0.8046419918044297,0.05689678088323626,-74.37138,3.2621196062682927,0.23066668946339,-1.715005,1.6281310066990924,0.11512624754970084,0.30970854,0.04640988195983696,0.003281674224786793,1.0737285399999996,4.5777212786050585,0.32369377584835896
R:A:LYS:229,122.94005499999999,3.8015923113841383,0.26881317026863655,-7.7761000000000005,0.9463915204607446,0.06691998617752397,-204.46379500000003,15.221475496579659,1.0763208543296348,78.83409999999999,13.515735109123737,0.9557067948382496,0.82510974,0.11849628722737097,0.008378952824390289,-9.64063026,20.729935219750125,1.4658277767443155
R:A:LEU:230,75.08854,3.0053264196090246,0.2125086690984629,-10.41694,0.9053245641205147,0.06401611384643713,-81.836035,1.7307914183329545,0.12238543487227146,-0.6888199999999999,0.8707614125579981,0.06157212996153374,0.019090727999999998,0.014567823537468319,0.0010301006810472847,-17.834164272,3.688587269898547,0.26082250715436367
R:A:VAL:231,62.163705,2.904033665089818,0.20534618973790333,-8.517280000000001,1.1018163965017038,0.07791018455888805,-71.46753499999998,1.9288773052672377,0.1363922222631298,0.11178,0.7503594416011569,0.05305842494835292,0.07030918800000001,0.029029163203810337,0.0020526718153585292,-17.639020812,3.7325407623047218,0.2639304884080874
R:A:THR:232,32.823315,3.612008082185725,0.25540754086141426,-6.865740000000001,0.7564061028310123,0.053485988464269774,-48.75212500000001,4.0617123210999315,0.2872064325478713,-1.1270900000000001,1.957758397223723,0.1384344238601801,0.571354092,0.08024083784071759,0.005673884056526153,-23.350285907999996,5.827136182680767,0.41204075096710624
R:A:ASP:233,73.759995,3.4542787199319918,0.24425439069722982,-7.783144999999999,1.0214992530467166,0.07223090488063263,10.454360000000001,19.105015481030108,1.3509286001310359,-138.135225,17.50737598226459,1.2379584277841786,0.279452376,0.10776317494636573,0.007620007176676747,-61.424562624,26.16289252769272,1.8499958721786374
R:A:LEU:234,84.87674000000001,3.1581143254163555,0.2233124055264284,-10.43016,0.7904575095474772,0.05589378652408512,-88.48808000000001,1.479338643989266,0.10460503868361218,-0.95987,0.7571112488267494,0.053535849815801,0.19103205599999998,0.04013863729589314,0.0028382302619513306,-14.810337943999999,3.655376935926577,0.2584741819186587
R:A:THR:235,57.706199999999995,3.1485826652638482,0.22263841537344806,-8.08691,1.1570354281092694,0.08181475972891444,-72.07736999999999,2.606871786854889,0.18433367181689841,2.3925449999999997,0.9773132547832347,0.06910648298007213,0.07308809999999999,0.03186370543282749,0.002253104218528295,-19.9924469,4.359385368225539,0.30825509556776926
R:A:LYS:236,133.238095,3.7827729334411533,0.2674824392925168,-7.717025,1.2909336483239562,0.09128279367917591,-262.65298,22.879250136960348,1.6178072920307907,123.66540499999999,20.565318211760665,1.454187596479517,0.7077040919999998,0.11204420340471136,0.007922721602011625,-12.758800908000003,31.022263531767656,2.1936052911069046
R:A:VAL:237,55.05684,3.274412065455415,0.23153589758825732,-9.60446,1.2386644535143487,0.08758680346947251,-64.00898000000001,3.814497966915175,0.26972573792280186,0.622125,2.0829317126048563,0.1472855138731403,0.028020564,0.01654101874953003,0.001169626652552651,-17.906454436,5.580800737087491,0.3946222045645447
R:A:HIS:238,113.449455,3.3184776898413832,0.23465180777031105,-12.940124999999998,0.8782554351525528,0.06210203738103122,-92.617435,2.1512981977808185,0.15211975440052153,-3.1746000000000003,1.7738128283446366,0.12542750794781818,0.134715744,0.030920965088458412,0.0021864424094881437,4.852010743999999,4.422564728662205,0.31272255098734886
R:A:THR:239,37.514579999999995,6.244655482378511,0.4415638237763596,-7.440245,0.9512142897239296,0.06726100746253359,-53.340805,7.810161375859977,0.5522618071031845,-0.25383,2.196316295778001,0.15530301463751436,0.27937206,0.08158285936366536,0.00576877930846362,-23.240927940000002,10.282490577170103,0.7270818814603757
R:A:GLU:240,87.23213500000001,3.348877124765105,0.23680137242819133,-10.459435,1.4042419220971152,0.09929489855413016,43.01058,16.50653839524205,1.1671885233191766,-174.50264000000004,14.778507660125904,1.0449982982292363,0.22359841199999997,0.06838959357995816,0.004835874538298039,-54.49576158800001,22.451317310194966,1.5875478716609779
R:A:CYS:241,85.932465,2.152443192926355,0.152200717783705,-9.110265,0.5758830478274213,0.040721080828914645,-71.345885,1.4354905613674374,0.10150451102721987,-2.04355,0.9834745128878531,0.06954214971871375,0.062552988,0.01918721934171432,0.001356741290863988,3.495317988,2.8271675582128255,0.19991093519629022
R:A:CYS:242,92.04832,2.196201467898608,0.15529489508029556,-7.58841,0.6287884953623119,0.04446206090027767,-83.12666499999999,1.373274776865504,0.09710519071540408,1.5456100000000002,1.2134155009311527,0.08580143291052895,0.034160004,0.03230954215455217,0.0022846296354516456,2.913015004,2.9288189696000737,0.20709877542720087
R:A:HIS:243,110.611435,3.017210804000112,0.21334902197777944,-8.304345000000001,0.8501749090481323,0.060116444338259065,-84.932285,5.6267074389713025,0.39786829858494,-8.72873,4.649778493337075,0.3287889903654013,0.590413104,0.10621922629838527,0.007510833520797669,9.236488104,7.944678569750976,0.5617736091018356
R:A:GLY:244,72.28599,1.6352319254160863,0.11562835832744493,-4.62453,0.6440763224183916,0.045543073518373785,-73.09172500000001,1.7425281746287493,0.12321534886886051,-0.9040700000000002,1.084672109487471,0.0766979003982508,0.06111324,0.044688451565548785,0.003159950714272613,-6.27322176,2.702541922187023,0.19109857196193705
R:A:ASP:245,87.88494,8.520632692259419,0.6024997156696423,-8.095659999999999,1.0037029911283517,0.07097251913240786,35.529715,11.742886849653921,0.8303474922096621,-174.68032,8.456685192650841,0.5979779446083274,0.247112064,0.08584032560263913,0.006069827633288734,-59.114212936,16.823402918068467,1.1895942285999763
R:A:LEU:246,65.91636,2.9279239232603023,0.20703548609356803,-10.486675,1.0991940908570241,0.07772475954851837,-65.74241,1.4567940114854945,0.10301089243133463,-1.54804,1.0479310609004773,0.07409991593787403,0.037365588,0.02394765702329679,0.001693355067470281,-11.823399412,3.605821396069403,0.2549700760908219
R:A:LEU:247,69.74287,2.7675714811184187,0.19569685617173307,-10.892455,0.9111289853665068,0.06442654840882756,-73.411345,1.8626939780798668,0.131712354317562,-2.0503899999999997,1.1287958176304518,0.07981791772215058,0.03043206,0.024160679417325998,0.0017084180254065455,-16.58088794,3.6378565836739503,0.2572353059299977
R:A:GLU:248,96.57815500000001,3.04490554549316,0.2153073359290737,-9.816445,1.152239630881962,0.08147564565485198,45.809290000000004,12.662700986199589,0.8953881735479312,-189.52555500000003,11.781140317769541,0.8330524208805079,0.33226523999999996,0.10143749235057421,0.0071727138707649565,-56.62228976,17.599677808575912,1.2444851525142424
R:A:CYS:249,79.61987,2.150630138610542,0.1520725154835679,-9.286924999999998,0.7610057420118458,0.05381123206984765,-69.793615,1.5608210265033597,0.11036671320590737,0.9952150000000001,1.3022727090648103,0.09208458635339033,0.001412208,0.0034188506141005926,0.00024174924530943212,1.5359572080000006,3.0555568897607723,0.21606049970511182
R:A:ALA:250,91.05581999999998,2.1317608396815997,0.15073825456067877,-6.949085,0.5980525627191978,0.04228870226047378,-79.61039499999998,1.465074502875196,0.1035964115926561,-0.22700000000000004,0.9053579623552221,0.06401847545826125,0.08091043199999999,0.036298772984030406,0.002566710852575895,4.350250431999999,2.8052638174100752,0.1983621068307925
R:A:ASP:251,106.416155,2.857321595651249,0.20204314763157644,-8.72771,0.7752726719677406,0.05482005636170032,2.685115,12.448847009332832,0.8802664138253117,-166.00510999999997,12.484623193268588,0.8827961720519067,0.28281927599999995,0.09719638077474604,0.00687282199526127,-65.34873072399999,17.877762435298933,1.2641487050442002
R:A:ASP:252,97.61346999999998,4.4848186205352825,0.3171245658972196,-7.75001,1.4374199038207311,0.10164093614041539,19.921135000000003,18.322557897214434,1.2956004937803454,-167.514545,14.464704101984768,1.0228090358370299,0.20946722399999998,0.06837553932606766,0.00483488075247499,-57.520482776,23.81445447429204,1.683936224903022
R:A:ARG:253,-197.517425,3.8216143557893174,0.27022894260584857,-13.919085,1.016526924274512,0.07187930814132115,-18.97872,10.36234474101301,0.7327284235363057,60.21802,8.904009841616304,0.6296085738758646,0.154774944,0.0654857801568437,0.004630543922019563,-170.042435056,14.223288348717139,1.00573836421495
R:A:ALA:254,85.501425,2.162807530589581,0.1529335871281224,-6.91752,0.6119167505470006,0.04326904838334211,-84.95367999999999,1.4535043851327039,0.1027782807211718,3.9578549999999995,0.8616479002324557,0.06092770732495192,0.080921196,0.03484336634464563,0.0024637980621666053,-2.3309988039999996,2.8122063732464992,0.19885301966186267
R:A:ASP:255,107.092145,2.746774505483659,0.1942262879217821,-7.329845000000001,0.6174738625844821,0.04366199554389377,-4.4077850000000005,9.409104625243307,0.6653241685403251,-159.70724,9.751715942458539,0.6895504471117396,0.5763438,0.06706946321012566,0.004742527224642153,-63.776381199999996,13.840439159904586,0.9786668384568376
R:A:LEU:256,70.37608,3.408755751531634,0.24103543073166644,-10.311555,1.0007057244639905,0.07076058037406845,-75.232215,1.8425135844207496,0.13028538499722445,-0.42674500000000004,0.6942444093941268,0.04909049296834367,0.10653364800000001,0.028204834204839706,0.001994382952848444,-15.487901352,4.061853621439048,0.28721642399066866
R:A:ALA:257,101.80903500000001,2.112597534736562,0.1493832042730206,-8.088225,0.5603918489548184,0.03962568765176196,-84.391445,1.3819170622635066,0.09771629257639179,-0.475985,0.7997422864742116,0.05655031939675496,0.011229372,0.008063330185030004,0.0005701635452780894,8.864609372,2.706742484462398,0.19139559656890848
R:A:LYS:258,129.49882,3.4283816805600864,0.2424231934819769,-8.112535000000001,0.9153543678679859,0.06472532807081784,-200.48153,9.641693028151227,0.681770652232479,66.75371,9.685964860348195,0.6849011435086819,0.8639381879999999,0.11672018136790509,0.00825336317465694,-11.477596812000002,14.120391562988384,0.9984624627198398
R:A:TYR:259,89.37565999999998,3.0211603308000714,0.21362829569605235,-10.946905000000001,0.9071969278910726,0.06414850995833808,-91.18413000000001,2.6767727925806475,0.18927641933294276,-4.865205,1.4508792206710384,0.10259265356191445,0.512410752,0.09643462690606987,0.006818957862647669,-17.108169248,4.385188564214372,0.3100796570537683
R:A:ILE:260,77.70087,3.0079747826569294,0.2126959366454846,-9.94875,1.0902714971510536,0.07709383689699197,-63.74598,1.3634868094704837,0.09641307690349891,-1.831815,0.7000553697922758,0.04950138991861743,0.043631136,0.01801406891148982,0.001273787028407622,2.2179561359999993,3.5476897465327695,0.25085954773193053
R:A:CYS:261,84.97081999999999,2.128607356371766,0.15051526961740458,-7.69087,0.5306715114833281,0.03752414243523761,-75.6401,1.411997811613035,0.09984332276121423,-3.52263,0.920589562780287,0.06509551225314998,0.167633748,0.03159705459590333,0.002234249157028481,-1.7151462519999998,2.766731441188164,0.195637456378618
R:A:GLU:262,95.45741,3.140153830929307,0.22204240678190282,-5.458489999999999,0.7257163839269443,0.05131589762929223,12.2246,7.737127987179739,0.5470975666643016,-156.14117,7.568769734316138,0.5351928404374445,1.0618330679999999,0.06536482824576667,0.0046219913303675595,-52.855816931999996,11.293401953958407,0.7985641104309396
R:A:ASN:263,18.316605,3.316377413530462,0.2345032958081293,-7.5690599999999995,0.8410476421701687,0.059471049107948315,-77.24281,3.3363634160414843,0.2359165195985648,-9.88996,2.0060630619200386,0.1418500794571508,0.284954328,0.06970882938280641,0.004929158596515847,-76.10027067200001,5.183260504602188,0.3665118651460613
R:A:GLN:264,35.430730000000004,2.9684913351903184,0.20990403530065826,-9.060005,1.0352588154538942,0.07320385286906012,-82.685625,2.6903202308229037,0.1902343678778233,-5.109825,1.8457508267301412,0.1305142925961559,0.29585268,0.057760337387477226,0.004084272625030801,-61.12887232,4.531187144380611,0.32040331566168373
R:A:ASP:265,83.98603500000002,3.5366033017254,0.2500756177016764,-4.786995,1.1906557919797813,0.08419207845679426,-25.366560000000003,10.887829836399906,0.7698858309723592,-118.15652999999999,11.57064490376833,0.8181681474156153,0.611934264,0.1243823252704881,0.0087951585658513,-63.712115735999994,16.320703328199116,1.154047999710345
R:A:SER:266,77.42179,5.058333628370118,0.3576782010124464,-4.39891,0.8093573079301873,0.05723020408403241,-67.91147,5.150269262776462,0.3641790320645877,-6.33819,1.8154372652063744,0.1283708001046188,0.5688058319999999,0.0827215431006783,0.005849296407670488,-0.6579741680000005,7.487972165045284,0.5294795895239635
R:A:ILE:267,86.805725,2.8255413002423095,0.19979594139239917,-10.172345,1.1151570768169836,0.07885351311054568,-71.42773,1.5493335912901391,0.10955442887213643,0.035685000000000036,0.9473267101560052,0.06698611407504543,0.044934947999999995,0.035345669734173885,0.0024993162754614467,5.286269947999999,3.5392613261235684,0.2502635684093268
R:A:SER:268,66.81407999999999,2.119387365160036,0.1498633177865751,-8.09111,0.8137054552477819,0.05753766452941934,-61.696705,2.0511222435474195,0.14503624474549456,-3.1734900000000006,1.0155584916192666,0.07181082961155649,0.00708156,0.01014924569658258,0.0007176600455981927,-6.14014344,3.223737564778376,0.22795266928205965
R:A:SER:269,74.61346999999999,5.413566490688002,0.3827969575969747,-3.996535,0.8397295271544285,0.059377844301346946,-64.315055,5.119527830960098,0.3620052845745142,-4.273445000000001,2.800685419138501,0.1980383651843122,0.513188028,0.09621756718711617,0.006803609422728209,2.5416230279999996,8.004655500211136,0.566014618526149
R:A:LYS:270,119.51009,3.262976046786123,0.2307272489531741,-7.43117,1.4138265137915613,0.09997263153233488,-206.235595,23.047651503373938,1.6297150668460039,81.62762500000001,19.679428381291338,1.3915457258286106,0.5010669,0.13952836013655576,0.009866144962039733,-12.027983099999998,30.514578933546375,2.157706568896281
R:A:LEU:271,75.17083500000001,3.167633374899153,0.22398550397040204,-10.496459999999999,0.9882132808255513,0.06987723121303532,-77.605815,2.0250572586410986,0.1431931719876161,0.13257,0.7492498549215741,0.0529799653218082,0.000428976,0.0018043798112991622,0.00012758892004057407,-12.798441024,3.9588763794587596,0.27993483337945363
R:A:LYS:272,126.42778999999999,3.339637695304686,0.23614804610561563,-7.062595,0.8558292417153085,0.060516266035463555,-182.08273499999996,10.557977910792152,0.7465617776338909,47.11925,10.21293210236414,0.7221633545379467,0.993553524,0.11096991690460539,0.007846758075095417,-14.604736476000001,15.08883089048346,1.0669414642837907
R:A:GLU:273,90.41181,2.9658187611349414,0.20971505577688024,-5.69249,0.8942820919038914,0.06323529314789329,-17.70046,8.319869858261004,0.5883036395365916,-128.360675,7.634034331817942,0.5398077443839381,0.9049523039999999,0.09751946285461781,0.0068956673482169885,-60.43686269599999,11.709143694874124,0.8279614908533199
R:A:CYS:274,84.76469999999999,2.468735700718082,0.17456597549350789,-8.0963,0.7393475637344049,0.052279767597035086,-76.258195,1.8681097336545833,0.1320953060667751,1.8851700000000002,0.8141648242831423,0.05757014682541638,0.039781764,0.03474419433620967,0.0024567855421997096,2.3351567639999997,3.2856044005806706,0.23232731519469538
R:A:CYS:275,89.85439000000001,2.2848069607518267,0.16156024956498424,-7.36601,0.6091931712519437,0.04307646224447871,-84.001155,2.0498164993420747,0.14494391468728512,0.559235,1.5649205027013353,0.1106565899477975,0.138475332,0.03734830340258277,0.0026409238601778884,-0.8150646680000009,3.4990824403430456,0.24742249214973405
R:A:GLU:276,107.673915,2.7528797626803465,0.19465799479824866,-5.121775,0.9010825902074682,0.06371616099448396,-24.298325,10.11883835078785,0.715509921557259,-127.979795,9.872582270256096,0.6980969871120166,1.03454766,0.09983258975411786,0.0070592301198551385,-48.69143233999999,14.43118268266593,1.020438713545495
R:A:LYS:277,142.89785,3.3711502632632673,0.2383763211552271,-8.09175,1.23022397452659,0.08698997147660183,-181.69741499999998,13.696148921239685,0.9684639778349399,47.331224999999996,12.789293808274754,0.9043396378418204,0.624210156,0.0913142588686502,0.006456893166504639,1.0641201560000015,19.07975300694489,1.3491422734575154
R:A:PRO:278,85.481675,2.5158414257212236,0.1778968532517509,-4.212255,0.7277253190421507,0.051457950793584846,-62.429959999999994,1.365050361122255,0.09652363670106921,-3.25746,0.7956188273287655,0.0562587468043859,0.74490552,0.04009242896484073,0.0028349628395278833,16.32690552,3.0589248812303818,0.21629865266582574
R:A:LEU:279,68.12278500000001,2.9952853034018307,0.21179865496238398,-6.379365,0.9743651737285154,0.06889802216954417,-69.830055,2.501920740546151,0.1769125121631452,-1.848015,0.8635697799106914,0.06106360474026242,0.5153897519999999,0.09989551970456781,0.007063679939325427,-9.419260248,4.115393154020287,0.2910022406456439
R:A:LEU:280,70.603835,4.3758570118063735,0.3094198166550989,-6.884190000000001,1.0991043234834443,0.07771841203665962,-75.664115,3.2580139934897456,0.23037637879972633,-3.0978,1.504249680073092,0.1063665149377378,0.565660188,0.1743587541814814,0.012329025744096379,-14.476609812000001,5.76749323004455,0.40782335734120057
R:A:GLU:281,109.85411,3.1806903068202033,0.2249087684806886,-7.305129999999999,0.9962461257641105,0.07044523912586285,-64.61453999999999,12.751537195114949,0.9016698421218268,-90.338465,12.097525708539536,0.8554242464086899,0.554445288,0.12175096089333282,0.008609093006365379,-51.84957971199999,17.89066654919971,1.2650611636886444
R:A:LYS:282,132.000305,3.254281521622707,0.23011245318294923,-12.001865,1.0622640711117928,0.07511341280939776,-183.46063,5.488278922676944,0.38807992432680666,49.54612,5.312381202022309,0.3756420772197917,0.289674972,0.03485328405855632,0.0024644993504426165,-13.626395027999997,8.370338553419428,0.5918723151950074
R:A:SER:283,79.24663999999999,4.498258077345052,0.31807487900178477,-8.086379999999998,0.8425925323666237,0.05958028934135851,-73.598095,4.156212823710427,0.2938886271700132,-3.9343100000000004,1.3207652607106228,0.09339220722040997,0.034863264,0.025953896381928937,0.001835217612987495,-6.3372817359999996,6.321668088456749,0.44700943737583665
R:A:HIS:284,103.83486500000001,2.845823934605758,0.20123014022227134,-10.457885000000001,0.9997547108041052,0.07069333355327785,-78.691215,3.3010612382649005,0.23342027866891726,-9.121765,2.4687708864483557,0.17456846350035563,0.321522192,0.12725753012355354,0.008998466250741605,5.885522192,5.109427836467908,0.3612911071149768
R:A:CYS:285,87.82313,2.3487127481026704,0.16607907112426895,-7.169225,0.6657801021170578,0.04707776249860437,-72.946325,1.8480242989135722,0.13067505135593022,-3.7765999999999997,1.230601340808631,0.08701665530230406,0.21065346,0.047820718428091394,0.0033814354281715923,4.14163346,3.3002386289420005,0.23336211140586827
R:A:ILE:286,77.15764999999999,2.896082917925521,0.20478398701436595,-9.95325,1.1831732237926955,0.08366298098621636,-59.819480000000006,1.541897279198585,0.10902860220144067,-1.8337949999999998,0.7971838137939079,0.05636940805858263,0.066425004,0.037424750611967796,0.002646329494193782,5.617550004000001,3.5779246791308186,0.25299748031881036
R:A:ALA:287,87.19908500000001,2.3059957280478645,0.16305852166898546,-5.45345,0.6433874474218471,0.045494362700229135,-76.324895,2.5618619779322613,0.18115099770598833,-2.049645,1.6042192957868946,0.1134354342561221,0.31326645599999997,0.07379790983748025,0.00521830024834757,3.6843614560000004,3.8566392338046582,0.27270557548133645
R:A:GLU:288,111.111625,3.137045264954747,0.22182259797386514,-6.4906299999999995,1.3879891437255554,0.09814565357416496,-58.842865,14.78052880030938,1.0451412144221828,-96.818015,12.728603960559658,0.900048217554968,0.553320216,0.09879018332840032,0.006985520854617408,-50.486564784,19.805522380370256,1.400461918010174
R:A:VAL:289,49.076460000000004,3.5137865997240065,0.24846223323072658,-7.701579999999999,0.9554266762028366,0.06755886816695496,-58.24532,2.874191753797927,0.203236047954097,1.8137649999999998,1.2527636887198639,0.08858376995180889,0.086943816,0.026155616079116623,0.001849481349565526,-14.969731184,4.8052695674256904,0.33978386965560536
R:A:GLU:290,85.72983,2.9469037091666235,0.20837755962555088,-5.83895,1.0249093606265873,0.07247203590006286,-15.755675000000002,13.846657286846344,0.9791065264295171,-118.15857,13.616660630459291,0.9628433068913654,0.803682288,0.12714881657930227,0.008990779042306916,-53.219682711999994,19.66962664197347,1.390852638194702
R:A:ASN:291,13.541439999999998,3.1896638093065546,0.22554329092659794,-6.813714999999999,1.2420054040844588,0.08782304434984589,-84.332955,5.198121778390249,0.36756271589332207,-3.359585,3.0589337427893075,0.21629927927266657,0.257746068,0.15268572352393453,0.010796511049414845,-80.707068932,6.936670039442054,0.49049664237430324
R:A:ASP:292,106.66165,3.0177173024489883,0.2133848368265655,-7.432035000000001,1.322397755508909,0.09350764203462197,-59.16701000000001,13.165950509929012,0.9309732886337287,-107.10822,10.44839402786859,0.7388130269614904,0.070427556,0.047096915194008875,0.0033302548106651417,-66.975187444,17.12801104192182,1.2111332755980981
R:A:GLU:293,99.480985,2.856602834622797,0.20199232355184935,-4.636550000000001,0.9374662380587367,0.0662888734064775,-16.044145,10.02062280718993,0.7085650338676578,-133.75431,9.118091455666587,0.6447464299780962,0.9324386639999999,0.10272150266147347,0.007263507110559987,-54.021581336,13.878113980194106,0.981330850547508
R:A:MET:294,98.818435,3.072905988762917,0.21728726626030112,-8.9526,1.399458470266267,0.09895665743142297,-68.175,2.166393431489304,0.15318714861240812,-7.0108,1.5402886872271704,0.10891485757232573,0.30154985999999995,0.16367132160332426,0.011573310139147485,14.981584860000003,4.300438729628685,0.3040869387797705
R:A:PRO:295,74.99686000000001,2.7062323829264923,0.19135952694339523,-5.32962,1.1313342634252708,0.07999741294566969,-49.781965,1.8437808231389654,0.13037499230632768,-5.12184,1.1531407045109456,0.08153936118219225,0.441788436,0.1789145277352253,0.012651167581436643,15.205223436,3.6558012175732038,0.25850418316160495
R:A:ALA:296,85.50271000000001,2.431387652329427,0.17192506966553775,-2.906385,0.39568768842990304,0.027979344772081423,-69.44756,1.723132152912248,0.12184384302048255,-6.156065,1.0563767892068625,0.07469711911362445,0.638931096,0.04963729303415713,0.003509886650419628,7.631631096000001,3.1868157870686153,0.22534190534285625
R:A:ASP:297,82.21462,2.875913867903557,0.20335781981030382,-2.8375750000000006,0.5153314121756988,0.036439433610787636,0.06721999999999984,6.967974830006205,0.4927102253434568,-141.189315,6.2632154597918,0.4428762123651202,1.1308867919999999,0.0344521942549257,0.0024361380184414172,-60.614163207999994,9.814182346025522,0.6939674888675946
R:A:LEU:298,81.25672499999999,4.355032894178298,0.30794732917639506,-5.8776600000000006,1.2572823924640002,0.08890329055777407,-70.901775,3.166419342786896,0.22389965893648653,-4.54045,1.2315233970574817,0.08708185452492384,0.5070309120000001,0.1092213819495224,0.007723117982707326,0.4438709119999992,5.66585043624741,0.40063612646593016
R:A:PRO:299,88.17901,2.462428348175841,0.1741199783181126,-4.261675,0.9244345673843012,0.06536739513606918,-68.864075,4.076851600116811,0.2882769412333824,-1.794125,2.076809974305545,0.14685264160673103,0.595840932,0.08453004092568378,0.005977176515252739,13.854975932000002,5.278175499719945,0.37322336881446666
R:A:SER:300,67.67754000000001,7.172453925847136,0.5071690808714584,-4.404445,0.7282105238013249,0.051492259951132456,-50.962469999999996,6.429795713636631,0.4546552150756658,-11.164985000000001,1.744251482663839,0.12333720514862902,0.543434976,0.08003293994262752,0.005659183455172761,1.6890749759999997,9.816591939707275,0.6941378728708217
R:A:LEU:301,57.220684999999996,4.000701486711424,0.282892315075675,-8.794255,1.5432870406943098,0.10912687317922658,-55.03782500000001,3.0839752454218896,0.21806998090492652,-6.16584,1.082612120937134,0.07655223721093982,0.23482137600000003,0.1708753146231094,0.012082709370738548,-12.542413623999998,5.39439505113155,0.38144133210542713
R:A:ALA:302,84.4439,2.7072796142991953,0.19143357738390618,-4.4834249999999995,0.9992796427302019,0.07065974116761962,-69.41500500000001,3.2141983549518223,0.22727814528650792,-5.771890000000001,1.3873493279992606,0.0981004117702877,0.35097876,0.1631991797633064,0.011539924669471633,5.12455876,4.539864084917676,0.3210168680110549
R:A:ALA:303,91.19943500000001,2.040452544357501,0.14428178308045336,-4.467395,0.6885861376581727,0.04869039273691474,-75.510615,2.773887704427669,0.19614348060507902,-5.53876,2.270327247865382,0.16053637924782033,0.36337773600000006,0.11111666613585157,0.007857134812750225,6.0460427359999995,4.183154692025881,0.2957937049483824
R:A:ASP:304,98.20101999999999,10.303806352974613,0.7285891344221378,-6.0360249999999995,1.1697777457171084,0.08271577764776801,-10.567665,11.109696228645273,0.7855741540197685,-144.51235499999999,12.157740398568107,0.8596820679733147,0.39782106,0.12044646794381478,0.008516851425303954,-62.51720394,19.462459109202136,1.3762036814682723
R:A:PHE:305,106.042575,3.557406565796915,0.25154663061125465,-11.395,1.2757840334476678,0.0902115541380371,-80.53300999999999,1.6024713320056614,0.11331183455182425,-3.28112,1.3044260100135998,0.09223684772367277,0.143691228,0.1324012407720321,0.00936218151874167,10.977136227999999,4.30926189137223,0.3047108305298071
R:A:VAL:306,50.365784999999995,2.6540546167656385,0.18767000171544465,-7.116065,1.3914899858694636,0.09839320049614708,-56.129105,2.508172873622351,0.17735460473265138,-1.448305,2.159434065206669,0.15269504710328688,0.233865288,0.17838185533312587,0.0126135019546691,-14.093824712,4.468350592983063,0.3159601005017254
R:A:GLU:307,93.233815,2.7751386975744117,0.196231939178807,-4.96548,0.838979212853334,0.059324789068314426,-5.1530700000000005,8.897014323080525,0.629113916016408,-139.93529999999998,8.592753407377637,0.6075994203420539,0.988595424,0.09559210984806342,0.0067593829101495,-55.831439576,12.704593411319397,0.8983504153361878
R:A:SER:308,84.29289,7.265730027870565,0.5137646972977999,-5.184164999999999,0.7840848345523589,0.055443170353750515,-67.51971499999999,6.329812945401705,0.4475853657335939,-6.313924999999999,2.5185334243116566,0.17808720629757488,0.3223531439999999,0.08112060920057285,0.00573609328597089,5.597438144,9.991083272201372,0.7064762733173071
R:A:LYS:309,115.385705,3.3165609534538936,0.23451627404057696,-5.4797649999999996,1.0785960178746257,0.07626825583999544,-161.601175,9.634253113468374,0.6812445708201095,39.877645,10.09675006865947,0.713948044149485,1.126090764,0.1528500959317576,0.010808133933836011,-10.691499236000002,14.385739608477781,1.0172254029538548
R:A:ASP:310,87.18958500000001,4.007951242564586,0.28340495022824674,-5.02057,1.0728173214019243,0.07585964029376885,-38.51743,10.354600346469196,0.7321808121464942,-113.84153,9.957947950210425,0.7041332522296472,0.538709868,0.08919801294820966,0.006307251982404452,-69.651235132,14.953295361477647,1.057357655118619
R:A:VAL:311,49.858425000000004,3.2417314238497608,0.2292250272589688,-8.914925,0.8115922309725494,0.05738823700790084,-53.92299500000001,2.4139288545802255,0.17069054623755528,-0.964225,0.5942229164000662,0.04201790537229337,0.023423939999999997,0.024243299480120276,0.0017142601460729348,-13.92029606,4.165122531291208,0.2945186386348891
R:A:CYS:312,91.09930999999999,2.173981969543446,0.1537237392841457,-7.056210000000001,0.5631564755021468,0.03982117626966838,-70.98956,1.5488793130518594,0.10952230654985312,-4.86092,0.8992078478305224,0.06358359668971235,0.16563592800000002,0.047573487857347774,0.0033639535868626486,8.358255928,2.872839699069009,0.20314044324736166
R:A:LYS:313,123.625205,3.370588638943501,0.2383366083187285,-6.188845,0.9089513688723946,0.06427256766984651,-170.21952000000002,17.576984241888596,1.2428804750248512,42.01913,15.97274634285225,1.1294437253203453,1.096078752,0.12007304515034876,0.00849044644635301,-9.667951248000001,24.005842594518978,1.6974694086681232
R:A:ASN:314,16.471095000000002,3.4416110596601412,0.24335865184923053,-8.236794999999999,1.082887220801409,0.07657168970889305,-82.47964,3.5673584275202854,0.2522503335022573,-8.449975,2.0750508799484892,0.1467282548518689,0.34255335600000003,0.07163914281279239,0.005065652368131702,-82.352761644,5.482184408655729,0.3876489771075629
R:A:TYR:315,84.00528,3.3739963473009276,0.23857756968751276,-13.53135,1.251861349151734,0.08851996490905313,-81.460895,3.7609799991458344,0.2659414461302995,-4.01903,2.053249039717296,0.1451866319448867,0.190926288,0.09229293377862607,0.006526095933046747,-14.815068712,5.596456767259125,0.39572925307462714
R:A:ALA:316,89.85073499999999,2.1851476093790554,0.1545132692485503,-3.71497,0.5350685835479411,0.03783506238266299,-77.258815,1.4233914573212108,0.10064897517548303,-3.7238649999999995,0.9896988970262622,0.06998228014201166,0.6237239040000001,0.04618437605102816,0.0032657285490551593,5.776808903999999,2.840571880452284,0.2008587639115633
R:A:GLU:317,93.386755,2.982203384240418,0.21087362358738707,-4.168435,0.8339045483597028,0.058965956100745114,-20.033275,16.999866567693257,1.202072092928238,-123.58150499999999,16.199483191138384,1.1454764416171443,1.0059212880000001,0.13505097527249868,0.009549546042104055,-53.390538711999994,23.685985129734885,1.6748520704319263
R:A:ALA:318,100.83377,2.468942651642602,0.17458060913371795,-3.7045100000000004,0.8807897251330763,0.06228123874410335,-83.205435,1.4994221406178452,0.10602515634921272,-1.34909,0.7177288219794437,0.0507510917074697,0.25173799199999997,0.04670559155958883,0.003302584051111444,12.826472992,3.104360028565942,0.2195114027443442
R:A:LYS:319,125.2797,3.105551376164948,0.21959564374094492,-8.13995,1.2684097435371584,0.08969011309782143,-176.720085,12.603781621314097,0.8912219453025576,46.455574999999996,11.006083465264789,0.7782476252593867,0.65924568,0.1489636088731258,0.010533317798420781,-12.465514319999997,17.066478464710244,1.2067822653370792
R:A:ASP:320,90.67089,8.959939878587356,0.6335634247172891,-4.797045,1.2629802464706248,0.08930618967840359,-67.19418,12.97465238330492,0.9174464683773108,-88.04055,11.664402756999607,0.8247978287965483,0.554811948,0.10416071180076533,0.007365274564753881,-68.806073052,19.654169718659137,1.3897596686655174
R:A:VAL:321,53.189445,3.064826087557824,0.2167159309669573,-5.561235,0.7784543466222024,0.05504503473407024,-56.847564999999996,2.0553138290234414,0.14533263459689635,-1.8135899999999998,0.8251226344610842,0.05834498101379415,0.667947096,0.06022941349236255,0.00425886267073381,-10.364997903999999,3.861077569367732,0.27301941319871953
R:A:PHE:322,90.53167499999999,3.206474273930013,0.22673197027961234,-12.844925,1.0506509740989156,0.07429224284455949,-66.72001999999999,1.6927129022961926,0.11969287718155996,-3.22925,1.207695155037065,0.08539694337328474,0.214488972,0.08061259140817652,0.005700171003374203,7.951968972,3.9642966192937106,0.28031810221374875
R:A:LEU:323,70.99713,4.2228562529524964,0.2986010292438725,-10.249590000000001,0.9463101827096653,0.0669142347299885,-75.43176,3.1231655275377257,0.22084115232899867,-1.23071,0.6771627765168432,0.047882639124217044,0.12426303600000001,0.03837642005959784,0.0027136226861805084,-15.790666964,5.379795812381413,0.38040901003338884
R:A:GLY:324,81.943,1.9143485863342649,0.13536488669518396,-5.36355,0.6385869694098056,0.045154917644703994,-81.02634,1.4098753683925398,0.09969324336182467,-0.72753,0.5367424793138699,0.037953424687371756,0.068776344,0.02721628901475115,0.0019244822521063477,-5.105643655999999,2.5197431609963212,0.1781727475988925
R:A:MET:325,88.56385,3.0521955061070383,0.2158228139875393,-9.312895,0.8135040589788105,0.0575234236626698,-73.20243500000001,1.9908856787307,0.14077687639976602,-3.2483500000000003,1.341885329489819,0.09488562160569956,0.582568776,0.10129695660233543,0.007162776492707079,3.382738776000001,3.968907829386681,0.28064416400637027
R:A:PHE:326,96.50291000000001,2.7786583240657707,0.19648081435473538,-14.21545,0.900600997945261,0.06368210727904661,-71.34285,1.6282276982965258,0.11513308467812373,-2.1744,1.019139278999686,0.07206402951542468,0.06244462799999999,0.059489429677434424,0.004206537913383413,8.832654628,3.49647444422855,0.24723807897594727
R:A:LEU:327,73.67085,2.9717320315768716,0.21013318713972812,-11.979945,0.9274967018674515,0.06558392074186326,-77.31668,1.4182138264732862,0.10028286138717822,-0.747015,0.5383856747490594,0.038069616150875486,0.026531208,0.014505507688872389,0.0010256942851355271,-16.346258792,3.463068206316952,0.24487590123982503
R:A:TYR:328,90.02981499999999,3.0004231952801264,0.2121619587811986,-15.748415,1.048521794134485,0.07414168708543796,-91.49701499999999,2.082634930748786,0.14726452822684424,-2.3440049999999997,1.493788473973139,0.10562679596047111,0.14850054000000001,0.058218384789463194,0.0041166614674357175,-19.41111946,4.083393067490258,0.28873949282724987
R:A:GLU:329,98.84377,3.285830141242849,0.23234327746999694,-8.752665,1.1942578460177684,0.08444678214044037,-20.891205,29.189819904942457,2.0640319596398875,-126.65993999999999,24.949892945389564,1.7642238491563365,0.325336284,0.16055435404026183,0.011352907249089491,-57.134703716000004,38.55893480491715,2.7265284275886903
R:A:TYR:330,83.420715,3.2922343011661557,0.23279611996095428,-13.54344,1.011185451042488,0.0715016089469321,-75.47393,1.7274738102501006,0.12215084455500094,-3.7828049999999998,0.8788179657784654,0.06214181430305201,0.16622420400000004,0.08418536335625085,0.005952804130585846,-9.213235796000001,3.9528314747347166,0.2795073940672539
R:A:ALA:331,99.62058999999999,2.33628026184788,0.16519996159049188,-7.4605250000000005,0.5761031499436537,0.040736644398808794,-80.00170999999999,2.04242446516389,0.1444212189378694,-0.6541200000000003,1.216024035782188,0.08598588417874181,0.005782824,0.010820912148438503,0.0007651540358784758,11.510017824000002,3.3823704032696837,0.23916970486366707
R:A:ARG:332,-173.85766,3.846212862596141,0.2719683197028654,-12.231745,1.6623772225265239,0.11754782069385633,-64.889995,9.00187752499305,0.6365288641333361,85.82125500000001,7.419343079409051,0.5246267803399621,0.289590588,0.10584336472148198,0.00748425609381609,-164.868554412,12.395503416044889,0.8764944521706355
R:A:ARG:333,-190.31229,3.856873802174501,0.27272216196983323,-9.975645,1.2939463972572434,0.09149582719924991,-58.37983,16.931449524807377,1.1972342774309044,81.29800499999999,12.219774054170355,0.8640685098271287,0.3366156959999999,0.09679225535324809,0.006844246012662163,-177.033144304,21.273363685408242,1.5042539720599812
R:A:HIS:334,120.37200000000001,3.2876645935983193,0.23247299284002865,-8.683934999999998,0.9597149268272324,0.06786209327654873,-88.260005,3.7727014863324397,0.26677028043782347,-8.643905,1.7476071000013134,0.12357448312606856,0.563362272,0.1341555724642924,0.009486231502346443,15.347517272,5.388431684576527,0.3810196584124514
R:A:PRO:335,75.26631499999999,2.6353515810561214,0.18634749737754727,-6.82009,1.2425691618175627,0.0878629080414483,-55.611599999999996,2.1007346096068393,0.14854436879262706,-1.3788399999999998,1.574271721908261,0.1113178209991554,0.353568924,0.1827998346919532,0.012925900271046002,11.809353924000002,3.9260526246649325,0.2776138434195817
R:A:ASP:336,77.017195,3.896846796703073,0.27554867951938183,-6.324525000000001,1.0609330089006563,0.07501929249783018,-38.387445,13.803062036264816,0.9760238766981446,-95.285015,12.521710976730576,0.8854186743704218,0.39692149200000004,0.14637783414419936,0.010350475913876311,-62.58286850799999,19.069614249859086,1.3484253550686978
R:A:TYR:337,96.352265,3.528515188400781,0.24950370172379205,-11.635475,0.9243112243043464,0.06535867346324434,-87.76273499999999,2.101492251895067,0.148597942192599,-7.49795,1.4083222598183982,0.09958342200135521,0.346240692,0.0839166179327905,0.00593380095945168,-10.197654308,4.4397583205834845,0.31393832153139795
R:A:SER:338,77.418845,7.151586955422901,0.5056935632424788,-7.7533449999999995,0.9615300702396156,0.06799044329812094,-71.768185,5.577722822153769,0.3944045631123897,-0.7953049999999999,1.4578460179233608,0.10308528051994134,0.012320316,0.014391474748146697,0.001017630938568949,-2.8856696840000002,9.236138265760504,0.653093599969581
R:A:VAL:339,56.462984999999996,3.169207423753611,0.22409680603229265,-8.93074,1.0187235799764331,0.0720346351555972,-58.995185,2.3626874742070734,0.16706723348363375,-0.28479,0.6418593349792461,0.04538630883317127,0.03904902,0.02601783673380245,0.0018397388786276165,-11.708680979999999,4.132387428796857,0.2922039173392299
R:A:VAL:340,43.33296,3.696700020071956,0.2613961652205326,-9.67489,0.8607082129850975,0.060861261402471764,-47.34058,2.9232819678573603,0.20670725027922945,1.132455,0.6266713556362696,0.04431235651457728,0.07899915599999999,0.023940030623231544,0.0016928157995500634,-12.471055844,4.831695069325178,0.34165243481454394
R:A:LEU:341,64.17363999999999,4.324406977887257,0.3057817498674504,-11.818465000000002,0.9103602631788142,0.06437219154165096,-67.23280999999999,3.551859828864309,0.2511544170814043,-0.18343999999999996,0.6196397714801721,0.043815148430651235,0.004009248,0.008099298799729268,0.0005727069104144631,-15.057065752000002,5.703418168792822,0.40329256630959653
R:A:LEU:342,67.89359,2.9990475091101843,0.21206468307924353,-11.97609,0.9714077783814581,0.06868890273908879,-71.09321,1.7349387960098186,0.1226786987602167,-0.526425,0.5232889969940129,0.03700211982947734,0.02551104,0.02616129911746739,0.001849883201061083,-15.676623960000002,3.6362683409845475,0.2571230002124131
R:A:LEU:343,80.643935,3.456901643202334,0.24443985938032892,-10.695340000000002,0.9046308276860788,0.06396705927272255,-78.53782,1.8455799949067502,0.13050221296207967,-0.9732900000000001,0.7200998582835578,0.05091874929237756,0.10018864799999999,0.029175413670158922,0.002063013285009207,-9.462326352,4.085839746421515,0.28891249915361766
R:A:ARG:344,-189.54533000000004,4.0854092941956255,0.2888820615848274,-13.275485000000002,1.4271993062550863,0.10091823075577076,-2.35553,7.085622954906647,0.5010292040345552,30.246489999999998,5.279327357713291,0.37330481747427263,0.0318888,0.0279192589921151,0.001974189735902808,-174.8979662,9.838983507197158,0.6957211957921711
R:A:LEU:345,62.26094499999999,3.5669337815517403,0.2522203064978611,-11.38097,0.9943526884863338,0.07031135289197613,-70.78882,2.479364377738779,0.17531753645314552,-1.1157949999999999,0.5404022140729995,0.03821220701392423,0.01857492,0.025731459491385247,0.0018194889496185459,-21.00606508,4.489064295558436,0.3174247804571782
R:A:ALA:346,101.43502000000001,2.143182602952908,0.15154589518690373,-7.212865000000001,0.6366004922830331,0.04501445250000271,-82.572635,1.6015992138406534,0.11325016648497695,-2.599155,0.7587596200213873,0.0536524072607651,0.058715964,0.02175818155082598,0.0015385357720877082,9.109080964,2.85303373229084,0.20173994990568178
R:A:LYS:347,141.349335,3.323922225740999,0.23503679459581425,-7.763489999999999,1.0124220216391977,0.07158904769236703,-167.694335,12.78279586408134,0.9038801638015268,20.17196,11.67072572415272,0.8252449300916668,0.7799677199999999,0.09346507239931717,0.006608978649764879,-13.156562280000001,17.65468498907892,1.2483747475490052
R:A:THR:348,43.28082500000001,3.3776869295976795,0.23883853326436877,-7.20654,1.133104817922861,0.08012261005484032,-62.06403,3.28638067318745,0.2323822059571257,-2.71769,1.01999235482429,0.07212435108546905,0.20961467999999997,0.053892961202249776,0.0038108078324334328,-28.497820320000002,4.953411178878869,0.3502590634590499
R:A:TYR:349,80.69307,3.2292974599903306,0.22834581324276562,-14.776135000000002,0.9704362765143315,0.06862020718327073,-77.226095,1.7228230135376643,0.12182198356567256,-3.8470850000000003,0.7872399365981123,0.05566626975893929,0.01648746,0.0252371798473839,0.0017845381008109635,-15.13975754,3.8676364127037135,0.27348319345868083
R:A:GLU:350,106.85110999999999,2.708527077195279,0.19152178633121614,-8.71847,1.1684029266909597,0.08261856326213861,-71.590135,13.869952988628873,0.9807537812998097,-84.12812999999998,12.216946070237848,0.8638685411655526,0.2629971,0.10501090437849776,0.007425392258456788,-57.3226279,18.717416456522876,1.3235212102700005
R:A:THR:351,48.859899999999996,3.8488216755261604,0.27215279063423176,-6.386624999999999,0.8650303488173118,0.061166882558088574,-61.11833000000001,4.275368488341092,0.3023142050177265,-2.7879750000000003,1.9534035718138225,0.1381264912023577,0.548246808,0.08714527547635348,0.006162101523769928,-20.884783192,6.13708899388691,0.43395772443227604
R:A:THR:352,36.15331,2.9741066631679502,0.21030109894981527,-7.523710000000001,1.0085091600476417,0.07131236659584365,-47.385830000000006,2.5182362758684897,0.17806619472965665,-1.376945,0.999328980854153,0.07066322989982131,0.12328448399999999,0.05984061011736548,0.004231370120432946,-20.009890516,4.148030185701909,0.2933100272876314
R:A:LEU:353,61.68412,3.3691663858586742,0.23823603983864405,-11.59676,1.0646282367098856,0.0752805845620237,-69.123705,2.1541596616720406,0.15232209045268189,-0.317825,0.6741236714246134,0.047667741942271614,0.002819196,0.005725031802739964,0.0004048208810226073,-19.351350804,4.192802734012076,0.29647592453974353
R:A:GLU:354,108.10545,3.142166021632212,0.2221846901510093,-6.340535,0.9914180091036273,0.07010383972276411,-38.511565,8.85813542433028,0.6263647627212716,-115.759515,8.595353285338247,0.6077832594756744,0.8066159639999999,0.08753855175185105,0.00618991035589834,-51.699549036,12.775384192652202,0.9033560794887798
R:A:LYS:355,120.663735,3.589464932935687,0.253813499491014,-6.625765,0.7974876862842459,0.05639089508843603,-154.05312999999998,10.972164767405747,0.7758492111328722,27.910870000000003,10.708282450659397,0.7571899135722161,1.140478344,0.11121695370908907,0.007864226215060723,-10.963811656000003,15.766684085486789,1.1148729233673729
R:A:CYS:356,82.814665,2.220079107323656,0.15698329915591341,-7.836804999999999,0.6999689757232102,0.04949528093540837,-77.159855,1.4732466371843518,0.10417426875133323,-0.5609850000000001,0.6930582693937068,0.04900662020457031,0.004448088,0.009554055527505375,0.0006755737451331868,-2.7385319119999996,2.8407014113554814,0.2008679231295657
R:A:CYS:357,82.87252000000001,2.0691980474570335,0.1463143970974832,-5.952315,0.5757215088695228,0.040709658299659064,-72.39140499999999,1.3361296198254864,0.09447863147228051,-3.895725,0.7561654179972792,0.05346896947646363,0.29109308399999995,0.044714627001652865,0.003161801597109584,0.9241680840000012,2.6404665711939805,0.18670918179876553
R:A:ALA:358,86.80797999999999,2.4382881043059697,0.1724130053041243,-2.821005,0.512558167406393,0.036243335592561016,-72.709345,1.543830235477657,0.10916528285070756,-3.7265550000000003,0.6870700306191503,0.048583187780084996,0.6961531320000001,0.05001365536713524,0.0035364994862028295,8.247228132,3.010970465356341,0.21290776340058834
R:A:ALA:359,91.12357,2.3482998009410974,0.16604987135044696,-4.569780000000001,0.47961083348898614,0.03391360726905942,-73.35485999999999,1.6836539164567046,0.11905231014978247,-6.484885,0.8737476590955767,0.061783289479235406,0.322544772,0.05259739850712786,0.0037191977157161296,7.036589772000001,3.057029681767044,0.21616464182660303
R:A:ALA:360,88.579215,2.2238871326519702,0.15725256720917152,-2.046735,0.2580937325372315,0.018249982845882348,-71.589855,1.128421766882844,0.07979146834013645,-7.3135449999999995,0.6047411826351832,0.04276165911041104,0.9045711359999998,0.024389138615685136,0.0017245725302449646,8.533651136000001,2.5791333361387925,0.18237226715680233
R:A:ASP:361,116.94551,3.4280134436580023,0.24239715520092223,-5.148325,0.8950641481899496,0.06329059287820742,-39.151105,8.229385624332778,0.5819054379964798,-123.90663,7.2838844638764,0.5150484097786342,0.557438616,0.06695961776372192,0.004734759978638698,-50.703111384,11.547062839820395,0.8165006436824194
R:A:PRO:362,84.07173,2.7439857938954426,0.19402909623430195,-7.59408,0.8031586042619477,0.0567918895441946,-60.92276,1.4145570057088543,0.10002428511116687,-1.974915,0.8077800181825494,0.05711867285638733,0.30470803199999996,0.05114725350013406,0.0036166569789012172,13.884683032,3.290990413601293,0.2327081638277395
R:A:HIS:363,107.14794499999999,2.889683147332073,0.2043314548958994,-9.115715,1.0126947979401295,0.07160833588958061,-86.79272999999999,4.399411738755535,0.31108538737057384,-7.5181499999999994,3.600032971724009,0.2545607726801205,0.51022206,0.15793968408969167,0.011168022163828204,4.2315720599999995,6.458778942970595,0.4567046388759389
R:A:GLU:364,91.68682499999998,2.9493534163228046,0.20855078007975658,-5.759755,0.8597847666567489,0.060795963886388055,-17.490345,11.238538105375406,0.7946846504934364,-126.81472,10.614430973047968,0.7505536119478742,0.8758828439999999,0.11245242822543434,0.007951587455909815,-57.502112156,15.761390947360542,1.1144986419810903
R:A:CYS:365,84.00884,2.5560711774909555,0.18074152627993378,-6.473859999999999,0.7259190040217987,0.051330225033599845,-71.48167,1.863124534511851,0.13174279925483595,-1.5020999999999998,1.353584023989645,0.09571284422688524,0.23426197199999998,0.06434173247795567,0.004549647534845318,4.785471972,3.5168197088332898,0.24867670643265188
R:A:TYR:366,82.819715,3.0230802509650654,0.21376405455285277,-13.92458,1.2032718286405613,0.08508416696424782,-75.707885,1.6561083725937136,0.11710454606408323,-5.711095,0.9830731132398037,0.0695137664774036,0.073979676,0.04438114756040254,0.0031382210396801434,-12.449865324000003,3.781266278825624,0.26737590272296213
R:A:ALA:367,97.42130499999999,2.264071931713964,0.160094061600907,-5.343965,0.645691314619455,0.045657270712067315,-77.576835,2.0670703320823405,0.14616394490049517,-2.61881,1.4482874279299671,0.1024093861396503,0.20999995200000002,0.07451723912603912,0.0052691645101321785,12.091694951999997,3.4523626745103084,0.24411890582615645
R:A:LYS:368,140.732165,3.233755615035713,0.22866105240918272,-6.15184,1.1616956375918779,0.08214428630160468,-187.52255499999998,12.246191533573816,0.865936507709933,44.94563,11.384599134493055,0.8050127249090538,0.99661878,0.13512733352307224,0.009554945385782066,-6.999981219999998,17.07053824747524,1.2070693353294066
R:A:VAL:369,51.746555,3.432993282395845,0.24274928297499662,-8.369745,1.0289069102571913,0.07275470534525584,-58.730345,3.5029063541543612,0.24769288368839948,-1.301195,0.9451124731877154,0.06682954387750226,0.020892420000000002,0.025583374515923425,0.001809017760584456,-16.633837579999998,5.099836990429362,0.3606129318878596
R:A:PHE:370,89.45428,3.0581228591408816,0.21624194114001102,-10.379544999999998,1.58882773703602,0.11234708669954464,-69.715765,1.7784457933192677,0.12575510804287432,-1.47565,1.4743974862634568,0.10425564607012898,0.468831924,0.207004093680172,0.014637399837462496,8.352151924,4.154041054401166,0.293735059889438
R:A:ASP:371,87.47847000000002,9.140708206101976,0.646345675738223,-5.81317,0.6983647980103236,0.04938184844150733,-36.49017,11.436113557109339,0.8086553446651422,-111.75461,11.95716345074784,0.8454991359779737,0.7037521199999999,0.10442243763705959,0.00738378137611942,-65.87572788,18.91585618005915,1.3375530176869288
R:A:GLU:372,98.95703999999999,2.9005975657439964,0.20510322082307725,-7.350845,0.9098093157222562,0.06433323367338999,-29.107375,11.953030425978802,0.8452068869938738,-116.97701,11.559780252232306,0.8173999005379802,0.6380577719999999,0.11014455843228214,0.007788396417826462,-53.840132228,16.90434284133525,1.1953175454610425
R:A:PHE:373,108.440295,3.1156003543418405,0.22030621380223256,-13.33735,1.2656863069102073,0.08949753704711653,-80.53316999999998,1.7739275439261883,0.12543561956438048,-0.52683,0.8626499412276106,0.06099856232322201,0.041988491999999995,0.0317196567556387,0.002242918438882181,14.084933492,3.898835388202443,0.2756892941728033
R:A:LYS:374,141.32782,3.363390647486552,0.23782763346171534,-6.341225,1.0850573415147238,0.07672514041613088,-167.340155,11.411349577546687,0.8069042668773506,35.200305,10.073093225617194,0.7122752527358192,0.89261406,0.15394849785485404,0.010885802678664996,3.7393590600000017,15.626885567345681,1.104987675349632
R:A:PRO:375,84.09164000000001,2.382202459993693,0.16844715136208152,-6.195409999999999,0.6776324091275446,0.04791584716458638,-62.336195,1.5614973157117498,0.11041453407443695,-0.6959549999999999,1.0145844336352692,0.07174195331098115,0.575540964,0.060694504108957874,0.004291749543619888,15.439620963999998,3.0992601544689715,0.21915078718862765
R:A:LEU:376,74.79007,4.749229492780907,0.3358212379756527,-8.722645,1.0075966946030541,0.07124784554549703,-77.61360499999999,2.8949413705591693,0.20470326742598666,0.28085499999999997,0.6359951131691186,0.044971645732338944,0.312847956,0.09617329829295272,0.006800479139202348,-10.952477044,5.689011908963589,0.4022738899079179
R:A:VAL:377,52.41225,3.101150534479099,0.2192844572410457,-8.08239,0.9318413426651556,0.06589113323885089,-61.496395,1.8301490346348843,0.12941107929723403,0.28794499999999995,1.0509246414348652,0.07431159404746342,0.256470408,0.09929381127884222,0.007021132728512663,-16.622119592,3.8664208613792006,0.2733972410002365
R:A:GLU:378,90.514275,2.758830911704268,0.19507880458131532,-7.141495,0.8710510547465057,0.06159261075709488,-51.993215,12.79015438213218,0.90440048960285,-91.91175500000001,12.340698091071468,0.8726191304772517,0.6750935999999998,0.10831710343669276,0.0076591758358570145,-59.85709639999999,18.00728988571009,1.2733076788977535
R:A:GLU:379,107.53107,2.9894441966860663,0.21138562634554886,-6.040925,1.2647026288321694,0.08942798050316803,-86.29829,7.058280196046343,0.4990957790139083,-59.061245,6.400727227040299,0.45259976267655616,0.5273751959999999,0.04521554797243957,0.0031972220586377665,-43.342014804,10.066127465471936,0.711782699112336
R:A:PRO:380,80.81084500000001,2.6154032444300053,0.18493693696737543,-9.807165,0.8553681416647455,0.0604836613382077,-60.313525000000006,1.2131702845746757,0.08578409349567667,1.334085,0.6666054738561633,0.04713612509397649,0.0026324639999999997,0.003052019749723779,0.00021581038613449537,12.026872464000002,3.0802829578992497,0.2178088967503916
R:A:GLN:381,23.488895,2.904777174582415,0.20539876379831254,-9.344439999999999,1.0269088208794392,0.07261341909041331,-68.10004,2.553711251962524,0.18057465434550887,-4.117585,2.1976372068144006,0.15539641715263258,0.46273319999999996,0.10630240822516863,0.007516715371247737,-57.61043680000001,4.566686196088414,0.3229134776805117
R:A:ASN:382,23.675625,7.337486388701174,0.5188386382314591,-6.90692,0.6755868660653491,0.04777120542753762,-86.11009,6.3206164139188195,0.4469350727560995,-5.67317,3.024262384631995,0.21384764402606823,0.60982092,0.08596560450958976,0.0060786861897531765,-74.40473408,10.168523443751983,0.7190231881731411
R:A:LEU:383,82.85916499999999,2.9271091161374563,0.20697787052937566,-8.71309,0.8815683138021692,0.06233629327687041,-89.37575499999998,2.038820250776169,0.14416636249442866,1.6028650000000002,0.7841148556015247,0.055445293162494864,0.336518676,0.06189557599707934,0.00437667815129821,-13.290296324000002,3.7577367728132596,0.2657121153970309
R:A:ILE:384,95.44687,3.096475795658671,0.21895390328902564,-9.752635,1.2069437939585257,0.08534381412190926,-77.344145,1.4760281887467464,0.10437095414853216,0.777525,0.6485212019471684,0.045857373964009324,0.040651776,0.02216548557001682,0.001567336515485146,9.168266776000001,3.6938605749236872,0.2611953861286178
R:A:LYS:385,124.78374,3.4607084870586826,0.24470904389090317,-7.510035,0.9914821096595743,0.0701083723165429,-143.89324,11.399032424833258,0.806033312656493,13.078845,10.273255631053624,0.7264288721580902,0.9371904839999999,0.1472301373343031,0.01041074285041124,-12.603499516000001,15.762580315509561,1.11458274300944
R:A:GLN:386,25.270529999999997,3.4039575172290264,0.24069614433035685,-7.641205,0.8656748945042821,0.061212458820692706,-69.81452,4.092746891709772,0.2894009080808144,-10.685920000000001,3.3424254581964874,0.23634517071012895,0.79255512,0.12198309830280586,0.008625507600005926,-62.07855988,6.346147236043814,0.44874037450148463
R:A:ASN:387,17.860744999999998,3.5642245524061753,0.2520287350677994,-8.811905000000001,0.9398267638107568,0.06645578778311939,-83.586285,4.564514244010528,0.3227598974762432,-2.103725,3.0375454382403895,0.21478689775420426,0.17119486799999997,0.06824692418044476,0.004825786288311665,-76.469975132,6.607049358205226,0.4671889404821142
R:A:CYS:388,92.76491999999999,2.348965077135035,0.1660969134812565,-7.685525,0.6903872749225611,0.048817752374264424,-84.13902999999999,2.006502424394249,0.14188114707564212,-2.0839550000000004,1.3679656256554842,0.0967297770331091,0.051718428000000004,0.04677417236712602,0.0033074334465183234,-1.0918715719999996,3.44874488448343,0.243863089440065
R:A:GLU:389,99.76433000000002,2.797608407390141,0.1978207875970066,-7.032325000000001,0.8066150193090877,0.05703629499603739,-57.24815,11.759796462418045,0.8315431823949372,-89.92657500000001,11.462496756133675,0.8105209185590925,0.70168554,0.10531011748302059,0.007446549819979585,-53.74103446,16.67842844914335,1.1793429855923896
R:A:LEU:390,72.78452,3.0712472579719137,0.217169976281253,-9.11555,0.9253118055552949,0.06542942524201172,-75.254635,1.646458833914471,0.11642222064054181,-2.371035,0.8395206988365445,0.05936307790937899,0.36008082,0.09528179123070053,0.006737440070282926,-13.596619179999998,3.70316917955285,0.26185360387428436
R:A:PHE:391,99.33155500000001,2.9639456501385113,0.20958260682813115,-13.83415,0.9589834552795998,0.06781037042739113,-81.367115,1.7542993421235158,0.12404769610466371,-2.48735,1.1252230701065455,0.07956528632198843,0.19215874800000002,0.08024098955982345,0.005673894784687012,1.8350987480000003,3.748967169788973,0.26509201082035216
R:A:GLU:392,97.33316500000001,2.718042184693792,0.19219460603480787,-5.854925000000001,0.7933903575006442,0.056101170191672475,-54.641850000000005,10.922572576893229,0.7723425137123424,-93.14654999999999,10.529510173673797,0.7445488046377483,0.978472548,0.12783543143267478,0.009039330044195227,-55.331687452000004,15.433947637259871,1.0913449034784548
R:A:GLN:393,28.64844,3.2237604387423087,0.2279542867155606,-5.83746,0.7337477621090234,0.05188380182677441,-68.50922,4.232309852976268,0.2992694997122159,-10.444255,3.3770813907833195,0.23879571520417822,1.023783444,0.07213837897526439,0.005100953695721451,-55.118711556,6.344552506055583,0.4486276100626007
R:A:LEU:394,67.29114,3.3027716194735595,0.23354122088402293,-7.6527650000000005,0.9539771851438587,0.0674563736712477,-72.39318999999999,2.4446008087006765,0.17285938091263664,-0.7801499999999999,1.6642858551042248,0.11768278139770491,0.450791676,0.08988643389116638,0.006355930694112005,-13.084173323999998,4.5356777809466005,0.3207208516184493
R:A:GLY:395,82.06405999999998,2.142510129824361,0.1514983441559676,-3.6667150000000004,0.5519825303168571,0.039031059028355866,-85.17081,1.5668106534932678,0.11079024379204155,0.23747,0.9688944158679004,0.06851118117139712,0.223970292,0.0232114418924016,0.001641296796323468,-6.312024707999999,2.8791014491000015,0.20358321583826267
R:A:GLU:396,92.48944500000002,2.656971679746512,0.18787626921693704,-5.992585000000002,0.9762123451252807,0.06902863691161082,-86.931735,9.096088291940388,0.6431905713502609,-53.759915,8.84606202599637,0.6255110445378842,0.639755244,0.12927607266844574,0.009141198762902288,-53.555034756000005,13.00080139588574,0.9192954827890338
R:A:TYR:397,97.01702999999999,3.1877304574100993,0.2254065823029576,-12.653985,0.9755679242241414,0.06898306947269743,-84.05558,2.498822813566421,0.17669345564564642,-6.0861149999999995,1.5436778652863428,0.10915450865115467,0.372379896,0.07570382883748208,0.005353069073276929,-5.406270104,4.443663592009488,0.31421446592216806
R:A:LYS:398,126.11219000000001,3.474824034954864,0.2457071638546585,-8.498205,0.7221805819703269,0.05106587867524654,-105.019035,8.808665714725187,0.6228667260087626,-24.744595,8.392310173067663,0.5934259433196993,0.9001935359999998,0.10601838947504486,0.007496632212828072,-11.249451463999998,12.674014694662931,0.8961881735454109
R:A:PHE:399,96.614875,3.073051580981842,0.21729756118483012,-15.216729999999998,1.0265300712107757,0.0725866374445049,-80.91477,1.4452215356477363,0.102192594817335,-0.19615,0.7201736231631924,0.050923965257037865,0.013900787999999999,0.02071083509609055,0.0014644771940481968,0.30112578799999995,3.620104180788915,0.2559800214837613
R:A:GLN:400,29.061950000000003,2.8819872306275056,0.20378727140697475,-11.591785,1.162048931317008,0.0821692679404837,-75.12735,4.088483208660639,0.2890994201611272,-2.2761,1.8846755264501103,0.13326668450891993,0.075240648,0.04374064874298158,0.003092930933966111,-59.858044352,5.470449538029525,0.3868191964479493
R:A:ASN:401,11.91906,3.186604825892285,0.22532698813502125,-9.9411,0.8694252871868865,0.0614776516304909,-73.849405,2.386679559759751,0.16876373012254436,-6.165844999999999,1.4770628967566006,0.10444411905356377,0.136419696,0.04881693485880063,0.003451878567539988,-77.900870304,4.334822702427287,0.306518252812773
R:A:ALA:402,93.081995,2.221994184280193,0.15711871554615955,-6.371270000000001,0.5434037238554774,0.038424445806023014,-80.342585,1.3888528369755377,0.09820672590955773,0.581245,0.8180988051421418,0.057848321279662045,0.20810383199999996,0.056450433131494886,0.003991648406819779,7.157488831999999,2.7989159099954635,0.19791324199287086
R:A:LEU:403,73.33092500000001,3.8781318788013133,0.27422533498361346,-10.691325,1.0254375843389982,0.0725093869569658,-76.096075,2.458563958772478,0.17384672472288626,1.0379099999999999,0.6026930080065638,0.04261683129351594,0.085829148,0.048311963610357375,0.003416171708132142,-12.332735852,4.743578686588101,0.3354216656378423
R:A:LEU:404,84.015095,4.25054185322001,0.3005586968129104,-10.82103,1.0395663226076535,0.07350843962090339,-89.57869500000001,3.2194590123148017,0.2276501299359941,-0.7244800000000001,0.5312385147934965,0.03756423562379514,0.000842256,0.0017869552863079702,0.00012635682006255142,-17.108267744,5.458473968964146,0.3859723958384796
R:A:VAL:405,67.40415999999999,2.8615877208990126,0.20234480824078493,-8.791165000000001,0.8140027259014554,0.057558684738925364,-64.03115,1.6761446887127613,0.11852132756386083,-1.8348900000000001,0.8251952301728361,0.058350114305800636,0.142753716,0.052661434330539686,0.0037237257322134667,-7.110291284,3.513469244812135,0.24843979284970388
R:A:ARG:406,-195.11625,4.444219921144766,0.31425380433258077,-10.363025,0.9096818423905141,0.06432421994766047,56.94343,7.862261115932235,0.5559458150534995,-20.098095000000004,6.672152638839656,0.47179243760352385,0.7411508999999998,0.17338470886963359,0.012260150339577324,-167.89278910000002,11.26682939917969,0.7966851470631914
R:A:TYR:407,95.98658500000002,3.3293995679063517,0.23542410117461424,-13.298705,1.0415589987969955,0.07364934310552267,-94.93960500000001,2.11533740074131,0.1495769420561706,-5.879885000000001,1.1440012726282256,0.08089310575614586,0.15132970799999998,0.04089609771628995,0.0028917908019256305,-17.980280291999996,4.23731168930354,0.2996231829507558
R:A:THR:408,55.02908,2.8799679726691405,0.20364448830744228,-9.600025,1.0428447796172735,0.07374026153923648,-57.617535000000004,2.0103631808146014,0.1421541437801762,-3.328765,0.9518428125352422,0.06730545073673454,0.0020175479999999997,0.00321286201740691,0.00022718365195251175,-15.515227452,3.785408292246339,0.26766878730071747
R:A:LYS:409,133.10464,3.3619934340209525,0.2377288355500863,-10.407705,0.9116354633157926,0.0644623618080737,-108.653045,8.134330537479713,0.5751840283464719,-17.934805,7.749505617584582,0.5479727973037302,0.389868732,0.08809725369710099,0.0062294165493131754,-3.5010462680000014,11.762823249731927,0.8317572085784227
R:A:LYS:410,136.788385,3.632856590449863,0.25688175301853383,-11.884234999999999,0.985831445925215,0.06970881005206588,-135.081225,7.257353574435725,0.5131723925951931,-0.894845,6.59808468883016,0.4665550426314937,0.118096524,0.04914810018055046,0.0034752954920103008,-10.953823475999998,10.505990131713018,0.7428856865213225
R:A:VAL:411,64.90799000000001,2.927683193226344,0.2070184639096233,-7.468995,1.0884765431441321,0.07696691448197074,-62.521335,1.7088743905784884,0.12083566697740779,0.24092,0.537363074280323,0.03799730737828669,0.009460655999999998,0.008735934700766942,0.0006177238666915177,-4.8319593439999995,3.600721752344257,0.25460947682485324
R:A:PRO:412,77.714635,2.3930898377986147,0.16921700522960156,-9.80724,0.7152819041468895,0.05057806848822916,-57.238414999999996,1.92797292065397,0.13632827261384556,-0.08415999999999997,1.2758885039061996,0.09021894131500326,0.021496392000000003,0.01328096212659068,0.0009391058380393979,10.606316392000002,3.403476842187267,0.24066215547219935
R:A:GLN:413,36.54329,2.735971077314232,0.19346237018991574,-8.266885,1.3287955379873158,0.09396003357212575,-85.86824999999999,2.649264882472117,0.1873313163555416,-3.4837800000000003,1.4050004667614884,0.09934853576173129,0.331415496,0.07420732175456801,0.005247250042634705,-60.744209504,4.271928460704484,0.30207095833079506
R:A:VAL:414,59.434415,3.101255455904109,0.21929187630615732,-8.276159999999999,0.9281263838508201,0.06562844598190634,-66.493765,3.2863665635128103,0.2323812082524639,-0.005250000000000057,1.5477312032455766,0.10944112292689617,0.010091447999999998,0.010739672947985708,0.0007594095569246413,-15.330668551999999,4.8656958798331225,0.34405665518214457
R:A:SER:415,80.361425,5.885614493353689,0.41617579197002197,-4.77041,0.7008470674119998,0.049557371394173044,-72.48521,5.410547800907039,0.3825835039955329,-5.583905,1.010348101386349,0.07144239938492407,0.4953955319999999,0.06038320572817723,0.00426973742401765,-1.9827044680000003,8.088888767913923,0.5719708100055633
R:A:THR:416,47.8034,3.0509784856665245,0.2157367576469063,-5.945855000000002,1.1712680581211972,0.08282115864846977,-56.023649999999996,3.3623182103275115,0.23775180070295998,2.29123,1.109736476421317,0.07847021878075784,0.10742972399999999,0.028668907536922715,0.0020271978928568172,-11.767445276,4.818491390968171,0.3407187937642593
R:A:PRO:417,86.85118999999999,2.7097590213707194,0.19160889793926583,-5.816980000000001,0.6275818588837635,0.044376738816636806,-64.099275,1.6116892285347693,0.11396363826622506,-3.1766449999999997,0.9813184849858888,0.06938969552372312,0.7205182919999998,0.05138921815463956,0.003633766463702047,14.478808291999998,3.3615207769092463,0.23769541364519997
R:A:THR:418,38.57334,3.7052073672602996,0.26199772550921124,-8.089405,0.6798036267739384,0.048069375436706065,-47.80339,2.961513123033561,0.2094106011869981,-1.6786649999999996,1.115285561089625,0.07886259832059174,0.17539880400000002,0.052452670911166996,0.0037089639292632545,-18.822721195999996,4.9201491591958595,0.3479070834916682
R:A:LEU:419,76.3426,3.0948125791394863,0.21883629612109595,-12.400059999999998,1.0151279753804443,0.07178038751636828,-80.799425,1.6858953242639356,0.11921080161577223,0.9789599999999998,0.6042880839467215,0.04272962019489525,0.003546396,0.006372022075792267,0.0004505700019663093,-15.874378603999999,3.716960780239729,0.2628288173111953
R:A:VAL:420,51.97727999999999,3.144248881943031,0.22233197061601376,-10.030104999999999,0.863463730549813,0.06105610591804066,-62.042840000000005,1.7113341650303135,0.1210095992969153,1.75252,0.6119828098892974,0.04327371948423199,0.032144076,0.015870102754469612,0.0011221857275812768,-18.311000924,3.7330028247694167,0.26396316115829915
R:A:GLU:421,98.28453999999999,2.7310825433150123,0.1931166986358248,-7.995939999999999,0.9649653187550317,0.06823335205015213,-99.88403,7.61755213629024,0.5386422771612901,-48.51870000000001,6.622207050523262,0.46826075118463645,0.37961413199999994,0.06720383444590179,0.004752028705843524,-57.734515867999995,10.50120055275892,0.7425470121455754
R:A:VAL:422,56.884865,3.818447321461303,0.27000499946088957,-9.715345,0.9016677691783155,0.06375753939633336,-63.08904,3.119338896048328,0.22057056862147317,1.19912,0.46330828354347386,0.03276084290734901,0.011796696,0.011153848029751166,0.0007886961578161261,-14.708603303999999,5.033746004227454,0.355939593435992
R:A:SER:423,85.330465,2.6788808593841944,0.189425482166141,-8.42292,0.9414275243479977,0.06656897864621328,-77.043385,2.3985230052628226,0.1696011881853279,1.740975,0.8282894448047735,0.05856890832066959,0.000930492,0.002207417137818768,0.00015608796270590505,1.6060654919999997,3.8081057398942355,0.2692737392154629
R:A:ARG:424,-198.78822,3.825099180622641,0.2704753569329376,-12.541045000000002,1.2430279051473463,0.0878953460933797,35.251035,8.268075705009903,0.5846412398376246,5.692355000000001,6.903312775687843,0.48813792763406016,0.20450682,0.08475891981472865,0.005993360696704145,-170.18136818,11.497847160743317,0.8130205696408092
R:A:ASN:425,15.876205,3.715338137098022,0.2627140791143006,-9.992370000000001,0.8766523501936215,0.061988682156503376,-83.172695,4.112755215421287,0.2908157102184732,-0.882205,2.2189407254307176,0.15690280340030574,0.04411745999999999,0.02976705893986169,0.002104848923235584,-78.12694754,6.0342022089770015,0.4266825301018482
R:A:LEU:426,73.09201499999999,3.263437720376321,0.23075989420580645,-10.793040000000001,0.942619667946728,0.06665327592849431,-75.68111,1.731376206345692,0.1224267856292078,-0.7219450000000001,0.6455746215388272,0.045649019265204364,0.015940116,0.019259693743176293,0.0013618660049376076,-14.088139884000002,3.866957290797647,0.27343517228817765
R:A:GLY:427,89.135655,1.8794563671378484,0.1328976342147406,-5.187390000000001,0.7371512110144024,0.052124462006815954,-82.09751499999999,2.0591541733864904,0.1456041879510167,-0.6807,0.941621341092055,0.06658268355961632,0.005468328,0.008867028596030127,0.0006269936049227934,1.175518328,3.0335776614166514,0.21450633356437426
R:A:LYS:428,136.86529000000002,3.2184188533968032,0.22757657959355124,-9.085920000000002,1.2158021358757352,0.08597019348588206,-157.095035,15.274080174065311,1.0800405667468582,18.552015,13.584867677484937,0.9605952056271543,0.211231944,0.09040149898029824,0.006392351295839764,-10.552418056,20.728982660976584,1.4657604206674906
R:A:VAL:429,50.942190000000004,3.6159387942690624,0.2556854841783162,-9.182395,0.9291842492073357,0.06570324835862379,-59.85398,2.595146092149727,0.1835045399928841,-0.639085,0.5338387188795882,0.03774809781796958,0.04468572,0.024916798512136344,0.0017618837193390487,-18.68858428,4.578076517173789,0.3237188950084478
R:A:GLY:430,78.36343,2.2324629078889533,0.15785896609157177,-5.182009999999999,0.7488220548968894,0.05294971529196356,-75.831975,2.217204145850129,0.1567800086805553,-1.766085,1.0103410601252432,0.07144190149257647,0.004336704,0.010521298946897384,0.0007439681832242021,-4.412303296,3.388439033667499,0.23959882183434805
R:A:SER:431,84.03807499999999,4.744708238593286,0.3355015370260992,-5.7958799999999995,0.9078936036783164,0.06419777237568293,-73.199455,7.104820678804989,0.5023866881097417,-3.1750350000000003,2.575688099086339,0.18212865210854384,0.24861877200000002,0.0961130870709916,0.006796221562867124,2.116323772,8.96986125044481,0.6342649716491969
R:A:LYS:432,116.584085,3.529096661721665,0.24954481809661966,-8.814265,1.0365068570805502,0.07329210273880127,-113.31915000000001,11.284832954346289,0.7979581906575681,-5.010795,9.972582575891513,0.7051680765355697,0.5107405319999999,0.12374495592610542,0.008750089747297959,-10.049384468,15.503033269884385,1.0962299954095904
R:A:CYS:433,80.74342,2.1170191552274624,0.1496958600563155,-8.734235,0.7160532311043643,0.0506326095404434,-74.54009500000001,1.5474131271173188,0.10941863154817372,-1.02021,0.6803195542537345,0.0481058570186625,0.00036712800000000004,0.001014008489715939,7.170122792588701e-05,-3.5507528720000012,2.802110890643555,0.1981391612410734
R:A:CYS:434,98.86311500000002,2.2945070476629614,0.1622461492882805,-7.54837,0.8257381625551771,0.05838850542272854,-80.524235,2.11598475887115,0.14962271718851716,-2.95133,1.16285286734823,0.08222611480241541,0.061059275999999996,0.0528122921110817,0.003734392988175068,7.900239276000001,3.43205674981461,0.2426830601210973
R:A:LYS:435,131.1642,3.207868153462669,0.2268305324465822,-5.743199999999999,1.1577455894971054,0.08186497572222201,-120.784035,7.170235523591607,0.50701221614363,-13.108625,6.759578886615275,0.47797440686910736,1.268473248,0.14980232028040452,0.010592623650775311,-7.203186752000001,10.428682460565735,0.7374192086707241
R:A:HIS:436,122.51988499999999,3.521148398147258,0.24898279098940754,-9.632185,0.9784772970156231,0.06918879319568307,-94.32394499999998,3.617998234103356,0.2558311085655437,-4.05406,2.097721622713557,0.14833131844624045,0.29096676,0.08424870142983096,0.005957282808719425,14.800661759999999,5.554579096080783,0.39276805454757646
R:A:PRO:437,81.253205,2.534338434971738,0.1792047893190218,-4.655925,0.755336328647709,0.05341034400633457,-62.540365,1.4870186117782789,0.1051480944139027,-1.144895,1.015679798940099,0.07181940733447331,0.672464196,0.053316705506353104,0.003770060401406842,13.584484196,3.1998557388085564,0.22626396917302202
R:A:GLU:438,86.24069,3.1532435671701613,0.22296799090788796,-5.22536,0.7143830347929604,0.05051450882667276,-46.44291499999999,9.15954120181655,0.6476773696362061,-89.023395,9.458793719548757,0.6688377180937652,0.945500508,0.1334882079842603,0.00943904170741107,-53.50547949199999,13.558653357642891,0.9587415732947039
R:A:ALA:439,96.29618,2.0249582434213305,0.14318617055428223,-3.5350400000000004,0.5292060453169446,0.03742051832885269,-73.78599,1.4898653965711128,0.10534939249706186,-5.029235,1.0537845556730274,0.07451382052260506,0.5767531199999999,0.10172650241527426,0.007193149968423013,14.52266812,2.7786730640664876,0.19648185663018153
R:A:LYS:440,143.82066500000002,3.218574594875036,0.2275875921790883,-8.31933,1.1059461655523746,0.07820220332893442,-160.50169,12.11363923451165,0.8565636447570606,20.862,11.140377723398789,0.7877436633194835,0.6283353239999999,0.16133005684252832,0.011407757720256295,-3.5100196759999993,16.80644632440231,1.1883952163632598
R:A:ARG:441,-187.037385,4.100398881423001,0.2899419854623938,-13.309115000000002,1.0280102975043586,0.0726913052494932,-3.6331550000000004,12.344316936589687,0.8728750214978516,25.932745,10.603849378408531,0.7498053802153429,0.448299432,0.13174981797718496,0.009316118971176079,-177.598610568,16.814018450211034,1.1889306465139946
R:A:MET:442,98.711175,2.927459699872058,0.20700266054298672,-11.376515,0.8760368427041182,0.06194515920453348,-74.55917000000001,1.6171672334981309,0.11435099171192172,-1.08657,1.0086162229014564,0.07131993708283821,0.04361651999999999,0.04004231551176829,0.0028314192832782636,11.732536520000002,3.6016108586827564,0.25467234613696815
R:A:PRO:443,78.707595,2.518783214366611,0.178104869121748,-9.66368,0.8136636575391579,0.05753470898509873,-55.026725000000006,2.566422745647139,0.181473492683849,-3.296179999999999,1.415769549608975,0.10011002491259305,0.043688664,0.03317278176974466,0.002345669894020793,10.764698664,3.9494742674184296,0.27927000366133437
R:A:CYS:444,76.95588,2.3005650035589085,0.1626745114576958,-9.297405000000001,0.6184886668120928,0.0437337530389858,-66.248785,1.3956156665697759,0.09868493017616721,-0.662535,0.7128684792968476,0.05040741358049429,0.003005244,0.008920718756942402,0.0006307900726092001,0.7501602439999994,2.851513931817297,0.2016324837835925
R:A:ALA:445,94.06821500000002,2.483862618740215,0.1756356101246982,-7.27869,0.7998741175335028,0.05655964126035453,-83.39448499999999,1.1922738400950514,0.08430649173625362,-0.034305,0.46389021543356573,0.03280199170591627,0.0015223320000000002,0.004685036989072338,0.0003312821425082855,3.362257332,2.9062183510528916,0.2055006703638286
R:A:GLU:446,102.93841,2.7638135378313784,0.19543112945357502,-9.700065,1.3881833527221827,0.09815938622401324,-123.235915,5.739406079706766,0.40583729589439527,-37.18739000000001,4.515504281683277,0.3192943698055135,0.00505962,0.00475545392319177,0.0003362613716709072,-67.17990037999999,7.9307188812044025,0.5607865100583822
R:A:ASP:447,92.284115,7.895959011530835,0.5583286161024482,-9.1719,1.2263705965164038,0.08671749650445405,-84.20810499999999,6.954075014261422,0.49172735994641886,-61.772870000000005,6.775472896639763,0.4790982830959636,0.065338236,0.04387770285285573,0.0031026221230142604,-62.80342176399999,12.574508780928886,0.8891520429084602
R:A:TYR:448,87.72167499999999,3.3045400087417613,0.23366626488835524,-15.903310000000001,0.8828691657884536,0.062428277402952585,-81.93078,1.5103272564580172,0.10679626448523379,-3.6451500000000006,0.8481696218917535,0.059974649123608885,0.029537244,0.01793347002186872,0.0012680878262669034,-13.728027756,3.834089770952426,0.2711110876718437
R:A:LEU:449,74.103275,3.2337193461051936,0.22865848780851106,-9.906524999999998,0.9466080019601567,0.06693529373114755,-80.56763,1.374857906512524,0.0972171348862946,0.6671250000000001,0.5585169105541926,0.039493109486023,0.095440896,0.025163875382627057,0.001779354692398882,-15.608314104000002,3.6818223941207804,0.2603441582007293
R:A:SER:450,81.36323,4.428127106023494,0.31311587046251743,-7.170075,0.802668810515894,0.05675725589627286,-77.15297,4.299477784464061,0.3040189896955451,0.351485,0.9536919312728822,0.06743620317659497,0.08642232,0.03096582198375493,0.0021896142709728578,-2.52190768,6.2967121013653715,0.44524478260548495
R:A:VAL:451,57.630500000000005,2.70640356192494,0.1913716311264551,-10.349794999999999,0.76200629457702,0.053881981820224474,-59.830690000000004,1.7443679382228967,0.12334543980018069,0.5080250000000001,0.46385553179303574,0.03279953920217477,0.009158256,0.008471879532197328,0.0005990523466612247,-12.032801743999999,3.341156545867435,0.23625544505886853
R:A:VAL:452,46.39567000000001,3.662314941549948,0.2589647730010783,-10.733979999999999,0.9429251293713622,0.06667487531296928,-48.907565000000005,2.647775320108374,0.18722598839070126,-0.36793,0.5396577388493563,0.03815956466601788,0.0038838600000000003,0.006893548300345766,0.000487447474961149,-13.60992114,4.647972748691968,0.3286613049370367
R:A:LEU:453,57.307785,3.338050048872095,0.2360357825497545,-11.144214999999999,0.9747986093419502,0.06892867069569092,-62.016485,1.645887164958461,0.11638179754100295,-0.568395,0.545979037120474,0.03860654795335889,0.008679708000000001,0.008967115525403696,0.0006340708195696124,-16.412630292,3.8858626501024,0.2747719830646935
R:A:ASN:454,32.241325,3.015442809833242,0.21322400591133023,-10.990585,1.1491553953991602,0.08125755727238544,-95.95141,2.723284917503125,0.19256532322695072,-0.45725499999999997,1.3650922825856866,0.09652660099617617,0.021470724,0.00990978921014085,0.0007007279150619875,-75.13645427600001,4.437714428390723,0.31379379652844636
R:A:GLN:455,33.12907,2.7516415255443434,0.19457043821069017,-11.70763,0.9121984559842228,0.06450217140143423,-73.29943,2.58422204446522,0.18273209317331207,-3.3862800000000006,1.436150640288128,0.10155118565531375,0.046915092,0.02225772845720641,0.0015738590725899444,-55.217354908000004,4.140635790718145,0.29278716460405224
R:A:LEU:456,70.26824,3.663890821572062,0.25907620454607555,-10.407725000000001,0.9990608987319042,0.0706442736311656,-71.879375,2.1153819027246588,0.14958008882159077,-2.3706199999999997,0.5098872283162229,0.03605447167828146,0.02257218,0.014434127114294095,0.0010206469163025966,-14.366907820000002,4.376899879569505,0.30949355854181804
R:A:CYS:457,98.41221999999999,2.2590057396120087,0.15973582772189834,-8.41476,0.7421189004465524,0.05247573069524615,-86.573515,1.3609468578070927,0.09623347519899192,-0.72061,0.8231583978190345,0.058206088508849306,0.0423783,0.01709663487299182,0.0012089146454162924,2.7457133,2.860752660856751,0.2022857605789268
R:A:VAL:458,53.477219999999996,2.9684113194771378,0.20989837733531913,-8.92779,0.923554890572293,0.06530519259216683,-49.618084999999994,1.70988124376373,0.12090686224890215,-3.146975,0.8653638624156893,0.06119046553079164,0.063104904,0.02971237144380744,0.002100981933304977,-8.152525096,3.652102230861948,0.25824262530290015
R:A:LEU:459,62.75653500000001,2.8260982818675995,0.19983532594082304,-9.116675,1.021021502895507,0.07219712284346931,-67.27992,1.981638386184523,0.14012299407306428,-2.7433050000000003,0.6418806134905463,0.045387813451134656,0.062606232,0.03545784128211665,0.002507248001682099,-16.320758768,3.656429280354453,0.25854859390676815
R:A:HIS:460,109.69050999999999,3.1140861115100846,0.2201991406647628,-11.731979999999998,0.8712210452003556,0.061604630897360305,-88.59386500000001,2.1126144056062386,0.14938439722365587,-8.99896,1.6165264824307706,0.11430568376944342,0.24719983199999998,0.07965697250476304,0.0056325985426908315,0.6129048319999996,4.187982945039727,0.2961351139931199
R:A:GLU:461,101.53495500000001,2.7543755014476514,0.19476375950077315,-5.9354700000000005,0.9044443703733248,0.06395387474969753,-51.36457,12.846367793469872,0.9083753780379011,-95.42109499999998,11.677589254892254,0.8257302550045476,0.7261221240000001,0.1245529784532342,0.008807225568126383,-50.46005787599999,17.601573047815688,1.244619166166084
R:A:LYS:462,134.948625,3.5741892667253925,0.2527333467745699,-5.465139999999999,1.126210295815129,0.07963509372129854,-186.42362999999997,8.60541364857611,0.6084946345823438,45.663655000000006,8.235013885596976,0.5823034161671001,0.9227879640000001,0.1660649268740546,0.011742563590989215,-10.353702036,12.487567972339036,0.8830043993768878
R:A:THR:463,53.891949999999994,3.909454611259734,0.2764401866362776,-5.93396,0.9255302687648849,0.0654448729237058,-58.074690000000004,4.040825950706118,0.2857295431338874,-4.03348,1.707278386672777,0.12072281245895491,0.19578301199999998,0.07007744175138712,0.004955223427061112,-13.954396988,5.948817221704027,0.42064489975062347
R:A:PRO:464,86.099755,2.6559273644011805,0.18780242497069893,-3.933325,0.6805351125217567,0.04812109928996843,-59.707260000000005,1.38112573012018,0.09766033694392008,-3.7782549999999997,1.0741271014060674,0.07595225572604807,0.851835564,0.052443317974105175,0.003708302576741212,19.532750563999997,3.2528580999369057,0.23001180207029742
R:A:VAL:465,58.77942,3.1023698318543516,0.21937067458527812,-7.969945,0.8614323374328364,0.060912464733213684,-58.377039999999994,1.9812604645528056,0.1400962709782098,-5.94752,1.0942283306513316,0.07737362727699923,0.1456236,0.046151264970745925,0.0032633872421151612,-13.3694614,3.9359398944640147,0.2783129789718169
R:A:SER:466,65.295045,5.600772372001472,0.3960344124124506,-5.243009999999999,1.0782614617522042,0.07624459914971027,-65.979505,6.3322669053013705,0.44775888690217525,-1.5775400000000002,1.4442580650285461,0.10212446715650467,0.13141584,0.05395977060517586,0.0038155319706190383,-7.37359416,8.643939849287115,0.6112188483599542
R:A:ASP:467,92.878685,9.22371707587429,0.6522152892096864,-4.65502,0.8735435705218144,0.0617688582377884,-54.04162,16.6566117954883,1.177800315218161,-92.16332,10.905684885306378,0.7711483735883775,0.803657088,0.08635086188140252,0.006105927999764268,-57.177617911999995,21.95960315807011,1.5527784305236898
R:A:ARG:468,-179.118885,4.549478371393253,0.32169670072736994,-8.581119999999999,1.31115893986961,0.09271293775951658,-0.337085,12.297098815077279,0.8695361961062201,20.115065,10.614323732615988,0.7505460289042072,0.88829712,0.1876127029206626,0.01326622144719377,-167.03372788000001,16.921424210515564,1.1965253806589777
R:A:VAL:469,62.131735000000006,3.0964444972863636,0.21895169015989577,-9.158055,0.9615957164916032,0.06799508518911494,-72.517945,2.2581916951346273,0.15967826608488397,1.6241649999999999,0.9061970413629697,0.06407780730389422,0.013228776,0.010456200938516054,0.0007393650589073844,-17.906871224,4.053808948216242,0.286647579691841
R:A:THR:470,49.058255,3.2627491291815556,0.23071120345547805,-7.1856100000000005,0.9184253632712895,0.06494248023828471,-60.17914,3.1795938892254783,0.22483124004906438,-0.49249499999999996,1.0388233969135467,0.07345590684128132,0.29785788,0.06828634610638937,0.004828573839427952,-18.50113212,4.762632822642804,0.3367689965192354
R:A:LYS:471,117.65637999999998,3.5257505081329845,0.2493082093072749,-7.966234999999999,1.0978670546905942,0.07763092392130214,-151.07673,16.414045864353493,1.1606483137391361,25.87082,14.582255025461597,1.0311211413495507,0.814585788,0.10202811301180012,0.007214477058231129,-14.701179212,22.264539108544774,1.5743406583645099
R:A:CYS:472,80.88338,2.198655456318702,0.15546841826557573,-8.88419,0.7361999483156733,0.05205719757631983,-79.52838,1.651534021932337,0.11678109062686477,1.65986,0.6458529247437066,0.04566869827354399,0.004581972,0.0077694443258199625,0.0005493826768838639,-5.864748028,2.919045592272435,0.20640769328885408
R:A:CYS:473,97.990545,2.4183113153552007,0.1710004330107822,-8.75249,0.6941958512552492,0.049087059389415454,-88.62180999999998,1.6289003695438218,0.11518064971817095,1.035215,0.9307154284608158,0.06581151908195859,0.031126535999999996,0.014318518937065523,0.0010124721836947028,1.6825865359999994,3.1384534631780903,0.2219221726251632
R:A:THR:474,36.102425000000004,3.7260058003678687,0.26346839681805295,-5.933540000000001,0.9117989023902147,0.06447391869585717,-46.057265,3.9496712008438117,0.27928392895738735,-6.224935,1.7684940460106162,0.12505141324221408,0.47802074399999994,0.08790451311326435,0.006215787731929101,-21.635294256,5.783571340594898,0.4089602514410824
R:A:GLU:475,91.274095,2.6912464781165992,0.19029986345206606,-5.057625,1.0551185878255582,0.0746081508407426,-51.599255000000014,13.057448416898877,0.9233010320582745,-89.22274999999999,12.259453624754244,0.8668742791705726,0.910260828,0.07701715019107377,0.005445934916777107,-53.69527417199999,18.142579111560973,1.2828740717998173
R:A:SER:476,65.24456500000001,3.629396277037684,0.2566370719106556,-7.439735000000001,0.6589417385285288,0.04659421717203756,-55.61403,3.007835678540302,0.2126861004990688,-3.0036350000000005,0.9215052369764374,0.06516026019649553,0.11785982399999999,0.02944747306055689,0.0020822507889927955,-0.6949751760000004,4.848075502206485,0.3428107063314582
R:A:LEU:477,76.821635,3.3970223478474493,0.2402057538005178,-9.513625,0.7606314773758709,0.053784767563642026,-73.01093,1.8362393784852777,0.12984173164087112,-1.380515,1.0202994853350658,0.07214606849215693,0.170475948,0.04391817865069197,0.003105484194126655,-6.912959052,4.066083616631732,0.287515529819182
R:A:VAL:478,48.72738999999999,2.9666094650122052,0.20977096698423262,-7.61886,0.9328311585705099,0.06596112379273111,-55.34155,1.9840172573594212,0.14029120566699824,-0.09876,0.9916067579438939,0.07011718628125348,0.143339256,0.04187687054810166,0.0029611419139433893,-14.188440744,3.819987931981841,0.27011393707551357
R:A:ASN:479,25.798990000000003,6.39955153584218,0.4525166287546791,-7.9157150000000005,0.7460201631155823,0.05275159162409225,-79.34402999999999,5.087334829662777,0.3597288956221059,-7.412084999999999,2.624619886340687,0.18558865196685653,0.38608311599999995,0.09646127285663685,0.006820842015881377,-68.486756884,8.61914821416311,0.6094658150286656
R:A:ARG:480,-170.62076999999996,3.9627460248040123,0.28020845862589516,-15.520154999999999,1.0631827128838205,0.07517837059204596,0.7494749999999999,5.739501372016127,0.4058440340782097,23.864179999999998,3.8220149263968084,0.27025726722513865,0.039695075999999996,0.011809218346115207,0.0008350378373050649,-161.48757492399997,8.023934639108669,0.5673778595111373
R:A:ARG:481,-172.57515499999997,3.726897252537962,0.26353143200551055,-10.238195000000001,1.8588802992594762,0.13144268650204544,-18.189305,6.8966862913992975,0.48766936443647446,34.73894,4.841240957275314,0.3423274310247427,0.068126868,0.025804631983490405,0.0018246630261549335,-166.195588132,9.399348955398816,0.6646343385101194
R:A:PRO:482,82.91582999999999,2.762898628451649,0.1953664355909172,-9.305354999999999,0.8110998452564271,0.05735342008001789,-61.79864,1.7698384588430662,0.12514647758526806,-3.296145,1.1110722676653395,0.07856467348544764,0.214293888,0.04117917603745194,0.002911807461975685,8.729983888,3.558088991156507,0.25159488537119673
R:A:CYS:483,81.08069499999999,2.3497861204745853,0.1661549700125609,-7.513265000000001,0.6309527436940107,0.04461509636742926,-67.76260500000001,2.212253597347059,0.15642995203884394,-3.1930899999999998,1.3370755931883582,0.09454552189025137,0.18282049200000003,0.04561479157948149,0.003225452844826239,2.7945554919999993,3.5501428149915104,0.2510330058661196
R:A:PHE:484,105.41478,3.0175798964733307,0.21337512075684922,-13.670129999999999,0.8850128660646691,0.06257985990316693,-84.51127000000001,1.9073931784244167,0.13487306508528674,-1.2033049999999998,1.0936172191287954,0.07733041516683457,0.028223748,0.019706738970263347,0.0013934768760946413,6.0582987479999995,3.8371306883315603,0.2713261130018251
R:A:SER:485,72.952725,2.552753667977974,0.18050694293260577,-5.494065000000001,0.7937143949652167,0.056124083100528244,-65.092505,2.1491908616907436,0.1519707432365684,-7.71734,1.3613353570667295,0.09626094624508943,0.35158032,0.06547157218672545,0.004629539266817812,-4.99960468,3.69094509188224,0.26098923034571364
R:A:ALA:486,83.90689,2.5206914305206025,0.1782398003799937,-3.9430549999999998,0.5385186737477169,0.03807902060025966,-67.89382499999999,2.01368143567323,0.14238877983140036,-3.808965,1.7660440916848592,0.12487817531048008,0.548601696,0.0917020742727425,0.006484315856712866,8.809646696,3.7183493082886825,0.26292700107112355
R:A:LEU:487,78.766565,4.3936669691471835,0.3106791708159319,-9.271035,1.213071302016085,0.08577709437183681,-84.59291499999999,4.142923319079777,0.2929489172857189,0.7902750000000001,1.7027497729775212,0.12040259111362595,0.076206852,0.06325686568668176,0.00447293586836593,-14.230903147999998,6.390854658631857,0.4519016666696224
R:A:GLU:488,103.162215,2.9039608500761505,0.2053410409389097,-5.7387,0.7391662397593657,0.052266946055800886,-77.47996,10.68914475196215,0.7558366739197032,-73.435075,10.747631339480108,0.7599723001839441,0.934093512,0.10406667870214102,0.007358625420584557,-52.557426488000004,15.451847143955511,1.0926105897348928
R:A:VAL:489,50.628855,3.1754729653982254,0.22453984673076402,-6.33999,0.8309074677122598,0.05875403049578812,-54.88472500000001,3.255613590304445,0.23020664466273555,-2.388245,1.405466194888728,0.09938146771342733,0.40925361600000004,0.11853445432102745,0.008381651645464557,-12.574851383999999,4.833470933510015,0.3417780073753004
R:A:ASP:490,94.18049,2.9734814006312527,0.21025688621184319,-6.22754,1.4447463508865492,0.10215899418063981,-88.94677,8.205886535110023,0.580243801462368,-66.92152,6.735176096406091,0.4762488690254287,0.10026259199999998,0.04138138398383428,0.002926105722985361,-67.815077408,11.118892343841647,0.7862244175613614
R:A:GLU:491,102.27742999999998,2.9887323006753217,0.21133528769587914,-4.16782,0.773215013822158,0.05467455795888979,-56.359455,11.985447090449943,0.847499091320973,-97.45545,11.413014841727843,0.8070220188368469,1.06705584,0.14356773204528656,0.010151771688879532,-54.63823915999999,16.8362360298215,1.190501666634406
R:A:THR:492,37.41415,5.133166513712564,0.3629696850805863,-3.416695,1.0138214990692396,0.07168800569045704,-51.23318999999999,4.24130086929706,0.29990526057323497,-5.039020000000001,1.268449691394972,0.08969293783793682,0.76234014,0.08912166086504224,0.006301853074827912,-21.51241486,6.854398065724688,0.4846791353225881
R:A:TYR:493,89.20342000000001,3.3470995972035245,0.2366756822489374,-11.7295,1.0357722095132693,0.07324015531114061,-82.47546,2.03713443307014,0.1440471571812509,-8.412370000000001,1.2125847570788608,0.0857426904493905,0.33160024800000004,0.07621092080245256,0.005388925889988513,-13.082309751999999,4.23107390381562,0.2991821049089463
R:A:VAL:494,64.897975,4.0177552730816,0.2840981998744008,-3.889295,0.7932394392458055,0.05609049865953235,-55.213609999999996,3.145682183231485,0.22243332032206867,-3.7461349999999998,1.268920508453938,0.08972622963144612,0.8139815640000001,0.09279306825964266,0.006561460781349951,2.8629165640000007,5.318427629529431,0.3760696242090156
R:A:PRO:495,88.13302,2.7689978926680316,0.1957977186996825,-6.0072149999999995,0.5779862963557181,0.040869802958602576,-55.53412,1.6105216035806538,0.11388107471393129,-5.557785,1.3095574018633165,0.09259969192105878,0.42342325199999997,0.06865393487693838,0.004854566290662275,21.457323251999995,3.509252238800181,0.24814160549496816
R:A:LYS:496,120.21484000000001,4.187794942974166,0.29612182023957634,-4.380485,1.0244846215414851,0.07244200231133179,-130.80383,7.799059051007371,0.5514767541841632,3.2170799999999997,7.944842875954187,0.5617852273048838,1.35600012,0.176451487977182,0.012477004369912194,-10.396394879999997,11.940024319761008,0.8442872164035303
R:A:GLU:497,95.25843,2.9637173051929224,0.2095664604021836,-4.39712,0.8258054163058026,0.05839326098104129,-48.455135,8.311568554537406,0.587716648721027,-101.773485,8.587200507719324,0.6072067710416897,0.958829112,0.14797998649406158,0.010463765192984465,-58.40848088799999,12.341379879237689,0.8726673401808185
R:A:PHE:498,91.453205,3.4631976009137855,0.24488505081951203,-10.72583,1.1111809938529367,0.07857236158790189,-66.155265,2.18629082117979,0.1545941065302135,-5.3865549999999995,1.5014405239552449,0.10616787760370365,0.296201736,0.12670648666578954,0.008959501594170265,9.481756736,4.50318848812574,0.3184235116914907
R:A:ASN:499,22.287664999999997,6.808967003354841,0.48146667409476535,-6.19588,1.1207399678783656,0.07924828312335858,-86.92127,6.822831770394166,0.4824470611740732,-6.664114999999999,2.5533965363364537,0.1805524005901749,0.43038680400000007,0.12087349723697739,0.008547046956200012,-77.06321319599999,10.035116709315558,0.7095899075155463
R:A:ALA:500,93.073665,2.3692025710721745,0.16752792040097378,-4.9985100000000005,0.6869553187071195,0.048575076422997014,-83.23477999999999,1.954768009662528,0.1382229715278904,-1.44944,0.9253920933312538,0.0654351024450944,0.303396048,0.04842219902513408,0.003423966529063694,3.6943310479999996,3.280981810378325,0.23200044870682288
R:A:GLU:501,110.18789000000001,3.1276266525754,0.22115660150558475,-5.39713,0.6235895469778178,0.044094439734506205,-52.81746999999999,6.67396593331881,0.47192065688577356,-107.16109499999999,6.59755790849728,0.46651779363693624,1.04800446,0.0680318157532518,0.004810575825555814,-54.13980054,9.911868258004125,0.7008749259462408
R:A:THR:502,39.568225000000005,3.9995941549581002,0.28281401489649516,-7.035165000000001,1.0555773907085164,0.07464059310371937,-50.65525,3.8325786864068427,0.2710042378589309,-2.37951,1.6345328996077135,0.11557892973851246,0.18811479599999997,0.07237537855159297,0.00511771209647748,-20.313585204000002,5.871677138175301,0.4151902721341776
R:A:PHE:503,99.55266999999999,2.899412076801089,0.20501939409602207,-14.620835,0.876098280888052,0.06194950354018182,-77.21209,1.6527962947381019,0.11687034679293115,-2.0346949999999997,0.837123707689013,0.059193585039892624,0.01738602,0.021316548527367182,0.0015073076015193448,5.70243602,3.5506484869656023,0.2510687622743132
R:A:THR:504,43.0,4.414539126568028,0.3121550552209591,-6.815865,0.8002723641204912,0.05658780154657892,-55.512585,5.926357941668306,0.4190567888292409,-3.07766,2.476891813220755,0.17514269973938393,0.34905200399999997,0.07518845576043162,0.005316626693514593,-22.057057996000005,7.835238118132062,0.5540350005542504
R:A:PHE:505,91.32601499999998,3.098460061833136,0.21909421209579,-12.480685000000001,0.8266615303587074,0.0584537973862691,-65.54213,1.6711043633178626,0.11816492273724886,-3.574875,1.04776030148837,0.0740878414240488,0.094260564,0.03763421371140234,0.002661140771995634,9.822585564,3.7650540257832525,0.2662295233165048
R:A:HIS:506,107.9457,3.133065300947301,0.22154117202001078,-7.375405000000001,0.8413915265647735,0.05949536540668524,-85.94041000000001,2.6708163849093034,0.18885523770735085,-6.701685,1.690849717087536,0.1195611300919952,0.824583528,0.06582411071411155,0.004654467505152236,8.752783528,4.52996728710057,0.3203170587262041
R:A:ALA:507,84.18996500000002,2.1539127033784355,0.15230462786427404,-5.008179999999999,0.7518877892345373,0.05316649544591029,-74.170395,1.870459523479458,0.13226146129872832,-1.77069,1.129162071582286,0.07984381578744842,0.193270824,0.06370336665524219,0.004504508254633475,3.4339708239999993,3.159487159836737,0.2234094795792382
R:A:ASP:508,95.450255,3.613057334166592,0.2554817341804987,-5.26768,0.995418322917556,0.07038670462523444,-62.161875,9.941340690740612,0.7029589416508443,-91.00253,8.681480001652943,0.6138733379904195,0.637337592,0.08028087383564242,0.005676715028876443,-62.34449240800001,13.720416746759328,0.9701799722338991
R:A:ILE:509,77.93116,3.1048625677153567,0.21954693762838048,-9.44511,1.151645860453638,0.08143365974521838,-68.774135,2.4378559405295053,0.17238244671043218,1.609135,0.8592844097125235,0.0607605833075605,0.061299036,0.04037788304642412,0.0028551474912083823,1.3823490360000001,4.201142869421284,0.29706566117013006
R:A:CYS:510,93.739385,2.248924575608306,0.15902298177897117,-6.619425,0.5913581354602302,0.04181533476937617,-86.28448999999999,1.9284472717448098,0.13636181430114516,-0.76697,1.3566395686032453,0.09592890385853471,0.22465155600000003,0.055339317254665,0.0039130806497007335,0.29315155599999976,3.312070112510333,0.23419872363213476
R:A:THR:511,40.12842,5.174560779776386,0.36589670170418315,-4.118790000000001,0.7714703856273422,0.054551194116169446,-48.262975000000004,3.2857099863461783,0.2323347812357741,-5.561240000000001,1.485553601321743,0.10504450253107013,0.9086172119999999,0.05915833850145435,0.004183126231810759,-16.905967788,6.3543296377579646,0.4493189576753315
R:A:LEU:512,71.1326,4.384264603100502,0.31001432313685123,-9.044035000000001,0.9706574234893586,0.06863584463583879,-71.492565,3.0218848862547696,0.21367952950358862,-3.81807,1.6751445176760125,0.11845060479161768,0.318528072,0.07789818993894798,0.005508233834798781,-12.903541928,5.666384869795358,0.40067391662451496
R:A:SER:513,72.14085499999999,3.8428593890454805,0.2717311933140452,-4.816325,1.0386252015886193,0.07344189231545575,-71.32423499999999,5.391359073533779,0.3812266560707357,-2.32291,2.860884229027802,0.20229506385352067,0.4525047,0.049259244405471754,0.003483154575523458,-5.8701103,7.286984856453622,0.5152676406402037
R:A:GLU:514,100.04092,2.865124884468389,0.20259492347539212,-5.537135000000001,0.9897015038762951,0.06998246447414523,-77.57728,10.531871226501016,0.7447157562842349,-65.12104,10.347366243078477,0.731669283790156,0.8700923159999999,0.109016140038184,0.007708605187978219,-47.324442684,15.0727779088383,1.065806347065835
R:A:LYS:515,123.82440000000003,3.4092071130982937,0.24106734681412165,-7.024749999999999,1.2214763515926126,0.08637142112701399,-144.75831,11.822615538192046,0.835985161841704,12.612115000000001,9.913899105890428,0.7010185285774372,0.572261724,0.12845599101346666,0.009083210232966049,-14.774283276,15.8490009844407,1.1206936071130287
R:A:GLU:516,105.56676999999999,3.1127518174599142,0.22010479182766557,-7.731025,1.221959567405976,0.08640558964485458,-110.52365999999998,14.746207302028544,1.0427143180046967,-44.77128999999999,13.244363887174801,0.9365179517123524,0.34691335199999995,0.13117529480879886,0.009275494048344619,-57.11229164799999,20.10132882646675,1.4213785924055264
R:A:ARG:517,-191.763435,4.030955554924291,0.2850316007548549,-12.715305,1.2272230652880511,0.08677777514937221,-8.473555,11.091564792984578,0.784292067908936,37.103175,9.29688629511919,0.6573891343199058,0.33243192,0.08775263605246739,0.00620504840196948,-175.51668808,15.073728271540329,1.0658735478569543
R:A:GLN:518,34.826220000000006,2.881067788442334,0.20372225702657037,-10.34492,0.9736562040063217,0.06884789043972225,-85.15711500000002,3.9128759080470465,0.2766821088521536,-4.668615,2.7579585650939356,0.1950171203609442,0.333747504,0.07320356911344954,0.005176274012717827,-65.01068249600002,5.671935303428712,0.401066391550582
R:A:ILE:519,93.10654000000001,3.1643351258044716,0.22375228254031287,-7.990025,1.0551729594597274,0.07461199549586513,-75.13808,1.8478764930589922,0.13066459990372295,-1.1802650000000001,0.6756431859902089,0.047775187847616044,0.40729449599999995,0.049998795631162794,0.0035354487441955538,9.205464496000001,3.872989528867148,0.2738617159326452
R:A:LYS:520,139.969215,3.419621528586898,0.24180375719553027,-9.113689999999998,0.9398539109350985,0.06645770737469056,-144.18543,7.661160927372561,0.5417258843506556,8.669185,7.83487342340481,0.5540092127427801,0.656834904,0.15646793106916312,0.011063953509723452,-4.003885096,11.51869121480401,0.8144944668381826
R:A:LYS:521,129.50507,3.079557670364366,0.21775761117696898,-12.068805,1.0419190645030927,0.07367480359576806,-123.30113499999999,9.063508791675275,0.6408868527937478,-6.036485,9.007974150705307,0.6369599606716854,0.21601584,0.07186336819457323,0.005081507496928839,-11.685339159999998,13.185796337055766,0.9323766005276871
R:A:GLN:522,39.648435,2.838747606916649,0.20072976829278463,-12.149835000000001,1.0279216836777985,0.07268503930572645,-96.22715,2.353182293724819,0.16639511572609336,-1.7144599999999999,0.8589577686941309,0.06073748629964859,0.001536408,0.0027600336531165702,0.0001951638512421806,-70.44147359200001,3.923059257420893,0.27740218039189746
R:A:THR:523,39.331565,2.9744402726857704,0.21032468870504717,-8.199404999999999,1.0238685809101673,0.07239844166054266,-50.323665,2.1093647178179022,0.1491546095964687,-2.4412700000000003,0.9348603677020435,0.06610461054646642,0.170886492,0.047324358495687356,0.003346337480760373,-21.461888507999998,3.901438814275065,0.2758733841958302
R:A:ALA:524,82.29857,2.0646730673644194,0.14599443268666104,-7.740365000000001,0.5501242421262672,0.03889965821025937,-66.05354,1.3164734932386606,0.09308873343213994,-1.958305,0.5724535107543669,0.0404785759368459,0.026320752,0.022784323966325973,0.001611094998134027,6.572680751999999,2.574264198303781,0.18202796711863548
R:A:LEU:525,87.112075,2.9997901542232923,0.21211719601879292,-11.443855,0.9058164405523892,0.06405089476248556,-87.76235000000001,1.3851946532888437,0.097948053260389,-1.6402000000000003,0.560374580080146,0.039624466557923524,0.040726835999999995,0.028577129748641725,0.002020708223211238,-13.693603164,3.4717207467183586,0.24548772823905757
R:A:VAL:526,51.427305,2.658155808445961,0.18795999976025485,-10.60688,0.8844974989224107,0.06254341794305776,-60.03495,1.7072394318021125,0.1207200579336342,0.25782499999999997,0.5472348073496421,0.038695344317824586,0.00029023199999999997,0.0009331523299954837,6.598383404198334e-05,-18.956409768,3.325997806707526,0.23518356033344756
R:A:GLU:527,89.50537,2.886509018364571,0.20410701008417126,-10.393885000000001,1.198293554090566,0.08473214979495682,-68.157675,9.251789697100502,0.6542003232931599,-67.113585,8.30317523257067,0.5871231512330909,0.10773540000000001,0.062399932440309586,0.004412341537412534,-56.05203960000001,12.81834884252233,0.9063941390162271
R:A:LEU:528,82.49367999999998,3.51173778030194,0.2483173598200496,-11.017535,0.9920027715561082,0.07014518867231737,-84.33274999999999,2.304469478535135,0.1629505995309621,-0.85586,0.5893824483304538,0.04167563259267939,0.017884404,0.02720478959783339,0.0019236691205381238,-13.694580596000002,4.356037544013144,0.30801836864748877
R:A:VAL:529,64.85806000000001,2.8525093350241644,0.2017028694193516,-10.284645000000001,0.8753942534509808,0.061899721282692374,-63.43687,1.4390819862328903,0.10175846311486825,0.18094000000000002,0.7075071634973035,0.050028311304700264,0.0048418919999999996,0.00577007150884077,0.0004080056691832602,-8.677673108,3.387429888366727,0.23952746448581022
R:A:LYS:530,124.398265,3.1347662552054816,0.22166144764905554,-10.687249999999999,1.1499643070547885,0.081314755964093,-159.19323,9.565898408257324,0.6764111632620354,32.999120000000005,8.499721622829775,0.601021079770086,0.228440664,0.05671070590269093,0.004010052470966872,-12.254654335999998,13.225130377774693,0.9351579372200692
R:A:HIS:531,117.632545,2.7212780908931378,0.19242341915649197,-11.060075000000001,0.7641885823375013,0.05403629286761815,-90.195345,2.796502634716264,0.19774259766139168,-7.066084999999999,2.1947191705944977,0.15519008083274846,0.320213592,0.07303744432685427,0.005164527216405359,9.631253592,4.542234288252182,0.3211844666961169
R:A:LYS:532,140.86492,2.873457567739604,0.20318413316004771,-7.800364999999999,1.2177315310753023,0.08610662232880233,-149.971855,9.886836859378988,0.6991049387751991,18.009494999999998,8.838902120737337,0.6250047627817528,0.461330928,0.12595815866493926,0.008906586813774963,1.563525928,13.62465514121584,0.9634086041681879
R:A:PRO:533,94.12197,2.8303251737388764,0.20013421233137527,-6.918255,0.6338618934555066,0.044820804319813355,-68.975075,2.546341186756991,0.18005351203704695,-0.52635,1.5864168044684852,0.1121766080227959,0.249898752,0.0867080253883301,0.0061311832735383535,17.952188752,4.173800604678756,0.29513227108888607
R:A:LYS:534,116.32558499999999,3.706410711561119,0.26208281480073237,-4.16491,0.7628946269964155,0.05394479640799472,-98.08798999999999,9.01931428324238,0.6377618291333372,-24.95183,8.615811742436113,0.609229890850326,1.3769220239999997,0.1408740806507692,0.009961301772157951,-9.502222976,13.035320333703895,0.9217363402900913
R:A:ALA:535,98.18787499999999,2.3888286877411278,0.1689156964194713,-5.396739999999999,0.5527632878547561,0.03908626692330696,-92.604545,2.9826105240166716,0.21090241271705504,-0.12515,1.8063158520867828,0.1277258187975321,0.09956340000000001,0.04899295612396541,0.003464325150563093,0.16100340000000002,4.263002762959434,0.3014398161905604
R:A:THR:536,55.628685000000004,3.883836154599599,0.27462868819348607,-5.723719999999999,1.0151333220813905,0.07178076558521788,-58.699625,4.502813120081157,0.3183969691625142,-6.422155,1.9019747687535185,0.13448992566313284,0.511036416,0.11317138567835132,0.008002425424944034,-14.705778583999999,6.326161609954441,0.4473271773280792
R:A:LYS:537,117.07767500000001,3.1982975783024012,0.22615379058701407,-5.29243,0.7527271319010628,0.053225845935034224,-94.084515,16.108202132136753,1.13902189603575,-30.326645,14.21299318542632,1.005010386237314,1.29071844,0.12578904949881764,0.008894628989962424,-11.33519656,21.732346390534985,1.5367089503842277
R:A:GLU:538,94.72322,3.0606058651188652,0.21641751617648694,-5.56626,1.2640130072115554,0.08937921689072911,-92.733935,21.466151404263762,1.5178861223932034,-56.843590000000006,21.06450858296723,1.489485686137836,0.837489528,0.12726819477205925,0.00899922035526934,-59.583075472,30.257072103726028,2.1394980863394992
R:A:GLN:539,30.09225,2.9567310509243145,0.209072457625341,-8.817775000000001,1.5371324778219344,0.10869167986499702,-76.62542499999999,5.1310611207015455,0.36282081131307087,-3.7242450000000002,3.9355059922422937,0.2782822974514818,0.277173576,0.1840163098636972,0.013011918055354527,-58.798021424,7.277011227387303,0.5145623985656202
R:A:LEU:540,76.04265,3.4983245857838865,0.2473689037399406,-8.761709999999999,1.083221240513682,0.07659530846925287,-71.09272,2.020096411461592,0.14284238711951017,-3.65316,1.2348853243925122,0.08731957868656949,0.264034836,0.1527911344549084,0.010803964727825128,-7.200905164,4.363567298686709,0.3085508027065237
R:A:LYS:541,120.61193500000002,3.4003749882586485,0.2404428212774817,-5.97691,1.0626022218591489,0.07513732367804964,-112.02655999999999,14.187570172034393,1.003212707720551,-13.960405000000002,13.58868971060032,0.960865464180535,0.9957855600000001,0.15658644328423837,0.011072333588816768,-10.356154440000001,19.966367428610305,1.4118353804432555
R:A:ALA:542,94.598805,2.3959441514724418,0.1694188356850412,-5.017135,0.6081764273424283,0.043004567593163866,-78.862245,2.182176916515936,0.1543032095417169,-6.328565000000001,1.3707031610728122,0.0969233500188422,0.22606938,0.11212719161021202,0.007928589754298427,4.616929379999999,3.5726352600844087,0.252623461911185
R:A:VAL:543,56.83133,2.7238531919139843,0.19260550629590006,-8.502279999999999,0.931227626093642,0.0658477369239065,-56.233070000000005,2.2035453694217417,0.15581418733703295,-2.8397699999999997,0.88944965405581,0.0628935881906892,0.026729063999999997,0.027989690035366666,0.0019791699627317305,-10.717060936000001,3.7328377151502683,0.2639514861451653
R:A:MET:544,80.623655,3.2173187588386396,0.22749879116134886,-10.415930000000001,0.8750654918918926,0.061876474329909906,-67.09026,2.7288256306330747,0.1929571108096304,-1.59,1.4695883743416047,0.10391559050498632,0.126505656,0.05973445649097398,0.004223863925526048,1.6539706559999996,4.552650560801617,0.32192100839155613
R:A:ASP:545,80.40599999999999,5.8347476492132895,0.4125789629270984,-5.780425,0.7755127428837002,0.05483703193896439,-78.62710499999999,14.166561203198714,1.0017271492876068,-61.925329999999995,14.51375403026729,1.0262773895275583,0.645426432,0.13930982503428743,0.00985069219676561,-65.281433568,21.11884513288549,1.4933278604291844
R:A:ASP:546,86.417745,4.54965590237053,0.32170925406316025,-7.3020499999999995,0.7572906624936029,0.05354853627784797,-53.093315000000004,8.398454645693755,0.5938604231457718,-89.11966000000001,7.676825099245129,0.542833508565932,0.464885424,0.05853475923272448,0.004139032518858134,-62.632394576,12.2777835269925,0.8681703989876883
R:A:PHE:547,95.053735,3.1996904904654455,0.22625228435062267,-12.63594,0.7643772866850506,0.054049636279997294,-69.816345,1.8941812363063362,0.13393883969885284,-4.180595,1.3898580758390404,0.09827780703126723,0.113535468,0.044482537913515856,0.003145390420303476,8.534390468,4.042758785075388,0.2858662151628295
R:A:ALA:548,85.55033999999999,2.2135795523088837,0.15652371121334935,-5.5966000000000005,0.5802437677390426,0.04102943029095091,-70.54699,2.1800653223928865,0.15415389728936468,-4.07563,1.48506987482071,0.10501029790215813,0.2871756,0.05912909621227099,0.004181058489712862,5.6182956,3.492596578109026,0.24696387243298235
R:A:ALA:549,93.76010000000001,2.0354249187823164,0.14392627626670537,-5.278995,0.6759195477088971,0.04779472957215052,-82.31290499999999,1.698753544801305,0.12012001510936882,-0.44504000000000005,1.0007398255290934,0.07076299168350643,0.31268926799999996,0.08491822126797627,0.006004625010488572,6.035849268,2.914494251779083,0.20608586491622025
R:A:PHE:550,111.56875500000002,2.966485067377721,0.20976217074314188,-12.464085,0.9344108399280265,0.06607282413273251,-87.773565,1.7861958979280521,0.126303123195252,-1.865815,0.7953163023445452,0.056237355057603834,0.13627206,0.06284331811007754,0.00444369363878992,9.60156206,3.6742523541437775,0.2598088755405701
R:A:VAL:551,50.90128,3.200847814501652,0.22633411951802584,-8.12299,0.9132335845226018,0.06457536604232299,-54.882685,2.483664887978046,0.1756216284484203,-2.47152,1.093948270989081,0.07735382406836781,0.15446466,0.06786020545536536,0.00479844114502012,-14.421450340000002,4.295269655604809,0.30372143005029667
R:A:GLU:552,98.28213500000001,3.4757857351647843,0.24577516632864882,-5.592584999999999,0.8425254671373441,0.05957554711351797,-46.654145,10.216264142237856,0.7223989653369355,-97.46587500000001,9.608457754466894,0.6794205634928008,0.978577452,0.1363204829944748,0.009639313794001856,-50.451892548,14.474254120920493,1.023484324152021
R:A:LYS:553,118.58543,3.4299889846907674,0.24253684704700026,-6.431185,0.9607618439420874,0.06793612149567416,-139.27042,13.447318891273456,0.9508690376797426,14.564884999999999,12.695353808845779,0.8976970767797314,1.001060856,0.14123020521579674,0.009986483581645758,-11.550229144,18.833752345778453,1.331747399888799
R:A:CYS:554,81.11325,2.333097892824046,0.16497493411879277,-7.431085,0.7736418601491262,0.054704740552122176,-73.596955,1.637208744471822,0.11576814054339388,-2.9883450000000007,0.8790032457135752,0.06215491557290541,0.031973436,0.03245081136147298,0.0022946188768703003,-2.8711615640000003,3.0815612503052767,0.2178992856732557
R:A:CYS:555,98.82785,2.3886194354689487,0.16890090004940767,-6.441369999999999,0.6110962224560057,0.043211028285612456,-76.989615,2.6470392850834306,0.18717394285496844,-6.690735,2.018923642631142,0.14275945984023264,0.21363602399999998,0.04363620478220607,0.0030855456306742766,8.919766024,4.142911436480122,0.29294807705903947
R:A:LYS:556,117.10264,3.3461414510447702,0.23660793108431508,-4.63769,0.8561815250868242,0.060541176231553355,-134.994105,11.119628881126161,0.786276498612209,12.31684,10.889284917954898,0.7699887207758306,1.314008676,0.13563163307304615,0.009590604748935654,-8.898306324,15.94273432735317,1.1273215553526978
R:A:ALA:557,87.011845,2.2726814033152554,0.1607028431760776,-4.09301,0.8070257182395119,0.057065335795910284,-80.673845,2.2157077562203455,0.1566741979551036,-0.8213149999999999,1.0285722802870978,0.0727310434331517,0.263112552,0.09753354074046576,0.006896662805071774,1.6867875520000002,3.434123739645147,0.2428292183736789
R:A:ASP:558,90.092665,3.5651211582181888,0.252092134672772,-6.660635,1.0902696371884342,0.07709370537777387,-24.508204999999997,6.038062199329765,0.4269554726372236,-124.02088499999999,6.003994983490159,0.4245465567035905,0.46095757200000004,0.12338992773356833,0.00872498546305242,-64.636102428,9.296244011081361,0.6573437179800461
R:A:ASP:559,95.465775,4.275742496265999,0.30234065137171845,-3.46317,1.0419684117572854,0.07367829297357532,-40.623905,17.13200961405214,1.2114160173449395,-111.04102999999999,13.921032943682734,0.9843656795599386,0.9194146559999998,0.09217495956731883,0.006517753896564698,-58.742915344000004,22.509488664199395,1.5916612075497114
R:A:LYS:560,125.06393,3.328219475199915,0.2353406560190992,-4.13595,0.8520494747959181,0.060248996153463,-164.04505,15.162118421826813,1.0721236753227212,27.234969999999997,13.855019141058593,0.9796977988111946,1.348493688,0.09053029865426633,0.00640145880812751,-14.533606312000002,20.824567687089555,1.472519302681928
R:A:GLU:561,106.070955,2.849301718487357,0.20147605667888932,-7.11102,1.4738449476115185,0.10421657568736366,-54.598525,11.036761761919799,0.7804169084193877,-104.374745,11.022410535811803,0.7794021234894573,0.525455064,0.19021018354756275,0.01344989106372195,-59.487879936,15.92578297402832,1.1261229136640687
R:A:THR:562,31.536295,3.6316667919806465,0.25679762156195096,-3.666905,0.9244545180672762,0.06536880586239127,-47.02513,7.009879625435803,0.49567334184470724,-3.553375,4.070417485267942,0.28782198060932557,0.6883744679999999,0.1044798017363135,0.007387837630477329,-22.020740532,8.930915224118737,0.6315110717176533
R:A:CYS:563,77.70304,2.5346813840007587,0.179229039477424,-6.7789,0.8829877745473036,0.062436664308721676,-67.742835,3.8452109861196173,0.2718974763378193,1.19009,2.0524053527264052,0.14512697426564092,0.067412016,0.03314865159866,0.0023439636332602772,4.438807015999999,5.118924811049466,0.3619626446277143
R:A:PHE:564,93.62262000000001,2.980857285345946,0.21077844002174417,-13.039204999999999,0.9322059176893269,0.06591691258603516,-69.548035,1.8571281899144714,0.13131879366212212,-3.157595,1.1455316368285076,0.0810013188465163,0.142219044,0.07684940217412016,0.005434073340745257,8.020004044,3.8107206279048484,0.26945863971989764
R:A:ALA:565,90.713445,2.3079309233542937,0.16319536064139512,-3.2978699999999996,0.5564778190548119,0.039348923943355804,-79.09262999999999,2.0789318033788406,0.14700267757935565,-2.79308,1.5362029760419031,0.10862595416381851,0.6923173680000001,0.06839977595605834,0.004836594541016942,6.222182368,3.5103800743118745,0.2482213555088063
R:A:GLU:566,100.49597,2.9298097189237393,0.20716883198372288,-5.116735,0.9134128063340256,0.06458803893814241,-40.591805,7.8813572750494565,0.55729611741414,-111.87662,7.432042138981721,0.5255247394538148,0.9550184759999999,0.07391282460285106,0.005226425949332787,-56.134171523999996,11.259423337901936,0.796161459448053
R:A:GLU:567,96.171695,2.8441776407206008,0.20111372966526928,-6.289369999999999,1.2873701810668134,0.09103081849296973,-70.33395999999999,14.534177368134738,1.027721537597612,-75.618365,13.657127955824937,0.9657047789096184,0.315796284,0.09438311518577962,0.006673894077737577,-55.754203716,20.187001569764696,1.4274365701804097
R:A:GLY:568,85.07987999999999,1.6667422492995132,0.11785647469698049,-5.228400000000001,0.47150634142077025,0.03334053313910861,-77.30685,1.4211287758327884,0.10048897943307016,-1.043785,0.9074259963076878,0.06416470754141251,0.022994171999999997,0.018506088585004018,0.00130857807316953,1.5238391719999986,2.417378614778768,0.17093448112054097
R:A:LYS:569,138.282275,2.869926319502819,0.20293443620261933,-5.525425,0.7975197266369027,0.05639316068349955,-140.5782,7.915087526363812,0.5596812063576907,4.602735,7.856524518180733,0.555540176336397,1.1437222679999999,0.10344240805239684,0.007314482819611573,-2.074892732000001,11.543691055304135,0.8162622225128047
R:A:LYS:570,126.38120500000001,3.216471938782461,0.227438911940932,-6.42682,1.0904441423566822,0.07710604475655589,-160.93682,11.983151947530333,0.8473368002087481,26.015435000000004,10.764416445203846,0.7611591863919629,0.86269554,0.06849650382278792,0.0048434342340663615,-14.104304460000002,16.462321948467235,1.164061948383732
R:A:LEU:571,74.13330500000001,3.2115199815624687,0.22708875568789175,-10.500590000000003,0.9618265446014681,0.06801140720129234,-82.28693,2.1116966058361704,0.1493194989795372,-0.7196750000000001,0.6448149031892795,0.045595299065528665,0.041545044,0.021443671826803918,0.0015162965762271971,-19.332344956,4.014284436784645,0.2838527746862043
R:A:VAL:572,48.63381999999999,3.347520453649238,0.2367054412936044,-8.428695,0.9585002827203548,0.06777620496807858,-52.562685,1.97576553917083,0.13970772107823892,-2.06514,0.6778456833232768,0.04793092792759181,0.151079904,0.05116157453699391,0.003617669629128939,-14.271620096,4.060832146550644,0.2871441948086284
R:A:ALA:573,78.65872499999999,2.1336878448767993,0.1508745144047695,-5.007745,0.48524370163351943,0.034311911195312336,-65.24332,1.773827352816502,0.1254285349830731,-3.174305,1.022306603703116,0.07228799319302619,0.4604676119999999,0.04312687323202386,0.003049530451373667,5.693822611999999,2.996918328236485,0.211914127255827
R:A:ALA:574,98.72337999999999,1.9637279637465062,0.13885653595708053,-5.842080000000001,0.573153612568219,0.04052808061085548,-83.80090499999999,1.5265195072369697,0.10794122951808083,-3.181615,0.9793233770185413,0.06924862008643205,0.278288712,0.05821660125751293,0.004116535352682068,6.177068711999998,2.7344940728792917,0.19335793020473685
R:A:SER:575,78.01946,4.434674287746509,0.3135788261219179,-7.750014999999999,0.9828608471065474,0.06949875699517942,-70.65101,4.360182281728598,0.3083114458619725,-2.7078800000000003,1.2628845852254273,0.089299425406886,0.007497576000000001,0.017780567485730706,0.0012572759842505224,-3.081947424,6.42173922214653,0.4540855350991436
R:A:GLN:576,21.201890000000002,2.7668094346918806,0.19564297135215467,-6.910745,0.9508157760444448,0.06723282829001766,-63.103485,3.6805473437757867,0.2602539985261994,-11.465615,2.813146842376878,0.1989195208718214,0.7490113199999999,0.15260674514176364,0.010790926434454829,-59.52894367999999,5.481131070599185,0.38757449485929646
R:A:ALA:577,93.58578000000001,2.102088540380733,0.14864010615577478,-3.31241,0.43696801015635,0.030898304314314725,-74.230515,1.6819312589327189,0.11893049986809524,-5.240865,1.0639447996841753,0.07523225826648433,0.6655153680000001,0.038545801194908066,0.0027255997411188017,11.467505368,2.9278105042573643,0.20702746615895873
R:A:ALA:578,129.999635,2.7767727187825435,0.19634748192649426,-4.240060000000001,1.011381123217158,0.07151544505909195,-116.08206999999999,11.258586409718584,0.7961022796886716,-66.12316,10.549055860805744,0.7459308934291434,0.308310444,0.10653874205515881,0.007533426696628721,-56.137344555999995,15.709330237512791,1.1108173938844172
L:B:UNL:579,618.46077,8.50951693970345,0.6017137132686107,-38.790825,3.151166273679477,0.22282110407651023,-348.30572,6.2144492235112825,0.43942791872843023,-14.678725000000002,3.1385145561833867,0.221926492552996,2.170162404,0.24874572000799208,0.017588978540878146,218.85566240400004,11.439984905395296,0.8089290903276758

Receptor:
Total Energy Decomposition:
Residue,Internal,,,van der Waals,,,Electrostatic,,,Polar Solvation,,,Non-Polar Solv.,,,TOTAL,,
,Avg.,Std. Dev.,Std. Err. of Mean,Avg.,Std. Dev.,Std. Err. of Mean,Avg.,Std. Dev.,Std. Err. of Mean,Avg.,Std. Dev.,Std. Err. of Mean,Avg.,Std. Dev.,Std. Err. of Mean,Avg.,Std. Dev.,Std. Err. of Mean
R:A:SER:1,-2.3357849999999996,3.5075813802070224,0.24802345795080552,-5.124404999999999,1.0985961682870553,0.07768248003813344,-162.058595,10.335508985578553,0.7308308490717089,76.58681,9.718876936863643,0.6872283787573823,0.40381304400000007,0.1305759081447832,0.009233111010876795,-92.528161956,14.65627529942082,1.0363551651157359
R:A:GLU:2,87.18802,2.6636409197938073,0.18834785570321738,-6.442925,1.1598298320766716,0.08201235392838692,23.743615,9.290393507638683,0.6569300249142788,-153.952575,8.639388066545859,0.6108969887156712,0.5257641239999999,0.12164401436227852,0.008601530744632092,-48.93810087600001,13.015583857297957,0.9203407606597546
R:A:VAL:3,41.47164000000001,3.2198332426385066,0.2276765920159558,-9.363835,0.7410960044252026,0.05240340102393164,-43.472255000000004,1.9457077966578125,0.13758231772242752,-1.234245,0.9071539477811911,0.06414547080562275,0.004797900000000001,0.007090199019801912,0.0005013527806864144,-12.593897100000001,3.9402165910070397,0.2786153870844819
R:A:ALA:4,83.05754,2.369520098754176,0.16755037299868955,-6.858529999999999,0.7333372205881821,0.05185477215743986,-71.60127,1.4499440220574038,0.10252652503376872,-0.476605,0.8093225061587007,0.05722774322717086,0.063701568,0.03217612441605384,0.002275195576689371,4.184836568,2.98509377851977,0.21107800532691032
R:A:HIS:5,114.61959999999999,2.952574205672061,0.20877852427871982,-9.272205,0.8881694111907931,0.06280306134954729,-82.14532500000001,4.800966798403734,0.33947961794027487,-6.726765,3.174715880165499,0.22448631272056432,0.697771008,0.07912794870257117,0.005595190910896935,17.173076008,6.530000282878315,0.46174074811733296
R:A:ARG:6,-189.33338500000002,4.4099272779463154,0.3118289482775372,-13.1243,1.858625562075374,0.13142467386301554,-96.47591499999999,12.039326475670265,0.8513089391865182,122.240265,9.0184487293977,0.6377006252340317,0.13531539599999998,0.07434904673138441,0.005257271511851743,-176.558019604,15.785603404053797,1.1162107212127887
R:A:PHE:7,105.49719499999999,3.1757224464639537,0.22455748770609943,-13.454535,0.9287248294166578,0.06567076247368384,-82.07535,1.9247987316859916,0.13610382355944306,-2.7501699999999993,0.9604365940029566,0.06791312285192015,0.162006552,0.03782969649619854,0.002674963492269096,7.379146552,3.9467027453669474,0.27907402745765325
R:A:LYS:8,121.728145,3.3362356637346524,0.23590748614631749,-6.9029,0.898675614446058,0.0635459621061795,-185.95448,14.958116293825235,1.0576985465140811,55.967330000000004,14.81889628181195,1.0478542050569346,1.113368688,0.12491161429111809,0.008832584951420806,-14.048536312000001,21.337727602677372,1.5088051882964544
R:A:ASP:9,78.17863,4.369030348155069,0.3089370986390272,-5.656885,1.082134645862057,0.07651847462459636,-8.95219,10.60497242777651,0.7498847917977134,-130.55502,10.102170402423432,0.7143313196255643,0.46074762,0.11258538831173964,0.007960989153775177,-66.52471738,15.322904557492887,1.0834929720077475
R:A:LEU:10,70.17256,3.76740374348171,0.26639567344835013,-9.222845000000001,0.9263327269264537,0.06550161528447218,-76.134885,2.9722737612432333,0.21017149321179354,-0.853245,1.058472737001289,0.07484532500346965,0.151168932,0.06527579409886161,0.004615695665464187,-15.887246068,5.001045896951981,0.35362734667599055
R:A:GLY:11,82.192655,2.0101910744939144,0.14214197402553191,-3.763795,0.6117989726822038,0.04326072023065497,-82.64379000000001,1.6827435116202354,0.11898793480643323,-2.5917650000000005,0.7905600292039815,0.055901035758517036,0.214814556,0.02754719114487835,0.0019478805661185495,-6.591880444000001,2.8058039618556694,0.1984003008108225
R:A:GLU:12,93.23298499999999,2.719631770070169,0.192307006694699,-6.431165000000001,1.0525571280339134,0.07442702828190173,-41.3296,12.727965919580395,0.9000031012446569,-103.00155500000001,11.807436336774167,0.8349118302161461,0.4938537599999999,0.09031042621674201,0.006385911478970564,-57.035481239999996,17.6048032861094,1.2448475785063173
R:A:GLU:13,92.42688,2.9503357750601884,0.20862024333223278,-6.0422199999999995,0.8296839287343102,0.05866751322495269,-24.814905,15.037074431749515,1.0632817299896933,-115.504875,14.229606989631687,1.006185159598806,0.8429308560000002,0.15131245830127293,0.01069940653428368,-53.092189143999995,20.92871411751298,1.4798835674008057
R:A:ASN:14,17.225425,4.115753667844444,0.2910277328226212,-8.52067,0.7170989269968265,0.050706551406105305,-80.239235,3.3216539674949583,0.2348764045170885,-4.96911,2.0573188396308435,0.14547441025658087,0.30149287199999997,0.08628416130401463,0.006101211556706264,-76.20209712799999,5.720756066259244,0.40451854079659894
R:A:PHE:15,112.90997000000002,3.2951704764852456,0.2330037389088424,-15.342935,0.9250632847405631,0.06541185216667543,-86.75952000000001,1.4434278539643057,0.10206576236917062,-0.8006550000000001,0.6225815014718956,0.04402316015320799,0.0028544040000000005,0.005386902180955581,0.0003809115061742294,10.009714403999999,3.7662994124425517,0.2663175854517038
R:A:LYS:16,120.63521,3.390782659785201,0.23976454122638735,-10.269680000000001,1.096218006420256,0.07751431859985614,-180.661585,14.86520958455598,1.0511290500998793,56.5269,13.538257918580218,0.9572993979680546,0.30121520399999996,0.08959148165709496,0.006335074421628203,-13.467939795999998,20.419745616923354,1.4438940595830785
R:A:ALA:17,86.61161,2.1998258744500667,0.1555511793253269,-7.039845000000001,0.5743069222767561,0.04060963192242697,-77.619465,1.355055075919425,0.09581686330638774,0.411295,0.6255549280239107,0.04423341316103699,0.07167402,0.032520533732096096,0.002299548992977101,2.4352690200000002,2.719855351069101,0.1923228162587479
R:A:LEU:18,80.9475,3.340868111733835,0.2362350496856891,-11.734335000000002,0.9985893163733527,0.07061092772280364,-84.1675,1.8231232487135918,0.12891428121042295,-0.12180999999999997,0.5769077863055759,0.04079354078159924,0.025151435999999996,0.02161212678382912,0.0015282081404708978,-15.050993564,3.9768892894697383,0.28120853846122024
R:A:VAL:19,51.843824999999995,2.974637849280984,0.2103386594800751,-10.09135,0.9333667218730267,0.06599899383702755,-55.512874999999994,1.664964969413771,0.117730802031053,-0.41509,0.521759572887743,0.036893973213791974,0.005990796,0.015673484796023634,0.0011082827384092562,-14.169499204,3.572706373503937,0.2526284903893032
R:A:LEU:20,72.851335,2.976520779832555,0.210471802776227,-11.665485,0.9346354849752924,0.06608870893636068,-74.68884,1.3458733946400758,0.0951676203968556,-1.3692200000000003,0.6505736788404524,0.046002505996956294,0.010236095999999998,0.013497323346041023,0.0009544048865853109,-14.861973904000001,3.4594830432143335,0.24462239192567292
R:A:ILE:21,77.010955,2.866997698460011,0.20272735142272985,-11.61797,1.1126775090294583,0.07867818119084859,-65.017295,1.437169857036739,0.10162325516275791,-0.42756500000000003,0.5286121884472587,0.03737852630689177,0.00021617999999999998,0.0011725770741405443,8.291372005886599e-05,-0.051658820000000494,3.4354936269424217,0.24292608403341534
R:A:ALA:22,87.31231499999998,2.231150879204497,0.15776619165358274,-7.283309999999999,0.6679259044983957,0.047229493640097396,-75.00931,1.6915089635884284,0.11960774585912065,-1.08366,0.9182556857433555,0.064930482225223,0.031400856,0.0231413470133107,0.0016363403398903054,3.967435855999999,3.021438541475995,0.21364796816160675
R:A:PHE:23,97.475955,3.0910161359939545,0.21856784705183646,-14.729795,1.0762541163568202,0.0761026583955843,-76.22806,1.4989164607809204,0.10598939938503285,-1.8200049999999999,0.7258630139186043,0.051326265935435045,0.00146142,0.004145665931114083,0.00029314284924248106,4.69955642,3.672376415057559,0.2596762266156743
R:A:ALA:24,90.05699,2.102476042645908,0.14866750670371784,-8.75502,0.6802056156780831,0.048097800344714316,-76.845255,1.0907237917891952,0.07712581895756439,-0.230135,0.6411683139199879,0.045337446265476845,7.8516e-05,0.0004435133361512368,3.136112875392083e-05,4.226658516,2.546342589471039,0.18005361122390848
R:A:GLN:25,33.232385,3.132557046052793,0.22150523297176297,-12.785284999999998,0.8236698269179222,0.05824225200724127,-76.466165,1.6665603342738604,0.11784361136215661,-5.678765000000001,1.0374716958910253,0.07336032714536515,0.03601663199999999,0.015087251032012956,0.0010668297514200098,-61.661813368000004,3.78752480166714,0.26781844711710684
R:A:TYR:26,86.15470499999999,3.5181154483579706,0.2487683290531072,-14.175639999999998,0.882994626484216,0.06243714881382718,-76.52569,3.3821711080162697,0.23915561256115234,-3.89113,1.9113680109021391,0.13515412818519454,0.059562755999999994,0.03437196138656717,0.002430464697912381,-8.378192244,5.315111130268544,0.37583511229729827
R:A:LEU:27,70.49694,3.7071383136322282,0.2621342640365811,-10.590774999999999,1.0108096182639934,0.07147503355630552,-73.43721000000001,2.261396315531623,0.1599048669662684,0.536705,0.644498493384585,0.045572925513675325,0.00369882,0.006321001089795825,0.00044696227344821846,-12.990641179999997,4.504879811904506,0.31854310634280547
R:A:GLN:28,30.65875,2.585599601156374,0.18282950114109048,-10.56268,1.0824036758991538,0.07653749792095375,-82.663755,2.2548974865778266,0.15944533036396832,-3.25529,1.0101380627914185,0.07142754741344545,0.07587918,0.022710808337238906,0.001605896658148961,-65.74709582,3.736626871496582,0.2642194199599107
R:A:GLN:29,27.558145,2.9394744179827454,0.2078522294079979,-7.562495,1.1009041102543853,0.07784567617970184,-67.90857,3.034075782689022,0.2145415560573289,-10.543285000000001,2.712217193326338,0.19178271694517987,0.516515832,0.11240703739417285,0.007948377839450944,-57.939689168,5.140707443035514,0.3635029093066569
R:A:CYS:30,96.53325,3.1222275217382855,0.22077482530284104,-7.1007299999999995,0.9795333108679867,0.06926346465128638,-74.74683499999999,3.2604137418086983,0.23054606663067356,1.23573,0.9592546205778735,0.0678295447095143,0.026817479999999998,0.031360830214189166,0.0022175455708093126,15.948232480000001,4.71796999790659,0.33361085789544315
R:A:PRO:31,82.34678,2.3111437734593663,0.1634225434510184,-6.919355,0.7863313417224319,0.055602022399144795,-55.407289999999996,2.031377332230524,0.14364006867688417,-5.041155,1.3043980454504676,0.0922348703304504,0.46938700799999994,0.061856180943151796,0.0043738925003204724,15.448367008,3.4338719886697686,0.24281141689149288
R:A:PHE:32,93.19615000000002,2.9810705405105735,0.2107935194390473,-12.762599999999999,1.1540283402065998,0.08160212650415428,-69.9004,1.6072387999298676,0.11364894544165381,-5.282995,1.1555984704796904,0.08171315148049914,0.171870876,0.1002243283864383,0.007086930224191791,5.422025876,3.7612806699946653,0.26596270676991085
R:A:GLU:33,94.86103500000002,2.9349012442968165,0.2075288571955115,-4.977740000000001,1.2745653621529185,0.09012538106438164,-40.49209,20.213879599470758,1.4293371338874186,-105.940285,19.676549699166646,1.3913421722634856,0.9337179599999998,0.10750920673212691,0.007602048912027337,-55.61536204000001,28.39044305627128,2.007507480597995
R:A:ASP:34,95.99044999999998,8.566003761235457,0.6057079347239063,-6.1333850000000005,1.5511499014521453,0.10968286139536568,-36.297959999999996,15.043878273517105,1.0637628342548915,-115.99297,9.157671153688584,0.6475451372649632,0.467072532,0.13563831152867753,0.009591076987062134,-61.966792467999994,19.646427122337776,1.389212184429235
R:A:HIS:35,121.14120999999999,3.0444869577483824,0.2152777373057883,-12.634205000000001,1.1637327283251082,0.08228833036874063,-94.55422999999999,2.108597983756032,0.14910039331101715,-5.204210000000001,1.3311893125697787,0.09412929899611491,0.011364516,0.01643646869848095,0.0011622338475456306,8.759929516000001,4.10386346012855,0.29018696817205863
R:A:VAL:36,61.58956,3.5667133044863584,0.2522047164150583,-7.716195,0.9845009938923374,0.06961473288661675,-60.942775000000005,2.9946371072928017,0.21175282057596068,-1.4057,0.796724663858224,0.056336941255272284,0.275888664,0.09432258452910579,0.006669613913957204,-8.199221335999999,4.827235683877705,0.3413371086455606
R:A:LYS:37,120.55227000000001,3.4040649211053546,0.2407037389312846,-6.74611,1.0123538501433182,0.07158422723966502,-179.087045,11.659756624088471,0.8244692975877724,54.32307,10.756630043145483,0.7606086046223116,1.012716936,0.10434015672106642,0.007377963236753319,-9.945098064,16.256642322182632,1.149518202533956
R:A:LEU:38,78.26746499999999,4.2406897149844625,0.29986204543735606,-10.44216,1.1265118039328306,0.0796564135647595,-84.00188,3.4145068363674427,0.2414420938403244,-1.547485,0.7385208458635408,0.05222130981577348,0.11328843599999999,0.06230744164037153,0.004405801450229177,-17.610771564,5.608977651571966,0.3966146132950333
R:A:VAL:39,49.37448500000001,2.92980425110194,0.2071684453503356,-9.651355,1.0543537067678002,0.07455406558246841,-54.989079999999994,2.010717159025605,0.1421791738195155,-1.835555,0.6313202253809076,0.044641081246705926,0.017307864,0.01836681214296874,0.001298729741507262,-17.084197136,3.759960205788526,0.26586933585046335
R:A:ASN:40,16.973435,7.336817377839998,0.5187913320197967,-7.516395,0.842562537130034,0.059578168357838926,-81.24202,6.095138643181138,0.4309913866865555,-8.071265,3.5473093274727256,0.25083264804222555,0.504560628,0.10132284777931982,0.007164607275388936,-79.351684372,10.211913911143547,0.7220913575462841
R:A:GLU:41,110.92566500000001,2.6385704487041837,0.18657510569171595,-7.211955000000001,0.952158234210575,0.06732775441729065,-34.164265,10.247991496131084,0.7246424280456362,-124.73541000000002,9.572066207037015,0.6768472924962468,0.6526168200000001,0.10878370129379307,0.007692169286741288,-54.53334817999999,14.301268278935687,1.011252377960349
R:A:VAL:42,59.511190000000006,3.085270643541665,0.21816157938440944,-9.27343,0.9670553061226643,0.06838113647417685,-62.83412499999999,2.0292127067843335,0.14348700654371116,-1.7290499999999998,0.5395284770056165,0.03815042447339217,0.015780744,0.021823646149698818,0.0015431648182667721,-14.309634255999999,3.8553031485742166,0.2726110999886676
R:A:THR:43,36.347195,2.981077772714929,0.21079403083312157,-9.37768,0.9926040034172741,0.07018770218492694,-53.11817,2.0199715619532865,0.14283355892611513,0.43173,0.9682044603801411,0.06846239395098597,0.01629648,0.02034241520811135,0.0014384259739367888,-25.70062852,3.8587829942394407,0.2728571622354039
R:A:GLU:44,89.74785499999999,2.877631577178531,0.2034792801979479,-6.488440000000001,1.122262204834503,0.07935592153078433,-18.68101,13.582218999482375,0.9604079158094752,-122.317415,13.436690841229288,0.9501175210540405,0.6691115519999999,0.11351382351441475,0.008026639436545564,-57.069898448000004,19.35392608881151,1.3685292379981853
R:A:PHE:45,93.28038499999998,3.1650719102059908,0.22380438106497155,-10.956150000000001,1.0161895430971526,0.0718554516894856,-70.38508,1.7412584769642905,0.12312556768600096,-3.2453149999999997,0.7479728576459175,0.05288966797849084,0.44434015200000004,0.11958877761021933,0.008456203560199604,9.138180152,3.8283243513814638,0.2707034109443424
R:A:ALA:46,100.64165499999999,1.9104238157997824,0.1350873635092306,-8.108165,0.7162572217960528,0.05064703386058259,-81.856805,1.3653408574326784,0.09654417789217021,-1.4364749999999997,0.6567592095852177,0.04643988907044244,5.396400000000001e-05,0.0003380735427447703,2.390540946145872e-05,9.240263964,2.5413051753761735,0.17969741225729607
R:A:LYS:47,140.78942999999998,3.204118261721936,0.2265653750587234,-7.9527600000000005,1.1956907135208503,0.08454810117323748,-223.498065,16.918991946649037,1.196353393631612,73.20687,15.035244063303395,1.0631523033956611,0.650876652,0.11084674848554692,0.00783804875266099,-16.803648348000003,22.891465432624116,1.6186710438705958
R:A:THR:48,39.956005,3.4449619671304057,0.2435955967887658,-5.62164,0.8383889195355578,0.05928304902752557,-55.86038500000001,3.916240068838349,0.2769199909430068,-5.0490949999999994,1.1943039043622858,0.08445003895721422,0.625055508,0.07495694071258469,0.005300256107486663,-25.950059492,5.416601847199587,0.3830115897142407
R:A:CYS:49,89.29047999999999,2.1309149630147144,0.15067844204795855,-7.74734,0.5831074467025781,0.04123192297237663,-73.84029499999998,1.529126452578399,0.10812556839099155,-3.9014949999999997,1.0391247326355966,0.07347721449452885,0.03623569200000001,0.028565504565631884,0.002019886198637359,3.837585691999999,2.880909019736841,0.20371103038374094
R:A:VAL:50,47.19843500000001,3.446819460861709,0.2437269414301074,-6.302709999999999,0.88331396224672,0.06245972926214137,-47.884355,2.6177795417061005,0.18510496655917963,-5.032369999999999,1.372952684217486,0.09708241532584569,0.45032536799999995,0.07777058505752273,0.00549921080710195,-11.570674632,4.62651326785628,0.327143890495071
R:A:ALA:51,81.62855,2.204889107755762,0.15590920398584557,-3.49524,0.5037669623943197,0.035621703524677195,-69.06261500000001,1.45807125229702,0.10310120699523842,-4.93553,0.9796388921944658,0.0692709303784784,0.61409682,0.050495003957060934,0.003570535971407934,4.74926182,2.8641806875963023,0.20252815867428936
R:A:ASP:52,110.04094500000001,3.314890690803394,0.2343981686359239,-5.86351,1.3585576137580622,0.09606453013209401,-30.078629999999997,7.099572855679417,0.5020156109778858,-140.206315,5.794245695150923,0.4097150422902178,0.253019088,0.09018896706892843,0.006377323020264951,-65.854490912,9.839691613080713,0.695771266439377
R:A:GLU:53,99.77005000000001,3.105999906229876,0.2196273596059926,-3.1413300000000004,0.7798409652615077,0.05514308347834749,11.62777,3.524720272177637,0.24923536062425006,-162.14549,3.4425426286249525,0.24342452372244663,1.3050222120000001,0.07674758475255267,0.005426873761821927,-52.583977788,5.876736363609086,0.4155480133953557
R:A:SER:54,66.19606,5.462988148110885,0.38629159650709455,-3.3686199999999995,1.0157648377454302,0.07182542048606469,-61.723429999999986,6.108928866429858,0.43196650272388015,-5.867795000000001,2.1373956191999177,0.15113669364146814,0.528039288,0.08389492272933956,0.005932266876903742,-4.235745712000001,8.53056434230085,0.6032019893789092
R:A:ALA:55,86.99770499999998,2.168288691105269,0.1533211637050639,-3.8117900000000002,0.6199083286260961,0.043834138288553134,-75.702245,3.725843448801224,0.26345691682868183,-2.126305,3.3486383489375195,0.23678448842750444,0.4503904919999999,0.10504248138315629,0.007427625089869149,5.807755492,5.4947324142054565,0.3885362550890208
R:A:GLU:56,94.59688,3.1789371628895093,0.22478480248450963,-4.8867449999999995,0.8299253400005328,0.05868458357929277,28.058675000000004,6.460126215436894,0.4567999054256415,-172.53513999999998,5.647882554586277,0.39936560536931576,0.9520940880000001,0.10801758885075827,0.0076379969563791575,-53.814235912,9.189009382128804,0.6497610846490084
R:A:ASN:57,14.143875000000001,6.317595375566166,0.4467214530855609,-4.740449999999999,0.8926134199640962,0.0631173002234728,-76.43655,6.435283913511508,0.4550432894104691,-10.723045000000003,3.144655237537972,0.22236070429568935,0.8033105159999999,0.08314142047700258,0.0058789862216770605,-76.952859484,9.592570987652316,0.678297199438229
R:A:CYS:58,90.750965,2.5739153703599116,0.18200330125817774,-6.25458,0.7459744657828443,0.05274836033470614,-81.067815,2.2705849182038977,0.16055459929218785,-0.35215,1.9277605342728648,0.13631325462881444,0.068880888,0.03839943936213986,0.002715250396673073,3.1453008879999995,4.00684530554816,0.2833267486718588
R:A:ASP:59,98.91248999999999,4.0822324027301535,0.28865742143499445,-4.092,1.1827510092999287,0.08363312591312129,4.52787,6.868016869016849,0.4856421301385414,-157.092235,6.878258585556011,0.48636632886012465,0.828855072,0.11135808270991565,0.007874205542411378,-56.915019928,10.609242142837529,0.7501867062450515
R:A:LYS:60,134.98196500000003,3.2400481622616364,0.22910600269062142,-7.429655,1.0356852349893766,0.07323400528357711,-229.267015,14.836969930709405,1.049132205026552,87.88866,12.84447035865629,0.9082412091355468,0.54566154,0.1097313721559099,0.0077591797360348595,-13.280383459999998,19.917296314835514,1.4083655287122026
R:A:SER:61,76.80089,4.474184417064187,0.31637261415852663,-5.396155,0.7714703046618192,0.054551188391042414,-74.519345,6.316473819780702,0.4466421471154229,-2.05318,3.2881469808389037,0.23250710276892614,0.309025152,0.08930148765903118,0.006314568749374773,-4.858764848,8.445781163879877,0.5972069133397072
R:A:LEU:62,67.47489,4.3784904862178236,0.30960603141654064,-8.986215,1.0679246128706839,0.07551367355568792,-71.99725,4.116660416830612,0.2910918496583165,1.808995,1.4702668006096717,0.10396356248645484,0.088509024,0.05051503142345874,0.003571952127137921,-11.611070976,6.27875554051515,0.44397506201108694
R:A:HIS:63,119.97461500000001,3.1226870699407256,0.2208073202678638,-9.37314,0.8762735762306197,0.06196189879272583,-99.46568500000001,3.1039143312557775,0.2194798871853068,-6.095020000000001,2.0460566071348074,0.1446780501596562,0.5536695239999999,0.0873397496498211,0.006175852924452389,5.594439523999999,4.934297312122456,0.3489075089792343
R:A:THR:64,38.433455,4.197574722143133,0.2968133550564647,-9.929319999999999,0.8865136646436985,0.06268598238840961,-48.704245,3.3203904205642742,0.23478705825678506,-2.6104649999999996,1.4623649095813946,0.10340481441342565,0.12447946800000001,0.030889293388955595,0.002184202882139129,-22.686095532,5.618718523628949,0.3973033969636497
R:A:LEU:65,67.586415,3.177008764982401,0.2246484441608154,-10.442800000000002,1.1426708668728718,0.08079903186301184,-71.21603999999999,1.7663841282122077,0.124902219523914,-0.238125,0.7392286719107964,0.05227136067556497,0.049750236,0.03877869830605849,0.0027420680537801243,-14.260799764000001,3.881643609090396,0.2744736518137243
R:A:PHE:66,101.81639999999999,3.2521045647395783,0.22995851908550813,-12.844850000000001,1.1027149076257199,0.07797371888976438,-82.86013999999999,1.3811415533536016,0.09766145581548534,0.15554,0.7150619542389317,0.05056251568108533,0.084328416,0.05574357552645277,0.003941666026233922,6.351278415999999,3.7701640816431947,0.2665908588315855
R:A:GLY:67,75.48385,1.6590979770646457,0.1173159430235294,-5.676559999999999,0.7769751066797443,0.05494043667463884,-79.60976000000001,1.498385338422664,0.10595184336291656,2.049075,0.5962537206382866,0.04216150491710418,0.0033871319999999997,0.00697966245591977,0.0004935366652974022,-7.750007868,2.440701180268285,0.17258363554177145
R:A:ASP:68,110.61569,2.9704644323573377,0.2100435543393322,-8.164415000000002,0.7599539412194662,0.05373685852257275,-34.16145,9.53864771272637,0.6744842481018367,-128.8236,9.050289010854847,0.6399520731273554,0.37196485199999996,0.06296616208244311,0.004452380019378679,-60.161810148,13.501803029289919,0.9547216480255971
R:A:LYS:69,126.072525,3.406210724452466,0.24085547014106815,-8.814595,1.2546152521689666,0.08871469525887465,-206.71086000000003,11.445937045973999,0.8093499702242534,76.49752000000001,10.462430724721669,0.7398055713145176,0.36640630799999996,0.10319936690590856,0.007297297215332651,-12.589003691999999,15.926672991233284,1.126185847384169
R:A:LEU:70,62.31781,3.501427402346077,0.2475883060031309,-11.036430000000001,1.0552463006805568,0.07461718150332401,-74.507545,2.070097820871033,0.14637802068574024,0.72729,0.5404875816334729,0.03821824341201464,0.003517092,0.007408298431214553,0.0005238458057765472,-22.495357908000003,4.236865032752476,0.29959159956314396
R:A:CYS:71,98.61475,2.221819854871227,0.15710638859543555,-7.72807,0.5888148054354612,0.04163549417864522,-90.10824000000001,1.7340968780319046,0.12261916616907811,-1.183895,0.9124279554984054,0.06451839946770999,0.13696235999999998,0.03410474740834771,0.0024115698163096996,-0.26849264,3.020590378182846,0.21358799395999284
R:A:THR:72,47.49184000000001,3.655160841112194,0.25845890170779573,-5.249535000000001,0.7410082784793973,0.052397197862815145,-56.405415000000005,2.909655419938072,0.20574370783544024,-4.806450000000001,0.9960185527890533,0.07042914728647508,0.588655404,0.06159958244159764,0.0043557482462713475,-18.380904596,4.834380639958647,0.34184233333517205
R:A:VAL:73,40.578635000000006,3.1587476571855175,0.22335718884529993,-7.21371,0.8347897794654652,0.059028551392525296,-43.374115,2.1360244314555485,0.1510397360262358,-0.42877000000000004,0.5799087058322198,0.04100573783630774,0.22190194800000002,0.06980838807224599,0.004936198458958724,-10.216058052,3.9469391213439358,0.27909074176327703
R:A:ALA:74,91.70891999999999,1.9205379047548115,0.1358025375977931,-7.633644999999999,0.5665772842031349,0.040063063972629445,-79.50317999999999,1.1900185072510427,0.08414701562147049,-1.5707499999999999,0.47372446369171184,0.033497378069036986,8.6148e-05,0.00039318354046933353,2.7802274771680105e-05,3.0014311480000004,2.376980170777261,0.1680778797502559
R:A:THR:75,42.384764999999994,3.710894886651332,0.26239989386216417,-6.487195000000001,0.6339235497873541,0.044825164080848606,-52.55451,3.2703597003846534,0.2312493521061194,-3.4799700000000002,1.0915061699779804,0.07718114144983863,0.522144324,0.04930170249529953,0.003486156815846803,-19.614765676,5.105063062648584,0.3609824709983778
R:A:LEU:76,76.985445,4.660653801450501,0.329557990776851,-6.606845000000001,1.0075410418315474,0.07124391030028461,-73.90993499999999,3.3014001576263063,0.2334442438867898,-1.77835,0.7817593027908271,0.05527873042590613,0.7116328799999999,0.06148802726135227,0.0043478601038285485,-4.598052119999999,5.852435748790541,0.4138297004428362
R:A:ARG:77,-192.813395,3.707432010027292,0.26215503150783703,-6.56558,1.1584640795467074,0.08191578064085088,-54.39443,8.625644168704156,0.6099251483792909,73.88768,6.870728461204095,0.48583386866088285,0.9580617359999999,0.07291065512642102,0.0051555618660646015,-178.927663264,11.691922596771926,0.8267437753285657
R:A:GLU:78,100.70477,2.944802218672758,0.20822896180766973,-3.65916,0.7598237390342578,0.05372765183776413,-25.128055000000003,4.543800575726778,0.32129521994557436,-133.837675,4.922860447887488,0.34809880055362874,1.274561496,0.07933179197864361,0.005609604807177945,-60.645558504,7.357728210260865,0.5202699511603017
R:A:THR:79,38.12522,3.3812007765881043,0.2390869997678669,-5.72225,0.7642060242500055,0.05403752619707901,-44.214214999999996,2.568294221613832,0.18160582601853661,-6.793525,1.4997099817548059,0.10604550979119766,0.530467776,0.0894824354474163,0.006327363690195556,-18.074302224,4.568347828646982,0.32303097284551213
R:A:TYR:80,79.84612499999999,3.218730628582485,0.22759862542835138,-13.475885,0.9930996635660492,0.07022275065016323,-74.873835,1.74793276694929,0.12359751125680081,-5.533455,0.9787603015932961,0.069208804641281,0.184439016,0.04608962258228357,0.003259028467026135,-13.852610984000002,3.9194181634790866,0.2771447161701786
R:A:GLY:81,79.555505,1.803375354709884,0.12751789423400545,-3.921035,0.602292274377648,0.04258849514687035,-80.41302999999999,1.9527062372768724,0.1380771822043744,-0.453655,1.3116474434751892,0.09274748018073051,0.187032168,0.037317811181737014,0.002638767734564541,-5.045182832,3.024862300643848,0.21389006449408063
R:A:GLU:82,93.67154,2.8369871339856303,0.20060528405802275,-5.95299,0.9985139507788562,0.07060559857050998,-5.126810000000001,6.453830139839442,0.4563547056506594,-138.377935,6.069615745726824,0.42918664530000805,0.8633309399999999,0.08038592013697674,0.005684142924077649,-54.922864059999995,9.356502913970115,0.661604665865996
R:A:MET:83,84.481505,2.700065426980428,0.19092345730652113,-11.544839999999999,1.1066341962907165,0.07825085444900905,-70.863785,1.5982450965903197,0.11301299457971636,-0.85789,0.9515060787509451,0.06728164006250144,0.06706357199999999,0.050864256288619965,0.003596646054169367,1.2820535719999997,3.4608280705082413,0.24471749971771323
R:A:ALA:84,87.643845,2.087196301495142,0.14758706584546966,-7.334974999999999,0.5167377133275642,0.03653887411887509,-76.829325,1.5816053614524075,0.11183638762439979,-0.83541,0.8387428043804609,0.05930807246488458,0.083321244,0.02552028247689402,0.0018045564797207982,2.727456244,2.798039056454127,0.1978512390843522
R:A:ASP:85,84.109565,3.190951551774956,0.2256343480697808,-5.381775,0.9814429246650056,0.06939849473781834,-35.55378,7.2896740902183,0.5154577981833236,-111.614975,6.392102464320718,0.4519898998560421,0.47623622399999993,0.05358764711488855,0.003789218866276942,-67.96472877599999,10.254101419044398,0.7250744648380893
R:A:CYS:86,87.19772499999999,2.525275978853599,0.17856397690148762,-8.865924999999999,0.7110281002710089,0.050277279131581885,-78.147745,1.3194759376263747,0.09330103831080876,0.41991,0.520435559795831,0.0368003513502249,0.0016560360000000003,0.0033550017235620014,0.00023723444696232459,0.6056210359999998,2.9823582793925962,0.2108845763286349
R:A:CYS:87,84.35556000000001,2.203104592705485,0.15578301971652753,-7.938244999999999,0.6276916878332865,0.044384504896134644,-73.443035,1.4316020409928871,0.10122955111465723,-1.7048050000000001,0.8070167885335472,0.05706470437034612,0.12805412400000002,0.03958995151650257,0.0027994323184165606,1.397529124,2.8195734724220394,0.1993739522403325
R:A:ALA:88,101.453125,2.442285038519255,0.17269563123274134,-3.7829200000000003,0.46247443561779716,0.032701880955076576,-81.39602,1.5802778203847572,0.11174251629527587,-3.132615,0.7230020309618777,0.051123963890478984,0.652673268,0.038558688827772344,0.0027265110343779792,13.794243268,3.0331725160026934,0.21447768545741663
R:A:LYS:89,133.604295,3.215438853092219,0.22736586175122028,-7.633075,1.1048521708242238,0.07812484621984864,-207.03961000000004,14.028981544570511,0.9919987983306734,67.270815,14.0901004709255,0.9963205590591188,0.7006229999999999,0.12138047487655995,0.008582895688885891,-13.096952000000002,20.17220198728206,1.4263900816671895
R:A:GLN:90,30.87897,2.886218941643201,0.20408649856249678,-5.376850000000001,0.7862903519057067,0.0555991239814082,-75.038415,5.052856885245712,0.35729093679223795,-14.237729999999999,3.814790144568899,0.26974639800282785,1.0141361279999999,0.05609290665118733,0.003966367466951856,-62.75988887200001,7.0025456271738475,0.49515474985428326
R:A:GLU:91,101.80133,2.8560456563402483,0.20195292509765733,-8.086324999999999,1.2105314739299429,0.0855975014055609,-8.910545,9.541472534571119,0.6746839931700432,-128.01617,8.877507462745385,0.6277345726941443,0.3889697039999999,0.07750388382663918,0.005480352182211095,-42.822740296,13.396948420127556,0.9473073075078599
R:A:PRO:92,77.76467000000001,2.4733439997501354,0.1748918314430379,-5.94787,0.8275942623653211,0.05851975149895973,-53.396890000000006,1.707230089325982,0.1207193973208117,-6.074825,1.4055600287340986,0.09938810276826397,0.5067407879999999,0.07807455313236865,0.005520704595800728,12.851825788000001,3.4203321494149974,0.24185400567617044
R:A:GLU:93,101.79945,2.957214364482223,0.20910663305476465,-6.8104499999999994,1.0759950778233143,0.07608434160522125,-4.556415,11.661019495857769,0.8245585961069564,-140.92812,11.624281588795068,0.8219608337858927,0.6236440919999999,0.11938685454651167,0.00844192544343704,-49.871890908,16.763664085289157,1.1853700552241344
R:A:ARG:94,-197.88237999999998,4.265060589909596,0.3015853265296572,-14.098690000000001,1.2334645126228803,0.08721911212285985,-52.341894999999994,5.981610287704725,0.42296371968512264,87.867215,4.936329891607225,0.34905123405293237,0.261199692,0.042306741735637546,0.0029915383971177234,-176.194550308,8.936497123182344,0.6319057715856309
R:A:ASN:95,20.206960000000002,7.1630412960138665,0.506503507433068,-8.791075000000001,1.0068964442160873,0.07119833036578176,-91.63414,7.37025959925429,0.5211560541737954,-1.01362,2.7347314046538465,0.1933747120954547,0.12070576800000002,0.07676238511298471,0.005427920305344477,-81.111169232,10.683088314600008,0.755408419126843
R:A:GLU:96,97.57791499999999,2.8713548557736646,0.20303544897104792,-6.671285,0.8532635722770543,0.06033484580965629,-0.8480099999999999,10.049880046045326,0.7106338330670022,-147.24656,9.585366898371705,0.6777877933999696,0.76502304,0.12806289676368873,0.009055414271999707,-56.42291696,14.20804297056345,1.0046603531875273
R:A:CYS:97,84.214335,2.1005960470245104,0.14853457093846872,-7.15599,0.7466791077162933,0.052798186043651156,-74.319905,2.0280169491340545,0.14340245370939436,-0.73704,1.1267496476147663,0.0796732316527954,0.132621588,0.049046805422574224,0.0034681328709839365,2.1340215879999995,3.2178962920162855,0.22753962892397622
R:A:PHE:98,100.15920999999999,2.936100552757007,0.207613661110005,-15.35961,0.9859415894970653,0.06971659837872182,-75.66778500000001,1.6292064751820134,0.11520229465542343,-0.828955,0.739507574656947,0.05229108207787443,0.0037846439999999993,0.004860309264693348,0.0003436757639728469,8.306644644,3.576866797653521,0.2529226768021815
R:A:LEU:99,68.658705,4.085142732876661,0.28886321285320316,-9.552145000000001,0.992109194582431,0.07015271391667609,-72.68332000000001,2.3055897721841156,0.16302981625457352,0.096875,1.0277080759510455,0.07266993495851637,0.196778592,0.09129055563840947,0.0064552170950207145,-13.283106408000002,4.904379048816859,0.34679196829276304
R:A:GLN:100,29.252945,3.228866967215435,0.22831537280672756,-6.08755,0.7950427457061664,0.05621801168220021,-70.7579,3.9131753806851033,0.2767032847654686,-12.397084999999999,3.151314776053798,0.22283160478010067,1.042580304,0.09392857678625596,0.006641753359276292,-58.947009695999995,6.02579652948779,0.426088158805118
R:A:HIS:101,108.677965,2.9780752196301226,0.21058171826840766,-9.305129999999998,1.0797676616291119,0.07635110356438865,-74.859445,2.3265324169190076,0.16451068486537582,-8.139775,1.3517231944355323,0.0955812637072507,0.459064296,0.07957686194728958,0.005626933870847419,16.832679296000002,4.157050802574149,0.29394788122371607
R:A:LYS:102,123.539755,3.3289113453162136,0.23538957862419274,-10.66614,0.9178964758620659,0.06490508225093009,-186.30671,5.433100158831972,0.38417819651757956,62.684275,4.881205567211342,0.3451533556940668,0.15374286,0.052729928083421466,0.003728568971926629,-10.595077139999999,8.079090930046874,0.5712779982458875
R:A:ASP:103,95.03256999999999,2.8736587732540553,0.20319836053841578,-6.672845,1.2351468783003097,0.08733807334075443,-78.59416499999999,10.766469979421064,0.7613043931890023,-82.267955,9.283350540778637,0.6564320119516377,0.278650656,0.0632384227274911,0.004471631754215044,-72.22374434400001,14.556269258808523,1.0292836701680788
R:A:ASP:104,72.85701,3.181843721790874,0.22499032723541695,-7.312609999999999,1.1061169729734734,0.07821428123750801,-58.856185,8.506200150524027,0.601479180856557,-69.89045,7.636626796400358,0.5399910593125593,0.10315915199999999,0.03246606910445575,0.0022956977622231724,-63.09907584799999,11.917306243514851,0.8426808058266132
R:A:ASN:105,28.013140000000003,3.0529741843651412,0.21587787485520601,-5.9924,0.8755087206875783,0.06190781533861456,-85.32083999999999,3.7769693014902836,0.2670720605417197,-3.133725,2.3905382718908728,0.16903658227400067,0.24835788,0.08480525651846824,0.005996637196447355,-66.18546712000001,5.4840249047308465,0.38777911983310914
R:A:PRO:106,80.024865,2.5930528777437227,0.1833565273827878,-7.7048250000000005,0.6469109709805515,0.04574351344043218,-57.44210000000001,1.4200342847973777,0.10041158722976148,-0.502885,0.9252215744215004,0.0654230449373537,0.15079672800000002,0.026161078638947895,0.0018498676108754592,14.525851727999997,3.164748610073248,0.22378152029334944
R:A:ASN:107,19.974605,7.193158295142337,0.5086331008643411,-3.60768,0.5431874240075887,0.03840915109710184,-75.061425,8.493075527414966,0.6005511298564636,-13.7477,3.053887789359655,0.2159424764839007,1.073084148,0.05871970191439749,0.004152109941292316,-71.36911585200001,11.554158964820543,0.8170024154931945
R:A:LEU:108,81.23846499999999,3.2446289585675276,0.22942991390373443,-8.029919999999999,0.8855874962983611,0.06262049239665876,-71.896945,2.02593252651094,0.14325506277222805,-4.502355,0.9215477301664846,0.06516326491877919,0.27164844000000005,0.042595474689276554,0.00301195490006474,-2.9191065600000003,4.03328023918361,0.2851959807552431
R:A:PRO:109,96.50999,2.5718679476015094,0.18185852660653554,-3.139475,0.7474707949980387,0.05285416678820128,-71.28134,1.8044219529810646,0.12759189990747843,-2.1102250000000002,0.8294011842136471,0.05864752016816227,0.786654576,0.04401732173123921,0.003112494668582923,20.765604576000005,3.3345164211115215,0.2357859173345854
R:A:ARG:110,-192.18864500000004,4.123900779477484,0.2916038206109018,-6.01676,1.082999848753452,0.07657965370775713,39.138845,11.53283421761429,0.8154945281575315,-7.056044999999999,9.708358972193755,0.6864846463431465,1.191272256,0.15482194369801222,0.01094756462653463,-164.931332744,15.667224233078924,1.1078400497580314
R:A:LEU:111,78.65556,4.169402335635169,0.29482126650226576,-7.78881,1.0694778791073707,0.07562350606458285,-88.57147,3.646782958869365,0.25786649597320704,0.89412,1.3120905820864655,0.09277881481243441,0.16902647999999998,0.09459053453032601,0.00668856084024538,-16.641573519999998,5.792862313590987,0.409617222442018
R:A:VAL:112,67.66157500000001,3.376569098119422,0.2387594906425188,-4.345745,0.8340890779617007,0.05897900431403535,-63.78415999999999,2.911744543121872,0.20589143115244013,-2.7074849999999997,2.5372654235958443,0.17941175866947795,0.799193916,0.17890542051582714,0.012650523603777225,-2.3766210839999995,5.200471394788644,0.3677288588621713
R:A:ARG:113,-179.032675,4.492544694198936,0.3176708818051712,-7.05713,1.2660115177596134,0.08952053292680959,33.812605,23.385693253760405,1.653618228248248,-2.0088850000000003,20.925767503529592,1.4796752103278865,0.825294492,0.17324575184016355,0.012250324593794144,-153.460790508,31.726867977374567,2.2434283492611877
R:A:PRO:114,83.83216499999999,2.8627229690934124,0.2024250824104439,-6.323405,1.0084991576471445,0.07131165931932168,-65.726955,3.5089055805158114,0.24811709305260493,-1.801585,2.4024119864783806,0.1698761806842707,0.204670368,0.09925574241903677,0.007018440853620615,10.184890368,5.225524545622493,0.3695003841466417
R:A:GLU:115,103.242035,2.87266612640157,0.20312816980634418,-5.5156600000000005,0.8324878223733967,0.05886577844554508,-42.954015,14.313286829892531,1.012102217848511,-108.73698,13.899534751911661,0.9828455278414812,0.8323542359999999,0.10490966535875093,0.007418233578718422,-53.132265764,20.174823391555023,1.4265754429409538
R:A:VAL:116,44.587354999999995,2.9124419288588403,0.20594074377081142,-5.3095550000000005,0.9048642920211848,0.06398356769417442,-48.720259999999996,2.0976893102649874,0.14832903361109043,-2.46331,1.3447075532992294,0.09508518296506559,0.627009012,0.1462813943430505,0.01034365659013945,-11.278760987999998,3.9409433475477607,0.27866677653230343
R:A:ASP:117,83.572755,5.300254564167178,0.374784594433756,-3.6613599999999997,0.954238403335351,0.06747484458670505,-26.49349,7.054993811471418,0.49886339653205664,-116.93333000000001,5.938201614217894,0.4198942629466375,0.9339242039999999,0.06687309887098088,0.004728642169062903,-62.581500796,10.679087857945902,0.7551255441240469
R:A:VAL:118,53.78586,2.8023686428448342,0.19815738707401243,-4.923805,0.9922867413076726,0.07016526836601567,-60.379205,2.3788392427768215,0.16820933599201623,-1.03127,0.9045469015479518,0.06396112479858371,0.563250924,0.06352353931971222,0.004491792541793879,-11.985169076,3.913951898975983,0.2767581929003882
R:A:MET:119,78.47156000000001,3.2008464577983124,0.2263340235846127,-10.463515000000003,0.9765022835482773,0.06904913865411356,-64.059495,1.4493169494541216,0.10248218430476101,-1.8335949999999999,0.7901834413444767,0.0558744069756002,0.06338527199999999,0.04691360643144392,0.003317292923759082,2.178340272,3.7317670256318807,0.26387577696326553
R:A:CYS:120,94.735265,2.2160093647760153,0.1566955249006014,-5.75074,0.6417181643057955,0.04537632655912111,-83.35894,1.6624081196866194,0.11755000545299862,-2.950315,1.0477024223389961,0.07408374875014763,0.205986276,0.047574353173522224,0.003364014773956131,2.8812562760000002,3.0308487505037065,0.21431337042319454
R:A:THR:121,37.232620000000004,4.7711325275661745,0.33737001641817543,-5.692144999999999,1.0257638685267676,0.07253245873314235,-45.46331,5.76006147917711,0.40729785319775497,-5.590700000000001,2.488922011634756,0.1759933632271399,0.5215813199999999,0.07841543201058322,0.005544808372435607,-18.99195368,7.949533767049009,0.5621169233951794
R:A:ALA:122,82.289395,2.088503212584314,0.1476794784148258,-6.393485000000001,1.063514311034412,0.07520181812213718,-66.70216500000001,1.8987494773600333,0.13426186312156924,-3.6240599999999996,1.1253699553480179,0.07957567267701857,0.12137515199999999,0.07994103060085787,0.005652684483290791,5.691060152,3.2204046393735255,0.2277169958665638
R:A:PHE:123,102.538755,2.950085526722064,0.20860254810254591,-13.125219999999999,1.0339814029275383,0.07311352616308422,-74.96023,2.135583111728504,0.15100853000906933,-5.096780000000001,1.7818073665803495,0.12599280716771097,0.187846524,0.06727091728847336,0.004756772179131887,9.544371524,4.1847580875825825,0.2959070821354892
R:A:HIS:124,105.58530000000002,2.969458688044001,0.20997243747692218,-8.35441,0.8659912654871295,0.0612348296274269,-75.44955,2.9860286380910677,0.2111441098811425,-15.061475,2.9894972285277337,0.21138937626303503,0.8277703559999999,0.0658957126353427,0.004659530525557089,7.547635356000001,5.236929322009101,0.3703068236187304
R:A:ASP:125,93.39477500000001,3.114692251952831,0.22024200126650453,-5.239185,0.7761655498506747,0.05488319236227973,-16.673029999999997,6.824255116062118,0.4825477069114513,-137.63146,6.163175862199617,0.4358023445806596,0.774143172,0.061592623167097016,0.004355256151252195,-65.374756828,9.739749947194671,0.688704323472267
R:A:ASN:126,26.731080000000002,7.132534652814524,0.5043463620053187,-6.0314450000000015,0.9093972327728955,0.06430409500859956,-95.409225,9.018878512008852,0.6377310154539099,-5.04472,3.8176128027341902,0.26994599007579273,0.5268276000000001,0.06609667637300985,0.0046737408077247924,-79.2274824,12.14984608121344,0.8591238554398823
R:A:GLU:127,101.355485,3.151133167572421,0.22281876312123042,-7.318885,1.3046458645069166,0.09225239378398263,-46.15020500000001,13.1816546288004,0.9320837375283806,-105.492405,12.427274972856077,0.87874104049764,0.534130848,0.11301680264194744,0.007991494753614275,-57.071879151999994,18.434687300661746,1.3035292399351452
R:A:GLU:128,104.36885000000001,3.1589237419570613,0.22336963991890216,-4.939769999999999,1.0203848573455017,0.07215210520490721,-36.00246,14.800526943943582,1.0465552967196716,-117.79728000000001,14.271177559388715,1.0091246427761043,0.867972132,0.13078933559729775,0.009248202610773235,-53.502687868,20.826886398713228,1.4726832603531996
R:A:THR:129,40.05942,4.111135808216508,0.29070120083687306,-5.776959999999999,0.8762529591390833,0.06196044094420245,-53.09896999999999,4.274366893365612,0.30224338155781005,-0.90723,1.8417401600388694,0.13023069563470818,0.46923202799999997,0.10624320518476471,0.0075125290841140885,-19.254507972,6.272381019744251,0.44352431532469516
R:A:PHE:130,89.271165,3.3462329966359183,0.23661440433514394,-12.707294999999998,0.9096110751167226,0.06431921594574205,-66.89063999999999,2.0659091607328723,0.1460818376869623,0.50841,1.112230570475385,0.0786465778626127,0.234821556,0.07784720111040899,0.005504628380156313,10.416461556,4.187572717550195,0.29610610652915215
R:A:LEU:131,80.34323499999999,4.904457991437484,0.3467975503789999,-9.460185000000001,1.0219282659634188,0.07226124067489431,-79.22615,3.508020863321654,0.2480545340998628,1.025435,0.9191469609235511,0.06499350489760496,0.219650724,0.07131841645605308,0.00504297358995614,-7.098014276000002,6.184995828644576,0.4373452492045089
R:A:LYS:132,143.11157,3.1911038427321667,0.2256451166666365,-10.05541,1.0616251418933145,0.07506823369108934,-183.293985,18.36457274631716,1.2985713922514523,45.61247,16.019268206104172,1.132733317818232,0.301360392,0.11914417381624305,0.008424765324433415,-4.323994607999999,24.600790089446907,1.739538549479472
R:A:LYS:133,128.8152,3.302915003447712,0.2335513596620666,-8.93848,1.1163941775197503,0.07894098934013938,-158.029855,14.837694955213731,1.0491834720009054,21.42852,13.661006096536228,0.9659790048691534,0.6734572919999999,0.10383271685551686,0.00734208181975587,-16.051157708,20.468186140111797,1.4473193218261557
R:A:TYR:134,84.75186,3.212510955685599,0.22715882814013635,-15.319700000000001,0.8358595456175637,0.059104195282568564,-80.09872,1.4636193260544221,0.10349351505287664,-4.419615,0.8067144394238893,0.05704332505977364,0.11972746799999999,0.056136449225409474,0.0039694463919021355,-14.966447532,3.716854697147393,0.2628213161037993
R:A:LEU:135,70.343885,4.4197769402736835,0.3125254245799452,-11.089030000000001,0.9367134615772318,0.06623564407099851,-74.307595,3.179212338138961,0.22480426031299983,-0.423615,0.6003047199339682,0.04244795382436001,0.059193647999999995,0.028566496967533415,0.0020199563720487822,-15.417161351999999,5.5570165739697055,0.39294041026200144
R:A:TYR:136,88.66808999999999,3.4694349340922943,0.24532609687821638,-16.537999999999997,1.02449260612266,0.07244256690648115,-89.74569,2.0165631985881327,0.1425925512412903,-3.5824200000000004,1.0152046264669994,0.07178580756667712,0.018208584,0.034797781726974265,0.002460574742939283,-21.179811416000003,4.264380648466212,0.30153724740911453
R:A:GLU:137,101.91356999999999,2.6891353322397147,0.19015058289550416,-9.151825,1.3110849378949483,0.09270770502970614,-108.34076499999999,6.904979478591881,0.488255781326627,-46.169920000000005,6.45368630424504,0.4563445349382416,0.1561716,0.06303191537057398,0.004457029478970944,-61.592768400000004,9.913787070802222,0.701010606500377
R:A:ILE:138,76.012815,3.1281226623607647,0.22119167469386136,-10.705765000000001,1.2008875591723815,0.08491557365333523,-62.872445,1.6005328759431963,0.11317476500914413,0.7905500000000001,0.5372726937971071,0.03799091651302979,0.014577084,0.021457153673517464,0.0015172498867506037,3.2397320840000003,3.7520807779775702,0.26531217616676367
R:A:ALA:139,97.85459999999999,2.350751333084808,0.1662232208507584,-8.700205,0.6347733162121735,0.04488525164099005,-78.171565,1.3266519987453378,0.09380846245875155,-0.34649500000000005,0.6922743386656767,0.04895118793119325,9.576000000000001e-06,9.527999697732994e-05,6.737313197410375e-06,10.636344575999999,2.858009497500538,0.20209178963781876
R:A:ARG:140,-173.14995,4.024914052187946,0.28460440199951226,-14.317195000000002,1.2039229655484607,0.08513020929655347,-23.72468,8.31957695184076,0.5882829279249908,44.40555500000001,6.911337178648934,0.4887053386089363,0.16498418399999998,0.03380098697557431,0.0023900907101226765,-166.621285816,11.60312235545978,0.8204646500482836
R:A:ARG:141,-188.40205999999998,3.855484735594217,0.27262394012998936,-12.60696,1.269102059883286,0.08973906725612875,1.7251599999999998,6.742846176830671,0.47679122561347537,21.796985000000003,5.758367052800213,0.4071780391596225,0.19058436,0.02911817007533269,0.002058965551601095,-177.29629064,9.751973960783712,0.6895686917624797
R:A:HIS:142,116.61198,2.8081572391160727,0.1985667026417068,-12.57713,0.9588684076034626,0.06780223532819549,-80.43600500000001,1.8335190386180888,0.129649374564149,-7.7715,0.8195530855289364,0.057951154431986944,0.077180976,0.025977915540478298,0.00183691602397636,15.904525976,3.5831982752522684,0.25337037987668204
R:A:PRO:143,78.238115,2.398088249371778,0.16957044630145604,-9.976704999999999,0.9282647186955885,0.06563822773258736,-58.482525,1.2724166374953607,0.08997344328675545,-0.43265,0.604162442973742,0.04272073603649638,0.00233064,0.00326855282765936,0.0002311215869104398,9.348565639999999,2.931990736694539,0.20732305322928496
R:A:TYR:144,82.92664,3.056602612444084,0.21613444346517285,-13.630465,0.75941139626358,0.05369849480083218,-78.03370000000001,1.7242907150477842,0.12192576573472891,-5.11495,1.1039736443864954,0.07806272501969169,0.207320148,0.06505597462474062,0.004600152081385405,-13.645154852000001,3.757085806380974,0.26566608511917145
R:A:PHE:145,103.05862,3.2922996272514444,0.2328007392127439,-14.09779,0.9505165258426599,0.06721166810532231,-75.53572,1.7140415635567303,0.12120104128265567,-4.49857,0.7206494051201319,0.05095760812184967,0.033715115999999996,0.01884113794379055,0.0013322696405325461,8.960255115999999,3.8987623083074734,0.27568412664387315
R:A:TYR:146,82.38869500000001,3.1230388025087037,0.22083219151626193,-13.702565,1.129233649770941,0.07984887712970672,-81.86376,2.045432018523227,0.14463388507538616,-0.13629500000000003,0.9204942737328679,0.06508877429998969,0.09301748400000001,0.040265317076284696,0.00284718787512674,-13.220907516000002,4.0076505765703,0.2833836899319036
R:A:ALA:147,95.91596,2.3506955095035167,0.1662192735274703,-6.3946499999999995,0.7408799346047914,0.05238812258040938,-70.99848,1.191704581513388,0.08426623907591933,1.2240700000000002,0.6073878292326905,0.042948805286061216,0.004228956,0.004001461903812655,0.0002829460846845561,19.751128956,2.8042411187872855,0.19828979111766404
R:A:PRO:148,82.666185,2.536040378380242,0.1793251348915567,-9.01269,0.7958479213392468,0.05627494619721994,-61.53196,1.3233299393575286,0.09357355738668911,-1.5950149999999998,0.9911285863978497,0.07008337444697564,0.077669928,0.04573650068091804,0.003234058977922029,10.604189927999998,3.1305757530116627,0.2213651343972729
R:A:GLU:149,92.50356000000002,2.842611845891028,0.2010030112510755,-8.574895,1.0142569122145533,0.07171879404922395,-58.856480000000005,13.348101283688253,0.9438532933660824,-77.80071,11.594386123719529,0.8198469051777287,0.26981712,0.08157058224904368,0.005767911185363381,-52.45870788,17.936482665666738,1.2683008523527912
R:A:LEU:150,72.025015,3.8447204273880566,0.2718627885972536,-12.812964999999998,1.040973161889873,0.0736079181805531,-74.18901,2.194254456506811,0.15515722058447684,1.8929399999999998,0.5143218218197629,0.036368044792097355,0.0006015959999999999,0.0014507513496061272,0.00010258361171220283,-13.083418404,4.576546946064192,0.32361073799805745
R:A:LEU:151,69.72019,4.189632779122771,0.2962517748799152,-9.532085,0.8524371752657202,0.06027641071658962,-76.43970499999999,3.0166911141141046,0.21331227435352842,1.36005,0.9548956998018161,0.0675213224655738,0.28890072,0.0922226773386763,0.006521128052535696,-14.602649280000001,5.31981466400527,0.3761677023573761
R:A:PHE:152,98.83229,3.4299932195122484,0.2425371464940989,-10.246934999999999,0.9045353507602674,0.06396030803455374,-81.370185,1.5880603139600837,0.11229282169344129,0.212335,0.7193367311454351,0.05086478805495015,0.6327931320000001,0.09492040878335162,0.006711886472370705,8.060298132000002,3.953660135144218,0.27956598920673986
R:A:PHE:153,94.07518,3.1977818277049486,0.2261173215125281,-13.989235,0.959321666478455,0.0678342855706095,-74.267945,1.433366021634042,0.10135428338198146,0.5637599999999999,0.6271190496229563,0.04434401325996554,0.029205936000000002,0.01967016269848076,0.0013908905431138424,6.410965936,3.687046249648977,0.260713540567522
R:A:ALA:154,100.39305,2.0206917893384926,0.14288448669292267,-7.195149999999999,0.7010152548268832,0.04956926404033048,-83.9255,1.429529569473818,0.10108300524816224,0.8348300000000001,0.5351685258869396,0.03784212937322634,0.038072879999999996,0.0380499463915102,0.0026905375117221467,10.145302880000001,2.627931816946626,0.1858228408258844
R:A:LYS:155,145.35371,3.4414348193595057,0.24334618977806077,-7.57076,0.9290275412494508,0.06569216743265516,-163.92451,12.138751951082122,0.8583393819751602,22.788380000000004,11.050000216995473,0.781353008555032,0.848328516,0.123696884404726,0.008746690577423024,-2.504851483999999,16.798025789747182,1.1877997946476742
R:A:ARG:156,-188.24885999999998,3.489879944983781,0.2467717774624967,-9.541805,1.1623049715866314,0.08218737272157445,-8.53241,8.529837832684745,0.6031506173912946,26.868509999999997,6.971562514953158,0.49296391297893194,0.629330112,0.06777549571153468,0.004792451261590594,-178.825234888,11.61445761742639,0.8212661741085953
R:A:TYR:157,96.30561,3.5246165958725215,0.2492280296024105,-14.822930000000001,0.8918701839954064,0.06306474550412457,-89.43166000000001,1.6886568403319842,0.1194060702895795,-3.080455,1.052767489987699,0.07444190311830427,0.12005287199999999,0.06212329088793361,0.004392780025648232,-10.909382127999999,4.145129091915685,0.2931048889787216
R:A:LYS:158,119.585415,3.0522795698911653,0.21582875819472017,-8.869335000000001,1.0788948478767522,0.07628938631208801,-160.52811,13.67468487014966,0.9669462402271908,34.571684999999995,11.969732629669512,0.8463879111429197,0.534085884,0.11505459802371804,0.008135588646926336,-14.706259115999996,18.459825777881854,1.3053067987062492
R:A:ALA:159,81.70788999999999,2.1786911524812327,0.1540567288030614,-5.278969999999999,0.6888856284609224,0.04871156993466747,-71.973945,2.1009466966048898,0.14855936560807936,-4.228265,1.1188778194132727,0.07911660934263424,0.355601196,0.04151605330984129,0.0029356282823490986,0.582311196,3.299825256954135,0.23333288159229104
R:A:ALA:160,93.86784,2.1200741058746035,0.14991187768819386,-7.274430000000001,0.6477521556120056,0.04580299417614529,-79.760385,1.4095597811994356,0.09967092797739471,-2.339395,0.7962275296515438,0.05630178855840194,0.027574812,0.021729160489918978,0.0015364836731912512,4.521204812000001,2.745105878042885,0.19410829814391758
R:A:PHE:161,111.848235,3.3409169519422357,0.23623850320994458,-14.154289999999998,1.0373982291772046,0.07335513226421174,-90.85186,1.696811468725975,0.11998268959312423,-0.93686,0.7915333728908719,0.05596986155065956,0.012835763999999998,0.019892357055600624,0.0014066020567799265,5.918060764,3.967872365934195,0.2805709456834779
R:A:THR:162,38.939949999999996,4.142091912005334,0.29289012792769237,-5.956135,0.7168765282634103,0.05069082544085271,-49.935435,4.252149110247076,0.30067234704720514,-6.180519999999999,2.0670513466288156,0.14616260242620202,0.5922837,0.09841162761942107,0.006958752923729797,-22.5398563,6.327242332809825,0.4474035959740417
R:A:GLU:163,84.821175,3.3434156583313124,0.2364151884331356,-6.035245,1.0791589479659611,0.07630806100848717,-45.263670000000005,14.129199239910944,0.9990852595276841,-89.01942500000001,13.635253702970658,0.9641580356569535,0.7983085679999999,0.09811421046389852,0.006937722354978676,-54.698856432,19.947607711280064,1.41050886810952
R:A:CYS:164,83.53251,2.100695434826286,0.148541598717329,-7.666745,0.7339842504951997,0.05190052408092812,-73.788295,1.745092598682087,0.12339668103265582,0.06938000000000001,0.7226986409285686,0.05110251097548926,0.005943672,0.01083492185974666,0.0007661446720653222,2.152793672,2.918803365932982,0.20639056530013317
R:A:CYS:165,87.970345,2.2902727230561433,0.16194673732395787,-6.581655,0.8083552473850838,0.05715934770337219,-79.579115,2.695438148386083,0.1905962592992711,-0.11237000000000003,1.538887466028624,0.10881577627118227,0.113890212,0.04897276231545711,0.003462897232669673,1.8110952120000008,3.9414143563286768,0.27870008188260187
R:A:GLN:166,27.758654999999997,3.3377899508469673,0.23601739084202036,-4.278205,0.9650789413177556,0.06824138637861192,-66.60466000000001,2.9525879841928497,0.20877949856726827,-14.02942,2.4642483688946615,0.1742486732173304,1.1765016719999999,0.139550304115726,0.009867696635687482,-55.977128328,5.184784396127652,0.36661962054920616
R:A:ALA:167,88.0074,2.4880662330412346,0.17593285054247257,-4.69397,0.6393458446725059,0.045208578229137,-75.08890000000001,3.030149131643524,0.21426389989916642,-2.225525,1.9533571510031136,0.13812320875535364,0.25946283600000003,0.052440655427653686,0.003708114306276105,6.258467836000002,4.427120354227641,0.31304468236033556
R:A:ALA:168,89.006745,2.395068915495962,0.1693569471556305,-2.18922,0.3552167670592141,0.025117618477873253,-72.777475,2.1674496924669326,0.1532618375424065,-6.32991,1.6326443249832463,0.11544538734613868,0.874268064,0.06583076020547768,0.004654937695195879,8.584408064000002,3.637338781559842,0.25719869179137783
R:A:ASP:169,116.30158000000002,8.528029970256906,0.6030227822130769,-4.893165,0.7311669698331565,0.05170131225486448,-79.004375,14.910521655005066,1.0543330973282945,-88.51759,7.80407906750694,0.5518317229550146,0.673087536,0.06963521292419163,0.004923953126806501,-55.44046246399999,18.88105016916509,1.3350918610540043
R:A:LYS:170,119.42298,3.435751540725842,0.24294432129193716,-8.78045,0.9437979219621117,0.0667365910689181,-141.62499,7.106225315869177,0.5024860109490611,17.39574,6.447930698479939,0.4559375521516077,0.700281432,0.07765819357683114,0.0054912635292874885,-12.886438568,10.235986640008358,0.7237935565284813
R:A:ALA:171,82.31823,2.388292353774973,0.16887777188102646,-5.45077,0.5808155792504192,0.0410698634706764,-76.00643,2.157270839533136,0.1525420839489877,0.05678000000000001,1.3543858872566563,0.09576954452225404,0.23616259199999998,0.055810993020041624,0.00394643316292265,1.1539725919999988,3.5401384969859424,0.2503255937558312
R:A:ALA:172,90.292095,2.1326380321036664,0.15080028143168364,-4.276375000000001,0.42536596522876624,0.030077915849922178,-79.006845,2.085583419807273,0.1474730178875953,-1.6338249999999999,1.3205490617069098,0.09337691964224884,0.5084841959999999,0.04988749423967478,0.003527578547327886,5.883534195999999,3.290148623965415,0.2326486403117533
R:A:CYS:173,87.834805,2.3057803921828723,0.1630432951239486,-6.754684999999999,0.5984650998805193,0.04231787304289997,-73.65596,2.1317561911250547,0.1507379258580932,-0.83979,1.5902266995306047,0.11244600828619929,0.28203083999999995,0.05163552125871491,0.0036511827232139442,6.86640084,3.570805978221956,0.25249411215022083
R:A:LEU:174,75.04564,3.2377659613381566,0.22894462671571916,-11.90443,0.9679855810393045,0.06844691684436925,-76.41059,1.9958079045589534,0.14112493032593498,0.21600999999999998,0.6497331836223236,0.04594307401012693,0.0007232040000000001,0.002465911359312009,0.00017436626439744585,-13.052646796,3.9781318464850846,0.28129640051037647
R:A:LEU:175,78.14216,3.1439496838212913,0.2223108141139337,-7.55528,1.124547443018746,0.0795175122724548,-71.33424,1.6912999179329484,0.1195929640990639,-0.38148,0.9694978491982331,0.06855385035138435,0.404558316,0.12583653205572118,0.00889798651375988,-0.7242816840000004,3.8684987903319557,0.2735441727655682
R:A:PRO:176,94.351325,2.5464021578248395,0.18005782334260012,-6.412780000000001,0.6164082426444345,0.04358664483531624,-65.27934499999999,1.5813190051267325,0.11181613917442774,-2.5768,1.0939602186551391,0.07735466889593672,0.5764400279999999,0.05584738631992741,0.00394900655783655,20.658840028,3.2503170241545307,0.2298321208785748
R:A:LYS:177,123.159155,3.4207405997787967,0.2418828874783725,-8.841005000000001,1.0434057288394578,0.07377992663912726,-149.63502,13.019387389566377,0.9206097110057009,24.66631,12.335298250707195,0.8722373041033615,0.642631968,0.11259549890143465,0.00796170408042869,-10.007928032,18.28843542913999,1.2931876709237193
R:A:LEU:178,63.571765000000006,2.840648401294148,0.2008641747521817,-10.488135,0.9230632030229566,0.06527042503213075,-74.54215,1.6126860815112154,0.11403412641617416,-0.22877,0.8383721888874893,0.05928186599205528,0.0754659,0.0356023996307159,0.002517469820539265,-21.6118241,3.4966013315803477,0.24724705126663754
R:A:ASP:179,105.52361,3.320891497459681,0.23482248974384887,-7.09751,1.2271167181242377,0.08677025526930296,-127.48392,9.756160366845144,0.6898647153739637,-42.104479999999995,8.691444764226485,0.6145779531092861,0.215421804,0.05846358976347573,0.004134000077426211,-70.946878196,13.537408576323905,0.9572393404011559
R:A:GLU:180,98.88156,2.7123440169712985,0.19179168473111652,-7.469625000000001,0.8854061013879451,0.06260766583953598,-78.79163,13.820681854492562,0.977269785993356,-66.477725,12.934062255508707,0.9145763129159178,0.604521792,0.12773493528282362,0.009032223893290937,-53.252898208000005,19.143100156373354,1.3536215933504856
R:A:LEU:181,83.399405,3.986660420825305,0.28189946178535885,-10.890474999999999,0.8342245137701241,0.05898858107189051,-79.15193500000001,2.8209655068389266,0.19947238393791508,-1.6894850000000003,0.9143154049752197,0.06465186230013022,0.060954011999999995,0.0277615338462675,0.0019630368838835606,-8.271535988,5.038251840039508,0.3562582041417537
R:A:ARG:182,-193.78090500000002,3.9950252347106643,0.28249094344752895,-10.128789999999999,1.461087117833841,0.10331446089246171,25.169059999999998,11.890362268930245,0.8407755791125239,3.6864850000000002,8.915789080601614,0.6304414918522375,0.459281268,0.14341532960252254,0.01014099520880475,-174.59486873199995,15.459223135876362,1.093132151125414
R:A:ASP:183,91.895455,8.192650832177275,0.5793078959326162,-5.925340000000001,0.9983695229723312,0.0705953859823714,-107.00546999999999,9.628546905379856,0.6808410809766843,-51.38469,9.439482118416244,0.6674721816821283,0.29283606,0.0690866185364865,0.004885161645639784,-72.12720894,15.809294117582727,1.1178859076315342
R:A:GLU:184,99.12333000000001,2.8802663559296033,0.20366558719012887,-5.680205,1.2493678933664816,0.08834365095961905,-96.94167999999999,6.703072346140984,0.473978791074031,-57.06112,6.331609359838935,0.4477123914166326,0.40591328399999993,0.06838973272325126,0.00483588437721465,-60.153761716,9.74073855171244,0.6887742283681095
R:A:GLY:185,88.55078000000002,2.0660178826912414,0.14608952549036497,-5.877314999999999,0.5696868313161189,0.040282942157630446,-77.86198999999999,1.6473645497885403,0.11648626442418007,-2.488965,0.5819156672362413,0.04114765143814407,0.005062175999999999,0.0077040390736953035,0.0005447578271536077,2.3275721760000003,2.7650439658833728,0.19551813385550776
R:A:LYS:186,118.47612,3.5565638804329094,0.2514870437577251,-8.090185,1.2480706193060551,0.08825191983110055,-155.010285,8.00068083251513,0.5657335670780681,29.561495,6.983136283932528,0.49378230203185186,0.3239390519999999,0.08178128864542362,0.005782810377535344,-14.738915947999999,11.268921919566996,0.7968331105987548
R:A:ALA:187,92.73911499999998,2.240392405757304,0.1584196662629833,-6.7866599999999995,0.5347327784978213,0.03781131737985335,-84.744425,1.2356108142837696,0.08737087856874852,-1.006215,0.6351041086113363,0.04490864219585135,0.108676332,0.031651034699930046,0.0022380661267891256,0.310491332,2.690053972938569,0.19021554060226756
R:A:SER:188,88.488495,2.5683633640851915,0.18161071512957325,-7.026435,0.8924688598348964,0.06310707827870816,-82.18361499999999,2.096972910357928,0.14827837648785813,-2.6557550000000005,0.967905488658371,0.0684412534578013,0.105808608,0.0393349443001911,0.002781400585226026,-3.2715013920000002,3.5677268246522322,0.2522763831132742
R:A:SER:189,61.208459999999995,4.408612933610751,0.31173601009828805,-8.64375,0.8680817228233757,0.06138264728325099,-53.76025,4.433063076192352,0.31346489626033086,-2.4611899999999998,0.9238051493145079,0.06532288855753396,0.037792547999999995,0.0192139689340567,0.0013586327726779154,-3.618937452,6.3792842266121195,0.451083513575381
R:A:ALA:190,95.9946,2.0819834101164205,0.14721845876112138,-7.697419999999999,0.7157392078124546,0.050610404740527415,-78.253845,1.256549219479683,0.08885144739887472,0.47992499999999993,0.5879531098438038,0.04157456309902727,0.03127356,0.009727917808452126,0.0006878676649181876,10.55453356,2.6022369158735117,0.18400593694681275
R:A:LYS:191,127.47478500000001,3.0996071797527827,0.21917532558177025,-8.189684999999999,0.988930870068783,0.0699279724350349,-158.125185,9.935565269816056,0.7025505577208483,26.090995000000003,8.936103303732283,0.6318779243452608,0.6325489440000001,0.09413949048906556,0.006656667210226475,-12.116541056,13.753683530748027,0.9725322890885667
R:A:GLN:192,39.902895,2.8894405018921914,0.20431429727230296,-11.118885,1.0681375902827313,0.07552873333291774,-88.31483,2.090053262742364,0.14778908351261943,2.16819,1.39681047171762,0.09876941565839092,0.039067812,0.018010112062012716,0.0012735072368978825,-57.323562188,3.9761175567237053,0.28115396871542186
R:A:ARG:193,-190.063545,3.824250562917523,0.2704153505995452,-11.713505,1.395887699628806,0.09870416581824193,-26.370429999999995,11.461827625431296,0.8104736038733772,52.530370000000005,8.17465363750049,0.5780353020927874,0.172785096,0.09917104831953519,0.00701245207641221,-175.444324904,14.655431905712462,1.0362955281746968
R:A:LEU:194,81.855365,2.9872344755266536,0.21122937546391363,-10.087595,1.0191368166124701,0.07206385539835485,-85.443505,1.648048002934077,0.11653459185956329,-1.8576850000000003,0.5951831531343944,0.04208580436293216,0.189658188,0.0360063087516154,0.0025460305083763782,-15.343761812000002,3.6102370175336023,0.25528230767887067
R:A:LYS:195,125.05229500000002,3.651085027491827,0.2581706981628143,-12.088130000000001,0.8834748401058178,0.062471105044652454,-141.48667,5.5650556071884845,0.3935088557523197,17.70372,5.241443124903674,0.37062599768229965,0.204729732,0.04056653671411667,0.0028684873199804942,-10.614055268,8.51793198245184,0.6023087466477468
R:A:CYS:196,81.92479999999999,2.2148735404081195,0.1566152099893238,-8.325785000000002,0.682498248184565,0.048259913943924516,-76.42364,1.5837894179467165,0.11199082374016182,-2.8950350000000005,0.6037667296025843,0.042692754875681194,0.030338064,0.02437272873715834,0.0017234121766064902,-5.689321936000002,2.8714083431055384,0.20303923109655547
R:A:ALA:197,98.43403500000001,2.128039086524258,0.1504750868711329,-6.472065,0.6931718623653156,0.04901465244062228,-85.250025,1.2887485341892726,0.09112828277694578,-2.03294,0.703481553702725,0.04974365770628453,0.064540152,0.0277627449098697,0.001963122519012117,4.743545152,2.6768577540336222,0.18928242701489656
R:A:SER:198,79.15574,2.8343384417532076,0.20041799323414053,-8.342775,0.7723337972502563,0.05461224653752123,-71.01295,1.755351283219402,0.12412207957289471,-1.878955,0.7261836083078438,0.0513489353820992,0.055759211999999996,0.01437809543492656,0.0010166848782583913,-2.0231807880000003,3.498396973883658,0.24737402235156314
R:A:LEU:199,62.789105,3.1541249299885066,0.22303031267044174,-11.410225,1.0649595364965752,0.07530401099460109,-60.82477000000001,2.3935239516453564,0.16924770171408535,-3.5176800000000004,1.496878137190867,0.10584526814175492,0.09666626399999999,0.04775614399034227,0.0033768693258892203,-12.866903736000001,4.36514886370887,0.30866263624172946
R:A:GLN:200,40.527319999999996,3.3526969424032345,0.23707147432367306,-6.803064999999999,0.8822525436489259,0.0623846756333236,-78.029655,3.5962871584420233,0.25429590368284544,-7.527675,3.565021316819158,0.2520850748197422,0.63246816,0.11740494132426282,0.008301783015519495,-51.20060684,6.1380280688485245,0.434024127059616
R:A:LYS:201,123.992305,3.7684521068968087,0.26646980393634656,-6.172195,0.7779154240500699,0.05500692715354131,-152.76225,9.46383178355892,0.669193963016329,26.247,8.642553410306471,0.6111208123194628,1.008983808,0.141562572598319,0.01000998550464843,-7.686156192000002,13.382236925432558,0.9462670477418376
R:A:PHE:202,95.02623,3.054640777096384,0.21599572075737983,-10.419859999999998,0.8782983777737495,0.06210507388289623,-75.737605,1.5985314194519291,0.11303324066342164,-4.869495,0.9379504571004804,0.06632311286327716,0.430456788,0.051236589377169274,0.0036229739793467016,4.429726788,3.67966265635058,0.26019144167844
R:A:GLY:203,80.17179,1.8991990090298596,0.1342936498107785,-3.4722700000000004,0.6881432533273867,0.04865907608555673,-79.12398000000002,2.145242492027416,0.15169155134021137,-0.22234500000000001,1.5495210182424115,0.10956768195902931,0.249706368,0.043034509750410496,0.003042999366955386,-2.397098631999999,3.3294790459776826,0.23542972112293362
R:A:GLU:204,103.24342,2.8642629285035963,0.20253397398461323,-6.680535,1.0794682342593505,0.07632993085202554,-37.185385000000004,11.089757238405852,0.7841642544989378,-109.50483499999999,10.378300307746686,0.7338566524798115,0.5878764,0.07290762353738325,0.005155347500347964,-49.539458599999996,15.494076358353693,1.0955966461214064
R:A:ARG:205,-199.0522,3.9020221398654313,0.27591463154388896,-5.8887149999999995,1.3510880185150782,0.09553634998719074,-20.957645000000003,17.481778237324,1.236148393881121,50.190259999999995,13.868212475744667,0.9806307084534932,0.9506007,0.22266682129301527,0.015744921928154423,-174.7576993,22.69450778797493,1.6047440352567988
R:A:ALA:206,86.54657500000002,2.262664229260497,0.15999452200583303,-6.21751,0.5668613674435752,0.04008315169120312,-79.79260000000001,1.4323417120226583,0.10128185375475707,-0.44682,0.6210300939568065,0.043913459075777664,0.171036036,0.032932957800651676,0.002328711778537121,0.26068103599999976,2.8070174494620614,0.19848610734235905
R:A:PHE:207,112.853865,3.2035575813109713,0.22652572896665624,-14.65213,1.0030900922150512,0.07092918063463019,-86.14919,1.5281962713931747,0.10805979464861114,-0.33543999999999996,0.6005875842872545,0.04246795535459648,0.0070526519999999995,0.005190376172619476,0.00036701501885683097,11.724157651999999,3.7369890473722047,0.26424502966167424
R:A:LYS:208,120.65069,3.187093918274138,0.2253615721890047,-9.956534999999999,0.972547520060074,0.06876949464606381,-173.90161500000002,11.386637831984253,0.8051568825911353,48.644839999999995,10.732339389639149,0.7588909960409335,0.581239764,0.11216079854996175,0.007930966123797624,-13.981380236,15.998582007746233,1.1312705827046452
R:A:ALA:209,89.61907500000001,1.9957797847896444,0.1411229419579786,-6.50046,0.5809800154910666,0.04108149086875986,-79.57731000000001,1.3280140940140657,0.09390477713886551,-1.9662800000000002,0.4917734759012527,0.0347736359617455,0.20231002799999998,0.03723853512976062,0.0026331620711707204,1.777335028,2.5154570204584314,0.17786967169494647
R:A:TRP:210,117.49587500000001,3.2836710141813845,0.23219060413133646,-15.482719999999999,0.7477936156453864,0.05287699365508594,-85.076245,1.5816911060554777,0.1118424506834279,-4.918985,0.8197589796854927,0.057965713347417715,0.380960568,0.07043319031786488,0.004980378649436494,12.398885568,3.8105646556676294,0.2694476108172362
R:A:ALA:211,99.483195,2.079658141852886,0.14705403746539908,-7.428015,0.7874659451525508,0.05568225097708425,-87.16015999999999,1.3304333708983698,0.09407584584791144,-0.14262,0.5176949735123956,0.0366065626356805,0.000206748,0.0007813782800257506,5.525178804780893e-05,4.752606748,2.6425635758297306,0.18685746241857737
R:A:VAL:212,49.23478,2.9446592657895074,0.20821885351235608,-8.933185,1.0765672253858558,0.07612479854735249,-55.39063,1.9482895891268321,0.13776487801867354,-1.02372,0.45069068284134745,0.03186864380547123,0.07273386,0.022438437616759326,0.0015866371398041833,-16.04002114,3.7187999516722714,0.2629588663703668
R:A:ALA:213,95.35484000000001,2.4743147444090456,0.1749604734561495,-8.314964999999999,0.5018623255186625,0.03548702535962968,-74.832905,1.3965577560469886,0.09875154596194938,-2.365025,0.5873390199663223,0.04153114038736475,6.3324e-05,0.0004363219589064937,3.085262159233798e-05,9.842008324,2.9443913002353908,0.20819990548631206
R:A:ARG:214,-188.48642,4.545123242949525,0.3213887466418201,-12.21774,1.0917472520689027,0.07719818852797,-3.7133550000000004,9.97580908593258,0.7053962252485302,35.465935,9.734105155111846,0.6883051763962517,0.45406497599999995,0.100653664784139,0.0071172888920142275,-168.49751502400002,14.701352271338324,1.0395425883675582
R:A:LEU:215,70.92277,2.9600399502540506,0.209306432140773,-11.042185,0.9643048173554875,0.06818664754829203,-79.33926000000001,1.6402384285219025,0.11598237155706034,-1.4498600000000001,0.5488952271608855,0.03881275372863925,0.065371932,0.03554601633999759,0.0025134829198180117,-20.843163068,3.561551892076353,0.2518397494434968
R:A:SER:216,79.62857,2.4482227686834386,0.17311549215913638,-8.66771,0.7790250418953167,0.05508538898383127,-72.52451,1.86430862785645,0.13182652729818833,-3.31328,0.7704977557397555,0.05448241879725972,0.000894672,0.0021042507492254814,0.0001487929974094211,-4.876035328,3.2664954646181927,0.23097610937466262
R:A:GLN:217,39.073229999999995,3.2259454439125284,0.22810878991283962,-11.910025000000001,1.3826983743300634,0.0977715396824403,-78.429125,3.2427363104907254,0.22929608347478378,-2.6624600000000003,1.8596577422740992,0.13149766002480803,0.06284401199999999,0.07068181753717327,0.004997959248712546,-53.865535988000005,5.128083503471873,0.36261026197958296
R:A:ARG:218,-192.62864500000003,4.320888885284486,0.3055329831538242,-13.537139999999999,1.413356526287688,0.09993939839722871,-20.356825,10.63778341499652,0.7522048789537829,53.956275000000005,8.477231456635769,0.5994307848675066,0.22366173600000003,0.08084032967002983,0.005716274530303414,-172.342673264,14.342248141139734,1.0141500918060062
R:A:PHE:219,104.293115,2.924698247986448,0.2068073964075632,-12.32509,0.9745064298915632,0.06890801048862172,-74.16977,1.3519017594115337,0.09559389015779199,-2.52099,0.5915291961518045,0.04182743058687684,0.035689320000000004,0.015691259747974348,0.0011095396173152177,15.31295432,3.4177937322646437,0.24167451247812088
R:A:PRO:220,91.725975,2.502783990754096,0.17697355317073507,-9.14953,0.9104680659419088,0.06437981434813243,-63.39181000000001,2.3527295879254804,0.16636310459203388,-1.4342450000000002,1.1307814886064416,0.07995832586338335,0.041677812,0.047086070406028316,0.003329487968352983,17.792067812,3.7294906073586347,0.2637148098834826
R:A:LYS:221,116.397965,3.7478139820133816,0.26501046813074197,-6.8300600000000005,1.2234264654649252,0.08650931500133381,-191.342855,12.25609067908585,0.8666364830018842,68.63841000000001,11.84941415437489,0.8378801101646344,0.8598261600000001,0.2138776093630074,0.015123430792454996,-12.27671384,17.498828535871677,1.2373540320535528
R:A:ALA:222,90.4929,2.4348434467127453,0.17216943122982084,-6.166855000000001,0.7820249957482177,0.055297517755094575,-85.67117,3.269008426281584,0.23115380259796722,-0.22586999999999996,1.6737961683251639,0.11835526209467832,0.031358951999999995,0.03004115732666929,0.002124230606037979,-1.5396360479999998,4.475370138805116,0.31645645734688777
R:A:GLU:223,103.269835,3.1736000595183698,0.224407412285947,-5.848455,0.8494896750255414,0.060067990975851686,-3.1200600000000005,9.310304372382248,0.6583379356622251,-149.120855,8.78633023360578,0.6212873689927029,0.792949536,0.06631401396248536,0.004689108896057279,-54.026585464,13.216623399135381,0.9345564029917426
R:A:PHE:224,88.17549,3.1288276654203884,0.22124152593828308,-11.511075,0.8655613492843821,0.06120442996119644,-67.84151,1.6718038132209172,0.11821438131420388,-3.028975,1.009123973739104,0.07135584048888359,0.27606902399999994,0.06910577032787511,0.004886515881796059,6.069999024,3.789035998910885,0.26792530489898303
R:A:ALA:225,91.33008000000001,2.0760488538567676,0.146798822263668,-4.795835,0.4584764091804507,0.0324191777945555,-80.693455,1.9051351757749373,0.13471340018674832,-0.9104149999999999,1.3700608901705793,0.09687793460780943,0.5216320799999999,0.07961355856698782,0.005629528713710944,5.4520070800000004,3.1675107988502105,0.2239768365348602
R:A:GLU:226,110.82495999999999,2.698312300012732,0.19079949250980727,-7.986195,0.9310159058657377,0.06583276604301995,-8.368335,12.883113373434815,0.9109736829150856,-147.384925,11.866609499320983,0.8390960046662569,0.47352348,0.10960804351444285,0.0077504590841652714,-52.440971520000005,17.746851129446263,1.2548918778339593
R:A:VAL:227,55.98504,3.0614662056602877,0.21647835143958388,-9.47953,0.9885137323780586,0.06989847634605492,-61.748085,2.0425035465758685,0.144426810838137,0.12697,0.8485874257258352,0.06000419231603738,0.001421856,0.002918596440493958,0.00020637593346201975,-15.114183143999998,3.9040574538011326,0.2760585499724667
R:A:SER:228,82.83441,2.648338081118044,0.18726578160331378,-5.983485000000001,0.8046879393746373,0.05690002986708355,-74.36495000000001,3.2617031682082906,0.23063724284577286,-1.7219799999999998,1.6278363491456997,0.11510541211428767,0.30970854,0.04640988195983696,0.003281674224786793,1.0737035400000001,4.577327810624725,0.3236659534606516
R:A:LYS:229,122.94005499999999,3.8015923113841383,0.26881317026863655,-7.775550000000001,0.9463476145159346,0.06691688155839302,-204.53171000000003,15.213182340191022,1.0757344396176503,78.897775,13.506937249220307,0.9550846921984851,0.82510974,0.11849628722737097,0.008378952824390289,-9.644320260000002,20.718107781596192,1.4649914505720445
R:A:LEU:230,75.08854,3.0053264196090246,0.2125086690984629,-10.41514,0.9052785485142129,0.06401286005171149,-81.84034,1.7301764489207452,0.12234194996811192,-0.69096,0.8693323808532615,0.061471082160638756,0.019090727999999998,0.014567823537468319,0.0010301006810472847,-17.838809272000002,3.6879503376648954,0.26077746924420653
R:A:VAL:231,62.163705,2.904033665089818,0.20534618973790333,-8.515554999999999,1.1018004161258064,0.07790905457567175,-71.47050000000002,1.929494488201508,0.1364358636869353,0.11280000000000001,0.749493649072492,0.05299720417154097,0.07030918800000001,0.029029163203810337,0.0020526718153585292,-17.639240812000004,3.7326810856630006,0.2639404107679072
R:A:THR:232,32.823315,3.612008082185725,0.25540754086141426,-6.865125000000001,0.7564031328431949,0.0534857784544172,-48.74776,4.060943159218065,0.28715204458962157,-1.1325450000000001,1.9563844478974473,0.13833727097161846,0.571354092,0.08024083784071759,0.005673884056526153,-23.350760907999998,5.826138183014748,0.4119701817339599
R:A:ASP:233,73.759995,3.4542787199319918,0.24425439069722982,-7.782165,1.0215059558196418,0.07223137883825145,10.523325,19.116740630645566,1.3517576934113877,-138.20625,17.519699991652253,1.2388298668451208,0.279452376,0.10776317494636573,0.007620007176676747,-61.425642624000005,26.179701849553204,1.8511844707261071
R:A:LEU:234,84.87674000000001,3.1581143254163555,0.2233124055264284,-10.4234,0.7904098177527908,0.05589041420494215,-88.49877499999998,1.4783625652643537,0.10453601949507645,-0.9706999999999999,0.7556067760416129,0.05342946752495294,0.19103205599999998,0.04013863729589314,0.0028382302619513306,-14.825102944000001,3.6546603613713513,0.2584235124459361
R:A:THR:235,57.706199999999995,3.1485826652638482,0.22263841537344806,-8.08534,1.1570720783080024,0.08181735128932004,-72.07190499999999,2.6069941093096083,0.18434232132062076,2.3851349999999996,0.976718550440709,0.06906443103273202,0.07308809999999999,0.03186370543282749,0.002253104218528295,-19.9928219,4.3593349610776535,0.30825153124416027
R:A:LYS:236,133.238095,3.7827729334411533,0.2674824392925168,-7.7159949999999995,1.2909003001684523,0.09128043560848623,-262.70835,22.883972736775842,1.6181412302662275,123.712575,20.56951977962478,1.45448469219235,0.7077040919999998,0.11204420340471136,0.007922721602011625,-12.765970907999996,31.028530431464876,2.1940484278341965
R:A:VAL:237,55.05684,3.274412065455415,0.23153589758825732,-9.60173,1.2387655214365632,0.08759395005078832,-64.0179,3.8186024799656746,0.27001597082394957,0.615185,2.0883717630668635,0.1476701835303085,0.028020564,0.01654101874953003,0.001169626652552651,-17.919584436,5.585661063614249,0.39496588154912987
R:A:HIS:238,113.449455,3.3184776898413832,0.23465180777031105,-12.92849,0.878080628359378,0.06208967667414608,-92.590165,2.1493375253261187,0.15198111392168112,-3.1954049999999996,1.7721700203352386,0.1253113438794549,0.134715744,0.030920965088458412,0.0021864424094881437,4.870110744,4.420917806599328,0.31260609601147427
R:A:THR:239,37.514579999999995,6.244655482378511,0.4415638237763596,-7.43903,0.9511796092747152,0.06725855518445219,-53.337759999999996,7.8073715783482465,0.5520645386293164,-0.26048499999999997,2.193728260239859,0.15512001288961716,0.27937206,0.08158285936366536,0.00576877930846362,-23.24332294,10.2798159102105,0.7268927539459206
R:A:GLU:240,87.23213500000001,3.348877124765105,0.23680137242819133,-10.458515,1.4042571879022019,0.09929597800955987,43.07064999999999,16.502873076452474,1.1669293461420445,-174.564035,14.775274295381964,1.0447696648155873,0.22359841199999997,0.06838959357995816,0.004835874538298039,-54.496166587999994,22.44649513096276,1.5872068920974587
R:A:CYS:241,85.932465,2.152443192926355,0.152200717783705,-9.108035,0.575736557615547,0.040710722406695266,-71.347825,1.4360719182460886,0.10154561916633825,-2.05668,0.9836669851123397,0.06955575956022621,0.062552988,0.01918721934171432,0.001356741290863988,3.482477988,2.8274999069692415,0.19993443580222828
R:A:CYS:242,92.04832,2.196201467898608,0.15529489508029556,-7.58633,0.6287580942620142,0.04445991121786007,-83.125605,1.372640600803794,0.09706034769603394,1.54508,1.2123775953060167,0.08572804189995242,0.034160004,0.03230954215455217,0.0022846296354516456,2.915625004,2.928085242575639,0.20704689309174912
R:A:HIS:243,110.611435,3.017210804000112,0.21334902197777944,-8.3036,0.8501689361532799,0.06011602199081372,-84.93125500000001,5.6228967739035545,0.3975988438739165,-8.730619999999998,4.645976616988079,0.3285201571106406,0.590413104,0.10621922629838527,0.007510833520797669,9.236373104,7.93975425535233,0.561425407491438
R:A:GLY:244,72.28599,1.6352319254160863,0.11562835832744493,-4.624165,0.6440715393300654,0.04554273530295474,-73.093095,1.7429937395111323,0.12324826927740204,-0.9060900000000001,1.0850673213676651,0.07672584609829988,0.06111324,0.044688451565548785,0.003159950714272613,-6.276246760000001,2.7029996158440963,0.19113093579079934
R:A:ASP:245,87.88494,8.520632692259419,0.6024997156696423,-8.0951,1.0036904702147968,0.07097163377011974,35.574365,11.749358756620508,0.8308051251399903,-174.72411,8.458394564448977,0.5980988154473306,0.247112064,0.08584032560263913,0.006069827633288734,-59.112792936000005,16.828779349601522,1.1899743997195373
R:A:LEU:246,65.91636,2.9279239232603023,0.20703548609356803,-10.485210000000002,1.099169425475436,0.07772301544266023,-65.74671000000001,1.4567834588228963,0.10301014624540636,-1.54897,1.048197628837234,0.07411876513744681,0.037365588,0.02394765702329679,0.001693355067470281,-11.827164412,3.605887093570306,0.25497472160566137
R:A:LEU:247,69.74287,2.7675714811184187,0.19569685617173307,-10.891865000000001,0.9111151281671269,0.06442556855686259,-73.414635,1.8628346657111041,0.1317223024353697,-2.0468949999999997,1.1289644254691997,0.07982984009676457,0.03043206,0.024160679417325998,0.0017084180254065455,-16.58009294,3.6379774716255326,0.2572438539990305
R:A:GLU:248,96.57815500000001,3.04490554549316,0.2153073359290737,-9.816025,1.1521755918153274,0.08147111740902416,45.84130499999999,12.66242265808463,0.895368492778183,-189.55757999999997,11.781239746885722,0.8330594515807379,0.33226523999999996,0.10143749235057421,0.0071727138707649565,-56.62187975999999,17.59953992255989,1.2444754025005464
R:A:CYS:249,79.61987,2.150630138610542,0.1520725154835679,-9.2856,0.7609133722047471,0.05380470053815001,-69.79697,1.5613844526893437,0.1104065534535881,0.9901650000000001,1.3030523541957169,0.09213971558928863,0.001412208,0.0034188506141005926,0.00024174924530943212,1.5288772079999995,3.0561540681900383,0.21610272659680305
R:A:ALA:250,91.05581999999998,2.1317608396815997,0.15073825456067877,-6.948205000000001,0.5979809051926324,0.04228363530817803,-79.6117,1.4653403393068802,0.10361520906700915,-0.22675999999999996,0.9055872693451471,0.0640346899110162,0.08091043199999999,0.036298772984030406,0.002566710852575895,4.350065431999999,2.805461397684015,0.19837607786594563
R:A:ASP:251,106.416155,2.857321595651249,0.20204314763157644,-8.727205,0.7752638860252682,0.054819435101750184,2.687755,12.450201731095566,0.8803622071198167,-166.00599499999996,12.486803607608113,0.8829503506284342,0.28281927599999995,0.09719638077474604,0.00687282199526127,-65.346470724,17.880228058118714,1.2643230509057717
R:A:ASP:252,97.61346999999998,4.4848186205352825,0.3171245658972196,-7.74923,1.4374042149305115,0.10163982676834903,19.953015,18.32132736934677,1.2955134823203789,-167.54782500000002,14.463644164399751,1.02273408693163,0.20946722399999998,0.06837553932606766,0.00483488075247499,-57.52110277599999,23.812862978645136,1.6838236891666063
R:A:ARG:253,-197.517425,3.8216143557893174,0.27022894260584857,-13.910139999999998,1.0160496052850962,0.07184555659190064,-18.832925,10.353094355765093,0.7320743225225668,59.995455,8.904152396380859,0.6296186540199352,0.154774944,0.0654857801568437,0.004630543922019563,-170.11026005600002,14.216605576210087,1.0052658208392637
R:A:ALA:254,85.501425,2.162807530589581,0.1529335871281224,-6.9167499999999995,0.611922542075384,0.04326945790624145,-84.95382,1.453846094880748,0.10280244324917576,3.9587699999999995,0.8620690674766147,0.06095748834638776,0.080921196,0.03484336634464563,0.0024637980621666053,-2.3294538040000003,2.8125133273912195,0.19887472459758718
R:A:ASP:255,107.092145,2.746774505483659,0.1942262879217821,-7.3293099999999995,0.6175359940116851,0.04366638889924378,-4.385884999999999,9.412565004916301,0.6655688543335505,-159.72833000000003,9.75394722464193,0.6897082225880014,0.5763438,0.06706946321012566,0.004742527224642153,-63.775036199999995,13.8443665667175,0.9789445480558265
R:A:LEU:256,70.37608,3.408755751531634,0.24103543073166644,-10.309485,1.0007712374838718,0.07076521284412984,-75.229695,1.842506513414539,0.1302848850015803,-0.43595500000000004,0.6946674045721448,0.04912040324422225,0.10653364800000001,0.028204834204839706,0.001994382952848444,-15.492521351999999,4.061938873370391,0.28722245221254483
R:A:ALA:257,101.80903500000001,2.112597534736562,0.1493832042730206,-8.087110000000001,0.5603956797656456,0.039625958530993294,-84.38835,1.3818451604648039,0.09771120835144757,-0.48285500000000003,0.8001949474815496,0.0565823273635417,0.011229372,0.008063330185030004,0.0005701635452780894,8.861949372,2.7068403500102614,0.19140251670816236
R:A:LYS:258,129.49882,3.4283816805600864,0.2424231934819769,-8.11191,0.9153467659308138,0.06472479053268539,-200.480085,9.644539825609877,0.6819719512112467,66.75131499999999,9.688297274845306,0.6850660701194264,0.8639381879999999,0.11672018136790509,0.00825336317465694,-11.477921812,14.12393489024176,0.9987130137927224
R:A:TYR:259,89.37565999999998,3.0211603308000714,0.21362829569605235,-10.946125000000002,0.9071150640216488,0.0641427213086177,-91.187485,2.6771178046128266,0.18930081536769724,-4.86463,1.4510909527317712,0.10260762527950833,0.512410752,0.09643462690606987,0.006818957862647669,-17.110169248,4.385452292970077,0.31009830549292355
R:A:ILE:260,77.70087,3.0079747826569294,0.2126959366454846,-9.946625,1.0902624337172222,0.07709319601543965,-63.745435,1.3634527405726242,0.09641066786862851,-1.8369050000000002,0.7006770554078391,0.04954534973007053,0.043631136,0.01801406891148982,0.001273787028407622,2.2155361359999994,3.5477965959034,0.25086710312338434
R:A:CYS:261,84.97081999999999,2.128607356371766,0.15051526961740458,-7.69011,0.5307051609886604,0.037526521814578016,-75.64158499999999,1.4120774917740881,0.0998489569994349,-3.5193049999999992,0.9206754813586598,0.06510158761408971,0.167633748,0.03159705459590333,0.002234249157028481,-1.7125462519999997,2.7668071497863984,0.1956428097849386
R:A:GLU:262,95.45741,3.140153830929307,0.22204240678190282,-5.458139999999999,0.7257065249810009,0.05131520049653903,12.233310000000001,7.738632822010616,0.5472039745556495,-156.14963,7.569274065793893,0.5352285020582331,1.0618330679999999,0.06536482824576667,0.0046219913303675595,-52.855216932000005,11.294770313736866,0.7986608680787847
R:A:ASN:263,18.316605,3.316377413530462,0.2345032958081293,-7.568524999999999,0.8409797021183092,0.05946624502080992,-77.24309,3.3359159000040757,0.23588487543609066,-9.892945,2.0059520437874383,0.14184222928971119,0.284954328,0.06970882938280641,0.004929158596515847,-76.103000672,5.1829184657988705,0.3664876793503358
R:A:GLN:264,35.430730000000004,2.9684913351903184,0.20990403530065826,-9.05915,1.0352432648899486,0.07320275327813838,-82.680715,2.690640008209014,0.19025697955364218,-5.1186799999999995,1.8462483575077324,0.13054947333482428,0.29585268,0.057760337387477226,0.004084272625030801,-61.13196232,4.5315761421993255,0.32043082196123174
R:A:ASP:265,83.98603500000002,3.5366033017254,0.2500756177016764,-4.7864249999999995,1.190568408103877,0.08418589948367243,-25.385419999999996,10.892388808870164,0.7702081990072553,-118.13879999999999,11.57817149294309,0.8187003576400832,0.611934264,0.1243823252704881,0.0087951585658513,-63.712675736,16.329074563323843,1.154639935422705
R:A:SER:266,77.42179,5.058333628370118,0.3576782010124464,-4.398530000000001,0.8093282764737681,0.05722815125006224,-67.908845,5.151863434814144,0.36429175705041,-6.343109999999999,1.8155438766110832,0.12837833866934095,0.5688058319999999,0.0827215431006783,0.005849296407670488,-0.6598891680000003,7.4890914420621115,0.5295587343608259
R:A:ILE:267,86.805725,2.8255413002423095,0.19979594139239917,-10.170865,1.1151275652475818,0.07885142632746094,-71.42064500000001,1.548265028661114,0.10947887008402579,0.02243000000000002,0.9463449450913763,0.06691669280157232,0.044934947999999995,0.035345669734173885,0.0024993162754614467,5.281579948000001,3.538521696498971,0.2502112686970149
R:A:SER:268,66.81407999999999,2.119387365160036,0.1498633177865751,-8.089134999999999,0.8136338837431736,0.057532603659794505,-61.705915000000005,2.050629949009572,0.14500143426488926,-3.1706149999999997,1.0165047991893594,0.07187774366154658,0.00708156,0.01014924569658258,0.0007176600455981927,-6.144503440000001,3.2237045618532125,0.22795033562284145
R:A:SER:269,74.61346999999999,5.413566490688002,0.3827969575969747,-3.9951100000000004,0.8397027080461275,0.05937594790401244,-64.324685,5.119111576804611,0.36197585096091006,-4.276955,2.803100232416779,0.19820911826874918,0.513188028,0.09621756718711617,0.006803609422728209,2.529908028,8.005231717819628,0.5660553632639893
R:A:LYS:270,119.51009,3.262976046786123,0.2307272489531741,-7.42136,1.4134433346972208,0.09994553667873317,-206.13592500000001,23.080516231431545,1.6320389540531424,81.44713,19.731480589735277,1.3952263727852552,0.5010669,0.13952836013655576,0.009866144962039733,-12.0989981,30.57295959958828,2.1618347053811227
R:A:LEU:271,75.17083500000001,3.167633374899153,0.22398550397040204,-10.49297,0.9881755001516684,0.06987455971596529,-77.60924999999999,2.025105826247113,0.14319660623597197,0.135245,0.7491038412496628,0.052969640596052754,0.000428976,0.0018043798112991622,0.00012758892004057407,-12.795711024,3.958864160985635,0.27993396940293347
R:A:LYS:272,126.42778999999999,3.339637695304686,0.23614804610561563,-7.061424999999999,0.8558275435945024,0.060516145960189824,-182.02392,10.558804251126165,0.7466202087192657,47.055055,10.211791891826577,0.7220827294776375,0.993553524,0.11096991690460539,0.007846758075095417,-14.608946476000002,15.088637310847783,1.066927776136482
R:A:GLU:273,90.41181,2.9658187611349414,0.20971505577688024,-5.688915000000001,0.8939135348427162,0.06320923222817217,-17.812355,8.334400503274066,0.5893311112989666,-128.29014500000002,7.649127202758168,0.5408749715228788,0.9049523039999999,0.09751946285461781,0.0068956673482169885,-60.47465269599999,11.729281780665877,0.8293854685556664
R:A:CYS:274,84.76469999999999,2.468735700718082,0.17456597549350789,-8.092425,0.7392174540519184,0.05227056745315666,-76.26063500000001,1.868303605352995,0.1321090148660378,1.8776350000000002,0.8141611153666085,0.05756988456541319,0.039781764,0.03474419433620967,0.0024567855421997096,2.329056764,3.285684441172808,0.23233297491924243
R:A:CYS:275,89.85439000000001,2.2848069607518267,0.16156024956498424,-7.36505,0.609172896228977,0.04307502858385586,-83.99900000000001,2.0498110181184996,0.14494352710624922,0.556705,1.564605796350953,0.11063433684835372,0.138475332,0.03734830340258277,0.0026409238601778884,-0.8144796680000002,3.4989349621194807,0.24741206386453804
R:A:GLU:276,107.673915,2.7528797626803465,0.19465799479824866,-5.120889999999999,0.9009949155794388,0.0637099614620822,-24.370694999999998,10.113177349477018,0.7151096283157394,-127.91325499999999,9.865560839099569,0.6976004969535751,1.03454766,0.09983258975411786,0.0070592301198551385,-48.69637734,14.42240452017631,1.0198180037232183
R:A:LYS:277,142.89785,3.3711502632632673,0.2383763211552271,-8.089125000000001,1.2301707114766633,0.08698620521022285,-181.60785499999997,13.697253720508174,0.9685420989403997,47.208310000000004,12.793275665125801,0.9046211976399293,0.624210156,0.0913142588686502,0.006456893166504639,1.0333901559999983,19.083211839169596,1.3493868498296229
R:A:PRO:278,85.481675,2.5158414257212236,0.1778968532517509,-4.2115100000000005,0.7277299223613112,0.051458276297404286,-62.431354999999996,1.3649236531670919,0.09651467709563659,-3.25175,0.796057854367382,0.056289790703998886,0.74490552,0.04009242896484073,0.0028349628395278833,16.331965519999997,3.058983656152857,0.21630280868045032
R:A:LEU:279,68.12278500000001,2.9952853034018307,0.21179865496238398,-6.37843,0.9743566313727228,0.06889741813377334,-69.83202,2.501882267333937,0.17690979169622015,-1.8466300000000002,0.8636225582394198,0.06106733673167678,0.5153897519999999,0.09989551970456781,0.007063679939325427,-9.418905247999998,4.115378817488379,0.2910012268997508
R:A:LEU:280,70.603835,4.3758570118063735,0.3094198166550989,-6.882195,1.0990531638528684,0.0777147945044893,-75.66741,3.2578255128075844,0.23036305120287845,-3.098895,1.5054266086312542,0.10644973635418266,0.565660188,0.1743587541814814,0.012329025744096379,-14.479004812000001,5.767684090324705,0.40783685320103624
R:A:GLU:281,109.85411,3.1806903068202033,0.2249087684806886,-7.30105,0.9963466603045348,0.07045234799139061,-64.696715,12.749014711881658,0.9014914756218578,-90.28618999999999,12.090928777554684,0.854957772945249,0.554445288,0.12175096089333282,0.008609093006365379,-51.875399712,17.884413762255484,1.2646190248836868
R:A:LYS:282,132.000305,3.254281521622707,0.23011245318294923,-11.999285,1.0621568122339564,0.0751058284614117,-183.42995500000004,5.4929563736639135,0.38841067005796204,49.505069999999996,5.314926458108334,0.3758220540036202,0.289674972,0.03485328405855632,0.0024644993504426165,-13.634190027999999,8.375007644488134,0.5922024697906734
R:A:SER:283,79.24663999999999,4.498258077345052,0.31807487900178477,-8.08279,0.8423145350164629,0.05956063196021345,-73.600245,4.155368294745364,0.29382890995420274,-3.950345,1.324678408510911,0.09366890855494686,0.034863264,0.025953896381928937,0.001835217612987495,-6.351876736,6.321894625979414,0.4470254559976836
R:A:HIS:284,103.83486500000001,2.845823934605758,0.20123014022227134,-10.406685,1.0025263865729421,0.07088932062641735,-78.70284,3.2915905599572985,0.23275060058354308,-9.19661,2.483910599820372,0.17563900289941298,0.323290656,0.12674136227044452,0.008961967671825216,5.852020656,5.111185447404561,0.3614153889761763
R:A:CYS:285,87.82313,2.3487127481026704,0.16607907112426895,-7.1562,0.6661305277496296,0.047102541332713674,-72.93648499999999,1.8502236620946668,0.13083056981789462,-3.809845,1.2341965447103633,0.08727087460817039,0.21065346,0.047820718428091394,0.0033814354281715923,4.131253460000001,3.3028831321984398,0.23354910602441808
R:A:ILE:286,77.15764999999999,2.896082917925521,0.20478398701436595,-9.943075,1.183494879319298,0.08368572546662303,-59.808595,1.5420418642095937,0.1090388259056149,-1.8643150000000004,0.798544416908039,0.05646561722743319,0.066425004,0.037424750611967796,0.002646329494193782,5.608090004000001,3.5783967507227823,0.2530308608211987
R:A:ALA:287,87.19908500000001,2.3059957280478645,0.16305852166898546,-5.425035,0.6507544343106699,0.046015287338829036,-76.33440999999999,2.5547483832855247,0.18064799060465636,-2.0871,1.6097547235526288,0.11382684810711399,0.31326645599999997,0.07379790983748025,0.00521830024834757,3.6658064560000003,3.8554627912802353,0.2726223884326669
R:A:GLU:288,111.111625,3.137045264954747,0.22182259797386514,-5.969285,1.6018621331984222,0.1132687576910553,-59.573095,14.870121585783185,1.0514763810375747,-97.181995,12.779420951865347,0.9036415214701431,0.7031891160000001,0.11765403437299779,0.008319396553910188,-50.909560884,19.92121917958096,1.4086429171385206
R:A:VAL:289,49.076460000000004,3.5137865997240065,0.24846223323072658,-7.651079999999999,0.9558172490596725,0.06758648583851656,-58.22072,2.870169880268414,0.20295165854951766,1.7494899999999998,1.2566842443111954,0.08886099509627382,0.08696761200000001,0.026198311932425264,0.0018525004023058347,-14.958882388000001,4.803967075766455,0.3396917695871369
R:A:GLU:290,85.72983,2.9469037091666235,0.20837755962555088,-5.677645,0.9892229925426319,0.06994862861325445,-15.862235,13.716332229491051,0.9698911532480718,-118.52235499999999,13.078476511389812,0.9247879428792717,0.8363082599999998,0.07006101864919463,0.0049540621383682695,-53.496096740000006,19.205520816555826,1.3580354005606023
R:A:ASN:291,13.541439999999998,3.1896638093065546,0.22554329092659794,-6.738404999999999,1.2359097705637738,0.08739201797003546,-84.393925,5.205672728800284,0.368096648717256,-3.3934999999999995,3.097110409720648,0.21899877727969166,0.26451032399999996,0.1509544469253709,0.010674091307119455,-80.719879676,6.9581130252243355,0.492012890439857
R:A:ASP:292,106.66165,3.0177173024489883,0.2133848368265655,-7.425425000000001,1.3222683632209462,0.09349849261819679,-59.150020000000005,13.179183155249039,0.9319089779576114,-107.131295,10.467118919166582,0.7401370767228695,0.070427556,0.047096915194008875,0.0033302548106651417,-66.974662444,17.149596979779755,1.2126596319018599
R:A:GLU:293,99.480985,2.856602834622797,0.20199232355184935,-4.632425,0.9373062809855698,0.06627756273336399,-16.129035000000002,10.0348608039063,0.7095718122705235,-133.69914,9.129687358305322,0.645566384117079,0.9324386639999999,0.10272150266147347,0.007263507110559987,-54.04717633599999,13.896002919560503,0.9825957895809294
R:A:MET:294,98.818435,3.072905988762917,0.21728726626030112,-8.94695,1.398865442957256,0.09891472406825992,-68.19344,2.1634957537282107,0.15298225185295186,-6.999675,1.5375753182771243,0.10872299341388186,0.30154985999999995,0.16367132160332426,0.011573310139147485,14.97991986,4.297815233413993,0.3039014295833879
R:A:PRO:295,74.99686000000001,2.7062323829264923,0.19135952694339523,-5.3286,1.1312803984865998,0.07999360411932943,-49.77843499999999,1.8453565118358566,0.13048641032258876,-5.12564,1.1544603936038689,0.08163267729285864,0.441788436,0.1789145277352253,0.012651167581436643,15.205973435999999,3.6569958866273993,0.25858865902055445
R:A:ALA:296,85.50271000000001,2.431387652329427,0.17192506966553775,-2.9059500000000003,0.39569808882530627,0.027980080191093087,-69.44135,1.723754155179908,0.12188782522262012,-6.162985,1.056973265875254,0.07473929638332837,0.638931096,0.04963729303415713,0.003509886650419628,7.631356095999999,3.1873511928456773,0.22537976424842093
R:A:ASP:297,82.21462,2.875913867903557,0.20335781981030382,-2.8372800000000002,0.515306269707637,0.036437655769821414,0.06589000000000017,6.969632328028502,0.4928274281525938,-141.189325,6.265115737907402,0.4430105823192884,1.1308867919999999,0.0344521942549257,0.0024361380184414172,-60.61520820799999,9.816570586419882,0.6941363629653902
R:A:LEU:298,81.25672499999999,4.355032894178298,0.30794732917639506,-5.8769599999999995,1.257267830814103,0.08890226089363532,-70.90653,3.166155431923708,0.22388099762038763,-4.537305,1.2312078021093757,0.08705953859213245,0.5070309120000001,0.1092213819495224,0.007723117982707326,0.4429609119999994,5.665631128932148,0.4006206190969516
R:A:PRO:299,88.17901,2.462428348175841,0.1741199783181126,-4.2614,0.9244202994309461,0.06536638623941207,-68.857005,4.075905237487127,0.2882100232900913,-1.8010399999999998,2.0765256724635024,0.14683253843068983,0.595840932,0.08453004092568378,0.005977176515252739,13.855405931999998,5.2773301925399645,0.3731635965705517
R:A:SER:300,67.67754000000001,7.172453925847136,0.5071690808714584,-4.404225,0.7281929170041411,0.0514910149625641,-50.96247,6.4320655694030355,0.45481571811613986,-11.1665,1.7429998795180681,0.12324870344145612,0.543434976,0.08003293994262752,0.005659183455172761,1.6877799759999998,9.817855243552476,0.6942272019423859
R:A:LEU:301,57.220684999999996,4.000701486711424,0.282892315075675,-8.793565,1.5433323154055318,0.10913007458475871,-55.042085,3.0854309225414527,0.21817291282117263,-6.1629700000000005,1.0841704797217089,0.07666242981734926,0.23482137600000003,0.1708753146231094,0.012082709370738548,-12.543113624,5.395553261860414,0.3815232299714694
R:A:ALA:302,84.4439,2.7072796142991953,0.19143357738390618,-4.48332,0.9992701874868478,0.07065907258095028,-69.41584,3.21323435410491,0.2272099801329158,-5.77089,1.3866037746595097,0.09804769318806027,0.35097876,0.1631991797633064,0.011539924669471633,5.124828760000001,4.538951732743522,0.3209523549701374
R:A:ALA:303,91.19943500000001,2.040452544357501,0.14428178308045336,-4.467295,0.6886184632835515,0.04869267850380588,-75.51280000000001,2.773433026052729,0.19611132998886113,-5.536755,2.2697578406021646,0.16049611607411254,0.36337773600000006,0.11111666613585157,0.007857134812750225,6.045962735999999,4.182549496684785,0.29575091117541924
R:A:ASP:304,98.20101999999999,10.303806352974613,0.7285891344221378,-6.03587,1.1697658454152267,0.08271493616935215,-10.4571,11.10878488629607,0.785509712384258,-144.62287,12.17428654636895,0.8608520573045638,0.39782106,0.12044646794381478,0.008516851425303954,-62.51699893999999,19.472278742033254,1.3768980343646369
R:A:PHE:305,106.042575,3.557406565796915,0.25154663061125465,-11.394650000000002,1.2756937788905298,0.09020517217709857,-80.53409,1.602097578769783,0.11328540620706626,-3.2796000000000003,1.3029394728842933,0.09213173367521095,0.143691228,0.1324012407720321,0.00936218151874167,10.977926228,4.308646435057415,0.3046673111964342
R:A:VAL:306,50.365784999999995,2.6540546167656385,0.18767000171544465,-7.115955000000001,1.3914868641043652,0.09839297975402005,-56.130145,2.5078733329207434,0.17733342400651658,-1.44725,2.1585845171083755,0.15263497498116213,0.233865288,0.17838185533312587,0.0126135019546691,-14.093699711999998,4.467770972144508,0.3159191151191795
R:A:GLU:307,93.233815,2.7751386975744117,0.196231939178807,-4.965415,0.838961824384757,0.0593235595179099,-5.084715,8.894994807405736,0.6289711146935724,-140.00352,8.590425438801036,0.6074348081053635,0.988595424,0.09559210984806342,0.0067593829101495,-55.831239576,12.701603498314304,0.8981389965600819
R:A:SER:308,84.29289,7.265730027870565,0.5137646972977999,-5.1841099999999996,0.7840683375191221,0.05544200383734339,-67.52067,6.329830137618229,0.4475865814068827,-6.31301,2.518059796728426,0.17805371576998894,0.3223531439999999,0.08112060920057285,0.00573609328597089,5.597453143999998,9.99097348910691,0.7064685104802517
R:A:LYS:309,115.385705,3.3165609534538936,0.23451627404057696,-5.479705,1.0785884006306576,0.07626771721950906,-161.67069,9.637010492050946,0.681439546929513,39.947039999999994,10.099936884872104,0.7141733860849199,1.126090764,0.1528500959317576,0.010808133933836011,-10.691559236000003,14.389822408566285,1.0175141005167359
R:A:ASP:310,87.18958500000001,4.007951242564586,0.28340495022824674,-5.020520000000001,1.0728094004062416,0.07585908019479275,-38.430765,10.349949485856198,0.7318519466387139,-113.92801500000002,9.954208205818029,0.7038688123676704,0.538709868,0.08919801294820966,0.006307251982404452,-69.651005132,14.947583912540475,1.0569537946912315
R:A:VAL:311,49.858425000000004,3.2417314238497608,0.2292250272589688,-8.91485,0.8116124922030218,0.05738966969324706,-53.921414999999996,2.4142272330447687,0.17071164478111914,-0.966065,0.5943134533013702,0.04202430729797934,0.023423939999999997,0.024243299480120276,0.0017142601460729348,-13.920481060000002,4.165312330785613,0.2945320594858451
R:A:CYS:312,91.09930999999999,2.173981969543446,0.1537237392841457,-7.05615,0.5631640591337483,0.03982171251340153,-70.98646000000001,1.548860031894425,0.10952094316613602,-4.863875,0.8991403668921778,0.06357882506680192,0.16563592800000002,0.047573487857347774,0.0033639535868626486,8.358460928,2.872809669282306,0.20313831982078015
R:A:LYS:313,123.625205,3.370588638943501,0.2383366083187285,-6.188775,0.908949230911716,0.06427241649319713,-170.29767,17.57867235376722,1.242999842560529,42.097170000000006,15.974136881881913,1.1295420512780832,1.096078752,0.12007304515034876,0.00849044644635301,-9.667991248,24.008003766571715,1.6976222266095033
R:A:ASN:314,16.471095000000002,3.4416110596601412,0.24335865184923053,-8.23671,1.0828533215075806,0.07656929266683869,-82.48011000000001,3.5672128711222153,0.25224004111064524,-8.449785,2.0752722493145326,0.14674390802985654,0.34255335600000003,0.07163914281279239,0.005065652368131702,-82.352956644,5.482166792914363,0.38764773148654535
R:A:TYR:315,84.00528,3.3739963473009276,0.23857756968751276,-13.531154999999998,1.2517575368157365,0.08851262426837767,-81.45711000000001,3.760823981244004,0.26593041399866246,-4.022515,2.0531741985947027,0.14518133987835694,0.190926288,0.09229293377862607,0.006526095933046747,-14.814573712000001,5.596301240629874,0.3957182556812072
R:A:ALA:316,89.85073499999999,2.1851476093790554,0.1545132692485503,-3.7149300000000007,0.5350450589436371,0.037833398941940176,-77.25831,1.4229993724172896,0.10062125058604668,-3.7244349999999997,0.9893386608108469,0.06995680759493675,0.6237239040000001,0.04618437605102816,0.0032657285490551593,5.776783903999999,2.8402454975127105,0.20083568515257968
R:A:GLU:317,93.386755,2.982203384240418,0.21087362358738707,-4.16838,0.8339121270253839,0.05896649199333465,-19.944334999999995,16.999590604563835,1.2020525793882209,-123.67035,16.199464700029445,1.145475134098292,1.0059212880000001,0.13505097527249868,0.009549546042104055,-53.390388712000004,23.685774686861567,1.6748371898736487
R:A:ALA:318,100.83377,2.468942651642602,0.17458060913371795,-3.70444,0.8808247024238137,0.062283712012050144,-83.20301500000001,1.4991603599265155,0.10600664565901044,-1.351455,0.7173526106281346,0.0507244895477027,0.25173799199999997,0.04670559155958883,0.003302584051111444,12.826597992000002,3.104156558315468,0.2194970152249562
R:A:LYS:319,125.2797,3.105551376164948,0.21959564374094492,-8.13978,1.268417498933218,0.08969066148713588,-176.88326,12.607033671026661,0.8914518999430086,46.617445,11.009663960674503,0.7785008045178083,0.65924568,0.1489636088731258,0.010533317798420781,-12.466649320000002,17.071189793559896,1.207115406594878
R:A:ASP:320,90.67089,8.959939878587356,0.6335634247172891,-4.7967200000000005,1.2629562746191967,0.08930449461253336,-67.000345,12.974706608859217,0.9174503027030266,-88.233835,11.663668435692735,0.8247459044389823,0.554811948,0.10416071180076533,0.007365274564753881,-68.805198052,19.653768178065317,1.3897312754578361
R:A:VAL:321,53.189445,3.064826087557824,0.2167159309669573,-5.560975,0.7784408804623508,0.05504408253277549,-56.84049499999999,2.0550018029128343,0.14531057101902461,-1.8206499999999999,0.8248266651242551,0.05832405282128463,0.667947096,0.06022941349236255,0.00425886267073381,-10.364727903999999,3.860845525409509,0.2730030052130803
R:A:PHE:322,90.53167499999999,3.206474273930013,0.22673197027961234,-12.84467,1.050590201315432,0.0742879455598282,-66.715305,1.6929291544465173,0.11970816851775404,-3.234835,1.2081831143394615,0.08543144730645151,0.214488972,0.08061259140817652,0.005700171003374203,7.951353972,3.964521533567266,0.28033400605455044
R:A:LEU:323,70.99713,4.2228562529524964,0.2986010292438725,-10.249015,0.9463298921491385,0.066915628397819,-75.42239000000001,3.1245447937099575,0.22093868117534332,-1.241365,0.6770800630464612,0.04787679039863678,0.12426303600000001,0.03837642005959784,0.0027136226861805084,-15.791376964000001,5.380589700689561,0.38046514641400847
R:A:GLY:324,81.943,1.9143485863342649,0.13536488669518396,-5.363144999999999,0.638619811762053,0.045157239949702416,-81.013845,1.4093254985896622,0.09965436169518622,-0.73958,0.536111708135534,0.03790882242961392,0.068776344,0.02721628901475115,0.0019244822521063477,-5.104793655999998,2.519309553218447,0.1781420868988815
R:A:MET:325,88.56385,3.0521955061070383,0.2158228139875393,-9.312384999999999,0.813455313323971,0.05751997682436076,-73.197005,1.9893910135956177,0.14067118761450403,-3.25399,1.3406149931654503,0.09479579526276469,0.582568776,0.10129695660233543,0.007162776492707079,3.3830387760000002,3.967718890315554,0.28056009331840914
R:A:PHE:326,96.50291000000001,2.7786583240657707,0.19648081435473538,-14.21444,0.9005634716109687,0.06367945376650148,-71.341705,1.628887156304881,0.1151797154010853,-2.179425,1.0196582144890514,0.07210072379577753,0.06244462799999999,0.059489429677434424,0.004206537913383413,8.829784628,3.4969232023156223,0.24726981096459535
R:A:LEU:327,73.67085,2.9717320315768716,0.21013318713972812,-11.9769,0.9274272532118086,0.06557900998032831,-77.309505,1.4179190068459482,0.10026201449140647,-0.7594550000000001,0.5380503210434875,0.03804590306294489,0.026531208,0.014505507688872389,0.0010256942851355271,-16.348478792,3.462876758592964,0.24486236384143759
R:A:TYR:328,90.02981499999999,3.0004231952801264,0.2121619587811986,-15.746604999999999,1.0484502033835466,0.07413662485489207,-91.48744,2.080632751448463,0.14712295277080326,-2.35132,1.492493325814223,0.10553521515589004,0.14850054000000001,0.058218384789463194,0.0041166614674357175,-19.40704946,4.081880146951585,0.2886325131900207
R:A:GLU:329,98.84377,3.285830141242849,0.23234327746999694,-8.751655000000001,1.194288845286181,0.08444897411973101,-20.741499999999995,29.200120050438148,2.0647602899126087,-126.80771499999999,24.960113701739722,1.7649465657687415,0.325336284,0.16055435404026183,0.011352907249089491,-57.131763716,38.573346629861554,2.727547497503436
R:A:TYR:330,83.420715,3.2922343011661557,0.23279611996095428,-13.540265,1.011199315058609,0.07150258928091345,-75.47902,1.728365681677347,0.12221390938841618,-3.79392,0.8780079632896276,0.06208453847778849,0.16622420400000004,0.08418536335625085,0.005952804130585846,-9.226265796,3.9530448817529797,0.2795224842222306
R:A:ALA:331,99.62058999999999,2.33628026184788,0.16519996159049188,-7.45596,0.5760606204211498,0.040733637107432476,-79.99931000000001,2.040032231093421,0.14425206244452798,-0.67123,1.212713233662435,0.0857517751157374,0.005782824,0.010820912148438503,0.0007651540358784758,11.499872823999999,3.3797297648539484,0.23898298353062425
R:A:ARG:332,-173.85766,3.846212862596141,0.2719683197028654,-12.22872,1.6622068167349093,0.11753577118477591,-65.04851000000001,8.995637542714801,0.6360876307549926,85.95643,7.4066883183444405,0.523731953603654,0.289590588,0.10584336472148198,0.00748425609381609,-164.888869412,12.383376532628553,0.8756369520208005
R:A:ARG:333,-190.31229,3.856873802174501,0.27272216196983323,-9.972829999999998,1.293891541474787,0.09149194830967368,-58.56302000000001,16.88577937051174,1.1940049098508765,81.45786,12.180531464201387,0.8612936396792907,0.3366156959999999,0.09679225535324809,0.006844246012662163,-177.05366430399997,21.214473627401084,1.500089816123848
R:A:HIS:334,120.37200000000001,3.2876645935983193,0.23247299284002865,-8.66139,0.9653747189045297,0.06826230101234501,-88.17088499999998,3.7503826020520896,0.26519209699550816,-8.764294999999999,1.7309042804196306,0.12239341542695421,0.563362272,0.1341555724642924,0.009486231502346443,15.338792272000001,5.368434020761848,0.37960561004332655
R:A:PRO:335,75.26631499999999,2.6353515810561214,0.18634749737754727,-6.770465000000001,1.223462242480331,0.08651184481835421,-55.524525,2.0965482869170935,0.14824835107641163,-1.52439,1.5696760646388157,0.110992858957232,0.35562376799999995,0.18214160038054947,0.012879356076525676,11.802558767999999,3.9159304187401216,0.27689809537458165
R:A:ASP:336,77.017195,3.896846796703073,0.27554867951938183,-5.9461699999999995,0.9639210243064522,0.06815950928153752,-38.31188,13.805090500087276,0.97616731075057,-95.90821,12.49524212794214,0.8835470441235713,0.488166732,0.1255097424821459,0.008874879001410266,-62.660898268000004,19.048409669708203,1.3469259648270073
R:A:TYR:337,96.352265,3.528515188400781,0.24950370172379205,-11.51942,0.9283144368154576,0.06564174333455808,-87.681585,2.06149703923508,0.14576985358391154,-7.69472,1.3763041675443695,0.09731940098459299,0.35222097599999996,0.08655079775008098,0.006120065600618764,-10.191239024,4.411763975253115,0.31195882238959977
R:A:SER:338,77.418845,7.151586955422901,0.5056935632424788,-7.575304999999999,0.9765463183971357,0.0690522523881372,-72.07711,5.583153583585176,0.39478857593590516,-0.56355,1.5215969201795856,0.10759315004915508,0.030852396000000004,0.04135671853736928,0.0029243616125397215,-2.7662676040000003,9.251346399120411,0.6541689773923791
R:A:VAL:339,56.462984999999996,3.169207423753611,0.22409680603229265,-8.814965,1.019505480012246,0.07208992383735054,-59.1532,2.3525353111058713,0.16634936714637658,-0.152945,0.6587973147903686,0.046584004871575824,0.04303692,0.029487464233846895,0.002085078591974892,-11.615088079999998,4.129476107337581,0.29199805582462307
R:A:VAL:340,43.33296,3.696700020071956,0.2613961652205326,-9.61923,0.8607308389386312,0.06086286129898922,-47.478285,2.9196818583152173,0.20645268409220308,1.224555,0.6282205798722292,0.044421903210859835,0.07900390799999998,0.023947254800655876,0.0016933266260345874,-12.460996092,4.829723111862883,0.34151299636516386
R:A:LEU:341,64.17363999999999,4.324406977887257,0.3057817498674504,-11.799025000000002,0.910854529754889,0.06440714146641659,-67.29205,3.5540431085596023,0.2513087982691812,-0.14976499999999998,0.6210566558495287,0.04391533728522416,0.004009248,0.008099298799729268,0.0005727069104144631,-15.063190752,5.70501104912962,0.40340519995837343
R:A:LEU:342,67.89359,2.9990475091101843,0.21206468307924353,-11.963495,0.9703133359770957,0.06861151397451451,-71.150835,1.7373042645935688,0.12284596264784205,-0.500055,0.5232670656318817,0.03700056904798898,0.02551104,0.02616129911746739,0.001849883201061083,-15.695283960000001,3.6371022635054566,0.25718196743936494
R:A:LEU:343,80.643935,3.456901643202334,0.24443985938032892,-10.685305000000001,0.9048684003627268,0.06398385819779079,-78.597105,1.8460481207094792,0.1305353144550355,-0.94843,0.7193056965574511,0.050862593578188675,0.10018864799999999,0.029175413670158922,0.002063013285009207,-9.486716352,4.085963943378333,0.2889212812046546
R:A:ARG:344,-189.54533000000004,4.0854092941956255,0.2888820615848274,-13.267334999999997,1.4270488088271542,0.10090758898058658,-3.1393,7.077679022108872,0.5004674831594955,30.829765,5.266297143133399,0.37238344216529684,0.0318888,0.0279192589921151,0.001974189735902808,-175.0903112,9.826252735843541,0.6948209943167832
R:A:LEU:345,62.26094499999999,3.5669337815517403,0.2522203064978611,-11.378565000000002,0.9942555786994609,0.07030448619309439,-70.81366,2.4792405216920765,0.1753087785080941,-1.100665,0.5397550303378376,0.03816644421314356,0.01857492,0.025731459491385247,0.0018194889496185459,-21.01337008,4.488896515061643,0.31741291658447485
R:A:ALA:346,101.43502000000001,2.143182602952908,0.15154589518690373,-7.211965,0.6366097264219264,0.045015105452225694,-82.59722999999998,1.6023463755068694,0.11330299879305934,-2.579875,0.7582247156186614,0.053614583807719704,0.058715964,0.02175818155082598,0.0015385357720877082,9.104665963999999,2.8533131020472324,0.20175970433060214
R:A:LYS:347,141.349335,3.323922225740999,0.23503679459581425,-7.762345,1.0124049021883488,0.07158783716438848,-168.03972000000002,12.77182795889453,0.9031046157882264,20.504085,11.659707237652881,0.824465805439422,0.7799677199999999,0.09346507239931717,0.006608978649764879,-13.168677279999997,17.63945919374751,1.2472981212362253
R:A:THR:348,43.28082500000001,3.3776869295976795,0.23883853326436877,-7.205944999999999,1.1331021719046346,0.08012242295309721,-62.08005,3.2886086461450534,0.23253974743578784,-2.7099599999999997,1.0180161041948206,0.07198460906332685,0.20961467999999997,0.053892961202249776,0.0038108078324334328,-28.50551532,4.954482575760776,0.35033482265910376
R:A:TYR:349,80.69307,3.2292974599903306,0.22834581324276562,-14.775630000000001,0.9704529061731949,0.06862138307772585,-77.23743999999999,1.7228143708478867,0.12182137243521761,-3.836485,0.787084296486088,0.055655264341075594,0.01648746,0.0252371798473839,0.0017845381008109635,-15.13999754,3.867605058640508,0.2734809763916098
R:A:GLU:350,106.85110999999999,2.708527077195279,0.19152178633121614,-8.718085,1.1684033155443372,0.08261859075822463,-71.347275,13.863764995100537,0.9803162240812272,-84.370975,12.210629329988484,0.8634218801790206,0.2629971,0.10501090437849776,0.007425392258456788,-57.3222279,18.708708159556696,1.3229054406862633
R:A:THR:351,48.859899999999996,3.8488216755261604,0.27215279063423176,-6.386379999999999,0.8650770171493404,0.06117018250749298,-61.1281,4.275974259744789,0.3023570395244668,-2.77911,1.9531187848925113,0.13810635372603244,0.548246808,0.08714527547635348,0.006162101523769928,-20.885443192000004,6.137426960260941,0.433981622263765
R:A:THR:352,36.15331,2.9741066631679502,0.21030109894981527,-7.523524999999999,1.008515676315941,0.07131282736559391,-47.39531,2.5182318526895013,0.17806588196367093,-1.3688749999999998,0.99909647150563,0.07064678900611832,0.12328448399999999,0.05984061011736548,0.004231370120432946,-20.011115516,4.147973075511606,0.29330598898734755
R:A:LEU:353,61.68412,3.3691663858586742,0.23823603983864405,-11.596545,1.0646483541409342,0.07528200707921515,-69.131305,2.1540885849878597,0.15231706457214503,-0.310475,0.674065842017677,0.04766365278569194,0.002819196,0.005725031802739964,0.0004048208810226073,-19.351385804,4.192762027698943,0.29647304616873815
R:A:GLU:354,108.10545,3.142166021632212,0.2221846901510093,-6.340430000000001,0.9914129589126823,0.07010348262033776,-38.356475,8.861348674969008,0.6265919738529013,-115.91395,8.598248766318639,0.6079880008992775,0.8066159639999999,0.08753855175185105,0.00618991035589834,-51.698789036,12.77955993559707,0.9036513491040608
R:A:LYS:355,120.663735,3.589464932935687,0.253813499491014,-6.625640000000001,0.7975091099166203,0.05639240996800899,-154.20443500000002,10.97910443414102,0.7763399196736407,28.061705000000003,10.715692581815464,0.7577138889712097,1.140478344,0.11121695370908907,0.007864226215060723,-10.964156656000002,15.776547473376972,1.115570370213635
R:A:CYS:356,82.814665,2.220079107323656,0.15698329915591341,-7.836745,0.6999721994300916,0.049495508885908014,-77.16392,1.4731637497576429,0.10416840772518314,-0.55698,0.693098102435723,0.049009436825982806,0.004448088,0.009554055527505375,0.0006755737451331868,-2.7385319119999987,2.8406689381071883,0.20086562692415819
R:A:CYS:357,82.87252000000001,2.0691980474570335,0.1463143970974832,-5.9522699999999995,0.5757211799994856,0.04070963504503572,-72.393845,1.3362906124698324,0.09449001537133433,-3.893175,0.7561772043476318,0.05346980289728961,0.29109308399999995,0.044714627001652865,0.003161801597109584,0.9243230840000011,2.6405513439276076,0.18671517613624627
R:A:ALA:358,86.80797999999999,2.4382881043059697,0.1724130053041243,-2.8209649999999997,0.5125809728959904,0.03624494818419527,-72.711805,1.5437761680292261,0.10916145970476487,-3.7241549999999997,0.6869193555105286,0.04857253344097876,0.6961531320000001,0.05001365536713524,0.0035364994862028295,8.247208131999999,3.0109122466535254,0.21290364671663306
R:A:ALA:359,91.12357,2.3482998009410974,0.16604987135044696,-4.569765,0.4796059421806615,0.0339132614013309,-73.35576999999999,1.6834924077939881,0.11904088976271976,-6.48396,0.8736113714919238,0.061773652490361944,0.322544772,0.05259739850712786,0.0037191977157161296,7.036619772,3.056901015195735,0.21615554372609455
R:A:ALA:360,88.579215,2.2238871326519702,0.15725256720917152,-2.04672,0.25809122728213757,0.018249805697595795,-71.59095,1.1283733635193625,0.07978804570548144,-7.312500000000001,0.6046685621065477,0.0427565240635859,0.9045711359999998,0.024389138615685136,0.0017245725302449646,8.533616136,2.579094881534492,0.18236954800565547
R:A:ASP:361,116.94551,3.4280134436580023,0.24239715520092223,-5.148289999999999,0.8950469573715113,0.06328937730377823,-39.073275,8.23025653849107,0.5819670209271957,-123.98432499999998,7.284152676143945,0.515067375249952,0.557438616,0.06695961776372192,0.004734759978638698,-50.702941384000006,11.547851389542604,0.8165564025680071
R:A:PRO:362,84.07173,2.7439857938954426,0.19402909623430195,-7.5940449999999995,0.8031658440042132,0.05679240147127959,-60.91985,1.414706770853946,0.10003487510613485,-1.977855,0.8079311938370742,0.05712936258943382,0.30470803199999996,0.05114725350013406,0.0036166569789012172,13.884688032,3.2910936651956,0.23271546481798977
R:A:HIS:363,107.14794499999999,2.889683147332073,0.2043314548958994,-9.115665,1.0126768353107523,0.07160706573987655,-86.79115,4.399433973535686,0.31108695960695615,-7.519684999999999,3.600237244373626,0.254575216937696,0.51022206,0.15793968408969167,0.011168022163828204,4.2316670599999995,6.458905132592934,0.456713561829706
R:A:GLU:364,91.68682499999998,2.9493534163228046,0.20855078007975658,-5.75972,0.8597862592528448,0.060796069428870156,-17.40941,11.234481068206934,0.7943977746441011,-126.89553,10.610660021841243,0.7502869654308943,0.8758828439999999,0.11245242822543434,0.007951587455909815,-57.50195215600001,15.755958698396896,1.1141145239731614
R:A:CYS:365,84.00884,2.5560711774909555,0.18074152627993378,-6.473820000000001,0.7259228730381762,0.051330498614371556,-71.47714500000001,1.8635397108661251,0.1317721566563855,-1.506725,1.3537325472097508,0.09572334640449529,0.23426197199999998,0.06434173247795567,0.004549647534845318,4.785411972,3.517097639231568,0.2486963590795839
R:A:TYR:366,82.819715,3.0230802509650654,0.21376405455285277,-13.924479999999999,1.2032988696080456,0.08508607904939562,-75.70369,1.6559689773362294,0.1170946893309,-5.7153,0.9829025129686056,0.06950170321653995,0.073979676,0.04438114756040254,0.0031382210396801434,-12.449775323999997,3.781169483576977,0.2673690582652916
R:A:ALA:367,97.42130499999999,2.264071931713964,0.160094061600907,-5.3439,0.6456938593482209,0.04565745065156398,-77.57600500000001,2.066450917630273,0.14612014568455298,-2.619595,1.4476531252254456,0.10236453416528109,0.20999995200000002,0.07451723912603912,0.0052691645101321785,12.091804952,3.4517262430343414,0.24407390332491477
R:A:LYS:368,140.732165,3.233755615035713,0.22866105240918272,-6.151740000000001,1.16169468123083,0.08214421867666645,-187.62315999999998,12.247987341779874,0.8660634905259544,45.04592,11.386791879348634,0.805167775384733,0.99661878,0.13512733352307224,0.009554945385782066,-7.000196219999999,17.073288861096447,1.2072638330838044
R:A:VAL:369,51.746555,3.432993282395845,0.24274928297499662,-8.369545,1.0289044698002823,0.07275453277889289,-58.72431,3.503204306617014,0.2477139521090808,-1.30831,0.9447988166271166,0.06680736500940596,0.020892420000000002,0.025583374515923425,0.001809017760584456,-16.63471758,5.099983040344508,0.36062325917639876
R:A:PHE:370,89.45428,3.0581228591408816,0.21624194114001102,-10.37911,1.5887669866597807,0.1123427909992448,-69.708985,1.7786114456999877,0.12576682143504703,-1.4828450000000002,1.475585518014798,0.10433965260089281,0.468831924,0.207004093680172,0.014637399837462496,8.352171923999999,4.154510554812727,0.29376825858191646
R:A:ASP:371,87.47847000000002,9.140708206101976,0.646345675738223,-5.812985000000001,0.6983706499954019,0.04938226223934056,-36.363165,11.432336834513539,0.8083882900493272,-111.881145,11.96037944105349,0.8457265408333091,0.7037521199999999,0.10442243763705959,0.00738378137611942,-65.87507288,18.91560662498317,1.3375353714782783
R:A:GLU:372,98.95703999999999,2.9005975657439964,0.20510322082307725,-7.3505400000000005,0.9098298788235084,0.06433468770422376,-28.927319999999998,11.964324187249359,0.846005476511825,-117.15828000000002,11.569795051408647,0.8181080537789615,0.6380577719999999,0.11014455843228214,0.007788396417826462,-53.841042228000006,16.9191784451773,1.1963665810690136
R:A:PHE:373,108.440295,3.1156003543418405,0.22030621380223256,-13.33645,1.265679792641093,0.08949707641873002,-80.517935,1.7744994451323441,0.12547605908648465,-0.5415449999999999,0.8637630566162228,0.061077271467175086,0.041988491999999995,0.0317196567556387,0.002242918438882181,14.086353492000002,3.8993399365597368,0.2757249711292912
R:A:LYS:374,141.32782,3.363390647486552,0.23782763346171534,-6.34059,1.08501899610099,0.07672242898592302,-167.45796500000003,11.414568159758607,0.8071318550081361,35.314595,10.076048069107998,0.7124841917227883,0.89261406,0.15394849785485404,0.010885802678664996,3.736474060000002,15.631137961589419,1.1052883650302345
R:A:PRO:375,84.09164000000001,2.382202459993693,0.16844715136208152,-6.19489,0.677648100344124,0.04791695670115121,-62.32643,1.5610914851795203,0.11038583752230176,-0.707765,1.0140734242524059,0.07170581949099389,0.575540964,0.060694504108957874,0.004291749543619888,15.438095963999999,3.0988918771076914,0.21912474604667578
R:A:LEU:376,74.79007,4.749229492780907,0.3358212379756527,-8.720925,1.007538847576112,0.0712437551429948,-77.58943,2.8986123395687113,0.20496284413400392,0.24219,0.6349004125845249,0.04489423871166544,0.312847956,0.09617329829295272,0.006800479139202348,-10.965247044,5.690748337150356,0.40239667392250855
R:A:VAL:377,52.41225,3.101150534479099,0.2192844572410457,-8.07981,0.9317613073636403,0.0658854738884073,-61.487350000000006,1.8280466781512992,0.12926242024463258,0.26720499999999997,1.0495543115889714,0.07421469709481403,0.256470408,0.09929381127884222,0.007021132728512663,-16.631234592,3.865034533200612,0.2732992127946335
R:A:GLU:378,90.514275,2.758830911704268,0.19507880458131532,-7.1401900000000005,0.8709963168119599,0.06158874020062433,-51.830560000000006,12.78332584057842,0.9039176387990223,-92.073895,12.332004259810121,0.8720043837733127,0.6750935999999998,0.10831710343669276,0.0076591758358570145,-59.8552764,17.996479205348663,1.2725432483584729
R:A:GLU:379,107.53107,2.9894441966860663,0.21138562634554886,-6.038969999999999,1.2647326196077968,0.08943010117124994,-85.91599000000001,7.052768085645522,0.49870601394960135,-59.450869999999995,6.396921848287659,0.4523306817644586,0.5273751959999999,0.04521554797243957,0.0031972220586377665,-43.347384804,10.059846741028338,0.7113385848278527
R:A:PRO:380,80.81084500000001,2.6154032444300053,0.18493693696737543,-9.801745,0.8552704776706606,0.060476755450958174,-60.336445000000005,1.2151167091991615,0.08592172650078092,1.3486099999999999,0.6655257154310418,0.04705977464353182,0.0026324639999999997,0.003052019749723779,0.00021581038613449537,12.023897464000001,3.080789530404431,0.21784471683574924
R:A:GLN:381,23.488895,2.904777174582415,0.20539876379831254,-9.338790000000001,1.0266602631347919,0.07259584340373766,-68.105365,2.551731001060849,0.18043462946140634,-4.13283,2.201179638534756,0.15564690490176794,0.46273319999999996,0.10630240822516863,0.007516715371247737,-57.625356800000006,4.567229448445137,0.32295189142304515
R:A:ASN:382,23.675625,7.337486388701174,0.5188386382314591,-6.905359999999999,0.675498290449354,0.04776494218566583,-86.135785,6.318233131879117,0.4467665492669241,-5.660440000000001,3.0309575477726507,0.21432106355185904,0.60982092,0.08596560450958976,0.0060786861897531765,-74.41613908,10.169029850241795,0.7190589965194395
R:A:LEU:383,82.85916499999999,2.9271091161374563,0.20697787052937566,-8.709169999999999,0.8814834774968843,0.062330294444194634,-89.40627,2.0384726554702666,0.14414178379463743,1.6105099999999999,0.7827272959977823,0.055347177881984184,0.336518676,0.06189557599707934,0.00437667815129821,-13.309246324,3.757238979384065,0.2656769160860895
R:A:ILE:384,95.44687,3.096475795658671,0.21895390328902564,-9.736095,1.2064404278599916,0.08530822076373998,-77.37862999999999,1.4758043715547122,0.10435512788310881,0.7994149999999999,0.6491410422820298,0.04590120329441266,0.040651776,0.02216548557001682,0.001567336515485146,9.172211776000001,3.69371558240487,0.26118513360929013
R:A:LYS:385,124.78374,3.4607084870586826,0.24470904389090317,-7.506794999999999,0.991217394406999,0.07008965412152496,-143.91514999999998,11.385878711258961,0.805103204649876,13.087905000000001,10.2592384881128,0.7254377104754584,0.9371904839999999,0.1472301373343031,0.01041074285041124,-12.613109516,15.74391629335565,1.1132629973465153
R:A:GLN:386,25.270529999999997,3.4039575172290264,0.24069614433035685,-7.639455000000001,0.8657109378857356,0.061215007472636966,-69.832465,4.089130305917751,0.2891451768469863,-10.68549,3.3365781183571888,0.2359317013449019,0.79255512,0.12198309830280586,0.008625507600005926,-62.09432488,6.340741461534411,0.4483581285201682
R:A:ASN:387,17.860744999999998,3.5642245524061753,0.2520287350677994,-8.807274999999999,0.9395288656422431,0.06643472320161348,-83.60506000000001,4.563244613912342,0.3226701210710406,-2.13562,3.039225252527361,0.2149056785615494,0.17119486799999997,0.06824692418044476,0.004825786288311665,-76.51601513199999,6.606902476502139,0.46717855437728567
R:A:CYS:388,92.76491999999999,2.348965077135035,0.1660969134812565,-7.6781749999999995,0.690302480348289,0.04881175649241686,-84.148225,2.0051334455280028,0.14178434565167974,-2.07921,1.3663407246730224,0.09661487918276356,0.051718428000000004,0.04677417236712602,0.0033074334465183234,-1.0889715720000004,3.447287249628413,0.24376001909101733
R:A:GLU:389,99.76433000000002,2.797608407390141,0.1978207875970066,-7.030675,0.8066906652335827,0.05704164397065534,-57.29116,11.743736036900694,0.8304075388157311,-89.88803,11.447675190583457,0.8094728756082565,0.70168554,0.10531011748302059,0.007446549819979585,-53.74384946,16.656922171422288,1.1778222621109251
R:A:LEU:390,72.78452,3.0712472579719137,0.217169976281253,-9.113914999999999,0.9253117462644684,0.06542942104951717,-75.27149,1.6460038729905837,0.11639005004509624,-2.36596,0.8378842034553461,0.0592473602112364,0.36008082,0.09528179123070053,0.006737440070282926,-13.60676418,3.7025962317561887,0.26181309034705585
R:A:PHE:391,99.33155500000001,2.9639456501385113,0.20958260682813115,-13.82432,0.9584365329013705,0.06777169717514826,-81.36708,1.7529545897141774,0.12395260774989769,-2.488045,1.1247372017386994,0.07953093024022162,0.19215874800000002,0.08024098955982345,0.005673894784687012,1.8442687480000004,3.748052372573727,0.26502732488892106
R:A:GLU:392,97.33316500000001,2.718042184693792,0.19219460603480787,-5.85251,0.7933139289713751,0.05609576587854024,-54.88678,10.949873634047107,0.7742729899770493,-92.921615,10.555511254163628,0.746387358671002,0.978472548,0.12783543143267478,0.009039330044195227,-55.34926745200001,15.47100490089702,1.0939652477194592
R:A:GLN:393,28.64844,3.2237604387423087,0.2279542867155606,-5.836709999999999,0.7337196303084714,0.05188181260808068,-68.509185,4.229466955867489,0.29906847652983254,-10.44833,3.3736211199688686,0.23855103710841422,1.023783444,0.07213837897526439,0.005100953695721451,-55.122001555999994,6.340811462257507,0.44836307831876715
R:A:LEU:394,67.29114,3.3027716194735595,0.23354122088402293,-7.651769999999999,0.9539418258468385,0.06745387339137761,-72.397355,2.4433297728663232,0.17276950510687641,-0.780105,1.6632325405591968,0.11760830081195374,0.450791676,0.08988643389116638,0.006355930694112005,-13.087298323999999,4.534598969197572,0.32064456810811315
R:A:GLY:395,82.06405999999998,2.142510129824361,0.1514983441559676,-3.665735,0.551984370045928,0.039031189116846034,-85.14555999999999,1.5672090882840104,0.11081841738628104,0.20742000000000002,0.9703215671106151,0.06861209600354735,0.223970292,0.0232114418924016,0.001641296796323468,-6.315844707999999,2.879799201716975,0.2036325543989679
R:A:GLU:396,92.48944500000002,2.656971679746512,0.18787626921693704,-5.98503,0.9759025868907203,0.06900673369679222,-86.964525,9.065492558012224,0.6410271262566625,-53.797225,8.80493765306575,0.6226031122407556,0.639755244,0.12927607266844574,0.009141198762902288,-53.617579756,12.95139679968109,0.9158020502892248
R:A:TYR:397,97.01702999999999,3.1877304574100993,0.2254065823029576,-12.652289999999999,0.975590475507013,0.06898466408920173,-84.0352,2.4989087178206413,0.1766995299937156,-6.106800000000001,1.5440549439705828,0.10918117214062138,0.372379896,0.07570382883748208,0.005353069073276929,-5.404880104000001,4.443847855710258,0.31422749533340216
R:A:LYS:398,126.11219000000001,3.474824034954864,0.2457071638546585,-8.49729,0.7221722273114634,0.05106528791165286,-104.991665,8.818878432248344,0.6235888741902592,-24.777945,8.401258815318988,0.5940587078815317,0.9001935359999998,0.10601838947504486,0.007496632212828072,-11.254516464000003,12.687038314100613,0.8971090825074087
R:A:PHE:399,96.614875,3.073051580981842,0.21729756118483012,-15.21067,1.0262359139593586,0.07256583738578368,-80.905175,1.446289353613239,0.10226810094978299,-0.203795,0.7211927640894631,0.05099602940303293,0.013900787999999999,0.02071083509609055,0.0014644771940481968,0.30913578799999925,3.620650080650625,0.2560186224331677
R:A:GLN:400,29.061950000000003,2.8819872306275056,0.20378727140697475,-11.587005,1.1619891673225702,0.08216504198790991,-75.11463499999999,4.098182189919696,0.2897852417030153,-2.3207099999999996,1.8976662551407715,0.13418526774389206,0.075240648,0.04374064874298158,0.003092930933966111,-59.885159352,5.482172648184518,0.38764814551666854
R:A:ASN:401,11.91906,3.186604825892285,0.22532698813502125,-9.940195000000001,0.8694555520410461,0.06147979167885168,-73.82891000000001,2.385887430684859,0.16870771813850127,-6.186895000000001,1.4767100846053025,0.10441917146709696,0.136419696,0.04881693485880063,0.003451878567539988,-77.900520304,4.3342724732507305,0.306479345734578
R:A:ALA:402,93.081995,2.221994184280193,0.15711871554615955,-6.370535,0.5434230201003635,0.03842581025658405,-80.33777,1.3888523921209193,0.098206694453586,0.567585,0.8178998427527664,0.0578342525141892,0.20810383199999996,0.056450433131494886,0.003991648406819779,7.149378832,2.798861287206948,0.1979093795784542
R:A:LEU:403,73.33092500000001,3.8781318788013133,0.27422533498361346,-10.687494999999998,1.0253025065681836,0.07249983551619273,-76.09594,2.459120437554859,0.17388607371494705,1.025685,0.6023778098295122,0.04259454341667486,0.085829148,0.048311963610357375,0.003416171708132142,-12.340995852,4.7437978980299,0.33543716622754327
R:A:LEU:404,84.015095,4.25054185322001,0.3005586968129104,-10.819704999999999,1.0395954010936177,0.07351049578036459,-89.57055499999998,3.218642614049438,0.22759240186103533,-0.735085,0.529763209155751,0.03745991576171789,0.000842256,0.0017869552863079702,0.00012635682006255142,-17.109407744,5.45785463088833,0.38592860202315393
R:A:VAL:405,67.40415999999999,2.8615877208990126,0.20234480824078493,-8.79066,0.8139824656588126,0.05755725212342924,-64.02652,1.6759587583231277,0.11850818029992696,-1.84216,0.8256895084715561,0.058385065059482454,0.142753716,0.052661434330539686,0.0037237257322134667,-7.112426284,3.5134919794224313,0.24844140042941468
R:A:ARG:406,-195.11625,4.444219921144766,0.31425380433258077,-10.361555000000001,0.9094890197110683,0.0643105853252402,56.736090000000004,7.868644901881137,0.5563972168869107,-19.917615,6.677665856178714,0.4721822809401841,0.7411508999999998,0.17338470886963359,0.012260150339577324,-167.9181791,11.274534009014289,0.7972299452492355
R:A:TYR:407,95.98658500000002,3.3293995679063517,0.23542410117461424,-13.29511,1.0415071425103142,0.07364567631232671,-94.93937,2.1170926203404514,0.149701054824273,-5.874625,1.1436022054783734,0.08086488744736493,0.15132970799999998,0.04089609771628995,0.0028917908019256305,-17.971190292000003,4.2380677518131336,0.2996766446435093
R:A:THR:408,55.02908,2.8799679726691405,0.20364448830744228,-9.599625,1.0428779335929013,0.07374260587933544,-57.617565000000006,2.0103139595035895,0.14215066330789666,-3.3312150000000003,0.9501819450899918,0.06718800967341569,0.0020175479999999997,0.00321286201740691,0.00022718365195251175,-15.517307452,3.784973999251163,0.26763807814852636
R:A:LYS:409,133.10464,3.3619934340209525,0.2377288355500863,-10.407334999999998,0.9116527863035356,0.06446358672828405,-108.794095,8.136045646133939,0.5753053048424593,-17.7952,7.749934722305731,0.5480031395895466,0.389868732,0.08809725369710099,0.0062294165493131754,-3.5021212680000002,11.76429338019326,0.8318611625002665
R:A:LYS:410,136.788385,3.632856590449863,0.25688175301853383,-11.88335,0.9858210118982046,0.06970807225494045,-135.376385,7.253458044738042,0.5128969370486385,-0.6222799999999998,6.592755675861195,0.4661782245107551,0.118096524,0.04914810018055046,0.0034752954920103008,-10.975533476,10.499951743622509,0.7424587080046989
R:A:VAL:411,64.90799000000001,2.927683193226344,0.2070184639096233,-7.46828,1.0884645936363755,0.07696606952417409,-62.52039,1.7089831912280473,0.12084336034511785,0.23589500000000002,0.5366125548056064,0.03794423763728822,0.009460655999999998,0.008735934700766942,0.0006177238666915177,-4.835324344,3.6006578496061104,0.2546049582189053
R:A:PRO:412,77.714635,2.3930898377986147,0.16921700522960156,-9.80703,0.7152894442811246,0.05057860165623403,-57.239305,1.9276860537896208,0.13630798806333766,-0.07910500000000001,1.275857066436127,0.09021671835017608,0.021496392000000003,0.01328096212659068,0.0009391058380393979,10.610691392,3.403304147557195,0.2406499441177995
R:A:GLN:413,36.54329,2.735971077314232,0.19346237018991574,-8.26662,1.328798850691857,0.09396026781571028,-85.8627,2.649687479685104,0.18736119849104296,-3.490025,1.4054564683315525,0.0993807799419737,0.331415496,0.07420732175456801,0.005247250042634705,-60.744639504000006,4.272341567861467,0.302100169418001
R:A:VAL:414,59.434415,3.101255455904109,0.21929187630615732,-8.275549999999999,0.9281199855083394,0.0656279935507707,-66.50294,3.2865107935925,0.23239140685920384,-0.0024350000000000448,1.5476209729048647,0.10943332846475519,0.010091447999999998,0.010739672947985708,0.0007594095569246413,-15.336418552,4.865757014383787,0.3440609780476785
R:A:SER:415,80.361425,5.885614493353689,0.41617579197002197,-4.7701400000000005,0.700824628848045,0.04955578474809979,-72.473315,5.409749833012151,0.3825270791445685,-5.593820000000001,1.0100284835587559,0.07141979899159616,0.4953955319999999,0.06038320572817723,0.00426973742401765,-1.9804544679999998,8.088313177027953,0.5719301095836973
R:A:THR:416,47.8034,3.0509784856665245,0.2157367576469063,-5.945444999999999,1.1712134421082263,0.08281729671315646,-56.010085,3.3618427384062746,0.23771817976098292,2.27454,1.109191073891239,0.07843165299800839,0.10742972399999999,0.028668907536922715,0.0020271978928568172,-11.770160276000002,4.818020754356436,0.34068551473029607
R:A:PRO:417,86.85118999999999,2.7097590213707194,0.19160889793926583,-5.816234999999999,0.6275700755891728,0.04437590561188583,-64.087705,1.6107355921984836,0.11389620599420772,-3.190125,0.9810541521113908,0.06937100436691832,0.7205182919999998,0.05138921815463956,0.003633766463702047,14.477643292,3.3609842907647667,0.23765747834612255
R:A:THR:418,38.57334,3.7052073672602996,0.26199772550921124,-8.087909999999999,0.6797717645651369,0.04806712243831535,-47.790085,2.9623905005544087,0.20947264114646333,-1.70326,1.1166080567504426,0.07895611288557712,0.17539880400000002,0.052452670911166996,0.0037089639292632545,-18.832516196,4.920972830565184,0.34796532585274004
R:A:LEU:419,76.3426,3.0948125791394863,0.21883629612109595,-12.398715,1.0151519067484434,0.0717820797196278,-80.78019,1.684800722311099,0.11913340156941715,0.961985,0.6034460578833869,0.042670079960963274,0.003546396,0.006372022075792267,0.0004505700019663093,-15.870773603999998,3.716334150088678,0.2627845078682849
R:A:VAL:420,51.97727999999999,3.144248881943031,0.22233197061601376,-10.028374999999999,0.8634926081762369,0.06105814787458755,-62.02525,1.7100381158032705,0.12091795477719591,1.7330149999999998,0.6115543596239014,0.04324342347542572,0.032144076,0.015870102754469612,0.0011221857275812768,-18.311185924,3.7323453040161536,0.26391666741995884
R:A:GLU:421,98.28453999999999,2.7310825433150123,0.1931166986358248,-7.989120000000001,0.9648551319239589,0.06822556066460722,-99.552915,7.599635528614185,0.5373753816829302,-48.8456,6.604588874411488,0.467014958004559,0.37961413199999994,0.06720383444590179,0.004752028705843524,-57.723480868,10.477085854718345,0.7408418454944996
R:A:VAL:422,56.884865,3.818447321461303,0.27000499946088957,-9.70769,0.9014859088748974,0.0637446799309558,-63.054735,3.11919674031232,0.22056051669298157,1.17064,0.46087076322978004,0.032588484193039724,0.011796696,0.011153848029751166,0.0007886961578161261,-14.695123304,5.033401569930206,0.35591523825326626
R:A:SER:423,85.330465,2.6788808593841944,0.189425482166141,-8.4191,0.9415449856485881,0.06657728441443073,-77.02443,2.396223897113957,0.1694386166890535,1.709645,0.830220223178766,0.05870543496879143,0.000930492,0.002207417137818768,0.00015608796270590505,1.597510491999999,3.8071077047465343,0.2692031674733827
R:A:ARG:424,-198.78822,3.825099180622641,0.2704753569329376,-12.529615000000002,1.243179322050926,0.08790605288531046,35.07071,8.264869771260766,0.5844145460882197,5.799054999999999,6.892059775711105,0.48734222037483577,0.20450682,0.08475891981472865,0.005993360696704145,-170.24356318,11.488804242859139,0.8123811387850476
R:A:ASN:425,15.876205,3.715338137098022,0.2627140791143006,-9.925965000000001,0.875501395644233,0.06190729737983236,-83.11288499999999,4.081094567854928,0.2885769643593802,-1.110425,2.214275785527855,0.15657294233639155,0.044475912,0.029785701412460574,0.0021061671451148597,-78.22859408800001,6.010780105852204,0.42502633730692874
R:A:LEU:426,73.09201499999999,3.263437720376321,0.23075989420580645,-10.767455,0.9426057065257986,0.06665228870695289,-75.65690000000001,1.731855683941361,0.12246068981514026,-0.77189,0.6487422276220348,0.04587300283936076,0.015940116,0.019259693743176293,0.0013618660049376076,-14.088289884,3.8676986434381204,0.27348759383611054
R:A:GLY:427,89.135655,1.8794563671378484,0.1328976342147406,-5.177015,0.7372684957157738,0.05213275528758287,-82.12725999999999,2.0585285405842684,0.14555994903131833,-0.67589,0.9441848218966454,0.06676394902565305,0.005468328,0.008867028596030127,0.0006269936049227934,1.1609583279999998,3.0339783165418504,0.2145346641599688
R:A:LYS:428,136.86529000000002,3.2184188533968032,0.22757657959355124,-8.93481,1.2110203400025947,0.0856320694570673,-157.824185,15.258700169764625,1.0789530362132889,18.976125,13.587092707028056,0.9607525389749823,0.21243020399999998,0.09107359994755881,0.006439876010998964,-10.705149796,20.718834515497182,1.4650428384189953
R:A:VAL:429,50.942190000000004,3.6159387942690624,0.2556854841783162,-9.081295,0.9285538045665421,0.065658669190557,-59.933780000000006,2.5999948714564804,0.18384740046571232,-0.56741,0.5369243539829424,0.03796628516855448,0.04468572,0.024916798512136344,0.0017618837193390487,-18.595609279999998,4.581059645128308,0.32392983400902653
R:A:GLY:430,78.36343,2.2324629078889533,0.15785896609157177,-5.157965000000001,0.7490321914143611,0.052964574187611475,-75.90198500000001,2.2214513352254652,0.1570803303213837,-1.7058449999999998,1.0213275483286446,0.07221876352358159,0.004336704,0.010521298946897384,0.0007439681832242021,-4.398028296,3.394555427792649,0.24003131621057835
R:A:SER:431,84.03807499999999,4.744708238593286,0.3355015370260992,-5.7159450000000005,0.9079382148444904,0.06420092686149477,-73.34742,7.094357498998764,0.5016468295703661,-3.179544999999999,2.5713323235192687,0.18182065226446362,0.248832792,0.09614931001785054,0.006798782912002976,2.0439977919999994,8.960329848992274,0.633590999789067
R:A:LYS:432,116.584085,3.529096661721665,0.24954481809661966,-7.38371,0.9353174679754462,0.06613693241676695,-113.73055000000001,11.216822325752512,0.7931491129904262,-6.31473,10.016434538651966,0.7082688785591953,0.763823232,0.12199093978341415,0.008626062076417192,-10.081081768,15.475473749054155,1.0942812430030595
R:A:CYS:433,80.74342,2.1170191552274624,0.1496958600563155,-8.033584999999999,0.7017052748661649,0.049618055825223537,-74.557935,1.5770426312484396,0.11151375387760475,-1.0068199999999998,0.693518570479551,0.04903916840648911,0.002540736,0.004650468939698877,0.000328837812295849,-2.8523792640000005,2.8181933027404913,0.19927635950623143
R:A:CYS:434,98.86311500000002,2.2945070476629614,0.1622461492882805,-7.5105200000000005,0.8253005995393436,0.058357565045159314,-80.49623500000001,2.127074199405136,0.15040685904863182,-3.0268450000000002,1.1778313932711253,0.0832852565276412,0.061059275999999996,0.0528122921110817,0.003734392988175068,7.890574276,3.4438937629263515,0.24352006334512794
R:A:LYS:435,131.1642,3.207868153462669,0.2268305324465822,-5.671695,1.1504609345714438,0.08134987283256809,-119.908405,7.2379891289622,0.5118031195243684,-14.112559999999998,6.854000183571634,0.4846510008057344,1.269396972,0.14987061996539552,0.010597453167816314,-7.259063028000001,10.535760285906223,0.7449907543120209
R:A:HIS:436,122.51988499999999,3.521148398147258,0.24898279098940754,-8.521585,0.8837493947805566,0.06249051899188388,-92.1749,3.357063946367422,0.23738026813532762,-6.652715,1.8404561265553165,0.1301399007563591,0.5319883440000001,0.08169717625641698,0.005776862733470505,15.702673343999999,5.276677984957324,0.37311747853010907
R:A:PRO:437,81.253205,2.534338434971738,0.1792047893190218,-4.619065,0.7546367806932021,0.05336087849609487,-62.53710499999999,1.4850651817260414,0.10500996605025163,-1.1350749999999998,1.0209410998559123,0.07219143749001677,0.672464196,0.053316705506353104,0.003770060401406842,13.634424196,3.2004577747856713,0.22630653954521565
R:A:GLU:438,86.24069,3.1532435671701613,0.22296799090788796,-5.215975000000001,0.7140186722873569,0.050488744506820525,-46.646274999999996,9.162331607695446,0.6478746811281292,-88.85276000000002,9.461926327783365,0.6690592269463145,0.945500508,0.1334882079842603,0.00943904170741107,-53.528819492000004,13.562704637413619,0.9590280420345405
R:A:ALA:439,96.29618,2.0249582434213305,0.14318617055428223,-3.517825,0.5289880380263811,0.03740510288550213,-73.69914,1.4883137405802582,0.10523967384974167,-5.15947,1.0548125943028932,0.07458651383125504,0.5767531199999999,0.10172650241527426,0.007193149968423013,14.496498120000002,2.7781900425940345,0.1964477018543185
R:A:LYS:440,143.82066500000002,3.218574594875036,0.2275875921790883,-7.80809,1.0119187872057718,0.07155346364432681,-158.881215,12.515701891575038,0.8849937678842009,18.69763,11.512970030061748,0.8140899179854152,0.6994155599999999,0.14852660432712247,0.01050241691063195,-3.4715944399999987,17.337720004624103,1.2259619385583362
R:A:ARG:441,-187.037385,4.100398881423001,0.2899419854623938,-13.225125,1.0287488222958021,0.07274352683830362,-3.11454,12.342398291191223,0.8727393527806571,25.33214,10.60480180957664,0.7498727272691013,0.448299432,0.13174981797718496,0.009316118971176079,-177.596610568,16.81325578641707,1.1888767180399469
R:A:MET:442,98.711175,2.927459699872058,0.20700266054298672,-11.31353,0.8754778575726515,0.06190563298682923,-74.35636,1.6161229750238688,0.1142771514870755,-1.2749049999999997,1.014612061812297,0.07174390691811397,0.04361651999999999,0.04004231551176829,0.0028314192832782636,11.80999652,3.602690143057205,0.25474866306696825
R:A:PRO:443,78.707595,2.518783214366611,0.178104869121748,-9.061755,0.7653468919222185,0.05411819772382484,-54.57432500000001,2.6035572279815553,0.18409929711130077,-4.197385,1.5581932539884134,0.11018090162943395,0.09716814,0.05303968357205386,0.003750471992578801,10.971298140000002,4.017376558169948,0.2840714206861843
R:A:CYS:444,76.95588,2.3005650035589085,0.1626745114576958,-7.2250049999999995,0.5606781830738556,0.039645934531487584,-65.55328,1.3967891507310615,0.09876790803697322,-1.7737299999999998,0.7601414191451482,0.05375011521383,0.21484357199999998,0.03475513524898466,0.002457559181561266,2.618708571999999,2.8525431089996123,0.20170525760005828
R:A:ALA:445,94.06821500000002,2.483862618740215,0.1756356101246982,-7.103635000000001,0.7976099684526265,0.05639954174348404,-83.21021,1.195265905938926,0.08451806274104966,-0.164645,0.48587943872425804,0.034356864596103646,0.0015223320000000002,0.004685036989072338,0.0003312821425082855,3.5912473320000005,2.9104151825807576,0.20579743116711374
R:A:GLU:446,102.93841,2.7638135378313784,0.19543112945357502,-9.590245,1.389046908846134,0.09822044886313135,-122.25082499999999,5.737844458015136,0.4057268725656153,-38.014195,4.515733347638565,0.31931056721454587,0.00505962,0.00475545392319177,0.0003362613716709072,-66.91179538,7.929870483971792,0.5607265193147504
R:A:ASP:447,92.284115,7.895959011530835,0.5583286161024482,-7.495015,1.1156377211151478,0.07888749979480274,-81.073195,7.029733558747088,0.4970772269324707,-67.121375,7.724875823233342,0.546231207843231,0.34934428800000006,0.06980558752751141,0.0049360004305414405,-63.056125712000004,13.141025433654333,0.929210819588187
R:A:TYR:448,87.72167499999999,3.3045400087417613,0.23366626488835524,-12.75107,0.9077608083080035,0.0641883823249971,-81.598015,1.547706003986223,0.10943934107017919,-4.60048,0.8486342024688847,0.06000749993125859,0.416151936,0.054383296589999984,0.0038454797802068234,-10.811738063999998,3.8551972429174097,0.2726036113278582
R:A:LEU:449,74.103275,3.2337193461051936,0.22865848780851106,-9.78093,0.944188421396916,0.06676420354875807,-80.605215,1.3735875577388574,0.09712730766306145,0.7541650000000001,0.5731959767610029,0.04053107621165518,0.095440896,0.025163875382627057,0.001779354692398882,-15.433264104,3.6829827873137386,0.2604262103902877
R:A:SER:450,81.36323,4.428127106023494,0.31311587046251743,-6.99351,0.8306428413584264,0.058735318586860485,-77.424,4.287522686820444,0.3031736366341902,0.43365000000000004,0.9886927113618266,0.06991113207136615,0.09415987199999998,0.035311908072960536,0.0024969289655026386,-2.5264701280000006,6.297609720787067,0.4453082538834855
R:A:VAL:451,57.630500000000005,2.70640356192494,0.1913716311264551,-9.233575,0.7280474259105653,0.05148072718867712,-60.06238999999999,1.7340375393572078,0.12261497029115163,0.5052749999999999,0.46520782385402765,0.03289516069082198,0.169400628,0.03123253213674511,0.0022084735267519236,-10.990789372,3.3285061623367436,0.23536092786095228
R:A:VAL:452,46.39567000000001,3.662314941549948,0.2589647730010783,-10.523485,0.9301833043948918,0.06577389222841384,-48.998050000000006,2.6519037138440757,0.18751790991129355,-0.25759,0.5370548686121372,0.03797551394648926,0.011096784,0.0095271540272499,0.000673671521807713,-13.372358216000002,4.6474620726735205,0.3286251946894734
R:A:LEU:453,57.307785,3.338050048872095,0.2360357825497545,-11.12134,0.9748689216504955,0.06893364252670825,-62.088605,1.6474404902681608,0.11649163422699069,-0.53113,0.5470460063833754,0.03868199407347041,0.008679708000000001,0.008967115525403696,0.0006340708195696124,-16.424610292,3.8866884946456466,0.27483037909236707
R:A:ASN:454,32.241325,3.015442809833242,0.21322400591133023,-10.96892,1.1492375836179394,0.08126336885706868,-96.01130500000001,2.7189308564167276,0.19225744461496153,-0.506695,1.366496890583729,0.09662592178020864,0.021470724,0.00990978921014085,0.0007007279150619875,-75.224124276,4.435497640721634,0.31363704596912
R:A:GLN:455,33.12907,2.7516415255443434,0.19457043821069017,-11.669459999999999,0.9108289731887101,0.0644053343442917,-73.25319999999999,2.579795371730091,0.18241908014240174,-3.5399450000000003,1.4379128075008583,0.10167578969388436,0.046915092,0.02225772845720641,0.0015738590725899444,-55.286619908000006,4.138184784655112,0.29261385230326226
R:A:LEU:456,70.26824,3.663890821572062,0.25907620454607555,-10.40222,0.9989106824936852,0.0706336517390967,-71.91399,2.1163633832354973,0.14964948997407243,-2.369025,0.5081654301258597,0.035932722160657404,0.02257218,0.014434127114294095,0.0010206469163025966,-14.394422819999999,4.377139810686946,0.309510524233834
R:A:CYS:457,98.41221999999999,2.2590057396120087,0.15973582772189834,-8.411430000000001,0.7421217724201332,0.05247593377444559,-86.58629499999999,1.3586875829177953,0.09607372033951327,-0.74214,0.8189474527709333,0.05790832972897768,0.0423783,0.01709663487299182,0.0012089146454162924,2.7147333000000007,2.858470015585082,0.20212435318386276
R:A:VAL:458,53.477219999999996,2.9684113194771378,0.20989837733531913,-8.92442,0.9235114528797139,0.06530212108346864,-49.62963,1.7094745166570924,0.12087810229938256,-3.15162,0.8632893695627208,0.06104377673440594,0.063104904,0.02971237144380744,0.002100981933304977,-8.165345096,3.651409816621084,0.25819366422238965
R:A:LEU:459,62.75653500000001,2.8260982818675995,0.19983532594082304,-9.114855,1.0209602852094688,0.07219279409937669,-67.29742,1.9809743167441618,0.14007603727261844,-2.7353250000000005,0.640277048921012,0.04527442431301584,0.062606232,0.03545784128211665,0.002507248001682099,-16.328458768,3.6557711367416568,0.2585020561256079
R:A:HIS:460,109.69050999999999,3.1140861115100846,0.2201991406647628,-11.730865,0.8712631271751377,0.061607606542333715,-88.59631000000002,2.111946460945447,0.14933716640374553,-8.982895,1.6148430771982147,0.11418664904390091,0.24719983199999998,0.07965697250476304,0.0056325985426908315,0.627639832,4.187005254094938,0.2960659808034234
R:A:GLU:461,101.53495500000001,2.7543755014476514,0.19476375950077315,-5.934755,0.904482219269677,0.06395655107082464,-51.142425,12.836994323998706,0.9077125736552705,-95.64369,11.670271486726433,0.8252128106552272,0.7261221240000001,0.1245529784532342,0.008807225568126383,-50.459792876,17.58987907237189,1.24379227723255
R:A:LYS:462,134.948625,3.5741892667253925,0.2527333467745699,-5.4645150000000005,1.126217478897837,0.0796356016419478,-186.59786,8.60386810803141,0.608385348362368,45.830200000000005,8.233952042609916,0.5822283325294295,0.9227879640000001,0.1660649268740546,0.011742563590989215,-10.360762036,12.485803335968722,0.88287962074251
R:A:THR:463,53.891949999999994,3.909454611259734,0.2764401866362776,-5.933624999999999,0.9255139838894926,0.06544372140912373,-58.06862999999999,4.040374484265041,0.285697619635691,-4.042845,1.7061019022833894,0.12063962244998531,0.19578301199999998,0.07007744175138712,0.004955223427061112,-13.957366988,5.948170476187818,0.4205991679366022
R:A:PRO:464,86.099755,2.6559273644011805,0.18780242497069893,-3.933105,0.6805141394379693,0.04811961626899158,-59.70727,1.381030472907821,0.09765360124183849,-3.7778300000000002,1.0735536368062846,0.07591170565532038,0.851835564,0.052443317974105175,0.003708302576741212,19.533385564,3.252623946715963,0.22999524493726092
R:A:VAL:465,58.77942,3.1023698318543516,0.21937067458527812,-7.9695800000000006,0.8613850785798417,0.06090912302767131,-58.3844,1.9809657038929271,0.14007542825206712,-5.942455,1.0933719440222527,0.07731307159772531,0.1456236,0.046151264970745925,0.0032633872421151612,-13.3713914,3.935543176542903,0.27828492677859323
R:A:SER:466,65.295045,5.600772372001472,0.3960344124124506,-5.2428300000000005,1.0782614715828438,0.07624459984484146,-65.96924499999999,6.334660668494801,0.4479281515208382,-1.5867099999999998,1.4444707771014267,0.10213950817142207,0.13141584,0.05395977060517586,0.0038155319706190383,-7.372324160000001,8.645729132455735,0.6113453697861536
R:A:ASP:467,92.878685,9.22371707587429,0.6522152892096864,-4.654865,0.8735709511968677,0.06177079434388877,-53.85861500000001,16.654799856401006,1.1776721917765889,-92.345645,10.904986454323316,0.7710989870599462,0.803657088,0.08635086188140252,0.006105927999764268,-57.176782912,21.95788303092189,1.552656799166589
R:A:ARG:468,-179.118885,4.549478371393253,0.32169670072736994,-8.58068,1.3111242723708534,0.09271048639717083,-0.5300550000000002,12.284703208949534,0.8686596943912356,20.303105000000002,10.603552042781466,0.7497843554115243,0.88829712,0.1876127029206626,0.01326622144719377,-167.03821788000002,16.905657268844124,1.1954104895215327
R:A:VAL:469,62.131735000000006,3.0964444972863636,0.21895169015989577,-9.157395000000001,0.9615953977505302,0.06799506265071753,-72.502825,2.2584823143817174,0.15969881596892005,1.601645,0.9062348034450012,0.06408047748632183,0.013228776,0.010456200938516054,0.0007393650589073844,-17.913611224,4.053979211742219,0.2866596191412218
R:A:THR:470,49.058255,3.2627491291815556,0.23071120345547805,-7.1852350000000005,0.9184524918442979,0.06494439851807852,-60.16564,3.1793183468158706,0.22481175625843058,-0.505125,1.0374814935096432,0.07336101994162159,0.29785788,0.06828634610638937,0.004828573839427952,-18.499887119999997,4.76216157690912,0.3367356744138461
R:A:LYS:471,117.65637999999998,3.5257505081329845,0.2493082093072749,-7.965685,1.0978764483196641,0.07763158815118366,-151.28797,16.403726074556964,1.1599185944045816,26.073494999999998,14.572630324686584,1.0304405722310603,0.814585788,0.10202811301180012,0.007214477058231129,-14.709194211999998,22.25062791892163,1.5733569887128203
R:A:CYS:472,80.88338,2.198655456318702,0.15546841826557573,-8.883125,0.7362017382314442,0.052057324142477775,-79.512055,1.6515712464120342,0.11678372279506678,1.633355,0.6438090780464345,0.04552417648760931,0.004581972,0.0077694443258199625,0.0005493826768838639,-5.873863027999999,2.918615577665228,0.20637728666437755
R:A:CYS:473,97.990545,2.4183113153552007,0.1710004330107822,-8.751145000000001,0.6942414162054868,0.049090281317945204,-88.60555499999998,1.6275770940188978,0.11508708000846576,1.01512,0.9274957388581363,0.06558385264682154,0.031126535999999996,0.014318518937065523,0.0010124721836947028,1.680091536,3.1368234449056183,0.2218069129277709
R:A:THR:474,36.102425000000004,3.7260058003678687,0.26346839681805295,-5.932905000000001,0.9118420674519245,0.0644769709266417,-46.05639,3.944450559697764,0.27891477388173613,-6.22649,1.764022692569458,0.1247352408082816,0.47802074399999994,0.08790451311326435,0.006215787731929101,-21.635339256,5.7786476498896935,0.40861209393247083
R:A:GLU:475,91.274095,2.6912464781165992,0.19029986345206606,-5.0571,1.0550237248517211,0.07460144301553423,-51.36803,13.053929490735731,0.923052206403029,-89.45651,12.255571019332391,0.8665997375083262,0.910260828,0.07701715019107377,0.005445934916777107,-53.697284171999996,18.13741741446115,1.2825090846976457
R:A:SER:476,65.24456500000001,3.629396277037684,0.2566370719106556,-7.438454999999999,0.6589692238450898,0.0465961606774099,-55.60167499999999,3.010084531931786,0.21284511844737009,-3.0281949999999993,0.9209855194165649,0.06512351061540678,0.11785982399999999,0.02944747306055689,0.0020822507889927955,-0.7059001760000002,4.849376057161339,0.3429026694542465
R:A:LEU:477,76.821635,3.3970223478474493,0.2402057538005178,-9.507424999999998,0.7606133014712535,0.05378348233310112,-72.96847,1.8390264487222583,0.13003880726729233,-1.46075,1.0236082099612136,0.07238003065417975,0.170475948,0.04391817865069197,0.003105484194126655,-6.944534052,4.068170876347992,0.28766312136912847
R:A:VAL:478,48.72738999999999,2.9666094650122052,0.20977096698423262,-7.612615,0.9328223768622834,0.06596050283218738,-55.305814999999996,1.982719087711368,0.14019941121087134,-0.141015,0.9880473798229517,0.06986550024064095,0.143339256,0.04187687054810166,0.0029611419139433893,-14.188715744,3.818389134505794,0.2700008850218079
R:A:ASN:479,25.798990000000003,6.39955153584218,0.4525166287546791,-7.913240000000001,0.7459454888931228,0.05274631135918416,-79.34487499999999,5.085018490563726,0.3595651057136593,-7.434915,2.628603554698768,0.18587033985785625,0.38608311599999995,0.09646127285663685,0.006820842015881377,-68.507956884,8.618988862193241,0.6094545471428167
R:A:ARG:480,-170.62076999999996,3.9627460248040123,0.28020845862589516,-15.51201,1.0630569739670588,0.07516947950797584,0.11871500000000001,5.736123670543985,0.40560519451663213,24.333950000000005,3.8147219620176775,0.2697415767683951,0.039695075999999996,0.011809218346115207,0.0008350378373050649,-161.64041992399999,8.018029936082364,0.5669603339560579
R:A:ARG:481,-172.57515499999997,3.726897252537962,0.26353143200551055,-10.22789,1.858835812518147,0.13143954081439876,-18.8148,6.904554605476012,0.4882257382604895,35.19021,4.846785534341292,0.34271949182895917,0.068126868,0.025804631983490405,0.0018246630261549335,-166.35950813199997,9.407970232935838,0.6652439548910114
R:A:PRO:482,82.91582999999999,2.762898628451649,0.1953664355909172,-9.3029,0.8110712484116299,0.05735139797773023,-61.818505,1.7687613518999679,0.12507031462291526,-3.2660749999999994,1.1098043788771965,0.07847502020945901,0.214293888,0.04117917603745194,0.002911807461975685,8.742643887999998,3.5571510517532325,0.251528563039957
R:A:CYS:483,81.08069499999999,2.3497861204745853,0.1661549700125609,-7.512215,0.6308896803522784,0.04461063711577094,-67.79553,2.212633860154002,0.15645684067978619,-3.186105,1.3362599649675209,0.09448784826566324,0.18282049200000003,0.04561479157948149,0.003225452844826239,2.7696654919999997,3.5500614928527425,0.25102725552254124
R:A:PHE:484,105.41478,3.0175798964733307,0.21337512075684922,-13.667285000000001,0.8850534920415827,0.06258273259354372,-84.536425,1.9067620366409126,0.13482843662178615,-1.168115,1.0930731914080594,0.07729194659778597,0.028223748,0.019706738970263347,0.0013934768760946413,6.0711787479999995,3.8366713355571442,0.2712936318556505
R:A:SER:485,72.952725,2.552753667977974,0.18050694293260577,-5.49295,0.7937431054818682,0.056126113240629806,-65.096895,2.150425709940941,0.1520580601937135,-7.7034199999999995,1.357871615286217,0.09601602271496149,0.35158032,0.06547157218672545,0.004629539266817812,-4.988959680000001,3.690394557661091,0.2609503016976087
R:A:ALA:486,83.90689,2.5206914305206025,0.1782398003799937,-3.942695,0.5385494517451485,0.03808119693332918,-67.90642,2.013675456373246,0.1423883570310438,-3.79639,1.7655985749597782,0.1248466725207364,0.548601696,0.0917020742727425,0.006484315856712866,8.809986696000001,3.7181389486947536,0.26291212640158806
R:A:LEU:487,78.766565,4.3936669691471835,0.3106791708159319,-9.27047,1.2130801742259247,0.08577772173181099,-84.58627,4.142020622486083,0.29288508699744337,0.78153,1.7020051906795115,0.12034994119441854,0.076206852,0.06325686568668176,0.00447293586836593,-14.232438148000002,6.390072838562287,0.45184638364233637
R:A:GLU:488,103.162215,2.9039608500761505,0.2053410409389097,-5.738355000000001,0.7391440380433303,0.052265376157404626,-77.303465,10.687028228594468,0.7556870131171205,-73.61138500000001,10.744942281686534,0.7597821550838603,0.934093512,0.10406667870214102,0.007358625420584557,-52.556896488,15.448511559270562,1.092374728279898
R:A:VAL:489,50.628855,3.1754729653982254,0.22453984673076402,-6.339780000000001,0.8309021131276536,0.05875365186947957,-54.880964999999996,3.2547043128024704,0.23014234903397288,-2.3920699999999995,1.4046814603674385,0.09932597860328383,0.40925361600000004,0.11853445432102745,0.008381651645464557,-12.574706384,4.832629456239241,0.3417185059468625
R:A:ASP:490,94.18049,2.9734814006312527,0.21025688621184319,-6.227390000000001,1.4447547500873634,0.10215958809382504,-88.78281999999999,8.21030484194101,0.5805562229345234,-67.084205,6.738602105999062,0.4764911244869887,0.10026259199999998,0.04138138398383428,0.002926105722985361,-67.813662408,11.124229604215987,0.7866018188617268
R:A:GLU:491,102.27742999999998,2.9887323006753217,0.21133528769587914,-4.1677,0.7732513304223925,0.05467712593031934,-56.22547,11.992480451061825,0.8479964250192922,-97.58889500000001,11.41912526395849,0.8074540909363672,1.06705584,0.14356773204528656,0.010151771688879532,-54.63757916,16.845386883116092,1.1911487296762309
R:A:THR:492,37.41415,5.133166513712564,0.3629696850805863,-3.416625,1.0138055653699085,0.0716868790077724,-51.23704,4.241732504343007,0.2999357817800337,-5.03545,1.2684271786350212,0.08969134594541438,0.76234014,0.08912166086504224,0.006301853074827912,-21.512624860000003,6.854658634695848,0.4846975603312355
R:A:TYR:493,89.20342000000001,3.3470995972035245,0.2366756822489374,-11.72938,1.0357434313573994,0.07323812038822405,-82.47676,2.0370174624681057,0.1440388861106611,-8.410874999999999,1.2122951288258976,0.08572221063922114,0.33160024800000004,0.07621092080245256,0.005388925889988513,-13.081994752,4.230927545518187,0.2991717558144865
R:A:VAL:494,64.897975,4.0177552730816,0.2840981998744008,-3.88925,0.7932563378252959,0.05609169356954735,-55.21152,3.145408351804261,0.22241395751615947,-3.7483,1.2689147567902266,0.08972582292740479,0.8139815640000001,0.09279306825964266,0.006561460781349951,2.862886564000001,5.31826681965018,0.3760582532334056
R:A:PRO:495,88.13302,2.7689978926680316,0.1957977186996825,-6.0072,0.5779797401293578,0.04086933936339074,-55.5358,1.6106444610776147,0.11388976205085337,-5.555995,1.3095357020619942,0.09259815751339225,0.42342325199999997,0.06865393487693838,0.004854566290662275,21.457448251999995,3.509299446805457,0.24814494360503384
R:A:LYS:496,120.21484000000001,4.187794942974166,0.29612182023957634,-4.38044,1.0244708128590096,0.07244102589003001,-130.89864,7.802659120479376,0.5517313175378029,3.3116849999999998,7.951025754314659,0.5622224228264779,1.35600012,0.176451487977182,0.012477004369912194,-10.396554879999998,11.946489105782684,0.844744345807015
R:A:GLU:497,95.25843,2.9637173051929224,0.2095664604021836,-4.39707,0.8258022554461812,0.05839303747451403,-48.3728,8.307209204660731,0.5874083961350909,-101.85557499999999,8.581900209998658,0.6068319833956307,0.958829112,0.14797998649406158,0.010463765192984465,-58.408185888000006,12.334755923445659,0.872198955774936
R:A:PHE:498,91.453205,3.4631976009137855,0.24488505081951203,-10.725745,1.111153972217622,0.07857045086974491,-66.1567,2.186471605120908,0.15460688988528293,-5.385115000000001,1.5017292105353082,0.10618829082754369,0.296201736,0.12670648666578954,0.008959501594170265,9.481846736,4.503365853279988,0.3184360533018222
R:A:ASN:499,22.287664999999997,6.808967003354841,0.48146667409476535,-6.195805,1.1207291140034688,0.0792475156385044,-86.92417000000002,6.8227214343764615,0.4824392592394404,-6.661269999999999,2.5534820925747646,0.18055845032980314,0.43038680400000007,0.12087349723697739,0.008547046956200012,-77.06319319599999,10.035062250443906,0.7095860566918022
R:A:ALA:500,93.073665,2.3692025710721745,0.16752792040097378,-4.998480000000001,0.6869562064644296,0.048575139196918415,-83.23551499999999,1.9547669911718375,0.13822289950972302,-1.4487100000000002,0.9254033855027762,0.06543590092220018,0.303396048,0.04842219902513408,0.003423966529063694,3.6943560479999995,3.280984574393551,0.23200064415221383
R:A:GLU:501,110.18789000000001,3.1276266525754,0.22115660150558475,-5.39707,0.6235604662741216,0.04409238341822769,-52.757505,6.6757537978849255,0.47204707800162793,-107.22099,6.599392923587745,0.46664754879834097,1.04800446,0.0680318157532518,0.004810575825555814,-54.13967054,9.914291714027264,0.7010462901650277
R:A:THR:502,39.568225000000005,3.9995941549581002,0.28281401489649516,-7.035029999999999,1.0555415430479278,0.07463805829133018,-50.65565000000001,3.8319937170486074,0.27096287427893145,-2.379405,1.634329036936871,0.1155645144708141,0.18811479599999997,0.07237537855159297,0.00511771209647748,-20.313745204,5.871232136218979,0.415158805744082
R:A:PHE:503,99.55266999999999,2.899412076801089,0.20501939409602207,-14.62076,0.8761060109370327,0.061950050137187136,-77.214185,1.6527442635734666,0.11686666763399649,-2.032275,0.8371074479270866,0.059192435301100764,0.01738602,0.021316548527367182,0.0015073076015193448,5.7028360199999995,3.5506223410679882,0.2510669134801629
R:A:THR:504,43.0,4.414539126568028,0.3121550552209591,-6.815830000000001,0.800264282034379,0.05658723005678932,-55.511325,5.926628724610223,0.41907593607468685,-3.07895,2.4774014445583905,0.17517873611685866,0.34905200399999997,0.07518845576043162,0.005316626693514593,-22.057052996000003,7.835603223865706,0.5540608174282614
R:A:PHE:505,91.32601499999998,3.098460061833136,0.21909421209579,-12.480625,0.8266374382853707,0.05845209381942618,-65.54198500000001,1.6710291364231202,0.11815960339250887,-3.57494,1.0477091468532667,0.07408422424511171,0.094260564,0.03763421371140234,0.002661140771995634,9.822725564,3.7650011121335245,0.2662257817564508
R:A:HIS:506,107.9457,3.133065300947301,0.22154117202001078,-7.375340000000001,0.8413812538914806,0.05949463901899061,-85.93988499999999,2.6707180947780693,0.18884828754551894,-6.702195,1.6907220519573878,0.11955210280407032,0.824583528,0.06582411071411155,0.004654467505152236,8.752863527999999,4.52985977781888,0.32030945667199173
R:A:ALA:507,84.18996500000002,2.1539127033784355,0.15230462786427404,-5.00816,0.7518915044073846,0.05316675814830165,-74.17163,1.8704408873578442,0.1322601435259315,-1.7694799999999997,1.1290674468781747,0.07983712481045394,0.193270824,0.06370336665524219,0.004504508254633475,3.4339658240000004,3.159443194583218,0.2234063707663482
R:A:ASP:508,95.450255,3.613057334166592,0.2554817341804987,-5.26759,0.995421961732812,0.07038696192832875,-62.13575000000001,9.935788564452245,0.7025663470359935,-91.02860000000001,8.676136223573256,0.6134954758186892,0.637337592,0.08028087383564242,0.005676715028876443,-62.344347408000004,13.713013066721654,0.9696564529978615
R:A:ILE:509,77.93116,3.1048625677153567,0.21954693762838048,-9.444999999999999,1.1516512970513253,0.08143404417072751,-68.775575,2.437769298841668,0.17237632021793187,1.6104450000000003,0.8593410830252444,0.06076459071593422,0.061299036,0.04037788304642412,0.0028551474912083823,1.3823290359999998,4.201105675794089,0.2970630311835294
R:A:CYS:510,93.739385,2.248924575608306,0.15902298177897117,-6.61935,0.5913867156945615,0.041817355697126524,-86.28628,1.928289514466124,0.13635065917699116,-0.7650549999999999,1.3565353338468555,0.09592153334822687,0.22465155600000003,0.055339317254665,0.0039130806497007335,0.2933515560000005,3.3119406694390237,0.23418957062478474
R:A:THR:511,40.12842,5.174560779776386,0.36589670170418315,-4.11866,0.7714612138014457,0.05455054557014072,-48.26385500000001,3.28600095617378,0.2323553559095959,-5.560409999999999,1.485233352675599,0.10502185753213471,0.9086172119999999,0.05915833850145435,0.004183126231810759,-16.905887788,6.354404124140143,0.44932422465792593
R:A:LEU:512,71.1326,4.384264603100502,0.31001432313685123,-9.043800000000001,0.9706592965608477,0.06863597708199394,-71.49786,3.0216761607425773,0.21366477038108087,-3.8131350000000004,1.6747357602842905,0.118421701279263,0.318528072,0.07789818993894798,0.005508233834798781,-12.903666927999998,5.6661530508071145,0.4006575245466555
R:A:SER:513,72.14085499999999,3.8428593890454805,0.2717311933140452,-4.816035,1.0385807208758497,0.07343874705409262,-71.31603500000001,5.391548539499111,0.3812400533376248,-2.3318950000000003,2.8608141855029663,0.2022901110283817,0.4525047,0.049259244405471754,0.003483154575523458,-5.870605299999999,7.287091198047366,0.5152751601264095
R:A:GLU:514,100.04092,2.865124884468389,0.20259492347539212,-5.53655,0.9896619410182448,0.06997966695762418,-77.59833499999999,10.521013840061945,0.743948023126532,-65.10208,10.336633359251937,0.7309103542966127,0.8700923159999999,0.109016140038184,0.007708605187978219,-47.325952683999994,15.057821134090544,1.0647487433809533
R:A:LYS:515,123.82440000000003,3.4092071130982937,0.24106734681412165,-7.0218250000000015,1.2213601493314739,0.08636320438632994,-144.80904,11.868748155909282,0.8392472305238784,12.61923,9.949285520433113,0.7035207259459383,0.572261724,0.12845599101346666,0.009083210232966049,-14.814973276,15.905545569124696,1.1246919130399717
R:A:GLU:516,105.56676999999999,3.1127518174599142,0.22010479182766557,-7.730319999999999,1.2219163545840606,0.0864025340369135,-110.475345,14.72640767587177,1.0413142730126552,-44.820465000000006,13.22458552540589,0.9351194103395967,0.34691335199999995,0.13117529480879886,0.009275494048344619,-57.112446648,20.073770342599275,1.4194299133233352
R:A:ARG:517,-191.763435,4.030955554924291,0.2850316007548549,-12.714879999999999,1.2272135085632003,0.08677709938687742,-8.46186,11.103379301834194,0.7851274798413311,37.090005,9.307613967874635,0.6581476953350783,0.33243192,0.08775263605246739,0.00620504840196948,-175.51773808,15.089037938247893,1.0669561047716167
R:A:GLN:518,34.826220000000006,2.881067788442334,0.20372225702657037,-10.34384,0.9736407984467372,0.06884680110215724,-85.13999,3.908556023635838,0.27637664689604285,-4.69615,2.7530614336589005,0.19467084087633668,0.333747504,0.07320356911344954,0.005176274012717827,-65.02001249599999,5.666572528074704,0.40068718606870213
R:A:ILE:519,93.10654000000001,3.1643351258044716,0.22375228254031287,-7.98873,1.0551962362992013,0.07461364141696879,-75.134345,1.8481377156410712,0.13068307112964167,-1.184005,0.6753975014574751,0.04775781532770318,0.40729449599999995,0.049998795631162794,0.0035354487441955538,9.206754496,3.8730776607259716,0.2738679477961465
R:A:LYS:520,139.969215,3.419621528586898,0.24180375719553027,-9.113335,0.9399425209953,0.06646397305213554,-144.239955,7.655933864851173,0.5413562752151997,8.72341,7.830065900227149,0.5536692695188166,0.656834904,0.15646793106916312,0.011063953509723452,-4.003830096000001,11.511952089019397,0.8140179386840257
R:A:LYS:521,129.50507,3.079557670364366,0.21775761117696898,-12.06846,1.0418942405062042,0.07367304827411446,-123.319355,9.070301847180998,0.6413671943550552,-6.022684999999999,9.016000549898774,0.6375275128015064,0.21601584,0.07186336819457323,0.005081507496928839,-11.689414159999998,13.19594729119279,0.9330943813782674
R:A:GLN:522,39.648435,2.838747606916649,0.20072976829278463,-12.148700000000002,1.0279291609833823,0.07268556803107479,-96.214405,2.3544636864846735,0.166485723877079,-1.7367700000000001,0.8592001263384451,0.06075462357302529,0.001536408,0.0027600336531165702,0.0001951638512421806,-70.449903592,3.9238830336333637,0.2774604301664993
R:A:THR:523,39.331565,2.9744402726857704,0.21032468870504717,-8.199055,1.0238900243556435,0.07239995794111348,-50.31678,2.1096360922206463,0.14917379866451078,-2.449645,0.9346703852027195,0.06609117675510855,0.170886492,0.047324358495687356,0.003346337480760373,-21.463028507999997,3.901545653101092,0.2758809388416679
R:A:ALA:524,82.29857,2.0646730673644194,0.14599443268666104,-7.74023,0.5501455144777606,0.038901162392658645,-66.05178,1.316309660224371,0.09307714868860129,-1.9606000000000001,0.5725724233666865,0.04048698432829988,0.026320752,0.022784323966325973,0.001611094998134027,6.572280751999999,2.574211411135185,0.1820242345021481
R:A:LEU:525,87.112075,2.9997901542232923,0.21211719601879292,-11.44353,0.9057950204654472,0.06404938013361253,-87.76371999999999,1.3851118841451036,0.09794220059810782,-1.6421100000000002,0.5597467801604579,0.03958007439987954,0.040726835999999995,0.028577129748641725,0.002020708223211238,-13.696558164000002,3.471580854642402,0.24547783637550324
R:A:VAL:526,51.427305,2.658155808445961,0.18795999976025485,-10.606535,0.8845096035515951,0.06254427386959577,-60.036995,1.7071698143345324,0.12071513523529272,0.256765,0.5466191725278212,0.03865181236210017,0.00029023199999999997,0.0009331523299954837,6.598383404198334e-05,-18.959169768,3.325864054087791,0.23517410259500593
R:A:GLU:527,89.50537,2.886509018364571,0.20410701008417126,-10.393725,1.1983072349673103,0.08473311717902866,-68.04865,9.256954301901894,0.6545655160008812,-67.220615,8.30813715262182,0.5874740119646783,0.10773540000000001,0.062399932440309586,0.004412341537412534,-56.0498846,12.825291972829255,0.906885092468496
R:A:LEU:528,82.49367999999998,3.51173778030194,0.2483173598200496,-11.017439999999999,0.9920323867697063,0.07014728278415351,-84.33323,2.3044072984392314,0.16294620273421526,-0.8560800000000001,0.5893448342015054,0.0416729728721146,0.017884404,0.02720478959783339,0.0019236691205381238,-13.695185596000002,4.356006304549736,0.30801615968384716
R:A:VAL:529,64.85806000000001,2.8525093350241644,0.2017028694193516,-10.28444,0.8754104788040865,0.0619008685884132,-63.439035,1.4392087978382428,0.10176743004947604,0.18146,0.7076961412922922,0.050041674052733284,0.0048418919999999996,0.00577007150884077,0.0004080056691832602,-8.679113108000001,3.3875274314314,0.239534361822059
R:A:LYS:530,124.398265,3.1347662552054816,0.22166144764905554,-10.686995,1.1499712191942024,0.08131524472615821,-159.33756499999998,9.56639442192172,0.676446236724601,33.14077,8.502070244775682,0.6011871524205255,0.228440664,0.05671070590269093,0.004010052470966872,-12.257084336,13.226999284296836,0.9352900888675904
R:A:HIS:531,117.632545,2.7212780908931378,0.19242341915649197,-11.060005,0.7641829525545569,0.05403589478184849,-90.19308500000001,2.796674548061501,0.19775475377061102,-7.06832,2.1951227386185037,0.15521861740139292,0.320213592,0.07303744432685427,0.005164527216405359,9.631348592,4.542534189920732,0.321205672946469
R:A:LYS:532,140.86492,2.873457567739604,0.20318413316004771,-7.80029,1.2176936133116572,0.08610394113802224,-150.036525,9.887710377502723,0.6991667058340773,18.073800000000002,8.83934496498468,0.6250360765987832,0.461330928,0.12595815866493926,0.008906586813774963,1.5632359279999992,13.625572923976787,0.96347350120958
R:A:PRO:533,94.12197,2.8303251737388764,0.20013421233137527,-6.91816,0.6338705896316692,0.04482141923232685,-68.973085,2.5464174614102455,0.18005890546950182,-0.5280450000000001,1.586487785321715,0.11218162712706123,0.249898752,0.0867080253883301,0.0061311832735383535,17.952578752,4.173875438476421,0.29513756263746516
R:A:LYS:534,116.32558499999999,3.706410711561119,0.26208281480073237,-4.16482,0.7628815554199747,0.053943872107960505,-98.17480499999998,9.023168620112061,0.6380343719070901,-24.865105,8.618482547059836,0.6094187452563918,1.3769220239999997,0.1408740806507692,0.009961301772157951,-9.502222976,13.039751818877695,0.9220496936118036
R:A:ALA:535,98.18787499999999,2.3888286877411278,0.1689156964194713,-5.39668,0.5527459249962862,0.03908503918381047,-92.60166000000001,2.9818517307874313,0.2108487579332636,-0.12808000000000008,1.8053111985472199,0.12765477906447528,0.09956340000000001,0.04899295612396541,0.003464325150563093,0.1610184000000001,4.262044009008443,0.3013720220485369
R:A:THR:536,55.628685000000004,3.883836154599599,0.27462868819348607,-5.723685000000001,1.015124561704129,0.07178014613300114,-58.69805,4.502824435562639,0.318397769287883,-6.4238100000000005,1.902270686285209,0.1345108501924659,0.511036416,0.11317138567835132,0.008002425424944034,-14.705823584,6.32625723279463,0.44733393888395256
R:A:LYS:537,117.07767500000001,3.1982975783024012,0.22615379058701407,-5.292325000000001,0.7527076519971084,0.05322446849781593,-94.12492,16.10344080386549,1.1386852192849435,-30.286575000000003,14.208986853902532,1.0047270958184988,1.29071844,0.12578904949881764,0.008894628989962424,-11.33542656,21.726196451097895,1.5362740839962423
R:A:GLU:538,94.72322,3.0606058651188652,0.21641751617648694,-5.5661950000000004,1.2640094568376457,0.08937896584138239,-92.69831,21.465816546637587,1.5178624443833835,-56.87912,21.0639843677686,1.489448618525661,0.837489528,0.12726819477205925,0.00899922035526934,-59.582915472,30.25646943748519,2.13945547140093
R:A:GLN:539,30.09225,2.9567310509243145,0.209072457625341,-8.81773,1.5371620887531674,0.10869377367402422,-76.623735,5.130466463663416,0.36277876271065673,-3.7262299999999997,3.9345605443429132,0.27821544418939076,0.277173576,0.1840163098636972,0.013011918055354527,-58.79827142399999,7.276086902227794,0.5144970389067893
R:A:LEU:540,76.04265,3.4983245857838865,0.2473689037399406,-8.761585,1.0832107425496664,0.07659456615109846,-71.09349,2.0202959881908393,0.14285649932537195,-3.6524850000000004,1.2346221040362917,0.0873009661966865,0.264034836,0.1527911344549084,0.010803964727825128,-7.200875163999999,4.363582607298506,0.3085518851888449
R:A:LYS:541,120.61193500000002,3.4003749882586485,0.2404428212774817,-5.97683,1.0626094913466564,0.07513783770844087,-112.04907499999999,14.186136481064004,1.0031113304598223,-13.937805,13.587620040940761,0.9607898271135447,0.9957855600000001,0.15658644328423837,0.011072333588816768,-10.355989439999998,19.964621081864927,1.4117118950806595
R:A:ALA:542,94.598805,2.3959441514724418,0.1694188356850412,-5.017105,0.6081700863862016,0.04300411921984915,-78.86516,2.181947596620964,0.15428699417643732,-6.325635,1.3704811241950763,0.09690764964065014,0.22606938,0.11212719161021202,0.007928589754298427,4.616974379999999,3.5724089301511097,0.2526074579681229
R:A:VAL:543,56.83133,2.7238531919139843,0.19260550629590006,-8.50219,0.9312379416132055,0.06584846634128998,-56.235825000000006,2.203378858565862,0.15580241324149957,-2.8373199999999996,0.8891610245619181,0.06287317900345106,0.026729063999999997,0.027989690035366666,0.0019791699627317305,-10.717275936,3.7326732323796143,0.2639398554569135
R:A:MET:544,80.623655,3.2173187588386396,0.22749879116134886,-10.415715,0.8750476922859691,0.06187521570770481,-67.091915,2.729572803164444,0.19300994388599516,-1.588225,1.4697896531051646,0.10392982306284852,0.126505656,0.05973445649097398,0.004223863925526048,1.6543056560000002,4.553159999076715,0.32195703111744794
R:A:ASP:545,80.40599999999999,5.8347476492132895,0.4125789629270984,-5.780310000000001,0.7755025428069209,0.05483631068461846,-78.61615,14.164098713560987,1.0015530249754627,-61.93594499999999,14.511842619459976,1.02614223237321,0.645426432,0.13930982503428743,0.00985069219676561,-65.280978568,21.115879335957715,1.4931181469172592
R:A:ASP:546,86.417745,4.54965590237053,0.32170925406316025,-7.30197,0.7572818095662934,0.053547910281354576,-53.079115,8.395322722907977,0.5936389627617741,-89.133835,7.672537992592477,0.5425303643473561,0.464885424,0.05853475923272448,0.004139032518858134,-62.63228957599999,12.272960268682672,0.8678293431218589
R:A:PHE:547,95.053735,3.1996904904654455,0.22625228435062267,-12.635805,0.764356439741957,0.05404816217851444,-69.81891,1.8941581881933727,0.13393720995115585,-4.17796,1.3899320013583398,0.09828303435486717,0.113535468,0.044482537913515856,0.003145390420303476,8.534595468,4.042769460188056,0.2858669700072853
R:A:ALA:548,85.55033999999999,2.2135795523088837,0.15652371121334935,-5.596535,0.5802343740032988,0.0410287660535264,-70.549015,2.179717838339403,0.15412932645630745,-4.0735,1.4847073954150023,0.10498466673757649,0.2871756,0.05912909621227099,0.004181058489712862,5.6184655999999995,3.492224007415457,0.24693752770659294
R:A:ALA:549,93.76010000000001,2.0354249187823164,0.14392627626670537,-5.27897,0.675915933456225,0.04779447400589319,-82.31513,1.6987597896995326,0.12012045669035729,-0.4428399999999999,1.0006014913041055,0.07075320997665052,0.31268926799999996,0.08491822126797627,0.006004625010488572,6.035849268000001,2.914449557103934,0.20608270452543218
R:A:PHE:550,111.56875500000002,2.966485067377721,0.20976217074314188,-12.464034999999999,0.9344102117244867,0.06607277971203421,-87.77571,1.7863419174111101,0.12631344833191754,-1.8637299999999999,0.7953627770395092,0.0562406413148001,0.13627206,0.06284331811007754,0.00444369363878992,9.60155206,3.6743332421517088,0.2598145951864626
R:A:VAL:551,50.90128,3.200847814501652,0.22633411951802584,-8.122905000000001,0.9132420522375215,0.06457596480018707,-54.88421,2.4835759533181183,0.17561533981830857,-2.47003,1.093833766666581,0.07734572739007631,0.15446466,0.06786020545536536,0.00479844114502012,-14.42140034,4.295190870038192,0.30371585906945525
R:A:GLU:552,98.28213500000001,3.4757857351647843,0.24577516632864882,-5.592515,0.8424880531942278,0.059572901548229126,-46.681695,10.219980552915695,0.722661755256133,-97.438325,9.611356074944627,0.6796255056991864,0.978577452,0.1363204829944748,0.009639313794001856,-50.451822548,14.47879912050664,1.0238057041548065
R:A:LYS:553,118.58543,3.4299889846907674,0.24253684704700026,-6.43115,0.9607564038298158,0.06793573682164637,-139.26744,13.454298884609335,0.9513625977417863,14.561840000000002,12.702849811928031,0.898227124240857,1.001060856,0.14123020521579674,0.009986483581645758,-11.550259144000002,18.843788766972136,1.3324570820372887
R:A:CYS:554,81.11325,2.333097892824046,0.16497493411879277,-7.43107,0.7736362808839824,0.054704346038500454,-73.597105,1.6375619939333597,0.11579311905236425,-2.988185,0.8792058921407431,0.06216924483918877,0.031973436,0.03245081136147298,0.0022946188768703003,-2.8711365640000004,3.081805349548868,0.21791654609629832
R:A:CYS:555,98.82785,2.3886194354689487,0.16890090004940767,-6.441330000000001,0.6110770745986139,0.043209674327631765,-76.989075,2.6474359802221854,0.18720199343723617,-6.6912400000000005,2.0194269440611117,0.14279504862564388,0.21363602399999998,0.04363620478220607,0.0030855456306742766,8.919841024,4.143407362152893,0.2929831442996576
R:A:LYS:556,117.10264,3.3461414510447702,0.23660793108431508,-4.637664999999999,0.8561944888721255,0.06054209290960299,-134.9734,11.123233383328788,0.7865313754072369,12.29615,10.893246291969167,0.7702688322186612,1.314008676,0.13563163307304615,0.009590604748935654,-8.898266324,15.947954829085926,1.1276907005703405
R:A:ALA:557,87.011845,2.2726814033152554,0.1607028431760776,-4.09298,0.8070151916785706,0.05706459145564787,-80.673485,2.2157685054569662,0.15667849357482025,-0.821705,1.0286205558781139,0.07273445703292904,0.263112552,0.09753354074046576,0.006896662805071774,1.6867875520000002,3.43417492127212,0.24283283746122938
R:A:ASP:558,90.092665,3.5651211582181888,0.252092134672772,-6.660609999999999,1.0902906712890832,0.07709519271329437,-24.515294999999995,6.0402797127264725,0.42711227451324196,-124.01374500000001,6.00600294039014,0.42468854069762113,0.46095757200000004,0.12338992773356833,0.00872498546305242,-64.63602742799999,9.29898370914215,0.6575374438877648
R:A:ASP:559,95.465775,4.275742496265999,0.30234065137171845,-3.4631600000000002,1.0419666282563949,0.07367816686101793,-40.63301500000001,17.13613799415653,1.2117079379016524,-111.031945,13.925509509959591,0.9846822205970183,0.9194146559999998,0.09217495956731883,0.006517753896564698,-58.742930343999994,22.51539928668146,1.5920791516735215
R:A:LYS:560,125.06393,3.328219475199915,0.2353406560190992,-4.135935000000001,0.8520558847722371,0.06024944940723524,-164.033295,15.15907993507439,1.071908821864003,27.223195,13.85171802510342,0.9794643746634559,1.348493688,0.09053029865426633,0.00640145880812751,-14.533611312,20.820159378972086,1.4722075882255858
R:A:GLU:561,106.070955,2.849301718487357,0.20147605667888932,-7.11102,1.4738449476115185,0.10421657568736366,-54.60247999999999,11.034984772513281,0.7802912562934432,-104.37089,11.021038513130238,0.7793051068352496,0.525455064,0.19021018354756275,0.01344989106372195,-59.487979935999995,15.923601915521505,1.1259686895380354
R:A:THR:562,31.536295,3.6316667919806465,0.25679762156195096,-3.666905,0.9244545180672762,0.06536880586239127,-47.024825,7.009547068418543,0.4956498265125036,-3.55372,4.069939426035725,0.2877881767168346,0.6883744679999999,0.1044798017363135,0.007387837630477329,-22.020780532,8.930436322425454,0.6314772082541691
R:A:CYS:563,77.70304,2.5346813840007587,0.179229039477424,-6.7788900000000005,0.8829877676955666,0.06243666382423071,-67.741145,3.8450020226230053,0.2718827003872718,1.1883949999999999,2.052164997989928,0.14510997861923555,0.067412016,0.03314865159866,0.0023439636332602772,4.438812015999999,5.118671476306407,0.36194473115624165
R:A:PHE:564,93.62262000000001,2.980857285345946,0.21077844002174417,-13.039185000000002,0.932170762669051,0.06591442675071217,-69.546425,1.857134788962556,0.13131926028528712,-3.1592149999999997,1.145582248804074,0.08100489765362955,0.142219044,0.07684940217412016,0.005434073340745257,8.020014044000002,3.8107304588673707,0.26945933487392415
R:A:ALA:565,90.713445,2.3079309233542937,0.16319536064139512,-3.297865,0.556476717190396,0.039348846029775765,-79.091475,2.0788171346645665,0.14699456927681032,-2.794215,1.5359806309895316,0.10861023199438899,0.6923173680000001,0.06839977595605834,0.004836594541016942,6.222207367999999,3.5102146930424127,0.24820966128709454
R:A:GLU:566,100.49597,2.9298097189237393,0.20716883198372288,-5.11672,0.9134091643945773,0.06458778141413436,-40.583835,7.879469655235369,0.5571626425370557,-111.88462500000001,7.430182683782075,0.5253932561157166,0.9550184759999999,0.07391282460285106,0.005226425949332787,-56.134191523999995,11.256874395607813,0.7959812220099503
R:A:GLU:567,96.171695,2.8441776407206008,0.20111372966526928,-6.289369999999999,1.2873701810668134,0.09103081849296973,-70.323455,14.530454460820385,1.0274582882968413,-75.628805,13.653402890743942,0.9654413770317052,0.315796284,0.09438311518577962,0.006673894077737577,-55.75413871600001,20.181801057944686,1.4270688384630525
R:A:GLY:568,85.07987999999999,1.6667422492995132,0.11785647469698049,-5.228395000000001,0.4715097337012249,0.03334077300955993,-77.30519,1.4211260197111306,0.10048878454583876,-1.045445,0.9074028030455934,0.06416306753012202,0.022994171999999997,0.018506088585004018,0.00130857807316953,1.523844171999999,2.4173689500704514,0.17093379772246206
R:A:LYS:569,138.282275,2.869926319502819,0.20293443620261933,-5.52539,0.7975106067633206,0.05639251581105421,-140.60760500000004,7.913255860830927,0.5595516880457739,4.63211,7.855121207715384,0.5554409473017811,1.1437222679999999,0.10344240805239684,0.007314482819611573,-2.074887732,11.541479458281492,0.8161058389876084
R:A:LYS:570,126.38120500000001,3.216471938782461,0.227438911940932,-6.426794999999999,1.0904546680055067,0.07710678903232192,-160.95031,11.978017076039757,0.8469737099635974,26.02884,10.75902209796039,0.7607777484403707,0.86269554,0.06849650382278792,0.0048434342340663615,-14.10436446,16.4550577168628,1.1635482896409715
R:A:LEU:571,74.13330500000001,3.2115199815624687,0.22708875568789175,-10.500539999999999,0.96182626726452,0.06801138759060867,-82.28538,2.1117578875429825,0.14932383225058216,-0.721315,0.6447888536373748,0.0455934570840488,0.041545044,0.021443671826803918,0.0015162965762271971,-19.332384956000002,4.014312423418413,0.28385475364005625
R:A:VAL:572,48.63381999999999,3.347520453649238,0.2367054412936044,-8.42866,0.9584976340085561,0.06777601767587116,-52.561005,1.9758590549366115,0.1397143336414521,-2.066755,0.6777800638665908,0.04792628793131176,0.151079904,0.05116157453699391,0.003617669629128939,-14.271520096,4.060866068791127,0.28714659347325633
R:A:ALA:573,78.65872499999999,2.1336878448767993,0.1508745144047695,-5.007745,0.48524370163351943,0.034311911195312336,-65.241745,1.7737359245318902,0.12542207002706898,-3.1758550000000003,1.0221053145224321,0.07227375989856208,0.4604676119999999,0.04312687323202386,0.003049530451373667,5.693847612,2.996795555338197,0.21190544590093444
R:A:ALA:574,98.72337999999999,1.9637279637465062,0.13885653595708053,-5.842065,0.573162307531645,0.04052869543761555,-83.80005000000001,1.5265124590058217,0.1079407311328768,-3.1825099999999997,0.979260016492045,0.06924413982063754,0.278288712,0.05821660125751293,0.004116535352682068,6.177043712,2.734469269609183,0.19335617634868787
R:A:SER:575,78.01946,4.434674287746509,0.3135788261219179,-7.749985000000001,0.9828514815448975,0.06949809474996418,-70.649395,4.360324987770407,0.3083215367029605,-2.70958,1.2627904076290728,0.08929276604518419,0.007497576000000001,0.017780567485730706,0.0012572759842505224,-3.0820024240000006,6.421816163230626,0.4540909756553752
R:A:GLN:576,21.201890000000002,2.7668094346918806,0.19564297135215467,-6.91071,0.9507948495337992,0.06723134856225925,-63.102624999999996,3.6802729062360307,0.260234592861662,-11.46644,2.8129133912013717,0.19890301338089378,0.7490113199999999,0.15260674514176364,0.010790926434454829,-59.52887368,5.480823343553208,0.3875527352712
R:A:ALA:577,93.58578000000001,2.102088540380733,0.14864010615577478,-3.3123949999999995,0.4369690137469704,0.030898375278888047,-74.23085,1.681857499165729,0.11892528426495351,-5.240505,1.0638779864133856,0.07522753385479947,0.6655153680000001,0.038545801194908066,0.0027255997411188017,11.467545368000001,2.927744002955135,0.20702276380678233
R:A:ALA:578,129.999635,2.7767727187825435,0.19634748192649426,-4.2400400000000005,1.0113687202993773,0.07151456804036503,-116.02918999999999,11.254413997801041,0.7958072456125919,-66.17596499999999,10.544522828168898,0.7456103596174579,0.308310444,0.10653874205515881,0.007533426696628721,-56.13724955600001,15.70329519659516,1.1103906520486577

Ligand:
Total Energy Decomposition:
Residue,Internal,,,van der Waals,,,Electrostatic,,,Polar Solvation,,,Non-Polar Solv.,,,TOTAL,,
,Avg.,Std. Dev.,Std. Err. of Mean,Avg.,Std. Dev.,Std. Err. of Mean,Avg.,Std. Dev.,Std. Err. of Mean,Avg.,Std. Dev.,Std. Err. of Mean,Avg.,Std. Dev.,Std. Err. of Mean,Avg.,Std. Dev.,Std. Err. of Mean
L:B:UNL:579,618.46077,8.50951693970345,0.6017137132686107,-14.942965,2.8222581780862996,0.19956378959840132,-337.20618499999995,4.639959733745003,0.32809469921636186,-29.409000000000002,1.3329885408359667,0.09425652364690731,6.436463652,0.0621530958643292,0.004394887555740474,243.33908365199997,10.182679782796642,0.7200241925066666

DELTAS:
Total Energy Decomposition:
Residue,Internal,,,van der Waals,,,Electrostatic,,,Polar Solvation,,,Non-Polar Solv.,,,TOTAL,,
,Avg.,Std. Dev.,Std. Err. of Mean,Avg.,Std. Dev.,Std. Err. of Mean,Avg.,Std. Dev.,Std. Err. of Mean,Avg.,Std. Dev.,Std. Err. of Mean,Avg.,Std. Dev.,Std. Err. of Mean,Avg.,Std. Dev.,Std. Err. of Mean
R:A:SER:1,0.0,4.96046915901611,0.3507581380207022,-5.499999999999283e-05,1.553641885820217,0.10985907129989311,0.01690000000000012,14.616256865659894,1.0335254345272544,-0.016814999999999962,13.743953192909053,0.9718442503016493,0.0,0.1846622202175359,0.01305759081447832,3.000000000056957e-05,20.72644136494072,1.4655807239014944
R:A:GLU:2,0.0,3.766957114064348,0.2663640919793807,-8.999999999999009e-05,1.6402486897266524,0.11598309713380653,-0.022750000000000044,13.137994685778724,0.928996513350696,0.022820000000000108,12.21795108393179,0.8639396063653697,0.0,0.17203061489264185,0.012164401436227852,-2.000000000066393e-05,18.406390445948666,1.3015283501497583
R:A:VAL:3,0.0,4.553531840319117,0.3219833242638507,-0.00010500000000003062,1.048086615778963,0.07411091532881643,0.001580000000000261,2.7515594504480547,0.19456463462497495,-0.0013999999999999928,1.2828901955935277,0.09071403568219197,0.0,0.010027055613728289,0.0007090199019801911,7.500000000035367e-05,5.572263900796451,0.39401855908141736
R:A:ALA:4,0.0,3.351007459973791,0.2369520098754176,-4.499999999999283e-05,1.0370896554661995,0.07333331280785699,0.0016300000000001092,2.0505062783371333,0.1449926894277777,-0.0016350000000000026,1.1445191529087664,0.08092972542196718,0.0,0.04550391153378742,0.0032176124416053837,-4.999999999984239e-05,4.221537237205764,0.29850776074597185
R:A:HIS:5,0.0,4.175570485574397,0.2952574205672061,-0.00014999999999998348,1.2560759021452486,0.08881797880919155,0.0006050000000001177,6.789573699502422,0.4800953604283997,-0.000124999999999974,4.4897562782043074,0.3174737110193141,0.0,0.1119038182179387,0.007912794870257117,0.000330000000000199,9.23481783659709,0.6530002315280284
R:A:ARG:6,0.0,6.236578965550745,0.44099272779463156,-0.00034000000000007803,2.6284722768939375,0.18586105711525477,0.011594999999999871,17.0269219090056,1.2039851944591655,-0.010060000000000428,12.754506452534729,0.9018798003274883,0.0,0.10514543023703486,0.007434904673138441,0.0011949999999971794,22.32506089148638,1.578620194677261
R:A:PHE:7,0.0,4.491149754121989,0.3175722446463954,-0.00018499999999999517,1.313400338958004,0.09287142860899146,0.002115000000000862,2.72205197732795,0.1924781411910844,-0.0023900000000000136,1.3583811569290851,0.09605205275005839,0.0,0.053499269845381926,0.0037829696496198537,-0.00045999999999916106,5.581493981988514,0.39467122438159835
R:A:LYS:8,0.0,4.71814972292635,0.33362356637346524,-0.00014500000000001735,1.270927316165248,0.08986813236556661,-0.00018499999999932015,21.15132694968273,1.4956246717214432,0.00020999999999995466,20.954325642441944,1.4816945756961857,0.0,0.17665169902841613,0.01249116142911181,-0.00011999999999927624,30.17233490692375,2.1335062616917364
R:A:ASP:9,0.0,6.178741972780544,0.43690303481550685,-0.00021500000000000075,1.5303373032684657,0.10821118846438661,0.006349999999999991,14.996632321234657,1.060422040930638,-0.005980000000000913,14.286893537770903,1.010235930264807,0.0,0.15921978307550355,0.011258538831173965,0.0001549999999999585,21.669297254530374,1.5322507032225463
R:A:LEU:10,0.0,5.327913468967003,0.376740374348171,-0.0005249999999999488,1.310054290506695,0.09263482725398153,0.002720000000000127,4.2034205879914035,0.29722672019478663,-0.0020499999999999984,1.496822966469315,0.10584136698262167,0.0,0.09231391330928373,0.006527579409886161,0.00014500000000015057,7.07252781316309,0.5001032376818084
R:A:GLY:11,0.0,2.8428394805106385,0.20101910744939144,-0.00012499999999999512,0.8651746162336248,0.061177083804926494,0.0007349999999992462,2.3796235958392664,0.16826479812894615,-0.0013049999999999878,1.1179229467521452,0.07904908964924895,0.0,0.038957611322370994,0.002754719114487835,-0.0006950000000005563,3.9678887707135817,0.2805721056765528
R:A:GLU:12,0.0,3.84614013389398,0.2719631770070169,-0.00017999999999997795,1.4885257417156077,0.10525466459378416,0.015825000000000148,17.999806736306226,1.272778540328943,-0.01569500000000019,16.6981943612019,1.1807406466376833,0.0,0.12771822957941129,0.009031042621674201,-5.000000000002558e-05,24.896737782856547,1.7604652115681194
R:A:GLU:13,0.0,4.172404866644656,0.29503357750601883,-0.00042999999999996595,1.1733922273050899,0.08297136009190158,0.03563499999999995,21.26885661649622,1.5039352741608845,-0.03289999999999971,20.126529694752396,1.4231605628911832,0.0,0.2139881306856736,0.015131245830127293,0.002305000000000561,29.601909768411886,2.0931711133316346
R:A:ASN:14,0.0,5.820554656452424,0.41157536678444445,-0.0006749999999999278,1.0141608142079834,0.07171199889401354,0.003405000000000342,4.697489815941595,0.3321626903407049,0.0014949999999999963,2.9088596124039743,0.20568743574505224,0.0,0.12202423113412529,0.008628416130401462,0.004224999999999852,8.090126290383783,0.572058316058594
R:A:PHE:15,0.0,4.660074778176848,0.3295170476485245,-0.00039999999999994706,1.3081920323675729,0.09250314571813222,-0.0002949999999995612,2.0411858221080705,0.14433363364744545,-0.00025500000000000024,0.8802690201722425,0.06224441934322304,0.0,0.007618230123484587,0.0005386902180955581,-0.0009499999999996189,5.326258957038253,0.3766233826877337
R:A:LYS:16,0.0,4.795290824527747,0.33907826597852003,-0.00031000000000001025,1.550303617843937,0.10962302010754858,-0.016474999999999653,21.02650143864107,1.4867981751891797,0.017604999999999524,19.15020195898662,1.3541237666291346,0.0,0.12670148843256407,0.008959148165709497,0.0008199999999995278,28.88353002120103,2.042373994259647
R:A:ALA:17,0.0,3.111023586506538,0.21998258744500668,-0.0005549999999999811,0.8122045314912987,0.057431533192794,-0.002900000000000631,1.9164968433446479,0.1355167914051613,0.005545,0.8845675284425718,0.06254836977791668,0.0,0.04599097985954202,0.0032520533732096095,0.002089999999999343,3.8465151747950306,0.27198969640345244
R:A:LEU:18,0.0,4.724700993713782,0.33408681117338346,-0.0012299999999999711,1.4121948302376695,0.09985725408176413,-0.0029399999999991876,2.578136029460044,0.18230174692525578,0.00425,0.815469245465456,0.057662383331770116,0.0,0.03056416280941796,0.002161212678382912,8.000000000156771e-05,5.624037994474987,0.39767954035440545
R:A:VAL:19,0.0,4.206773189601503,0.29746378492809844,-0.0003799999999999981,1.3199583798741534,0.09333515212930228,-0.0028100000000001657,2.3546273643933553,0.16649729765299492,0.004214999999999997,0.737882762554459,0.0521761905122921,0.0,0.022165654768185127,0.0015673484796023633,0.0010250000000001113,5.052569950631689,0.3572706474511047
R:A:LEU:20,0.0,4.20943605552454,0.29765207798325544,-0.0006249999999999733,1.3217366219012772,0.09346089282889929,-0.005205000000000411,1.9033562218814961,0.13458760915060128,0.008754999999999992,0.9202504009099914,0.0650715298873094,0.0,0.019088097731706218,0.0013497323346041022,0.002924999999999587,4.892476843731609,0.3459503553000778
R:A:ILE:21,0.0,4.054547028454597,0.28669976984600115,-0.0020100000000000495,1.573546023699339,0.11126650638669304,-0.0074099999999997475,2.0326087636212735,0.14372714402558068,0.011160000000000002,0.747673489398949,0.052868499446740505,0.0,0.00165827440117732,0.00011725770741405444,0.0017400000000002086,4.8585919233069985,0.3435543295988569
R:A:ALA:22,0.0,3.155323833071655,0.2231150879204497,-0.00042000000000002035,0.9445633970253136,0.06679071832972004,-0.004654999999999916,2.392377739336955,0.16916665226449035,0.004824999999999997,1.298811449816716,0.09183983836481312,0.0,0.0327268067978061,0.0023141347013310694,-0.00024999999999941345,4.27313959241717,0.3021565982754901
R:A:PHE:23,0.0,4.37135694103673,0.3091016135993955,-0.00039499999999998537,1.522036920338991,0.10762426275879895,-0.004414999999999551,2.119894876114144,0.1498992042302927,0.004914999999999994,1.0266669064867144,0.07259631315965707,0.0,0.005862856984849622,0.0004145665931114083,0.00010500000000064458,5.1935913863690715,0.3672423688013613
R:A:ALA:24,0.0,2.973350134074357,0.2102476042645908,-0.00046000000000001595,0.961945897231232,0.06801984670667818,-0.006069999999999496,1.5425603260002507,0.10907548669041087,0.012309999999999998,0.9068555679654838,0.06412437216651716,0.0,0.0006272225750784166,4.435133361512368e-05,0.005780000000000523,3.601115202670994,0.2546372979642628
R:A:GLN:25,0.0,4.43010465943526,0.3132557046052793,-0.002169999999999979,1.164820780957311,0.08236526730819246,-0.006990000000000194,2.3564606083594954,0.16662692757699762,0.032180000000000014,1.4665891457903266,0.10370351302029261,0.0,0.021336595028400195,0.0015087251032012954,0.023020000000000387,5.356013472433337,0.378727344648412
R:A:TYR:26,0.0,4.975366581062144,0.3518115448357971,-0.0005999999999999606,1.24874334945176,0.0882994890358942,-0.006209999999999951,4.782949764935861,0.33820562128607506,0.005145000000000008,2.7029068200504067,0.191124374137301,0.0,0.04860929395824762,0.0034371961386567163,-0.0016649999999997838,7.516535715606235,0.5314993375536047
R:A:LEU:27,0.0,5.242685280731622,0.37071383136322283,-0.0003000000000000069,1.4295175073254613,0.10108215232547238,0.0013749999999998863,3.1979767547114846,0.2261311049333439,-0.0001850000000000024,0.9115714879124949,0.0644578380639236,0.0,0.00893924546896437,0.0006321001089795824,0.0008899999999996222,6.370821537910912,0.4504851111186115
R:A:GLN:28,0.0,3.65659002282181,0.2585599601156374,-0.0007349999999999835,1.53074412962291,0.10823995543178591,0.0019599999999999084,3.1886044436320415,0.22546838246137751,0.007245000000000008,1.4286081509199784,0.10101785111738913,0.0,0.03211793316297922,0.0022710808337238907,0.008469999999999374,5.284219837765143,0.37365076805642106
R:A:GLN:29,0.0,4.157044588159959,0.29394744179827453,-0.0002499999999999858,1.5569244393836201,0.11009118288832216,0.005204999999999594,4.292117451430587,0.30349853555556905,-0.005300000000000018,3.837072900864668,0.2713220268108544,0.0,0.1589675567890189,0.011240703739417284,-0.000345000000000546,7.2715682466326665,0.5141775217054732
R:A:CYS:30,0.0,4.4154965060568205,0.3122227521738285,-0.00014999999999997014,1.3852864081842424,0.09795454131126334,-0.00042999999999977946,4.61098910349504,0.3260461663058622,0.000800000000000008,1.356750609434173,0.09593675563098847,0.0,0.04435091141618625,0.003136083021418916,0.00022000000000026,6.672300020217423,0.4718028590406878
R:A:PRO:31,0.0,3.2684508690203677,0.23111437734593662,-8.000000000000673e-05,1.1120261484110883,0.07863212303982386,1.5000000000142676e-05,2.872625089578346,0.20312526806474618,3.0000000000008908e-05,1.844530246526199,0.13042798454223695,0.0,0.08747785000640945,0.006185618094315179,-3.500000000005166e-05,4.856057284239627,0.34337510355161704
R:A:PHE:32,0.0,4.215870388780946,0.2981070540510573,-0.00034000000000000696,1.6320653131538576,0.11540444502704389,0.00023499999999941677,2.273089687578341,0.16073171323318555,-0.0008949999999999969,1.6341830414231446,0.11555419102903622,0.0,0.14173860448383582,0.01002243283864383,-0.0010000000000005603,5.319283889213945,0.3761301709119532
R:A:GLU:33,0.0,4.150577143910231,0.29349012442968164,-0.00011000000000000343,1.8025150234880152,0.12745705962990045,-0.010940000000000305,28.58393551561786,2.0211894636092382,0.01041999999999959,27.82384209056237,1.9674427420900336,0.0,0.15204097824054674,0.010750920673212691,-0.0006300000000008765,40.146071112103414,2.8387559121365684
R:A:ASP:34,0.0,12.114158694478128,0.8566003761235458,-0.00011000000000001231,2.1936807827826725,0.15511665572642414,-0.02200499999999992,21.27303178515406,1.5042305031679402,0.022180000000000744,12.950335286586212,0.9157269899784541,0.0,0.1918215397412427,0.013563831152867752,6.500000000116302e-05,27.782277392647885,1.9645036741147033
R:A:HIS:35,0.0,4.305554746115766,0.30444869577483824,-0.0001750000000000007,1.6457393531707867,0.11637134566926256,0.002375000000000327,2.9819277793191103,0.21085413537650857,-0.0021749999999999907,1.8824978864994775,0.1331127021113124,0.0,0.023244676950912615,0.001643646869848095,2.5000000000385825e-05,5.803661911167082,0.4103808693100322
R:A:VAL:36,0.0,5.044094328301166,0.3566713304486358,-0.00012500000000000176,1.392321336680222,0.09845198587573031,0.00032499999999966887,4.235072141283428,0.29946482299157445,-0.00030999999999999637,1.1266571350237835,0.0796666900247525,0.0,0.13339227827914407,0.009432258452910578,-0.00011000000000057852,6.826743889956213,0.4827236898011868
R:A:LYS:37,0.0,4.8140747786256926,0.3404064921105355,-5.000000000000338e-05,1.4316939625143357,0.10123605094777255,0.015414999999999566,16.488318924198275,1.165900212166708,-0.015339999999999599,15.2111689913103,1.075592074353005,0.0,0.14755926473506636,0.01043401567210664,2.499999999987068e-05,22.98893560696937,1.625563225994892
R:A:LEU:38,0.0,5.997240908747122,0.42406897149844625,-0.00011999999999999567,1.5931455821738327,0.11265240445725072,0.0010649999999997562,4.8289187015702595,0.34145611596788683,-0.0005649999999999949,1.0444121060553635,0.07385108825450712,0.0,0.08811602900458354,0.006230744164037153,0.00038000000000010026,7.932340655302666,0.5609011868046258
R:A:VAL:39,0.0,4.143368907006712,0.29298042511019395,-0.00016499999999998848,1.4910885280810795,0.1054358809555599,0.00014499999999973312,2.8435322548504707,0.20106809399274417,0.0004300000000000015,0.8927694866817526,0.06312833580691003,0.0,0.02597459483014524,0.0018366812142968738,0.00040999999999982164,5.317352594894059,0.37599360778094737
R:A:ASN:40,0.0,10.375826640395934,0.7336817377839998,-9.000000000000341e-05,1.1915633926694795,0.08425625551702379,0.0014449999999995812,8.619692671086076,0.609504313946895,-0.0015600000000000297,5.016198859609735,0.35469882294102695,0.0,0.14329214550777875,0.010132284777931983,-0.00020500000000062357,14.441588803604304,1.0211745374136323
R:A:GLU:41,0.0,3.7315021138343196,0.2638570448704184,-3.500000000000281e-05,1.3465588078041748,0.0952160864264805,-0.012970000000000202,14.493728942703116,1.0248614020065103,0.012950000000000088,13.53792985579036,0.9572762004257183,0.0,0.15384338573482575,0.010878370129379306,-5.500000000047578e-05,20.226337282874756,1.4302180251287027
R:A:VAL:42,0.0,4.3632315876881895,0.3085270643541665,-0.00010000000000000231,1.367624105593346,0.09670562791792418,0.00031000000000009465,2.8697111283455,0.2029192198899602,0.00015999999999999847,0.7629500019005178,0.05394871200501454,0.0,0.030863296365335444,0.002182364614969882,0.00037000000000016355,5.452198894997553,0.38552868110305705
R:A:THR:43,0.0,4.215880616662432,0.2981077772714929,-0.000129999999999999,1.403764325483448,0.0992611273737106,0.0007449999999994361,2.856658244430895,0.20199624161695437,-0.0007250000000000023,1.3691205140801157,0.09681143997676618,0.0,0.028768519478735776,0.0020342415208111347,-0.00011000000000064958,5.457107163205888,0.38587574807645664
R:A:GLU:44,0.0,4.0695856039589575,0.28776315771785305,-5.999999999999561e-05,1.5871010763023254,0.11222499334818424,0.002725000000000156,19.206800774560946,1.3581259072591079,-0.002820000000000036,19.000844253941718,1.3435625820231636,0.0,0.16053278873091129,0.011351382351441475,-0.0001549999999997098,27.368585384466485,1.9352512316839285
R:A:PHE:45,0.0,4.476087621299431,0.3165071910205991,-4.500000000001059e-05,1.4371087378744167,0.10161893338534406,0.0005999999999997385,2.4624874706686333,0.17412415890967,-0.0005099999999999937,1.0577467088816679,0.07479398706279802,0.0,0.1691240712039921,0.011958877761021931,4.499999999978854e-05,5.414048163143325,0.38283101698292166
R:A:ALA:46,0.0,2.7017472701846117,0.19104238157997822,-4.999999999997229e-05,1.0129551305709448,0.07162674418644197,-0.00019999999999988915,1.930950302817243,0.13653880532562898,0.00027499999999999243,0.9288138184668658,0.06567705494976918,0.0,0.0004781081892291744,3.380735427447703e-05,2.5000000000265922e-05,3.593992323087578,0.25413363431876196
R:A:LYS:47,0.0,4.531307501174468,0.3204118261721936,-4.000000000001114e-05,1.6909347274214934,0.11956714123035643,-0.008794999999999078,23.928040996729653,1.6919680049297252,0.00874500000000026,21.263802642986388,1.5035779042668107,0.0,0.1567609750532198,0.011084674848554691,-8.999999999900865e-05,32.37463560732305,2.2892324376381588
R:A:THR:48,0.0,4.871911935775316,0.34449619671304055,-2.5000000000003908e-05,1.1856573084896833,0.08383863229964453,0.00047999999999973395,5.538305741176628,0.39161735458703817,-0.0004649999999999943,1.6889456185369025,0.11942648999227516,0.0,0.10600512214973327,0.0074956940712584685,-1.0000000000118802e-05,7.660151045127763,0.541654474892306
R:A:CYS:49,0.0,3.0135688409591714,0.21309149630147145,-3.500000000000281e-05,0.8246339059091616,0.058310422686471755,-0.00046500000000001765,2.1625743826224793,0.15291710107726664,0.0004649999999999832,1.4696115095748945,0.10391722641302067,0.0,0.04039772397274718,0.002856550456563188,-3.50000000000672e-05,4.07427737930632,0.28809491633424544
R:A:VAL:50,0.0,4.874538828602148,0.34468194608617087,-7.500000000000284e-05,1.249175065663336,0.08833001598196956,-0.00021999999999994913,3.7020458443069013,0.26177417207728876,0.000219999999999993,1.94146516852608,0.13728231861022744,0.0,0.109984216142039,0.0077770585057522715,-7.50000000000961e-05,6.542789473762348,0.46264508047733194
R:A:ALA:51,0.0,3.1181840797169116,0.22048891077557622,-2.4999999999997247e-05,0.7124168703610267,0.05037548000639795,0.00010500000000007503,2.0620478405398357,0.14580880111767944,-0.00012499999999999957,1.3853530723519547,0.0979592551797685,0.0,0.07141071942815867,0.005049500395706093,-4.49999999999573e-05,4.050549799073486,0.2864171230458669
R:A:ASP:52,0.0,4.687963372718478,0.3314890690803394,-9.999999999998898e-06,1.921292416447845,0.13585588963125594,-0.008289999999999971,10.040392598733378,0.7099629692339594,0.008300000000000196,8.194461586373446,0.5794359355897337,0.0,0.12754646040529902,0.009018896706892841,7.105427357601002e-16,13.915578229461467,0.9839799730184093
R:A:GLU:53,0.0,4.392547192119852,0.3105999906229876,-1.4999999999998349e-05,1.1028593777426932,0.07798393446970345,-0.003704999999999982,4.984301810472054,0.3524433609665175,0.0037250000000007334,4.8681913427550265,0.3442331110575723,0.0,0.10853747523643854,0.007674758475255267,5.000000001231797e-06,8.310541589641176,0.5876440313368105
R:A:SER:54,0.0,7.725831930141892,0.5462988148110884,-4.999999999999449e-06,1.436509578796814,0.10157656644066583,-0.0006099999999997863,8.639292905874877,0.6108902598400958,0.0006550000000000161,3.0227660103578975,0.2137418343864275,0.0,0.11864533753807484,0.008389492272933955,4.000000000025761e-05,12.064021376214876,0.8530551323501004
R:A:ALA:55,0.0,3.066423274101278,0.2168288691105269,-5.00000000000167e-06,0.876688706939356,0.061991252966648445,-0.0008750000000001278,5.269136023161198,0.37258418129716003,0.000900000000000023,4.735666434932892,0.33486218495785697,0.0,0.14855250179738297,0.010504248138315629,1.9999999999820163e-05,7.770709983273102,0.5494721723806414
R:A:GLU:56,0.0,4.495696049690193,0.3178937162889509,-3.499999999999615e-05,1.1736952379450978,0.0829927861797337,-0.0149800000000001,9.13543734264266,0.6459729694087438,0.014989999999999669,7.986677252643931,0.5647433644492869,0.0,0.15275993912758318,0.010801758885075827,-2.5000000001043078e-05,12.994437581558783,0.9188454931625536
R:A:ASN:57,0.0,8.934429061711217,0.6317595375566164,-1.4999999999998349e-05,1.2623434185177185,0.08926115914200868,-0.001074999999999804,9.100707521499357,0.6435172002047613,0.001030000000000011,4.447254765329956,0.31446840022289996,0.0,0.11757972443354121,0.008314142047700259,-6.000000000007333e-05,13.565850909406599,0.9592505170607099
R:A:CYS:58,0.0,3.640066025163555,0.25739153703599116,-9.999999999994458e-06,1.0549701348853435,0.0745976536326713,0.00018000000000000681,3.2111071723861855,0.22705956567110316,-0.000149999999999999,2.726294103265457,0.1927781047927902,0.0,0.05430500793346146,0.0038399439362139863,2.0000000000127694e-05,5.666558082027102,0.40068616457888
R:A:ASP:59,0.0,5.77314842869989,0.4082232402730153,-2.9999999999994475e-05,1.6726633788960648,0.11827516178598109,-0.022435000000000024,9.712273415574492,0.6867614392890554,0.02243000000000066,9.72695902513987,0.6877998687000091,0.0,0.15748411084822758,0.011135808270991565,-3.499999999952763e-05,15.003127459956296,1.06088131659412
R:A:LYS:60,0.0,4.582120053812429,0.3240048162261636,-6.999999999998563e-05,1.4646592488869212,0.10356704870155373,0.029294999999998197,20.981719960393498,1.4836316464951382,-0.02922000000000029,18.163765872769886,1.2843722020520374,0.0,0.1551835947206972,0.01097313721559099,4.999999997714611e-06,28.16593857886056,1.991632616759609
R:A:SER:61,0.0,6.327452283170533,0.44741844170641865,-3.499999999998504e-05,1.0910494924039882,0.07714884946890006,0.000739999999999732,8.932924154774293,0.631653124566601,-0.0005300000000000458,4.650318574409714,0.3288271798642867,0.0,0.12629137498749546,0.008930148765903118,0.00017499999999966875,11.944270078180637,0.8445874368605102
R:A:LEU:62,0.0,6.192120628330813,0.4378490486217823,-0.00012000000000001787,1.5102910684864688,0.10679370560922585,-0.00032499999999998866,5.821900650292394,0.4116705429216122,0.0007649999999999998,2.0791854264050142,0.1470206114355229,0.0,0.07143904254275843,0.005051503142345874,0.0003200000000000569,8.879525873795256,0.6278772959082028
R:A:HIS:63,0.0,4.416146405357276,0.31226870699407255,-0.0001049999999999951,1.2392447277979437,0.08762783505756032,0.0019650000000002877,4.389235050367548,0.310365786833657,-0.0020199999999999827,2.893223919436586,0.20458182529247312,0.0,0.12351705848904777,0.00873397496498211,-0.0001599999999995716,6.977783459526226,0.4934038001882321
R:A:THR:64,0.0,5.936267101129295,0.4197574722143133,-4.500000000001947e-05,1.2537127300043658,0.08865087730459861,-0.00027499999999985647,4.695831270880056,0.3320454134947131,0.0002800000000000185,2.067895548510611,0.14622229651373284,0.0,0.04368405764278259,0.0030889293388955594,-3.999999999991566e-05,7.946067853117174,0.5618718462707585
R:A:LEU:65,0.0,4.492968883216308,0.3177008764982401,-7.499999999999841e-05,1.615982741051092,0.11426723544776518,-0.0006949999999996237,2.498047272005676,0.17663861657597693,0.0009950000000000015,1.0453718584671197,0.07391895299836841,0.0,0.05484136107560249,0.0038778698306058492,0.00022500000000021168,5.48946442519301,0.388163752013629
R:A:PHE:66,0.0,4.599170381710163,0.32521045647395785,-0.0002399999999999647,1.5594603808369099,0.11027050102815349,-6.499999999974193e-05,1.953215288537083,0.13811317756418104,-0.00041999999999999975,1.0112445124696596,0.07150578522049805,0.0,0.07883332052467845,0.005574357552645277,-0.0007249999999994261,5.331806916909121,0.37701568269237784
R:A:GLY:67,0.0,2.3463188604705882,0.16590979770646458,-5.999999999998451e-05,1.0988213239649112,0.07769840094879689,-0.000379999999999967,2.1190805300412734,0.14984162126725678,0.0002650000000000008,0.8432809459337973,0.059628967531519445,0.0,0.009870733305948043,0.0006979662455919769,-0.00017500000000011617,3.4517159464462024,0.24407317524618516
R:A:ASP:68,0.0,4.200871086786644,0.29704644323573376,-2.000000000000668e-05,1.074741372866049,0.0759956912775323,-0.03055999999999991,13.48971556473301,0.9538669352100428,0.03053500000000028,12.799003728446017,0.9050262328816083,0.0,0.08904760038757357,0.006296616208244311,-4.500000000032145e-05,19.094429523807715,1.3501800599173055
R:A:LYS:69,0.0,4.817109402821363,0.34062107244524664,-7.499999999998064e-05,1.77430928309441,0.1254626125998299,0.02113500000000073,16.186677711926404,1.1445709574984309,-0.020934999999999954,14.795765508157224,1.0462186123663997,0.0,0.14594594430665303,0.010319936690590855,0.0001250000000007745,22.52325973236633,1.5926349691182136
R:A:LEU:70,0.0,4.951766120062618,0.3501427402346077,-0.00015500000000000735,1.492331651435096,0.10552378305090755,0.0005199999999997829,2.9274613220929155,0.20700277525132363,-0.0002349999999999991,0.764362105206034,0.05404856278732119,0.0,0.010476916115530943,0.0007408298431214552,0.000129999999999848,5.9917802406022265,0.42368284395093975
R:A:CYS:71,0.0,3.142127771908711,0.2221819854871227,-4.500000000000615e-05,0.8326885353329898,0.058879970995025115,-0.0007300000000001461,2.452472542455878,0.17341599654443646,0.0005049999999999979,1.2904692952081425,0.09124995895547022,0.0,0.04823139632619399,0.0034104747408347704,-0.00027000000000008213,4.271837540548748,0.3020645293049283
R:A:THR:72,0.0,5.169178034155914,0.3655160841112194,-2.5000000000003908e-05,1.0479518286519662,0.07410138443966482,0.00015000000000004121,4.1149099549747135,0.2909680733134651,-6.999999999999895e-05,1.408523502501822,0.09959765200796653,0.0,0.08711496492542696,0.0061599582441597646,5.500000000001393e-05,6.836857172395732,0.4834388068604906
R:A:VAL:73,0.0,4.467143776905998,0.3158747657185517,-8.000000000000895e-05,1.1805524604184263,0.08347766503083325,-0.0002149999999998542,3.020767697601886,0.21360053233635676,0.00043500000000000054,0.8202377093714968,0.05799956464815059,0.0,0.09872396917917448,0.006980838807224598,0.00014000000000014112,5.581814350208226,0.39469387783566184
R:A:ALA:74,0.0,2.7160507519558617,0.19205379047548113,-3.500000000000725e-05,0.8012691598801241,0.05665828565068837,-0.0014399999999996993,1.6828891298002968,0.11899823156669179,0.0014350000000000124,0.6699074662033556,0.047369611211989064,0.0,0.0005560454954336021,3.931835404693335e-05,-3.999999999962089e-05,3.3615258588082577,0.2376957729897252
R:A:THR:75,0.0,5.247997877243283,0.3710894886651332,-4.499999999999283e-05,0.8965085049094627,0.06339272432128942,-0.0005149999999996879,4.62503615491544,0.3270394428373663,0.0004900000000000143,1.543610407032811,0.10914973863230273,0.0,0.06972313631693607,0.004930170249529953,-6.999999999960593e-05,7.2196788749665215,0.5105083890478092
R:A:LEU:76,0.0,6.59115981553702,0.46606538014505006,-4.000000000000004e-05,1.4248826768369387,0.10075442031866393,-0.0017499999999999716,4.668855809141037,0.3301379603025832,0.0017150000000000082,1.105482288087421,0.0781694022388236,0.0,0.08695720207657097,0.006148802726135226,-7.499999999996176e-05,8.276566049245183,0.5852415978359622
R:A:ARG:77,0.0,5.243100630156741,0.37074320100272923,-6.49999999999995e-05,1.6383291496445396,0.11584736515292439,0.05512,12.198261264172038,0.8625473258581235,-0.055145000000000305,9.716451878457228,0.6870569012329873,0.0,0.10311123732129203,0.007291065512642101,-8.999999999758756e-05,16.534566021615504,1.1691703757860998
R:A:GLU:78,0.0,4.164579236153395,0.2944802218672758,-3.500000000000725e-05,1.0745659129969647,0.07598328439120673,-0.045550000000000014,6.424372373310097,0.4542717270035083,0.045474999999999426,6.960506106553963,0.492182106843468,0.0,0.1121920961435589,0.00793317919786436,-0.00011000000000109367,10.403470807011336,0.7356364755514
R:A:THR:79,0.0,4.781739995357338,0.33812007765881036,-9.499999999999842e-05,1.0807447494552078,0.07642019410715338,-0.002000000000000135,3.631952526885504,0.25681782607083564,0.0020749999999999645,2.1206764691661477,0.14995447120501273,0.0,0.12654727380391112,0.00894824354474163,-2.0000000000051088e-05,6.4604495705490335,0.456822770084894
R:A:TYR:80,0.0,4.551972508567028,0.3218730628582485,-0.0001249999999999929,1.4044476037485343,0.09930944244317857,-0.002979999999999308,2.4718959016410866,0.17478943544376474,0.00270999999999999,1.384091228189096,0.09787002932333269,0.0,0.0651805693405227,0.004608962258228357,-0.0003949999999991416,5.5428470277957835,0.3919384720434098
R:A:GLY:81,0.0,2.550357884680109,0.1803375354709884,-2.000000000000002e-05,0.8517684578275954,0.060229125253070045,0.0019499999999995055,2.7615295947536036,0.19526963028976116,-0.001969999999999993,1.8549865283473084,0.13116735532040735,0.0,0.05277535469129082,0.0037317811181737013,-4.0000000000464665e-05,4.2778079441242784,0.30248670059039606
R:A:GLU:82,0.0,4.012105681160455,0.283698713398563,-7.500000000000284e-05,1.4121216734669149,0.0998520811168951,-0.07990499999999998,9.127160248821918,0.6453876904918274,0.0798700000000001,8.58405696110819,0.6069844887291189,0.0,0.11368285848155299,0.008038592013697674,-0.00010999999999938836,13.232350189176994,0.9356684549802148
R:A:MET:83,0.0,3.8184691461304228,0.27000654269804275,-0.000135000000000014,1.564999223250606,0.11066215633121831,0.00111500000000035,2.26006469594899,0.15981070724258434,-0.0011049999999999996,1.3452894234606172,0.09512632739875433,0.0,0.07193292108338735,0.005086425628861997,-0.00012499999999949804,4.894159743675169,0.3460693542962927
R:A:ALA:84,0.0,2.951741316909393,0.20871963014951417,-3.500000000000725e-05,0.730764965139271,0.05167288623035295,0.0011799999999993816,2.2367283123683124,0.15816057573475759,-0.0012249999999999926,1.1861901591545092,0.08387631053149035,0.0,0.03609112959441596,0.0025520282476894016,-8.000000000057129e-05,3.9570313927091094,0.27980437311526596
R:A:ASP:85,0.0,4.512686961395616,0.3190951551774956,-4.0000000000004476e-05,1.3879745837550483,0.09814462402877704,-0.061394999999999984,10.308623670790151,0.7289297702315876,0.06127499999999898,9.039620320255436,0.6391976827804329,0.0,0.07578437732553885,0.005358764711488855,-0.00016000000000087055,14.501000580956358,1.0253755844784305
R:A:CYS:86,0.0,3.5712795380297524,0.25252759788535983,-6.49999999999995e-05,1.0055441160262437,0.07110270632243894,-0.0002550000000005781,1.865967025425423,0.13194379371488074,0.0004300000000000015,0.7359588957951388,0.05204015258913063,0.0,0.004744688939246492,0.00033550017235620014,0.00010999999999946719,4.217659001907709,0.2982335280981427
R:A:CYS:87,0.0,3.1156603943305505,0.2203104592705485,-4.000000000001336e-05,0.8876882441206486,0.06276903769972901,0.0009350000000000592,2.024552971343304,0.14315751349082242,-0.001040000000000007,1.1412760831411477,0.08070040575951275,0.0,0.055988646368331216,0.0039589951516502565,-0.0001449999999999263,3.987454159209502,0.2819555875647542
R:A:ALA:88,0.0,3.4539126246548273,0.2442285038519255,-2.9999999999998917e-05,0.6540391281108494,0.04624755026485187,0.0011199999999994504,2.234850670537072,0.15802780640760664,-0.0010099999999999842,1.0225814594202263,0.07230742842716784,0.0,0.05453022068755959,0.0038558688827772343,7.999999999943164e-05,4.289578476443603,0.30331900291251307
R:A:LYS:89,0.0,4.547317235024406,0.32154388530922184,-5.999999999998895e-05,1.5624937491554967,0.1104849925589444,0.07259999999999935,19.84086694698092,1.402961156283024,-0.07241999999999997,19.92716713032111,1.409063500768773,0.0,0.17165791377771783,0.012138047487655996,0.00011999999999950717,28.52894912608967,2.0173013387184033
R:A:GLN:90,0.0,4.081729971249936,0.2886218941643201,-2.4999999999999466e-05,1.1119790091881232,0.07862878979340202,-0.0015749999999997045,7.145116829183061,0.5052360562285465,0.0015299999999999335,5.394216700977076,0.3814287208450617,0.0,0.07932734933903711,0.005609290665118733,-6.999999999930395e-05,9.902200665670392,0.7001913239365479
R:A:GLU:91,0.0,4.039058501953146,0.2856045656340248,-6.000000000000227e-05,1.7119677088514258,0.12105439761012401,-0.03635999999999997,13.493811008160371,0.9541565267919881,0.03641000000000041,12.554779240731396,0.8877569537421264,0.0,0.1096070436442219,0.0077503883826639175,-9.999999999266152e-06,18.94629932281807,1.339705672955475
R:A:PRO:92,0.0,3.4978366288607585,0.24733439997501352,-6.500000000001726e-05,1.1704016207588743,0.0827598922750326,-0.001615000000000002,2.4143285956710616,0.1707188122011602,0.0015949999999999732,1.987685282300747,0.14055057419795552,0.0,0.11041409191601455,0.007807455313236864,-8.500000000018826e-05,4.837020535114425,0.34202900211179926
R:A:GLU:93,0.0,4.1821326610952925,0.29572143644822224,-7.000000000002337e-05,1.5216985960103926,0.10760033961609972,-0.06395999999999988,16.491106157779413,1.1660972993433054,0.06386999999999929,16.439129558559358,1.1624219987661537,0.0,0.1688385088687408,0.011938685454651167,-0.00016000000000147453,23.707295704158817,1.6763589556005405
R:A:ARG:94,0.0,6.031706530593143,0.42650605899095956,-0.00011500000000002508,1.744361298835479,0.12334497032459409,0.04280999999999967,8.459961868220802,0.5982096405598541,-0.04255500000000069,6.982098258630781,0.493708902558861,0.0,0.05983076794235447,0.004230674173563755,0.0001399999999979684,12.639165741368872,0.8937239804262627
R:A:ASN:95,0.0,10.130070148661362,0.7163041296013867,-0.00019500000000000295,1.4239818912033257,0.10069072515567161,-0.0018050000000006605,10.422402440530448,0.7369751441954302,0.002779999999999989,3.8676971287834836,0.2734874867338541,0.0,0.10855840610688955,0.007676238511298471,0.0007799999999985374,15.107725979881502,1.0682775488682388
R:A:GLU:96,0.0,4.0607089794209585,0.28713548557736646,-0.00018999999999998573,1.2066697075629271,0.08532443328701339,-0.09247000000000004,14.21378844289938,1.005066619432513,0.09218000000000046,13.556506273077884,0.9585897514891342,0.0,0.18110828543999416,0.012806289676368874,-0.00047999999999973395,20.094498093788136,1.4208955866657744
R:A:CYS:97,0.0,2.9706914187693743,0.21005960470245102,-0.00013000000000001677,1.0559680608332809,0.07466821765316216,-0.004164999999999566,2.8680379200901442,0.20280090619959024,0.005389999999999999,1.5934325043440027,0.11267269291847072,0.0,0.06936265741967873,0.004904680542257422,0.0010950000000004454,4.550775306062619,0.3217884078573164
R:A:PHE:98,0.0,4.1522732222001,0.29361005527570067,-0.00023999999999998244,1.3943564699889335,0.09859589153205116,-0.003585000000000349,2.3040896709709453,0.16292374308054364,0.0053650000000000034,1.0458124663987325,0.0739501086839972,0.0,0.006873515279456938,0.00048603092646933477,0.0015399999999999082,5.058478333368869,0.35768843320103527
R:A:LEU:99,0.0,5.777264257064064,0.4085142732876661,-0.0005450000000000533,1.4030709418539749,0.09921209774707417,-0.005104999999999578,3.2603218065054564,0.2305395658230383,0.007094999999999997,1.4538588337507188,0.10280334402330986,0.0,0.1291043419004143,0.009129055563840948,0.0014450000000003382,6.935810124662621,0.49043583721712525
R:A:GLN:100,0.0,4.566307456134552,0.32288669672154346,-0.0003450000000000175,1.1243181273443028,0.07950129720561168,-0.004679999999999787,5.536485367414963,0.3914886347239214,0.004619999999999931,4.459257687838862,0.3153171350129104,0.0,0.13283506718552585,0.009392857678625596,-0.00040499999999987323,8.52470231390218,0.6027874813756884
R:A:HIS:101,0.0,4.211634365368154,0.2978075219630123,-0.00024000000000000464,1.5270256534190905,0.10797701945784575,0.0005899999999998328,3.29079053282794,0.2326940301227128,0.0005950000000000255,1.9118595481820833,0.13518888511958,0.0,0.11253867741694838,0.007957686194728957,0.0009449999999994052,5.879357583153942,0.4157333616068703
R:A:LYS:102,0.0,4.707791572483854,0.33289113453162134,-0.0011000000000000165,1.2980982061462067,0.09178940442120756,0.09121000000000037,7.686015078433036,0.5434833382262054,-0.057864999999999576,6.9039403054541975,0.48818230068937873,0.0,0.07457137943853258,0.0052729928083421465,0.032245000000000384,11.427735596370628,0.8080629333800565
R:A:ASP:103,0.0,4.063967210768316,0.2873658773254055,-0.0008849999999999603,1.7467749191223807,0.12351563905180185,-0.1549899999999999,15.231583785961,1.077035618326409,0.16149999999999942,13.134121401941966,0.9287226308240528,0.0,0.08943263508430088,0.006323842272749109,0.005624999999999005,20.59323529546033,1.4561616323990156
R:A:ASP:104,0.0,4.499806544708338,0.31818437217908735,-0.0030200000000000426,1.5643566092806331,0.110616716661633,-0.24578500000000034,12.041477608660614,0.8514610472589892,0.24629000000000045,10.811049333061986,0.7644566295150432,0.0,0.04591395524446345,0.0032466069104455752,-0.0025150000000007467,16.869307908561666,1.192840201606781
R:A:ASN:105,0.0,4.31755749710412,0.3052974184365141,-0.0018500000000000205,1.2381764282605288,0.08755229487283586,-0.0042850000000001385,5.340576035763839,0.37763575303309804,0.008914999999999977,3.3807873318614705,0.23905776481088206,0.0,0.1199327439289471,0.008480525651846822,0.0027799999999991343,7.755014045662093,0.5483623019884588
R:A:PRO:106,0.0,3.6671305476557556,0.25930528777437223,-0.0008700000000000552,0.9148921282588456,0.06469264279460223,-0.006159999999999713,2.0079811260069156,0.14198570706940894,0.0022850000000000006,1.3081189860922438,0.09249798056646966,0.0,0.03699735221750918,0.0026161078638947894,-0.00474499999999952,4.475422477056898,0.3164601582201628
R:A:ASN:107,0.0,10.172662017286823,0.7193158295142337,-0.00026000000000001353,0.7681723856010446,0.054317990297874603,0.0023649999999994977,12.010740416009957,0.8492875995231975,-0.0018799999999999529,4.320274406053393,0.3054895329107038,0.0,0.08304219882584632,0.005871970191439748,0.0002249999999985519,16.340217061688957,1.1554278290380384
R:A:LEU:108,0.0,4.588598278074689,0.32446289585675275,-0.0005850000000000355,1.2524404071950888,0.08856091049596881,-0.005220000000000162,2.8654222899513435,0.20261595321876805,0.007524999999999992,1.303550340445278,0.09217492853468887,0.0,0.0602390980012948,0.004259547468927655,0.0017200000000002324,5.704152721472138,0.40334450702766483
R:A:PRO:109,0.0,3.6371705321307113,0.25718679476015094,-0.000365000000000002,1.0570828651411392,0.07474704622174043,-0.0049250000000002105,2.55152724445086,0.18042022169334287,0.004600000000000003,1.1728055417459453,0.08292987515817205,0.0,0.06224989337165846,0.004401732173123922,-0.0006900000000002659,4.715514057950075,0.3334371967156992
R:A:ARG:110,0.0,5.832076412218036,0.4123900779477484,-0.001075000000000077,1.5316621658103982,0.10830487039314067,0.07361999999999988,16.307154321332405,1.1530899402469654,-0.06348999999999991,13.729989820526088,0.9708568907716265,0.0,0.21895129253069262,0.015482194369801222,0.009054999999997619,22.15497565938916,1.5665933525776976
R:A:LEU:111,0.0,5.896425330045315,0.4169402335635169,-0.001990000000000034,1.5126049992975694,0.10695732522599842,0.000779999999999319,5.157668299047546,0.3647022229367406,0.002014999999999998,1.8557894472097314,0.13122413025764354,0.0,0.1337712168049076,0.009459053453032601,0.0008049999999994429,8.192630655077798,0.5793064691962297
R:A:VAL:112,0.0,4.7751898128503765,0.3376569098119422,-0.0006450000000000011,1.1796196962898677,0.08341170864677812,-0.0020250000000000055,4.1187278054242675,0.29123803610770865,0.004965000000000009,3.589437302610954,0.2538115457320155,0.0,0.2530104720755445,0.017890542051582713,0.0022949999999997282,7.355673562642301,0.5201246656338981
R:A:ARG:113,0.0,6.3534176361034245,0.4492544694198936,-0.0009800000000000208,1.7904663222188792,0.12660508779271076,0.022505000000000303,33.10477425775434,2.340861036730795,-0.01463500000000011,29.62159971205767,2.094563402598946,0.0,0.2450064918758829,0.017324575184016356,0.006889999999999361,44.91098931942005,3.1756865097558524
R:A:PRO:114,0.0,4.0485016482088785,0.28627229690934125,-0.0004950000000000099,1.4262901286116367,0.10085394218807213,-0.0023299999999993304,4.962089391249416,0.35087270574062895,0.0017700000000000144,3.397050165003455,0.2402077207704823,0.0,0.1403688170724123,0.009925574241903675,-0.0010549999999987557,7.389631484832739,0.5225258533394845
R:A:GLU:115,0.0,4.062563396126884,0.287266612640157,-0.00023000000000001464,1.177326854488591,0.08324958024819104,0.01857499999999993,20.23645463343752,1.43093342984776,-0.018764999999999716,19.651311322392075,1.3895575495271417,0.0,0.14836467157436845,0.010490966535875093,-0.00041999999999983825,28.523686030497032,2.0169291816600445
R:A:VAL:116,0.0,4.118814875416229,0.29124419288588405,-0.00019500000000000295,1.2796933126632333,0.0904879819223249,0.0026000000000004774,2.9665450673805718,0.20976641338403057,-0.002545000000000011,1.9017207754754641,0.13447196562620403,0.0,0.206873131802789,0.014628139434305052,-0.0001399999999996826,5.573327461199629,0.3940937641587462
R:A:ASP:117,0.0,7.495691888675121,0.5300254564167177,-8.999999999999509e-05,1.3494792061754788,0.09542258977569201,0.03614500000000009,9.975906996152029,0.7054031485465421,-0.036244999999999764,8.394010292790627,0.5935461599381929,0.0,0.09457284338125807,0.0066873098870980875,-0.00018999999999937955,15.09945575946051,1.0676927559740796
R:A:VAL:118,0.0,3.963147741480249,0.2802368642844834,-0.0002099999999999991,1.4033192372906458,0.09922965488577494,0.001354999999999862,3.364051477084589,0.23787436117071345,-0.0012050000000000016,1.2792463353377255,0.09045637585253458,0.0,0.0898358508358776,0.006352353931971222,-6.000000000013106e-05,5.535090686664077,0.39139001590226724
R:A:MET:119,0.0,4.526680471692254,0.3200846457798312,-0.00038499999999996426,1.381022914283105,0.09765306676635917,-0.0002499999999994884,2.0494706243198513,0.1449194576299194,0.0016950000000000042,1.1172706525166587,0.07900296548152481,0.0,0.06634585847518165,0.004691360643144392,0.001060000000000615,5.27741278529895,0.3731694367605473
R:A:CYS:120,0.0,3.133910498012028,0.2216009364776015,-0.00024000000000000464,0.9075107889165835,0.06417070328428698,0.002950000000000159,2.3509021983698086,0.16623388863736538,-0.003125000000000003,1.4815600096435515,0.1047621129553762,0.0,0.06728029547912262,0.004757435317352222,-0.00041499999999974224,4.286170632182619,0.30307803193389615
R:A:THR:121,0.0,6.747400328363509,0.4771132527566174,-0.00012999999999999012,1.4506526439330676,0.10257663216712662,0.0017749999999999667,8.145217049451475,0.575953820990342,-0.0017000000000000099,3.519156030925597,0.2488419093521025,0.0,0.11089616744871213,0.007841543201058322,-5.499999999993399e-05,11.241580057855737,0.7948997490161253
R:A:ALA:122,0.0,2.953589568296516,0.2088503212584314,-0.0001499999999999635,1.5040546703993178,0.10635272567146553,-0.0005599999999997607,2.685274207068991,0.1898775601163813,0.0009900000000000076,1.591700490513212,0.11255022104598461,0.0,0.11305368966581582,0.007994103060085788,0.00028000000000038774,4.554433109059464,0.3220470535876478
R:A:PHE:123,0.0,4.1720509620509185,0.2950085526722064,-0.000749999999999984,1.4622644257110273,0.10339770913081199,-0.00028999999999989256,3.0200377343172384,0.21354891613749763,0.0006999999999999562,2.519580533580937,0.17816124810407002,0.0,0.09513544358263773,0.006727091728847335,-0.00033999999999937634,5.917954985903125,0.4184626101288839
R:A:HIS:124,0.0,4.199448749538443,0.29694586880440005,-0.00029000000000003914,1.2247494363746407,0.08660286317149105,-0.002350000000000492,4.222036919248811,0.2985430936020794,0.0021250000000000214,4.226553168584893,0.2988624406551867,0.0,0.09319061051114177,0.00658957126353427,-0.0005150000000005761,7.404958670118451,0.5236096490046875
R:A:ASP:125,0.0,4.404840025330091,0.3114692251952831,-0.00012500000000000843,1.097678352102746,0.07761758063335264,0.04058999999999997,9.647980271305492,0.682215227459414,-0.04060499999999969,8.714114293442279,0.6161809308927655,0.0,0.0871051230250439,0.006159262316709702,-0.00013999999999974477,13.770781094424427,0.9737412694103018
R:A:ASN:126,0.0,10.086927240106375,0.7132534652814524,-0.00016499999999998184,1.2861040256818264,0.0909412877870937,-0.001764999999999617,12.75534611816845,0.9019391736538417,0.0017750000000000222,5.399368279120716,0.38179299242897974,0.0,0.09347481615449585,0.006609667637300985,-0.00015499999999953217,17.183158459991578,1.2150327869263038
R:A:GLU:127,0.0,4.456375262424609,0.3151133167572421,-0.0003900000000000059,1.845052273283876,0.1304648974082684,0.05958499999999969,18.63947989935811,1.3180102634626467,-0.056795000000000255,17.572725486132622,1.2425793355174046,0.0,0.1598298950722855,0.011301680264194744,0.0023999999999995223,26.06760318663012,1.8432578982546213
R:A:GLU:128,0.0,4.467392798378043,0.3158923741957061,-0.00024499999999997744,1.4430823163891242,0.10204132917291406,0.02737999999999971,20.933935354634112,1.4802527646182593,-0.027414999999999877,20.185442556544928,1.4273263312984439,0.0,0.1849640522154647,0.013078933559729774,-0.00028000000000002247,29.45769911793964,2.08297388044481
R:A:THR:129,0.0,5.814024016737461,0.4111135808216508,-0.0002500000000000213,1.2391851493219244,0.08762362222311972,-0.0021149999999999737,6.045231174808372,0.4274623957547319,0.002475000000000009,2.604949587242525,0.18419775177882872,0.0,0.15025058168228178,0.01062432051847647,0.00011000000000011668,8.870829310033299,0.6272623559872929
R:A:PHE:130,0.0,4.732288086702879,0.33462329966359183,-0.0008100000000000219,1.2864116145114672,0.09096303760181934,-0.0036400000000001496,2.9219560198606684,0.2066134915972333,0.006584999999999995,1.5733146020027273,0.11125014240159425,0.0,0.11009256760312626,0.007784720111040899,0.0021349999999996337,5.922387320145183,0.41877602348878834
R:A:LEU:131,0.0,6.935951007579998,0.49044579914374836,-0.0013749999999999663,1.4452306830312591,0.10219324163502691,-0.0031799999999999073,4.961306936544039,0.35081737783781464,0.004529999999999996,1.3001215902945387,0.09193247928643065,0.0,0.10085947179912279,0.007131841645605308,-2.499999999958591e-05,8.747065988543048,0.6185109675985
R:A:LYS:132,0.0,4.512902333332731,0.3191103842732167,-0.0006250000000000311,1.5013744921487777,0.10616320844989097,-0.02351000000000127,25.97562422396717,1.8367540034320737,0.025744999999999747,22.65924916028497,1.6022508737833083,0.0,0.1684953064886683,0.011914417381624303,0.0016099999999976244,34.79688822059824,2.460511562497531
R:A:LYS:133,0.0,4.671027193241332,0.33029150034477117,-0.0006000000000000094,1.5788117725682185,0.11163885106001405,0.004810000000000088,20.986070436528845,1.4839392716128075,-0.002549999999999919,19.322585111953835,1.366313096271678,0.0,0.1468416363951174,0.010383271685551686,0.0016599999999997372,28.95013215678003,2.047083476430589
R:A:TYR:134,0.0,4.543176562802727,0.3212510955685599,-0.005509999999999806,1.1821562865797397,0.08359107266628416,-0.006075000000000444,2.0700704346893612,0.14637608419026316,0.0255,1.1414294277571435,0.08071124886129566,0.0,0.0793889278380427,0.005613644922540947,0.013914999999999723,5.256643616575912,0.3717008347561805
R:A:LEU:135,0.0,6.250508491598904,0.4419776940273683,-0.002559999999999922,1.3247315920593123,0.09367266919971909,-0.004935000000000258,4.49621180885365,0.31793018596914485,0.009339999999999998,0.8494540223873215,0.06006546995362644,0.0,0.040399127440975645,0.0028566496967533414,0.001845000000000161,7.858937272320794,0.5557107838177743
R:A:TYR:136,0.0,4.906521937564328,0.3469434934092294,-0.0010600000000001851,1.4488457669469168,0.10244886667015891,-0.004120000000000132,2.8517289471126115,0.20164768766093008,0.0038699999999999924,1.4355447053644828,0.10150833958596701,0.0,0.04921149485878567,0.0034797781726974264,-0.0013100000000000024,6.030645068342708,0.4264310022754339
R:A:GLU:137,0.0,3.8030116579100834,0.26891353322397143,-0.0012800000000000545,1.8541713185005317,0.13110971127933277,-0.05102500000000013,9.76895183608124,0.6907692088377818,0.05121000000000004,9.131252177521985,0.6456770335450224,0.0,0.08914058957941888,0.006303191537057398,-0.0010950000000003613,14.025725695964383,0.9917685750678823
R:A:ILE:138,0.0,4.423833493877227,0.31281226623607644,-0.007179999999999977,1.6983829726389748,0.12009381170047856,-0.013844999999999353,2.2643208745394277,0.16011166451690828,0.017595,0.7606865921488297,0.0537886647666123,0.0,0.030344997735012078,0.0021457153673517465,-0.0034299999999996954,5.306743015874948,0.37524339725395256
R:A:ALA:139,0.0,3.3244644170151685,0.2350751333084808,-0.0016999999999999815,0.8977276808420246,0.06347893307822683,-0.00875500000000045,1.8764765581735896,0.1326869299022138,0.014990000000000002,0.979501516052936,0.06926121641835349,0.0,0.0001347462639482075,9.527999697732992e-06,0.004534999999999964,4.042099226940324,0.2858195773598404
R:A:ARG:140,0.0,5.692088039990245,0.4024914052187946,-0.0012649999999999563,1.7025773449024277,0.1203903986075094,0.04977999999999982,11.767401774716458,0.8320809591848621,-0.037359999999999956,9.778095347456478,0.6914157527275107,0.0,0.04780181420245353,0.003380098697557431,0.011155000000002246,16.412916073488162,1.1605684254609163
R:A:ARG:141,0.0,5.452478802599788,0.3855484735594217,-0.0031249999999999377,1.7947940679016632,0.12691110562466548,0.07240999999999995,9.54112975331014,0.674659754874633,-0.035805000000000115,8.149020442505652,0.5762227614923546,0.0,0.041179311032021895,0.002911817007533269,0.03347999999999771,13.798267924508028,0.9756848818048456
R:A:HIS:142,0.0,3.9713340528341368,0.2808157239116073,-0.012614999999999986,1.3563601008120962,0.09590914250151024,0.0063549999999997905,2.5936971396975017,0.18340208358242555,-0.0022149999999999405,1.159038745588343,0.0819564156663467,0.0,0.0367383204795272,0.0025977915540478297,-0.008474999999999532,5.067858744353147,0.35835172842276525
R:A:PRO:143,0.0,3.391408926029121,0.23980882493717778,-0.0026799999999999715,1.312741114900421,0.09282481442884763,0.007184999999999953,1.799555326677955,0.12724777746143548,0.0020600000000000006,0.8552224853218021,0.06047336187942588,0.0,0.004622431738208797,0.000326855282765936,0.006565000000000365,4.146657687626286,0.29321297701798754
R:A:TYR:144,0.0,4.322688869303457,0.3056602612444084,-0.007735000000000003,1.0739848736248572,0.07594219870319137,0.016279999999999503,2.4390120999289855,0.17246419952558267,-0.008485000000000029,1.5616136856710112,0.11042276267316897,0.0,0.09200304162770812,0.006505597462474063,5.9999999999571504e-05,5.313658293127133,0.3757323811978331
R:A:PHE:145,0.0,4.656014784254878,0.3292299627251444,-0.05731999999999992,1.3443227825935258,0.09505797556754508,-0.020855000000000318,2.4232461195625588,0.17134937636266726,0.04768500000000002,1.0176340289490127,0.07195759226360342,0.0,0.026645392810650925,0.001884113794379055,-0.03049000000000064,5.51308336276607,0.38983386310586227
R:A:TYR:146,0.0,4.416643830325238,0.31230388025087036,-0.02591000000000001,1.5968088599297037,0.11291143731150534,0.023100000000000235,2.892279247721423,0.20451502691489445,-0.027760000000000007,1.3002932438300216,0.09194461702432612,0.0,0.056943757502534796,0.00402653170762847,-0.030570000000000083,5.667082637245421,0.400723256234078
R:A:ALA:147,0.0,3.324385470549406,0.23506955095035165,-0.004244999999999996,1.0477243728552847,0.07408530088603946,0.009695000000000035,1.6845722716390052,0.11911724766747674,0.0007700000000000093,0.8584566963452496,0.06070205513407268,0.0,0.005658921693691123,0.00040014619038126554,0.006219999999999777,3.9653535503842194,0.2803928385278833
R:A:PRO:148,0.0,3.586502697831134,0.2536040378380242,-0.009290000000000109,1.1250972773498298,0.07955639143085864,-0.006654999999999767,1.8712497735938407,0.13231734042019966,0.025810000000000003,1.401068116741652,0.09907047662522876,0.0,0.06468117955844059,0.004573650068091804,0.009865000000000363,4.426917293440671,0.3130303237943896
R:A:GLU:149,0.0,4.02006022502151,0.28426118458910277,-0.18232999999999996,1.4140752060445725,0.09999021673018815,1.2459850000000001,18.731213496716514,1.324496808338123,-0.8557499999999996,16.217211162659872,1.146729998505097,-0.020451888,0.11135063703020551,0.00787367905335002,0.18745311200000075,25.140190707697347,1.7776799329735822
R:A:LEU:150,0.0,5.437255771945072,0.38447204273880564,-0.015399999999999947,1.4722842577267474,0.10410621824727857,0.003179999999999552,3.1028145015453314,0.21940211748066613,0.004714999999999997,0.7265831971460667,0.051377190579818585,0.0,0.0020516722342440565,0.00014507513496061272,-0.007505000000000459,6.471997871433052,0.45763935827152125
R:A:LEU:151,0.0,5.925035497598304,0.41896327791227705,-0.0073550000000000134,1.2053228132641478,0.08522919347779256,-0.006479999999999819,4.266063343265076,0.30165623189940893,0.013294999999999993,1.3504092577715097,0.09548835435473269,0.0,0.13042256105071393,0.00922226773386763,-0.0005399999999996519,7.523214764223538,0.5319716176105217
R:A:PHE:152,0.0,4.850742929881978,0.3429993219512248,-0.226925,1.300164055484922,0.0919354820288391,-0.00904000000000046,2.246536003528543,0.15885408422747585,0.113055,1.0171341556918636,0.07192224588661704,-0.087482124,0.15636008208164676,0.01105632743468176,-0.21039212400000123,5.596969530385937,0.3957655109030382
R:A:PHE:153,0.0,4.522346430250562,0.31977818277049486,-0.09443499999999996,1.3619273148281446,0.0963028039798167,0.0010750000000003723,2.02643259327198,0.14329042283200583,0.02498,0.8831447530274976,0.06244776436350623,-0.00026676,0.027865697042925876,0.001970402334154281,-0.0686467599999998,5.2147496059755065,0.3687384808575157
R:A:ALA:154,0.0,2.8576897338584533,0.20206917893384924,-0.005455000000000032,0.9913143479618359,0.07009650977313349,-0.0012100000000002354,2.0219115227675024,0.14297073487081194,0.003954999999999998,0.756144496690282,0.05346749011665874,0.0,0.053810750234442935,0.0038049946391510198,-0.002709999999999768,3.7164325709059747,0.26279146727101693
R:A:LYS:155,0.0,4.866923795561215,0.3441434819359505,-0.011700000000000018,1.3133567111794113,0.09286834365918237,-0.09294999999999945,17.15376377557707,1.21295426885827,0.14520500000000008,15.612593593902808,1.1039770802158326,0.0,0.1749338115484605,0.0123696884404726,0.0405550000000002,23.73704162943853,1.6784623101483358
R:A:ARG:156,0.0,4.935435549249934,0.34898799449837814,-0.66208,1.6591541998108554,0.11731991857203959,0.32114000000000004,12.076037749154313,0.8539048182291746,0.13250999999999982,9.841419801507302,0.6958934678149379,-0.127102176,0.1027163894981174,0.007263145555311748,-0.33553217600000124,16.42577543998217,1.161477719985884
R:A:TYR:157,0.0,4.98456059204821,0.3524616595872521,-0.007710000000000079,1.2613039029115862,0.08918765428858413,0.009689999999999586,2.3868911084295403,0.16877868887244027,-0.0025199999999999997,1.4878815148895426,0.10520911087805086,0.0,0.08785560051296462,0.006212329088793361,-0.0005400000000003158,5.861355730860523,0.4144604384238108
R:A:LYS:158,0.0,4.316575163894403,0.30522795698911653,-0.0029850000000000198,1.525863083757845,0.10789481336873892,-0.08288500000000035,19.336535927690747,1.3672995679127435,0.09815999999999982,16.924067130177367,1.1967122633004768,0.0,0.16271177293852673,0.011505459802371802,0.012289999999999513,26.10197740261459,1.8456885223766804
R:A:ALA:159,0.0,3.081134576061228,0.21786911524812327,-0.004410000000000014,0.9740939763185069,0.06887884561677844,0.008384999999999537,2.971957406891121,0.2101491235810299,0.00029500000000002414,1.582212376349964,0.11187931005943413,0.0,0.058712565646981976,0.004151605330984129,0.0042700000000008885,4.667078673872431,0.33001229786263153
R:A:ALA:160,0.0,2.9982375537638775,0.21200741058746037,-0.003025000000000011,0.9160337019318667,0.06477336424314395,0.010484999999999332,1.9930739943050286,0.14093161367796442,-0.006054999999999989,1.1261229446534688,0.0796289170614231,0.0,0.030729673463825026,0.0021729160489918978,0.0014049999999996964,3.8820081553180947,0.2744994291246905
R:A:PHE:161,0.0,4.724770064198892,0.3340916951942236,-0.0019400000000001328,1.4671193724438376,0.10374100570651895,0.006284999999999954,2.39934925027079,0.16965961253013342,-0.005845000000000006,1.1191169100567644,0.07913351560416737,0.0,0.02813204113559853,0.0019892357055600624,-0.001499999999999816,5.611237145892022,0.39677438367060974
R:A:THR:162,0.0,5.857802558553848,0.4142091912005334,-0.0012649999999999805,1.0137823073890173,0.07168523442017191,0.00024499999999989087,6.015952131597707,0.4253920547546404,0.007105,2.9252734901842943,0.20684807217345538,0.0,0.13917505847459594,0.009841162761942105,0.006084999999999789,8.95041228775113,0.6328897223084224
R:A:GLU:163,0.0,4.728303768662712,0.3343415658331312,-0.0036799999999999875,1.5259900013925387,0.10790378780075331,0.3491300000000003,19.954866088738857,1.4110221129016725,-0.3031050000000005,19.253590727536384,1.3614344565631409,0.0,0.13875444709957355,0.009811421046389853,0.042344999999998974,28.170945872168808,1.9919866858649742
R:A:CYS:164,0.0,2.97083197434658,0.2100695434826286,-0.0010299999999999598,1.0379932776034726,0.07339720854194659,0.005550000000000352,2.4678976048349335,0.174506713165282,-0.0028100000000000026,1.021945096715083,0.07226243078875773,0.0,0.015322893441306445,0.001083492185974666,0.001709999999999673,4.1277594193295,0.29187666765145354
R:A:CYS:165,0.0,3.2389347464791576,0.22902727230561434,-0.00039000000000001035,1.1431914139591848,0.08083584010047772,-0.0047800000000002285,3.811350333641608,0.26950316663955914,0.005155000000000001,2.1760072729370643,0.15386694986050448,0.0,0.06925794465339345,0.0048972762315457104,-1.500000000044563e-05,5.573489085072528,0.3941051926923991
R:A:GLN:166,0.0,4.720347816840407,0.3337789950846967,-0.000485000000000001,1.364818891602472,0.09650726933436155,-0.0037149999999999393,4.17651339142771,0.2953240940794959,0.005915000000000083,3.4865629255148973,0.24653722876651915,0.0,0.19735393271374965,0.013955030411572599,0.0017149999999995912,7.3336721931057545,0.5185689338744298
R:A:ALA:167,0.0,3.5186570108494517,0.24880662330412345,-0.00032499999999998866,0.9041599178657501,0.06393376091999438,-0.008340000000000672,4.284896213725602,0.3029879169405935,0.008670000000000006,2.762061142217891,0.19530721637141316,0.0,0.0741622861255221,0.005244065542765368,4.999999999138471e-06,6.2604528332628115,0.4426808651698668
R:A:ALA:168,0.0,3.3871389431126095,0.23950689154959617,-0.000144999999999994,0.5023346627249606,0.035520424643787685,-0.006695000000000562,3.0650406572303406,0.2167311033340046,0.006725000000000011,2.3085456033344887,0.16323882507962065,0.0,0.09309875390391757,0.006583076020547768,-0.00011500000000043364,5.143692714816221,0.36371399989863923
R:A:ASP:169,0.0,12.060455644261538,0.8528029970256905,-0.00034500000000000643,1.0340231659276304,0.073116479253141,0.11875499999999935,21.08495786692435,1.4909316688734848,-0.11846000000000025,11.031713570855617,0.780059947405967,0.0,0.09847906253613004,0.006963521292419163,-5.000000000112692e-05,26.698457725868884,1.8878660505184257
R:A:LYS:170,0.0,4.858886425838743,0.3435751540725842,-0.00040500000000000204,1.334723668582752,0.094379215706505,-0.09253500000000059,10.044013926676675,0.7102190357885199,0.09267999999999998,9.114262878368168,0.6444757086810953,0.0,0.10982527058574977,0.007765819357683113,-0.00026000000000094394,14.469081855322031,1.023118589744144
R:A:ALA:171,0.0,3.377555437620529,0.23882923537749728,-0.0003749999999999787,0.8213779282857557,0.058080190300781556,0.0017850000000000676,3.050126684922284,0.2156765262386591,-0.0018299999999999894,1.9147325163322424,0.13539203464569105,0.0,0.078928663258453,0.005581099302004162,-0.0004199999999989995,5.005821168632952,0.35396500937475284
R:A:ALA:172,0.0,3.0160056286336734,0.21326380321036664,-0.00048499999999997547,0.6015665672018351,0.04253717990035305,0.005270000000000223,2.949341471472912,0.20854993545132064,-0.002,1.8675662689045334,0.13205687730576549,0.0,0.07055157094655773,0.004988749423967478,0.0027850000000003584,4.652909702002396,0.32901040025345724
R:A:CYS:173,0.0,3.260865902478972,0.2305780392182872,-0.0012000000000000277,0.8463785722417599,0.05984800278831366,0.010989999999999825,3.0147332630765202,0.21317383337900553,-0.004039999999999996,2.2483783816341947,0.15898436003267744,0.0,0.07302365446427889,0.00516355212587149,0.005749999999999196,5.0496294487923885,0.3570627225720386
R:A:LEU:174,0.0,4.578892534314384,0.32377659613381565,-0.0017099999999999672,1.3689234805130637,0.0967975075996278,0.0022249999999996105,2.822284878192667,0.1995656775810284,-0.001780000000000001,0.9186361287256233,0.06495738360648463,0.0,0.003487325287948917,0.00024659113593120086,-0.0012650000000003336,5.625780369727622,0.39780274489005635
R:A:LEU:175,0.0,4.446216282278674,0.3143949683821291,-0.0014350000000000129,1.5903416033591653,0.11245413321383524,-0.008170000000000215,2.3918258453114842,0.16912762746369966,0.01103000000000001,1.3715931529065022,0.09698628194492248,0.0,0.17795973027519763,0.012583653205572119,0.0014250000000003648,5.470995701074404,0.3868578160072161
R:A:PRO:176,0.0,3.6011564668520024,0.2546402157824839,-0.0031949999999999613,0.8717096970752362,0.061639183802797065,-0.017284999999999932,2.2372230753939135,0.1581955607638059,0.024514999999999988,1.5467435772535147,0.10937128722326987,0.0,0.078980131156731,0.005584738631992741,0.0040350000000004375,4.596958379047229,0.3250540442656615
R:A:LYS:177,0.0,4.83765774956745,0.34207405997787965,-0.012234999999999956,1.4749025755537213,0.10429136127635405,-0.37009499999999923,18.39454009594627,1.3006904038651452,0.4457050000000001,17.413235734310696,1.2313017070131003,0.0,0.1592340816085738,0.011259549890143465,0.06337500000000168,25.82989565759259,1.8264494376824678
R:A:LEU:178,0.0,4.0172834950436345,0.2840648401294148,-0.005410000000000003,1.3054099374334485,0.09230642189874981,-0.01714999999999989,2.2815321666590633,0.161328686653986,0.020949999999999996,1.1872035397100196,0.08394796735776275,0.0,0.050349396410785306,0.0035602399630715906,-0.0016099999999999693,4.945709061218515,0.34971444149633657
R:A:ASP:179,0.0,4.696449794876978,0.3320891497459681,-0.00636000000000003,1.7354995254969101,0.12271834832249007,-0.1005200000000005,13.802218082612663,0.9759642001631001,0.11271500000000004,12.291860009753405,0.8691657566292375,0.0,0.08268000154852423,0.005846358976347573,0.005834999999999546,19.14853732692999,1.3540060593675922
R:A:GLU:180,0.0,3.835833694622331,0.27123440169712987,-0.04962999999999997,1.2512185318120892,0.08847451085906041,-0.07104999999999986,19.598120164207074,1.3857963666619637,0.24657500000000032,18.338329351303376,1.2967157039938917,0.0,0.18064447786581875,0.012773493528282363,0.1258950000000005,27.142078729200314,1.919234792491669
R:A:LEU:181,0.0,5.637989235707177,0.3986660420825305,-0.05418500000000003,1.181680381395494,0.08355742108798594,-0.04809000000000026,3.991678196592255,0.2822542721124872,0.072785,1.2891338021225727,0.09115552533376681,0.0,0.03926073767767121,0.0027761533846267497,-0.029490000000000273,7.126022266045271,0.5038858667206939
R:A:ARG:182,0.0,5.649818868950579,0.3995025234710664,-0.013890000000000012,2.066354994549581,0.14611336289847002,0.062385,16.82453215942051,1.189674078021739,-0.012024999999999982,12.616504384661189,0.8921215805263737,0.0,0.202819904176095,0.014341532960252253,0.03647000000000006,21.87401374692194,1.5467263452216264
R:A:ASP:183,0.0,11.586157918652326,0.8192650832177275,-0.048184999999999964,1.412298471915551,0.09986458265508849,-0.4296400000000004,13.634168006409487,0.964081265316882,0.4983700000000003,13.352190091198523,0.9441424157178302,-0.00016646400000000007,0.09774838985861395,0.006911854931909227,0.020378536000000017,22.369951150951245,1.581794415364944
R:A:GLU:184,0.0,4.073311743802577,0.2880266355929603,-1.465865,1.815400982723927,0.1283682345456811,-1.2610400000000004,9.548464496933525,0.6751783995700691,3.07283,9.061298823099259,0.6407305844171168,-0.238581108,0.09134451403526961,0.006459032529852891,0.1073438920000007,13.898784253351778,0.9827924595793848
R:A:GLY:185,0.0,2.9217905098072996,0.20660178826912412,-0.057420000000000006,0.805755974566742,0.05697555135977186,0.006254999999999171,2.3309748614420958,0.16482481313010788,0.024234999999999996,0.8210614659542852,0.058057813034724265,0.0,0.010895156543072155,0.0007704039073695303,-0.026930000000000866,3.910729716272412,0.27653035017639654
R:A:LYS:186,0.0,5.029740875154503,0.3556563880432909,-0.06089999999999995,1.7653776730631892,0.12483105239783089,0.3308300000000001,11.310290639579074,0.7997583208437097,-0.205605,9.87493164168112,0.6982631127586326,0.0,0.1156562075507069,0.008178128864542363,0.06432500000000059,15.933147122829187,1.1266436376195446
R:A:ALA:187,0.0,3.168393325259666,0.2240392405757304,-0.845875,0.7994662426738229,0.05653080015243902,0.07222499999999982,1.745080409143086,0.12339581910208709,0.37873500000000004,0.9057829035563655,0.06404852333875466,-0.093597012,0.035172487458196296,0.0024870704392889395,-0.4885120120000002,3.8137708299462623,0.26967432157464494
R:A:SER:188,0.0,3.632214302591465,0.2568363364085191,-0.704855,1.2679991370955266,0.08966107883789376,0.1740799999999993,2.9686133826333796,0.20991266535811978,0.14611000000000002,1.3738702500418298,0.09714729702750355,-0.04736869199999999,0.04960720753197947,0.0035077592841591056,-0.4320336920000007,5.050093890826598,0.35709556358322436
R:A:SER:189,0.0,6.234720201965762,0.4408612933610751,-0.056184999999999964,1.2263810697637991,0.08671823707487948,0.0641150000000001,6.277244866521856,0.44386824122860485,-0.04015500000000001,1.313152119853218,0.09285387686777004,0.0,0.02717265545355831,0.00192139689340567,-0.032224999999999906,9.027992937659477,0.6383755026723276
R:A:ALA:190,0.0,2.9443691752224277,0.20819834101164206,-0.07757999999999997,1.011839524628288,0.07154785893372351,0.0188750000000001,1.7767102831004835,0.12563238893842224,0.12272500000000001,0.8392799871765083,0.05934605702466676,0.0,0.013757353298363752,0.0009727917808452125,0.06402000000000001,3.681631249231755,0.26033064221600744
R:A:LYS:191,0.0,4.383506511635406,0.3099607179752783,-1.5932400000000002,1.4915507953636713,0.10546856818858404,-6.755084999999999,13.314555612106435,0.9414812561805863,8.77169,11.742947286382156,0.8303517657316989,-0.43445394,0.11268998315978243,0.007968385126408,-0.011088940000000961,18.34739093886729,1.2973564549953676
R:A:GLN:192,0.0,4.086285945446059,0.2889440501892191,-0.04489999999999993,1.5097551326456882,0.10675580922249617,0.0389849999999997,2.9571350885739056,0.20910102740152905,0.025334999999999993,1.9740508411069355,0.1395864736153722,0.0,0.025470144737957653,0.0018010112062012717,0.019419999999999896,5.623101170361687,0.39761329688607605
R:A:ARG:193,0.0,5.408307011990904,0.3824250562917523,-0.015114999999999998,1.9739016099023274,0.13957592137569788,0.2890749999999998,16.21063800299282,1.1462652059276575,-0.17028499999999946,11.562709090039196,0.8176070006454049,0.0,0.1402490415282442,0.009917104831953518,0.10367499999999992,20.727922425079765,1.4656854506682608
R:A:LEU:194,0.0,4.224587509278273,0.2987234475526654,-0.06428500000000005,1.4426541084317472,0.10201105029787212,0.040999999999999016,2.3307569328331943,0.164809403250391,0.015020000000000016,0.8465073174816624,0.059857106451531715,-0.002616012000000001,0.051043618305454015,0.0036093288640084323,-0.01088101200000029,5.106857984083239,0.36110939111019197
R:A:LYS:195,0.0,5.1634139632562865,0.3651085027491827,-0.08961999999999995,1.2512556096177951,0.08847713265584503,0.2188850000000005,7.869159835705143,0.5564336282067924,0.546815,7.389544611840096,0.5225197104912646,-0.027786239999999997,0.05618316971534902,0.003972750029427796,0.6482937600000007,12.03157042930636,0.8507605038886067
R:A:CYS:196,0.0,3.132304199786476,0.22148735404081193,-0.004239999999999969,0.965195411898544,0.06824962209236034,0.011065000000000253,2.240079117972175,0.1583975134712505,0.0005899999999999761,0.8549501978185631,0.060454108245428614,0.0,0.0344682435321298,0.002437272873715834,0.007415000000000822,4.061159211172001,0.2871673217697932
R:A:ALA:197,0.0,3.0095017374226583,0.21280390865242582,-0.002535000000000014,0.9802982254268341,0.06931755227844531,0.0222849999999999,1.8230968561146168,0.1289124149718521,-0.0004249999999999743,0.9965302695728816,0.07046533112726427,0.0,0.03926245038024234,0.00277627449098697,0.019324999999999468,3.786341450963563,0.2677347715864047
R:A:SER:198,0.0,4.008359864682811,0.28343384417532075,-0.003885000000000014,1.0922278099256584,0.07723216909989646,-0.006735000000000113,2.482296503900169,0.17552486908234685,0.036674999999999985,1.0275304883919503,0.07265737762178731,0.0,0.020333697565167827,0.001437809543492656,0.026055000000000845,4.94751843762928,0.34984238372931364
R:A:LEU:199,0.0,4.460606253408835,0.3154124929988506,-0.002444999999999973,1.5060688847044814,0.10649515213085994,0.0007749999999999702,3.3865460829693435,0.2394649700068363,0.008320000000000022,2.118185213337115,0.14977831281597478,0.0,0.06753738651778442,0.004775614399034227,0.0066500000000000135,6.174562000828696,0.43660746616427476
R:A:GLN:200,0.0,4.741429486473462,0.33526969424032343,-0.001094999999999946,1.2477025667902588,0.08822589458812533,0.0004850000000001131,5.088477155994218,0.35980967029163485,0.011809999999999973,5.044863530973855,0.3567257212912323,0.0,0.1660356603103899,0.01174049413242628,0.011200000000000081,8.68382006516111,0.6140388054679227
R:A:LYS:201,0.0,5.329396078726932,0.37684521068968085,-0.0011400000000000167,1.1001504350542248,0.07779238329521727,0.23249000000000067,13.384836985555708,0.9464508997562948,-0.21903000000000003,12.22328838361838,0.864317010445531,0.0,0.2001997100929686,0.0141562572598319,0.012320000000000325,18.926582192953415,1.3383114613321916
R:A:PHE:202,0.0,4.319914415147597,0.3054640777096384,-0.0019349999999999934,1.2421151328983155,0.08783080334868286,-0.00031499999999986985,2.261286952727362,0.15989713384821816,-0.0027149999999999536,1.3277582106223256,0.09388668345071627,0.0,0.07245947958693404,0.005123658937716927,-0.004965000000000635,5.204432868450415,0.36800897735114435
R:A:GLY:203,0.0,2.68587299621557,0.18991990090298597,-0.00044000000000000874,0.9731956190817959,0.0688153221673778,-0.021034999999999755,3.0340758188244075,0.21454155861248653,0.022455,2.1918781384636783,0.15498918952422133,0.0,0.06085998733910772,0.004303450975041049,0.0009800000000000262,4.708999177225339,0.332976525081791
R:A:GLU:204,0.0,4.050679479692264,0.2864262928503596,-0.0009449999999999803,1.5266235286982184,0.10794858494614461,-0.1807149999999998,15.684859828088198,1.109087074640163,0.18141000000000013,14.678384952103892,1.0379185536499238,0.0,0.10310695000695928,0.007290762353738325,-0.00024999999999955944,21.913900321887926,1.549546751985302
R:A:ARG:205,0.0,5.518292630877779,0.39020221398654314,-0.0010850000000000044,1.9107373115567194,0.13510953100679093,0.20928500000000047,24.714051908162997,1.7475473694858388,-0.2019999999999997,19.60483618842045,1.3862712612883528,0.0,0.31489843856308847,0.022266682129301527,0.006200000000001751,32.08326036042097,2.2686290963427225
R:A:ALA:206,0.0,3.199890440116661,0.22626642292604968,-0.0019299999999999652,0.8016964926329664,0.056688502639424154,-0.02495499999999993,2.024576713037814,0.1431591922821409,0.03934,0.8772612992717734,0.062031741358759225,0.0,0.04657423557074242,0.0032932957800651677,0.012455000000000533,3.9689650425071763,0.2806482095849178
R:A:PHE:207,0.0,4.530514579333125,0.3203557581310971,-0.008054999999999923,1.4186294526320113,0.10031225059470553,-0.027404999999999048,2.163376054890828,0.1529737878669905,0.028645,0.851191740664229,0.06018834519136575,0.0,0.00734030037713662,0.0005190376172619476,-0.006814999999998852,5.28609961045804,0.3737836880582447
R:A:LYS:208,0.0,4.507231443780094,0.31870939182741376,-0.0020750000000000226,1.3754407099817134,0.0972583453148109,0.17359499999999983,16.10124490952097,1.1385299461067657,-0.1683150000000001,15.175580544538487,1.0730755911485803,0.0,0.15861932247595248,0.011216079854996175,0.0032049999999999913,22.622565394404056,1.5996569398219231
R:A:ALA:209,0.0,2.8224588391595717,0.1995779784789644,-0.002524999999999988,0.8216571567113622,0.058099934732106194,-0.0025099999999994792,1.8777555036532314,0.13277736500435608,0.016649999999999977,0.6961283464275824,0.04922370743351216,0.0,0.052663241423414414,0.003723853512976062,0.01161500000000002,3.557348479573265,0.251542523294991
R:A:TRP:210,0.0,4.64381208262673,0.32836710141813846,-0.10694500000000008,1.0538327781839962,0.07451723036905625,0.11372000000000007,2.2365891116497014,0.15815073275755,-0.07216499999999997,1.1558194635300967,0.08172877804895289,-0.028821528,0.0936474563410698,0.00662187514196416,-0.09421152799999932,5.387260297760743,0.38093682885636804
R:A:ALA:211,0.0,2.9410807493079814,0.2079658141852886,-0.005334999999999943,1.1136285656694516,0.07874543105079176,-0.012774999999999821,1.8827145123929434,0.13312801987513745,0.00913,0.7337339473542165,0.05188282497609397,0.0,0.0011050357609561786,7.813782800257506e-05,-0.008979999999999582,3.738061692642863,0.2643208771361432
R:A:VAL:212,0.0,4.164377070247122,0.2944659265789507,-0.0035999999999999453,1.5224534671214094,0.1076537170642519,0.007214999999999883,2.7556338101923123,0.19485273536539074,-0.00133,0.6371503897040321,0.045053336119537254,0.0,0.031732742796083666,0.0022438437616759325,0.002284999999999986,5.259314235210744,0.37188967601084577
R:A:ALA:213,0.0,3.4992094691229907,0.24743147444090455,-0.008855000000000071,0.7101053945542168,0.05021203398464356,0.025585000000000163,1.9745163138285287,0.13961938750716177,-0.002195000000000007,0.8317395000689819,0.0588128640679486,0.0,0.0006170524318467596,4.363219589064937e-05,0.014535000000000343,4.164039172543735,0.2944420336032095
R:A:ARG:214,0.0,6.427774932836401,0.4545123242949524,-0.45023999999999986,1.5210935645120585,0.10755755742856937,0.76597,13.969739670650632,0.9878097652527789,0.32701499999999994,13.483249977964327,0.9534097491851943,-0.18344664000000002,0.14545235356134506,0.010285034554277036,0.4592983600000015,20.508603780861865,1.4501772806115492
R:A:LEU:215,0.0,4.1861286428154605,0.2960039950254051,-0.009295000000000053,1.3634030439950615,0.09640715378992888,0.005470000000000113,2.320188356211624,0.16406209203073083,-0.007879999999999998,0.7765570956471907,0.054910878831065886,0.0,0.05026965839636024,0.003554601633999759,-0.011705000000000387,5.037001374253365,0.35616978285805134
R:A:SER:216,0.0,3.4623098431827275,0.24482227686834385,-0.0045599999999999955,1.1017383550553188,0.07790466619529281,0.042850000000000395,2.636691315702314,0.18644223092287862,-0.010549999999999999,1.0900170699122103,0.0770758461744015,0.0,0.0029758599481884223,0.00021042507492254812,0.02774000000000043,4.619708217619642,0.32666270077820675
R:A:GLN:217,0.0,4.562175798256792,0.3225945443912528,-0.073265,1.949138104464381,0.1378248771135857,-0.04607499999999995,4.5824264314198215,0.32402648039454274,0.18633,2.614555126881053,0.18487696600036466,-0.004770036,0.09619100630698943,0.006801731284883018,0.0622199640000003,7.242677031667528,0.5121346043036163
R:A:ARG:218,0.0,6.1106596630764844,0.43208888852844857,-0.13846999999999987,1.982219818360214,0.14016410753648736,0.19642999999999994,15.001634736699533,1.0607757651203906,0.24822000000000002,11.870379798867011,0.839362605103867,-0.020832911999999995,0.10791312900718675,0.007630610530004047,0.2853470879999982,20.180088292977366,1.4269477276907556
R:A:PHE:219,0.0,4.1361479281512645,0.2924698247986448,-0.0070249999999999705,1.3781442608359258,0.09744951522904052,-0.001694999999999922,1.9120127682301185,0.13519971941307793,-0.0008499999999999952,0.8364424990996093,0.05914541631859564,0.0,0.022190792346304358,0.0015691259747974348,-0.009569999999999919,4.833520724964874,0.34178152816283797
R:A:PRO:220,0.0,3.5394710634147013,0.25027839907540955,-0.003394999999999975,1.2876271154627803,0.09104898649834055,-0.0003999999999997428,3.3265743986569727,0.23522433154119068,0.003080000000000029,1.598378939034796,0.11302245866972635,0.0,0.06658975936705967,0.004708607040602832,-0.0007149999999997281,5.273631164181617,0.3729020357669528
R:A:LYS:221,0.0,5.300209362614839,0.37478139820133816,-0.0012550000000000104,1.7303032688448,0.12235091749094078,0.010674999999999529,17.337183663778124,1.2259240135334144,0.0017750000000003041,16.765038495412856,1.1854672406959943,0.0,0.3024686158490999,0.021387760936300737,0.011194999999999879,24.755244072671733,1.7504600953714269
R:A:ALA:222,0.0,3.443388624596417,0.24348434467127453,-0.0006400000000000228,1.106000562364233,0.07820604976438843,-0.004280000000000044,4.623288959020408,0.32691589743082244,0.0073100000000000005,2.3672141790509786,0.1673873198527893,0.0,0.04248461212075958,0.0030041157326669288,0.0023899999999998705,6.329334180963828,0.44755151197553256
R:A:GLU:223,0.0,4.48814824571894,0.31736000595183694,-0.0004800000000000382,1.2012977311016615,0.08494457718859985,-0.08115500000000007,13.178443193153544,0.9318566547360569,0.07965000000000004,12.437745547604276,0.8794814219383772,0.0,0.09378217792114558,0.006631401396248536,-0.001985000000000312,18.707331859816907,1.3228081215983682
R:A:PHE:224,0.0,4.424830518765662,0.31288276654203884,-0.0007050000000000711,1.2240653377066928,0.08655449009078038,-0.0014750000000000795,2.3641412975274974,0.16717003431648567,-0.00038499999999998426,1.427027131758538,0.10090605618036509,0.0,0.09773031763592119,0.006910577032787511,-0.0025649999999999523,5.358412339043181,0.37889697013311024
R:A:ALA:225,0.0,2.9359764452733605,0.20760488538567676,-0.0002750000000000052,0.6484140310596309,0.04584979583787697,-0.00209999999999944,2.6948119386981353,0.19055197958759182,0.0021149999999999975,1.9380441875186953,0.13704041872336423,0.0,0.11259057427421888,0.007961355856698781,-0.0002599999999995628,4.480078318290362,0.3167893759109939
R:A:GLU:226,0.0,3.8159898501961456,0.2698312300012732,-0.0005000000000000071,1.3166904985417036,0.09310407802427345,-0.07005999999999976,18.22544307175411,1.2887334386166711,0.07227499999999963,16.78843826199671,1.187121854058957,0.0,0.15500918168330544,0.010960804351444284,0.0017150000000003373,25.106531315392438,1.7752998545186403
R:A:VAL:227,0.0,4.329567028791677,0.3061466205660287,-0.0013450000000000673,1.397981344108354,0.09885220883913014,0.0017599999999999482,2.8883571294336163,0.20423769127110206,0.0016600000000000046,1.2006352161251974,0.08489773030535032,0.0,0.004127518669240395,0.0002918596440493958,0.0020749999999999003,5.521200173969004,0.39040780833018285
R:A:SER:228,0.0,3.745315632066276,0.2648338081118044,-0.0005200000000000116,1.1379681079670028,0.08046649659174929,-0.006430000000000788,4.613039332490024,0.326191139388396,0.0069750000000000055,2.30231660606768,0.16279836845888535,0.0,0.06563348449573586,0.004640988195983696,2.499999999923369e-05,6.473597299068893,0.45775245488425326
R:A:LYS:229,0.0,5.376263405372731,0.3801592311384138,-0.000550000000000006,1.3383686777192598,0.09463695677429616,0.06791500000000085,21.520553738435147,1.5217329483336999,-0.06367499999999922,19.107915883067285,1.3511336895259014,0.0,0.1675790564878058,0.011849628722737099,0.0036900000000019873,29.308193466416064,2.0724022344430066
R:A:LEU:230,0.0,4.250173381969257,0.3005326419609024,-0.0017999999999998505,1.2802897393949542,0.09053015566097297,0.00430499999999995,2.4472738870373703,0.17304839609448852,0.002139999999999997,1.2304325361432866,0.08700471900994797,0.0,0.020602013620945693,0.0014567823537468317,0.004645000000000401,5.215999783429849,0.3688268817530809
R:A:VAL:231,0.0,4.1069237947580675,0.2904033665089818,-0.0017249999999999766,1.5581923913865707,0.1101808406342727,0.0029650000000007283,2.7282808944049366,0.19291859214154297,-0.0010199999999999981,1.0605564678978672,0.07499266702818348,0.0,0.041053436307170586,0.0029029163203810335,0.0002200000000006419,5.278708992692496,0.37326109246432737
R:A:THR:232,0.0,5.108150817228285,0.3612008082185725,-0.0006149999999999833,1.0697176691889314,0.07564046178385614,-0.004365000000000272,5.743584797125833,0.4061327758367637,0.005454999999999992,2.767717118831872,0.19570715431321103,0.0,0.11347768113052308,0.008024083784071758,0.00047499999999979893,8.240109357228809,0.5826637204215214
R:A:ASP:233,0.0,4.885087813944597,0.34542787199319913,-0.000980000000000012,1.4446228371966157,0.10215026044386767,-0.06896500000000004,27.026864207113913,1.911087895505823,0.07102499999999928,24.767884479338868,1.7513539070985555,0.0,0.15240014353353493,0.010776317494636572,0.0010799999999992948,37.01180533758248,2.6171298538161025
R:A:LEU:234,0.0,4.466248110528568,0.3158114325416355,-0.00675999999999994,1.1178420077989555,0.0790433664009827,0.010694999999999979,2.0914106956728995,0.1478850685156382,0.010829999999999998,1.0696537024196195,0.07563593865022103,0.0,0.056764605239026614,0.004013863729589314,0.01476500000000037,5.168976968480606,0.36550186662097195
R:A:THR:235,0.0,4.452768307468961,0.3148582665263848,-0.0015699999999999913,1.6363211103875672,0.11570537533537499,-0.005465000000000018,3.6867599323898212,0.26069329487997,0.007410000000000012,1.3817092041200274,0.09770159478611389,0.0,0.0450620843705659,0.003186370543282748,0.00037499999999988096,6.165066268222331,0.4359360164724453
R:A:LYS:236,0.0,5.349648785850336,0.3782772933441153,-0.0010300000000000597,1.825632293028911,0.12909169743538892,0.05536999999999893,32.3594853952763,2.288161155870692,-0.047169999999999775,29.086723038447456,2.0567419102981175,0.0,0.15845443204023252,0.011204420340471135,0.007169999999995369,43.87653741318683,3.1025397139849664
R:A:VAL:237,0.0,4.630717951765147,0.32744120654554154,-0.002729999999999917,1.7518075366603492,0.12387149885062343,0.008919999999999142,5.397417867795674,0.3816550775215758,0.0069400000000000165,2.9495594823888536,0.20856535115102415,0.0,0.023392533051053023,0.0016541018749530031,0.01312999999999926,7.895881609082835,0.5583231429228621
R:A:HIS:238,0.0,4.693036155406221,0.3318477689841383,-0.011634999999999973,1.2419171467030317,0.0878168036105562,-0.02727000000000018,3.041008999255017,0.21503180850225392,0.020805000000000014,2.5073887873592717,0.17729916146128552,0.0,0.04372884818976288,0.0030920965088458412,-0.018100000000000345,6.253286578425302,0.4421741344307354
R:A:THR:239,0.0,8.831276475527192,0.624465548237851,-0.0012150000000000283,1.3451956266933818,0.09511969496573777,-0.003044999999999991,11.04326363351772,0.7808766601691172,0.006655000000000006,3.104230814690654,0.21950226594360023,0.0,0.1153755861692724,0.008158285936366536,0.0023950000000001383,14.539746477067917,1.0281153330667938
R:A:GLU:240,0.0,4.736027448563827,0.3348877124765105,-0.0009199999999998809,1.9859087656662378,0.1404249555020403,-0.06007000000000033,23.341178838505563,1.6504705837595226,0.061394999999999415,20.897679755517714,1.4776891066191409,0.0,0.09671749076596078,0.006838959357995816,0.00040499999999902056,31.747547820696244,2.2448906350058513
R:A:CYS:241,0.0,3.0440143556741,0.21524431929263554,-0.00222999999999995,0.8143180389442445,0.05758098073800064,0.0019400000000001682,2.0305013435479426,0.14357812692311459,0.013129999999999989,1.3909790994475797,0.09835707537081406,0.0,0.02713482581727976,0.0019187219341714318,0.012839999999999949,3.998453716891336,0.28273337374744195
R:A:CYS:242,0.0,3.1058979016059114,0.21962014678986083,-0.002079999999999975,0.8892197214412195,0.0628773294995899,-0.001059999999999448,1.94165543589742,0.13729577254507874,0.0005300000000000155,1.7152949051110715,0.12128966591387742,0.0,0.04569259270903291,0.0032309542154552173,-0.0026099999999991243,4.141456717687446,0.29284521290673743
R:A:HIS:243,0.0,4.266980439555589,0.30172108040001117,-0.0007450000000000401,1.202324663298146,0.08501719226059515,-0.0010299999999998021,7.954671880960898,0.56248024291414,0.0018900000000000338,6.573092024511752,0.46478779438954715,0.0,0.15021667041595338,0.010621922629838527,0.00011500000000019383,11.231990705660587,0.7942216794196876
R:A:GLY:244,0.0,2.3125671665488987,0.16352319254160863,-0.00036499999999999754,0.9108580882195645,0.06440739308786686,0.0013699999999996493,2.464636203448696,0.17427609726164403,0.002020000000000002,1.5342374904166565,0.10848697334242485,0.0,0.06319901428545227,0.004468845156554879,0.003025000000000335,3.822295091228784,0.2702770778703926
R:A:ASP:245,0.0,12.049994313392848,0.8520632692259418,-0.0005600000000000405,1.4194415290528877,0.10036967306910986,-0.04464999999999985,16.61152680386574,1.174612324887556,0.04379000000000161,11.960767661630252,0.8457539921735516,0.0,0.12139655266577468,0.008584032560263912,-0.0014199999999993196,23.795686586884802,1.6826091348576016
R:A:LEU:246,0.0,4.14070972187136,0.29279239232603016,-0.001464999999999983,1.5544777500096294,0.10991817582354158,0.004299999999999784,2.060210386780923,0.14567887351637504,0.0009299999999999878,1.4821868227386181,0.10480643533438201,0.0,0.03386710134940562,0.002394765702329679,0.003764999999999763,5.099447977176432,0.36058542449694775
R:A:LEU:247,0.0,3.913937123434662,0.2767571481118419,-0.0005899999999999839,1.2885211696941576,0.09111220567931609,0.0032899999999999353,2.6343465694076778,0.18627643232236868,-0.0034950000000000076,1.5964775826409217,0.11288801246977025,0.0,0.034168360508130914,0.0024160679417326,-0.0007949999999998436,5.144791600000413,0.3637917028151879
R:A:GLU:248,0.0,4.3061467185814735,0.30449055454931595,-0.0004199999999999982,1.629467631267955,0.11522076117935517,-0.03201500000000033,17.90756666434262,1.266256182290683,0.032025000000000005,16.6611187247608,1.1781190032432525,0.0,0.14345427741529915,0.010143749235057422,-0.0004099999999986892,24.889605550338857,1.7599608865702936
R:A:CYS:249,0.0,3.041450309671358,0.21506301386105423,-0.0013250000000000163,1.0761593280620672,0.07609595585098461,0.0033549999999999613,2.207732702542362,0.15611027650150072,0.0050500000000000015,1.842243101914077,0.1302662589957584,0.0,0.004834984906188643,0.00034188506141005927,0.007080000000000835,4.321632283649206,0.30558554935630583
R:A:ALA:250,0.0,3.0147650912135755,0.21317608396815996,-0.0008800000000000097,0.8457233772043906,0.0598016735029213,0.0013049999999998362,2.0721162151228403,0.14652074271199633,-0.0002399999999999967,1.2805316639583733,0.0905472623109059,0.0,0.0513342170515179,0.0036298772984030407,0.00018499999999964378,3.967381849427314,0.280536260928648
R:A:ASP:251,0.0,4.040862952631529,0.2857321595651249,-0.000505000000000062,1.0963949146521066,0.07752682790089506,-0.0026400000000000134,17.606286235511167,1.2449524388641318,0.0008849999999982572,17.657465294114978,1.2485713448034816,0.0,0.1374564399052254,0.009719638077474604,-0.0022600000000026197,25.28471761960812,1.787899528921188
R:A:ASP:252,0.0,6.3424913179443925,0.4484818620535283,-0.0007799999999999919,2.032807629117915,0.1437412059397026,-0.03188000000000002,25.911139775616782,1.8321942643611102,0.033279999999997756,20.45543124141728,1.4464174142901316,0.0,0.0966976150494998,0.006837553932606765,0.0006199999999962103,33.677599159498534,2.3813658739763786
R:A:ARG:253,0.0,5.4045788521169715,0.38216143557893173,-0.00894499999999999,1.4372486869623502,0.10162882928025392,-0.1457949999999999,14.648028921017838,1.035772058106838,0.22256500000000032,12.592272279361458,0.890408111928387,0.0,0.09261087844039126,0.006548578015684369,0.06782500000000055,20.11004240573054,1.4219947355041096
R:A:ALA:254,0.0,3.058671742562448,0.21628075305895808,-0.0007700000000000262,0.8653850629055255,0.06119196463180441,0.00014000000000066848,2.055807253902953,0.14536752500472724,-0.0009150000000000102,1.2188519930963726,0.0861858509581184,0.0,0.049275961243332105,0.003484336634464563,-0.0015449999999996933,3.9772774485169444,0.2812359854506661
R:A:ASP:255,0.0,3.8845257584356423,0.2746774505483659,-0.0005350000000000232,0.8732838455364899,0.061750492907951746,-0.02190000000000003,13.308930453667191,0.9410834974128225,0.021090000000000587,13.792586787238282,0.9752831647360166,0.0,0.09485054449284305,0.0067069463210125664,-0.0013449999999989614,19.57611406210808,1.3842403002597954
R:A:LEU:256,0.0,4.820708614633329,0.34087557515316336,-0.002069999999999941,1.415257932940141,0.10007384815100297,-0.002519999999999598,2.6057026999928445,0.18425100489210364,0.009209999999999998,0.9821090076717552,0.06944559391890891,0.0,0.03988765905696888,0.0028204834204839705,0.004620000000000175,5.744388762348438,0.406189624762838
R:A:ALA:257,0.0,2.987664085460412,0.21125975347365622,-0.001114999999999995,0.7925164618321818,0.05603937643635054,-0.00309500000000007,1.9542750099397475,0.1381881111831803,0.006870000000000002,1.1313265128821122,0.07999686489950715,0.0,0.011403270905561789,0.0008063330185030004,0.00266000000000044,3.827981133396212,0.27067914176786273
R:A:LYS:258,0.0,4.848463869639538,0.3428381680560086,-0.0006249999999999401,1.2945011860461928,0.09153505669072914,-0.001445000000000789,13.637426183003704,0.9643116531932894,0.00239500000000028,13.699672235556404,0.9687131137795002,0.0,0.1650672634931388,0.011672018136790507,0.000324999999999136,19.971754922287175,1.412216333774507
R:A:TYR:259,0.0,4.2725659139210475,0.3021160330800071,-0.0007800000000000296,1.282912313975511,0.0907155996879809,0.003354999999999606,3.7857723548669693,0.26769453041549984,-0.0005750000000000266,2.0520027938760217,0.1450985090563476,0.0,0.13637915725295338,0.009643462690606987,0.0019999999999997754,6.201779628270664,0.4385320430574772
R:A:ILE:260,0.0,4.253918732909693,0.3007974782656929,-0.002125000000000008,1.5418703291376354,0.1090266965443556,-0.0005449999999997246,1.9282374478717603,0.13634697751279637,0.005090000000000006,0.9904674940400618,0.0700366281580574,0.0,0.02547574056815244,0.0018014068911489818,0.00241999999999991,5.017266509122024,0.354774317162034
R:A:CYS:261,0.0,3.0103053923480916,0.2128607356371766,-0.0007599999999999785,0.7505066428753312,0.053068833650269716,0.001484999999999701,1.9969227984013302,0.14120376522555975,-0.0033250000000000102,1.3019710000898639,0.09206325230717738,0.0,0.04468498314056963,0.0031597054595903333,-0.0026000000000002198,3.912802662001787,0.2766769295746238
R:A:GLU:262,0.0,4.440848135638056,0.31401538309293064,-0.00035000000000000585,1.0263109812819893,0.07257114544707144,-0.008709999999999928,10.943015463934062,0.7737880441177029,0.00846000000000025,10.7042134308972,0.756902190425553,0.0,0.09243982660735119,0.006536482824576667,-0.0005999999999989569,15.972249814404455,1.1294086154570964
R:A:ASN:263,0.0,4.6900659161625855,0.3316377413530462,-0.0005349999999999566,1.18937294225781,0.08410136728302935,0.0002799999999998448,4.718013960958573,0.333613966552661,0.002985000000000033,2.8369230885547463,0.20060075536217456,0.0,0.09858317193031693,0.006970882938280641,0.0027300000000001034,7.329995448954103,0.5183089488021978
R:A:GLN:264,0.0,4.198080706013165,0.2968491335190318,-0.0008549999999999391,1.4640660615132777,0.10352510402011196,-0.004910000000000209,3.8049134810334393,0.2690480124266857,0.00885499999999994,2.6106376830144393,0.18459996088806466,0.0,0.08168545250061604,0.005776033738747723,0.0030899999999997618,6.408341382132372,0.45313816474641727
R:A:ASP:265,0.0,5.001512354033528,0.35366033017254,-0.0005700000000000216,1.6837797805384171,0.11906121008435115,0.01886000000000024,15.400940637181872,1.089010956120277,-0.017729999999999607,16.36868591576917,1.1574408810153112,0.0,0.175903171317026,0.01243823252704881,0.0005599999999997252,23.08688011017685,1.6324889482346878
R:A:SER:266,0.0,7.153564020248928,0.5058333628370117,-0.0003799999999999748,1.1445835535250366,0.0809342792332149,-0.002624999999999673,7.284707978366394,0.5151066410466623,0.0049199999999999635,2.567491388846319,0.18154905716912992,0.0,0.11698592815340977,0.00827215431006783,0.00191499999999993,10.590383268421446,0.7488531824465358
R:A:ILE:267,0.0,3.9959188278479836,0.28255413002423097,-0.0014800000000000457,1.5770493945181299,0.11151423211299084,-0.007085000000000647,2.1903331198872467,0.15487994021297594,0.013255000000000003,1.339028248721811,0.09468359548715395,0.0,0.049986325509228935,0.003534566973417388,0.00468999999999922,5.004748398390064,0.35388915306341273
R:A:SER:268,0.0,2.9972663557315022,0.2119387365160036,-0.0019749999999999312,1.150702683005041,0.08136696702824187,0.009210000000000208,2.9003768109937025,0.20508761110498605,-0.0028749999999999887,1.436885888536386,0.10160317555753362,0.0,0.014353200911963853,0.0010149245696582578,0.0043600000000001415,4.559030049108738,0.32237210633580277
R:A:SER:269,0.0,7.655939151939493,0.5413566490688001,-0.0014250000000000074,1.1875379222050133,0.08397161177073476,0.009629999999999797,7.239811361337393,0.511931970811308,0.003509999999999989,3.962475202439758,0.28018930859286906,0.0,0.13607218845456417,0.009621756718711617,0.011714999999999911,11.320699825233676,0.8004943614200095
R:A:LYS:270,0.0,4.614544979063482,0.3262976046786123,-0.009810000000000003,1.9991817004714703,0.14136349372274298,-0.09967000000000027,32.61754848743771,2.3064089721148218,0.18049500000000016,27.867745292317334,1.9705471672577073,0.0,0.19732289924079466,0.013952836013655575,0.07101500000000016,43.19543246883505,3.0543783214998834
R:A:LEU:271,0.0,4.479710079408041,0.3167633374899153,-0.003490000000000011,1.397517909545348,0.09881943906691637,0.0034350000000006277,2.86389778244179,0.20250815425897056,-0.0026750000000000007,1.0594960642093012,0.07491768516428546,0.0,0.002551778400811481,0.0001804379811299162,-0.0027299999999992686,5.598688027830537,0.3958870270226911
R:A:LYS:272,0.0,4.722960922112313,0.3339637695304686,-0.0011700000000000087,1.2103241199571295,0.08558283926553266,-0.058814999999999173,14.93181987496417,1.055839108904323,0.06419499999999982,14.442460862660319,1.0212362013008427,0.0,0.15693516150190834,0.01109699169046054,0.004210000000000162,21.338692404641755,1.508873410097606
R:A:GLU:273,0.0,4.194301115537605,0.2965818761134941,-0.003574999999999977,1.2644452806171567,0.08940978323637185,0.11189500000000006,11.776351990636787,0.832713835021897,-0.07053000000000033,10.80683242876237,0.7641584493524558,0.0,0.13791334696433977,0.00975194628546178,0.037789999999998825,16.573475711433343,1.1719217063385057
R:A:CYS:274,0.0,3.4913195098701575,0.24687357007180818,-0.003875000000000033,1.045503354549855,0.07392825117554858,0.0024399999999997137,2.642043212884679,0.18682066720186497,0.0075349999999999966,1.1514003139112825,0.08141629698269873,0.0,0.04913571084399419,0.003474419433620967,0.006099999999999949,4.646602901484066,0.328564442112047
R:A:CYS:275,0.0,3.2312049912996854,0.22848069607518268,-0.0009600000000000142,0.8615149084026346,0.060918303382481026,-0.002155000000000129,2.898874417937934,0.2049813758732119,0.002530000000000002,2.212909279150413,0.15647631574378915,0.0,0.05281847720355777,0.003734830340258277,-0.0005850000000007411,4.948345561241564,0.3499008702008262
R:A:GLU:276,0.0,3.8931598959649736,0.27528797626803464,-0.0008849999999999935,1.2742612260737591,0.09010387539598394,0.07236999999999995,14.306196058748462,1.0116008246125296,-0.06653999999999996,13.956975723735782,0.9869072179109594,0.0,0.1411846023971028,0.009983258975411788,0.004945000000000199,20.402568116883696,1.442679426906891
R:A:LYS:277,0.0,4.767526423104543,0.3371150263263267,-0.002625000000000024,1.7397617672759107,0.12301973432898886,-0.08956000000000003,19.370060783506847,1.3696701332013301,0.12291500000000032,18.089608573937554,1.2791284891641554,0.0,0.12913786333009278,0.00913142588686502,0.030730000000003237,26.9852913437051,1.9081482501428517
R:A:PRO:278,0.0,3.557937065035018,0.25158414257212236,-0.0007449999999999802,1.029162270915039,0.07277276207053708,0.0013950000000001594,1.9303831400462963,0.13649870086149168,-0.005710000000000017,1.12548541789754,0.07958383711219258,0.0,0.056699256790557664,0.004009242896484072,-0.005059999999999398,4.326014613662395,0.3058954268832782
R:A:LEU:279,0.0,4.23597309924768,0.29952853034018306,-0.0009350000000000613,1.3779544030464141,0.09743609025599805,0.0019649999999994706,3.5382230386982396,0.25019015040139975,-0.0013849999999999986,1.2213094152895898,0.08635961694782462,0.0,0.14127359878650855,0.00998955197045678,-0.00035500000000046936,5.820034675462775,0.41153859857605757
R:A:LEU:280,0.0,6.188396333101978,0.43758570118063733,-0.0019950000000000133,1.554332065832459,0.1099078743965827,0.003294999999999959,4.607394301953654,0.32579197545116884,0.0010949999999999838,2.1281626756371326,0.15048382594111234,0.0,0.2465805148819276,0.017435875418148138,0.0023950000000005113,8.156602106538877,0.5767588660974118
R:A:GLU:281,0.0,4.498175369613772,0.3180690306820203,-0.0040800000000000124,1.4089758729658928,0.09962963943024183,0.08217500000000076,18.03161326565582,1.2750276015878539,-0.05227500000000081,17.103820829647244,1.2094227692843287,0.0,0.17218186012730757,0.01217509608933328,0.025819999999999652,25.29680227210955,1.7887540428943924
R:A:LYS:282,0.0,4.602249063658984,0.32542815216227067,-0.0025799999999998936,1.5021924146227075,0.10622104430267103,-0.030674999999999387,7.7649066482524445,0.5490618146259809,0.0410499999999999,7.514641527757662,0.531365398246348,0.0,0.049289987008852336,0.003485328405855632,0.0077950000000009114,11.840748310140466,0.8372673424423477
R:A:SER:283,0.0,6.361497580035696,0.4498258077345052,-0.0035899999999999734,1.1914092292323406,0.08424535451584259,0.0021500000000005317,5.877175401581103,0.4155790580680768,0.016035,1.8706132042394545,0.13227232816948145,0.0,0.036704352259749905,0.0025953896381928935,0.014595000000000214,8.940348935170249,0.6321781358232812
R:A:HIS:284,0.0,4.0246028044454265,0.2845823934605758,-0.05120000000000001,1.4158278982807198,0.10011415078673944,0.011624999999999518,4.661713602654608,0.3296329300386644,0.07484500000000005,3.502091026469044,0.24763523131488177,-0.0017684640000000013,0.1796047100810978,0.012699970843138812,0.03350153599999933,7.227065067773591,0.5110306717499121
R:A:CYS:285,0.0,3.3215814224853792,0.234871274810267,-0.013025000000000047,0.941803070909731,0.06659553379825857,-0.009840000000000373,2.6150566741755332,0.18491243074966593,0.03324500000000002,1.7428771531507894,0.1232400253768028,0.0,0.06762870856343185,0.00478207184280914,0.010379999999999731,4.669112548752916,0.3301561145346391
R:A:ILE:286,0.0,4.095679740287319,0.2896082917925521,-0.01017500000000005,1.6734870799844856,0.1183334062485104,-0.01088500000000021,2.1806742834671566,0.1541969573398742,0.030519999999999988,1.128350663025462,0.07978644053816412,0.0,0.05292658988387564,0.0037424750611967793,0.009459999999999389,5.0602834224099285,0.3578160722711931
R:A:ALA:287,0.0,3.2611704333797094,0.23059957280478643,-0.028414999999999985,0.9151113272575092,0.06470814250444067,0.009514999999999602,3.6179933797444956,0.25583076531053683,0.037454999999999995,2.2726261942904293,0.16069893930849388,0.0,0.1043660049669514,0.007379790983748024,0.0185549999999998,5.453279702588871,0.38560510574075496
R:A:GLU:288,0.0,4.436451959477303,0.3137045264954747,-0.5213450000000001,2.11954621484765,0.14987455015570522,0.7302300000000003,20.966271666482577,1.4825392871569205,0.3639799999999999,18.036933183048333,1.2754037765542134,-0.1498689,0.1536293335476708,0.010863234354072798,0.4229961,28.09116747948101,1.9863455016188036
R:A:VAL:289,0.0,4.969244664614532,0.35137865997240064,-0.05049999999999999,1.351453568273805,0.09556219825851642,-0.024599999999999865,4.061878060602018,0.28721815210045487,0.06427500000000003,1.7744498160486253,0.12547254978032046,-2.3796000000000095e-05,0.037019829829252324,0.0026176972710636346,-0.010848795999999532,6.7947564548463095,0.48046183657328906
R:A:GLU:290,0.0,4.167551192511018,0.2946903709166624,-0.16130499999999998,1.4244301760616418,0.10072242368199347,0.1065599999999999,19.490194659088193,1.378164881008709,0.3637850000000001,18.880148161073183,1.3350280794501572,-0.032625972,0.1451735784903019,0.010265322179961,0.27641402799999887,27.49083923909548,1.943895884647364
R:A:ASN:291,0.0,4.5108658185319594,0.3189663809306555,-0.07531,1.7521559247823808,0.12389613361098077,0.06097000000000009,7.356595583716016,0.5201898623692602,0.033915,4.353064269313629,0.3078081263772531,-0.006764256000000001,0.21470951356326062,0.015182255302584657,0.012810744000000228,9.825107027808379,0.6947399805246909
R:A:ASP:292,0.0,4.2676967365313105,0.30177173024489884,-0.006609999999999929,1.8700613487663984,0.13223330609475817,-0.01699000000000007,18.62882501580548,1.3172568494213648,0.023074999999999547,14.789506963708256,1.0457760664443774,0.0,0.06660509621330284,0.004709691519400887,-0.0005250000000005884,24.237933881027622,1.7138807409225805
R:A:GLU:293,0.0,4.039846471036987,0.2856602834622797,-0.004125000000000005,1.3256643662235927,0.09373862629340692,0.08489,14.181372035094135,1.0027744332544333,-0.05517000000000067,12.90313074622977,0.9123891249195708,0.0,0.14527014221119974,0.010272150266147346,0.025594999999999642,19.63927047493601,1.3887061330383998
R:A:MET:294,0.0,4.345745325206022,0.3072905988762916,-0.005649999999999977,1.9787138594299074,0.13991619880306924,0.01844000000000065,3.061694690265507,0.21649450774095863,-0.011125000000000003,2.1763793555754476,0.15389326007618073,0.0,0.23146620278294971,0.016367132160332424,0.001665000000000978,6.07988396664408,0.4299127181641394
R:A:PRO:295,0.0,3.8271905388679044,0.2706232382926492,-0.0010199999999999654,1.5999101711033654,0.11313073312765191,-0.003529999999999767,2.6086142642311074,0.18445688357377724,0.0037999999999999722,1.6317206515822493,0.11538007377359402,0.0,0.25302335162873285,0.017891452773522526,-0.0007499999999993801,5.170928490824393,0.3656398600892648
R:A:ALA:296,0.0,3.438501393310755,0.24313876523294267,-0.0004350000000000009,0.5595942496800695,0.03956928886617752,-0.006209999999999809,2.4373167221147107,0.172344318210668,0.00691999999999999,1.494364214490564,0.10566750696287862,0.0,0.07019773300839256,0.004963729303415712,0.0002750000000002961,4.507216711812792,0.3187083501200158
R:A:ASP:297,0.0,4.067156396206077,0.28759138679035573,-0.00029500000000001416,0.7287708940229431,0.05153188410950059,0.001329999999999989,9.855376604650884,0.6968803628295892,9.999999999692477e-06,8.858868048749232,0.626416567090742,0.0,0.04872276036882835,0.0034452194254925694,0.0010449999999999448,13.88103862105437,0.9815376538859908
R:A:LEU:298,0.0,6.158946583527901,0.4355032894178298,-0.0007000000000000122,1.7780555145439076,0.1257275111660133,0.004755000000000038,4.4778065694573055,0.31662873901049315,-0.003144999999999989,1.741413945469313,0.12313656096941718,0.0,0.15446235965414654,0.01092213819495224,0.0009099999999998237,8.012567457129451,0.5665740783650887
R:A:PRO:299,0.0,3.4823995663622522,0.2462428348175841,-0.00027500000000000967,1.3073378137937417,0.09244274334351507,-0.007070000000000398,5.764869684073527,0.40763784462651403,0.006914999999999992,2.936851807254666,0.20766678282497417,0.0,0.11954353030505478,0.008453004092568378,-0.0004300000000003701,7.463869677783622,0.527775286305345
R:A:SER:300,0.0,10.143381617429169,0.7172453925847135,-0.00021999999999998908,1.0298327492122203,0.07282017204559461,-7.105427357601002e-17,9.094709473545594,0.6430930741665625,0.0015150000000001018,2.465859244720793,0.1743625793393611,0.0,0.11318366910345523,0.008003293994262752,0.0012949999999999394,13.883650776869773,0.9817223611950495
R:A:LEU:301,0.0,5.657846301513501,0.40007014867114243,-0.0006899999999998974,2.182569477874645,0.1543309678215944,0.004259999999999842,4.362429058695397,0.3084703169848762,-0.002869999999999997,1.5321470665376742,0.10833915805238659,0.0,0.24165418741477096,0.01708753146231094,0.0006999999999997674,7.629645664724222,0.5394974187577042
R:A:ALA:302,0.0,3.8286715476781237,0.2707279614299195,-0.00010499999999999732,1.4131881375015147,0.09992749151197082,0.0008349999999997592,4.544881305312054,0.3213716390674121,-0.0010000000000000052,1.9614811204291516,0.138697660142484,0.0,0.23079849338943265,0.016319917976330638,-0.0002700000000003033,6.419692262227281,0.45394079317517183
R:A:ALA:303,0.0,2.8856356616090673,0.20404525443575008,-0.00010000000000000453,0.9738307126754628,0.06886023006605481,0.002184999999999633,3.922548119115303,0.27736603745569677,-0.002004999999999975,3.210324978467912,0.22700425620872178,0.0,0.1571426962550045,0.011111666613585156,7.999999999966923e-05,5.915446176717044,0.4182852105300658
R:A:ASP:304,0.0,14.571782688442756,1.0303806352974612,-0.0001550000000000007,1.6543071381926029,0.11697717955813004,-0.11056500000000005,15.71083867725638,1.1109240566815874,0.11051499999999961,17.205345230830883,1.2166016285376142,0.0,0.1703370285060791,0.012044646794381478,-0.0002050000000005525,27.531018033934114,1.9467369544763942
R:A:PHE:305,0.0,5.030932612225093,0.35574065657969145,-0.0003500000000000281,1.8041672642801165,0.12757389069672523,0.001080000000000325,2.2659724230007745,0.16022844662855595,-0.001520000000000008,1.8436861136321443,0.13036829533287608,0.0,0.1872436303748334,0.01324012407720321,-0.000789999999999349,6.093781432802291,0.4308954174203175
R:A:VAL:306,0.0,3.753400034308893,0.2654054616765638,-0.00011000000000001453,1.9678618025029095,0.13914884249877899,0.0010400000000000277,3.5468802937158737,0.2508023107743428,-0.0010550000000000225,3.0533002799389055,0.2159009332943584,0.0,0.252270039093382,0.017838185533312588,-0.00012499999999990852,6.31879216950116,0.44680607919627263
R:A:GLU:307,0.0,3.92463878357614,0.27751386975744113,-6.500000000000394e-05,1.1864834859259525,0.08389705186640946,-0.06835500000000004,12.580850388144476,0.8896004622550368,0.06821999999999939,12.150342395982097,0.8591589501937344,0.0,0.13518765820298997,0.009559210984806341,-0.00019999999999971153,17.964894243366153,1.2703098542783378
R:A:SER:308,0.0,10.275293945956,0.7265730027870565,-5.5000000000005043e-05,1.108851741972298,0.07840765860791278,0.0009549999999995152,8.951719471413021,0.6329821541515804,-0.0009149999999999536,3.561409236422431,0.2518296621654705,0.0,0.1147218657194178,0.008112060920057285,-1.5000000000405245e-05,14.129447838188836,0.999102838080493
R:A:LYS:309,0.0,4.6903254808115395,0.33165609534538937,-5.999999999998895e-05,1.5253597306045548,0.1078592209259366,0.06951499999999897,13.626841316984471,0.9635631901392744,-0.06939500000000014,14.281214480126508,1.009834360247697,0.0,0.21616267867672026,0.01528500959317576,5.999999999890093e-05,20.347395239514146,1.4387781153343326
R:A:ASP:310,0.0,5.668099004564935,0.4007951242564585,-5.000000000000338e-05,1.5171872048959547,0.10728133609113935,-0.08666499999999992,14.640327957217181,1.0352275177343264,0.08648500000000034,14.08002089429824,0.9956078253606563,0.0,0.12614503964808904,0.008919801294820966,-0.00023000000000013897,21.14311488381094,1.4950439909748938
R:A:VAL:311,0.0,4.584500545179376,0.3241731423849761,-7.500000000000728e-05,1.1477790671008947,0.0811602361651012,-0.0015799999999999415,3.4140219167061594,0.24140780484224197,0.0018399999999999918,0.8404221291410644,0.0594268186574883,0.0,0.034285202921458695,0.002424329948012027,0.00018500000000002626,5.890506982736236,0.4165217432119502
R:A:CYS:312,0.0,3.074474785682914,0.2173981969543446,-5.999999999999783e-05,0.796428887848752,0.05631602673307128,-0.003100000000000023,2.190432497202322,0.1548869672503145,0.002955000000000001,1.271624218460391,0.08991741079943862,0.0,0.06727907173725298,0.004757348785734777,-0.00020500000000014395,4.062787630736909,0.2872824684214895
R:A:LYS:313,0.0,4.76673216637457,0.3370588638943501,-7.000000000000117e-05,1.2854498416313256,0.09089502998926839,0.07814999999999941,24.858803204512885,1.7577828318092938,-0.07804000000000019,22.589857787383256,1.5973441627498437,0.0,0.1698089289270602,0.012007304515034876,3.999999999916071e-05,33.950916387169045,2.400692320486471
R:A:ASN:314,0.0,4.867173036984611,0.3441611059660141,-8.499999999998842e-05,1.5314098239449163,0.10828702712871471,0.0004700000000001125,5.044903747178929,0.35672856500636446,-0.00018999999999998795,2.9347216329917902,0.20751615675833532,0.0,0.10131304736263404,0.007163914281279239,0.0001950000000012153,7.752967085951089,0.5482175600792122
R:A:TYR:315,0.0,4.771551393750255,0.33739963473009277,-0.0001950000000000429,1.7703258932962032,0.12518094440598776,-0.0037849999999991723,5.3187186024337665,0.3760901991003953,0.0034850000000000198,2.903679718714686,0.20532116194970013,0.0,0.13052191866093493,0.009229293377862607,-0.0004949999999991795,7.914475088322404,0.5596379004484772
R:A:ALA:316,0.0,3.0902653849710062,0.21851476093790553,-3.999999999999559e-05,0.7566846134288711,0.0535056821375076,-0.0005049999999996402,2.0127022767103435,0.14231954283714868,0.0005700000000000027,1.3993909005528082,0.09895187953116402,0.0,0.06531457098110319,0.0046184376051028155,2.500000000046576e-05,4.01694449727121,0.2840408693670459
R:A:GLU:317,0.0,4.217472471747741,0.2982203384240418,-5.5000000000006155e-05,1.1793244809529733,0.08339083377011527,-0.08894000000000016,24.041246723956515,1.699972858668852,0.08884500000000088,22.909515757158097,1.6199473945586553,0.0,0.19099092084208114,0.013505097527249868,-0.00015000000000000568,33.49689260338628,2.3685879908531944
R:A:ALA:318,0.0,3.4916121826743596,0.2468942651642602,-7.000000000000173e-05,1.2456495078070717,0.08808072139520656,-0.0024200000000005415,2.120318028162285,0.14992912559856408,0.0023649999999999973,1.014755847420945,0.07175407409600518,0.0,0.06605168102222887,0.0046705591559588824,-0.00012500000000021495,4.3900841820505985,0.3104258295107776
R:A:LYS:319,0.0,4.391912874818899,0.3105551376164948,-0.00016999999999997684,1.7938077458579558,0.12684136212411157,0.16317500000000137,17.82673860076977,1.2605407751044289,-0.16186999999999985,15.567484503648943,1.1007873858546662,0.0,0.21066635596841563,0.014896360887312578,0.0011350000000017247,24.138976949203172,1.7068834291687323
R:A:ASP:320,0.0,12.671268494345782,0.8959939878587356,-0.00032500000000001197,1.7861068429898028,0.12629682606017856,-0.19383500000000026,18.348967710843436,1.2974679496110395,0.1932849999999995,16.495437340527683,1.1664035602124914,0.0,0.1473054912950776,0.010416071180076533,-0.0008750000000005187,27.794909442683757,1.9653968949387686
R:A:VAL:321,0.0,4.334318619339146,0.3064826087557824,-0.0002599999999999758,1.100891172709637,0.0778447613571395,-0.00707000000000022,2.9064320645337642,0.2055157821889842,0.007059999999999991,1.1666903571213745,0.08249746630654788,0.0,0.08517725341467619,0.006022941349236254,-0.0002700000000004099,5.4602241865833,0.38609615491318516
R:A:PHE:322,0.0,4.534639405592247,0.3206474273930013,-0.0002550000000000363,1.4858018846653145,0.10506205881465965,-0.004714999999999847,2.394010461876681,0.16928210318245399,0.005584999999999998,1.7082839416428994,0.12079391593277786,0.0,0.11400342006748407,0.008061259140817652,0.0006150000000002309,5.606521084938689,0.39644090780255065
R:A:LEU:323,0.0,5.972020584877449,0.4222856252952496,-0.00057500000000001,1.3382986313506415,0.0946320037480714,-0.009369999999999762,4.417798442697449,0.31238552367467354,0.010654999999999979,0.9575942970146596,0.06771214210446307,0.0,0.05427245372361017,0.0038376420059597844,0.0007099999999996598,7.608741585182347,0.5380192771178518
R:A:GLY:324,0.0,2.7072977339036792,0.1914348586334265,-0.000405000000000022,0.9031215762426452,0.0638603390797058,-0.012495000000000261,1.993476088488397,0.14096004603033796,0.012050000000000003,0.7586226022865388,0.053642718643819684,0.0,0.03848964504212696,0.002721628901475115,-0.0008500000000001067,3.5631483581694243,0.2519526366435313
R:A:MET:325,0.0,4.316456279750787,0.3052195506107038,-0.0005099999999999439,1.1504340053866626,0.08134796865165103,-0.005429999999999566,2.814480838582846,0.1990138486481531,0.005640000000000018,1.8968143813773661,0.13412503117241018,0.0,0.14325552985414158,0.01012969566023354,-0.0002999999999997682,5.6120426362184554,0.3968313404378099
R:A:PHE:326,0.0,3.929616287094708,0.2778658324065771,-0.0010099999999999732,1.2736156107319037,0.09005822349735752,-0.001144999999999925,2.3031280479979843,0.1628557460680311,0.0050249999999999965,1.44164757981103,0.10193987797655538,0.0,0.08413075826766826,0.005948942967743442,0.0028700000000000912,4.9450789095864485,0.34966988304711555
R:A:LEU:327,0.0,4.202663742794563,0.2971732031576872,-0.003045000000000071,1.3116293081412143,0.09274619781896723,-0.007175000000000722,2.005448769621154,0.14180664243213362,0.012440000000000005,0.7611552290761721,0.053821802401536126,0.0,0.02051388570271054,0.0014505507688872387,0.002219999999999098,4.897382652683637,0.34629724837779624
R:A:TYR:328,0.0,4.243239175623972,0.30004231952801264,-0.001809999999999965,1.4827831202674246,0.1048485999370044,-0.00957499999999989,2.9438751504054994,0.2081634081818296,0.007314999999999983,2.1116203097562307,0.14931410403198686,0.0,0.08233322934871436,0.005821838478946319,-0.00406999999999992,5.773720159282488,0.408263667730212
R:A:GLU:329,0.0,4.646865549399939,0.32858301412428487,-0.0010100000000000796,1.6889575627439546,0.11942733457525541,-0.14970499999999987,41.28792313792224,2.9194970431933776,0.14777499999999869,35.29170488925372,2.495500384682574,0.0,0.2270581449817898,0.016055435404026184,-0.0029400000000011773,54.54076020296475,3.8566141390585753
R:A:TYR:330,0.0,4.655922399219086,0.32922343011661553,-0.003174999999999999,1.4300419823120578,0.10111923830743089,0.005090000000000146,2.4436476208119697,0.17279198035065169,0.011115000000000003,1.2422636598464112,0.0878413057899016,0.0,0.11905608261171692,0.008418536335625084,0.013030000000000081,5.590298784931523,0.3952938179683997
R:A:ALA:331,0.0,3.303999231809838,0.23362802618478803,-0.004565000000000028,0.8147028156174495,0.0576081885574872,-0.0024000000000003754,2.886733309434732,0.2041228698578383,0.01711,1.717378188606109,0.12143697630252492,0.0,0.015303080717569516,0.0010820912148438503,0.010145000000000008,4.78152724852159,0.338105034185787
R:A:ARG:332,0.0,5.439366394057308,0.3846212862596141,-0.003025000000000011,2.3508359218743875,0.1662292021814308,0.15851500000000002,12.726165713791211,0.8998758074725505,-0.13517500000000035,10.483591158332864,0.7413018399244501,0.0,0.1496851218763218,0.010584336472148197,0.020314999999999372,17.521316140234333,1.2389441458073
R:A:ARG:333,0.0,5.454443239396665,0.3856873802174501,-0.002814999999999963,1.8298777555003505,0.1293918969656717,0.18319,23.912413679106084,1.690862986703387,-0.15985499999999925,17.253643808928448,1.2200168537470597,0.0,0.13688492025324325,0.009679225535324808,0.020520000000004188,30.04346674036374,2.12439390624637
R:A:HIS:334,0.0,4.649459856800573,0.3287664593598319,-0.022545000000000027,1.3612498259595847,0.09625489828250298,-0.0891200000000002,5.3196471844239825,0.37615585976261223,0.12038999999999994,2.4597073411180443,0.17392757406389014,0.0,0.18972463004692885,0.01341555724642924,0.008724999999999419,7.606265828553552,0.537844214687773
R:A:PRO:335,0.0,3.726949947550946,0.2635351581056121,-0.04962499999999991,1.7437998682976783,0.12330527119054968,-0.08707499999999989,2.9679286749137015,0.20986424921094826,0.14554999999999998,2.2231091746245846,0.15719755726950724,-0.002054843999999999,0.2580529832274628,0.018247101434555733,0.006795156000000997,5.545124007274552,0.3920994788064158
R:A:ASP:336,0.0,5.5109735903876365,0.38968467967030723,-0.37835500000000005,1.4334303577345502,0.1013588326312759,-0.07556500000000001,19.521911927180057,1.380407630543556,0.6231950000000004,17.68966708620247,1.250848355358624,-0.09124524,0.19281899747348888,0.013634362065509576,0.07802976000000089,26.95351736941696,1.9059014908744125
R:A:TYR:337,0.0,4.990074034475841,0.35285151884007804,-0.11605499999999992,1.3100072263064046,0.0926314993124639,-0.08115000000000094,2.943813806535665,0.2081590705151952,0.19677,1.9691583859862567,0.1392405247961239,-0.005980283999999997,0.12055305618877257,0.008524388352384397,-0.006415284000001295,6.259002741534106,0.4425783282003958
R:A:SER:338,0.0,10.113871264849578,0.7151586955422902,-0.17803999999999998,1.3704680908178781,0.09690672804171029,0.30892499999999967,7.891932324765272,0.5580438863506838,-0.231755,2.1072665231230245,0.1490062448267689,-0.01853208,0.04378918489314146,0.003096362958057185,-0.11940208000000005,13.072630196741727,0.9243745460060105
R:A:VAL:339,0.0,4.4819361206458534,0.3169207423753611,-0.11577499999999999,1.4412456959779623,0.10191146049819423,0.1580149999999999,3.3341737343418383,0.23576168572071882,-0.131845,0.9197811195469279,0.06503834668389873,-0.0039879,0.039324780676428445,0.0027806819084976258,-0.09359290000000019,5.842020094346667,0.4130932024540602
R:A:VAL:340,0.0,5.227923304410653,0.3696700020071956,-0.05565999999999995,1.2172412271197521,0.08607195260362112,0.13770500000000013,4.131600127961925,0.2921482467633085,-0.09210000000000002,0.8873432734573469,0.0627446445901959,-4.75200000000002e-06,0.03386142464115768,0.002394364298439985,-0.010059751999999693,6.83165445409849,0.48307091912163236
R:A:LEU:341,0.0,6.115634997349008,0.4324406977887257,-0.019440000000000072,1.2877933775066557,0.09106074300020837,0.05923999999999989,5.0246323906729735,0.3552951636414433,-0.033675,0.877305429240581,0.062034861818778965,0.0,0.011454138208289262,0.0008099298799729268,0.0061249999999999005,8.066977741311,0.5704214664561946
R:A:LEU:342,0.0,4.241293661584871,0.2999047509110184,-0.012595000000000063,1.3730043852351674,0.09708607113986537,0.05762499999999939,2.455247183823861,0.1736121933171026,-0.02637,0.7400268889371521,0.05232780314278443,0.0,0.03699766402122166,0.002616129911746739,0.018659999999999465,5.143049710321983,0.3636685326148183
R:A:LEU:343,0.0,4.8887971876065786,0.34569016432023336,-0.010034999999999905,1.2795091857329512,0.09047496218222476,0.059285,2.610375295158725,0.18458140726485697,-0.024860000000000007,1.0178135836193187,0.07197028869610014,0.0,0.041260265700184144,0.002917541367015892,0.024390000000000064,5.778337804250081,0.40859018453718177
R:A:ARG:344,0.0,5.777641231696547,0.40854092941956255,-0.00815000000000004,2.0182582001691456,0.14271240595249593,0.78377,10.01496844723437,0.7081652102408731,-0.5832749999999999,7.456888288668068,0.527281627546774,0.0,0.039483794718056166,0.00279192589921151,0.19234499999999954,13.90542481492638,0.9832620181914136
R:A:LEU:345,0.0,5.044406129957222,0.35669337815517405,-0.002405000000000048,1.406158392527314,0.09943041347784388,0.024840000000000872,3.506263150706176,0.24793024504888467,-0.015130000000000003,0.7637866493661695,0.05400787191465703,0.0,0.03638977899237092,0.0025731459491385245,0.00730500000000081,6.348376971525093,0.44889804060939115
R:A:ALA:346,0.0,3.0309179037380747,0.2143182602952908,-0.0008999999999999808,0.9002955795459622,0.06366051093692227,0.02459500000000027,2.2655317143829614,0.16019728382333764,-0.019279999999999988,1.0726699773695543,0.07584922149732323,0.0,0.03077071544175416,0.0021758181550825977,0.004415000000000342,4.034996547198498,0.2853173420588363
R:A:LYS:347,0.0,4.700735891916285,0.33239222257409984,-0.0011450000000000405,1.4317688486187288,0.10124134619499585,0.34538499999999983,18.069849460202345,1.2777313088329154,-0.3321249999999997,16.49710919513401,1.1665217781854205,0.0,0.13217957299529756,0.009346507239931716,0.01211499999999936,24.956731010120137,1.7647073733504544
R:A:THR:348,0.0,4.776770665287375,0.3377686929597679,-0.0005949999999999944,1.602450330080468,0.11331034949145204,0.016020000000000287,4.64921980084831,0.32874948484066097,-0.007730000000000008,1.4410902790248779,0.1019004708600505,0.0,0.07621615664866865,0.0053892961202249776,0.00769500000000006,7.005938902142902,0.4953946906283882
R:A:TYR:349,0.0,4.566916264855313,0.32292974599903307,-0.0005050000000000665,1.3724159026603415,0.09704445913793842,0.011344999999999814,2.436433560016566,0.1722818692198195,-0.010599999999999976,1.1132153464402115,0.07871621203888053,0.0,0.03569076201621927,0.00252371798473839,0.00024000000000004907,5.46964169854784,0.3867620735703884
R:A:GLU:350,0.0,3.830435726624323,0.2708527077195279,-0.0003849999999999687,1.6523715402036552,0.11684031211176645,-0.2428599999999998,19.610700541952856,1.3866859337033566,0.24284499999999926,17.27290479095728,1.2213788108475498,0.0,0.14850784516913576,0.010501090437849775,-0.00040000000000038225,26.464267225947836,1.8713062814600616
R:A:THR:351,0.0,5.443055812684636,0.38488216755261606,-0.00024499999999999744,1.2233706511008837,0.08650536832980367,0.009769999999999932,6.046712460593772,0.4275671384771051,-0.00886499999999999,2.762328456624049,0.1953261183543435,0.0,0.12324203047539857,0.008714527547635348,0.0006600000000000428,8.679393470250425,0.6137257979400316
R:A:THR:352,0.0,4.206021978996305,0.29741066631679497,-0.00018499999999999073,1.4262519396218187,0.10085124181870543,0.009480000000000039,3.5613207669346494,0.25182340642799667,-0.008070000000000011,1.4131001986235796,0.09992127329427904,0.0,0.08462740240865892,0.005984061011736548,0.0012249999999999872,5.866160162888789,0.4148001630705045
R:A:LEU:353,0.0,4.764720796772882,0.33691663858586746,-0.00021499999999996966,1.5056259164795882,0.10646382954729272,0.007600000000000336,3.0463915506628494,0.21541241236231026,-0.007350000000000001,0.9533139481566396,0.06740947573412806,0.0,0.008096417620452148,0.0005725031802739965,3.500000000022929e-05,5.92948970715468,0.419278238090491
R:A:GLU:354,0.0,4.443693803020186,0.31421660216322117,-0.00010499999999998622,1.4020732234355666,0.09914154840113705,-0.15509000000000012,12.529567571754022,0.8859742195322332,0.1544349999999998,12.157712776146465,0.8596801147731491,0.0,0.12379820711796681,0.008753855175185104,-0.0007599999999995788,18.07007452716744,1.277747223470639
R:A:LYS:355,0.0,5.076269989820281,0.3589464932935687,-0.000124999999999984,1.1278330506661878,0.07974983981723724,0.15130499999999983,15.521892083727261,1.0975635149249336,-0.1508349999999998,15.149038931598103,1.071198815699203,0.0,0.15728452430121448,0.011121695370908909,0.0003449999999999509,22.304434026248227,1.577161655048809
R:A:CYS:356,0.0,3.1396659831182685,0.22200791073236562,-6.000000000000227e-05,0.9899078982157885,0.06999705875785067,0.004064999999999017,2.0834267655895657,0.14732051940539376,-0.004005000000000002,0.980160570710228,0.06930781862008788,0.0,0.013511474902663736,0.0009554055527505375,-8.040790255847696e-16,4.0173355006028615,0.2840685174777737
R:A:CYS:357,0.0,2.926287941949664,0.20691980474570335,-4.5000000000001704e-05,0.814192933446981,0.05757213444345276,0.00244000000000014,1.8896864718651076,0.13362101185722997,-0.00255000000000003,1.0693877237700087,0.07561713111954196,0.0,0.06323603194219168,0.004471462700165287,-0.00015499999999995406,3.734243579831234,0.26405089579009944
R:A:ALA:358,0.0,3.4482601060824862,0.24382881043059695,-3.9999999999997815e-05,0.7248828379469333,0.05125695702780257,0.0024600000000001643,2.183267425889462,0.15438032019901368,-0.0023999999999999933,0.9715572180525448,0.06869946971956917,0.0,0.0707299897240566,0.005001365536713524,2.000000000005553e-05,4.258114101371212,0.3010941356145646
R:A:ALA:359,0.0,3.3209974270089395,0.23482998009410974,-1.4999999999996128e-05,0.6782686867127216,0.04796083878410593,0.0009100000000000108,2.380932001863976,0.1683573164062079,-0.0009250000000000025,1.2355694234542227,0.08736795179512337,0.0,0.0743839543143226,0.005259739850712785,-3.0000000000049986e-05,4.3232018564843155,0.3056965349158331
R:A:ALA:360,0.0,3.1450513441834307,0.22238871326519702,-1.5000000000002789e-05,0.3649978854390803,0.02580924799127243,0.001095000000000752,1.5957951408232194,0.112839756546064,-0.0010449999999999982,0.8551818332816712,0.060470487346101325,0.0,0.03449145060489929,0.002438913861568513,3.500000000088654e-05,3.647418151725935,0.2579114108908312
R:A:ASP:361,0.0,4.847943104018444,0.34280134436580023,-3.500000000000725e-05,1.2657997018782237,0.08950555528220022,-0.07782999999999997,11.638724605529164,0.8229821092932397,0.07769499999999958,10.30115785203173,0.7284018571244686,0.0,0.09469519957277395,0.006695961776372192,-0.0001699999999997459,16.330570472023386,1.1547457121412534
R:A:PRO:362,0.0,3.880581924686039,0.27439857938954426,-3.4999999999993925e-05,1.1358429101662784,0.0803162224141238,-0.0029099999999999326,2.000591604975888,0.14146318902633293,0.002939999999999976,1.14248035945919,0.08078556095460375,0.0,0.07233313957802436,0.005114725350013407,-4.999999999668603e-06,4.654236287029938,0.32910420398033674
R:A:HIS:363,0.0,4.086629097917988,0.2889683147332073,-4.999999999999893e-05,1.4321540163508952,0.10126858166652676,-0.0015799999999995152,6.221723469795165,0.4399422856159657,0.0015350000000000773,5.091359898227093,0.3600135109497628,0.0,0.2233604432765641,0.015793968408969166,-9.499999999938613e-05,9.13418200749228,0.6458842038089943
R:A:GLU:364,0.0,4.171015601595132,0.29493534163228047,-3.5000000000011686e-05,1.2159203331530402,0.08597855129551207,-0.08093499999999995,15.890824510322775,1.1236509769894631,0.08080999999999997,15.008406010656163,1.061254566493591,0.0,0.15903174911819629,0.011245242822543433,-0.0001599999999996271,22.28613199057045,1.5758675056950815
R:A:CYS:365,0.0,3.6148305255986757,0.2556071177490955,-3.999999999999559e-05,1.0266072364833594,0.0725920938532565,-0.0045250000000005034,2.63514957546531,0.18633321342523723,0.004624999999999982,1.9143619091945494,0.13536582876366915,0.0,0.09099295069690637,0.0064341732477955675,5.999999999942274e-05,4.973730659005022,0.35169586767778865
R:A:TYR:366,0.0,4.275281091057056,0.30230802509650656,-9.999999999998011e-05,1.7017024602438584,0.12032853492002635,-0.004195000000000064,2.341992356024032,0.1656038676431652,0.004205000000000047,1.3901547021734666,0.09829878168052235,0.0,0.06276442079360287,0.004438114756040253,-9.000000000014107e-05,5.347449610320565,0.37812178815110326
R:A:ALA:367,0.0,3.20188123201814,0.2264071931713964,-6.500000000000616e-05,0.9131472136380858,0.06456925869850914,-0.0008300000000005525,2.9228409386673775,0.20667606480613565,0.0007849999999999713,2.047739252169328,0.14479703113108014,0.0,0.10538329020264356,0.007451723912603911,-0.00011000000000031206,4.8819281122527745,0.34520444734391775
R:A:LYS:368,0.0,4.573221048183655,0.3233755615035713,-0.00010000000000001785,1.6428850497828504,0.11616951594114522,0.1006050000000009,17.320000028908055,1.2247089470592085,-0.10028999999999984,16.1018050775899,1.1385695559707802,0.0,0.19109890771564134,0.013512733352307222,0.00021500000000129304,24.143331762475434,1.7071913609682938
R:A:VAL:369,0.0,4.854985659499933,0.34329932823958453,-0.00020000000000002682,1.4550923812425105,0.10289056900294602,-0.006035000000000252,4.95406836245474,0.3503055333553482,0.007114999999999998,1.3363691072735107,0.09449556579213121,0.0,0.03618035521168912,0.0025583374515923425,0.0008799999999996633,7.21236191138196,0.5099910015909753
R:A:PHE:370,0.0,4.324838822800221,0.3058122859140881,-0.0004349999999999632,2.246898777398528,0.1588797362138262,-0.006779999999999547,2.5152192975066807,0.17785286214382381,0.007195000000000003,2.08595315586784,0.1474991621751629,0.0,0.29274799674924995,0.0207004093680172,-1.9999999999155137e-05,5.875033194093519,0.41542758112395894
R:A:ASP:371,0.0,12.92691351476446,0.9140708206101976,-0.00018499999999999073,0.9876411068171476,0.06983677240089924,-0.12700499999999987,16.170436567664925,1.1434225351742788,0.1265349999999998,16.912256920998892,1.1958771554007437,0.0,0.14767562752238841,0.01044224376370596,-0.000654999999999859,26.750883892234086,1.8915731402932705
R:A:GLU:372,0.0,4.102064416461545,0.29005975657439964,-0.0003049999999999642,1.286679213858295,0.09098195973309764,-0.18005500000000008,16.91212552052447,1.195867863984092,0.1812700000000006,16.355081076274125,1.156478873588921,0.0,0.15576792835652925,0.011014455843228214,0.000910000000000224,23.916843565929735,1.6911762270046764
R:A:PHE:373,0.0,4.406124276044651,0.31156003543418404,-0.000899999999999963,1.7899461346643926,0.1265683049779841,-0.01523499999999963,2.50911681909691,0.17742135175726448,0.014714999999999995,1.2207585916449657,0.08632066783438946,0.0,0.044858368777643626,0.0031719656755638706,-0.0014199999999991641,5.514142664562587,0.3899087670542263
R:A:LYS:374,0.0,4.756552669234307,0.33633906474865516,-0.0006350000000000189,1.5344756942600948,0.10850381689772484,0.11781000000000005,16.14036137931087,1.1412958982112174,-0.11428999999999995,14.24759459778913,1.0074570755693515,0.0,0.2177160535732999,0.015394849785485403,0.002884999999999289,22.10276060833032,1.5629011909093269
R:A:PRO:375,0.0,3.368943027241631,0.23822024599936928,-0.000519999999999976,0.958328038721606,0.06776402547812518,-0.009764999999999802,2.2080037346152745,0.15612944136316825,0.011809999999999998,1.4344777735294472,0.10143289611240526,0.0,0.08583499087239777,0.006069450410895787,0.0015250000000000964,4.3827553400895045,0.3099076021258842
R:A:LEU:376,0.0,6.716424759513054,0.4749229492780907,-0.0017200000000000015,1.4249160074720195,0.10075677715047261,-0.024174999999999825,4.096661937977675,0.28967774365728377,0.038665000000000005,0.8986591778171521,0.06354479986100356,0.0,0.13600958278404696,0.00961732982929527,0.012770000000000899,8.04670573198182,0.5689880189297006
R:A:VAL:377,0.0,4.385689144820914,0.31011505344790985,-0.0025799999999999777,1.3177660724878297,0.09318013258737079,-0.00904499999999981,2.5867354225886725,0.18290981584479,0.020739999999999998,1.4852632274953823,0.10502397000090026,0.0,0.14042265457025327,0.009929381127884222,0.009115000000000349,5.466964625835945,0.38657277594355727
R:A:GLU:378,0.0,3.901576091626307,0.2758830911704268,-0.001305000000000054,1.2318135101852878,0.08710236862092213,-0.16265500000000024,18.083181928664406,1.2786740567188633,0.16214000000000076,17.44623622558602,1.2336351941294272,0.0,0.15318351671714028,0.010831710343669275,-0.0018199999999995954,25.458510420221835,1.800188535704724
R:A:GLU:379,0.0,4.227712526910977,0.29894441966860663,-0.001954999999999969,1.7885808168699004,0.12647176243088812,-0.38230000000000003,9.978018690892496,0.7055524679136201,0.38962500000000033,9.049304844465954,0.6398824820546152,0.0,0.06394444117275533,0.004521554797243956,0.005370000000000772,14.231213532376882,1.0062987593257453
R:A:PRO:380,0.0,3.6987387393475086,0.2615403244430005,-0.005419999999999972,1.2096041698630176,0.08553193110616641,0.02292000000000037,1.717058751572001,0.12141438869322693,-0.014525000000000012,0.941959306804174,0.0666065813443011,0.0,0.004316207722689908,0.0003052019749723779,0.0029749999999998653,4.356536150587311,0.30805362545646253
R:A:GLN:381,0.0,4.1079752759662505,0.29047771745824147,-0.005649999999999973,1.4520926355780475,0.10267845495282835,0.005324999999999492,3.6100931096268147,0.2552721318531951,0.015244999999999976,3.1104342291511324,0.21994091358675175,0.0,0.15033430742495474,0.010630240822516863,0.014919999999999475,6.458653702459123,0.4566957830344448
R:A:ASN:382,0.0,10.376772764629184,0.7337486388701174,-0.0015599999999999926,0.9553614781850898,0.06755425797090808,0.025694999999999836,8.937016379120886,0.6319424885251623,-0.012729999999999995,4.281689693041756,0.30276118168863725,0.0,0.12157372379506354,0.008596560450958976,0.0114050000000001,14.38082185138396,1.0168776650149278
R:A:LEU:383,0.0,4.139557410587514,0.29271091161374563,-0.003920000000000079,1.2466658786539397,0.08815258966700863,0.030514999999999758,2.8830814733675147,0.20386464605314722,-0.0076450000000000025,1.1079251448879568,0.07834213829973624,0.0,0.0875335630259642,0.006189557599707933,0.01894999999999945,5.31389032648925,0.37574878843421455
R:A:ILE:384,0.0,4.379078065780512,0.309647579565867,-0.01654000000000002,1.706520385975509,0.12066921371563667,0.034484999999999176,2.087260826316395,0.14759162843933593,-0.02189,0.9175858772616327,0.06488311961327076,0.0,0.03134673030970292,0.002216548557001682,-0.003945000000001206,5.223805198385187,0.3693788079375704
R:A:LYS:385,0.0,4.894180877818063,0.3460708487058682,-0.0032400000000000605,1.4019802768762477,0.09913497608689882,0.021909999999999243,16.111367857817037,1.1392457466453405,-0.009060000000000108,14.518669209571172,1.0266249451892107,0.0,0.2082148570082248,0.01472301373343031,0.009609999999999102,22.27846131255655,1.575325106851089
R:A:GLN:386,0.0,4.813922886607138,0.34039575172290265,-0.0017499999999999849,1.2242746631985815,0.08656929163825935,0.017944999999999958,5.785461414474648,0.4090938998468139,-0.0004299999999999782,4.722770530472553,0.333950306808513,0.0,0.17251015200011852,0.012198309830280585,0.015765000000000667,8.97098584457517,0.6343444924627629
R:A:ASN:387,0.0,5.040574701355987,0.3564224552406175,-0.004630000000000019,1.3289051265421472,0.09396778265315194,0.018775000000000333,6.454300247910304,0.456387947311139,0.03189499999999998,4.296925927331654,0.30383854614725064,0.0,0.0965157257662333,0.006824692418044475,0.04604000000000042,9.343674949171241,0.6606975917761854
R:A:CYS:388,0.0,3.32193826962513,0.2348965077135035,-0.00734999999999999,0.9762950905079877,0.06903448789373322,0.009195000000000491,2.836655092441624,0.2005818051752825,-0.004744999999999998,1.9334469035572197,0.13671534165694427,0.0,0.06614866893036647,0.0046774172367126015,-0.0028999999999994404,4.876231194242256,0.3448016144082076
R:A:GLU:389,0.0,3.956415751940132,0.2797608407390141,-0.0016499999999999738,1.1407793909209616,0.08066528431580713,0.04301000000000016,16.619511092144073,1.1751768993260119,-0.03854500000000019,16.19994133179114,1.1455088370533746,0.0,0.1489309963995917,0.010531011748302059,0.002815000000000545,23.571657382500995,1.6667678778972397
R:A:LEU:390,0.0,4.34339952562506,0.30712472579719136,-0.001634999999999982,1.3085884629152895,0.09253117759098821,0.01685499999999962,2.3281227290834567,0.16462313691694436,-0.005074999999999999,1.1861049456835595,0.08387028502917465,0.0,0.13474880140565854,0.009528179123070054,0.010144999999999548,5.236666957885069,0.37028827167360606
R:A:PHE:391,0.0,4.191652136562623,0.2963945650138511,-0.009830000000000122,1.3558207311809332,0.09587100330913409,-3.499999999974079e-05,2.4800032208396425,0.175362709482019,0.0006949999999999956,1.5909622027172736,0.11249801621528709,0.0,0.11347789569374025,0.008024098955982346,-0.009169999999999795,5.301193396558089,0.3748509799087571
R:A:GLU:392,0.0,3.8438921206961574,0.2718042184693792,-0.0024149999999999805,1.1219693620037046,0.07933521441563639,0.24493000000000018,15.466167084934133,1.0936231624721102,-0.22493499999999977,14.909372969185357,1.0542518729750376,0.0,0.18078660088390455,0.012783543143267479,0.01758000000000031,21.85311722188071,1.5452487377656374
R:A:GLN:393,0.0,4.559085734311212,0.32237604387423086,-0.0007500000000000263,1.0376561445392207,0.07337336963435713,-3.499999999935e-05,5.983380100108549,0.4230888643203399,0.004075000000000078,4.7734681502106,0.337535169879192,0.0,0.10201907391442903,0.0072138378975264384,0.003290000000000326,8.969907273879278,0.6342682259974575
R:A:LEU:394,0.0,4.670824417680459,0.3302771619473559,-0.0009949999999999681,1.3491024708579404,0.09539595056591763,0.004165000000000632,3.4562889770496623,0.24439653734121317,-4.500000000000517e-05,2.3529109399794548,0.1663759281187486,0.0,0.1271186138822401,0.008988643389116638,0.003125000000000934,6.413654242631135,0.4535138407150346
R:A:GLY:395,0.0,3.0299668831193523,0.21425101298243612,-0.0009799999999999941,0.780622481453103,0.055198345018215904,-0.02524999999999956,2.216086629692079,0.15670098835521104,0.030049999999999993,1.3712331430869078,0.09696082540644958,0.0,0.03282593592646936,0.00232114418924016,0.0038200000000007807,4.072157732261786,0.2879450346543542
R:A:GLU:396,0.0,3.757525384338741,0.2656971679746512,-0.007554999999999994,1.3803537234618524,0.09760574782959762,0.032789999999999854,12.842195199191998,0.9080803310669987,0.037310000000000086,12.481175443128343,0.8825523793015063,0.0,0.18282397525804575,0.012927607266844573,0.06254499999999986,18.351008582583525,1.2976122610357343
R:A:TYR:397,0.0,4.5081316460591525,0.31877304574100995,-0.0016949999999999665,1.3796773357111438,0.09755791999307387,-0.020379999999999114,3.5339298569156696,0.24988657660626756,0.020684999999999974,2.1833568241986923,0.154386641614082,0.0,0.10706138146553858,0.007570382883748208,-0.0013899999999986545,6.284419613906389,0.44437557248149523
R:A:LYS:398,0.0,4.91414327709317,0.34748240349548637,-0.0009150000000000125,1.02131166588608,0.07221764046529766,-0.02736999999999952,12.464558093913718,0.8813773552700057,0.033350000000000025,11.874848197890785,0.8396785686289427,0.0,0.14993264425656144,0.010601838947504485,0.005065000000001341,17.93297492509229,1.2680528176381076
R:A:PHE:399,0.0,4.345951223696603,0.3073051580981842,-0.006059999999999856,1.4515247632059194,0.10263830031231032,-0.00959499999999963,2.044607097091028,0.14457555432152078,0.0076450000000000025,1.0192002013711534,0.07206833737762373,0.0,0.02928954388096394,0.002071083509609055,-0.00800999999999936,5.119986453720435,0.3620377141008983
R:A:GLN:400,0.0,4.075745428139495,0.2881987230627505,-0.004779999999999984,1.6433430998273004,0.11620190497040056,-0.01271499999999996,5.788850681203912,0.4093335571955651,0.044610000000000004,2.674535297187158,0.18911820451638175,0.0,0.06185861867932222,0.004374064874298158,0.027115000000000257,7.744677855962112,0.5476314230056101
R:A:ASN:401,0.0,4.5065397627004256,0.3186604825892286,-0.0009050000000000224,1.2295744332796612,0.08694404197456546,-0.02049500000000002,3.3747145290935348,0.23862835280908049,0.021049999999999996,2.088632920105876,0.14768865012163254,0.0,0.06903757135079976,0.004881693485880062,-0.00035000000000017905,6.1299759978207105,0.4334547596569797
R:A:ALA:402,0.0,3.142374310923191,0.22219941842801927,-0.0007349999999999967,0.7685025607471975,0.054341337206357,-0.0048149999999999695,1.9641342036314624,0.13888526145482463,0.01366000000000001,1.1568257464933949,0.08179993299966694,0.0,0.07983296813639557,0.005645043313149488,0.008109999999999477,3.9582262159016968,0.2798888598734457
R:A:LEU:403,0.0,5.484506699672269,0.3878131878801313,-0.003830000000000018,1.450092227877248,0.10253700476779103,-0.00013500000000000512,3.477328006641738,0.24588422139062727,0.01222500000000001,0.8521137762499793,0.06025354295288368,0.0,0.06832343416264283,0.004831196361035737,0.008260000000000135,6.7085883204446075,0.47436882935752533
R:A:LEU:404,0.0,6.011173936258208,0.425054185322001,-0.0013249999999999584,1.4701893541564637,0.10395808619523061,-0.008139999999999361,4.552425354572,0.32190508390634337,0.010605000000000002,0.7502422391301359,0.053050137482149845,0.0,0.0025271364012510286,0.00017869552863079702,0.0011400000000009846,7.719009991039549,0.5458164308710777
R:A:VAL:405,0.0,4.046896164815698,0.2861587720899012,-0.0005049999999999555,1.1511593687126904,0.08139925958431686,-0.004630000000000117,2.37029508228406,0.16760517260961844,0.007270000000000002,1.1673518459744687,0.08254424063191809,0.0,0.07447451464426934,0.005266143433053969,0.002134999999999889,4.968811932817191,0.35134806121356715
R:A:ARG:406,0.0,6.285076086651615,0.4444219921144766,-0.0014699999999999225,1.286348059955003,0.09095854361603423,0.2073399999999997,11.123431235324826,0.7865453656560439,-0.18047999999999992,9.439747990425909,0.6674909816722244,0.0,0.24520300679154647,0.01733847088696336,0.025389999999997456,15.939151854180936,1.1270682362453472
R:A:TYR:407,0.0,4.708482023492285,0.33293995679063515,-0.003595000000000006,1.4729501946349033,0.10415330709763851,-0.00023500000000019837,2.9927802261567753,0.21162151925164652,-0.005259999999999944,1.6175799566482023,0.11438017564573853,0.0,0.05783581603851261,0.004089609771628995,-0.009090000000000202,5.992998299788416,0.4237689737419839
R:A:THR:408,0.0,4.072889766148846,0.287996797266914,-0.0004000000000000137,1.4748286743720436,0.10428613567368385,3.0000000000178772e-05,2.843048071093769,0.20103385703097376,0.0024499999999999704,1.3449351168550847,0.09510127413841521,0.0,0.004543673039050235,0.000321286201740691,0.0020800000000000198,5.353068663300957,0.3785191151977314
R:A:LYS:409,0.0,4.754576711001726,0.33619934340209523,-0.0003700000000000037,1.2892594854217672,0.09116441248508103,0.14104999999999954,11.504893395809889,0.8135188137005499,-0.13960500000000003,10.959759373132924,0.7749720172915116,0.0,0.12458833098626351,0.008809725369710098,0.00107499999999923,16.636183743265548,1.176355833792847
R:A:LYS:410,0.0,5.137635060370677,0.3632856590449863,-0.0008850000000000335,1.3941688230895855,0.09858262289255139,0.2951600000000012,10.260693666178229,0.7255406071032483,-0.27256500000000006,9.327333432582702,0.6595420720567226,0.0,0.06950590984020602,0.004914810018055046,0.021710000000001898,14.85344455895846,1.0502971371617953
R:A:VAL:411,0.0,4.140369278192466,0.29276831932263436,-0.000714999999999979,1.539329840084639,0.10884705684066519,-0.0009450000000001423,2.4167902744497716,0.17089287917691307,0.005025000000000002,0.7594156355876536,0.053698794566312186,0.0,0.012354477333830355,0.0008735934700766941,0.003364999999999786,5.092144350638069,0.3600689801116947
R:A:PRO:412,0.0,3.384340104592031,0.23930898377986146,-0.0002099999999999991,1.0115667014586829,0.07152856742239425,0.0008900000000003771,2.7263626143178388,0.19278294925576275,-0.005055000000000005,1.804356596788728,0.12758727852679907,0.0,0.018782116760787962,0.001328096212659068,-0.004374999999999414,4.813120997449058,0.3403390495967588
R:A:GLN:413,0.0,3.869247403798315,0.2735971077314232,-0.00026500000000003967,1.8792030138798204,0.13287971943406188,-0.005550000000000495,3.7469251603815095,0.26494761895042573,0.0062450000000000075,1.9872931831954237,0.1405228486043284,0.0,0.1049450008526941,0.007420732175456801,0.0004299999999996729,6.041711284549599,0.42721350192763086
R:A:VAL:414,0.0,4.385837526123147,0.3101255455904109,-0.0006099999999999772,1.312564395334568,0.09281231846850935,0.009175000000000644,4.647726152235628,0.32864386793438727,-0.0028150000000000002,2.188744515304379,0.15476760890565894,0.0,0.015188191138492827,0.0010739672947985706,0.005750000000000672,6.881176332434015,0.48657264472044687
R:A:SER:415,0.0,8.32351583940044,0.5885614493353689,-0.00026999999999996363,0.9911315615497269,0.07008358482198239,-0.011895000000000308,7.65110585220692,0.5410148831671592,0.009914999999999972,1.4286220016417919,0.101018830511321,0.0,0.085394748480353,0.006038320572817723,-0.002250000000000565,11.439009203133288,0.8088600977590873
R:A:THR:416,0.0,4.314735152938127,0.30509784856665245,-0.00040999999999999923,1.6563845540664763,0.11712407504330609,-0.013564999999999793,4.7546998165262755,0.3362080482772163,0.016689999999999993,1.5690187651841516,0.11094638086706568,0.0,0.04054395785713635,0.0028668907536922713,0.0027150000000000585,6.814043093072111,0.48182560784086464
R:A:PRO:417,0.0,3.832177958785317,0.27097590213707196,-0.0007450000000000601,0.8875264443243368,0.06275759672641233,-0.011569999999999893,2.2785985423830146,0.16112124809208123,0.01347999999999999,1.3876070114949692,0.09811863274500923,0.0,0.07267532927404094,0.005138921815463955,0.0011650000000005712,4.753528935050262,0.3361252544540508
R:A:THR:418,0.0,5.2399545101842255,0.37052073672603,-0.0014950000000001262,0.9613649790142139,0.06797876958562137,-0.013304999999999723,4.188832469277686,0.2961951844280642,0.024595000000000016,1.5781873891192388,0.11159470048293063,0.0,0.07417927858526509,0.005245267091116699,0.009795000000000114,6.958724117817607,0.49205610121152055
R:A:LEU:419,0.0,4.376725922421919,0.3094812579139486,-0.0013450000000000363,1.4356246724596926,0.10151399411349647,-0.019234999999999686,2.383442157526589,0.16853481121529465,0.016975000000000004,0.853997209114292,0.06038672176791019,0.0,0.009011400039326186,0.0006372022075792267,-0.0036049999999993964,5.2561332704713335,0.37166474783705056
R:A:VAL:420,0.0,4.446639412320275,0.3144248881943031,-0.0017299999999999382,1.221142538097007,0.08634781694837455,-0.017589999999999755,2.4192757143203005,0.1710686263155813,0.019504999999999998,0.8651714826408693,0.0611768622264578,0.0,0.02244371455162554,0.0015870102754469613,0.00018500000000011064,5.2787983062575785,0.3732674078870795
R:A:GLU:421,0.0,3.8623339727164963,0.2731082543315012,-0.006819999999999897,1.3645891293719148,0.09649102269123279,-0.3311150000000002,10.760184046607892,0.7608599106171745,0.32689999999999997,9.352765388910385,0.661340382934537,0.0,0.09504057411687049,0.006720383444590179,-0.011034999999999436,14.833898376906978,1.0489150133743044
R:A:VAL:422,0.0,5.400099989217792,0.3818447321461303,-0.00765499999999999,1.275022199757714,0.09015768436120683,-0.03430500000000006,4.4113108542898,0.31192678189901396,0.02847999999999999,0.6534955439786869,0.04620911306225212,0.0,0.015773923156322523,0.0011153848029751166,-0.013480000000000136,7.118548321058986,0.5033573790024921
R:A:SER:423,0.0,3.78850964332282,0.26788808593841945,-0.003820000000000019,1.3314626331970416,0.09414862568301248,-0.018955000000000197,3.390398438513533,0.2397373726797201,0.03133,1.1727442275918478,0.08292553959275754,0.0,0.003121759254118101,0.00022074171378187678,0.008555000000000484,5.384769113133435,0.38076067550205234
R:A:ARG:424,0.0,5.4095071386587525,0.38250991806226414,-0.011429999999999958,1.758013993047268,0.12431036159045632,0.18032500000000018,11.690558079051444,0.8266472893552455,-0.10669999999999998,9.754804725413523,0.689768857049048,0.0,0.11986721393408292,0.008475891981472866,0.06219499999999982,16.25401834201473,1.149332659116914
R:A:ASN:425,0.0,5.254281582286012,0.37153381370980215,-0.06640499999999994,1.2389600626634418,0.08760770619286296,-0.05980999999999966,5.7939699976570465,0.4096955475334702,0.22821999999999995,3.1347591928806904,0.22166094826728044,-0.0003584519999999999,0.042110162746793744,0.002977638163512699,0.1016465480000008,8.51710477684357,0.6022502543782425
R:A:LEU:426,0.0,4.61519788411613,0.3263437720376321,-0.025585000000000004,1.3330556463910272,0.09426126872621117,-0.02420999999999971,2.4488747779133173,0.1731615961739207,0.049945,0.9152229618377152,0.06471603626130852,0.0,0.027237320098752155,0.0019259693743176292,0.00014999999999999682,5.46922768636543,0.3867327984882208
R:A:GLY:427,0.0,2.6579526842948122,0.18794563671378484,-0.01037499999999995,1.042572176242489,0.07372098556974804,0.029745000000000344,2.911641403431233,0.20588413807497408,-0.00481000000000001,1.3334675578730815,0.09429039526643208,0.0,0.01253987209845587,0.0008867028596030127,0.01456000000000019,4.290409986597113,0.3033777995593303
R:A:LYS:428,0.0,4.551531591871025,0.3218418853396803,-0.15111,1.7160259606136499,0.1213413593442071,0.7291500000000005,21.589938768661433,1.526639210872284,-0.42411000000000015,19.213477510439123,1.3585980237806727,-0.0011982599999999998,0.12832315311467704,0.009073817175062776,0.15273173999999964,29.308033469334397,2.072390920940865
R:A:VAL:429,0.0,5.1137096835663245,0.3615938794269062,-0.10110000000000006,1.3136192511340568,0.09288690803740858,0.07980000000000004,3.6735210045949103,0.25975716131802795,-0.07167499999999999,0.7571469736286344,0.05353837594076794,0.0,0.03523767438678097,0.0024916798512136344,-0.0929750000000001,6.476487633688587,0.45795683240520163
R:A:GLY:430,0.0,3.1571793218314355,0.22324629078889532,-0.024045000000000004,1.059142905218649,0.07489271305257274,0.07001000000000011,3.138604826853805,0.22193287565331551,-0.06024000000000001,1.4366276548744286,0.10158491568018355,0.0,0.014879363664484042,0.0010521298946897383,-0.014274999999999984,4.79630333040333,0.33914986095558164
R:A:SER:431,0.0,6.710030740521984,0.4744708238593286,-0.07993499999999998,1.2839869927592724,0.0907915909535404,0.147965,10.0403379027588,0.7099591016445066,0.004509999999999984,3.6394943469869547,0.25735111328445814,-0.000214019999999999,0.13595004716153924,0.009613120025055535,0.07232597999999987,12.678561505745565,0.8965096816403413
R:A:LYS:432,0.0,4.990896361932394,0.3529096661721665,-1.4305550000000002,1.3961250770167408,0.09872095093431284,0.4113999999999997,15.911145712832875,1.125087902999139,1.3039349999999996,14.134403563648346,0.9994532607883049,-0.2530827,0.17376594461054315,0.012287107777340107,0.0316972999999997,21.905121052502913,1.5489259638937012
R:A:CYS:433,0.0,2.99391720112631,0.21170191552274623,-0.70065,1.0025579896195531,0.07089155529927384,0.017839999999999776,2.2094231932226114,0.1562298122438544,-0.013390000000000004,0.9714950867091403,0.0686950763701446,-0.002173608,0.0047597347170110224,0.0003365640695047527,-0.6983736080000006,3.974171477814536,0.2810163601560821
R:A:CYS:434,0.0,3.24492298576561,0.22945070476629614,-0.037849999999999946,1.1674607456784147,0.08255194100383104,-0.027999999999999546,3.000306009318049,0.21215367248235414,0.075515,1.6551476012957274,0.11703660927408568,0.0,0.07468785976350135,0.00528122921110817,0.00966500000000077,4.862038439201304,0.34379803507488993
R:A:LYS:435,0.0,4.536610648931644,0.3207868153462669,-0.071505,1.6321566138012003,0.11541090095773016,-0.8756300000000001,10.188266000392314,0.720419197740975,1.0039349999999998,9.6264856121419,0.680695325534027,-0.0009237240000000002,0.21190077368949106,0.014983647401451508,0.055876276000000294,14.824292990405652,1.048235809981204
R:A:HIS:436,0.0,4.979655819788151,0.3521148398147258,-1.1106,1.3184956630759161,0.09323172243260337,-2.149044999999999,4.93556375320743,0.34899705988715013,2.598655,2.7906477312937583,0.19732859347006707,-0.241021584,0.11735532497882176,0.00829827461008759,-0.9020115839999994,7.6613758223670825,0.5417410797214426
R:A:PRO:437,0.0,3.5840957863804364,0.2534338434971738,-0.036860000000000046,1.067712339607443,0.07549866356929769,-0.0032599999999996143,2.1015810585723314,0.14860422177296984,-0.00982,1.440113253654031,0.1018313847335388,0.0,0.07540120802813684,0.00533167055063531,-0.04993999999999991,4.5257051072039705,0.32001567709545187
R:A:GLU:438,0.0,4.459359818157759,0.3153243567170161,-0.009384999999999994,1.0100325661952687,0.07142008767759249,0.20336000000000026,12.955520657895226,0.9160936511000115,-0.17063500000000012,13.378969633771316,0.9460360153328597,0.0,0.1887808341482214,0.01334882079842603,0.023339999999999785,19.177696367250206,1.356067914881924
R:A:ALA:439,0.0,2.8637234110856444,0.202495824342133,-0.017215000000000008,0.7482562280228611,0.05290970529000326,-0.0868500000000003,2.105890949289635,0.14890897706820766,0.130235,1.49100352074534,0.1054298700292047,0.0,0.14386299936846025,0.010172650241527425,0.02616999999999897,3.929295599689248,0.2778431563826729
R:A:LYS:440,0.0,4.5517518435817665,0.32185745948750366,-0.51124,1.4990318719093334,0.10599756018418537,-1.620475,17.41789451520117,1.2316311325690719,2.16437,16.02050232461829,1.132820583175244,-0.07108023599999999,0.21928871250878149,0.015506053565262667,-0.038425236000000036,24.14649401080328,1.7074149656919355
R:A:ARG:441,0.0,5.798839709247876,0.4100398881423,-0.08398999999999994,1.4543484146345398,0.10283796261959878,-0.5186149999999999,17.45614379550578,1.2343357651169615,0.600605,14.996781089966438,1.0604325604685452,0.0,0.1863223794235216,0.013174981797718496,-0.002000000000000739,23.778073651654882,1.6813637122638339
R:A:MET:442,0.0,4.140053210859734,0.29274596998720576,-0.06298500000000003,1.2385079849863705,0.08757573947375494,-0.20281000000000013,2.286281551231169,0.16166451885772587,0.188335,1.4306447221707423,0.10116185845156761,0.0,0.05662838566556527,0.004004231551176829,-0.0774599999999991,5.0942101492049865,0.360215054129218
R:A:PRO:443,0.0,3.56209738243496,0.2518783214366611,-0.6019249999999999,1.117051660656301,0.07898748041857645,-0.4523999999999998,3.6558221987331385,0.2585056667536516,0.9012049999999999,2.1053193663610754,0.1488685600517282,-0.053479476,0.06255910392394302,0.004423596660957406,-0.2065994760000008,5.633618854620337,0.3983570094722431
R:A:CYS:444,0.0,3.253490229153916,0.23005650035589084,-2.0724,0.8347983325031261,0.059029156183618266,-0.6955050000000006,1.9745285564850663,0.13962025319370752,1.1111950000000002,1.042111532358701,0.07368841312835417,-0.21183832800000002,0.03588173141468622,0.0025372215604039,-1.868548328,4.033377479489034,0.2852028566831801
R:A:ALA:445,0.0,3.512712202493964,0.24838626187402146,-0.175055,1.1295929646005236,0.07987428452496459,-0.18427500000000024,1.6882468704768865,0.11937708104311734,0.13034,0.6717685322713471,0.047501208455680365,0.0,0.0066256428501657106,0.0004685036989072338,-0.22899000000000022,4.112982085907155,0.29083175238437403
R:A:GLU:446,0.0,3.9086225890715003,0.27638135378313783,-0.10981999999999996,1.9637984458059845,0.13886151979130143,-0.9850900000000006,8.115641759722394,0.573862532198043,0.8268050000000002,6.386049372254727,0.45156188161134125,0.0,0.006725227433418144,0.000475545392319177,-0.26810500000000065,11.215130309776121,0.7930294693933481
R:A:ASP:447,0.0,11.166572322048966,0.7895959011530835,-1.676885,1.6578999863607575,0.11723123228847762,-3.1349099999999996,9.888190593377029,0.6992006622241929,5.348505,10.275248875695178,0.7265698158383509,-0.284006052,0.08245042666781392,0.005830125580853538,0.25270394800000057,18.188040590718057,1.2860886838192918
R:A:TYR:448,0.0,4.6733252977671045,0.3304540008741761,-3.15224,1.2662889279307468,0.08954014878812744,-0.3327649999999997,2.162517582905398,0.15291308473075488,0.95533,1.1998215355210124,0.0848401943980564,-0.386614692,0.057263882989377936,0.004049167997886212,-2.9162896920000003,5.437167475213545,0.38446579921704366
R:A:LEU:449,0.0,4.573169756170222,0.3233719346105194,-0.12559499999999998,1.3369960674867372,0.09453989857396188,0.037584999999999556,1.9434446330870863,0.13742228789164804,-0.08703999999999999,0.8003091697275497,0.0565904040960126,0.0,0.03558709384797764,0.0025163875382627054,-0.17505000000000062,5.207703750550578,0.368240263642493
R:A:SER:450,0.0,6.2623174092503495,0.4428127106023494,-0.176565,1.1550951256390098,0.08167755962548709,0.2710300000000007,6.071932147932813,0.4293504396707891,-0.082165,1.3736963191604614,0.09713499825693621,-0.007737551999999998,0.04696608332491454,0.00332100360048195,0.004562448000000625,8.905530387508252,0.6297160927069947
R:A:VAL:451,0.0,3.8274326225291024,0.270640356192494,-1.11622,1.0539006819193164,0.07452203188822752,0.23169999999999993,2.459614947872939,0.17392104087487517,0.0027499999999999972,0.6569476948357457,0.04645321699032264,-0.16024237200000002,0.03236114655695747,0.002288278617739632,-1.042012372,4.7161722123674075,0.3334837352608556
R:A:VAL:452,0.0,5.1792954600215655,0.3662314941549948,-0.21049500000000002,1.3245183197581678,0.09365758857068124,0.09048499999999987,3.747440120038611,0.2649840320969831,-0.11034,0.7613530107643891,0.053835787678829405,-0.007212924000000001,0.011759577884777326,0.0008315277266217404,-0.237562924,6.5728650061842915,0.4647717417696671
R:A:LEU:453,0.0,4.72071565099509,0.33380500488720954,-0.022875000000000027,1.3786231331205059,0.09748337661301541,0.07212000000000007,2.3287345767068426,0.16466640107729927,-0.037265000000000006,0.7728857885062967,0.05465127821355142,0.0,0.012681416391392248,0.0008967115525403695,0.011980000000000168,5.496023652593909,0.38862755943108107
R:A:ASN:454,0.0,4.264480118226604,0.3015442809833242,-0.021665000000000045,1.6252092623336234,0.11491964902432918,0.05989499999999957,3.84822891001497,0.27211087578297016,0.04944,1.9315254831220838,0.13657947671502477,0.0,0.014014558301239752,0.000990978921014085,0.08767000000000025,6.274308620780012,0.44366061730107603
R:A:GLN:455,0.0,3.8914087642138036,0.2751641525544343,-0.03817000000000006,1.2890754211837259,0.09115139717799174,-0.04623000000000012,3.6515130747540807,0.2582009656749951,0.153665,2.0322701354827317,0.14370319940027432,0.0,0.03147718145179889,0.002225772845720641,0.06926499999999962,5.8540104256250824,0.4139410469096243
R:A:LEU:456,0.0,5.181524090921512,0.36638908215720617,-0.00550499999999996,1.4127792576956246,0.09989857934362731,0.03461499999999994,2.992295868438647,0.21158726998894567,-0.0015949999999999897,0.719872967942956,0.05090270572253503,0.0,0.020412938326051934,0.0014434127114294093,0.0275149999999998,6.190040830081503,0.4377019846772236
R:A:CYS:457,0.0,3.194716554437967,0.22590057396120086,-0.003330000000000011,1.0495166446988824,0.07421203364347322,0.01277999999999949,1.923072618948645,0.13598176895727604,0.021529999999999997,1.161148000170521,0.08210556248817738,0.0,0.02417829290832585,0.0017096634872991818,0.03097999999999888,4.044101459730945,0.2859611565982167
R:A:VAL:458,0.0,4.197967546706383,0.2968411319477138,-0.0033700000000000106,1.30607313711752,0.0923533171981386,0.011544999999999882,2.417849662587606,0.17096778923053021,0.004644999999999995,1.2223433028306736,0.0864327238369531,0.0,0.04201963866609954,0.0029712371443807437,0.012819999999999885,5.164362918461834,0.3651756040152712
R:A:LEU:459,0.0,3.996706518816461,0.28260982818675995,-0.0018199999999999994,1.443899170077329,0.10209908945113073,0.01749999999999993,2.801990352802807,0.19813063792861516,-0.007980000000000004,0.9066230867069291,0.06410793325907488,0.0,0.05014496003364198,0.003545784128211665,0.007699999999999902,5.170506521267212,0.36561002233573114
R:A:HIS:460,0.0,4.403982813295256,0.31140861115100843,-0.0011150000000000216,1.2321223747562577,0.08712420864418224,0.0024449999999997373,2.987215673612302,0.2112280459677999,-0.016065000000000017,2.284923638193408,0.1615684999059996,0.0,0.11265197085381663,0.007965697250476304,-0.014735000000000352,5.922010988318262,0.41874941281010913
R:A:GLU:461,0.0,3.895275190015463,0.2754375501447651,-0.0007150000000000345,1.2791042584852104,0.09044632950194828,-0.2221450000000001,18.1608807264261,1.2841681913975969,0.22259500000000051,16.509431467493815,1.167393094419945,0.0,0.17614451136252768,0.01245529784532342,-0.0002649999999992048,24.884115807845337,1.75957270315588
R:A:LYS:462,0.0,5.054666935491397,0.3574189266725392,-0.0006250000000000022,1.5927069536405625,0.11262138873622099,0.17422999999999988,12.1687998785213,0.8604640913004447,-0.166545,11.64531751117053,0.823448298121913,0.0,0.2348512718197843,0.01660649268740546,0.007060000000000235,17.658840245278718,1.2486685685326497
R:A:THR:463,0.0,5.528803732725552,0.3909454611259734,-0.00033500000000000305,1.3088859433789486,0.0925522126363006,-0.006060000000000052,5.714271636613017,0.4040600223791015,0.009364999999999998,2.4136244924542427,0.1706690245852334,0.0,0.09910446854122225,0.007007744175138712,0.002970000000000037,8.412440689302649,0.5948493857735537
R:A:PRO:464,0.0,3.756048499413979,0.26559273644011805,-0.00021999999999999575,0.9624071557038633,0.06805246260606591,1.0000000000118802e-05,1.953139383019041,0.13810781023352736,-0.0004250000000000087,1.5186396679512228,0.10738404073871965,0.0,0.07416605153482425,0.0052443317974105175,-0.0006349999999996836,4.600070473055306,0.3252741025433416
R:A:VAL:465,0.0,4.387413491705563,0.3102369831854352,-0.00036499999999996203,1.2182158780671841,0.08614087083304302,0.007360000000000006,2.8017170000555014,0.19811130897048757,-0.005064999999999986,1.546867107276834,0.1093800221149868,0.0,0.06526774484230323,0.004615126497074592,0.0019299999999998806,5.565979064573169,0.3935741540502044
R:A:SER:466,0.0,7.920688248249012,0.5600772372001472,-0.00017999999999999017,1.5248919899455173,0.10782614666675239,-0.01026000000000046,8.956870544166083,0.633346389998988,0.009170000000000005,2.042639758817007,0.14443644249807594,0.0,0.07631063941238077,0.0053959770605175855,-0.0012700000000004502,12.225642246928688,0.8644834537164015
R:A:ASP:467,0.0,13.044305784193728,0.922371707587429,-0.0001550000000000007,1.2353965259684845,0.08735572609666181,-0.18300499999999986,23.5547251047932,1.6655705850584281,0.18232500000000013,15.422473614390624,1.0905335675406214,0.0,0.12211855999528536,0.008635086188140252,-0.000834999999999475,31.054352320722618,2.1958743111339163
R:A:ARG:468,0.0,6.433934014547399,0.45494783713932524,-0.0004399999999999915,1.8542342417289137,0.13111416062348108,0.19296999999999997,17.38196111489581,1.2290902574663707,-0.18803999999999996,15.003305776553045,1.060893925481596,0.0,0.2653244289438754,0.01876127029206626,0.004489999999997849,23.919361300081665,1.6913542576938818
R:A:VAL:469,0.0,4.379033803197916,0.30964444972863636,-0.0006600000000000206,1.3599014783983434,0.09615955571210799,-0.01511999999999965,3.193770827149312,0.22583370094330474,0.02252000000000002,1.2815828481803273,0.0906215922600679,0.0,0.014787301178147689,0.0010456200938516054,0.006740000000000155,5.73307198959477,0.4053894080873114
R:A:THR:470,0.0,4.614224069109562,0.3262749129181556,-0.0003749999999999476,1.2988687877052862,0.09184389276579581,-0.013500000000000477,4.496429967296278,0.3179456121005604,0.01263,1.4681695744531693,0.10381526620276038,0.0,0.09657147678855904,0.006828634610638937,-0.0012450000000007665,6.735046717573986,0.4762397205604763
R:A:LYS:471,0.0,4.986164186145498,0.35257505081329843,-0.000550000000000006,1.5526251207390662,0.10978717515151758,0.21123999999999904,23.20567022876521,1.640888678073866,-0.20267500000000005,20.615618259163973,1.4577443469408053,0.0,0.1442895411646226,0.010202811301180012,0.008014999999998924,31.476978007779184,2.2257584600560483
R:A:CYS:472,0.0,3.1093683653115143,0.2198655456318702,-0.0010649999999999959,1.0411452171887454,0.07362008432741027,-0.016325000000000076,2.335648134367632,0.16515526342770612,0.026505,0.9119298927960416,0.06448318111628024,0.0,0.01098765353767728,0.0007769444325819963,0.0091149999999993,4.1278498107314014,0.29188305928877806
R:A:CYS:473,0.0,3.4200086602156436,0.24183113153552005,-0.0013449999999999873,0.9817734076022838,0.06942186341041992,-0.01625500000000045,2.3026774873774656,0.16282388662102065,0.020094999999999995,1.3139556896543354,0.09291069783332273,0.0,0.020249443673894058,0.0014318518937065524,0.0024949999999995544,4.437291005224257,0.3137638559892144
R:A:THR:474,0.0,5.269367936361059,0.37260058003678687,-0.0006349999999999988,1.289508896586216,0.09118204851764958,-0.0008749999999996305,5.581988249062784,0.3947061743415917,0.0015549999999999841,2.497868541511943,0.17662597842156458,0.0,0.12431575463858202,0.008790451311326435,4.500000000015269e-05,8.175724195037791,0.578111001942215
R:A:GLU:475,0.0,3.8059972690413217,0.2691246478116599,-0.0005250000000000132,1.492095940070544,0.1055071157404798,-0.2312250000000001,18.463532552279236,1.3055689072375212,0.23375999999999963,17.334740384193815,1.2257512475771744,0.0,0.10891869833554214,0.007701715019107378,0.0020099999999991527,25.65383182461535,1.8139998446604775
R:A:SER:476,0.0,5.132741438213111,0.36293962770376836,-0.0012800000000000456,0.9319037786971357,0.06589554813301123,-0.012355000000000053,4.255312486583683,0.3008960315331111,0.024559999999999985,1.3028377599494112,0.092124541484612,0.0,0.04164501577985591,0.002944747306055689,0.010924999999999971,6.857133819524329,0.4848725823289265
R:A:LEU:477,0.0,4.804115076010357,0.3397022347847449,-0.00620000000000001,1.0756824990442113,0.07606223894778537,-0.042459999999999526,2.598806136324909,0.18376334419845541,0.080235,1.4452628851786793,0.10219551867070786,0.0,0.062109683882533094,0.004391817865069196,0.03157500000000082,5.75178670124397,0.40671273803882135
R:A:VAL:478,0.0,4.195419339684652,0.2966609465012205,-0.006245000000000079,1.3192162662637994,0.09328267677267306,-0.035735000000000454,2.8049063189837553,0.19833682787464108,0.042255,1.3998291278491815,0.09898286688046068,0.0,0.05922283827886779,0.004187687054810166,0.00027499999999939904,5.40114833928849,0.38191886169053507
R:A:ASN:479,0.0,9.05033257509358,0.639955153584218,-0.002475000000000049,1.0549790311541742,0.07459828269387306,0.0008450000000001978,7.192940199840049,0.5086176791976218,0.02283000000000003,3.714590986306568,0.26266124757518,0.0,0.13641684031762752,0.009646127285663683,0.021200000000000364,12.189203622235633,0.8619068538546444
R:A:ARG:480,0.0,5.604169172517904,0.39627460248040125,-0.008144999999999972,1.5034785036291674,0.10631198452843875,0.63076,8.114492637445055,0.5737812769825711,-0.46977,5.399990902316411,0.38183701853735974,0.0,0.0167007567461013,0.0011809218346115209,0.1528449999999995,11.343382703082925,0.8020982830944126
R:A:ARG:481,0.0,5.270628640110211,0.3726897252537962,-0.010305000000000017,2.6288222733526507,0.1858858056021895,0.6254950000000001,9.75895261295878,0.690062156990133,-0.4512700000000001,6.850470350443099,0.48440140391157,0.0,0.036493260523098675,0.0025804631983490406,0.1639200000000031,13.298784331252374,0.9403660582165959
R:A:PRO:482,0.0,3.9073287118183444,0.2762898628451649,-0.002454999999999963,1.147048180755717,0.08110855469600602,0.01986500000000042,2.502168037997249,0.17692999873360937,-0.030070000000000027,1.5703971928623661,0.11104385042292976,0.0,0.0582361492395137,0.004117917603745194,-0.012659999999999616,5.031234527824981,0.3557620052364941
R:A:CYS:483,0.0,3.323099400251218,0.2349786120474585,-0.0010500000000000132,0.8922573359463064,0.06309212128110767,0.032924999999999933,3.128867938739985,0.22124437369202185,-0.006984999999999999,1.8903337895395618,0.1336667841289488,0.0,0.06450905689652478,0.004561479157948149,0.024889999999999923,5.020602614215916,0.3550102154154982
R:A:PHE:484,0.0,4.267502415136985,0.3017579896473331,-0.0028449999999999778,1.2516259252967716,0.08850331792862344,0.025155000000000597,2.697015053994879,0.19070776336419817,-0.03519000000000001,1.5462236654992705,0.1093345239105654,0.0,0.027869537521892827,0.0019706738970263348,-0.012879999999998996,5.4261974582963415,0.38369010188185515
R:A:SER:485,0.0,3.6101388586521153,0.25527536679779733,-0.001114999999999975,1.1225019635951645,0.07937287503533559,0.004389999999999645,3.0402881596898017,0.2149808374477828,-0.013920000000000012,1.9227712495250182,0.13596045892096717,0.0,0.09259078533635624,0.006547157218672544,-0.01064500000000039,5.219395334950611,0.3690669835037008
R:A:ALA:486,0.0,3.5647960075998744,0.25206914305206024,-0.00035999999999998923,0.7616021756468399,0.05385340629663085,0.012595000000000028,2.84777136862758,0.2013678446025457,-0.012575000000000008,2.49724849818255,0.17658213473728027,0.0,0.12968631713425732,0.00917020742727425,-0.000339999999999967,5.258391276830952,0.37182441299793545
R:A:LEU:487,0.0,6.213583416318638,0.43936669691471836,-0.0005649999999999756,1.715548161047949,0.1213075738129116,-0.006645000000000536,5.858340077605174,0.41424719953715433,0.008744999999999994,2.407525380650223,0.17023775225364968,0.0,0.08945871736731861,0.0063256865686681756,0.0015349999999994023,9.037480520028135,0.639046376055322
R:A:GLU:488,0.0,4.1068208187781945,0.29039608500761505,-0.00034499999999997976,1.0453232222499413,0.0739155138984706,-0.1764949999999997,15.115236944460214,1.0688086542669248,0.1763099999999995,15.197544671628703,1.074628689469414,0.0,0.14717250841169116,0.010406667870214102,-0.0005300000000005767,21.84985330744997,1.5450179441629186
R:A:VAL:489,0.0,4.490796934615281,0.31754729653982255,-0.00021000000000000795,1.1750768236587767,0.08309047904242699,-0.003760000000000012,4.6034899818670185,0.3255158983302505,0.0038249999999999938,1.9870745406438581,0.1405073882412416,0.0,0.16763303290929113,0.011853445432102743,-0.0001449999999998175,6.834965159120956,0.48330502131882175
R:A:ASP:490,0.0,4.205137724236864,0.29734814006312527,-0.00014999999999999682,2.0431858227532804,0.144475055049306,-0.1639500000000001,11.608000664399531,0.8208095985814857,0.16268500000000008,9.527400243118528,0.6736889318987472,0.0,0.05852211445970722,0.004138138398383428,-0.001415000000000184,15.72826281702006,1.1121561294199114
R:A:GLU:491,0.0,4.2267057539175825,0.29887323006753214,-0.00011999999999999122,1.0935168391936174,0.07732331723354863,-0.1339850000000003,16.954955892808304,1.1988964286523565,0.13344500000000056,16.14476167589584,1.1416070461666636,0.0,0.20303543377759065,0.014356773204528654,-0.0006599999999997053,23.816504842098876,1.6840812078010359
R:A:THR:492,0.0,7.259393701611726,0.5133166513712564,-6.999999999999673e-05,1.4337488470265634,0.10138135322508769,0.0038500000000001224,5.998410431297611,0.42415166923106634,-0.003570000000000038,1.7938428379041458,0.12684384350649422,0.0,0.12603706149655822,0.008912166086504221,0.0002099999999999902,9.693766958289263,0.685452835144843
R:A:TYR:493,0.0,4.733513644978748,0.33470995972035245,-0.00012000000000002231,1.4647827571349958,0.10357578205352833,0.0013000000000003098,2.8808604341064497,0.20370759486086915,-0.0014949999999999974,1.7146490231166842,0.12124399516006966,0.0,0.10777851779977025,0.007621092080245256,-0.00031499999999960336,5.983538608129315,0.42310007252997545
R:A:VAL:494,0.0,5.681963997488017,0.40177552730816,-4.499999999999949e-05,1.121821922354435,0.07932478885805495,-0.002089999999999961,4.448472782596292,0.3145545270497629,0.002164999999999994,1.794520525593118,0.12689176326253412,0.0,0.13122921562699902,0.009279306825964265,3.000000000010439e-05,7.521278775283767,0.5318347225197603
R:A:PRO:495,0.0,3.91595437399365,0.27689978926680314,-1.500000000000501e-05,0.8173914232330799,0.057798301825183404,0.0016800000000002412,2.277708369304552,0.16105830335006016,-0.0017900000000000194,1.8519784944080748,0.13095465520076022,0.0,0.0970913258132455,0.006865393487693838,-0.0001249999999997442,4.962865491112284,0.35092758428822013
R:A:LYS:496,0.0,5.922436404791528,0.41877949429741657,-4.5000000000003926e-05,1.4488302820465204,0.10244777172235128,0.09481000000000066,11.032081010919924,0.7800859293420821,-0.09460499999999998,11.240077351574365,0.7947934916359564,0.0,0.2495400873982439,0.0176451487977182,0.00016000000000072624,16.890316240706348,1.1943257150188733
R:A:GLU:497,0.0,4.191329208043672,0.2963717305192922,-4.9999999999990055e-05,1.167862984557692,0.08258038358775042,-0.08233500000000056,11.751250852857112,0.8309389165479464,0.08208999999999968,12.14038812287935,0.8584550767924609,0.0,0.20927530385968932,0.014797998649406157,-0.00029500000000087567,17.448663588213012,1.2338068345868218
R:A:PHE:498,0.0,4.897701016390241,0.34631976009137855,-8.499999999998842e-05,1.5714281246926314,0.11111674831174191,0.0014349999999994623,3.092009966797488,0.21863812150188952,-0.0014399999999999812,2.123561694123813,0.15015848741829413,0.0,0.1791900318834053,0.012670648666578953,-9.000000000068731e-05,6.368595651168032,0.45032771715760717
R:A:ASN:499,0.0,9.629333481895307,0.680896700335484,-7.500000000000284e-05,1.5849579876372117,0.11207345409540566,0.0028999999999996364,9.648863204450564,0.6822776602608354,-0.002845,3.611108509706541,0.2553439314813943,0.0,0.17094093912400027,0.01208734972369774,-2.0000000000806038e-05,14.19175964212573,1.0035089479916675
R:A:ALA:500,0.0,3.350558408019476,0.23692025710721745,-2.9999999999996697e-05,0.9715021561993571,0.0686955762585918,0.0007349999999999568,2.7644587103762284,0.1954767500417249,-0.0007300000000000084,1.3087100336973045,0.09253977394342391,0.0,0.06847933058127388,0.004842219902513408,-2.5000000000068303e-05,4.640010928590779,0.32809831923862287
R:A:GLU:501,0.0,4.423132030111695,0.31276266525754,-6.0000000000011155e-05,0.8818682317670821,0.062357500679549364,-0.05996499999999983,9.439677433528914,0.667485992546192,0.05989499999999993,9.33165351456402,0.6598475479831497,0.0,0.09621151651111627,0.006803181575325179,-0.0001300000000001944,14.019212265846445,0.9913080060073645
R:A:THR:502,0.0,5.656280297929904,0.39995941549581,-0.00013500000000000068,1.4927865141657064,0.10555594670303992,0.000400000000000027,5.419671137163214,0.3832286212889116,-0.00010499999999999617,2.3114344465883088,0.16344309714507677,0.0,0.10235424192954959,0.007237537855159296,0.00016000000000023995,8.30349078474475,0.5871454641413019
R:A:PHE:503,0.0,4.100387881920442,0.2899412076801089,-7.500000000000284e-05,1.2389955367857464,0.08761021459210677,0.002095000000000269,2.337370144558837,0.16527702793605342,-0.0024200000000000003,1.183860203465764,0.08371155778475275,0.0,0.030146152030386897,0.0021316548527367182,-0.0003999999999998449,5.021356757578796,0.35506354140408614
R:A:THR:504,0.0,6.243101104419182,0.4414539126568027,-3.4999999999998364e-05,1.1317503160481115,0.0800268323087638,-0.001259999999999799,8.381327251226384,0.5926493334685783,0.001290000000000019,3.5032143770971254,0.24771466419955843,0.0,0.10633253387029186,0.007518845576043162,-4.9999999998462385e-06,11.08095818283258,0.783542067312548
R:A:PHE:505,0.0,4.3818842419158,0.3098460061833136,-5.9999999999993395e-05,1.169058912181076,0.08266494844098073,-0.00014500000000055023,2.3632452618962336,0.1671066750293805,6.50000000000095e-05,1.4817206571331183,0.10477347244830153,0.0,0.05322281543991268,0.003763421371140234,-0.0001400000000005752,5.324553050861016,0.3765027569051344
R:A:HIS:506,0.0,4.430823440400216,0.31330653009473014,-6.500000000000394e-05,1.1899000442789303,0.08413863902438047,-0.0005249999999997356,3.777035253168151,0.26707672402958477,0.0005099999999999882,2.3911323306647003,0.16907858857274036,0.0,0.09308935010304471,0.0065824110714111555,-7.99999999999068e-05,6.406265154433011,0.45299135327786666
R:A:ALA:507,0.0,3.0460925572854807,0.21539127033784353,-2.000000000000668e-05,1.0633325359453645,0.07518896468232555,0.001234999999999573,2.645216048279422,0.1870450205441861,-0.0012100000000000001,1.5968094073808559,0.11291147602214754,0.0,0.0900901650926695,0.006370336665524219,4.99999999943157e-06,4.468158503564015,0.3159465177286452
R:A:ASP:508,0.0,5.109634683609975,0.3613057334166592,-8.999999999999675e-05,1.4077366655379833,0.09954201423268468,-0.026124999999999902,14.055253435170604,0.993856501530465,0.026069999999999992,12.273688719741102,0.8678808523901768,0.0,0.11353430057752886,0.00802808738356424,-0.00014499999999976866,19.398364958749298,1.371671540626313
R:A:ILE:509,0.0,4.390938752567609,0.31048625677153563,-0.00011000000000002785,1.628677039163996,0.11516485787556897,0.0014400000000003032,3.4475876698279913,0.24378126200705005,-0.001310000000000007,1.2152517408956878,0.0859312746836098,0.0,0.05710294982416765,0.004037788304642412,2.0000000000112704e-05,5.941286923594804,0.4201124272648847
R:A:CYS:510,0.0,3.1804596355794237,0.22489245756083062,-7.499999999999841e-05,0.8363269049091988,0.05913724257500513,0.0017899999999990968,2.7271247370628284,0.19283683947187064,-0.0019150000000000018,1.9185043734834173,0.1356587452226173,0.0,0.07826161299401468,0.0055339317254665,-0.00020000000000075402,4.683882943463512,0.3312005391607056
R:A:THR:511,0.0,7.317934034083664,0.5174560779776386,-0.0001300000000000212,1.0910173968823778,0.07714657997280241,0.0008799999999996544,4.646901376008533,0.3285855474480732,-0.0008300000000000196,2.1006636128376193,0.14853934856293127,0.0,0.08366252463621518,0.005915833850145435,-8.000000000030205e-05,8.986431823486924,0.6354366881058195
R:A:LEU:512,0.0,6.200286462737024,0.4384264603100501,-0.0002349999999999941,1.3727182171789662,0.09706583600255549,0.005294999999999277,4.273443001395362,0.30217805253008534,-0.004935000000000018,2.3687230783430557,0.16749401514494483,0.0,0.11016467669597561,0.007789818993894798,0.00012499999999907363,8.013314413388292,0.5666268961486762
R:A:SER:513,0.0,5.434623866280905,0.38428593890454804,-0.00028999999999998363,1.4688063940322427,0.10386029614703589,-0.00819999999999986,7.624667095260619,0.539145380734872,0.008984999999999986,4.04585174912218,0.2860849207479748,0.0,0.06966309151046916,0.004925924440547175,0.0004950000000000865,10.305428007940467,0.7287038027444478
R:A:GLU:514,0.0,4.051898469507843,0.2865124884468389,-0.0005849999999999822,1.3996213145972736,0.09896817226449622,0.021054999999999956,14.8866397737829,1.052644393312326,-0.01896000000000015,14.625798349902135,1.0342001193482817,0.0,0.1541721037595644,0.0109016140038184,0.001510000000000069,21.305553529430483,1.5065301377593276
R:A:LYS:515,0.0,4.821346936282433,0.34092071130982937,-0.0029250000000000187,1.7273462570877327,0.12214182518439372,0.05073000000000114,16.752355683673265,1.1845704304774367,-0.007115000000000031,14.045414833634322,0.9931608073440953,0.0,0.18166420465932098,0.012845599101346666,0.04069000000000081,22.453890799955015,1.5877298448670423
R:A:GLU:516,0.0,4.402095836553311,0.3112751817459914,-0.0007050000000000601,1.7280812370878285,0.12219379611860415,-0.04831499999999948,20.840290612905928,1.4736310814284133,0.04917499999999979,18.716378845670842,1.3234478401030298,0.0,0.1855098809668924,0.013117529480879886,0.00015500000000013615,28.408091740860762,2.0087554310532196
R:A:ARG:517,0.0,5.7006320150970975,0.4030955554924291,-0.00042500000000003977,1.7355487453756522,0.12272182869349284,-0.011694999999999976,15.69419770097774,1.1097473619643685,0.013169999999999918,13.155370483545875,0.9302251677936638,0.0,0.1241009680393896,0.008775263605246738,0.0010499999999998976,21.32829927364389,1.5081385047569709
R:A:GLN:518,0.0,4.074445140531408,0.2881067788442334,-0.0010799999999999788,1.3769469154618852,0.09736485012569987,-0.017125000000000126,5.530588401036095,0.39107165623242873,0.02753499999999999,3.8968811509045285,0.275551108728263,0.0,0.10352548025435654,0.007320356911344954,0.009330000000000317,8.017536672957094,0.5669254549859792
R:A:ILE:519,0.0,4.4750456508062575,0.31643351258044716,-0.0012949999999999707,1.4922563692191095,0.10551845979436487,-0.0037349999999998574,2.613476716861085,0.18480071089656278,0.0037399999999999938,0.9553300475490133,0.06755203548931742,0.0,0.07070897488391108,0.004999879563116279,-0.0012899999999994582,5.477296637642437,0.3873033595047243
R:A:LYS:520,0.0,4.836075143910606,0.3419621528586898,-0.0003550000000000209,1.3292168057450222,0.09398982170094271,0.05452500000000015,10.830822226316663,0.7658547842054492,-0.054224999999999884,11.076785344253764,0.7832470030669603,0.0,0.22127907019446907,0.01564679310691631,-5.499999999976968e-05,16.285124752419954,1.1515322144905045
R:A:LYS:521,0.0,4.355152223539379,0.30795576703643657,-0.0003450000000000841,1.473478518803379,0.1041906652578579,0.018220000000000097,12.822541371184965,0.906690595560994,-0.013800000000000003,12.744875998437568,0.9011988243876874,0.0,0.10163014993857679,0.007186336819457323,0.004074999999999796,18.654711199969075,1.319087279057477
R:A:GLN:522,0.0,4.014595365855692,0.28387476069166484,-0.0011350000000000281,1.4537060733776277,0.10279254223373893,-0.012744999999999819,3.3288085193466745,0.23538230773015842,0.022310000000000007,1.214921110813373,0.0859078956062829,0.0,0.003903277024843612,0.000276003365311657,0.00842999999999968,5.548626136159431,0.3923471167147245
R:A:THR:523,0.0,4.206493774100943,0.297444027268577,-0.0003499999999999881,1.4479839960959515,0.10238793026890426,-0.006885000000000367,2.983284088781187,0.21095004093831077,0.008375,1.3219578798414873,0.09347653812789068,0.0,0.06692674961520746,0.004732435849568736,0.0011399999999994659,5.517543230892174,0.39014922340537883
R:A:ALA:524,0.0,2.9198886537332207,0.20646730673644192,-0.00013500000000000957,0.7780082061745877,0.055013487840483245,-0.0017600000000006233,1.8616588248118935,0.13163915792802688,0.0022950000000000015,0.8096556070175764,0.05725129701478387,0.0,0.032221899962680545,0.0022784323966325974,0.00039999999999964397,3.6405220163991876,0.2574237804854789
R:A:LEU:525,0.0,4.242343920375858,0.2999790154223292,-0.00032499999999998866,1.281002749050524,0.09058057305722347,0.0013699999999996493,1.9589025394592756,0.13851532693352023,0.0019099999999999957,0.7920455339814749,0.056006076808682095,0.0,0.040414164464224765,0.0028577129748641726,0.002955000000000174,4.909655647142103,0.34716508013850084
R:A:VAL:526,0.0,3.759199995205097,0.2658155808445961,-0.00034499999999998643,1.2508769181558193,0.08845035512577097,0.002045000000000172,2.4143519321911215,0.17072046234231855,0.0010599999999999958,0.7734716893009078,0.054692707656048625,0.0,0.0013196766808396669,9.331523299954836e-05,0.002760000000000167,4.7035766302353945,0.33259309310700175
R:A:GLU:527,0.0,4.082140201683425,0.2886509018364571,-0.000160000000000009,1.694652669767466,0.11983003945484622,-0.1090250000000005,13.087658902449858,0.9254372359778782,0.10703000000000021,11.745972156000967,0.8305656563136655,0.0,0.08824683074825068,0.006239993244030959,-0.0021550000000004487,18.13279297948642,1.282182087764667
R:A:LEU:528,0.0,4.966347196400992,0.351173778030194,-9.500000000000064e-05,1.4029247147210004,0.0992017579273422,0.00048000000000001817,3.258968022948368,0.2304438388696907,0.0002200000000000009,0.833486055072309,0.058936364156605386,0.0,0.03847338241076248,0.002720478959783339,0.0006049999999998446,6.160345283352965,0.43560219243094445
R:A:VAL:529,0.0,4.034057388387032,0.2852509335024164,-0.00020500000000001517,1.2380058987642184,0.08754023661651253,0.0021650000000001768,2.035258933618767,0.14391453934323314,-0.000519999999999999,1.0006998624962433,0.07076016587035393,0.0,0.008160113383665206,0.000577007150884077,0.00144000000000024,4.790618263575218,0.338747866025016
R:A:LYS:530,0.0,4.433228952981111,0.3134766255205481,-0.0002550000000000141,1.6263000069098568,0.11499677631296888,0.14433500000000138,13.528574004412844,0.9566146418304368,-0.14165,12.022082436612221,0.8500896014912194,0.0,0.08020104941933745,0.0056710705902690926,0.002430000000001451,18.704480307560754,1.322606486404645
R:A:HIS:531,0.0,3.8484683831298394,0.2721278090893138,-7.00000000000145e-05,1.0807218765019981,0.07641857674512134,-0.0022599999999992804,3.954973516188194,0.27965885927098755,0.002234999999999942,3.104086995458568,0.21949209638817294,0.0,0.10329054432810718,0.007303744432685427,-9.499999999928122e-05,6.423901399926108,0.4542384241561507
R:A:LYS:532,0.0,4.063682663200955,0.2873457567739604,-7.500000000000728e-05,1.7221056348769663,0.12177125723410676,0.06467000000000091,13.982716459735212,0.9887273628087523,-0.06430499999999992,12.500408397727451,0.8839123545634345,0.0,0.17813173627549928,0.012595815866493925,0.0002900000000009062,19.26882106470628,1.3625114040324
R:A:PRO:533,0.0,4.002684246627505,0.2830325173738876,-9.499999999999175e-05,0.8964222355424926,0.0633866241558501,-0.001989999999999732,3.6011241754693772,0.2546379324369211,0.001695000000000015,2.2435823520599816,0.1586452295292077,0.0,0.12262366547076707,0.00867080253883301,-0.00038999999999984604,5.902698337500697,0.4173838021745303
R:A:LYS:534,0.0,5.241656296014648,0.3706410711561119,-8.999999999999231e-05,1.0788866851991454,0.07628880912361917,0.08681500000000007,12.757962301514887,0.9021241657523509,-0.08672500000000027,12.186486507401344,0.8617147248221856,0.0,0.199226035443159,0.014087408065076919,-3.552713678800501e-16,18.437860605292535,1.3037536264574652
R:A:ALA:535,0.0,3.378313928389426,0.23888286877411277,-5.999999999999783e-05,0.7817130611675873,0.055275460649369536,-0.002885000000000133,4.21751174063274,0.298223115153529,0.0029300000000000064,2.553806077426397,0.18058135951836227,0.0,0.06928650301126187,0.004899295612396541,-1.5000000000076064e-05,6.028118420512699,0.42625234129400696
R:A:THR:536,0.0,5.492573763869721,0.38838361545995986,-3.5000000000000586e-05,1.4356091171955547,0.10151289419022097,-0.0015750000000001308,6.367947384508999,0.4502818777825452,0.0016549999999999532,2.6900077666941784,0.19021227332739338,0.0,0.1600485084988807,0.011317138567835132,4.499999999993509e-05,8.946611162375826,0.6326209421555207
R:A:LYS:537,0.0,4.523075811740282,0.3198297578302401,-0.00010500000000000398,1.0645031444176198,0.07527173920121016,0.04040500000000009,22.77707140203444,1.6105821643948737,-0.040070000000000175,20.09737502021968,1.4210990160846462,0.0,0.1778925797992485,0.012578904949881765,0.00023000000000000575,30.729830651500468,2.17292716383902
R:A:GLU:538,0.0,4.328350323529739,0.30606058651188656,-6.49999999999995e-05,1.7875818273228778,0.1264011232025847,-0.03562500000000039,30.357485668689282,2.1465983976103624,0.03553000000000029,29.789343048941177,2.106424647699865,0.0,0.17998440710538682,0.012726819477205924,-0.0001600000000000179,42.789535579526344,3.0256770772106125
R:A:GLN:539,0.0,4.181449152506819,0.2956731050924314,-4.5000000000001704e-05,2.173854535491048,0.15371472833588523,-0.0016899999999995786,7.2559957524208905,0.5130763800797596,0.001985000000000029,5.5649774565648515,0.3935033296687272,0.0,0.26023836110709053,0.01840163098636972,0.00025000000000034104,10.290594395480356,0.727654907948444
R:A:LEU:540,0.0,4.947378074798812,0.3498324585783886,-0.0001249999999999929,1.5318987462214988,0.10832159915443917,0.0007699999999998397,2.8569888679342106,0.2020196202290758,-0.0006750000000000011,1.746205458751919,0.12347537212284479,0.0,0.21607929455650257,0.01527911344549084,-2.9999999999832383e-05,6.17102687896318,0.43635749529993206
R:A:LYS:541,0.0,4.808856425549634,0.3400374988258648,-8.00000000000045e-05,1.5027516138736967,0.10626058566091191,0.02251499999999979,20.06324040741612,1.4186853344659889,-0.022600000000000186,19.216552927826314,1.3588154886296189,0.0,0.22144667177633537,0.015658644328423836,-0.00016500000000021497,28.23547278224177,1.996549427433135
R:A:ALA:542,0.0,3.3883767137008243,0.23959441514724417,-2.9999999999996697e-05,0.8600868681418173,0.060817325687257895,0.0029150000000003474,3.0859020414418534,0.2182062259580945,-0.0029299999999999795,1.9383100029536038,0.13705921471302102,0.0,0.15857179508596855,0.011212719161021201,-4.499999999968862e-05,5.052309201327823,0.35725220969100935
R:A:VAL:543,0.0,3.8521101259180015,0.2723853191913984,-9.00000000000123e-05,1.3169620326721647,0.09312327838677072,0.0027549999999998322,3.1161660080096825,0.22034621155666598,-0.002450000000000005,1.2576676885012192,0.08893053510184226,0.0,0.03958339925463461,0.0027989690035366663,0.00021499999999972542,5.278913417302045,0.3732755474670927
R:A:MET:544,0.0,4.549975823226977,0.3217318758838639,-0.00021500000000001406,1.2375169004401516,0.08750565921341888,0.0016549999999997311,3.8596705831165172,0.2729199242467925,-0.0017750000000000153,2.078454140551338,0.14696890171691085,0.0,0.08447727851052096,0.005973445649097397,-0.0003350000000004999,6.438780405166769,0.4552905287064488
R:A:ASP:545,0.0,8.251579258541968,0.5834747649213289,-0.00011500000000002508,1.0967334262595447,0.07755076428620804,-0.010955000000000333,20.032801818304772,1.4165330011889503,0.010614999999999685,20.52419626350993,1.451279835633147,0.0,0.1970138439353122,0.013930982503428743,-0.0004550000000008936,29.8644601470967,2.1117362286487475
R:A:ASP:546,0.0,6.434185081263205,0.45496559023705296,-7.999999999999563e-05,1.0709644656103208,0.07572862360428849,-0.014200000000000178,11.874994065579573,0.8396888830321325,0.01417500000000075,10.853639152476692,0.7674681845268081,0.0,0.0827806503771627,0.0058534759232724476,-0.00010499999999947108,17.35999775611598,1.2275372134732858
R:A:PHE:547,0.0,4.525045687012454,0.31996904904654455,-0.00013500000000002288,1.0809779846856271,0.07643668632845749,0.0025649999999999905,2.6787604965496636,0.18941697122849102,-0.002634999999999992,1.9656084145564192,0.13898950390901824,0.0,0.06290780840606952,0.004448253791351585,-0.0002049999999999863,5.71733185170613,0.4042764122635245
R:A:ALA:548,0.0,3.130474224266987,0.22135795523088836,-6.500000000000394e-05,0.8205819634716571,0.058023907089018056,0.002025000000000361,3.0828322472484615,0.21798915872899505,-0.002130000000000017,2.099949662039545,0.1484888646178561,0.0,0.08362116979425724,0.0059129096212270985,-0.0001699999999994084,4.939014008421898,0.3492410297730476
R:A:ALA:549,0.0,2.8785255253341075,0.20354249187823165,-2.4999999999999466e-05,0.9558920357838535,0.06759177405849767,0.0022249999999999657,2.4024047180013195,0.16987566672532883,-0.002199999999999993,1.4151620199821644,0.10006706608070409,0.0,0.12009250020977144,0.008491822126797626,-1.6653345369377347e-17,4.121685694537689,0.29144719045271844
R:A:PHE:550,0.0,4.195243414862838,0.2966485067377721,-4.9999999999990055e-05,1.3214560384477418,0.09344105258263093,0.0021449999999997972,2.5261657173817795,0.17862689091616357,-0.002085000000000013,1.1247799642041105,0.07953395400314887,0.0,0.08887387277579839,0.006284331811007753,9.999999999736885e-06,5.196234707585116,0.3674292798370332
R:A:VAL:551,0.0,4.526682390360517,0.3200847814501652,-8.500000000001506e-05,1.29151330843898,0.0913237818389876,0.0015249999999999275,3.5123696832302547,0.24836204210461588,-0.0014900000000000052,1.5469955167032645,0.10938910203260653,0.0,0.09596882290040239,0.006786020545536536,-5.0000000000038905e-05,6.074372891452985,0.42952302630021416
R:A:GLU:552,0.0,4.915503326572977,0.3475785735164784,-6.999999999999673e-05,1.191484486911181,0.08425067603734702,0.027550000000000185,14.450607444877534,1.0218122516537713,-0.027550000000000806,13.59046084644483,0.9609907023971406,0.0,0.19278627588003713,0.01363204829944748,-7.000000000083162e-05,20.472900535316622,1.4476526799080083
R:A:LYS:553,0.0,4.850736940940005,0.3429988984690767,-3.4999999999993925e-05,1.3587185831786508,0.09607591238898021,-0.0029800000000001605,19.022316994519883,1.3450809340705114,0.0030450000000000242,17.959242792394534,1.26991023634778,0.0,0.1997296716329152,0.014123020521579674,2.9999999999725803e-05,26.642045764475007,1.8838771224742614
R:A:CYS:554,0.0,3.299498682375855,0.23330978928240456,-1.4999999999996128e-05,1.094090865913339,0.07736390705215837,0.00014999999999986357,2.315612609429738,0.1637385378728844,-0.0001599999999999896,1.243241612378704,0.08791045747662787,0.0,0.045892377537406014,0.003245081136147298,-2.500000000011493e-05,4.358158321113523,0.3081683302343951
R:A:CYS:555,0.0,3.378018000988153,0.23886194354689486,-3.9999999999991153e-05,0.864207026238505,0.06110866486023075,-0.0005400000000001625,3.7437593734306702,0.26472376400835274,0.0005050000000000288,2.855545106835996,0.2019175309027797,0.0,0.06171091261348553,0.004363620478220607,-7.500000000015383e-05,5.859312224080621,0.41431594067366384
R:A:LYS:556,0.0,4.732158621686302,0.334614145104477,-2.500000000000169e-05,1.2108326914462626,0.08561880070040108,-0.020705000000001236,15.728078946711038,1.1121431278256746,0.02069000000000007,15.402575784650438,1.089126578506603,0.0,0.1918120949787131,0.013563163307304615,-4.0000000001181316e-05,22.550122861375506,1.5945344791868412
R:A:ALA:557,0.0,3.214056863521552,0.2272681403315255,-2.9999999999994475e-05,1.141299272539854,0.08070204549762044,-0.00036000000000001363,3.133526915593673,0.22157381310468524,0.0003900000000000042,1.4546550050613376,0.10285964183658233,0.0,0.13793325610143548,0.009753354074046575,-7.993605777301127e-17,4.856620558483928,0.3434149330553983
R:A:ASP:558,0.0,5.04184269345544,0.3565121158218189,-2.4999999999995027e-05,1.5418889809824181,0.10902801542894834,0.00708999999999989,8.540677615444222,0.6039171057808762,-0.007140000000000058,8.49235109270395,0.600499904586795,0.0,0.1744997092610484,0.012338992773356832,-7.499999999950546e-05,13.148811761389588,0.9297613961024009
R:A:ASP:559,0.0,6.046813027434369,0.4275742496265999,-1.0000000000001119e-05,1.4735645983464722,0.10419675200072218,0.009110000000000076,24.23123972830837,1.7134073928443723,-0.009084999999999682,19.690479256002757,1.3923271406732594,0.0,0.13035507793129397,0.009217495956731884,1.5000000000391367e-05,31.83740386655949,2.251244416941902
R:A:LYS:560,0.0,4.706813120381985,0.3328219475199915,-1.4999999999996128e-05,1.204984455615507,0.08520526797901053,-0.011754999999999995,21.44032507951955,1.5160599254572278,0.011774999999999945,19.59162187380297,1.3853368681408775,0.0,0.1280291761625502,0.009053029865426632,4.999999999890648e-06,29.447269074058017,2.082236364969133
R:A:GLU:561,0.0,4.029521133577787,0.2849301718487357,0.0,2.0843315137472733,0.14738449476115184,0.00395500000000009,15.607081697709377,1.1035873302982755,-0.003854999999999933,15.587072333439497,1.102172454582029,0.0,0.268997821274439,0.019021018354756274,0.00010000000000012221,22.52091608482769,1.592469248211485
R:A:THR:562,0.0,5.13595243123902,0.36316667919806467,0.0,1.3073761172478253,0.09244545180672761,-0.0003049999999999109,9.913231686361163,0.7009713348899332,0.000345000000000002,5.756101583187617,0.4070178462670586,0.0,0.1477567526095466,0.01044798017363135,4.000000000016435e-05,12.62988280425799,0.8930675776482193
R:A:CYS:563,0.0,3.58458078954848,0.25346813840007587,-9.999999999994458e-06,1.2487332813295238,0.0882987771121435,-0.001690000000000147,5.43780176925842,0.38451065057908346,0.0016950000000000118,2.902369533824906,0.20522851788768295,0.0,0.04687927266520554,0.0033148651598659995,-5.000000000213167e-06,7.239073760055952,0.5118798145245161
R:A:PHE:564,0.0,4.215568800434884,0.2980857285345946,-2.000000000000668e-05,1.31831339360184,0.09321883403449112,-0.0016099999999996584,2.6263805394782374,0.18571314894414445,0.0016199999999999659,1.6200621653967477,0.11455569430958024,0.0,0.10868146681490515,0.007684940217412016,-9.999999999669162e-06,5.389179745942702,0.38107255433892795
R:A:ALA:565,0.0,3.2639072128279025,0.23079309233542938,-4.999999999999449e-06,0.7869776997317014,0.05564772681228767,-0.0011549999999994043,2.939972469679775,0.20788744698123304,0.0011349999999999804,2.1723618672714267,0.15360918075386965,0.0,0.09673189082033884,0.0068399775956058334,-2.499999999945768e-05,4.964310169336389,0.3510297384651098
R:A:GLU:566,0.0,4.143376639674457,0.2929809718923739,-1.500000000000501e-05,1.2917582035253348,0.09134109853661165,-0.007970000000000149,11.144587679441083,0.7880413521660838,0.008004999999999356,10.509180037946585,0.7431112469542329,0.0,0.10452851898665574,0.007391282460285106,1.9999999999207318e-05,15.921426916598321,1.1258148938892696
R:A:GLU:567,0.0,4.022274593305386,0.28441776407206004,0.0,1.8206163698593947,0.12873701810668134,-0.010504999999999747,20.551798427543392,1.4532316033694956,0.010440000000000324,19.311461739048912,1.3655265550306044,0.0,0.13347788155475154,0.00943831151857796,-6.499999999945772e-05,28.54505432329985,2.01844014813437
R:A:GLY:568,0.0,2.3571294939396097,0.1666742249299513,-4.999999999997229e-06,0.6668130614909998,0.047150803756404826,-0.0016600000000001102,2.0097776397900344,0.14211273977726277,0.001660000000000003,1.283277750820141,0.09074143997507422,0.0,0.026171561463390603,0.0018506088585004017,-5.000000000124072e-06,3.418682788436861,0.24173737824294397
R:A:LYS:569,0.0,4.058688724052387,0.2869926319502819,-3.4999999999998364e-05,1.1278567649639735,0.07975151667131478,0.02940499999999929,11.192329018974336,0.7914171746587731,-0.02937499999999996,11.109811280695771,0.7855822894282781,0.0,0.14628965639223146,0.010344240805239683,-5.0000000005545605e-06,16.323680689913118,1.1542585309761466
R:A:LYS:570,0.0,4.54877823881864,0.3216471938782461,-2.4999999999999466e-05,1.5421283379067385,0.10904494051937944,0.013490000000000037,16.943105490774116,1.1980584786885404,-0.013405000000000042,15.219369826315903,1.0761719609573903,0.0,0.09686868468132723,0.006849650382278792,5.9999999999917894e-05,23.276102947019975,1.6458690233434008
R:A:LEU:571,0.0,4.5417751137578355,0.32115199815624684,-4.999999999998117e-05,1.3602279479190242,0.0961826405933004,-0.0015500000000002955,2.9864333126155693,0.21117272469118736,0.001640000000000002,0.9118875616818116,0.06448018785448752,0.0,0.030325931524543943,0.0021443671826803915,3.999999999977355e-05,5.677075283297098,0.4014298430125918
R:A:VAL:572,0.0,4.734108825872088,0.3347520453649238,-3.500000000001613e-05,1.3555222264407913,0.09584989583653704,-0.0016800000000002412,2.7942205479793465,0.19758122976069867,0.0016150000000000042,0.9585721597120376,0.0677812874389016,0.0,0.0723533925825788,0.005116157453699391,-0.00010000000000029985,5.74290788286894,0.40608491077063064
R:A:ALA:573,0.0,3.01749028809539,0.21336878448767993,0.0,0.6862382239062468,0.04852437016335194,-0.0015749999999995978,2.5085060509345,0.1773781639263272,0.0015499999999999976,1.4456175379228076,0.10222059640674182,0.0,0.06099060902747334,0.004312687323202386,-2.4999999999558707e-05,4.238195732456742,0.29968569424160485
R:A:ALA:574,0.0,2.7771307191416104,0.1963727963746506,-1.4999999999996128e-05,0.810567760508028,0.057315796006642,-0.0008550000000004587,2.1588196065153293,0.15265159831254635,0.0008950000000000124,1.384927599795383,0.09792916972677243,0.0,0.08233070705364136,0.005821660125751292,2.4999999999502088e-05,3.8671410655740184,0.27344816712723596
R:A:SER:575,0.0,6.271576522438358,0.44346742877465084,-3.000000000001002e-05,1.3899685174672123,0.09828561643368779,-0.0016149999999995402,6.166329826474984,0.43602536353333277,0.001700000000000026,1.7859219157622765,0.1262837497305176,0.0,0.02514551968501045,0.0017780567485730706,5.5000000000412493e-05,9.08176510770815,0.642177769280381
R:A:GLN:576,0.0,3.9128594270430934,0.27668094346918803,-3.4999999999998364e-05,1.3446417686041885,0.09508053128466941,-0.0008599999999996655,5.204885917496175,0.36804101275639106,0.0008249999999999469,3.9782253459520116,0.28130301192108664,0.0,0.21581852868909657,0.015260674514176363,-6.999999999948158e-05,7.751272304359171,0.5480977209235846
R:A:ALA:577,0.0,2.9728021231154957,0.21020885403807327,-1.5000000000002789e-05,0.6179667959324352,0.04369685119519483,0.0003349999999996811,2.3785578419023157,0.16818943794535673,-0.0003600000000000025,1.5045979219545664,0.10639113935732616,0.0,0.05451199482237604,0.003854580119490807,-4.000000000028869e-05,4.1405022999244325,0.29277772537950625
R:A:ALA:578,0.0,3.9269496385298854,0.27767727187825436,-2.0000000000002238e-05,1.430300131021458,0.10113749217772804,-0.052880000000000676,15.919095526411041,1.125650039708168,0.052804999999999463,14.915412874881305,1.054678958802571,0.0,0.15066853393257443,0.010653874205515881,-9.500000000123521e-05,22.212080869262167,1.5706313006919261
L:B:UNL:579,0.0,12.034274265372215,0.850951693970345,-23.84786,4.230247050486532,0.2991236375493418,-11.099535000000001,7.755553202858902,0.5484004261594577,14.730275,3.4098580717348046,0.24111337654073653,-4.2663012479999995,0.2563931367018526,0.018129732561156943,-24.483421247999996,15.315359029244064,1.0829594225885097

