| Run on Sat Sep  6 19:46:08 2025
| GB non-polar solvation energies calculated with gbsa=2
idecomp = 1: Per-residue decomp adding 1-4 interactions to Internal.
Energy Decomposition Analysis (All units kcal/mol): Generalized Born model

Complex:
Total Energy Decomposition:
Residue,Internal,,,van der Waals,,,Electrostatic,,,Polar Solvation,,,Non-Polar Solv.,,,TOTAL,,
,Avg.,Std. Dev.,Std. Err. of Mean,Avg.,Std. Dev.,Std. Err. of Mean,Avg.,Std. Dev.,Std. Err. of Mean,Avg.,Std. Dev.,Std. Err. of Mean,Avg.,Std. Dev.,Std. Err. of Mean,Avg.,Std. Dev.,Std. Err. of Mean
R:A:SER:1,-0.8489600000000002,3.245531839067366,0.2294937571961381,-3.9357249999999997,1.3750231995770108,0.09722882287097279,-203.85951999999997,13.229194993634344,0.9354453489637969,111.60655000000001,11.496007435518646,0.8128904814226207,0.451553436,0.1331936485291048,0.009418213208590763,-96.586101564,17.877687026091586,1.2641433728080123
R:A:GLU:2,88.65964,3.01168725972668,0.21295844841658662,-8.677930000000002,1.128302222412063,0.07978301526954218,45.60956,8.714831478944387,0.6162316435659565,-174.925285,8.04336740760827,0.5687519637494669,0.38661552,0.06570360533757033,0.0046459464882600615,-48.94739948,12.287867592850656,0.8688834501227117
R:A:VAL:3,44.542245,2.8474186248205586,0.20134290184874906,-10.022715,0.8266518092734088,0.058453110001735586,-48.806265,1.7185404868012273,0.12151916319607782,0.3372,0.663704053023635,0.04693096365940082,0.001460556,0.002831592800327053,0.00020022384706702646,-13.948074444,3.490707454291005,0.24683029120675998
R:A:ALA:4,82.79368500000001,2.1796999508590624,0.15412806162044274,-6.916219999999999,0.7434252091501875,0.052568100669512494,-72.31833999999999,1.546411670416387,0.10934781786574437,0.145965,0.9434422948834762,0.06671144443703045,0.072994176,0.03958523226765537,0.0027990986171303645,3.7780841759999992,2.93032631735165,0.20720536100887546
R:A:HIS:5,112.42451499999999,3.140220879138122,0.2220471478062148,-9.694195,0.7196985945345453,0.05089037566058045,-70.91584999999999,7.022177035471264,0.4965429000474178,-13.94452,5.425442742265372,0.38363673539951826,0.656679096,0.08014976843070966,0.005667444476788627,18.526629096,9.440962688689618,0.6675768738101608
R:A:ARG:6,-191.89133,4.013492435659995,0.28379677174960954,-11.342039999999999,1.9457161016962368,0.1375829049773263,-136.842005,10.947503400546399,0.7741053891589147,155.42681,9.01161341291891,0.6372172953706609,0.118639404,0.050431322955036426,0.003566033044571505,-184.529925596,14.864504129190117,1.0510791668725767
R:A:PHE:7,105.126335,3.079935287108318,0.21778431271300278,-13.473955,0.9591571784514776,0.06782265451067952,-81.781325,1.6098494803474641,0.11383354842433314,-1.740295,0.8254704404005028,0.05836957460762413,0.130324464,0.03803196846598272,0.0026892662804169315,8.261084464,3.698708841437157,0.2615382103414853
R:A:LYS:8,121.33335,3.0656276416910133,0.2167726094032639,-6.345795000000001,0.9350760733624832,0.06611986323999014,-217.67161,13.130007982781274,0.9284317681658141,86.67314999999999,12.507434118855073,0.8844091480686412,1.0071192599999998,0.09968059492412953,0.007048482462356134,-15.003785739999998,18.415086048858946,1.3021432221281946
R:A:ASP:9,76.5493,3.358079381134401,0.23745207021628598,-5.79271,0.936387449670274,0.06621259154798277,-0.6313999999999999,16.376884215564328,1.1580205883532468,-135.188565,15.61674692295982,1.1042707649299037,0.39900661200000004,0.0825492954066687,0.005837116656422695,-64.664368388,22.896407011534524,1.6190204662663275
R:A:LEU:10,69.70012,3.278026010513034,0.23179144209396513,-9.68776,1.016717331611889,0.07189277197326584,-77.257315,2.09623859466784,0.1482264525274588,1.20094,1.0712292548283024,0.07574734702945048,0.052533756,0.031071881040626814,0.002197113778804894,-15.991481244,4.16195656896686,0.29429477129203635
R:A:GLY:11,81.70724,1.9050785869354574,0.13470939875153476,-3.87418,0.49497655257597806,0.03500012768548137,-82.84687000000002,1.6469541472366493,0.11645724458143424,-2.0688600000000004,0.9026171892890141,0.06382467353618035,0.19494972,0.02830674344519341,0.0020015890243404114,-6.887720280000001,2.720717411864832,0.19238377316219357
R:A:GLU:12,93.414355,2.8668760470196473,0.2027187493668876,-6.43702,1.169532846738389,0.0826984606749122,-41.120285,10.408241369404102,0.7359738052531998,-103.49986000000001,9.541350758692397,0.6746753823150804,0.448974936,0.07607169357612531,0.005379081038402333,-57.193835064,14.455498433306046,1.022158096762222
R:A:GLU:13,92.22246999999999,2.69359540374942,0.1904659575764131,-5.827155,0.9696769209252121,0.0685665126346309,-33.55294,15.731318894689027,1.1123722267442675,-107.36242499999999,14.637694613373206,1.0350413122053992,0.855573408,0.13613511029590541,0.00962620596478133,-53.664476592,21.678347724379393,1.532890668082863
R:A:ASN:14,16.88383,3.6397990138330436,0.25737265648374535,-8.28704,0.7967961649004092,0.05634199714245138,-82.93229500000001,3.322772427954553,0.23495549161463533,-3.065575,2.5577993264474443,0.18086372486453717,0.30246066,0.08731797308626672,0.0061743130888763645,-77.09861934,5.6101514614379075,0.3966976141866364
R:A:PHE:15,113.18031500000001,2.9396941211246794,0.20786776476614888,-14.824605000000002,0.9462491421264275,0.066909918508955,-86.977095,1.2908343758883247,0.09127577405793393,-0.34342999999999996,0.522192038526058,0.03692455315234025,0.001692216,0.003925202275927191,0.00027755371468369866,11.036877215999999,3.3876455368054534,0.2395427131331478
R:A:LYS:16,120.398685,3.4137220135469435,0.2413865984864839,-9.76732,1.1227850807701356,0.07939289444276483,-186.411215,12.880373967737698,0.9107799776806004,60.756965,11.05640056771529,0.7818055816946275,0.4067721,0.1050670522282585,0.007429362510988274,-14.616112900000001,17.351461335328185,1.2269335973706745
R:A:ALA:17,86.7471,2.2769061157632304,0.16100157545813024,-6.997179999999999,0.5405460180225177,0.0382223754887108,-77.61578,1.3730571771051634,0.09708980408879193,0.16460999999999998,0.6889052677255415,0.04871295864038644,0.08722987199999999,0.03872873436630245,0.0027385350697184947,2.3859798719999996,2.799619233389715,0.1979629744670151
R:A:LEU:18,80.98757499999999,3.0403485876417196,0.2149851103492402,-11.855785,0.8697361949321186,0.0614996361279886,-84.60112000000001,1.5376969810726688,0.10873159627265663,0.25832499999999997,0.551490824379699,0.03899629016810445,0.006822144,0.009643043890145062,0.0006818661726001079,-15.204182856000003,3.5593409089915036,0.25168340933025823
R:A:VAL:19,53.89616,3.252369143316914,0.2299772276161272,-9.838424999999999,0.86753016914399,0.06134364654856279,-57.69041,2.209476986053487,0.15623361597140353,-0.28669999999999995,0.44073443251010014,0.031164630593029655,0.02639952,0.01730155141566212,0.0012234044331062397,-13.89297548,4.050536800765594,0.28641620392670153
R:A:LEU:20,73.788315,3.2911433979355866,0.23271898145375894,-11.493715,0.8812514758994733,0.06231388945391709,-75.26327500000001,1.2393257519211807,0.08763356432825838,-1.94149,0.6245237144416536,0.04416049534935042,0.01890378,0.017202552623038245,0.0012164041613468774,-14.89126122,3.6789241833234003,0.26013922374991577
R:A:ILE:21,77.957365,3.006905655615919,0.21262033794741977,-11.431084999999998,1.076696613617318,0.07613394767693975,-65.87303,1.2801885521672192,0.09052300064348288,-0.24039000000000002,0.5495464565439395,0.038858802599925794,0.000307908,0.0015929732706910053,0.00011264022019545236,0.4131679080000009,3.484486159265645,0.2463903792167406
R:A:ALA:22,87.89563999999999,2.0011523831032956,0.141502842027996,-7.573625,0.6715596283093558,0.047486436714866284,-76.78288500000001,1.5075616875521212,0.106600709232514,0.403035,0.6088573016520373,0.04305271267730989,0.03464334,0.010970725704036174,0.0007757474539861539,3.97680834,2.6644273319322243,0.1884034634388056
R:A:PHE:23,97.17084500000001,2.962006570042511,0.2094454931596166,-15.348334999999999,0.8881011275609326,0.06279823296777545,-76.51028,1.3325088110778103,0.09422260163039438,-1.4801999999999997,0.46590767325726673,0.032944647516705956,0.000340992,0.0016964158098579489,0.00011995471228626244,3.832370992000001,3.399243901689992,0.2403628413792011
R:A:ALA:24,89.88357499999998,2.1022745930004003,0.14865326206267723,-8.999575,0.5613967619919089,0.039696745734064905,-76.598045,1.0852008307106111,0.07673528663447476,-0.38332499999999997,0.5820657689428231,0.041158265231603236,4.5792000000000005e-05,0.00031607101217289764,2.2349595604395172e-05,3.9026757920000006,2.500237246942955,0.17679347118885477
R:A:GLN:25,32.930295,2.7980803272913732,0.1978541573732404,-13.122794999999998,0.8845810324526521,0.06254932465562678,-76.068515,1.6664886407578665,0.11783854186502397,-5.40118,0.8606729388100918,0.06085876714163704,0.018377964,0.010260074879663598,0.0007254968522891881,-61.643817036,3.482784042610385,0.2462700213938101
R:A:TYR:26,85.818325,3.2503038949265965,0.2298311925019644,-14.114939999999999,1.128154921276329,0.0797725995063468,-79.889815,1.842447557130189,0.13028071616273457,-3.142005,0.7837519473500528,0.05541963167393843,0.019855044,0.016498802025009696,0.0011666414793338699,-11.308579955999999,3.9807488318145956,0.2814814493176528
R:A:LEU:27,69.59965,3.126831059955111,0.2211003446118979,-10.24083,1.2849510851001293,0.0908597625767314,-73.37948,2.0663971713104914,0.14611634524583483,0.8848550000000001,0.8286849787313633,0.058596876792837684,0.022829760000000004,0.035457426853239084,0.002507218697135134,-13.11297524,4.047980368195238,0.286235436846087
R:A:GLN:28,29.767735000000002,2.871481012435046,0.2030443695941234,-10.542114999999999,1.004793661293203,0.07104964115936828,-80.54892,2.877467255000481,0.20346766086530804,-4.061875,1.0743883745531688,0.0759707305274538,0.101593476,0.0268722850557191,0.0019001574988876896,-65.283581524,4.323177513037038,0.30569481357416833
R:A:GLN:29,27.31058,2.9926849372428097,0.2116147813079228,-6.8512,1.1681547671434638,0.08260101573225356,-69.89292499999999,3.8665007628830232,0.2734028908897545,-8.358475,3.6488996655670047,0.25801616973917546,0.660796164,0.15407536731156576,0.010894773703981626,-57.13122383599999,6.213596770885781,0.439367641225217
R:A:CYS:30,98.11448,4.67089556397914,0.3302821927503813,-7.45949,1.190488244335071,0.08418023104921962,-75.26204,4.9781432802200465,0.3520078871161838,1.2606349999999997,1.0205189668864563,0.0721615881814903,0.040687308,0.05315250063055487,0.003758449363288759,16.694272308,7.004335964100972,0.4952813457924611
R:A:PRO:31,82.182955,2.554707011180539,0.1806450651550576,-6.981795,0.8973971266808246,0.06345555936933343,-55.87871,2.1440539885693175,0.15160751145474288,-4.53996,1.2287285495177525,0.08688422896015133,0.471007476,0.07922869144637329,0.005602314498626717,15.253497476,3.6667244313962706,0.25927657101826906
R:A:PHE:32,92.58256999999999,2.9422307973882678,0.2080471348649147,-12.265895,1.0125762361299024,0.07159995230358047,-68.92987,1.675678684324653,0.11848837607757141,-5.449590000000001,1.1243496795481376,0.07950352828334097,0.216138708,0.08766617215635879,0.0061989344812428595,6.153353708,3.709687225604815,0.26231449933062745
R:A:GLU:33,94.52670999999998,2.8427041766423744,0.2010095400211144,-5.3587549999999995,0.9124514425299574,0.06452006025163802,-30.537655,13.516156008494981,0.95573655691821,-115.64916500000001,13.679210631384217,0.9672662598730893,0.9281131919999999,0.09294576505877788,0.006572258075563351,-56.09075180800001,19.460972491884043,1.3760985617496069
R:A:ASP:34,89.11983500000001,6.453544853626958,0.45633453286911674,-7.1895500000000006,0.8859267619278696,0.06264448209938367,-26.190810000000003,12.700068484614562,0.8980304547004517,-118.507095,10.342122222540933,0.7312984755418782,0.36386848800000005,0.10510195757582566,0.007431830691784715,-62.403751512,17.626553418256115,1.2463855450995818
R:A:HIS:35,120.18765499999999,2.738779676420686,0.19366096813729655,-13.397435,1.0017730610148188,0.07083605246535833,-91.964985,2.229894691409215,0.15767736576273397,-7.05031,1.7721280071992542,0.12530837310211956,0.00512478,0.009749625131808914,0.000689402604472887,7.7800497800000015,4.0764477729532125,0.28824838634080163
R:A:VAL:36,64.03809,2.789360568642928,0.19723757732617786,-7.364080000000001,0.7641110348633895,0.05403080943313731,-62.830715,1.9168080691021205,0.13553879838952018,-2.6554150000000005,0.9198962945761875,0.06504649078832,0.40605606,0.08504622401655937,0.006013676171641935,-8.406063940000001,3.590542198926156,0.25388967369971427
R:A:LYS:37,121.12255,3.8026281303198712,0.2688864137279903,-6.597574999999999,1.0155214297960433,0.07180820894490407,-185.01856,12.497497680191824,0.8837065357526785,58.95268,11.237225742931393,0.7945918524550828,1.00702314,0.10331502978301463,0.007305475815805976,-10.533881860000001,17.261651981524075,1.2205831170617878
R:A:LEU:38,75.41387,3.0928732601094406,0.218699165557393,-11.25054,0.9480897101013174,0.06704006631858295,-80.44205000000001,1.7718555492759562,0.12528910741760435,-1.9188749999999999,0.6399929916608463,0.045254338431525,0.0598905,0.036516594014047915,0.002582113125316937,-18.137704499999998,3.7436794307223185,0.26471811120523453
R:A:VAL:39,48.8283,2.8126203174264384,0.19888228993552942,-9.202415,1.1064567830579737,0.07823830943901458,-54.40066500000001,1.798875074254741,0.12719967635129814,-2.228975,0.6010532625109026,0.04250088377757573,0.051735708000000005,0.027376310271903626,0.001935797463712999,-16.952019292,3.5683393451701173,0.25231969485445543
R:A:ASN:40,21.231165,7.244281588106235,0.512248063577477,-7.30019,0.8571505608118097,0.06060969740478828,-84.373465,7.773440516191978,0.5496652502149604,-9.350985000000001,3.8695254779849946,0.27361677054573064,0.564077268,0.08134885456392472,0.005752232670390939,-79.229397732,11.341099829000884,0.8019368595200119
R:A:GLU:41,110.40996999999999,3.09011867718701,0.21850438713101386,-7.6510050000000005,1.010604925267535,0.07146055957571981,-23.680385,14.218393548737318,1.0053922495891217,-134.22430999999997,13.40077766601252,0.9475780760810687,0.5818907159999999,0.09806646738331376,0.006934346409375054,-54.563839284000004,19.80715350439772,1.4005772558962517
R:A:VAL:42,60.290229999999994,2.963154118013439,0.20952663705481459,-10.026620000000001,0.801148391747746,0.05664974605415279,-63.158625,2.3930929765420736,0.16921722717227997,-2.107775,0.5615169493212114,0.039705244261621156,0.016858764,0.016371410806460877,0.001157633559883921,-14.985931235999999,3.9325035759096005,0.27806999455660253
R:A:THR:43,36.423795,2.9781822514706855,0.21058928656243414,-9.184384999999999,0.9610783822222826,0.06795850413211726,-52.517525000000006,2.2802047077784486,0.1612348211363631,0.057580000000000006,0.9763186742042784,0.06903615551289048,0.021476483999999997,0.018755356592231032,0.001326203982993838,-25.199058516,3.9932598971424214,0.2823661152309701
R:A:GLU:44,88.84494,3.0396270357397475,0.21493408892495397,-6.386965,1.0457500723284698,0.07394569675697836,-5.47154,13.758089103810892,0.9728438101473432,-134.98167,13.736549502735393,0.9713207303488893,0.6846117839999999,0.14208430852984627,0.010046877806165592,-57.310623216,19.706113815524493,1.3934326709791278
R:A:PHE:45,92.733315,3.0502817485889726,0.2156874908956822,-11.496375,0.8542672090013756,0.060405813643017836,-69.05860000000001,1.6951812941393616,0.11986741884265299,-3.8226099999999996,0.6523324136511996,0.04612686732805512,0.41056272,0.0712002375364577,0.00503461707841222,8.76629272,3.6521552379211992,0.2582463734680049
R:A:ALA:46,100.48217000000001,2.036120183363448,0.14397543889670905,-8.204785,0.6246220847640596,0.0441674511815545,-80.70867,1.4207717237825364,0.10046373204047318,-2.215155,0.6239519059791387,0.04412006238521201,0.0004898519999999999,0.0016698250458344428,0.0001180744613304672,9.354049852000001,2.6351184433087034,0.1863310120493323
R:A:LYS:47,140.56447,3.287926075674452,0.23249148241494785,-7.91537,1.1860371044364508,0.08386548792858718,-226.651635,13.83271670575867,0.9781207784874396,77.01956,12.139532953388281,0.858394607177841,0.6763001040000001,0.11728017894699336,0.008292960983219076,-16.306674896,18.733478276090345,1.3246569524234357
R:A:THR:48,41.32779000000001,3.440545251250156,0.24328328781381592,-5.54627,0.9491408573546921,0.06711439365367164,-59.01111499999999,3.7507271750655238,0.2652164619869495,-3.5490399999999998,1.1361350660902954,0.08033688095762742,0.5434885079999999,0.06354234019341384,0.004493121964322545,-26.235146492,5.301039035148889,0.37484006490883726
R:A:CYS:49,89.32833000000001,2.1855727055167944,0.15454332808471546,-8.543289999999999,0.6476229890144419,0.045793860718441284,-74.124205,1.3440792919225404,0.09504075817708414,-3.55212,0.927429056909476,0.06557913752101349,0.017286192,0.017412642240990768,0.0012312597406979892,3.1260011919999986,2.8041256365728,0.1982816252919671
R:A:VAL:50,47.439080000000004,3.111071680884258,0.21998598823106894,-5.975474999999999,1.0243825161408213,0.07243478236921128,-49.11488,1.7476781813594857,0.12357950933710651,-4.40156,1.1072957809004782,0.07829763554539816,0.534179412,0.07352999444895841,0.005199355769546769,-11.518655588,3.8747924041242086,0.2739891984646353
R:A:ALA:51,80.42108,2.255054232962036,0.15945641400708843,-3.1357349999999995,0.5007396476962853,0.03540764004950061,-68.30432,1.2785019857630258,0.09040374238935023,-3.692065,0.7887239572721245,0.0557712058671408,0.673456896,0.037213780096351186,0.0026314116259714897,5.962416896,2.7557299327363443,0.19485953225566174
R:A:ASP:52,110.42587999999999,3.274292357991265,0.23152743299229142,-3.7445749999999998,1.2558950013337102,0.08880518719013546,-22.16566,5.213613267629275,0.36865812960248145,-150.511565,4.502949883773414,0.31840663981593564,0.568855224,0.07088357439099854,0.005012225612661617,-65.427064776,7.730563248642912,0.5466333695506909
R:A:GLU:53,99.635415,2.970620218536021,0.2100545700856684,-4.75118,1.4079622181010398,0.0995579632073698,10.70713,6.603086036324227,0.4669086913043063,-159.77598999999998,6.525708857273666,0.4614372985027325,0.753408756,0.1932964950806539,0.013668126245112251,-53.43121624399999,9.850376993718843,0.6965268369502552
R:A:SER:54,70.09765499999999,3.7939604618360216,0.26827351701178964,-2.017135,0.9294937152961283,0.06572513091561705,-69.84026,3.4868616250720357,0.24655835001475815,-4.058885,1.6640174343362513,0.11766380118318039,0.7462096919999999,0.04266538184570175,0.003016898082500912,-5.072415308000001,5.494276376533404,0.38850400835598226
R:A:ALA:55,90.08470000000001,2.3880122864005537,0.16885796812706233,-3.90437,0.7134654393171402,0.050449625028338906,-74.43228500000001,2.5598230180571084,0.18100682147055955,-4.9606650000000005,1.5479399868131194,0.10945588615453716,0.34198974,0.05652594256960249,0.003996987730392726,7.12936974,3.8940522443636247,0.27535107482842136
R:A:GLU:56,94.99444,2.783042905957434,0.19679085111356165,-4.366185,0.9463136534865171,0.0669144801509733,12.035369999999999,9.820398344929803,0.6944070263653012,-156.437405,9.219463508305406,0.651914516562467,1.038883428,0.0908916837854774,0.006427012595817444,-52.734896572,13.787234301317701,0.9749046868269517
R:A:ASN:57,15.30932,4.889465011389283,0.34573738659277214,-6.9534899999999995,1.0861689831237127,0.0768037453481274,-72.1287,4.721112913286442,0.333833095573222,-10.54405,2.664128598153625,0.1883823397707439,0.44722468800000004,0.14653232459527918,0.010361400038435022,-73.869695312,7.382045191351193,0.5219894213829973
R:A:CYS:58,87.46265500000001,2.1821351713344894,0.1543002577116286,-8.08529,0.7392858756259313,0.05227540558905305,-82.31714,1.7430041825537883,0.12324900771202987,0.61358,0.9491706240713521,0.06711649847839203,0.019883375999999998,0.017322232811304204,0.0012248668286165315,-2.3063116239999997,3.0409778074863625,0.21502960291114062
R:A:ASP:59,111.448155,3.1352166114919395,0.22169329264746598,-5.257155,1.2704148775006534,0.08983189748009891,-2.8674300000000006,8.819735115359192,0.6236494508339602,-162.87781999999999,8.040259862566632,0.5685322271322883,0.61957728,0.06816251827474686,0.004819817889482547,-58.93467272,12.404905862341222,0.8771593055242235
R:A:LYS:60,137.176865,3.507579683595941,0.24802333798228546,-7.72625,1.0696980964272116,0.07563907778060226,-229.68116,12.252062729777384,0.8663516639748551,86.72021000000001,11.099779943129503,0.7848729667465302,0.739650564,0.12341733506757753,0.008726923454225636,-12.770684436000002,16.934602357692675,1.1974572163822186
R:A:SER:61,72.260175,5.901894453001934,0.4173269589564937,-5.4014549999999995,0.9604577700112588,0.06791462022182705,-71.68781999999999,7.329193025674791,0.5182522089079795,-0.22670500000000005,3.1764981312720777,0.22461233690488822,0.315275004,0.06689440301506834,0.004730148599538065,-4.740529995999999,9.97830260660999,0.7055725437865327
R:A:LEU:62,66.76440499999998,3.149775874721089,0.2227227880233071,-9.73486,1.1088009426402918,0.07840406655269865,-71.09282999999999,1.8030745190091282,0.1274966219376027,2.385035,1.0869445955406374,0.07685858942808539,0.030030371999999996,0.018946656412296498,0.0013397309229946437,-11.648219628000001,3.947583164676738,0.2791362825040773
R:A:HIS:63,121.92318999999999,3.0276421971395493,0.2140866328603913,-11.211675,0.9740239726900977,0.06887389561274286,-102.91973,2.0973165800851343,0.14830267760731772,-1.136735,1.3184977947554557,0.09323187316510914,0.173137644,0.047456936731429096,0.0033557121777134462,6.828187644,4.031719906689196,0.2850856485864725
R:A:THR:64,38.407505,4.3886487419221645,0.3103243285658973,-7.56613,0.907809409017113,0.06419181891409527,-48.100095,3.6916509891883065,0.26103914482290774,-2.81972,2.0347142309425177,0.1438760230476225,0.23811929999999998,0.08727181320647119,0.006171049092474147,-19.840320699999996,6.15307411787233,0.43508804338909585
R:A:LEU:65,67.74034,3.2165109271382866,0.22744166883401115,-10.23195,1.0183426326634861,0.07200769811277125,-70.733205,1.715744903234452,0.12132148558633378,-0.02327499999999997,0.8893689613287614,0.06288788235324035,0.11639804399999999,0.07911564214112696,0.005594320705591906,-13.131691956,3.8889563213131364,0.27499073865388085
R:A:PHE:66,100.78270499999999,3.1224664798801287,0.22079172219509274,-13.958494999999997,0.7859414163759282,0.05557445051347787,-82.700675,1.2809226281766595,0.09057490765590105,0.549975,0.6204873523086509,0.04387508144579334,0.072368136,0.027465312289779338,0.0019420908567509192,4.745878135999999,3.520514522776348,0.24893796923208777
R:A:GLY:67,75.644245,1.9519817609227297,0.13802595399009202,-5.304984999999999,0.8023346962303199,0.05673363044857079,-78.70261,2.362314263153825,0.1670408434769772,1.9056449999999998,1.187190898286792,0.08394707347415394,0.028148292000000002,0.017549242691020487,0.0012409188511509042,-6.429556708,3.382932550693854,0.2392094546892328
R:A:ASP:68,111.14665000000001,2.979319490672325,0.21066970151756517,-7.6201,0.7579358679993975,0.05359415919668859,-22.517364999999998,8.411078995097775,0.5947530994529368,-141.57128999999998,8.008178186447902,0.5662637100587499,0.500072436,0.0763951840301488,0.005401955267771246,-60.062032564,12.013900921820438,0.8495110810322546
R:A:LYS:69,127.41235499999999,3.6672545751522354,0.2593140578427537,-9.500455,1.4562703725527757,0.10297386556731275,-218.16369500000002,9.60236901561146,0.6789900246394456,87.90751,8.883089428228221,0.6281292772586706,0.30634970399999994,0.07854080241824107,0.005553673398977105,-12.037935296,13.663470154996112,0.9661532401137758
R:A:LEU:70,65.256265,4.231795175191611,0.2992331064970502,-11.278519999999999,1.0866130864295718,0.07683514819403943,-76.37934,3.082092359810133,0.21793684078649936,0.5795100000000001,0.6028505037735309,0.042627967925999,0.005385852,0.005915399737811131,0.00041828192680353756,-21.816699148,5.380666821187598,0.3804705996567215
R:A:CYS:71,98.57165499999999,2.098774875010419,0.1484057946303816,-7.573700000000001,0.6246461718445091,0.044169154395346986,-90.87683499999999,1.7638168407674875,0.12472068488777233,-0.6412749999999999,0.9181323539528493,0.06492176135068271,0.146519964,0.03865432451338277,0.002733273498559835,-0.37363503599999975,2.958132830000807,0.20917157837441233
R:A:THR:72,46.463445,2.9089912799757585,0.20569674604833935,-5.20534,0.7846788479371672,0.05548517344300187,-55.909535,2.378565941649506,0.16819001068397316,-4.334124999999999,0.7995191801170252,0.056534543394945715,0.59003766,0.05358823169686046,0.0037892602024645916,-18.395517339999998,3.9214321004068657,0.2772871230160301
R:A:VAL:73,41.127155,2.859768538007053,0.2022161725848726,-7.403025,1.0434322231822246,0.07378180007207061,-44.156805000000006,1.8282641403733217,0.12927779714581697,-0.635815,0.6304125084220649,0.04457689596500636,0.233308692,0.07595310122503449,0.005370695292837015,-10.835181308,3.6073210928174517,0.25507612066484875
R:A:ALA:74,91.678865,2.1498672812001676,0.15201857331877247,-7.762150000000002,0.588525630282998,0.04161504640751948,-79.562535,1.1338179389897658,0.08017303532906186,-1.2518,0.46459986009468407,0.032852171161127236,0.00011887200000000001,0.0007851863236302578,5.552105739338904e-05,3.102498872,2.543558237895796,0.17985672783590229
R:A:THR:75,42.21278,4.062084200456707,0.28723272838936725,-6.407765,0.6117670878487989,0.043258465632463196,-52.45541,3.2074118307289448,0.22679826555663957,-3.066585,1.2126814927156262,0.0857495306918644,0.513769104,0.04970751344096367,0.0035148519830026865,-19.203210896,5.351200324501269,0.37838700369425005
R:A:LEU:76,76.959585,4.261364624480637,0.30132398230787244,-6.516955,0.9907888437881202,0.07005935101665586,-74.42256,2.83369797374385,0.20037270530688556,-1.3414550000000003,0.8630743583116116,0.06102857314303686,0.687792996,0.07546155577610618,0.005335937780817156,-4.6335920040000005,5.284063492855205,0.37363971280181896
R:A:ARG:77,-192.190265,3.7967322166272135,0.26846950967265343,-6.53102,1.1041226243493065,0.07807325949388817,-54.609025,7.502727321739409,0.530522936659552,74.24212,5.758608834223766,0.4071951356880384,0.971334252,0.055807666422975404,0.00394619793698827,-178.116855748,10.251335023302163,0.7248788511192114
R:A:GLU:78,100.51749,2.8494688118840665,0.20148787196627982,-3.9798899999999997,0.8407348737265512,0.05944893303920601,-23.07631,5.667796139938345,0.4007737084933342,-135.242885,5.785239848249596,0.40907823274879224,1.202196528,0.09063943082075271,0.006409175617624319,-60.579398471999994,8.6271337262091,0.6100304760005623
R:A:THR:79,37.0133,3.7173811023353522,0.26285853857160507,-5.280145,0.7680252235278474,0.054307584367885485,-45.052425,2.9196571313041195,0.2064509356284805,-6.00769,1.3091424498120898,0.09257035038012981,0.620599752,0.0849259084735824,0.00600516857800982,-18.706360248,4.965304535693663,0.3511000507845311
R:A:TYR:80,79.641345,3.301874775937906,0.23347780446945054,-13.227440000000001,1.355287872151153,0.09583332448579669,-74.629835,1.8440239607377666,0.13039218473081507,-5.553904999999999,1.2701861934279557,0.08981572707424351,0.17425681199999998,0.07807190482016854,0.005520517331849188,-13.595578188,4.21415173059149,0.2979855265650267
R:A:GLY:81,79.64456,1.919344861248233,0.13571817668241787,-4.058085,0.5913045389433436,0.04181154492332232,-79.796925,1.986798029336399,0.14048783593918368,-0.87818,1.3435064040040896,0.0950002488838845,0.18555335999999997,0.033955630730092466,0.00240102567487147,-4.903076639999999,3.128426858024377,0.22121318457551614
R:A:GLU:82,93.684645,2.727039570482064,0.19283081728519172,-6.041900000000001,0.8358761929855402,0.05910537242924707,-4.439225,7.287775850310916,0.5153235723522406,-138.872,6.95434823401877,0.49174667950073636,0.874283004,0.07597809611489868,0.005372462698448814,-54.794196996000004,10.469758483577317,0.7403237221122906
R:A:MET:83,84.372585,2.9715306363514076,0.2101189463467657,-11.760485,0.9824250148357381,0.06946793899976449,-71.84143,1.6386508093855745,0.11587010993133644,-0.40487,0.8259853709963634,0.05840598569924148,0.044564292,0.04009014873747834,0.002834801603104824,0.4103642920000006,3.628248718152574,0.25655592724370835
R:A:ALA:84,87.60859,2.2312846797080828,0.1577756527779239,-7.3698950000000005,0.5312325234537133,0.03756381197209623,-76.173895,1.562340802761996,0.11047417761574417,-1.31053,0.8874429103328281,0.0627516899812268,0.09273963599999999,0.02944697778468113,0.0020822157676997645,2.847009636000001,2.913789653260965,0.2060360422772027
R:A:ASP:85,83.88381,2.8099998369928776,0.1986969939870757,-5.684895000000001,0.9725291018653376,0.06876819228302428,-35.902865,6.920557370383905,0.4893573046189001,-111.04001,5.95833941966216,0.42131822082542314,0.45509875199999994,0.05436234280300377,0.0038439981237191672,-68.28886124800002,9.604206899003428,0.6791199826203946
R:A:CYS:86,87.85936,2.3691799552587813,0.16752632122147254,-9.043885,0.7586320859118734,0.053643389237398115,-78.54586,1.3565923007300313,0.09592556151516653,0.48318,0.5657304725750594,0.04000318534816946,0.0029074319999999997,0.007045846402681228,0.0004982165770534738,0.755702432,2.889460085228126,0.20431568202326675
R:A:CYS:87,84.28674500000001,2.358530898668703,0.16677331920866417,-7.9516599999999995,0.6471021978018618,0.04575703521864151,-73.251275,1.5849495384317447,0.11207285664635751,-2.275525,0.9448160135047459,0.06680858101228464,0.130233276,0.03684120314622507,0.0026050664571766915,0.9385182759999994,3.0639041870421244,0.21665074275633422
R:A:ALA:88,100.50975,2.2670649345574554,0.16030569886158133,-3.8793449999999994,0.4266306317823417,0.03016734127951948,-80.58035999999998,1.5761322280824028,0.11144937865237292,-3.43787,0.9079763339977535,0.0642036222926713,0.6472288079999999,0.042148075607789444,0.002980319007623123,13.259403808,2.9380244037877628,0.20774969792098902
R:A:LYS:89,133.07751,3.606572611205824,0.2550231950225312,-7.721995000000001,1.089516624460132,0.07704045933712364,-202.665065,8.525502359437537,0.6028440531380193,62.915414999999996,8.142901602179348,0.575790094143582,0.7270937639999999,0.0874458666845558,0.00618335653193842,-13.667041236,12.377119868451837,0.8751945390541043
R:A:GLN:90,30.45339,2.9239884708904036,0.20675720758778882,-5.449635000000001,0.7459532503950901,0.05274686018025149,-79.164115,3.9507518894224423,0.2793603451796174,-11.595569999999999,3.071959556227914,0.21722034337395751,0.9925313759999999,0.08110701384122723,0.005735131948892295,-64.763398624,5.844493920284649,0.4132681283636825
R:A:GLU:91,102.97974500000001,2.890259744378522,0.204372226464055,-6.36661,1.6315780575565486,0.11536999085334106,-0.8005349999999999,10.442359372228816,0.7383863123689896,-137.42018499999998,9.29064965332215,0.6569481371492539,0.43182622800000003,0.12756423586828095,0.009020153621934167,-41.175758772,14.366313417912673,1.0158517638457338
R:A:PRO:92,78.521485,2.548992650004115,0.18024099880125777,-4.8154,0.8310071600172889,0.05876107980627994,-54.449115,2.166580774348143,0.15320039575299732,-5.61404,1.5516794348060428,0.10972030505790621,0.783562608,0.09184038863817562,0.006494096159286193,14.426492608,3.781289780873083,0.2673775645686751
R:A:GLU:93,102.596285,2.9855552588714547,0.21111063691551638,-6.781020000000001,0.92871814324907,0.06567028969023968,-9.188805,10.113302587531681,0.7151184839835109,-137.06712,9.660006666954223,0.6830656220510589,0.6695946720000001,0.11182092299533757,0.007906933292854194,-49.771065328000006,14.331196026318585,1.0133685892723574
R:A:ARG:94,-197.001435,4.361923226717201,0.3084345492626839,-13.526895,1.3003590596350687,0.09194927090453192,-59.842274999999994,10.904339400870416,0.7710532334715126,95.21735500000001,9.869276013415321,0.697863199448771,0.24488384400000002,0.10172150832302705,0.007192796832773626,-174.908366156,15.395937190809644,1.0886571590343663
R:A:ASN:95,30.12868,3.124309720178203,0.2209220589665052,-8.575065,1.2447076888872342,0.08801412474071987,-105.67344499999999,3.910313233869507,0.27650090042326264,-0.7280649999999999,1.8015159007832822,0.12738641098592504,0.143680104,0.07573183933087313,0.0053550497142590475,-84.704214896,5.4637306757941,0.3863441011430966
R:A:GLU:96,98.346535,2.9545426462948536,0.20891771404999382,-6.8610500000000005,1.0136517880909597,0.07167600531209868,-2.791345,8.360228072007068,0.5911573961982334,-145.91089,8.259247494651072,0.5840169910965777,0.841226652,0.12528025973430487,0.008858652120693896,-56.375523347999994,12.160636904933437,0.8598868819025822
R:A:CYS:97,84.33293499999999,2.332768936430481,0.16495167338913233,-7.365074999999999,0.7666684481410462,0.05421164586023007,-73.00761,2.4926969546858277,0.17626029201014048,-1.50849,1.5029020859324136,0.1062712256422217,0.155665116,0.0542892712821322,0.003838831186927177,2.6074251159999995,3.8085156600605368,0.2693027249483965
R:A:PHE:98,101.021315,3.1438715043358556,0.22230528598950358,-14.824090000000002,0.9774036023567745,0.06911287151826351,-75.155415,1.2934230989026752,0.09145882441774,-1.340555,0.689248167915592,0.048737205345351926,0.010148112,0.010944481675084298,0.0007738917209024012,9.711403112,3.603799657181865,0.25482711756310517
R:A:LEU:99,67.87632,2.8349850277558786,0.20046371376885144,-9.741815,0.9679950778671346,0.0684475883715051,-71.779245,1.8783454381383096,0.13281907967184153,-0.81094,1.1117815776491353,0.07861482927539817,0.21313965599999998,0.0676586548525114,0.004784189365217091,-14.242540344000002,3.707151485079406,0.2621351953985428
R:A:GLN:100,29.1424,3.1498661257266156,0.2227291697331088,-5.702274999999999,0.7883235879859234,0.055742895483415635,-70.29355,2.9969486110876185,0.21191626857676601,-13.294164999999998,2.340942976190364,0.1655296652835225,1.120405464,0.07105071376702633,0.005024044151280871,-59.02718453599999,5.000987291383253,0.3536232026364843
R:A:HIS:101,108.56271000000001,3.0594692833725268,0.21633714771046605,-9.428935000000001,0.8570343521557348,0.060601480211913965,-74.69574,3.1335396076003255,0.22157471056508232,-7.6959050000000016,2.0829899149959896,0.14728962940368545,0.44133728400000005,0.06444857160148193,0.004557202201719462,17.183467284000002,4.925132612776175,0.3482594668737052
R:A:LYS:102,123.22220500000002,3.3700621779093334,0.23829938190199948,-11.232985,0.9150199696044891,0.06470168254284428,-185.86824999999996,6.9827627310041125,0.49375588785097035,63.26518,6.839416322143286,0.48361976607454743,0.14901004799999998,0.033859464943925145,0.0023942257269197655,-10.464839952000002,10.379418002769533,0.7339356854528069
R:A:ASP:103,94.91107,2.669755772556733,0.1887802410886796,-6.405799999999999,1.1820233838634497,0.08358167502509148,-77.04979499999999,10.971200700150144,0.7757810412834765,-84.17870500000001,9.498639149792721,0.6716552154862455,0.271865196,0.08079052272553745,0.00571275264748334,-72.451364804,14.80279341119818,1.046715560156178
R:A:ASP:104,74.18349,3.9646290419029113,0.28034160804186736,-6.65855,1.173956403577237,0.08301125337868355,-54.717600000000004,9.870057371160515,0.6979184497847868,-75.933915,8.406438240287915,0.5944249485333493,0.19604718000000002,0.08103328176549436,0.005729918303818127,-62.930527819999995,13.608426061375674,0.962261034927448
R:A:ASN:105,27.995715,2.7607698842487762,0.19521591064479094,-5.646605000000001,0.9872984143484684,0.06981254038405278,-81.83893499999999,3.9218593907450328,0.2773173370055954,-6.021125,2.833741664191533,0.20037579468806854,0.49158032399999996,0.2001240590535876,0.014150907923536888,-65.01936967600001,5.661071546263311,0.4002982079145001
R:A:PRO:106,79.976915,2.382661435826542,0.16847960585446237,-7.243965,0.7241327045334992,0.051203914585459184,-56.54917,1.87998783535958,0.13293521469309777,-1.106275,1.2728789492229808,0.09000613366251768,0.204623388,0.03695552203236556,0.002613150023137455,15.282128388,3.3700718809297943,0.23830006800915607
R:A:ASN:107,19.84951,7.323029130073156,0.5178163556701352,-3.248505,0.6381564463162619,0.04512447506481378,-73.63445,7.761695230908002,0.5488347331278334,-14.788829999999997,2.857771639074753,0.20207497050723527,1.1616211079999998,0.07933515966333927,0.005609842938446466,-70.660653892,11.065760929824657,0.782467459246817
R:A:LEU:108,81.08006999999999,3.4653884998799205,0.2450399707710969,-7.425255,0.9742886995008204,0.06889261462504526,-71.81563,1.9304507227847079,0.1365034796827539,-4.38623,0.9983165415337962,0.0705916396289249,0.29466399599999993,0.056823313589349785,0.004018015036851893,-2.2523810040000014,4.2053133919176915,0.2973605616439601
R:A:PRO:109,95.47131999999999,2.306253417905327,0.16307674309355094,-3.231985,0.7802444519347768,0.055171614294626185,-70.597775,1.8027909347384135,0.12747656950151667,-2.186025,0.8955453670110746,0.06332462018737263,0.765526176,0.05130095693099909,0.0036275254527268473,20.221061176,3.1594737978510032,0.22340853474416594
R:A:ARG:110,-193.30349999999999,4.080419725959573,0.2885292458313368,-4.427350000000001,1.0003577197682838,0.07073597272604655,38.572395,12.954300822853197,0.9160073957369967,-7.944865,9.54122858948338,0.6746667436474656,1.4448597479999998,0.2051345292604102,0.014505201669554631,-165.658460252,16.629539190499084,1.1758859929609353
R:A:LEU:111,76.34868999999999,4.702865783105021,0.33254282862437434,-6.647850000000001,1.006255244706829,0.07115299071367275,-80.82772,4.050266053187124,0.2863970591818289,-3.0747349999999996,1.5582721792982765,0.1101864824916151,0.433580796,0.16459584629001542,0.011638683906680854,-13.768034204000001,6.479927103786811,0.45820003966821593
R:A:VAL:112,65.81658999999999,3.5817734157676697,0.25326962709630224,-3.2822699999999996,0.7407776367439827,0.05238088902930151,-61.3881,2.413135346390666,0.1706344367353788,-4.403915,1.1949416796542833,0.08449513648059868,0.9648761399999999,0.08577947249633795,0.006065524668876551,-2.2928188599999997,4.542721457967321,0.32121891479703324
R:A:ARG:113,-181.64807000000002,4.284422014122792,0.3029543859651152,-6.64913,1.2802793027695167,0.09052941768011102,20.12137,10.935802433891169,0.7732780058720796,8.55277,9.783801125692406,0.6918192121757677,0.6631308719999999,0.10528908127019257,0.007445062335105467,-158.959929128,15.340176407689539,1.0847142762475164
R:A:PRO:114,84.489345,2.477005412988635,0.17515073245600485,-5.567284999999999,0.6525879050174007,0.04614493329581266,-66.496245,1.3326752098598518,0.09423436780111065,-0.42292,1.0698731764092415,0.0756514578048566,0.49018082399999996,0.06811389636344865,0.004816379801163226,12.493075824,3.080051642619455,0.21779254029009812
R:A:GLU:115,104.411315,2.963837992498072,0.20957499428337104,-5.32644,0.7871585713183843,0.05566051636483441,-42.56027,7.975801355794915,0.5639743224079444,-110.02662000000001,7.6531845845765405,0.5411618717426422,0.9295337519999998,0.06524356921985872,0.004613417022417601,-52.572481248,11.471392789814127,0.8111499631332036
R:A:VAL:116,42.89148000000001,2.977528795763359,0.2105430802662486,-7.0275500000000015,0.9101504971706602,0.06435735884496814,-45.89579,2.094678974425437,0.1481161707225109,-2.20787,1.0865427709482955,0.07683017613867614,0.18009467999999998,0.06496932676388142,0.004594025152386521,-12.059635320000002,3.907240441733802,0.2762836212076293
R:A:ASP:117,86.673065,9.496725842666777,0.6715199242419208,-5.292039999999999,0.9198741916153536,0.065044927872971,-42.71406000000001,10.828644937220908,0.765700826617028,-104.38142499999998,12.67869181163321,0.8965188956580196,0.7320766679999999,0.11172329108652759,0.007900029674376223,-64.982383332,19.21081022715391,1.3584094183708408
R:A:VAL:118,54.466800000000006,3.26640106998513,0.23096943466614797,-5.90547,0.8469763509685497,0.05989027212744988,-57.195615,2.1025956070473946,0.1486759611836258,-3.07991,0.8525664442728204,0.0602855514157414,0.559948356,0.05306693976989878,0.003752399296811351,-11.154246644,4.066612695828255,0.28755294136794657
R:A:MET:119,81.05223,2.8921952159389246,0.20450908497057046,-11.958384999999998,0.9581400872393347,0.06775073530136039,-66.42968,1.5791004931922477,0.111659266691126,-2.18414,0.8820261789765653,0.06236866923383887,0.027913931999999995,0.03472001105652151,0.0024550755260938266,0.5079389320000003,3.54338251125147,0.2505549802043732
R:A:CYS:120,95.10648,2.0492272786589583,0.14490225049322042,-7.208995,0.6241357904935432,0.04413306498392107,-86.44683500000001,1.5029190722640393,0.1062724267572497,-1.198125,0.9662225516799947,0.06832225184282936,0.10745859600000002,0.032882260900321064,0.002325126966336229,0.3599835959999996,2.789679358780668,0.197260119192995
R:A:THR:121,39.7939,3.681129059133896,0.2602951320136433,-6.268,0.8782855458220863,0.06210416652689254,-48.62762500000001,3.8357444472194704,0.27122809095275324,-5.20335,1.382085010952655,0.09772816834209061,0.47547828,0.07155393077232865,0.005059626966966636,-19.829596719999998,5.563300374497496,0.3933847420584839
R:A:ALA:122,82.63843499999999,2.040573697707338,0.14429034991597667,-6.8831500000000005,0.8428492317728005,0.059598440730441925,-67.80063,1.353366777004667,0.0956974825452582,-3.031205,1.0154573713233854,0.07180367932686318,0.079958088,0.04802663012786402,0.0033959955840950793,5.003408088000001,2.7819773015881055,0.19671550150600023
R:A:PHE:123,102.456365,2.997005524148229,0.2119202929378756,-13.041265,1.0452626821880708,0.0739112330696424,-75.75884500000001,2.081646785834475,0.1471946558298738,-4.77835,1.8426960757270852,0.1302982890812462,0.201368844,0.058386613016900235,0.00412855699947649,9.079273844000001,4.2198112933642635,0.2983857180865446
R:A:HIS:124,105.99871499999999,2.8389236135857905,0.20074221384371302,-8.544075,0.7904367522926802,0.055892318764522546,-76.059625,2.309652732419963,0.16331711092801945,-15.100359999999998,2.2099413296284585,0.15626645002046982,0.842458608,0.07293546365858475,0.005157316094197027,7.137113608,4.3483253730354745,0.30747303580789076
R:A:ASP:125,93.67663,2.9195628513700473,0.20644426903040927,-5.7361249999999995,0.6725212185314304,0.04755443141154145,-13.980815,6.07406733423124,0.42950142014186055,-140.387255,5.765386223834012,0.4076743695032532,0.714989772,0.04918941780816699,0.00347821708947732,-65.712575228,8.894522130055629,0.628937691357615
R:A:ASN:126,20.17664,2.8489478286553442,0.2014510328888884,-6.43177,0.8519103633012103,0.06023915948533811,-89.49001499999999,4.513078252675771,0.31912282364925726,-5.001259999999999,3.809289672944288,0.2693574559242792,0.523859436,0.0624998576832324,0.004419407319100777,-80.222545564,6.612467342595003,0.46757204983235157
R:A:GLU:127,101.190105,2.6522909180508463,0.18754528938332468,-7.024360000000001,1.0477523516556764,0.07408727928598809,-43.574675000000006,15.486322065596305,1.0950483348222009,-107.94496,15.202903793959889,1.0750076366435728,0.602805708,0.13535679472211337,0.009571170742768184,-56.751084291999994,21.888472044755144,1.5477487012658537
R:A:GLU:128,103.723305,2.7947372617072612,0.19761776693879274,-4.422735,1.0968976546492384,0.07756237698700962,-35.79802,12.306245766260318,0.8701829832270911,-117.867305,12.1872848236174,0.861771174303176,0.928653804,0.11332019120791487,0.008012947564847278,-53.436101196,17.578400909185696,1.2429806485300978
R:A:THR:129,36.166485,5.802225802205133,0.4102793210714805,-6.030425,0.9451841007840748,0.06683460871341285,-51.755255,6.782988213905063,0.47962969627606983,0.67009,2.6192067581426253,0.18520588600122836,0.38035234799999995,0.09963204980363545,0.007045049803966645,-20.568752651999997,9.35084471806548,0.6612045709966511
R:A:PHE:130,88.34079000000001,3.122296591597282,0.2207797092794082,-12.95163,0.9019863818816778,0.06378006871664532,-66.16576500000001,1.8298255817905156,0.1293882077272693,0.26270499999999997,0.949730955573735,0.06715611989889676,0.19294660800000002,0.05496088898024791,0.003886321729797429,9.679046608,3.8491020623084946,0.2721726169737461
R:A:LEU:131,80.67305999999999,3.7404080053384554,0.26448678649792695,-9.252245,1.2532223804955767,0.08861620435831699,-77.176005,2.318541163096959,0.16394561788860046,0.127545,0.9865795497449762,0.06976170898046434,0.18093877200000003,0.0686709253633473,0.0048557676994778155,-5.446706228,4.681335964264396,0.33102044053438195
R:A:LYS:132,142.60058,3.41991433717279,0.24182446188919768,-9.49708,1.054115721161581,0.07453723745887018,-178.69609,14.425883613210667,1.0200640127509155,40.58698999999999,12.307242385274614,0.870253454833418,0.4157248679999999,0.12923518375520568,0.009138307480119548,-4.589875131999999,19.297616664026684,1.3645475603871788
R:A:LYS:133,128.84975999999997,3.493636595640709,0.24703741277790298,-9.074175,0.8657692558499637,0.06121913117543403,-149.21661,8.591366371998113,0.6075013421297932,13.406310000000001,8.237597739869312,0.5824861222548567,0.7658033040000001,0.0720816347668252,0.00509694127426341,-15.268911696,12.435024788501456,0.8792890352172194
R:A:TYR:134,85.173055,3.397332024099941,0.24022765121832876,-15.108155000000002,0.8437073491294241,0.05965911879063417,-79.594895,1.6402623887582746,0.1159840658016221,-5.0975649999999995,0.8846940351189218,0.06255731515078791,0.154430604,0.06716838581618575,0.004749522109197926,-14.473129396,3.9662782056675194,0.2804582215299915
R:A:LEU:135,71.14672,4.117614084831166,0.29115928416933573,-10.968545,0.9327741034007109,0.06595708938298445,-74.48044,3.136994342742747,0.2218189972297233,-0.798105,0.59046608198524,0.04175225706324151,0.059700492,0.0240470395404577,0.0017003824726518678,-15.040669508,5.2928985669537125,0.37426444688255295
R:A:TYR:136,90.29560000000001,3.586990383315796,0.25363852240935325,-16.35981,0.903790973566344,0.06390767261839535,-88.182735,1.7062818685009222,0.1206523479832655,-4.542255,0.8901239913489581,0.0629412710379684,0.10787511600000001,0.058675445008672444,0.004148980505477065,-18.681324884000002,4.170191779342644,0.2948770886021578
R:A:GLU:137,102.45275,2.835174907743789,0.20047714031155772,-8.90906,1.2429960001544655,0.08789309006969774,-102.880155,9.15562921491336,0.6474007503894903,-51.71594999999999,8.137012905698258,0.5753737004221692,0.24044572799999997,0.07453761350188517,0.0052706051960644965,-60.811969272000006,12.634292105939357,0.8933793623601385
R:A:ILE:138,75.52675,3.1153157733205794,0.22028609088523948,-10.277664999999999,0.943131095222186,0.06668943929795032,-62.83494,1.6112999275119453,0.1139361105269089,0.5166,0.5339932396575822,0.03775902408696496,0.056176416,0.04307817014260174,0.0030460866228941555,2.9869214159999995,3.671236929894043,0.25959565284705594
R:A:ALA:139,97.96636000000001,1.985272585918619,0.14037997080068082,-8.417935,0.6110762724693212,0.043209617608525534,-78.415665,1.3859710901656643,0.09800295563846531,-0.40855,0.7080650093741394,0.05006775696493703,2.3112e-05,0.00016889731393956506,1.1942843601085965e-05,10.724233112,2.595571883030078,0.18353464795477045
R:A:ARG:140,-173.41552000000004,3.8284173557228574,0.27070998734439033,-14.48583,1.1504846852957233,0.0813515522623877,-19.447670000000002,8.53623655079333,0.6036030750878428,40.709140000000005,7.139779271826265,0.5048586339283503,0.19101474,0.03898697177217538,0.002756795211803372,-166.44886526000002,11.824791623794813,0.8361390343303198
R:A:ARG:141,-189.07220500000003,3.895943358542961,0.27548479679444204,-12.09714,1.2164876038825878,0.08601866339347525,0.24228000000000038,7.674440381004988,0.5426648835220499,23.40841,6.2258258746852215,0.44023236944765887,0.247813632,0.04328717811061118,0.003060865718044305,-177.27084136800005,10.691961162792529,0.7560358242393801
R:A:HIS:142,116.25820499999998,3.057193579571794,0.21617623115151904,-11.512335,0.947813527427732,0.0670205372544491,-82.83720500000001,2.2414680508485945,0.1584957258568034,-7.328499999999999,1.1635352680516393,0.08227436781890214,0.179518032,0.06217740647981206,0.004396606575846749,14.759683032,4.077578011344669,0.28832830626389727
R:A:PRO:143,78.13953500000001,2.413118987695178,0.17063328000092773,-10.193715,0.825719391667048,0.058387178120500045,-58.97532499999999,1.1587599964509478,0.0819367051258165,-0.0003049999999999997,0.5681615808685061,0.040175090664178965,0.004840452,0.004931997339546728,0.0003487448763587503,8.975030452,2.8584108169571705,0.20212016720873943
R:A:TYR:144,82.24528000000001,3.059037701892541,0.2163066302913528,-13.144575,0.771882798341173,0.05458035609882918,-76.34769,1.72823166673337,0.12220443310084952,-6.196865,1.1768832426264724,0.08321821215259916,0.24346925999999997,0.08060953671093514,0.005699955003660818,-13.20038074,3.785743186490435,0.26769246789981554
R:A:PHE:145,102.965125,3.256467366545379,0.2302670157596936,-14.093544999999999,0.9865166739467712,0.06975726299013602,-74.606705,1.8504042147528201,0.13084333681878876,-5.059715,0.8760762488362529,0.06194794563885876,0.019689443999999997,0.010800666168994577,0.0007637224289428195,9.224849444,3.971072507961759,0.280797229896323
R:A:TYR:146,82.8109,3.169302947021632,0.2241035605473505,-13.92101,0.9244896753885358,0.06537129186041837,-75.35757,3.198097608751178,0.22613965060444402,-4.19491,2.399967681428231,0.1697033422166458,0.12722857199999998,0.0562941907714039,0.003980600403586886,-10.535361428000002,5.185557303975592,0.36667427338725717
R:A:ALA:147,95.74841499999998,2.268910170715227,0.1604361767615864,-6.16744,0.7215036288197031,0.051018010858911375,-70.936545,1.3685915745667148,0.09677403830508985,0.8880199999999999,0.6045443570160919,0.04274774143741397,0.00457002,0.004543887995054455,0.0003213014014255151,19.53702002,2.8119491947167377,0.19883483439362568
R:A:PRO:148,83.19261,2.8854268328793227,0.2040304880146592,-9.163910000000001,0.8071021942108694,0.057070743463704755,-60.452405,1.2347630221929227,0.0873109306151011,-2.83926,0.9782171499212229,0.06917039801822743,0.055578528,0.03901726085733359,0.0027589369735545027,10.792613527999999,3.385287701188749,0.23937598897779833
R:A:GLU:149,93.19935,2.7187937522916297,0.192247749889303,-8.480170000000001,1.325701328014723,0.09374123988672221,-69.51600499999999,17.21290156583064,1.217135942109539,-68.20109500000001,15.961879807089609,1.1286753452077682,0.294660612,0.12402253539771171,0.008769717579967059,-52.703259388000006,23.66918444642393,1.6736640827221518
R:A:LEU:150,73.486425,2.937898596680117,0.20774080201509523,-12.302425000000003,0.9198053622234434,0.06504006089999455,-76.536635,1.4756514906220233,0.10434431756868696,1.3842750000000001,0.5795307838027244,0.04097901471332614,0.00049104,0.0014009133454999992,9.905953264577822e-05,-13.96786896,3.4627583344002226,0.24485398998646318
R:A:LEU:151,71.011385,4.226648549001324,0.2988691850691118,-9.634079999999999,0.8581960927433777,0.06068362767666416,-77.25317000000001,2.9565294960646007,0.20905820554453253,0.616815,0.9466250740261427,0.0669365009085103,0.246512628,0.08829531161322222,0.0062434213588688755,-15.012537372000002,5.314698509257405,0.3758059355857946
R:A:PHE:152,98.774175,2.98491612853276,0.2110654435758611,-10.936899999999998,1.1421041721314218,0.08075896049355763,-81.538425,1.757288975773478,0.12425909512737889,0.290705,0.8287325611890726,0.05860024138068886,0.445895352,0.13116419988328862,0.009274709518638114,7.035450352000001,3.7424848007782248,0.2646336381117868
R:A:PHE:153,94.29767,3.074433561015752,0.21739528193017435,-13.999614999999999,0.9137298981509798,0.06461046071554512,-73.82815500000001,1.861758744030762,0.13164622328375014,0.36045,0.7933735044101233,0.05609997849821335,0.022626252000000003,0.022422179239398116,0.0015854874989158633,6.852976252000001,3.792510242632423,0.2681709710284825
R:A:ALA:154,100.526065,2.1409981202175303,0.15139142893134666,-7.12641,0.5776119475045508,0.0408433324974836,-83.462755,1.5591371860663832,0.11024764770676514,0.6417949999999999,0.5757702084816476,0.040713101882256526,0.05947038,0.029576390508802793,0.00209136662917959,10.63816538,2.7714262345407152,0.19596942840020387
R:A:LYS:155,145.750835,3.6071023242729052,0.25506065139271283,-7.4639,0.9947912193018191,0.07034236170331502,-165.71845000000002,12.538093598609798,0.886577100672863,24.328665,11.779569495222438,0.8329413469529982,0.816456744,0.1322078101618269,0.009348503909125155,-2.286393256,17.606258098560232,1.244950449281251
R:A:ARG:156,-188.586375,4.002896173319388,0.28304750285398206,-9.956975,1.203399623722311,0.08509320344113858,-7.438375,19.089211557169538,1.3498110939579193,27.975369999999998,15.582701104208475,1.1018633619988913,0.607175244,0.1194007856707202,0.00844291052267678,-177.39917975600002,24.994082830819053,1.7673485459210412
R:A:TYR:157,96.01565500000001,3.300927114611136,0.2334107946944078,-14.829074999999998,0.8985979130706904,0.06354046778923648,-88.08309500000001,1.6805609973978932,0.11883360774576782,-3.9919849999999997,0.8668905552461625,0.06129841901611329,0.105226848,0.050653380925005355,0.00358173491420966,-10.783273152000001,3.909213257306275,0.27642312033456184
R:A:LYS:158,119.71352499999999,3.180220297302531,0.22487553378897177,-9.09265,0.9369334808298827,0.06625120178155261,-159.19935,13.267257256776924,0.9381367574013395,33.790235,11.861002149050265,0.8386995051261655,0.567284724,0.11971851591942419,0.008465377444021448,-14.220955276,18.1027474463741,1.2800575477438583
R:A:ALA:159,81.98317000000002,2.1982737275189366,0.1554414259632869,-5.22219,0.624126472680017,0.04413240611500805,-71.53622,2.2427268985768194,0.15858473983331434,-4.6128599999999995,1.222312108424031,0.08643051805930588,0.344290428,0.046859949329302694,0.0033134987936807945,0.9561904279999999,3.427536713421337,0.24236344528260795
R:A:ALA:160,94.07559499999999,2.147475250375426,0.15184943119707428,-7.42903,0.5782720459264826,0.04089000850452345,-79.056925,1.592984488114997,0.11264101338710956,-2.594415,0.6956193159875594,0.049187713545915106,0.031231044,0.01974889834710949,0.001396457994220492,5.026456043999999,2.8227512007279216,0.19959865156371828
R:A:PHE:161,111.42635999999999,3.0453583172428167,0.21533935172652488,-14.575715,0.9009491904513818,0.06370672820727023,-89.72169000000002,1.7144776417031513,0.12123187666410182,-1.737995,0.8188964372709164,0.05790472238837692,0.0016681679999999998,0.003755817070382422,0.0002655763719363603,5.392628168000001,3.7008047488636664,0.26168641337688764
R:A:THR:162,39.559470000000005,3.962682694728408,0.2802039805133039,-5.879945,0.6302738230126648,0.04456708942566251,-50.19207,3.6214471285799545,0.25607498223274366,-6.200619999999999,1.835508154599156,0.12979002630402692,0.620999712,0.08950146307173451,0.006328709146414083,-22.092165288,5.708947296452033,0.40368353467578394
R:A:GLU:163,83.69312000000002,3.1147561406312363,0.22024651887827867,-5.8326150000000005,1.0762961519837373,0.07610563076326876,-37.286570000000005,12.864325593092705,0.9096451862267506,-95.986605,12.564042185896026,0.8884119428760934,0.780008508,0.08310935291163044,0.005876718702383981,-54.632661492,18.281494889668934,1.2926969006712117
R:A:CYS:164,83.68260999999998,2.1678099058496803,0.153287308474968,-7.927395000000001,0.746012532719793,0.05275105207363168,-73.30801,1.511730118076636,0.10689546178159295,-0.46508499999999997,0.8545119529737428,0.06042311965526937,0.003421728,0.007812181930268651,0.0005524046818755975,1.9855417279999994,2.8760240167176128,0.20336560850763966
R:A:CYS:165,88.336995,2.237494233506535,0.15821473453782672,-6.52597,0.7380498960774942,0.05218800863704228,-79.22130500000002,2.477459798256069,0.17518286234639222,-0.6174600000000001,1.79395120847809,0.12685150646326593,0.12589686,0.054897603154727984,0.003881846746159616,2.0981568599999996,3.861370201273393,0.273040105399208
R:A:GLN:166,26.755145000000002,3.39166704645002,0.2398270768071758,-4.13976,1.0290232370554127,0.07276293089204144,-66.98705,3.4612656482130926,0.2447484411339529,-13.00096,3.6035521611876242,0.2548096169535208,1.174003272,0.16543229409703905,0.011697829698326357,-56.198621728,6.128263219396276,0.43333364793312096
R:A:ALA:167,87.88691999999999,2.2626806764543685,0.15999568499806485,-4.558215000000001,0.7161536977318486,0.05063971360380111,-76.62738999999999,3.0855696294039454,0.2181827208774792,-0.7584000000000001,1.7909711471712773,0.12664078430742604,0.254520144,0.061121867077333816,0.004321968668916552,6.197435144,4.285400031841838,0.303023542261241
R:A:ALA:168,89.4237,2.505710039090716,0.17718045603282542,-2.469825,0.3177860355254774,0.022470866068645415,-75.52236500000001,1.8003152895465282,0.12730151495121728,-3.78904,1.2039652396975586,0.08513319853030309,0.845828928,0.04883314557433727,0.0034530248382283724,8.488298928,3.3275550905517224,0.2352936769300939
R:A:ASP:169,102.47502499999999,4.275080503847267,0.30229384143888044,-3.645265,1.090092805578956,0.07708120149475485,-61.83178,6.820245750088482,0.48226420192462965,-93.84438,6.0167967346088735,0.425451777206301,0.7128970200000001,0.0625070280207498,0.004419914338528972,-56.133502979999996,10.10871494330026,0.71479408854894
R:A:LYS:170,120.38707499999998,3.544258270692896,0.2506169057483453,-8.901155000000001,0.9733172766241232,0.06882392465469402,-155.00018000000003,9.89325070831625,0.6995584663829035,30.383725,9.177340114073086,0.6489359427916402,0.5323068719999999,0.11738945377440861,0.008300687880366909,-12.598228127999999,13.986524752102731,0.9889966497445336
R:A:ALA:171,82.067855,2.3598172755480458,0.16686427979011867,-5.003475,0.5712507412467838,0.04039352728934426,-73.018765,1.3790122805018814,0.09751089348824057,-2.27608,0.8230366113363367,0.05819747690407205,0.335221416,0.05663247042351361,0.004004520387181306,2.1047564159999994,2.9115865697985472,0.20588026075162316
R:A:ALA:172,90.65002,2.220581374235134,0.1570188147898206,-4.032284999999999,0.4561108130432779,0.032251904887541136,-77.170615,1.592566295880646,0.11261144273063463,-3.067115,1.1082822888483783,0.07836739219136363,0.5554739519999999,0.0530596959030345,0.0037518870780731766,6.9354789519999995,2.984357733793709,0.2110259591052049
R:A:CYS:173,87.557945,2.2825880666416793,0.16140335005778225,-6.78278,0.625144768513662,0.04420441050393049,-74.30849500000001,2.102109645088714,0.14864159848398764,-0.34399500000000005,1.3298901702678307,0.09403743576297154,0.24000285600000001,0.054120168043583015,0.0038268737822573034,6.3626778559999995,3.433863142455457,0.24281079136968012
R:A:LEU:174,74.59648,3.291831968615652,0.23276767075347896,-12.01247,0.9664577223551996,0.06833888092074672,-74.87019000000001,2.1591246244485287,0.15267316633744124,-0.686795,0.7212373624369441,0.05099918298242629,0.002941668,0.009891493762954916,0.0006994342315849861,-12.970033332,4.117316912410782,0.2911382709059722
R:A:LEU:175,77.743095,3.29838679902388,0.23323116725659757,-7.386285,1.4468424287996948,0.10230720927126788,-69.794115,2.422484012697504,0.17129548726944033,-2.077245,1.0971356319867658,0.07757920452592305,0.462377088,0.1712781208366797,0.012111192071250512,-1.0521729119999998,4.480421863081348,0.31681366819612866
R:A:PRO:176,94.047125,2.9052595958666063,0.20543287613445657,-6.1600649999999995,0.6935027330695964,0.04903804853249158,-63.87191,2.1338899085707306,0.15088880246559055,-3.4536850000000006,1.2968699301684037,0.09170255219390025,0.593142948,0.05725378061002868,0.0040484536517918146,21.154607948,3.893599249180524,0.2753190432318398
R:A:LYS:177,122.947565,3.7181387649972133,0.26291211341221044,-9.06993,0.9964091002695631,0.07045676316365947,-160.70468499999998,11.32534823066271,0.800823053320067,35.87144,10.869127088520035,0.7685633469870912,0.565204104,0.10516497499627327,0.007436286696317854,-10.390405895999999,16.162607551228106,1.1428689401130292
R:A:LEU:178,63.159555,3.0992522609453723,0.2191502290322212,-11.279740000000002,1.03550365639142,0.07322116573778377,-72.28363499999999,2.0225033304731546,0.14301258199499445,-0.9233,1.037182626156069,0.07333988682838283,0.037051776,0.03228936732834857,0.002283203059809863,-21.290068223999995,3.980570627986956,0.28146884840415703
R:A:ASP:179,87.473245,5.679415848040625,0.40159534593278723,-6.422845,1.44897104214508,0.10245772496437248,-112.159835,17.11033157679228,1.2098831486300132,-40.477610000000006,15.556767892075142,1.1000296069831486,0.337609044,0.10269282726641263,0.007261479453929916,-71.24943595600001,23.85670348536019,1.6869236811254933
R:A:GLU:180,98.52370499999999,3.29984135497072,0.23333401989396013,-6.861879999999998,0.861823123152309,0.06094009745643668,-69.2106,18.99426686029235,1.3430974900579633,-76.12272999999999,17.82255363569149,1.260244853385841,0.718844832,0.12619549644888195,0.00892336912942073,-52.952660168,26.26924454612274,1.8575160955211119
R:A:LEU:181,79.013315,4.0137853599532445,0.28381748462502265,-10.283510000000001,1.0671486447070062,0.07545880432063577,-76.50104000000002,2.876350668538174,0.20338870627938022,-0.7085049999999999,0.6306543506351161,0.044593996791888926,0.06432555599999999,0.030043391439151208,0.0021243885816465686,-8.415414444,5.09129647824787,0.36000902648002564
R:A:ARG:182,-193.73108,3.8838828063678754,0.2746319869716563,-8.38369,1.6849401128526795,0.11914325796913564,23.846475,13.915102443006843,0.9839463298355632,2.3573749999999993,11.829053742982783,0.8364404116683237,0.8960965920000001,0.24410542006465635,0.01726085978521092,-175.014823408,18.74939318344343,1.325782306314568
R:A:ASP:183,81.40205,8.469788084568586,0.5989044589811466,-6.372909999999999,1.3134977472001998,0.09287831641185149,-105.29038,17.55317225106619,1.2411967130064439,-42.114245000000004,15.659087866315044,1.1072647217467353,0.38616048,0.18716721039139306,0.013234720368352326,-71.98932452,25.036343722169594,1.7703368422063368
R:A:GLU:184,100.615665,3.0120728066856217,0.2129857107035,-6.306075,1.6125260740139986,0.1140228121775419,-97.83948000000001,13.866245591709387,0.9804916287495778,-55.532554999999995,13.292831376609538,0.9399451207569913,0.368934696,0.10429717372782248,0.0073749238801534694,-58.693510304,19.510403215955648,1.3795938417686062
R:A:GLY:185,88.916755,1.9884070269879357,0.14060160925421517,-5.481520000000001,0.6718488591937922,0.04750688842683764,-80.23775499999999,1.9726775167206112,0.1394893649167383,-2.045155,0.9120282128174545,0.06449013339166698,0.011485151999999998,0.013115894983572261,0.0009274338284214567,1.163810151999999,3.02135192707275,0.21364184359841845
R:A:LYS:186,119.018745,3.5770246113180435,0.2529338359134163,-9.064545,1.073048739794703,0.07587600404525137,-132.046365,12.624637226145351,0.8926966592627503,10.912445,11.1238504204693,0.786575006521867,0.427056264,0.15553169758392757,0.010997751805105056,-10.752663735999999,17.23636394503357,1.218794982853255
R:A:ALA:187,93.076355,2.3519126512213417,0.1663053384437042,-6.5079649999999996,0.7336865909739663,0.05187947637433323,-86.90665000000001,1.6093951899704437,0.11380142524371126,0.272675,1.000747810077544,0.07076355627634184,0.15484795199999998,0.0694528394788701,0.00491105737681698,0.08926295200000002,3.1090612548704604,0.21984382964432594
R:A:SER:188,85.32039999999999,6.292357315029082,0.44493685271058403,-7.235095000000001,0.9363362515544296,0.06620897129449302,-81.674655,6.131930831799639,0.43359298729323914,-1.096685,1.723676055926693,0.12188230277146474,0.071369316,0.04200139656069717,0.0029699472327374306,-4.614665683999999,9.002437733471863,0.6365684768547607
R:A:SER:189,65.21283,6.376042047469573,0.4508542568896294,-7.842550000000001,0.8310587509316053,0.05876472783481601,-59.557215,7.248303044766754,0.5125324235049671,-2.0840300000000003,1.1341202754117394,0.08019441374247958,0.06326802,0.02509698421308026,0.001774624772440078,-4.20769698,9.75547674514637,0.6898163760200666
R:A:ALA:190,96.21978999999999,2.227708218304184,0.157522758766789,-7.618805,0.6030147319717819,0.04263958061326354,-77.213325,1.4917936584444242,0.10548574120171407,-0.29744,0.771830568453984,0.05457666288808798,0.036835056000000005,0.018133315567850906,0.0012822190403422966,11.127055056,2.8544369384842763,0.20183917156715997
R:A:LYS:191,128.68899000000002,3.110975713486044,0.21997920231126394,-8.920815,1.0600536122173256,0.07495710976201657,-136.983935,12.933645089485601,0.914546814823536,6.305459999999999,11.935261089243083,0.8439504051435723,0.649864188,0.11410017516937937,0.008068100759684107,-10.260435811999999,17.903757565657095,1.2659868383396087
R:A:GLN:192,40.062124999999995,2.7217463345019866,0.1924565289795984,-11.498865,1.0598647445664942,0.0749437548023516,-91.26175,2.2968493697889727,0.16241177647418306,4.625735,1.1867776981284237,0.08391785581075699,0.029645172,0.0155301943743411,0.0010981505755241763,-58.043109828,3.9006942850423827,0.27582073802890805
R:A:ARG:193,-189.08662,4.533624266037052,0.32057564618666834,-11.048535000000001,1.5155967236620038,0.10716887208455168,-30.42079,17.942868935761084,1.2687524298418114,54.174345,13.582578515730178,0.960433337447152,0.19943143200000002,0.11237957565421473,0.007946436001196188,-176.182168568,23.006442496945816,1.6268011500568753
R:A:LEU:194,80.51693999999999,3.9927732563219767,0.28233170452855627,-9.93069,1.002015969882716,0.07085322871612838,-82.86454499999999,3.2688114824772323,0.23113987656801022,-2.7763549999999997,0.602961490457724,0.04263581586970044,0.19199030399999997,0.03283526481472601,0.0023218038412548807,-14.862659696000001,5.291128754988434,0.37413930227834563
R:A:LYS:195,123.92162,3.1127531584756283,0.22010488665179606,-12.376524999999999,0.9488385423110721,0.0670930167519318,-126.19754,6.407779453008662,0.45309843035702513,2.79687,5.845163733643395,0.41331549132049233,0.21618831599999996,0.05727456583389999,0.004049923389066603,-11.639386684000002,9.263821229512498,0.6550510811088187
R:A:CYS:196,81.93183499999999,2.332489943767175,0.16493194562871982,-8.07502,0.7547634991174388,0.05336983884180277,-75.75835000000001,1.7183319520686333,0.1215044175637248,-3.17875,0.6103874732495745,0.043160912148609655,0.044128872,0.04508321031700844,0.0031878643732815987,-5.036156127999999,3.0557237012248812,0.2160722950568569
R:A:ALA:197,97.97780999999999,2.188396217301611,0.15474298051769583,-6.5084349999999995,0.6974823121592404,0.049319447268547124,-84.73738000000002,1.4541590269293114,0.10282457088653474,-2.3384199999999997,0.7387957455210472,0.052240748156970336,0.08411986799999999,0.039396661735189895,0.002785764666906535,4.4776948679999995,2.817358568913598,0.1992173349112832
R:A:SER:198,79.268165,2.6374111677504897,0.18649313214935023,-8.240225,0.822558195129682,0.05816364776967655,-70.75328499999999,1.9320879751644333,0.13661925090877566,-2.0247,0.843145396713995,0.059619382754268764,0.051022476000000004,0.014289605532771853,0.0010104276972703785,-1.6990225240000008,3.475140565322687,0.24572954593161242
R:A:LEU:199,61.607755,3.250028163720278,0.22981169536138715,-10.92063,1.0105412475995228,0.07145605688463365,-59.777035,2.2016571267513476,0.1556806684173568,-4.86093,1.486183183561165,0.10508902071815113,0.142862688,0.05365256047010856,0.003793808933643506,-13.807977312,4.317729708329946,0.30530959560907184
R:A:GLN:200,39.992129999999996,3.0263483776822517,0.2139951460092027,-6.5645299999999995,0.8995877939923373,0.06361046294046287,-76.716,2.709716990757522,0.1916059259261049,-8.410654999999998,2.5954677297117374,0.18352728320300227,0.6856564319999999,0.1270939894778686,0.00898690218078526,-51.01339856799999,4.905427044645186,0.34686607278844955
R:A:LYS:201,123.098565,3.248128817607916,0.2296773913098,-5.831379999999999,1.0217112290662171,0.07224589384871641,-153.504135,9.142705079284523,0.6464868759950778,26.895435,8.376542342504752,0.5923109893281358,0.972497664,0.16516982842981676,0.011679270573014202,-8.369017335999999,12.859900213693283,0.9093322646484852
R:A:PHE:202,94.710375,2.988564293164027,0.21132340777082648,-10.007480000000001,0.9686580199430551,0.06849446545524682,-76.42247499999999,1.8152975594582288,0.12836092141643035,-4.27337,1.0910732941008132,0.07715053250302294,0.460824984,0.06921989274428951,0.0048945855552492605,4.467874984000001,3.789505568013001,0.26795850844861724
R:A:GLY:203,80.242195,2.2003718201647193,0.15558978351702593,-3.23902,0.7161944216482002,0.05064259321954199,-78.334,3.2191523899933667,0.2276284484637191,-0.983425,2.443753132862442,0.17279944117929028,0.294527952,0.054254151827775314,0.0038363478664944447,-2.019722048,4.657508517860226,0.32933558564130716
R:A:GLU:204,103.850795,2.763263891302277,0.1953922635747767,-6.6124149999999995,1.084156018649991,0.07666140726516177,-33.025645,9.314280843359567,0.6586191146215504,-113.47646999999999,8.544807193208047,0.6042091110248999,0.6377768279999999,0.08010287272317276,0.005664128449507839,-48.625958172,12.984105501498496,0.9181149047751145
R:A:ARG:205,-199.15384999999998,3.7455822521338393,0.26485266099758187,-6.667255,1.3032532409225,0.0921539204259645,-7.0094650000000005,11.169136993912064,0.7897772508396751,37.943705,9.267087925447507,0.6552820713935907,0.73350954,0.15200490177045606,0.010748369681548452,-174.15335546000003,15.04591309008487,1.0639067175142454
R:A:ALA:206,86.31318500000002,2.200810078306395,0.15562077304741484,-6.315605000000001,0.5289148787612238,0.03739992974425219,-79.27938,1.591786884479201,0.11255633002190504,-0.28561,0.7774370764891523,0.054973102873132416,0.142626564,0.03461677955639871,0.0024477759567169376,0.5752165639999999,2.8744926795309214,0.20325732661674037
R:A:PHE:207,113.06784999999999,2.9248591158378896,0.20681877148242614,-14.916244999999998,0.8329389323203712,0.05889767673580172,-86.83334,1.608412743794328,0.11373195580838304,0.36194000000000004,0.6989243495543705,0.04942141471062923,0.0066124439999999994,0.004569182565455663,0.00032308999765130454,11.686817443999999,3.5105691548101308,0.248234725519057
R:A:LYS:208,120.54513999999999,3.2036353585263107,0.22653122864629505,-9.914085,1.0080331828739568,0.0712787099271234,-178.12008000000003,11.616808534343674,0.821432409038017,52.299305000000004,10.689502483837824,0.7558619693832168,0.56836494,0.08035782274527602,0.005682156138457126,-14.62135506,16.140061079916222,1.1412746638373832
R:A:ALA:209,89.13461500000001,2.1931165556748233,0.1550767588450152,-6.440074999999999,0.5977157429539564,0.04226488550646979,-79.452425,1.2665577343236274,0.08955915627045065,-2.19591,0.6238142286770958,0.04411032712982301,0.125969976,0.03836603651447233,0.0027128884586634077,1.1721749760000006,2.676155633587634,0.18923277960203974
R:A:TRP:210,117.54271499999999,3.3079501876199706,0.23390740094933932,-15.67905,0.7902336600651734,0.05587795797539491,-84.40779500000001,1.3456959734557434,0.09515507482459884,-5.398365,0.8571755956482895,0.06061146763505235,0.30335914799999997,0.057755673238002306,0.004083942819858583,12.360864148000001,3.757124838731896,0.26566884512317374
R:A:ALA:211,99.11218500000001,2.006411470953802,0.1418747156961909,-7.774440000000001,0.6790498482438532,0.04801607524569246,-87.04020499999999,1.289752516173161,0.09119927502384544,-0.046784999999999986,0.6494681891940512,0.04592433607440612,0.000253332,0.0012552704079105827,8.876102176563766e-05,4.2510083320000005,2.563604443869763,0.1812742086540277
R:A:VAL:212,50.15893,2.627741457050141,0.18580938034851738,-8.670960000000001,1.0709270976121577,0.07572598128779844,-56.34862999999999,2.160195570567628,0.1527488936637513,-1.046075,0.5081973035888718,0.035934975954840985,0.068504724,0.018758392428111316,0.0013264186490075899,-15.838230275999999,3.602356352897571,0.2547250605384312
R:A:ALA:213,95.24571,2.238858179050205,0.15831118005213654,-8.27346,0.5279129647962815,0.037329083728374575,-74.32467500000001,1.393083260029708,0.0985058619924469,-3.108715,0.6343300274896342,0.04485390639481694,1.6343999999999998e-05,0.0001761422427017438,1.2455137426780969e-05,9.538876344,2.7630116953201784,0.1953744306258637
R:A:ARG:214,-187.601085,4.4180486685611555,0.31240321731517906,-11.768490000000002,1.0807953182263512,0.07642376985925255,16.239594999999998,12.283760806486546,0.8685930564740171,16.33683,10.217615265858273,0.7224945042043573,0.500093172,0.14072073448615316,0.009950458560871055,-166.29305682799998,16.613172970714064,1.1747287264616975
R:A:LEU:215,71.15201,3.460332843802746,0.2446824819015452,-10.660079999999999,1.0115629063978175,0.07152829907106696,-78.17698,1.9686152746537353,0.13920212102550739,-1.9951750000000001,0.7070165092662264,0.04999361681129902,0.099977832,0.03496434881103573,0.0024723528144055163,-19.580247168,4.1681775217908825,0.29473465908476715
R:A:SER:216,81.25698,2.6195012807021114,0.18522671189113088,-8.627160000000002,0.8372044818322463,0.059199296634335104,-73.01454,1.7885418106379287,0.12646900427377453,-3.23082,0.6044241619922222,0.042739242365769654,0.001058364,0.0018193926306061593,0.00012865048667424464,-3.614481635999998,3.3357026231649534,0.23586979448616932
R:A:GLN:217,37.81769,2.94307516450056,0.20810684063600599,-11.076369999999999,1.0644064792643833,0.07526490394267436,-78.86584500000001,2.4468081986488026,0.17301546695274092,-4.199484999999999,1.4420738225815626,0.10197001789190291,0.11578438799999999,0.045985314028196604,0.003251652738433069,-56.20822561200001,4.2264896186854966,0.298857946998706
R:A:ARG:218,-193.90497499999998,3.9718495898479085,0.28085217788344635,-13.464229999999997,1.2469939122144904,0.08817578514252085,-9.26117,9.766719935121515,0.6906113896074261,44.15650000000001,8.095139800522286,0.5724128247602424,0.27008942399999997,0.0981761641291379,0.0069421031406596894,-172.203785576,13.351416712161226,0.9440877295616602
R:A:PHE:219,104.590345,2.8817546696370595,0.20377082686163636,-12.330900000000002,0.9526978167288933,0.06736590866306191,-73.814415,1.1801012256476138,0.08344575791419838,-2.3891899999999997,0.527606419502265,0.03730740770276059,0.028926179999999996,0.015601869691841424,0.001103218785828994,16.08476618,3.2989989331595546,0.23327445167643068
R:A:PRO:220,91.85782999999999,2.4776235874522987,0.17519444399152614,-9.557485,0.7539327687367091,0.05331109733324761,-65.46728499999999,1.8039663338807077,0.1275596827719284,-0.06895999999999997,0.8123348068376733,0.0574407450508783,0.021651660000000003,0.015437362228450817,0.0010915863515370645,16.78575166,3.259057217233624,0.23045014585808546
R:A:LYS:221,115.92403,2.781075955291405,0.1966517666981408,-7.617165,1.154311269881309,0.08162213265331285,-202.91585999999998,6.5309878487408,0.46181057956915617,77.975735,5.504551515316665,0.38923057038710995,0.599856588,0.08885939836042024,0.006283308315280994,-16.033403412,9.056964371947533,0.6404240924369061
R:A:ALA:222,89.981875,2.2349179491370594,0.15803256372303462,-6.4468700000000005,0.4827932301720893,0.0341386366965642,-85.369405,1.987094195294979,0.14050877803495054,0.5877649999999999,0.9348582779090101,0.0661044627757839,0.011769875999999999,0.01219875803451417,0.000862582452825885,-1.2348651240000004,3.1702680790309494,0.22417180568620337
R:A:GLU:223,102.83825499999999,2.9323301775166795,0.20734705531999967,-5.957725,0.8519659907384801,0.060243092939149465,3.4493349999999996,5.573657792937686,0.3941171221399484,-154.73472,5.453981675033388,0.3856547426883274,0.8208448920000001,0.053881832770680094,0.0038100209334907434,-53.584010108,8.374896230737889,0.5921945916488418
R:A:PHE:224,87.91513,2.8501331237505383,0.2015348459088403,-11.429189999999998,0.8613500588610881,0.06090664675961072,-67.49558,1.41397821892701,0.09998335870533655,-3.3795249999999997,0.6054119996952488,0.04280909303962185,0.28679849999999996,0.06469582688889601,0.004574685790760934,5.8976334999999995,3.351898922997506,0.23701504583034216
R:A:ALA:225,91.76874,2.386395722088019,0.16874365976830058,-4.74634,0.4604091489099668,0.032555843131456444,-81.04625,2.0904170271742433,0.14781480554227308,-0.980895,1.4457751464093578,0.10223174100970304,0.527202072,0.07185252810566664,0.0050807409868913874,5.522457072,3.5174043034701277,0.2487180435158472
R:A:GLU:226,113.580545,2.917162931338426,0.2062745690575428,-7.879020000000001,1.2021476280390857,0.08500467397737609,-12.858699999999999,9.22906427542901,0.6525933933162363,-145.748155,8.321747659655092,0.5884364201465396,0.232295004,0.06355800114473066,0.00449422936081014,-52.673034996000005,12.821316220188141,0.9066039643032108
R:A:VAL:227,55.859245,3.0547761988360125,0.21600529652042097,-9.499,0.8847150445199856,0.06255880073978401,-61.93776,1.6695176076939116,0.1180527221710707,0.12894,0.65061905628409,0.04600571466676721,0.001349028,0.0024037226880020916,0.00016996886127782347,-15.447225972000002,3.65033947896052,0.2581179799205952
R:A:SER:228,82.97406,3.2545716287093764,0.23013296685177465,-5.681569999999999,0.9090669860356826,0.06428074303786477,-76.718765,4.37182908400763,0.30913499914903675,-0.595295,1.279583677597913,0.09048022955251052,0.299485008,0.039423006204539195,0.0027876275021989,0.2779150080000002,5.671897158153364,0.4010636942722951
R:A:LYS:229,124.21835999999999,3.4101474308891686,0.24113383732276145,-8.35556,1.1631068078211906,0.08224407110546024,-219.9748,13.685591941527411,0.9677174866406001,93.29932000000001,12.459242250538352,0.881001468380161,0.707964192,0.13539495669863608,0.009573869202006454,-10.104715808,18.855460720669207,1.3332824137981782
R:A:LEU:230,75.040535,3.0519496406027087,0.2158054286710022,-11.086100000000002,0.8748895015943443,0.061864029936627964,-82.33415500000001,1.5332156407286612,0.10841471765805137,-0.55311,0.9701631295302868,0.06860089277480287,0.005209919999999999,0.006576514841160172,0.0004650298240758328,-18.92762008,3.6567524113887524,0.25857144272132465
R:A:VAL:231,62.327909999999996,3.102883868580969,0.21940702247079513,-8.47812,1.1858766274785923,0.0838541404940746,-72.492965,1.7430746982774432,0.12325399392666754,0.31573,0.7692542668714941,0.05439449085615196,0.04423586399999999,0.020062813336855428,0.0014186551360170377,-18.283209136,3.8294458769976094,0.2707827147811875
R:A:THR:232,32.357209999999995,3.2652892346467564,0.2308908160354153,-6.710839999999999,0.78211590854553,0.05530394626064219,-49.5646,4.473431140634669,0.3163193494713846,-0.54415,2.0633523953750608,0.14590104707472118,0.5689145879999999,0.06533009227009445,0.004619535125972664,-23.893465411999998,5.9621385742664526,0.4215868616237703
R:A:ASP:233,74.43452,3.4343642729914365,0.2428462266497052,-7.662885,0.821807192579257,0.058110543870067165,6.69004,16.129260381009416,1.1405109390935275,-136.225135,15.626151095416141,1.104935740341435,0.301620564,0.09969349776204416,0.007049394830774732,-62.46183943599999,22.73345117464671,1.6074977485365973
R:A:LEU:234,84.312395,2.870513199582089,0.20297593489099885,-10.493415,0.8459196786781829,0.05981555411324884,-89.331245,1.4714172368757272,0.10404491061495992,-0.847205,0.8474470856490097,0.05992355809591917,0.171016056,0.03627663935531052,0.002565145768679885,-16.188453944,3.4409268190798414,0.24331026873380124
R:A:THR:235,57.55572,2.8767913465526136,0.20341986692061323,-7.612100000000001,1.1140358836231443,0.07877423277950728,-72.67622,2.2169636581595107,0.1567630036328725,2.517725,0.7918620330430043,0.05599310133288743,0.07242191999999999,0.033026341287063575,0.00233531498818639,-20.14245308,3.8807304057089316,0.2744090785833607
R:A:LYS:236,134.83535,3.046043915884995,0.21538783087143054,-7.112615000000001,1.3542527927883332,0.09576013332214507,-267.958065,18.63177126686497,1.317465180831689,129.04846,16.193381195673744,1.1450449653799628,0.7015731479999999,0.11193319344201924,0.007914872012271739,-10.485296852000003,24.909705102494573,1.7613821395331055
R:A:VAL:237,56.16065,3.0503491697672906,0.21569225829292063,-10.85748,0.7686285251016904,0.05435024423128198,-60.22591499999999,1.7193361357730492,0.12157542407441976,-2.340135,0.9630107251609403,0.06809514141166755,0.004180176,0.007209844502804758,0.0005098129939233796,-17.258699824,3.712004613885569,0.26247836342742376
R:A:HIS:238,112.68883,2.9075637449761955,0.20559580408048211,-13.474995,0.8761182368693167,0.06195091464114957,-88.855185,2.3372681362597234,0.16526981486004938,-6.750635,1.626768472086609,0.11502990180329199,0.053239248,0.028630510418211127,0.0020244828065549185,3.6612542479999997,4.163115156316458,0.2943766957891861
R:A:THR:239,40.420120000000004,2.780204725483359,0.1965901614476167,-7.09251,0.9910583483831817,0.07007840786932877,-57.945405,2.712945270545464,0.19183419977906704,0.24547000000000005,1.3978326112593025,0.0988416918385152,0.33631729199999993,0.07683537093253559,0.0054330811821379655,-24.036007708000003,4.246368647421152,0.3002636066009444
R:A:GLU:240,88.055785,2.758936650011196,0.1950862814087013,-10.816600000000001,1.1681575921081881,0.08260121548742488,38.702754999999996,9.228122216625383,0.6525267796994043,-170.83015,8.150822993262706,0.5763502210787292,0.179763228,0.04152919817600162,0.0029365577647490746,-54.70844677200001,12.671708779227494,0.8960251207012868
R:A:CYS:241,85.48756499999999,1.9898179981533484,0.14070137998212737,-9.320145,0.5135282990985015,0.036311934262374404,-71.718575,1.4122683082102354,0.09986244975903105,-1.572065,0.8840852621636671,0.06251426840230156,0.06605596799999999,0.0193353329726637,0.0013672145061470347,2.9428359680000007,2.645669926502768,0.1870771145811422
R:A:CYS:242,91.98589,2.289560806770591,0.16189639724064275,-7.376315,0.6426697019270474,0.045443610429575246,-82.94954,1.3415326527520675,0.09486068359441648,1.47817,1.0495970470137574,0.07421771894568034,0.04163634,0.051276689205349446,0.0036258094653897634,3.1798413400000016,2.9255950082044606,0.2068708069306887
R:A:HIS:243,110.62845499999999,2.8762468579687313,0.20338136576361904,-8.732539999999998,0.8802475949413324,0.062242904350616544,-87.71259500000001,4.037673798237669,0.2855066522953099,-7.819635000000001,3.544411689092423,0.2506277540674117,0.562279716,0.07644287632662276,0.005405327622395956,6.925964715999999,6.157851837488954,0.4354258791830481
R:A:GLY:244,72.327545,1.4628361726369097,0.10343813774365339,-5.277184999999999,0.5491260973355755,0.03882907871524895,-71.29505499999999,1.678489738418141,0.11868714761875017,-1.9370999999999998,1.0489510808421907,0.07417204223964714,0.021710339999999998,0.012100691795876795,0.0008556481225912904,-6.16008466,2.521745771775367,0.17831435356508657
R:A:ASP:245,100.012925,2.4636869889202644,0.17420897765865856,-10.41825,0.8384403243523059,0.05928668389697639,21.739695,7.217991325983635,0.5103890613148708,-170.289095,6.2458111255444635,0.44164554008828727,0.074861208,0.02597181346096448,0.001836484541796004,-58.879863791999995,9.893582045443372,0.6995818954558481
R:A:LEU:246,66.63476,3.143864272261129,0.22230477460459544,-10.881565,0.9166013341551494,0.06481350190257427,-66.755435,1.6002147280208987,0.11315226855381642,-0.6617250000000001,0.7947959356809772,0.0562005595779526,0.04227440399999999,0.014761756742826511,0.0010438138295078868,-11.621690595999999,3.730502142176993,0.2637863361964294
R:A:LEU:247,69.682545,3.4870481854965814,0.24657154182888785,-10.859074999999997,0.9551768000611195,0.06754119925552847,-75.547945,2.8891487209859936,0.20429366524656364,-0.79869,1.1676598965024019,0.08256602309364305,0.060419052,0.020016082319107703,0.0014153507540629214,-17.462745948000002,4.773141353110802,0.3375120618346581
R:A:GLU:248,97.70912,2.8789777831028847,0.2035744713317463,-11.083789999999999,1.0811590659565316,0.07644949070791772,40.77915,7.733925999613651,0.5468711519521761,-185.30586499999998,6.594707603584483,0.4663162466437074,0.124695684,0.03167397720101699,0.0022396884065987214,-57.776689316,10.618954797276741,0.7508734946267803
R:A:CYS:249,79.45739999999999,2.1632342522251258,0.15296376090433966,-9.87494,0.676730541944133,0.047852075524474375,-70.94194499999999,1.4447595100829067,0.10215992467633775,2.5975650000000003,1.2783923442257468,0.09039598956189926,0.00021603599999999996,0.0013523257082167744,9.562386786529816e-05,1.238296036,2.976435034220438,0.21046573964584853
R:A:ALA:250,90.39625499999998,2.176897831772314,0.15392992187964954,-7.484300000000001,0.5602891128694185,0.039618423113496073,-79.89407,1.3245370040508497,0.09365890974968694,0.47863,0.8083927220726322,0.057161997563941025,0.026084339999999998,0.021496920744469426,0.0015200618433044097,3.5225993400000006,2.7315137279128754,0.19314718799113403
R:A:ASP:251,105.646135,2.7807465250854846,0.1966284724648874,-9.73864,1.0037648481591692,0.07097689308500338,3.454405,10.838426005235954,0.7663924525690966,-162.53636500000002,9.981922671598642,0.7058285210367139,0.05746734,0.022594423859979257,0.001597667032839446,-63.116997659999996,15.028335373816839,1.0626637852771554
R:A:ASP:252,97.66347,3.465958108387924,0.24508024817496,-6.7372749999999995,1.2978181303152612,0.09176960006927676,2.0950750000000005,11.955637170363401,0.8453912116569907,-156.685605,9.991825067472659,0.706528726163965,0.181396728,0.05028282877058943,0.0035555329200925813,-63.482938272,16.014791731386772,1.1324167832553838
R:A:ARG:253,-196.88948,4.359419083960614,0.30825747963025973,-13.50458,1.0383194756913692,0.07342027422994277,-3.530835,9.066808261332927,0.6411201605306723,45.51147999999999,7.612554168582316,0.5382888674754476,0.165277188,0.05954308955773,0.004210332239906879,-168.24813781199998,12.658759041868565,0.8951094359911785
R:A:ALA:254,85.64515,2.2210198102448344,0.15704981689737813,-7.100330000000001,0.6323972889726837,0.04471724114365733,-85.265285,1.392141829619023,0.09843929280970584,4.19831,0.7709161652864727,0.054512004820039414,0.026470044,0.021755513124274133,0.001538347085836717,-2.495684956,2.804585395138879,0.1983141351319454
R:A:ASP:255,107.07466499999998,3.6791323518969796,0.26015394349091653,-7.445564999999999,0.5790276295437032,0.04094343633447246,-4.3461099999999995,9.95164616874515,0.703687648988882,-158.71066,9.539135509279653,0.6745187405269033,0.581679864,0.069049350048028,0.004882526365548426,-62.845990136,14.27958064522877,1.0097188306741438
R:A:LEU:256,70.263925,2.7148118092005933,0.19196618399310592,-10.640429999999999,0.9592830734981203,0.06783155663479941,-74.67161,1.4837948402323016,0.10492013934178702,-0.8814150000000001,0.7117308078023601,0.050326968057642814,0.090915948,0.023073416986040363,0.0016315369615974012,-15.838614052,3.3164992729867158,0.23451191257291615
R:A:ALA:257,101.36916000000001,2.2229670317843215,0.15718750625288253,-8.1083,0.5455407225863161,0.038575554435419324,-84.99448000000001,1.4102520163431784,0.09971987639382633,-0.01129999999999999,0.8706347339728642,0.061563172432875804,0.018572039999999998,0.009997960022244538,0.0007069625329761118,8.27365204,2.825971099145319,0.19982633276428563
R:A:LYS:258,130.23045,3.3163923603066032,0.2345043527048059,-7.869785,0.9649514230130964,0.06823236947281693,-210.27317,15.433571451582422,1.0913183031341038,75.121975,14.377865818485544,1.0166686419241397,0.8040926519999999,0.12237291970359003,0.008653072135600539,-11.986437347999999,21.37434719267998,1.511394584337966
R:A:TYR:259,89.91916499999999,3.258750988918147,0.23042849224623893,-10.684165,1.1687672342151794,0.08264432369421991,-98.13984,2.8058146721406962,0.19840105814233958,-2.7460500000000003,1.1851737161699123,0.08380443715878055,0.469218384,0.07874571770919193,0.005568163098157122,-21.181671616000003,4.611822682574378,0.32610510924782776
R:A:ILE:260,77.756575,2.9978603944104862,0.21198074139382328,-11.010155,1.0257001320927088,0.07252795188666919,-60.761525,1.4167280647234317,0.10017780216632326,-3.045205,0.7314154927091714,0.05171888547595549,0.046982447999999996,0.020564971416641844,0.0014541630743614968,2.9866724479999998,3.5470745207493684,0.2508160446995901
R:A:CYS:261,85.51278500000001,2.5208221949941256,0.17824904682459036,-7.774115,0.6774353487787599,0.047901912893693506,-77.57773999999999,2.0394020477581165,0.14420750175354954,-1.702085,1.07301064662705,0.07587331045153492,0.10019257200000001,0.04108234852226459,0.002904960722716243,-1.4409624280000009,3.4821923424884362,0.2462281818769442
R:A:GLU:262,93.632625,2.816305577236781,0.19914287715576218,-5.7103150000000005,0.7613272264768941,0.05383396445437583,5.464815,11.843438679740567,0.8374575803011606,-148.658985,11.650587057516672,0.8238209113174264,0.9705137039999999,0.09648386209541357,0.006822439316273463,-54.30134629599999,16.867831038143134,1.1927357710979931
R:A:ASN:263,16.908605,2.6908574226396684,0.19027235307546653,-7.50875,1.0398642158955178,0.07352950385729527,-78.08956,2.5081098373875097,0.17735014739773972,-10.506034999999999,1.6063071386802088,0.11358306704291356,0.309444552,0.04579658206805499,0.0032383073735487923,-78.886295448,4.146681343385227,0.29321464973274364
R:A:GLN:264,32.673429999999996,2.746091226652895,0.19417797281231464,-9.418285000000001,1.03841296880143,0.0734268851911546,-78.76166,4.43226550247162,0.3134084992816883,-4.61686,3.1831896488271005,0.22508549864884675,0.28506877199999997,0.09414064798999854,0.006656749057902369,-59.838306228,6.197245743495976,0.43821144899054715
R:A:ASP:265,88.35191999999999,6.1808912022134805,0.4370550082861424,-4.220155,0.7742493532286612,0.05474769679972848,-3.0536950000000003,7.670495313992116,0.542385925158346,-145.503575,8.58852430656018,0.6073003777554193,0.97887132,0.0861134521806483,0.00608914059883199,-63.446633680000005,13.092346686807966,0.925768712388714
R:A:SER:266,79.92905999999999,3.9102752890813206,0.27649821732155894,-4.2190650000000005,0.7125578718777865,0.050385450319263794,-71.07277,4.910425313259535,0.3472195037515894,-6.13615,1.6942231575267765,0.1197996683530468,0.49842824399999996,0.07325158450478776,0.005179669213599485,-1.0004967560000002,6.541102828759648,0.4625258166654455
R:A:ILE:267,80.62512499999998,2.9894186223035075,0.21138381796361566,-10.402535,0.9582476134982023,0.06775833855604046,-63.556255,1.3351501638298968,0.094409373474645,-0.8174100000000002,0.8251301121035396,0.0583455097629629,0.006869088000000001,0.007411065059237843,0.0005240414359201761,5.855794088,3.509755372374308,0.24817718241117895
R:A:SER:268,67.303875,2.5656603028021854,0.1814195798332556,-7.60364,0.7337255347880431,0.05188223011783514,-60.27268,1.8164837509870546,0.1284447978238122,-4.14126,1.2184155417590503,0.08615498918809056,0.0296217,0.017013160391167775,0.001203012108200911,-4.684083299999999,3.4504209956759624,0.24398160839909122
R:A:SER:269,79.20708499999999,3.9984387237739436,0.282732313573944,-4.228400000000001,0.6054848965911536,0.04281424762856401,-65.73752,4.126889761018581,0.29181517352255687,-5.950889999999999,2.161998889430797,0.15287640756343013,0.581249592,0.07984139882293605,0.005645639452711771,3.8715245919999997,6.169761513562822,0.4362680204544048
R:A:LYS:270,119.96117999999998,3.2631890349166106,0.2307423094883121,-7.222035000000001,1.544331186557793,0.10920070544128825,-212.103675,13.053073659846367,0.9229916900204872,85.74014500000001,11.304846627618394,0.7993733710662839,0.43450416,0.08568334482782053,0.006058727416249719,-13.18988084,17.64151332426745,1.2474433701982346
R:A:LEU:271,75.411345,3.4259224182656265,0.242249297377464,-10.332685,1.0159079711150023,0.07183554154368854,-77.923565,2.138266712965201,0.15119828927231624,-0.31459,0.8346409658649641,0.05901802868192058,0.002142468,0.004226802394455648,0.00029888006358551246,-13.157352531999999,4.24709799336953,0.3003151791475373
R:A:LYS:272,126.30760499999998,2.867700453146214,0.2027770436831423,-6.131024999999999,0.9012163027680979,0.06372561590031908,-177.461895,12.10703955448957,0.8560969769073331,42.772505,11.7162188601944,0.8284617805909184,1.122733548,0.11136298151445702,0.007874551940202468,-13.390076452,17.114277360757942,1.210162157689935
R:A:GLU:273,89.5503,2.6832147006902,0.18973193102374727,-6.09014,0.7911233913872096,0.055940871480519495,-13.391165,9.477708933480443,0.6701752256976342,-131.758105,8.647440362556715,0.611466372027011,0.822875076,0.11153403037219727,0.007886646920924703,-60.866234924,13.131761064003603,0.9285557297278421
R:A:CYS:274,84.6988,2.393435827424667,0.16924147039068174,-8.415435,0.7222027871553807,0.05106744881893945,-76.162825,1.5733798760550477,0.11125475797409738,1.3498700000000001,0.6621679946207004,0.04682234792809946,0.015897348,0.019378687945278854,0.001370280165660468,1.4863073479999998,3.0272889103612957,0.21406165171273064
R:A:CYS:275,90.050085,2.2152896645303524,0.1566446344081884,-7.2789,0.5632127040470589,0.039825152228208746,-81.84623500000001,2.0994678468066623,0.14845479513601106,-1.08822,1.7587232134704995,0.12436051104751862,0.17669134800000003,0.05828676153205714,0.00412149643327208,0.013421348000000695,3.567770560969399,0.2522794757379195
R:A:GLU:276,106.96791999999999,2.6121085876356673,0.18470396955127955,-5.25551,0.8733111930463276,0.06175242666891723,-26.11892,12.06845400221586,0.8533685663404764,-125.66902,11.514643471232619,0.814208248145399,1.02774906,0.09354718994707859,0.006614785237252529,-49.04778094,16.906481924500053,1.195468801482178
R:A:LYS:277,142.048635,3.3092594234624464,0.23399997790357804,-8.51001,0.9671720063670164,0.0683893884275916,-182.547565,12.084392341188487,0.8544955770973157,48.950195,11.234202664051196,0.7943780884974578,0.59713416,0.08119584788812788,0.0057414134645886634,0.538389160000001,16.856246917393545,1.1919166500643814
R:A:PRO:278,85.27832999999998,2.5446988684518255,0.179937382596002,-4.235425,0.7502922059937714,0.053053670672960976,-63.183690000000006,1.47433889384361,0.104251502960389,-2.271795,0.8052892728547921,0.056942550565240745,0.741482928,0.04527318313113422,0.003201297479792542,16.328902928,3.1404850538508904,0.22206582777929643
R:A:LEU:279,67.670885,3.092533453622612,0.21867513761028023,-6.9628250000000005,1.0161324590696825,0.07185141523919344,-70.99244,2.30829552406099,0.16322114180460814,-0.27298,0.7735066254402738,0.05469517801415404,0.36558489599999994,0.09143139920049559,0.0064651762388044706,-10.191775104000001,4.065856461178845,0.28749946750307
R:A:LEU:280,71.10523,4.484239039915245,0.3170835833585523,-8.10321,1.1514739623196002,0.08142150471159323,-77.08785,2.840294429720271,0.20083914518215815,-1.68909,1.0554224850267309,0.07462963961791588,0.298851876,0.1289624726466945,0.009119023892706232,-15.476068124,5.5346284827214145,0.3913573331480525
R:A:GLU:281,110.09403,3.2861738464512196,0.23236758109835376,-7.689395000000001,0.8819436087273379,0.06236283063552358,-68.18725500000001,15.171482393951324,1.0727858081415296,-86.59617499999999,14.65009188040727,1.035917931364196,0.49976827199999996,0.1267775056946855,0.008964523397862825,-51.879026728,21.363330867361842,1.5106156125043446
R:A:LYS:282,132.686995,3.4560429171199534,0.2443791382767256,-12.30564,1.11411864736212,0.0787800850596139,-181.47177,7.520397982626983,0.5317724410737171,48.50516,6.750882830000829,0.4773595028089417,0.272783412,0.044906389946766545,0.003175361284996603,-12.312471588000001,10.738636523820565,0.7593362706691056
R:A:SER:283,79.649745,4.688118448799583,0.3315000346151943,-8.09567,0.813324234914957,0.05751070818117266,-75.1126,4.740039293086081,0.3351713927231857,-2.4655600000000004,1.4927963613299706,0.10555664300270258,0.025475616,0.016462155611162956,0.00116405018656015,-5.998609383999999,6.8801624530269905,0.4865009526200456
R:A:HIS:284,104.01135000000001,3.128622279454649,0.2212270029573696,-10.69114,1.073728443508879,0.07592406635580051,-79.95767,4.334160462084901,0.30647142534908534,-7.760485,3.4063243503481875,0.24086350470520643,0.30144726,0.12546388871435318,0.008871636650395347,5.90350226,6.4300002967454315,0.45466968128602075
R:A:CYS:285,87.45055500000001,2.2115794281406673,0.15638228107709326,-7.378665000000001,0.7170305940299898,0.050701719535682414,-73.28748999999999,2.1609820174864947,0.15280450385868868,-3.586005,1.2512309319126507,0.08847538767857986,0.174107304,0.04920836569087399,0.003479556907112444,3.3725023040000006,3.4121928474045786,0.2412784701116012
R:A:ILE:286,77.326235,2.9654448367445654,0.20968861532967165,-9.817705,1.1075043467070456,0.07831238337501291,-60.639849999999996,1.6209515993699504,0.11461858678896716,-0.7413250000000001,0.8752245479732615,0.0618877212932824,0.104911596,0.03210082056411617,0.002269870790253912,6.232266596,3.6626440609627755,0.2589880452579413
R:A:ALA:287,86.70470000000002,2.251718485956893,0.15922054107432246,-5.018025,0.6805023470753058,0.048118782423031026,-80.94975500000001,2.5032352735959518,0.177005463686506,1.388555,1.249394792279446,0.08834555299999541,0.24138010799999995,0.05752797485170789,0.004067842112557182,2.3668551080000007,3.655653598772118,0.25849374493607713
R:A:GLU:288,110.63382,2.904387728523862,0.20537122580342163,-5.750014999999999,1.4855984534102746,0.10504767405266524,-69.73928,21.198038117278685,1.4989276500578672,-89.465275,18.05254128756877,1.2765074362090003,0.751260528,0.0973784469229676,0.006885696016064468,-53.56948947200001,28.033961909891996,1.9823004570010008
R:A:VAL:289,50.09164,3.5431909630162473,0.2505414356987682,-7.931025,0.9164594341131527,0.06480346805437961,-59.09187,3.7276054328616914,0.26358150791643176,1.6795600000000002,1.7063738852900907,0.1206588545528259,0.081898596,0.02970353281415502,0.002100356947808615,-15.169796404000001,5.49561065707321,0.3885983562377525
R:A:GLU:290,85.67361500000001,2.764119266018563,0.19545274770101084,-5.63421,0.7935116797502101,0.056109748970210156,-8.58923,11.595780225025827,0.8199454830264632,-125.92134000000001,10.599937454268304,0.7495287654066387,0.8410617720000001,0.08362667045248673,0.005913298576500605,-53.630103227999996,15.971781446795031,1.1293754968658254
R:A:ASN:291,19.54761,7.074301368891489,0.5002286470100448,-6.79986,0.965558998922386,0.06827533157737134,-84.492665,8.657163652304085,0.6121539124385917,-5.744555,2.831297235716342,0.20020294749297524,0.42253552799999994,0.11780655053233506,0.00833018107496098,-77.066934472,11.573877870506426,0.8183967526860011
R:A:ASP:292,105.615925,2.935556916391675,0.20757522021396244,-8.200975,1.155205239070097,0.08168534582086924,-68.038445,6.5460196178269285,0.4628734861545593,-98.36433,5.283398470785636,0.37359268864031586,0.046768356,0.028945794731498803,0.0020467767741476645,-68.941056644,8.984292050621331,0.6352853833154736
R:A:GLU:293,101.414525,3.2076813572072584,0.22681732395669205,-4.427099999999999,1.0994046070487424,0.07773964529118974,-37.694825,9.082235760779115,0.6422110494781874,-115.58175500000002,8.81684374620391,0.6234450001602988,0.8103918960000001,0.06823217065877639,0.004824743056789856,-55.47876310399999,13.104438403374553,0.926623725866756
R:A:MET:294,98.74822,2.9113598011238664,0.2058642257848604,-6.9611,0.7669855865660058,0.05423407093331645,-68.38785,1.5309844994316568,0.10825695214396165,-5.985999999999999,0.9540901634541675,0.06746436244418234,0.615210264,0.10794613034503786,0.0076329440769823224,18.028480264,3.511429442001714,0.24829555700975064
R:A:PRO:295,76.338195,2.8469201335785654,0.20130765319499153,-6.617455,0.7294106168510299,0.051577119344482586,-51.52740500000001,1.4692061431177723,0.10388856267595101,-4.273070000000001,1.2522358224791368,0.08854644417197113,0.26676305999999994,0.07704577599167653,0.005447959066549417,14.18702806,3.517042989874186,0.24869249478646469
R:A:ALA:296,81.795355,2.206078382328017,0.15599329839731899,-2.35421,0.2875320258684239,0.020331584529986835,-68.100715,1.3403838717975534,0.09477945251411299,-5.209264999999999,0.8669009774910857,0.061299155980119334,0.8688128039999999,0.03635710547550209,0.0025708355826042084,6.999977804,2.7384164333686645,0.1936352829747662
R:A:ASP:297,91.22484999999999,4.661957558526247,0.329650180323779,-3.1967250000000003,1.063318014224813,0.07518793784161791,-10.519359999999999,5.6048436124837595,0.3963222925877372,-138.734345,4.883727679342389,0.3453316959531444,0.943969896,0.04921002679970399,0.0034796743652442427,-60.281610103999995,8.839229778096485,0.6250279316558086
R:A:LEU:298,82.92319499999999,4.874536289430513,0.34468176653962274,-7.149655,0.9045358290167395,0.06396034185239319,-72.192875,3.7205074370809954,0.2630796038214954,-4.971805000000001,0.9848125491559294,0.06963676317057678,0.358496028,0.08637606212643417,0.006107709926179212,-1.0326439719999991,6.276844850194122,0.44383995580281227
R:A:PRO:299,88.487795,2.6087408692652856,0.1844658359015972,-3.5930899999999997,0.8673760383478437,0.061332747855448316,-71.51651499999998,1.9292689625282944,0.13641991661364922,-1.1411,1.0681251565242718,0.0755278541334255,0.702592452,0.07429182717397988,0.0052532254781460196,12.939682452000001,3.5251041786356963,0.24926250691023355
R:A:SER:300,67.945,7.05044962041429,0.4985420737009064,-3.8011500000000003,0.5248375439123997,0.03711161863217502,-47.72451999999999,7.100204340693301,0.5020602637114393,-14.466115,2.232177186465044,0.1578387625359341,0.6646212,0.06581833260677453,0.004654058931264192,2.6178361999999997,10.265677913405531,0.7258930466046019
R:A:LEU:301,54.63386500000001,3.366189162357784,0.23802551834598532,-7.9521500000000005,0.8475319979210225,0.05992956230025379,-57.161010000000005,2.3360830378862825,0.16518601575042607,-3.9483000000000006,1.0543236979220376,0.07455194363663499,0.27804542400000004,0.07532811912442407,0.005326502384690832,-14.149549576,4.315564471735514,0.30515649026119224
R:A:ALA:302,85.72089,2.6152584820434104,0.1849267007208532,-4.65172,1.014266464791181,0.07171946951839507,-71.90119,3.02522086035053,0.2139154184940861,-3.3691549999999997,1.6586498789602946,0.11728425770270705,0.31210362,0.12297168070598204,0.008695410932110683,6.110928619999998,4.448203693473429,0.3145354995754108
R:A:ALA:303,91.362185,2.1629534532150703,0.1529439054159236,-3.47707,0.5541216789659108,0.03918231967992706,-76.218,1.8944476609291687,0.13395767876460085,-5.538925000000001,1.2677369756282255,0.08964254122276431,0.657848376,0.06168332042034883,0.00436166941553313,6.7860383760000005,3.1914436055283946,0.22566914152435727
R:A:ASP:304,86.79867,6.088697998841789,0.430535964357799,-6.524069999999999,0.8894386067064999,0.06289280702512808,-3.16539,8.555240763292403,0.6049468758407632,-137.91302,6.295752695238274,0.4451769423476467,0.49875606,0.11303936587068948,0.00799309021481917,-60.30505394,12.276187061622041,0.8680575118387502
R:A:PHE:305,107.542585,3.650043068619191,0.25809702054435846,-12.552105000000001,1.0490653668742478,0.0741801234824734,-79.59378,1.856989163027076,0.13130896297663766,-4.181385000000001,1.105543095847014,0.07817370199673929,0.08796002399999998,0.05446510973058095,0.00385126484285632,11.303275024,4.370006096483501,0.30900609446500377
R:A:VAL:306,49.4376,2.910416306991149,0.205797510674935,-6.039789999999999,1.007284664779525,0.07122578170508205,-51.977365000000006,2.0502831418550462,0.14497691129581633,-4.48873,1.1401857906060748,0.08062331043501005,0.44597318399999997,0.14117147971708074,0.009982331061808694,-12.622311816,3.8741140227748216,0.2739412296593971
R:A:GLU:307,93.53425000000001,2.9644961591305865,0.2096215336922712,-4.97767,0.8213317058898919,0.05807692188382576,-14.86785,8.938845515920946,0.6320718280286663,-130.55676499999998,8.28595086575916,0.5859052045756846,0.94454424,0.08616156287485041,0.00609254253864378,-55.92349075999999,12.571005845627152,0.8889043479778688
R:A:SER:308,75.69086999999999,3.7870792852936157,0.26778694435222195,-6.42248,1.130097566407432,0.07990996526091099,-62.146545,3.8270017086454247,0.27060988597956837,-3.4468650000000003,1.9826461199051635,0.1401942516078138,0.129537396,0.07580859502366723,0.005360477161345986,3.804517396,5.848218932335679,0.41353152649181096
R:A:LYS:309,115.17371500000002,3.2877797742207426,0.23248113733994633,-5.5894900000000005,0.9156305422494381,0.06474485654860933,-162.58566499999998,11.025906120712937,0.7796492986682377,40.337615,10.954142445065017,0.7745748404988861,1.0578421439999999,0.16499791955790494,0.011667114780106706,-11.605982855999995,15.913483023420218,1.1252531758157438
R:A:ASP:310,86.93242500000001,4.519670545999454,0.319588969180532,-5.264035,1.0998481685100903,0.07777100982290894,-39.82,11.640024179098598,0.8230740030215994,-112.36247999999999,10.870706890060093,0.7686750558252816,0.514492056,0.10717428708379666,0.007578366516578642,-69.999597944,16.592498466040666,1.1732668182164743
R:A:VAL:311,51.13552,3.2515839478014406,0.22992170590877234,-9.380305,0.8989211044218508,0.06356332086883913,-56.47058000000001,1.855834085687619,0.13122728667468517,-0.44022999999999995,0.6785178458227904,0.047978456993738344,0.011861064,0.012184618634356348,0.0008615826462525344,-15.143733936,3.909669091778263,0.276455352699186
R:A:CYS:312,91.4557,2.1258609056097724,0.1503210662216045,-6.979125,0.5204224335816049,0.03679942318671584,-72.12875,1.4316317883799587,0.10123165457256932,-3.8924899999999996,0.8699114552067929,0.061512028900858086,0.167360976,0.042975318319400775,0.003038813900729875,8.622695976,2.7564989560599606,0.19491391041636372
R:A:LYS:313,124.02503,3.3839424210674744,0.23928086330816345,-6.254884999999999,0.9508398612673956,0.06723453137246514,-174.30629999999996,15.88816352634879,1.1234628170082,45.193155,14.12207552702417,0.9985815369587377,1.053861588,0.10595397430073802,0.007492077372171704,-10.289138412,21.546070324458707,1.5235372434346988
R:A:ASN:314,15.594439999999999,3.3661269949899397,0.2380211224492482,-8.82786,0.8899960563957573,0.0629322246706725,-80.24115,3.2221625405152983,0.2278412982483641,-8.516235,2.2558638256275576,0.15951366085346733,0.359804556,0.06741856312802627,0.004767212316568071,-81.631000444,5.253446699713365,0.37147477859694084
R:A:TYR:315,83.67253499999998,3.4648854568044527,0.2450044002541077,-13.82528,1.233498727846932,0.08722153150455453,-81.26357,3.802714717816734,0.2688925363886101,-3.62706,2.3743411331146165,0.16789127160754963,0.18407811599999999,0.0814146881442074,0.005756887807495706,-14.859296883999997,5.799285622671177,0.4100714189828439
R:A:ALA:316,90.248665,2.3516394393645887,0.16628601944804314,-4.13963,0.5141348005144176,0.03635482038877375,-76.73324500000001,1.394666259352036,0.09861779694799008,-4.234265,1.1373065438899927,0.08041971694724497,0.593066988,0.051294958192382376,0.0036271012778514027,5.734591988,3.0059497614499406,0.21255274602273377
R:A:GLU:317,93.41062,2.860606938326201,0.20227545643997447,-4.132345,0.9153763520951369,0.06472688259042761,-24.070990000000002,15.54011943776173,1.0988523834890196,-120.24824999999998,15.098315171816358,1.067612104248308,1.005105672,0.11929043526093623,0.008435107570370285,-54.035859327999994,21.874406261586156,1.5467541001997047
R:A:ALA:318,100.82798999999999,2.3400043845899092,0.16546329683497787,-3.813465,0.8384903569958333,0.05929022173912828,-83.08544,1.978436447399815,0.13989658281030315,-1.5715350000000001,0.7554543459236963,0.05341868908794935,0.275929704,0.04848224114993431,0.003428212148424003,12.633479704,3.265878009288914,0.23093244868962134
R:A:LYS:319,125.18730500000001,3.3132587662262374,0.23428277414243465,-8.704550000000001,0.9847261078594393,0.06963065084788451,-165.65681,11.25228246019002,0.7956565231426811,36.4638,10.944448013490675,0.7738893406682895,0.6580431,0.1341574364898778,0.009486363308859616,-12.052211899999998,16.073586104573565,1.136574173252983
R:A:ASP:320,93.44144,8.366019188742039,0.5915668899896275,-5.516635,1.0728754456016785,0.07586375029534857,-51.429089999999995,13.04445332437891,0.922382140253973,-104.94211999999999,13.55870155419021,0.9587449813052478,0.670102848,0.16744320392637765,0.011840022495994357,-67.776302152,20.619542341725634,1.4580218214797338
R:A:VAL:321,53.056329999999996,3.2123258880599272,0.2271457418828273,-5.73714,0.7868833270568134,0.055641053656450466,-58.227824999999996,2.5596458161970377,0.18099429140687004,-0.69719,1.1113950170393962,0.07858749531254956,0.6233943239999999,0.07166872960140304,0.005067744470017714,-10.982430676,4.327856857219018,0.30602569317442674
R:A:PHE:322,91.12872499999999,3.182515957442319,0.22503786147418617,-13.847955000000002,0.9816251336304507,0.06941137885732425,-67.72196,1.4571235151489388,0.10303419185881936,-1.9982499999999999,0.6760813615978479,0.04780617154196726,0.11249060400000001,0.04064029908378116,0.0028737031071591093,7.673050604,3.6978294041450344,0.2614760247341964
R:A:LEU:323,68.85712,3.553256336883113,0.25125316511041207,-10.679840000000002,0.8492134916497734,0.060048461862066034,-72.50558,1.9724732808329748,0.13947492325862737,-1.4382850000000003,0.6664156989259782,0.04712270597997318,0.07556418,0.03262184266956727,0.002306712616645168,-15.69102082,4.205070636980329,0.29734339627772255
R:A:GLY:324,82.28985999999999,2.1754783796673323,0.15382955145874933,-5.40786,0.5283568684137644,0.03736047245418612,-81.75885,1.4554416365832064,0.10291526508492319,0.035590000000000004,0.7002779461756596,0.0495171284456197,0.07738146,0.030805794307168902,0.0021782986054437073,-4.763878539999999,2.7607092779144455,0.19521162512979215
R:A:MET:325,88.58991,2.929240913939992,0.20712861139760486,-9.84487,0.7551180259403162,0.05339490767385969,-74.551975,1.7144326071254594,0.12122869223857444,-2.1584950000000003,1.0203211308088254,0.07214759905828468,0.502341732,0.08940672076993862,0.006322009854007574,2.5369117320000005,3.6247735792831026,0.25631019781769154
R:A:PHE:326,96.444675,3.3421359352029656,0.23632469834292608,-14.222325000000001,0.8520392123458873,0.06024827048866216,-71.128585,1.3957569210915632,0.09869491837919013,-2.436115,0.7328671992762399,0.05182153663174221,0.0399555,0.04120300473807705,0.002913492405555573,8.697605500000002,3.7924626340808487,0.2681676045955164
R:A:LEU:327,73.94819,2.9165923770558,0.2062342247773148,-11.901209999999999,0.9672279234492768,0.06839334236239665,-77.60591000000001,1.3005039415165183,0.09195951560061633,-0.729545,0.5258029079179765,0.037179880175640695,0.021867983999999997,0.013538388870989931,0.0009573086577017467,-16.266607016000002,3.377869659659506,0.23885145423095322
R:A:TYR:328,91.21594999999999,3.341976615343081,0.23631343272759586,-16.502455,0.9117692898836856,0.06447182477543971,-92.34186000000001,1.6053863492630052,0.1135179573988186,-1.74754,0.8949009209962855,0.06327905097265603,0.116122932,0.04085764178970901,0.0028890715572794106,-19.259782068,3.9217232527509656,0.27730771059571724
R:A:GLU:329,99.36235500000001,3.022437370562871,0.21371859604366442,-9.272545000000001,1.3516620391114784,0.09557693937281628,-53.363555000000005,6.630911826964297,0.4688762718296533,-95.62501,5.852593015057513,0.4138408208472189,0.10554418800000001,0.04309172830457205,0.0030470453297211184,-58.793210812,9.44382398612306,0.6677791980919788
R:A:TYR:330,82.81991,3.436291285950596,0.2429824870427908,-12.698024999999998,0.9504050948805988,0.06720378874643154,-75.343495,1.7685212608207461,0.12505333761989323,-4.63143,0.9056321798059078,0.06403786556015122,0.280992456,0.098500034240303,0.006965004215842537,-9.572047544,4.082757278861351,0.28869453578215976
R:A:ALA:331,101.11211999999999,2.1277323811043534,0.15045339952290876,-8.096655,0.5866122790864507,0.04147975204693249,-79.913325,1.3329660383426873,0.09425493248034816,-1.13871,0.6749357420525305,0.04772516400705187,0.0029088720000000003,0.0038428867367665156,0.0002717331270899446,11.966338872000001,2.66527869736515,0.18846366406589454
R:A:ARG:332,-173.21167499999999,4.0989106003150395,0.28983674809601867,-14.30583,1.1132233832883678,0.0787167803298636,-59.15032,6.345585076854616,0.4487006238440058,79.65513999999999,5.138170402040011,0.36332351341745006,0.147039768,0.031120578693291937,0.0022005572228476315,-166.865645232,9.20372467802537,0.6508016132005713
R:A:ARG:333,-190.19945500000003,4.021455206511072,0.28435982467619264,-9.654924999999999,1.3385114827206377,0.09464705461278232,-51.941129999999994,5.913290656910076,0.41813279226281685,71.94257999999999,5.463585292058686,0.38633382096057806,0.424084176,0.07845039101463945,0.005547280347318775,-179.428845824,9.09877134935813,0.6433802921597006
R:A:HIS:334,119.12771500000001,3.4294592742552,0.24249939086289476,-9.22996,1.0772527411893644,0.07617327183467965,-87.71434,3.358360411629461,0.2374719420731637,-7.95981,1.4039137344936832,0.09927169218614136,0.42650272799999994,0.11824810853964816,0.00836140394108681,14.650107728,5.117148173118325,0.3618370173548321
R:A:PRO:335,76.25618,2.6423713247006,0.1868438682108675,-5.995685000000001,0.7296488098907583,0.051593962135844926,-54.112625,1.9452392100651785,0.13754918364670507,-3.0976850000000002,1.6470435895188082,0.11646356910585817,0.5767853039999999,0.1359306449221881,0.009611748079553993,13.626970303999999,3.745623968547025,0.2648556107934469
R:A:ASP:336,80.12951000000001,8.626980331489113,0.6100196293558922,-5.78373,1.3821763046370026,0.09773462378041878,-42.770985,15.80422993077407,1.1175278155481745,-95.20662999999999,13.433793190424662,0.9499126262006944,0.569931984,0.15607598460835845,0.011036238709693747,-63.061903015999995,22.507777408661358,1.5915402035101824
R:A:TYR:337,97.25083999999998,3.656531272175858,0.2585558058176223,-11.35301,1.0853983553976854,0.07674925373904297,-87.46089,2.178227427956043,0.154023938527425,-8.933805,1.2865108771304656,0.09097005652892054,0.33163578,0.08614788719171468,0.006091575521815517,-10.16522922,4.57771962418436,0.3236936588631495
R:A:SER:338,84.80994000000001,4.925101350875939,0.3482572563235402,-7.182729999999999,0.9544806268856376,0.06749197237820212,-75.351425,5.347144784310128,0.37810023369719703,-2.913355,1.0655506740530927,0.07534581073208384,0.12083749199999999,0.0431750611724261,0.0030529378533166508,-0.5167325080000005,7.409242623423615,0.5239125702479244
R:A:VAL:339,57.45569,2.85748495252381,0.2020546987068106,-8.730285,0.7844395029414315,0.05546824919604909,-58.04165500000001,1.860119715495484,0.13153032646456483,-1.5324900000000001,0.7266378395734701,0.05138105438291433,0.10261130399999999,0.03462065432082392,0.0024480499439369936,-10.746128696000001,3.573487383950811,0.2526837161676194
R:A:VAL:340,46.15066500000001,3.119890753339771,0.22060959082477583,-8.743775000000001,0.7564551965417383,0.05348945991384657,-48.50639999999999,2.3729278897598216,0.1677913402115854,-0.43354,0.7324155093934044,0.05178959733382757,0.12458523599999999,0.04367261367414943,0.0030881201281131405,-11.408464764,4.058949288022102,0.28701105660527376
R:A:LEU:341,66.41109999999999,3.8633530786093058,0.2731803160002565,-11.59006,0.8624775744330978,0.060986374150296875,-69.04907499999999,2.9704534248789356,0.21004277599307,-0.21365,0.6666512412798764,0.04713936133954298,0.003703716,0.008129728042249875,0.0005748585827877322,-14.437981284,4.993740891931923,0.35311080481736207
R:A:LEU:342,67.992265,3.3537060760858277,0.2371428308506816,-12.447529999999999,1.0330863560709724,0.07305023679290848,-71.37483499999999,1.621751601748862,0.11467515549967655,-0.438125,0.4662701463475868,0.032970278234722254,0.0051580079999999995,0.012279780405851563,0.0008683115996459335,-16.263066992,3.893873234201624,0.27533841689847616
R:A:LEU:343,85.153015,3.8441956264965236,0.27182567957033604,-10.459895,0.9087243113150435,0.06425651227599426,-82.498195,3.2991030246075983,0.2332818120533082,-1.012025,0.6545080094047743,0.046280705179102447,0.11452899600000001,0.038287473583134,0.002707333220513485,-8.702571004,5.188212343450621,0.3668620130289683
R:A:ARG:344,-190.37925499999997,3.503206003074183,0.2477140720667176,-12.94711,1.423425887744072,0.10065140977403146,6.606865,6.616037062832629,0.46782446717104803,22.71303,4.800800672710752,0.33946787107987114,0.04717468799999999,0.032455165770796116,0.0022949267801063455,-173.959295312,9.00662425171247,0.6368645083985102
R:A:LEU:345,60.810545000000005,3.4121050889406965,0.24127226465110943,-11.342669999999998,1.1813169350771198,0.08353172155235399,-69.840985,2.2747434393300274,0.16084865114098723,-1.145625,0.5971324596561469,0.042223641148946396,0.026812548000000002,0.0322870848543825,0.002283041664527934,-21.491922451999997,4.309296715715153,0.3047132929827102
R:A:ALA:346,101.56037499999998,2.3171122295596733,0.1638445770291925,-7.099855,0.7089549026383836,0.05013068192110496,-82.83131000000002,1.4262625368073023,0.10085199115287713,-2.40555,0.6300300449184943,0.044549851711313246,0.054025163999999994,0.020675231857551296,0.001461959664907866,9.277685164,2.8815301985164696,0.20375495435648142
R:A:LYS:347,142.273415,3.453437348899642,0.244194896780983,-8.070084999999999,1.0460362315785243,0.07396593127159963,-153.134635,9.409286897091352,0.6653370571063023,7.2611099999999995,9.07807116506034,0.6419165680908229,0.6485983920000001,0.09341536211874327,0.0066054636021160296,-11.021596608000003,13.563745933189134,0.9591016727649493
R:A:THR:348,43.72591500000001,3.414725763187287,0.24145757430421394,-7.5445150000000005,1.0417485972032792,0.0736627497374012,-61.469345,2.854754827647201,0.20186164972543694,-2.8210749999999996,1.0090331160943133,0.07134941588320819,0.186529032,0.051644874049552834,0.003651844065396396,-27.922490968,4.681456218519575,0.3310289437943123
R:A:TYR:349,80.45197,3.129097905003933,0.22126063476249003,-15.240549999999999,0.862021819619434,0.06095414741836686,-76.579845,1.5387571643943692,0.10880656255426414,-4.19647,0.746492919658318,0.05278502055981412,0.016239492,0.01667133965643841,0.0011788417322531808,-15.548655508000001,3.668738003761095,0.25941895208562676
R:A:GLU:350,107.01709500000001,3.0763784237273217,0.21753280449135712,-8.21458,1.2378981030763396,0.08753261431032434,-96.37673,13.291985131916903,0.9398852822209208,-62.958205,11.158707614817004,0.7890397823715068,0.16625754,0.05685314439047677,0.004020124393028405,-60.36616246,17.668994102089602,1.249386554633267
R:A:THR:351,46.13522,3.396584490572846,0.24017479261571145,-6.853164999999999,0.7668747666829312,0.05422623478423521,-58.622695,3.0064425608973475,0.21258759220583642,-3.253845,1.832768507197513,0.1295963039784507,0.47884212,0.08243260862891578,0.005828865655240306,-22.115642879999996,4.952717992909588,0.3502100478090997
R:A:THR:352,36.50192,2.7374474339427963,0.19356676436826648,-7.692429999999999,0.9410368351451499,0.06654135274774627,-47.625445,2.241408224080344,0.15849149546545077,-1.3260500000000002,0.8778988424072559,0.06207682246619908,0.13307936399999998,0.0625561433992498,0.0044233873202487615,-20.008925636,3.765328571884795,0.2662489366575197
R:A:LEU:353,61.932505,3.332330175714135,0.23563132644000243,-11.927109999999997,0.9569451070463759,0.0676662374415779,-68.20337500000001,1.7990019050504094,0.1272086446428662,-0.867475,0.6901531202385454,0.04880119513777301,0.0029359079999999997,0.005434269387023061,0.00038426087343584696,-19.062519092000002,3.966474133649276,0.2804720757304439
R:A:GLU:354,107.74569,2.642099565478183,0.18682465193196537,-6.347745,1.081426904591799,0.07646842975944386,-46.617709999999995,8.249479415447983,0.5833262835922104,-107.69698499999998,7.631770207152138,0.5396476465934739,0.806800896,0.07502594131033068,0.005305135186543875,-52.10994910400001,11.595414191671614,0.8199196005597728
R:A:LYS:355,120.46057499999999,3.8652488256740987,0.27331436556074945,-6.655615,0.8377490595488604,0.059237804093965195,-145.887235,10.596756450903976,0.7493038345016494,20.30264,10.557540994966583,0.746530883019584,1.16003142,0.11442015073662332,0.008090726449025329,-10.619603579999998,15.472814323264517,1.094093193202068
R:A:CYS:356,82.10090499999998,2.2245179671054585,0.15729717394115827,-7.46769,0.8735579625302491,0.06176987590646431,-76.48908,1.4883571525678907,0.10524274354082563,-0.9326150000000001,0.68614929627232,0.04851808203005349,0.007274124,0.010878700153116821,0.0007692402648764037,-2.781205876000001,2.897880245346074,0.2049110772550745
R:A:CYS:357,82.97086499999999,2.308162021344039,0.16321170173696184,-5.971925,0.6054606257842041,0.04281253142334614,-71.97717,1.3801235781987062,0.09758947410197476,-4.261984999999999,0.7066625678320594,0.04996858937247478,0.279880236,0.04764282369585061,0.0033688563710211096,1.0396652359999998,2.846151331302451,0.20125329066470832
R:A:ALA:358,86.55334,2.2305355151622224,0.15772267884486366,-2.7337249999999993,0.47718804404029236,0.03374229018420356,-72.390635,1.4175012246114638,0.10023247282630014,-3.9575850000000004,0.77789183873788,0.05500525942012272,0.7181936999999999,0.055953878417135665,0.003956536686244423,8.1895887,2.796525234077983,0.1977441956775839
R:A:ALA:359,91.32062,2.507423854397178,0.17730164107531549,-4.5386750000000005,0.5181090516242696,0.0366358423797652,-73.42372999999999,1.5489310498211342,0.1095259648918922,-6.569114999999999,0.9288975033742958,0.06568297236632184,0.32199505200000006,0.04759199265228234,0.0033652620734609183,7.111095052,3.133674255824083,0.22158423163229168
R:A:ALA:360,88.444235,2.085521349632988,0.14746862886348064,-2.0804300000000002,0.20823024540157464,0.014724101857159232,-71.27878,1.1182545021595038,0.07907253415693719,-7.526700000000001,0.5835964102014336,0.041266497912955974,0.9009797039999999,0.02091352978954016,0.0014788098732730717,8.459304704,2.446277664575969,0.17297795252868584
R:A:ASP:361,116.041315,3.018050727833281,0.21340841356159082,-5.009834999999999,0.9066909383990777,0.0641127310982382,-39.328035,8.078410344478362,0.5712298735788203,-123.16048500000001,7.192859910339906,0.508612001872621,0.581717448,0.10538904512488619,0.007452130847058208,-50.875322552,11.26675520671024,0.7966799008633653
R:A:PRO:362,83.63959000000001,2.5884862491232203,0.183033617976316,-7.6825849999999996,0.8236041541754145,0.05823760824308464,-60.508805,1.7199151743545378,0.12161636828517368,-1.583175,0.7920755168385146,0.056008196916835305,0.28670796,0.06183008746369359,0.004372047412693507,14.151732959999999,3.311781945681322,0.2341783471602441
R:A:HIS:363,106.27397500000001,2.9313030130600626,0.2072744238247329,-8.56293,1.0319056376917417,0.07296674739564592,-84.24649000000001,4.330581786538618,0.306218374774441,-8.92668,3.2574179049670615,0.2303342289760686,0.60994206,0.12242875701221016,0.008657020429557388,5.1478170599999995,6.247964902071598,0.441797835087037
R:A:GLU:364,91.558615,3.106879079844435,0.21968952656846208,-5.47906,0.7605347174192643,0.05377792560149564,-15.078125,9.801334397895777,0.693059001742907,-129.22114,10.001450475825994,0.7072093453157983,0.950988204,0.11720147562145446,0.008287395817700027,-57.268721796,14.364540175683935,1.015726376685271
R:A:CYS:365,83.464625,2.5157791465816315,0.1778924494515577,-5.945449999999999,0.7948988347582351,0.056207835641483295,-71.53739,2.6074861376237464,0.18437711297636702,-1.188995,2.1535219374259924,0.1522769965387911,0.271319364,0.07665126037250206,0.005420062599589189,5.064109364,4.289932980882884,0.30334407016181064
R:A:TYR:366,83.206975,3.497140798477379,0.2472851973367492,-13.01836,1.113697364816852,0.07875029588515843,-76.20061,2.2598751752917683,0.1597973061083947,-5.188230000000001,1.1331981543843073,0.08012920993932238,0.118621692,0.05115242375496527,0.0036170225711263785,-11.081603308000002,4.456916649459692,0.31515159860161746
R:A:ALA:367,97.91844,2.422434745540115,0.1712920035553324,-4.3994599999999995,0.7300683381711606,0.05162362726504212,-76.722015,1.9665743425497553,0.13905780533244083,-3.99611,1.362038783552069,0.09631068600887442,0.387769788,0.12324847785562244,0.008714983446263067,13.188624788,3.4840987865972934,0.2463629878326768
R:A:LYS:368,140.33086500000002,3.2220917021051707,0.22783628921634713,-5.681604999999999,1.0847805764185678,0.07670557016850212,-180.70926,12.127931272579014,0.8575742444605016,37.28168,11.062862638919459,0.7822625191315253,0.9874636559999999,0.1462967429759995,0.010344741902383466,-7.790856344000002,16.764655477902174,1.1854401572680828
R:A:VAL:369,50.14977,4.054590435185779,0.2867028391653979,-8.57581,0.9527229680762399,0.06736768713188838,-56.753835,3.2277099417040245,0.22823355874821516,-1.07137,0.84381030634853,0.05966639896541436,0.033462467999999995,0.02895898011671295,0.0020477091216774125,-16.217782532,5.336511086318889,0.37734831770132754
R:A:PHE:370,88.29403000000002,3.157087016396602,0.2232397638090042,-9.84648,1.365879895744864,0.09658229365675677,-68.36036,2.833433304385335,0.20035399035706775,-2.032755,2.253057379423569,0.1593152151392798,0.52604208,0.1855091845603942,0.01311748023750415,8.580477080000001,4.9971843893968195,0.3533542968582048
R:A:ASP:371,93.80425500000001,10.556728319416722,0.746473418180363,-5.58395,1.1062271229272946,0.07822207001543745,-56.09608,18.194642919101216,1.286555538936427,-98.817555,11.82890330533541,0.8364297741202634,0.590944644,0.10910557389214387,0.007714929116438486,-66.102385356,24.158810807742675,1.70828589475577
R:A:GLU:372,98.790975,3.3712373105990334,0.23838247633136755,-7.32995,0.9892600808179819,0.0699512511503547,-39.171875,10.513894486791038,0.7434446088289799,-107.42578999999999,10.004467742758731,0.707422698306677,0.629002584,0.11714590544416882,0.008283466412780986,-54.507637415999994,14.93281459639516,1.0559094463312475
R:A:PHE:373,108.60781500000002,3.00946625347004,0.21280139955807384,-12.791975,1.186081744389905,0.08386864444996711,-80.35145,1.8985510047138576,0.13424782898617016,-0.547225,0.780738851585471,0.0552065736291884,0.089416836,0.044708475927773515,0.0031613666505044173,15.006581836,3.831412918864891,0.27092180564551077
R:A:LYS:374,141.06181,3.607755481445493,0.25510683657930455,-5.682480000000001,1.2043140618626023,0.08515786398213614,-170.56105000000002,12.441260567462606,0.8797299713761603,38.01519,11.420390260139975,0.8075435396741776,0.9963103319999999,0.08962540665763127,0.006337473281421302,3.829780332,17.311400373407647,1.2241008595871878
R:A:PRO:375,83.98524000000002,2.6054231254059297,0.18423123598347815,-5.809505000000001,0.6643313028715416,0.04697531692149612,-61.881229999999995,1.7380481918232307,0.12289856624672237,-1.20794,1.0393857495655787,0.07349567117864833,0.606889548,0.059033424742588804,0.004174293495215026,15.693454548,3.3666281263471682,0.23805655778734436
R:A:LEU:376,75.009365,4.513893274300468,0.31918045438102094,-8.256284999999998,1.2017262973635052,0.0849748813995936,-77.402825,2.8593369273968046,0.20218565310593872,0.18721999999999994,0.6702285443041053,0.047392314862222125,0.365720292,0.11635479138329773,0.008227526201067589,-10.096804708,5.518870445027936,0.3902430716169273
R:A:VAL:377,51.957649999999994,2.8161254104709186,0.1991301374415736,-8.03174,0.8545056011519176,0.06042267051364083,-61.930275,2.09330801110945,0.1480192289767617,0.58673,1.1147211162887336,0.07882268604596016,0.20994174,0.06081111913181339,0.0042999954709648245,-17.20769326,3.7800769487650734,0.2672918043878737
R:A:GLU:378,90.35226999999999,3.0291172455188984,0.2141909345315529,-7.217875,0.7864379310377902,0.05560955940191399,-45.346445,12.186956886235997,0.8617479856285565,-97.85932000000001,12.245344946860419,0.8658766449893425,0.762214968,0.09985409309346001,0.007060750635561837,-59.309155032,17.557744666128322,1.241520031576127
R:A:GLU:379,107.04323000000001,2.628786445700753,0.18588327220462844,-6.44039,1.256723473123662,0.08886376899220513,-90.75928,5.934062289999996,0.419601568524237,-54.641149999999996,5.325007702107106,0.37653490560305297,0.504740448,0.04942883428281205,0.0034951463907522498,-44.29284955200001,8.488881997280828,0.6002546024969677
R:A:PRO:380,80.902,2.7438408991776475,0.19401885063055085,-9.958535,0.8702403454075202,0.061535284949978085,-59.58048500000001,1.2163585243566142,0.08600953609266242,1.281455,0.510269691413276,0.03608151590322945,0.006002784,0.006318094734058994,0.0004467567630632131,12.650437784000001,3.1663739947842657,0.22389645234846922
R:A:GLN:381,23.410425,2.9411778022375663,0.20797267686375295,-9.509759999999998,1.4671787867877588,0.1037452069350676,-70.39091,3.8866639386368353,0.27482864272033214,-2.9851799999999997,4.250139156263004,0.30053022183800415,0.427436244,0.1904296643378391,0.013465410699236407,-59.047988756,6.633946286588008,0.4690908405273696
R:A:ASN:382,26.50132,7.059272851901958,0.4991659703825973,-7.1749,0.7779372468265033,0.05500847025686135,-88.680215,6.140310048260999,0.4341854873713249,-5.99178,2.7328708241700705,0.19324314918775257,0.5879429639999999,0.09301443301515902,0.006577113633324083,-74.75763203599999,9.77850508373975,0.6914447254579505
R:A:LEU:383,84.12534,3.179626385976818,0.22483353791638827,-9.054,1.0065154842326074,0.07117139242701383,-86.956515,2.2549992593734927,0.1594525267873639,1.0425449999999998,0.7992068117671421,0.056512455617102685,0.28743667199999995,0.08243906504872806,0.00582932219306345,-10.555193328,4.105319325167788,0.29028991337623244
R:A:ILE:384,96.73881000000002,3.269945041418892,0.23122003128946245,-10.771484999999998,1.2429602808517253,0.08789056433357906,-77.84896,1.7956908276203898,0.12697451611248614,0.38911,0.7286864263179327,0.051525911340800166,0.018013356,0.015700839477010904,0.0011102170064515857,8.525488356,3.9991532611710796,0.2827828389978366
R:A:LYS:385,125.525425,3.4201776071389913,0.24184307788703605,-7.67314,1.1627298527173024,0.08221741635444402,-149.155865,13.784011986601541,0.9746768347682604,18.000434999999996,12.261616700736285,0.8670272317400849,0.8357729399999999,0.1428340780062447,0.010099894514274394,-12.46737206,18.7993666837786,1.3293159664112306
R:A:GLN:386,25.271785000000005,2.901861457543244,0.20519259146927063,-7.454815000000001,0.7225654854578927,0.05109309546186256,-70.60299,3.900109404862895,0.2757793807547983,-10.27319,3.0053233842466938,0.21250845446593414,0.7825572,0.09614598155281998,0.006798547553983571,-62.276652799999994,5.7615073429718695,0.40740009120714965
R:A:ASN:387,23.352275,6.7399442393372215,0.4765860276454556,-9.5555,0.9552271876365329,0.0675447621951547,-84.14417499999999,4.433587471154144,0.3135019765836812,-6.10107,2.634693616931578,0.1863009722881231,0.115806708,0.0467629900684156,0.003306642738593584,-76.332663292,8.54048022221761,0.6039031479719664
R:A:CYS:388,92.82570500000001,2.1496578095071315,0.15200376143331124,-7.682735,0.8612718007545586,0.06090111307582974,-83.18896000000001,1.7259797184208168,0.12204519630858074,-2.8382050000000003,1.1861707267400423,0.08387493645228591,0.062796888,0.056486695124642015,0.003994212516945146,-0.821398112,3.122821727356703,0.22081684198506124
R:A:GLU:389,99.53054,2.6761365489077718,0.18923143011138502,-6.85281,0.9103541859628043,0.06437176181758582,-60.91403999999999,13.258570860707424,0.937522536444858,-86.00694,12.744455069809772,0.9011690602389765,0.667386504,0.11510898885550332,0.008139434659525312,-53.575863496000004,18.606841159810422,1.3157023560562913
R:A:LEU:390,71.87282,3.0883554924263503,0.21837971114093915,-9.68482,0.9433009687263126,0.0667014511686215,-73.397005,2.182547217123836,0.15432939374880925,-2.8202949999999998,0.8588881172626619,0.06073256119969748,0.315380772,0.09852121254199431,0.006966501747916531,-13.713919228,3.9923256314422493,0.282300052669768
R:A:PHE:391,97.80973,2.9556041847818526,0.20899277615625855,-11.982864999999999,1.0994097310716326,0.077740007614323,-75.95864499999999,1.236348251495104,0.08742302325403191,-6.322455,1.010578090983077,0.07145866210526895,0.46649278800000005,0.11388426230088798,0.008052833414338538,4.012257787999999,3.536536802583117,0.25007091550223126
R:A:GLU:392,96.02934,2.681737514075529,0.1896274781565161,-5.457090000000001,0.6474984493417726,0.04578505443373416,-45.18666499999999,7.955992329230528,0.5625736127067061,-101.08784,7.67932441067572,0.543010236572019,1.04660838,0.11361770717866647,0.008033985120890253,-54.65564662,11.397092465486955,0.8058961368155934
R:A:GLN:393,27.60383,3.0703475407679828,0.21710635666764802,-5.7188799999999995,0.7657796064142738,0.054148795258989836,-69.28376,4.323486587512444,0.30571666843991346,-8.99697,3.6129030583590254,0.2554708252335284,1.00328778,0.07112245928593583,0.005029117325574936,-55.39249222,6.462516198232302,0.4569689027297967
R:A:LEU:394,70.561345,3.1685516258970754,0.22405043412114825,-8.0182,0.7654322830923712,0.05412423579137168,-65.23691,2.3116555673153387,0.16345873274163114,-10.808655000000002,1.3417884318978905,0.09487876991126624,0.41149418400000004,0.07531430002040079,0.005325525226474353,-13.090925816000002,4.216091304471187,0.29812267514932134
R:A:GLY:395,80.10824499999998,2.065555602005184,0.14605683730957272,-2.6158450000000006,0.5576042960514203,0.03942857789567105,-79.848135,1.9265841732909048,0.13623007334606774,-3.22663,1.1407266951816286,0.08066155816434493,0.350894196,0.03564848899772309,0.0025207288309344027,-5.231470804000001,3.097046541560656,0.21899426111878845
R:A:GLU:396,93.14780999999999,3.052609427014861,0.21585208261561895,-5.408065000000001,0.8932404495851047,0.06316163791317479,-91.67826000000001,12.394060162126049,0.876392398707337,-50.14223,11.906869045937308,0.8419427845082468,0.795357396,0.16255247428788522,0.011494195686761554,-53.285387603999986,17.4793874006234,1.2359793361967504
R:A:TYR:397,96.90503000000001,3.306215844299945,0.23378476435708975,-11.55988,1.5615629720251436,0.1104191766768798,-82.5274,2.0340388491865147,0.14382826634566656,-8.300445,1.0748163084801978,0.076000990025624,0.49800553200000003,0.13548382640822104,0.009580153239435413,-4.984689468,4.322087704905259,0.30561775250215106
R:A:LYS:398,126.35948499999999,3.291389861407335,0.23273640905297774,-7.97361,0.6210200462948036,0.04391274859878393,-85.03717499999999,6.950455265978984,0.4914714050907489,-45.351175000000005,6.8044454215148935,0.48114694997669366,1.032431832,0.0705839733872143,0.004991040622519003,-10.970043168000002,10.287526481799407,0.7274379736916546
R:A:PHE:399,97.1504,3.2397496971216775,0.22908489801818016,-14.63921,0.8790126540044801,0.062155580839535235,-81.38575,1.7403954198687142,0.12306454033351763,-0.423665,0.8179487714857209,0.0578377122980759,0.021615876,0.02440358442145383,0.0017255940029668392,0.7233908759999997,3.868753454422705,0.27356218023611756
R:A:GLN:400,28.598225,2.710137615394281,0.19163566857940353,-10.51762,0.9705521859230445,0.06862840321616116,-75.22067000000001,3.3379104468364633,0.2360259111951482,-3.51718,2.017137808281824,0.14263318228238478,0.16443820799999997,0.0669478668583125,0.004733929064148689,-60.492806792,4.84786453457106,0.34279578866689625
R:A:ASN:401,14.747215,6.1664318782238245,0.4360325796816965,-9.210835,0.8867741188008365,0.06270439927847965,-74.70076,4.454213136166702,0.3149604313433674,-8.017854999999999,1.816293669530068,0.12843135703509093,0.200079504,0.06508928961060478,0.004602507806627374,-76.98215549599999,7.871113289652679,0.5565717582600963
R:A:ALA:402,92.64044,2.1292963031010967,0.15056398550782318,-6.168895,0.5363597244154337,0.037926359828950096,-79.48798,1.6242016683897353,0.1148484013732886,-0.21966499999999997,1.0073839847719437,0.07123280468909671,0.231925104,0.07851607198927099,0.005551924693574465,6.995825104000001,2.9121474595752566,0.20591992164808412
R:A:LEU:403,69.987725,2.816193242548352,0.1991349338937671,-10.44986,0.8635487539218616,0.061062117978334156,-73.73123,1.6103328094217049,0.11386772495092717,0.9148,0.58722176390185,0.04152284913153239,0.05600102399999999,0.0372639390082077,0.0026349583966425575,-13.222563975999998,3.408232766115808,0.24099845007826723
R:A:LEU:404,85.103915,3.0137926102794466,0.21310731918185025,-11.015410000000001,1.04978025886373,0.07423067397983127,-91.051305,1.5480048036020426,0.10946046939363539,-1.063075,0.5164786533584907,0.036520555812788506,0.010384091999999998,0.011718428629450965,0.0008286180348735357,-18.015490908,3.584437317431362,0.25345799338938335
R:A:VAL:405,67.106245,2.895734538070608,0.20475935283858218,-8.870665,0.9026083440645781,0.06382404808436236,-63.69986000000001,1.6474361991895163,0.11649133080190988,-1.82988,0.7483859001878643,0.05291887449672376,0.138212532,0.06294849841868014,0.004451131009735939,-7.155947467999999,3.532431221864505,0.2497806071055473
R:A:ARG:406,-195.232005,4.031291549240144,0.2850553591407729,-9.26201,1.3145292579094616,0.09295125523359003,44.29568999999999,15.431376706370045,1.091163111211839,-12.050355,12.425121852077547,0.8785887918673188,0.69935688,0.15269534985780803,0.010797191734010838,-171.54932311999997,20.261136559621185,1.4326787055854815
R:A:TYR:407,95.356315,3.785345650766254,0.2676643578791823,-14.158319999999998,1.0940962972243347,0.07736429110384195,-93.57495999999999,1.6586163686639537,0.11728188816692883,-6.710899999999999,0.749470139498566,0.05299554179362637,0.16569036,0.051525033244495824,0.0036433700408045294,-18.92217464,4.340651676974995,0.3069304235557779
R:A:THR:408,54.70744500000001,2.3955276719284626,0.1693893861340639,-10.093304999999999,1.0289108522972241,0.07275498408957974,-57.845794999999995,1.8258976321182412,0.12911045974232685,-2.6927600000000003,0.61029054752634,0.0431540584649926,0.000383472,0.0009443019565880395,6.677223169911275e-05,-15.924031528,3.2409208530957967,0.22916771125129284
R:A:LYS:409,132.92429,3.497912049480375,0.24733973301817072,-11.080705,0.9331708192903376,0.0659851414325604,-107.41217,8.11984025465403,0.5741594106217367,-19.357095,7.607822617278547,0.5379542962742049,0.298774692,0.0782765764952424,0.005534989804785341,-4.626905308000001,11.701414206982752,0.8274149335230111
R:A:LYS:410,137.983955,3.4459169088901436,0.24366312136816068,-11.8244,1.1167843927992547,0.0789685817271654,-131.247265,7.285810566764346,0.5151846058199672,-4.532315,6.781510656614424,0.47952521719808955,0.09064043999999999,0.06259489461178762,0.004426127444765231,-9.52938456,10.592326998556855,0.7489906249224901
R:A:VAL:411,64.881225,2.766108035557361,0.19559337494372098,-7.705425,0.9189636360460625,0.06498054187120171,-63.074015,1.527196855279305,0.1079891252574767,0.27202499999999996,0.45370895337760303,0.03208206776183542,0.02650176,0.018114093137885763,0.0012808598092843729,-5.599688239999999,3.321800415177018,0.23488675993199584
R:A:PRO:412,77.06575,2.5521682032146704,0.180465544322178,-9.925285,0.6728659329873968,0.04757880640448013,-56.42693499999999,2.2259471648660036,0.1573982334839721,-0.340075,1.1547758610981613,0.08165498421330446,0.019804968,0.013189998302857208,0.0009326737243789384,10.393259968,3.6407187679742896,0.2574376929227753
R:A:GLN:413,36.57786,2.727972406458687,0.19289677874967223,-7.36326,1.3350753358518763,0.09440408233757691,-82.09741,1.8970372721430648,0.1341407919295991,-5.98757,0.9064093694904086,0.06409282116976908,0.44967545999999997,0.04477721739856107,0.0031662274065186787,-58.420704539999996,3.6941295265593976,0.26121440388116
R:A:VAL:414,59.273624999999996,3.032908039221598,0.21445898412487874,-7.448969999999999,1.0267521848528007,0.07260234325075189,-67.769775,1.8693434607837587,0.13218254374869245,0.37899,0.6876950049985822,0.048627380142261416,0.04348936800000001,0.02279765723017556,0.0016120378022623663,-15.522640631999998,3.7710264320109435,0.2666518362108649
R:A:SER:415,76.912405,6.579766689706787,0.4652597644917031,-4.5244800000000005,0.6791389103857914,0.04802237289014361,-69.83657,5.885738762899692,0.4161845791538893,-5.151275000000001,1.2492082490021428,0.08833236239835883,0.547297452,0.0448826088601509,0.003173679708235612,-2.052622548,8.94198053194191,0.6322935071374216
R:A:THR:416,47.39794,3.2035870265063817,0.22652781105639103,-7.028520000000001,1.0760334193694916,0.07608705276195156,-54.279675000000005,3.05511002410306,0.21602890153142704,2.21263,0.7676304925548489,0.054279672673110325,0.095775948,0.02746480607055684,0.0019420550616464196,-11.601849052,4.620013625959072,0.32668429640899094
R:A:PRO:417,87.420785,2.6570405075525287,0.1878811360777739,-6.4084449999999995,0.5400656969064042,0.0381884116568757,-64.491665,1.4803056045205663,0.1046734131184944,-2.9506799999999997,0.9303391304250295,0.06578491079267342,0.6443728559999999,0.05678850470672444,0.004015553677156902,14.214367855999999,3.2267004401387838,0.22816217620797516
R:A:THR:418,39.15983,3.2279917132948164,0.22825348300847462,-7.270695,0.7854824135364203,0.05554199411143788,-47.90781499999999,3.1002277336955424,0.219219205371872,-2.27345,1.2621769477771332,0.08924938788305498,0.275748732,0.05851422473319266,0.004137580510471413,-18.016381268,4.716443542103109,0.3335029211704608
R:A:LEU:419,76.14551999999999,3.037325858316819,0.21477137110890734,-11.87694,1.0672154123699678,0.07546352550736019,-80.80203499999999,1.6348382255669824,0.11560051954413958,0.675385,0.5963710730535142,0.04216980298596378,0.00768168,0.008822853706505622,0.0006238699685286991,-15.850388320000002,3.6596078245213004,0.258773350920236
R:A:VAL:420,52.12533499999999,2.7468352230840134,0.19423058130447687,-10.343490000000001,0.8401022080080495,0.059404196817228326,-61.57397999999999,1.7646764744847707,0.12478147017085509,1.3480400000000001,0.7715697624972093,0.05455822112202706,0.025832195999999995,0.0190924853433382,0.0013500425855979211,-18.418262804,3.458416247890295,0.24454695810489635
R:A:GLU:421,99.01108,3.024301820850558,0.21385043258782527,-7.716375,1.0669128944646793,0.0754421342611342,-102.12799,13.915478214560217,0.98397290089692,-46.287434999999995,12.360104719450197,0.8739913863299084,0.511531596,0.11919154874075252,0.008428115237471301,-56.609188403999994,18.88681110905018,1.33549922101988
R:A:VAL:422,54.96176,3.273761723522346,0.231489911469161,-8.885124999999999,0.8506607193088207,0.06015079631122934,-61.388745,2.3973489378843036,0.16951816908483583,0.9827750000000001,0.65582725193072,0.04637398971271504,0.057373776,0.03703192677678309,0.002618552654426701,-14.271961224,4.197606718086605,0.2968156175113247
R:A:SER:423,84.78803500000002,2.4102236107413346,0.17042854593311232,-8.00211,0.9000794786573016,0.06364523029654304,-76.123575,1.7169045035688504,0.1214034817123257,0.840325,0.7432983380682349,0.052559129529273975,0.010265148,0.00979162727054579,0.0006923726041854053,1.5129401480000002,3.1811429221884393,0.2249407732203035
R:A:ARG:424,-199.623105,4.218430500076421,0.2982880812568196,-10.998725,1.2106931317947582,0.0856089323428052,53.98148500000001,11.000552802008407,0.7778565483100821,-13.416675,9.675834916397397,0.684184848302617,0.49865803200000003,0.16714506209604332,0.01181894068499588,-169.55836196799999,15.294535445520507,1.0814869728625565
R:A:ASN:425,15.539905,5.0261314861407085,0.3554011656985315,-8.500655,1.1806906902211942,0.08348743935392317,-85.83311500000002,4.8650674447303395,0.3440122181098732,-1.707065,2.5524284398930757,0.1804839458341794,0.12541302,0.08463488358819192,0.005984590011014455,-80.37551698,7.539692531398081,0.5331367717013149
R:A:LEU:426,72.41743500000001,3.039149770211235,0.21490034115579018,-10.7327,0.89764503006478,0.06347308878572083,-76.26893,1.4976255523661446,0.10589811837563497,-1.3114999999999997,0.6476352059608866,0.04579472458700893,0.03187152,0.023315760611431913,0.001648673243686571,-15.86382348,3.564415128119604,0.25204221080572886
R:A:GLY:427,89.556895,2.0663854151573466,0.1461155139602739,-4.805685,0.6262253474389231,0.04428081897249643,-82.31939,1.831304337869596,0.12949277157239317,-1.3685899999999998,0.9515910318513936,0.06728764715384243,0.012035232,0.01376223855880198,0.0009731372209235859,1.0752652320000007,2.986887567144125,0.21120484533693998
R:A:LYS:428,137.09864,3.1726851782677703,0.22434272041231906,-8.222909999999999,1.166192815061043,0.08246228477006928,-130.3723,17.08280148365601,1.207936477075678,-7.84376,15.827795229987025,1.1191941338355915,0.538474572,0.22519946798800217,0.015924007093391916,-8.801855428,23.53333508228449,1.6640580820618642
R:A:VAL:429,51.983239999999995,3.4973093575490286,0.2472971162630086,-9.522205,1.0265803928455872,0.07259019572142646,-61.688889999999994,3.3371740377001613,0.23597383920574752,-0.12279,0.5993421609564941,0.04237989062633362,0.023398127999999997,0.016686992253836998,0.001179948538029553,-19.327246872,4.978077950864718,0.3520032676331675
R:A:GLY:430,78.15895,2.0512385642581896,0.14504446986183236,-5.21929,0.7145314100163827,0.05052500053933696,-76.309365,1.9890743605443715,0.14064879686252207,-1.335525,1.0175207955491623,0.07194958545311432,0.0032574599999999998,0.006026863398850185,0.000426163597861197,-4.70197254,3.1160770991155573,0.2203399247484716
R:A:SER:431,84.58778000000001,4.802303608852735,0.3395741447136398,-5.396845,0.7249405637533328,0.05126103885871803,-72.16458,6.331823394062725,0.44772752592173737,-3.8510349999999995,3.0233564566182065,0.21378358524188656,0.3230313839999999,0.09952125347325436,0.0070372153203123395,3.4983513839999993,8.534063218059899,0.6034493972564844
R:A:LYS:432,117.26462500000001,3.3852995294914447,0.23937682536510294,-8.477165,0.9759959312287115,0.06901333413823012,-106.60349000000001,13.59847538917139,0.9615574161481466,-11.841534999999999,12.292147039422161,0.8691860526917554,0.6404622120000001,0.1467198063095772,0.010374656997587883,-9.017102787999999,18.66680903133657,1.3199427249172377
R:A:CYS:433,81.36822000000001,2.317389337508913,0.16386417152019533,-8.49113,0.7247929449849798,0.051250600635504746,-76.47481499999999,1.2886020839557102,0.09111792718161994,-0.11657499999999998,0.6125758764226681,0.04331565562097611,0.0005855400000000001,0.0020475670775825638,0.00014478485654929524,-3.71371446,2.816268254691115,0.199140238053249
R:A:CYS:434,99.047485,2.248247206108572,0.15897508452230807,-7.342435,0.9306748066725563,0.06580864668776437,-80.983175,1.8008551536353503,0.1273396891070298,-3.6164099999999997,1.036031559316607,0.07325849411160457,0.0988974,0.06371333200263819,0.004505212911105534,7.2043624,3.2001986126645146,0.22628821401588597
R:A:LYS:435,130.105095,3.4857354483630862,0.2464787172959869,-6.3399149999999995,1.0453700625974518,0.07391882601120638,-114.40708500000001,7.191078289643007,0.5084860222649931,-18.410549999999997,6.819120942430923,0.48218466601241067,1.189444176,0.12360201265256252,0.00873998213149324,-7.863010823999998,10.557956480141257,0.7465602622580335
R:A:HIS:436,120.259345,2.9311545090586746,0.20726392300609142,-9.003815,1.1812616690534743,0.0835278136543451,-89.244705,3.2536269635554413,0.23006616893814485,-8.85605,1.9010197099188635,0.13442239280529117,0.438852744,0.08437648098118375,0.005966318187445278,13.593627744,4.918752853393609,0.3478083497615301
R:A:PRO:437,81.12513999999999,2.4913831942116005,0.1761673951161224,-4.77784,0.7984162976793497,0.056456557829892534,-63.438435000000005,1.8298504080320332,0.12938996320764215,-0.5531299999999999,1.1150589818928862,0.07884657675194275,0.679876632,0.05866475144183069,0.004148224356114177,13.035611632,3.3822491639050964,0.23916113194598243
R:A:GLU:438,85.91412,3.135963436585319,0.22174610115625484,-5.3480550000000004,0.8773176972881602,0.062035729300742484,-51.313935,13.70744620601427,0.9692628165022503,-84.630265,13.034716050792015,0.9216936110356169,0.883397916,0.15408179869265592,0.01089522847129975,-54.494737084,19.194415808609893,1.3572501579182323
R:A:ALA:439,96.316285,2.07099999608281,0.14644181410674684,-3.711725,0.7453309797499363,0.05270285900095933,-73.19469,2.12494229189877,0.1502561104231704,-5.339555000000001,1.9401661415907143,0.13719046353473333,0.5440302,0.1119014074934109,0.007912624406291,14.6143452,3.6244593498926156,0.2562879784444054
R:A:LYS:440,143.52472,3.022659367444502,0.21373429359370474,-7.605,1.2069504505156787,0.08534428481157949,-150.559135,12.731247842877579,0.9002351682665342,11.445525000000002,11.580947183170078,0.8188966285782808,0.8129128680000001,0.16165447050652257,0.011430697230428284,-2.380977132,17.516344952802932,1.2385926297729708
R:A:ARG:441,-186.69888,4.147171032836721,0.2932492760059264,-13.970675000000002,1.0938031309952445,0.0773435611209815,1.92302,11.60822358931805,0.8208253617536437,22.866245,9.933577734380247,0.7024100177423973,0.376195824,0.12642913750910834,0.0089398900472257,-175.504094176,15.869412046334965,1.1221368871406938
R:A:MET:442,98.60999499999998,3.033386502735021,0.2144928166043679,-11.260725,1.1305906197094509,0.07994482939424538,-76.26531999999999,1.688568973302542,0.11939985715234337,0.484005,1.0434648939830224,0.0737841102465497,0.050840712,0.0549607345498389,0.0038863108099184856,11.618795712,3.7977327011346205,0.2685402546106194
R:A:PRO:443,78.72758,2.553140974094458,0.18053432961074187,-8.968250000000001,1.1184174298981575,0.07908405488782173,-57.79871000000001,1.7396167181020077,0.12300947780354163,-1.9294499999999999,1.0639050133823038,0.07522944495009916,0.08930123999999999,0.08065668566472094,0.005703288938155597,10.12047124,3.454569739554032,0.24427496889205014
R:A:CYS:444,76.496545,2.402810171023712,0.16990433658348747,-7.75023,0.5726094717169811,0.04048960404227239,-65.18558,1.6216387339971874,0.11466717454441791,-1.2389350000000001,1.0228589789286693,0.072327052019801,0.19293400800000002,0.047989309435764294,0.00339335661264885,2.5147340079999996,3.1272406324538133,0.2211293057610199
R:A:ALA:445,93.93349500000001,1.9398459139774484,0.13716782002304698,-7.59801,0.6828575619409951,0.048285321263299055,-83.824095,1.1334039200457176,0.08014375976877423,0.15487499999999998,0.5092067746750822,0.0360063563398881,0.004461696,0.0073143030900547175,0.000517199331463141,2.6707266960000013,2.402758020328867,0.16990064897249063
R:A:GLU:446,101.994905,3.158257841908257,0.22332255367489198,-8.286285,1.533654199542713,0.10844572844918789,-131.62245000000001,5.785305072984484,0.4090828448340263,-30.859345000000005,4.488639783495106,0.3173947629213106,0.008675568,0.008559104763220042,0.0006052201018958971,-68.76449943200001,8.120615921929772,0.5742142585807989
R:A:ASP:447,103.00739000000002,3.054157634749719,0.2159615574344193,-8.42346,0.5557644810529007,0.03929848332951286,-97.48937,8.620279587873005,0.6095458152308979,-62.28827500000001,8.39108320655772,0.5933391836857523,0.439970544,0.08007040615077748,0.00566183271615758,-64.753744456,12.424277115338183,0.8785290599596467
R:A:TYR:448,87.45372000000002,3.247183869385902,0.22961057338023436,-13.335455,1.0581684119151353,0.0748238059702592,-84.54022499999999,1.7848568722379392,0.1262084397806858,-2.53421,0.8876092022393638,0.06276344859470358,0.20910056400000002,0.0753965426631348,0.005331340659512344,-12.747069435999999,3.955145036341342,0.27967098757732767
R:A:LEU:449,72.736765,3.009693336500415,0.2128174567531409,-10.482370000000001,0.9181434872066567,0.06492254859060911,-79.66672,1.3195951657989662,0.09330946901574355,0.6084300000000001,0.5133133790385752,0.03629673711919571,0.071440884,0.02390654425782497,0.0016904479559444357,-16.732454116,3.450599222226967,0.24399421091937148
R:A:SER:450,87.264745,4.909711181930664,0.34716900704105913,-6.877315000000001,0.8027065003941354,0.05675992097312152,-84.50117,6.057987765842714,0.4283644229572526,1.1935900000000002,1.0800860900409746,0.07637361985332371,0.108223272,0.030047389171660423,0.0021246712640232324,-2.8119267279999995,7.913046581080263,0.5595368897326879
R:A:VAL:451,59.13233,3.5098555427681064,0.24818426552765183,-9.244909999999999,0.902207061544078,0.06379567312522064,-62.09788,2.2618139922637317,0.1599344011712302,0.36351,0.6744670191343681,0.04769202029165886,0.09653281200000001,0.04922383964352086,0.0034806510807972807,-11.750417188000002,4.325065871739905,0.3058283406985793
R:A:VAL:452,44.850165,2.8986989543198516,0.20496896872179213,-9.7877,0.8891586697547295,0.06287301249343791,-46.946720000000006,1.608034829100415,0.11370523320410544,-0.49923,0.6479858463732059,0.045819518608339826,0.019688436,0.019157440843669698,0.0013546356330738976,-12.363796564,3.4927192048624063,0.24697254345386938
R:A:LEU:453,57.95385,3.8234554433784105,0.2703591271577492,-10.313685,0.9123495798075428,0.06451285746946107,-61.88425,1.93186719199328,0.13660363918102622,-1.2733850000000002,0.5078689464566621,0.03591175759935734,0.023162112,0.015199272559864698,0.0010747508696182942,-15.494307887999998,4.409247783402101,0.3117809007575379
R:A:ASN:454,32.360074999999995,2.8618596837327646,0.2023640389171826,-10.687470000000001,0.8507505210694849,0.06015714625462215,-96.23962,2.7005131448671005,0.1909551157418936,-1.6864750000000002,1.3711300847749641,0.09695353808332628,0.03501036,0.013553997260557492,0.000958412337512409,-76.21847964,4.2528778449764735,0.3007238763740895
R:A:GLN:455,34.155395,3.040184361017437,0.21497349777327204,-10.33228,1.1038399891288593,0.07805327416579012,-74.876905,2.717863835068821,0.19218199481188397,-5.350885,2.0783184408975925,0.14695930630237405,0.15580422,0.09063468185227772,0.006408839814843088,-56.24887078,4.709096482753296,0.3329834056216575
R:A:LEU:456,71.207405,3.0495663250657463,0.21563690281321285,-10.297395000000002,0.8228848880463171,0.05818674844734838,-73.00939,1.7963296406561915,0.1270196870154387,-2.8276250000000003,0.6276525984770556,0.044381740861248326,0.030364632,0.01888489423844825,0.0013353636777997519,-14.896640367999998,3.687560021403774,0.2607498697167019
R:A:CYS:457,98.48773999999999,2.2502704998288534,0.1591181529933024,-8.552085,0.6489604208077716,0.045888431427485075,-85.46236499999999,1.6340313068527788,0.1155434617746716,-2.82307,0.8756887604052024,0.061920546069136044,0.070069284,0.020834502019624657,0.0014732217660721415,1.7202892839999993,2.9870035392554195,0.21121304580357247
R:A:VAL:458,54.565079999999995,2.6432339422760145,0.1869048644845821,-9.12417,0.767088066065429,0.05424131732821392,-52.478294999999996,1.8261422502025955,0.1291277568529516,-4.083085,0.969838975178354,0.06857797160076258,0.108216828,0.05693679792080353,0.004026039590884829,-11.012253172000001,3.442925315688313,0.2434515837842041
R:A:LEU:459,67.06389999999999,4.405058004158402,0.31148463862604847,-8.842070000000001,0.8737273059141508,0.06178185029197491,-65.251125,3.3773429895962592,0.23881421303363623,-5.2070050000000005,0.7843583141492159,0.05546250828149589,0.23685246,0.08589746065947934,0.006073867691902253,-11.99944754,5.674238048689688,0.4012292202295201
R:A:HIS:460,111.09236000000001,2.434184699319261,0.17212285075491865,-13.190935,0.8689772728759941,0.06144597223476084,-91.67569999999999,1.6340310768158604,0.11554344550860511,-7.45788,1.2061541093906698,0.08528797499061634,0.10775919599999999,0.042851479471233946,0.0030300571717985655,-1.1243958040000002,3.287412081876544,0.23245513756494898
R:A:GLU:461,104.663025,2.874600736515421,0.20326496739938982,-5.537405,1.1128912305230014,0.07869329358258556,-63.55617,13.404331136655049,0.9478293443998768,-88.158325,12.887278659568707,0.9112682131221713,0.715080708,0.12776525303928737,0.009034367682409524,-51.87379429199999,18.84877249891115,1.332809485102258
R:A:LYS:462,134.802795,3.5524534737241815,0.25119639411200756,-5.8700149999999995,1.0273210280992986,0.07264256654245498,-183.324135,11.99208466767872,0.8479684389078848,41.11618000000001,10.786262683506274,0.7627039487166694,0.9260658359999999,0.15359620356557874,0.01086089171057301,-12.349109164,16.548488248957206,1.1701548259223535
R:A:THR:463,55.415259999999996,4.626410432765343,0.32713661895605634,-4.31892,0.7072987725141335,0.05001357583696651,-58.989385,4.538063693556428,0.32088956111702205,-4.90966,1.9676281290935032,0.13913231929354156,0.69033996,0.062187591626304356,0.004397326774461956,-12.112365040000002,6.809801383574067,0.4815256736858756
R:A:PRO:464,87.39533499999999,2.3906272488146287,0.16904287389261638,-5.218695,0.531915634264495,0.03761211520075679,-59.266479999999994,1.256229915103123,0.08882886916988192,-6.178895,0.7771928229049725,0.05495583153656215,0.7713456119999997,0.05237187054577921,0.003703250480634449,17.502610611999998,2.860580007821747,0.20227355216574244
R:A:VAL:465,51.674745,3.17885768476272,0.22477918253226878,-7.597415,0.8560929697030575,0.06053491442031615,-51.505585,1.861326084482512,0.13161562963369888,-3.97411,0.9455529376507695,0.06686068941837199,0.14307123600000002,0.06378364318421693,0.00451018466243429,-11.259293763999999,3.8988081328224986,0.27568736692640505
R:A:SER:466,62.06458,3.2939206280054774,0.23291536127529242,-7.341934999999999,0.6398267896665472,0.04524258617580343,-58.02991999999999,2.894672750692209,0.20468427313303775,-2.330415,0.833543125923908,0.058940399675222764,0.10060326,0.021161652124983058,0.0014963547718686234,-5.5370867399999995,4.509286386588311,0.31885469822687784
R:A:ASP:467,88.244585,4.558060958650619,0.3223035812923508,-5.055560000000001,1.2005474111421006,0.08489152155545335,-72.36920500000001,12.356887652357086,0.8737639053342012,-70.816625,9.462714960537225,0.6691149917031265,0.715177152,0.0600262194100486,0.004244494679383692,-59.281627848,16.26211806049697,1.1499053957033634
R:A:ARG:468,-177.50113,3.7377621250020705,0.26429969450512036,-9.992535,1.4202340014149077,0.1004257093272186,-17.601295,10.09352561288547,0.7137200406951418,31.73911,8.304143997300384,0.5871916532440665,0.402217092,0.06887230487822762,0.004870007381534209,-172.953632908,13.66860419143554,0.9665162713118937
R:A:VAL:469,61.86860500000001,3.140496958918285,0.22206666959468496,-9.175145,0.9474822446753289,0.06699711202637766,-73.28799,2.062674588949988,0.14585311892277109,0.739615,0.5060632240886508,0.03578407374622124,0.023221512,0.018860371381249522,0.0013336296499378228,-19.831693488,3.907879976820378,0.27632884316728173
R:A:THR:470,47.516774999999996,3.0713413103032035,0.21717662678537714,-7.715620000000001,1.0254828207239748,0.07251258565242312,-58.41699500000001,3.133026074735893,0.2215383983080021,-0.796585,1.1283684339678242,0.07978769713354936,0.323996796,0.04656078604363959,0.0032923447548833516,-19.088428203999996,4.644996025242864,0.32845081880337884
R:A:LYS:471,114.38174,3.418309771275857,0.24171100194653944,-7.608635000000001,0.9647695018889227,0.0682195057067625,-125.44013,13.875054862345587,0.9811145382499943,5.665395,12.476776592893495,0.8822413336184578,0.98961858,0.0968463131060238,0.006848068473018504,-12.012011419999999,18.995054689961073,1.3431531980280806
R:A:CYS:472,80.67086,2.6486809925696972,0.18729002910459483,-8.081155,0.6565993686982953,0.04642858661293707,-75.48543,1.4583372295528905,0.10312001442736517,0.40966,0.8331213923552797,0.058910578608599655,0.041313779999999994,0.02549880482274414,0.0018030377802314623,-2.444751220000001,3.2043911512052308,0.22658467125913861
R:A:CYS:473,99.002315,2.340531528472753,0.16550057153639985,-7.88187,0.8103716018592951,0.05730192549557126,-89.652055,1.7791090865865982,0.1258020099595988,1.34586,1.0164856174093169,0.07187638730487225,0.036969516,0.019951605903308738,0.0014107915829791162,2.851219516,3.21460109311064,0.22730662317482217
R:A:THR:474,42.1743,3.319641305924482,0.23473408785261676,-6.146379999999999,0.9140721282262139,0.06463466003623752,-51.20196,2.7424104394492086,0.1939177018531315,-4.7162299999999995,1.4416747369292422,0.1019417982747999,0.512763444,0.12022997991245138,0.008501543409801676,-19.377506556,4.633491401650568,0.32763731906766774
R:A:GLU:475,90.839165,2.9525134780005664,0.20877423018388788,-5.54059,0.9312635834714037,0.06585027949447139,-49.375885,14.348364699915281,1.0145825978247778,-91.458635,14.090639320193212,0.9963586614562424,0.9332384399999999,0.0880040391794013,0.006222825287556127,-54.60270656000001,20.347334430439208,1.438773815483408
R:A:SER:476,66.14162999999999,4.8310564251620995,0.3416072758526961,-7.195354999999999,0.7722258277052122,0.054604611937775,-57.03683999999999,4.154860296616482,0.29379298906202644,-2.91991,1.3083949869592133,0.09251749677493441,0.12092144399999999,0.03358915292861765,0.0023751117810137524,-0.8895535560000002,6.550673909573692,0.463202594280135
R:A:LEU:477,75.25128,3.0127460200952885,0.21303331408021609,-9.056495,0.8575308040968558,0.060636584665323956,-71.62502,1.7244397900767658,0.12193630693111876,-2.3682,0.9770103940081702,0.06908506748929177,0.20704903199999997,0.04657227800680331,0.0032931573593915726,-7.591385968,3.707075469727281,0.26212982030144666
R:A:VAL:478,47.609804999999994,3.077848420077733,0.21763674893012663,-7.657089999999999,0.9485273121528973,0.06707100945639628,-52.469669999999994,2.429536396331613,0.1717941660985611,-0.46389500000000006,0.9263276061820678,0.06550125319316417,0.134256384,0.049976654201254245,0.0035338831086722034,-12.846593616,4.139575166598035,0.29271216715329024
R:A:ASN:479,23.72822,5.210798942734214,0.36845912678070547,-7.636155,0.8763455830749648,0.06196699044551865,-78.099295,5.107449277082935,0.3611512018391673,-6.626315,2.8989071450763992,0.20498369003136566,0.37506535199999996,0.11035458924279723,0.0078032478388637945,-68.258479648,7.900777562473958,0.5586693391071857
R:A:ARG:480,-171.26431499999998,4.1739159485757495,0.29514042713405936,-14.54653,1.1725332827259105,0.08291062353824147,5.9469899999999996,5.7269512238101,0.40495660458807187,17.02362,4.043859725015199,0.28594406337254147,0.068861916,0.023280457032063266,0.001646176903649398,-162.77137308399998,8.24304084789434,0.5828710081143796
R:A:ARG:481,-173.27402999999998,3.843728445025741,0.27179264485173255,-10.30737,1.9017246996082267,0.1344722431042927,-15.472819999999999,6.341091563571685,0.4483828844726346,30.546390000000002,4.6536226080227,0.3290608103215878,0.040420295999999994,0.017166429791065585,0.0012138498914025242,-168.46740970400003,8.95861292131833,0.6334695946689618
R:A:PRO:482,83.22601999999999,2.6351525135369296,0.18633342117827384,-9.37932,0.646029865873088,0.045681209900789624,-60.851535000000005,1.6658777082292087,0.11779534241163783,-4.287115,1.1164139831509634,0.07894238980975302,0.202250592,0.04157610970501131,0.002939874910776933,8.910300592,3.3741133132496013,0.23858584042906025
R:A:CYS:483,80.733495,2.3454914325094007,0.16585128971423466,-7.15643,0.6111049460608218,0.04321164513762464,-66.854705,1.6661266602437523,0.11781294597740521,-3.89592,1.1482253061137435,0.08119179002830273,0.177336216,0.05762942730652582,0.00407501588443416,3.003776216,3.1579265139552692,0.22329912525065654
R:A:PHE:484,104.04054500000001,2.9605283004854046,0.20934096371679142,-12.444700000000003,0.9677286913179747,0.06842875199797231,-84.09269,2.045163043353757,0.14461486565875586,-1.19461,1.1778730482951039,0.08328820198263377,0.09208490400000001,0.032184264172150714,0.0022757711443627017,6.400629904,3.907984039966809,0.27633620154293304
R:A:SER:485,72.511595,2.5721221843013216,0.18187650385598192,-5.801565,0.8209072029011562,0.058046904989628854,-65.319585,2.522737097435046,0.1783844508747189,-7.302764999999999,1.5172205475061957,0.10728369376971973,0.244874232,0.05516142910442201,0.0039005020579677787,-5.667445768,3.994859772577861,0.2824792435079155
R:A:ALA:486,84.189375,2.5663550464374563,0.18146870562682424,-3.679225,0.467761493044265,0.03307573237095439,-67.168095,1.6369582389221176,0.1157504271261018,-5.0041400000000005,0.7381408404904853,0.05219443937815599,0.6497661600000001,0.041421217708647824,0.0029289223926789185,8.98768116,3.167203645552566,0.22395511751689737
R:A:LEU:487,79.04626999999999,3.4904060647867317,0.24680897975053498,-8.0947,1.205939185863035,0.08527277760223363,-85.783925,3.1992781981839276,0.22622313088381343,1.150525,1.248200492459044,0.0882611032498178,0.25091802,0.08292417429288276,0.005863624596679258,-13.430911980000001,5.043558832266374,0.3566334651608858
R:A:GLU:488,105.00675,3.0150888755557443,0.2131989789785589,-5.198789999999999,1.1556775960015837,0.0817187464998087,-107.789505,18.389421755726172,1.3003284825573402,-46.20363999999999,16.885460353226975,1.193982351922339,0.771837444,0.16131509696209237,0.011406699896966094,-53.41334755599999,25.174232422147114,1.7800870456866469
R:A:VAL:489,47.215160000000004,3.7206496790748793,0.2630896618493399,-6.974405000000001,1.0278628707055237,0.07268088060057473,-49.344519999999996,2.0853506107127404,0.1474565557986487,-3.6457100000000002,0.8407990877135868,0.059453473653774,0.28594137599999997,0.11176021168464305,0.007902640354905512,-12.463533624000002,4.468540783722444,0.315973549017879
R:A:ASP:490,93.42173999999999,2.869363292160824,0.20289462415746753,-7.00932,1.2183151799103547,0.08614789253371204,-114.20492,6.9940501287594445,0.4945540274004449,-44.601395000000004,6.263732956390702,0.4429128049005526,0.026817948,0.015122231019016209,0.0010693032100215914,-72.367077052,9.892868846520003,0.6995314646763432
R:A:GLU:491,103.63921500000001,2.637129831611443,0.18647323868017895,-4.40784,0.7292806760089012,0.051567931139420355,-68.945495,14.719906552012311,1.0408545741360196,-86.77828000000001,14.393406526656571,1.0177675359373572,1.055405844,0.1347408574884087,0.009527617403294398,-55.436994156,20.768973481937586,1.4685881987361649
R:A:THR:492,41.71646,3.558860197928545,0.25164941792501727,-4.5933150000000005,0.6635886118484855,0.04692280073562318,-50.006955,3.3636091691775074,0.23784308527866646,-6.247245,1.51055469115653,0.10681234654699333,0.7005876839999999,0.04998224390173118,0.0035342783601834075,-18.430467316,5.167589002313405,0.3654037225920834
R:A:TYR:493,90.72528999999999,3.3481531619536162,0.23675018052685828,-12.453610000000001,1.0390328714241912,0.07347071892597758,-82.72057000000001,2.1757500212800185,0.15384875942138762,-8.906065000000002,1.3127272948998203,0.09282383720723357,0.31796316,0.07322398485575064,0.005177717623700234,-13.03699184,4.330383558258224,0.3062043579183121
R:A:VAL:494,62.60734,3.3165218640015026,0.23451350999889112,-3.6447749999999997,0.7116254944667174,0.05031952128026458,-53.26952,2.8956015695533805,0.20474995054456058,-3.8308750000000003,1.474341157729445,0.10425166304129158,0.86348052,0.08446998565760977,0.005972929966522628,2.7256505200000003,4.697983992759767,0.33219763391862833
R:A:PRO:495,88.49649,2.6912271791693834,0.19029849881042146,-6.265599999999999,0.5880059693574547,0.04157830083108255,-55.75942,1.489644458788741,0.10533376983664833,-5.956759999999999,1.3060245757258935,0.09234988338920629,0.38180419200000004,0.0630000938304947,0.004454779356293157,20.896514192000005,3.3936948253669845,0.2399704624294691
R:A:LYS:496,122.229775,4.7424965128479535,0.3353451443988342,-4.32691,1.0627582048142468,0.07514835333857957,-130.744295,13.393081649791245,0.9470338855552503,1.44428,11.382315242146477,0.8048512293324773,1.3302758879999999,0.18646079200420515,0.013184769045158784,-10.066874112,18.236974314639063,1.2895488206206172
R:A:GLU:497,96.53116,3.5063785355263626,0.24793840398776465,-4.72806,1.094019819930151,0.07735888334250954,-47.48317,10.767349183578101,0.7613665623111512,-103.42716,10.106636534693429,0.7146471228669433,0.99020214,0.14419461239379922,0.010196098823422121,-58.11702786,15.21815601091484,1.0760861312472703
R:A:PHE:498,91.977455,2.7927022000161417,0.19747386634660036,-12.488514999999998,0.9880827646381652,0.0698680023249198,-65.062385,2.080764668763625,0.14713228073361398,-7.426845000000001,1.6188246696214512,0.11446819014414006,0.10051199999999998,0.06308294060179503,0.004460637507671746,7.100222,3.966061964076578,0.2804429309404586
R:A:ASN:499,22.866284999999998,2.9705742144869904,0.21005131710816527,-6.94799,1.2094769943657466,0.08552293844051431,-89.82034,3.307057020131343,0.23384424447054494,-4.845045000000001,2.068413397504232,0.1462589139672348,0.1943181,0.07866332188608106,0.005562336833630808,-78.5527719,5.050573610913927,0.35712948491590657
R:A:ALA:500,91.61203000000002,2.5042471361868426,0.1770770131764708,-3.3412,0.7695487768816217,0.05441531585868081,-76.86327999999999,2.8253639909930186,0.1997834037351451,-4.64793,1.6657415511116964,0.11778571464952785,0.5165519759999999,0.13685490219142105,0.009677102937817553,7.2761719760000005,4.199948202067953,0.29698118543144975
R:A:GLU:501,108.556595,3.137802259699454,0.2218761255855956,-4.098135,0.7815581019828277,0.05526450338033447,-46.595065,12.911829895517329,0.9130042476647494,-111.57683499999999,12.618628633404462,0.8922717875955032,1.112291856,0.10996694122449012,0.007775836984617947,-52.601148144,18.341588498667782,1.2969461605141175
R:A:THR:502,35.59804,4.090996549546333,0.289277140199498,-4.32199,1.0677575894836806,0.07550186321873123,-48.91094999999999,3.5000937883862484,0.2474940052556829,-3.27477,2.300190669727186,0.16264804205861194,0.666457092,0.20911684495906382,0.014786793913088993,-20.243212907999997,5.954966207943219,0.421079698737339
R:A:PHE:503,101.24554,3.411145829248582,0.24120443474778813,-12.41807,1.1244553059592897,0.07951099719850077,-76.71528,1.943535708856413,0.13742872792105731,-3.724565,3.069810941373263,0.2170684133605693,0.065996712,0.06939620210946601,0.004907052510019561,8.453621712000002,5.109422834698869,0.3612907534364962
R:A:THR:504,41.70291,4.753191213479635,0.33610137393277645,-5.995595000000001,1.1512375475873777,0.08140478766556054,-52.942204999999994,5.546835033870667,0.39222046665730614,-3.00811,4.679508360704145,0.33089120944730455,0.43882552799999996,0.08999297342423805,0.0063634641767419476,-19.804174472000003,8.75165417101337,0.6188354010923087
R:A:PHE:505,91.026025,3.0935794986350356,0.21874910416245133,-11.38543,0.9082852058136806,0.06422546282822725,-61.062115000000006,2.1669773537752994,0.15322843815321943,-5.505019999999999,1.946356203165289,0.13762816698626773,0.163707264,0.05668748642055585,0.004008410605639536,13.237167264,4.345402504022691,0.30726635775794486
R:A:HIS:506,108.06786,2.9625173569786893,0.20948161125024792,-6.961950000000001,0.9211393692053337,0.06513438943829902,-86.09388000000001,3.3276176095819663,0.23529809769311777,-7.02285,2.320515937781941,0.1640852555457071,0.878331348,0.10920283261360804,0.0077218063465861716,8.867511348,5.108303559857307,0.36121160875344827
R:A:ALA:507,83.78601,2.2419727830417564,0.15853141581245023,-4.624575,0.6034453864062597,0.04267003248036027,-73.88896500000001,1.7934718017786067,0.12681760729045083,-1.7453649999999998,1.1253066256691995,0.07957119459248428,0.30786102,0.07178719996736743,0.005076121589932021,3.8349660200000004,3.1430236718650653,0.22224533518056297
R:A:ASP:508,100.12644500000002,6.923770822822994,0.48958453001997004,-4.927735,1.171332503935155,0.08282571565567665,-70.776565,12.852839942431984,0.9088330280798971,-87.97858000000001,15.373695734064727,1.0870844505455866,0.587070504,0.10796379633154246,0.007634193250867697,-62.969364496,21.233659447500877,1.5014464584733669
R:A:ILE:509,77.86616,3.0394290721120645,0.21492009078259766,-9.83555,0.957615255465367,0.0677136240907249,-64.07914,1.5602636797669813,0.11032730284023083,-0.7719450000000001,0.87768332100764,0.06206158280188316,0.0370701,0.03051303132073901,0.002157597136145207,3.2165950999999997,3.6552479901308184,0.258465064074
R:A:CYS:510,93.55183500000001,2.388423737064888,0.1688870620825498,-5.66765,0.5388996822229533,0.03810596196791258,-84.74313000000001,1.3784052463263479,0.0974679696900474,-2.4032800000000005,0.8656385167031329,0.06120988652170497,0.35679131999999997,0.05995116172724595,0.0042391872997347025,1.0945663200000002,2.9407322254444477,0.20794116982655758
R:A:THR:511,38.352734999999996,4.8984599625571095,0.34637342568949336,-3.7687649999999997,0.7502174416627488,0.05304838403641528,-47.479045,4.58973637401703,0.3245433713925998,-5.63933,1.5671874269212347,0.11081688569663019,0.85523688,0.059243038858073443,0.0041891154514641865,-17.67916812,6.934190822747679,0.49032133528064087
R:A:LEU:512,67.81326499999999,3.109857103594151,0.21990010464725795,-8.66369,0.8310989074111456,0.05876756732671516,-68.64214,2.8846503064323064,0.2039755793030136,-4.755845,2.226361981119647,0.15742756542256187,0.356244408,0.06757868325568896,0.004778534519375545,-13.892165592000001,4.862550620659961,0.3438342517731514
R:A:SER:513,72.52181,3.9440063607834106,0.27888336427528265,-4.54074,1.069214067621634,0.07560485177553092,-72.44564,5.774328777477083,0.4083067035354672,-2.315785,3.30207118620647,0.23349169277273016,0.43207902,0.0820415542490877,0.005801213934861392,-6.34827598,7.807155862546783,0.552049285218714
R:A:GLU:514,100.07661,3.384018895913556,0.23928627089638888,-5.335614999999999,1.1475878601549425,0.08114671579229192,-95.68435,12.856852550196724,0.9091167622959659,-48.862755,11.543932164777086,0.8162792715271379,0.76020228,0.11032191664901403,0.007800937537601489,-49.045907719999995,17.64487857800226,1.2476813295718643
R:A:LYS:515,123.89461000000001,3.2983896901215295,0.23323137168807287,-6.28052,0.7132780661144712,0.050436375742116915,-103.03377,11.15761966626843,0.7889628527918789,-27.45124,10.947837658295814,0.7741290247510423,1.1440332359999998,0.17527884899787852,0.012394086272497279,-11.726886764000001,15.992701111191506,1.1308547405213147
R:A:GLU:516,105.37896,2.848744386286702,0.20143664734104366,-7.238589999999999,1.1632220131599986,0.08225221735309024,-102.97078000000002,16.10874888908509,1.139060557590333,-52.29764,14.845117452226507,1.0497083217980125,0.48348979200000003,0.11107980260364858,0.007854528167390303,-56.644560208,22.121258365989185,1.5642091798970599
R:A:ARG:517,-191.6182,4.305321033326087,0.304432169784995,-12.250350000000001,1.6088236781885081,0.11376101325805779,-5.81827,14.343780247100135,1.0142584280574156,30.28655,11.343044555916194,0.8020743724789491,0.23799301200000003,0.10825729872379347,0.007654947004053214,-179.162276988,18.855888047101548,1.3333126303399871
R:A:GLN:518,34.805455,2.836769057920472,0.20058986375157395,-9.896514999999999,1.1140654916902328,0.07877632638600889,-81.81256499999999,3.0969494677464473,0.21898739696355818,-6.50518,2.0967812183439642,0.1482648218155608,0.408755736,0.07067428861873251,0.004997426873784099,-63.000049264,4.8250370927275545,0.3411816447744278
R:A:ILE:519,93.58197499999999,3.5100723673985694,0.2481995973443047,-7.46162,1.2368281916256598,0.08745696014611987,-73.89032499999999,1.9696703580485242,0.13927672668782465,-0.18695500000000004,0.6554251467368337,0.04634555658178031,0.45418341600000006,0.08864517581584541,0.006268160493885803,12.497258416,4.262322537012001,0.3013917169525435
R:A:LYS:520,138.697035,3.5785561632835945,0.2530421329914744,-10.391975,1.1438886503392716,0.08088514215772265,-142.12458,9.329658416233684,0.6597064732272983,10.990135,9.073237449597304,0.6415747727925989,0.30777256799999997,0.11884205363981462,0.008403402201884834,-2.521612431999998,13.546026460635545,0.9578487168447801
R:A:LYS:521,128.090715,2.8301349303125107,0.20012076008968935,-11.436855000000001,1.0737927425602205,0.07592861298532326,-115.66475999999999,11.45575459593998,0.8100441758398118,-14.878039999999999,10.619813385290723,0.7509342059674735,0.24665266799999996,0.07004119283976948,0.004952660241939565,-13.642287332,15.91170481272338,1.1251274373315325
R:A:GLN:522,40.0225,2.8716413930015707,0.2030557102127394,-11.3849,1.1692574139170553,0.08267898463333956,-95.63801500000001,4.675948956604958,0.3306395215697527,-2.4954,2.2660543219437614,0.16023423775835177,0.021841236,0.04080725177081525,0.002885508444873021,-69.47397376400001,6.051004318009704,0.4278706186253742
R:A:THR:523,34.6661,3.267028223018589,0.23101378108242807,-9.351345,0.8826617562662383,0.06241361133498847,-45.329789999999996,2.787316951101902,0.19709307174403673,-4.454655,0.9646573256732154,0.06821157365048104,0.11927102399999999,0.05065501577048638,0.0035818505152422427,-24.350418976,4.489413175290586,0.3174494499796204
R:A:ALA:524,82.863085,2.0715668243566268,0.14648189491836525,-7.884125,0.6076844241668532,0.04296977771498242,-65.71976000000001,1.461882335347137,0.1033706912620787,-2.7800149999999997,0.5834009211297151,0.04125267474812997,0.010294919999999999,0.01194411200369454,0.000844576259306405,6.48947992,2.6717538670574723,0.18892152770577203
R:A:LEU:525,86.91157,2.9845992654123603,0.21104303796974683,-11.081335000000001,0.9204615216156512,0.06508645837557148,-86.96065,1.904321747368338,0.13465588211251672,-2.427665,0.6134273166194998,0.043375861534671566,0.093450312,0.040723472217838404,0.0028795843358695506,-13.464629688,3.7093766294809534,0.2622925368680882
R:A:VAL:526,51.47514,2.6111860026432434,0.18463873294084315,-10.664080000000002,0.9129786052257741,0.06455733628333808,-59.725955000000006,1.5407135499420388,0.10894489990300141,-0.285435,0.578271385921005,0.04088996183508856,0.000329616,0.0007887162631415687,5.5770661809951665e-05,-19.200000384000003,3.21869832926656,0.22759634152181954
R:A:GLU:527,89.07854499999999,2.530338575759181,0.17892195656172274,-10.317684999999999,1.1854122809280323,0.08382130623460243,-78.131805,6.430930579393234,0.45473546220288885,-56.940275,5.691113878615943,0.40242252160742076,0.129151836,0.047522773558136354,0.0033603675443750966,-56.18206816399999,9.0308205216418,0.6385754430531552
R:A:LEU:528,78.38375,4.086757670513386,0.28897740618861534,-11.581955,1.022815889090016,0.0723240051080898,-80.11043,3.748621863445285,0.2650675939746313,-1.450445,0.7974065819737132,0.05638516014763992,0.034200720000000004,0.03638303878176203,0.0025726693442757074,-14.72487928,5.69535665766956,0.4027225313914096
R:A:VAL:529,64.85874,2.8758716787089096,0.20335483658374098,-10.264275,0.8555919759879707,0.06049948881498918,-63.08749500000001,1.5444017870926594,0.1092056976529842,-0.14142500000000002,0.675805248851324,0.04778664742242334,0.004015512,0.008014728812895418,0.0005667269092969558,-8.630439488,3.441602735936114,0.2433580632730601
R:A:LYS:530,124.56603500000001,3.5352100763285623,0.24997710178909385,-10.521945,1.2876431229090612,0.09105011839572202,-148.00662,7.0591187470958445,0.4991550735272557,22.953795,6.556155587154334,0.4635902074190901,0.236260908,0.04805451719454828,0.0033979674974910635,-10.772474091999998,10.342745182056252,0.7313425254316468
R:A:HIS:531,116.97915,2.8001740245027626,0.1980022041228329,-11.838325,0.8783129279334332,0.0621061027345542,-93.782935,3.1761209392551475,0.22458566540159014,-3.4647300000000003,2.118940932895488,0.14983175025841486,0.211273524,0.06635759794806788,0.004692190749232932,8.104433524000001,4.8160633712146526,0.34054710684100253
R:A:LYS:532,140.323055,3.2054019267441327,0.22665614388292013,-7.796900000000001,1.260030618675594,0.08909761949681934,-155.085735,15.134010665873571,1.0701361568388739,25.2571,15.452626277432584,1.0926656827914016,0.40135291199999995,0.22200527388255317,0.015698143462153008,3.098872912000001,21.902819515267474,1.548763220635068
R:A:PRO:533,93.25949,2.8102812759401856,0.19871689472588883,-7.346659999999999,0.8554067596179025,0.06048639203986298,-68.23398,2.3525710190342823,0.16635189207820875,-0.14098999999999998,1.2580409372909929,0.08895692777687413,0.13026369599999998,0.05397455688004473,0.003816577518141865,17.668123696000002,3.968573071847159,0.28062049307374537
R:A:LYS:534,116.351865,3.1117511511647264,0.22003403403536234,-4.13235,0.8352343428643245,0.05905998677192537,-111.97467499999999,13.489922368915805,0.953881558474046,-11.878799999999998,12.555989913184863,0.8878425612122907,1.3017787200000002,0.1961919209448544,0.013872863771412159,-10.33218128,18.7096229551398,1.3229701265022844
R:A:ALA:535,99.037995,2.3797061509722166,0.16827063565837924,-5.093604999999999,0.5660754534291343,0.04002757917829906,-94.72573,3.1690096855484673,0.22408282382971698,0.86445,1.9130059899278937,0.13526995079284979,0.1010277,0.05798178431558311,0.004099931287484462,0.1841377000000003,4.437231003211623,0.31375961320621254
R:A:THR:536,54.694835000000005,4.124266487240489,0.29162968005481715,-5.6366499999999995,0.8266896500501262,0.05845578574871781,-56.461499999999994,3.8214523103134495,0.27021748426036385,-6.736905,1.8445353035317593,0.13042834212652937,0.571208328,0.06763450001152678,0.004782481360031221,-13.569011671999998,5.975229912467119,0.42251255902542006
R:A:LYS:537,117.57917000000002,3.372467882886359,0.23846949093227837,-5.485640000000001,1.141568473811361,0.08072108090207909,-87.42515999999999,16.381947461593207,1.1583786139134304,-36.906699999999994,14.023803293329525,0.9916326406739545,1.154804328,0.23280530257654788,0.016461820814806304,-11.083525672,21.857863069266585,1.5455843198525405
R:A:GLU:538,95.21437000000002,3.0480199512306343,0.21552755767070714,-5.347815,1.1699362720998954,0.08272698715579459,-105.947265,24.23473587363343,1.7136546076511086,-44.45565500000001,23.66697410604015,1.6735077880547418,0.8255459519999999,0.12676790004849373,0.008963844176106838,-59.710819048000005,34.03121115689402,2.406370018103105
R:A:GLN:539,29.440875000000002,3.0484490235815,0.2155578976675988,-7.392170000000001,0.8707695051504731,0.061572702194235385,-67.77949000000001,4.6606380700393375,0.3295568783980999,-11.10008,3.9117316425849054,0.2766011970653779,0.712584864,0.1561384615028261,0.011040656493268302,-56.118280136,6.862860326652108,0.48527750753118304
R:A:LEU:540,77.73238,3.443746624767855,0.24350965910616354,-9.86126,1.1578228933649568,0.08187044193113899,-72.37868499999999,1.9440619217954451,0.1374659367948111,-4.63663,1.0625092720066023,0.07513075113094504,0.08129480399999998,0.06287713110865017,0.004446084578848216,-9.062900196000001,4.255843149188119,0.30093355504572306
R:A:LYS:541,120.69485499999999,3.2429624009499403,0.22931207048447103,-6.534490000000001,1.1528415415398596,0.08151820716563876,-107.39912,15.90991801316399,1.125001091523026,-20.291165,15.176849632838001,1.0731653292428314,0.972693936,0.10071399729004854,0.007121555044419689,-12.557226064000002,22.25574640461425,1.573718920307086
R:A:ALA:542,94.722415,1.998192443878967,0.14129354271825373,-4.198075,0.5419993167661745,0.038325139228383764,-79.55275999999999,1.8669862057337214,0.13201586064560572,-7.437355,1.2060602136605783,0.08528133555986912,0.521134704,0.058585898868123404,0.0041426486371559336,4.055359704000001,3.038122338068561,0.21482769073226082
R:A:VAL:543,57.554779999999994,3.1077783642982006,0.21975311558200944,-7.87825,0.9840787252552511,0.06958487398494015,-57.285125,2.4669923083331655,0.17444269903574353,-3.1615550000000003,0.9638085478843814,0.06815155599746053,0.115675992,0.07500308166345124,0.0053035187654114765,-10.654474008,4.20086904434178,0.2970462988130724
R:A:MET:544,81.645015,2.7933937486102813,0.197522766216644,-10.504945,0.9558816516572541,0.06759103978986417,-67.258455,1.6653016957821785,0.11775461218090354,-2.590445,1.4964666040293046,0.10581616835283253,0.157826448,0.04641122278867575,0.003281769035703225,1.4489964479999997,3.705611205091643,0.2620262811561155
R:A:ASP:545,96.63203,7.47684740108423,0.5286929499203673,-6.2094450000000005,0.7427080159625316,0.05251738745287126,-82.75122999999999,10.97785370676345,0.7762514798926312,-75.38805,12.883033085710059,0.9109680057156234,0.67040244,0.1054587089815232,0.007457056825601371,-67.04629256,18.518957780878896,1.3094880627366845
R:A:ASP:546,88.84859499999999,7.709113017784537,0.5451166091808936,-6.795165,0.9026925322472763,0.06383000108785053,-54.337055,11.947598959287804,0.8448228243009744,-91.362085,8.63027129108784,0.6102523353407793,0.560380464,0.06286875951961438,0.004445492618110564,-63.085329535999996,16.65760886980552,1.1778708190192666
R:A:PHE:547,93.76655,2.921651441821902,0.20659195467757208,-13.800819999999998,0.9371008364098283,0.06626303560809751,-72.26992,1.3564247983578006,0.09591371730883962,-1.41728,0.8729479718746129,0.061726743053558235,0.011748995999999998,0.015927338896877405,0.0011262329340238277,6.290278996,3.4664658083449105,0.2451161479831993
R:A:ALA:548,84.789925,2.439793987076573,0.17251948729600083,-5.68967,0.6119066441051281,0.04326833374998394,-72.26254999999999,2.078110102352616,0.1469445745425805,-2.0337,1.839423907097002,0.13006691181849442,0.254790828,0.06467025332920241,0.004572877467013093,5.058795828000001,3.7460951121989234,0.26488892568056394
R:A:ALA:549,94.43939,2.160914669277804,0.15279974162118207,-4.78015,0.765449127963446,0.0541254269036282,-84.05223,2.1558849058101406,0.15244408363560716,0.78131,1.2545702546689046,0.08871151345513163,0.33010887599999994,0.08030605270759997,0.005678495443986824,6.718428876000001,3.388760819016514,0.23962157549458557
R:A:PHE:550,110.49376000000001,3.1368449439524424,0.22180843313995074,-12.605335,1.0295979665748178,0.07280357040609339,-85.62193500000001,2.235579685624067,0.15807935555876676,-2.4895,1.2189890196388153,0.08619554019785479,0.109180476,0.06431287484878766,0.004547606992317951,9.886170476,4.1698627173830705,0.2948538204078533
R:A:VAL:551,50.215720000000005,2.9572929431491906,0.20911218940559156,-9.205025000000001,0.8366582482561205,0.05916067208775607,-54.151810000000005,1.9589760677200732,0.1385205261667021,-2.9747749999999997,1.2263313477095006,0.08671472119470257,0.010056240000000001,0.014354944020455113,0.0010150478260417093,-16.10583376,3.8454207115305117,0.2719123061638423
R:A:GLU:552,98.10121500000001,2.842966679153134,0.20102810175165806,-6.884175,1.3180557781729116,0.09320061787281776,-80.740505,18.444671796211907,1.3042352503861696,-61.73407,16.319784492605898,1.153983028222469,0.48478068,0.13601787678309346,0.009617916303592164,-50.772754320000004,24.826991662121074,1.7555334160747686
R:A:LYS:553,119.14171,3.806117437218668,0.2691331449849684,-5.81659,1.2126514511185809,0.08574740643016557,-123.50555,13.412534595947925,0.9484094165693947,-1.460865,12.742258850642417,0.9010137640923556,1.0266320519999999,0.15654132400640186,0.011069143174084724,-10.614662948,18.92730312480351,1.3383624389121893
R:A:CYS:554,78.77278,2.9558712863722603,0.20901166309084285,-6.329739999999999,0.8293643423731214,0.05864491505663556,-67.691075,3.3266979408078217,0.23523306729045346,-6.235405000000001,1.7827419193408225,0.12605889002714166,0.087491412,0.04207250738644247,0.002974975527447458,-1.395948588,4.865375454189306,0.3440339976675837
R:A:CYS:555,98.33238499999999,2.380432283593675,0.16832198098844664,-5.74106,0.7485597814470131,0.05293116975847029,-75.89945,2.1510312056081378,0.15210087520293888,-7.369745,1.8947700229777227,0.1339804732036538,0.29341576799999997,0.05975416231222538,0.00422525733750962,9.615545768,3.800981301001576,0.268769965310148
R:A:LYS:556,119.86068999999999,3.703920235898716,0.2619067115778059,-4.072285000000001,1.1435541805157288,0.0808614915696897,-124.69463999999999,10.532818997324505,0.7447827738018649,-1.07996,10.237936229455622,0.7239314133203504,1.3527336239999999,0.18832354858569816,0.013316485826206141,-8.633461376,15.192689732414959,1.074285393425385
R:A:ALA:557,86.48333999999998,2.380077279081501,0.16829687837865562,-4.147775,0.6190753220529792,0.043775235828890736,-75.79931,3.210690231694736,0.22703008351207551,-5.5636649999999985,2.6551494501769577,0.187747418128386,0.320554152,0.06697785352769149,0.0047360494418749975,1.2931441519999995,4.838476878968543,0.3421319811732979
R:A:ASP:558,86.722075,7.930036694705454,0.5607382721884382,-3.04885,0.7330058713953116,0.05183134223131792,-22.978845,8.929179912006198,0.6313883666214282,-125.17771,7.458003236517132,0.5273604662652482,1.066699692,0.09232801509725817,0.006528576556876519,-63.416630307999995,14.099055650153376,0.9969537858549959
R:A:ASP:559,102.861725,8.81545773680386,0.6233469944957424,-3.34203,0.9147474455279994,0.06468241218059204,-45.42226500000001,19.897222478395697,1.4069460941251,-112.57566499999999,16.364674460030514,1.157157228259788,0.9138337919999999,0.12700933203595371,0.008980915995659668,-57.564401208,27.244581514614044,1.926482833957325
R:A:LYS:560,125.770105,3.170009768750721,0.22415354039112342,-5.97117,1.2085745120181874,0.0854591233017283,-148.23048500000002,15.994857896829686,1.131007248296347,14.172044999999999,13.979067226498877,0.9884693230519979,0.8778154319999999,0.1659204644942503,0.011732348558150616,-13.381689567999997,21.51248343516766,1.5211622917170327
R:A:GLU:561,99.14369500000001,3.1949726136502328,0.22591868008173868,-4.59124,1.0395743467400491,0.0735090070127464,-31.692659999999997,8.213633817282094,0.5807916170383317,-122.575515,7.367786607236599,0.5209811872312425,1.0217817359999999,0.16680597794596422,0.011794963814804499,-58.693938263999996,11.535356476192167,0.8156728787719638
R:A:THR:562,34.555285,4.324327915847156,0.3057761593369814,-4.941330000000001,0.9982458921027424,0.07058664395974637,-48.955445,5.055629493641222,0.3574869898120419,-3.0886400000000003,2.1671465779683663,0.15324040411066528,0.5869573559999999,0.12459022637823748,0.008809859394161878,-21.843172643999996,7.068786556174898,0.49983869086315724
R:A:CYS:563,79.66047999999999,3.093647232571936,0.21875389367506123,-7.18943,0.680892161138605,0.048146346439787095,-67.77284,3.289572849839322,0.23260792693285412,-1.24377,1.8204463922620737,0.1287249988755098,0.07584368400000001,0.06370507219215235,0.004504628854304948,3.530283684000001,4.916669632222915,0.34766104377987916
R:A:PHE:564,93.63279999999999,3.5250694092457238,0.24926004834309082,-12.19257,1.2745234737343993,0.09012241910590284,-70.43233500000001,2.309416950828715,0.1633004386518144,-2.393875,1.9288000387222621,0.1363867586933387,0.232620588,0.15405083963997815,0.010893039335690994,8.846640588,4.809150894746782,0.34005832094248023
R:A:ALA:565,91.18436999999999,2.544669427076924,0.17993530077641795,-4.347155,0.7214591609890334,0.05101486650845026,-80.89874,3.1640615816383857,0.22373294004683353,-0.11532499999999998,2.122299917395041,0.15006926633016832,0.469841364,0.09610195725849659,0.006795434566278269,6.292991364,4.639021883117056,0.3280283831624858
R:A:GLU:566,101.878925,2.740816453061934,0.1938049899947754,-6.195749999999999,1.079997156246256,0.0763673312843915,-70.37136000000001,15.551497745246275,1.0996569513270944,-83.06549000000001,14.501565070705299,1.0254154999313692,0.684070524,0.09846414141949862,0.006962466210143868,-57.069604476,21.467012728703555,1.5179470272284215
R:A:GLU:567,97.50362000000001,3.0009834414071666,0.21220157416475496,-7.352985000000001,1.175617290947611,0.08312869585092142,-79.38551,15.436409444553483,1.0915189795415836,-67.45761,14.980158432002645,1.059257161051791,0.4758085079999999,0.11905215518630284,0.008418258624710793,-56.216676492,21.750632961682502,1.5380020062305337
R:A:GLY:568,88.797775,2.123634793078838,0.15016365629497372,-5.14648,0.7319146327270688,0.05175418000509717,-80.94577,1.8680656993532108,0.13209219237146455,-0.7640600000000001,1.065502781038135,0.07534242418451903,0.012808907999999999,0.014212009080926454,0.0010049407995407888,1.9542739080000007,3.1097735253032686,0.21989419476963368
R:A:LYS:569,139.18012499999998,3.410535138270092,0.24116125237457817,-6.91636,0.8489217928643369,0.060027835643141424,-145.55018,14.105423590151414,0.9974040672104761,7.837999999999999,13.167172701836943,0.9310597106523297,1.050335136,0.12572945098784416,0.008890414738836627,-4.398079864,19.61391438882664,1.3869131869951714
R:A:LYS:570,127.302205,3.4293996257326143,0.24249517307541396,-6.5159199999999995,0.9639607064605902,0.06816231523356583,-148.19675999999998,25.818855504309248,1.8256687809572687,13.126980000000001,23.879659023311028,1.6885468827805756,1.03354308,0.15614510864883088,0.011041126517469855,-13.24995192,35.34919798175808,2.4995657602406958
R:A:LEU:571,80.02007499999999,4.166934033480132,0.2946467311830813,-9.885125,1.0490988034379793,0.0741824878045688,-88.29483499999998,3.425648653580078,0.24222993929090392,-1.122,0.6880119403033642,0.048649790852582295,0.11694751199999999,0.04814177576495757,0.0034041376101763684,-19.164937488000003,5.538474004371493,0.3916292525916495
R:A:VAL:572,48.55477499999999,2.7076778970872812,0.19146174022993473,-8.194625,0.9928266285585817,0.07020344415963507,-53.48888,1.7667191218753477,0.12492590715300009,-1.81599,0.7238220775162914,0.05118194993843044,0.17661470399999998,0.08378714734317898,0.0059246460062638276,-14.768105295999998,3.4596906581817266,0.24463707252080485
R:A:ALA:573,78.640705,2.418943014619195,0.17104510089410627,-5.10513,0.5636067539517248,0.03985301576418026,-65.28428,1.6798007654480933,0.11877985122906999,-3.500135,1.0627502654786778,0.07514779194277767,0.42147961199999995,0.047182185669490305,0.0033362843438099338,5.172639611999999,3.1815613742460713,0.2249703622490588
R:A:ALA:574,98.69171,2.2779815683846087,0.1610776214422724,-5.230975,0.6368500328766578,0.04503209768459604,-84.00126,1.7578267526693299,0.12429712169636112,-3.449545,1.3797063303380905,0.09755997022280706,0.37376258399999995,0.07241756547789592,0.005120695162644103,6.383692584,3.2547759899015705,0.23014741737025582
R:A:SER:575,81.65844999999999,2.8224465074647562,0.19957710649646165,-7.3729,0.8380443246034186,0.05925868248619775,-77.060755,3.3824818972131987,0.23917758867601913,-1.07044,1.833303307257149,0.12963412005332547,0.026623764000000005,0.03206604494405108,0.0022674117825771125,-3.8190212359999998,4.844763731092916,0.342576528750244
R:A:GLN:576,21.512224999999997,3.4478042758217877,0.24379657836375598,-7.669855,1.1356684436819577,0.0803038857707085,-63.903620000000004,3.5599784810585584,0.2517284924834692,-10.116655000000002,2.73157137852464,0.19315126450498585,0.6207784919999999,0.15016218699424277,0.010618070070143145,-59.557126508,5.773610205263939,0.4082558928069986
R:A:ALA:577,95.51577499999999,2.5501891075712404,0.1803256011271694,-3.48869,0.7304094152596884,0.05164774505726266,-78.6784,3.778477935624343,0.267178737084372,-2.29174,2.6442844367427645,0.1869791456606859,0.438046164,0.09073860841723497,0.006416188532725758,11.494991164000004,5.321121271473944,0.376260093457521
R:A:ALA:578,128.89466000000002,2.6472009792231495,0.18718537635723578,-2.035615,0.6990153480253491,0.04942784927421989,-93.09891499999999,11.757428743895282,0.8313757594125986,-88.70354500000002,11.56312632413808,0.8176365035514713,1.0417859999999999,0.17283699200298527,0.012221420908519597,-53.90162899999999,16.717331998938395,1.18209388197962
L:B:UNL:579,616.07421,8.937891799294734,0.6320043900792939,-16.21893,2.857035056680264,0.20202288626663067,-328.36502,5.630367062599026,0.39812707305331535,-31.015905000000004,2.132483086914173,0.15078932515226334,6.319609055999999,0.1579386321110578,0.011167947777705637,246.79396405599996,11.149978525454125,0.7884225425432994

Receptor:
Total Energy Decomposition:
Residue,Internal,,,van der Waals,,,Electrostatic,,,Polar Solvation,,,Non-Polar Solv.,,,TOTAL,,
,Avg.,Std. Dev.,Std. Err. of Mean,Avg.,Std. Dev.,Std. Err. of Mean,Avg.,Std. Dev.,Std. Err. of Mean,Avg.,Std. Dev.,Std. Err. of Mean,Avg.,Std. Dev.,Std. Err. of Mean,Avg.,Std. Dev.,Std. Err. of Mean
R:A:SER:1,-0.8489600000000002,3.245531839067366,0.2294937571961381,-3.935715,1.375015284924135,0.09722826322050086,-203.86086500000002,13.233123564252509,0.9357231408562444,111.60785,11.501133952245754,0.813252980896781,0.451553436,0.1331936485291048,0.009418213208590763,-96.58613656400001,17.883890123640843,1.2645819980421562
R:A:GLU:2,88.65964,3.01168725972668,0.21295844841658662,-8.677925,1.1283035049910108,0.07978310596156933,45.61036,8.722653207619802,0.6167847233046552,-174.926055,8.050197546767098,0.5692349275210324,0.38661552,0.06570360533757033,0.0046459464882600615,-48.947364480000005,12.297886218204507,0.8695918739152992
R:A:VAL:3,44.542245,2.8474186248205586,0.20134290184874906,-10.02271,0.8266579981467548,0.058453547621166675,-48.80629999999999,1.718575311122559,0.12152162564745421,0.337245,0.6637141364887447,0.04693167666805651,0.001460556,0.002831592800327053,0.00020022384706702646,-13.948059444,3.4907279819212196,0.24683174272941263
R:A:ALA:4,82.79368500000001,2.1796999508590624,0.15412806162044274,-6.916214999999999,0.7434319731992969,0.052568578960011846,-72.318345,1.5465068981336618,0.10935455148220855,0.14598,0.9434259269280233,0.06671028704780095,0.072994176,0.03958523226765537,0.0027990986171303645,3.778099176,2.930373019043597,0.20720866331718232
R:A:HIS:5,112.42451499999999,3.140220879138122,0.2220471478062148,-9.694189999999999,0.7197070820132313,0.05089097581595385,-70.915685,7.02209650359314,0.49653720558370545,-13.944679999999998,5.425256458233104,0.3836235631292739,0.656679096,0.08014976843070966,0.005667444476788627,18.526639096,9.440796384968246,0.667565114361249
R:A:ARG:6,-191.89133,4.013492435659995,0.28379677174960954,-11.342035000000001,1.945717904469967,0.13758303245267928,-136.842725,10.945355755267848,0.77395352770491,155.42752000000002,9.00962174287023,0.63707646303093,0.118639404,0.050431322955036426,0.003566033044571505,-184.529930596,14.861715229817353,1.050881961906724
R:A:PHE:7,105.126335,3.079935287108318,0.21778431271300278,-13.473955,0.9591571784514776,0.06782265451067952,-81.78137999999998,1.6099022130551903,0.1138372771898555,-1.74024,0.8254726539383361,0.058369731128385366,0.130324464,0.03803196846598272,0.0026892662804169315,8.261084464,3.6987322874703157,0.2615398682263891
R:A:LYS:8,121.33335,3.0656276416910133,0.2167726094032639,-6.345785000000001,0.9350784078220392,0.06612002831120839,-217.67286000000001,13.132103688685984,0.9285799569514733,86.67431,12.50971667440554,0.8845705491194583,1.0071192599999998,0.09968059492412953,0.007048482462356134,-15.003865740000002,18.41813072088423,1.3023585129517512
R:A:ASP:9,76.5493,3.358079381134401,0.23745207021628598,-5.79271,0.936387449670274,0.06621259154798277,-0.6303650000000005,16.373480335034913,1.1577798976527771,-135.18963,15.614085004671264,1.1040825388826236,0.39900661200000004,0.0825492954066687,0.005837116656422695,-64.664398388,22.892156774470752,1.6187199291213832
R:A:LEU:10,69.70012,3.278026010513034,0.23179144209396513,-9.68775,1.016714663757733,0.07189258332748935,-77.2573,2.096288281701732,0.14822996593131904,1.20094,1.0712262909395007,0.07574713745086344,0.052533756,0.031071881040626814,0.002197113778804894,-15.991456243999998,4.161980180309776,0.29429644086610524
R:A:GLY:11,81.70724,1.9050785869354574,0.13470939875153476,-3.87418,0.49497655257597806,0.03500012768548137,-82.84685499999999,1.6469013583014012,0.11645351184002567,-2.068795,0.9027274079006353,0.06383246716894937,0.19494972,0.02830674344519341,0.0020015890243404114,-6.88764028,2.720722025248899,0.19238409937770934
R:A:GLU:12,93.414355,2.8668760470196473,0.2027187493668876,-6.437,1.1695455442179241,0.08269935852230052,-41.11884,10.405776465233146,0.735799510207774,-103.50133,9.53818519326921,0.6744515430373779,0.448974936,0.07607169357612531,0.005379081038402333,-57.193840064,14.451635290756494,1.021884931332874
R:A:GLU:13,92.22246999999999,2.69359540374942,0.1904659575764131,-5.827155,0.9696769209252121,0.0685665126346309,-33.55147,15.735880560334081,1.1126947852153797,-107.363895,14.642319401446446,1.0353683341062132,0.855573408,0.13613511029590541,0.00962620596478133,-53.664476592,21.684780763507973,1.5333455526420088
R:A:ASN:14,16.88383,3.6397990138330436,0.25737265648374535,-8.287035000000001,0.7967903198301294,0.05634158383356825,-82.93220000000001,3.322833500192268,0.2349598100739784,-3.06567,2.5578921050544725,0.18087028530275504,0.30246066,0.08731797308626672,0.0061743130888763645,-77.09861434,5.610229103557081,0.3967031043135337
R:A:PHE:15,113.18031500000001,2.9396941211246794,0.20786776476614888,-14.824605000000002,0.9462491421264275,0.066909918508955,-86.97708999999999,1.290916717646805,0.09128159649951355,-0.34342500000000004,0.5222102396305534,0.03692584016478162,0.001692216,0.003925202275927191,0.00027755371468369866,11.036887216,3.3876797189577865,0.23954513017631882
R:A:LYS:16,120.398685,3.4137220135469435,0.2413865984864839,-9.76731,1.122780011355742,0.07939253598103539,-186.41269499999999,12.880180034144514,0.9107662645047163,60.758445,11.057076001229936,0.7818533420564722,0.4067721,0.1050670522282585,0.007429362510988274,-14.616102900000001,17.35174744612452,1.2269538284591006
R:A:ALA:17,86.7471,2.2769061157632304,0.16100157545813024,-6.997165,0.5405432524553424,0.03822217993358045,-77.61576,1.3730754685741062,0.09709109749096467,0.164615,0.6888176295471828,0.04870676168536561,0.08722987199999999,0.03872873436630245,0.0027385350697184947,2.3860198719999994,2.799606106547065,0.19796204625906977
R:A:LEU:18,80.98757499999999,3.0403485876417196,0.2149851103492402,-11.85578,0.86973551244042,0.061499587868537785,-84.601115,1.53773423314141,0.10873423039169863,0.258395,0.551606516436309,0.039004470831880286,0.006822144,0.009643043890145062,0.0006818661726001079,-15.204102856000002,3.559374763216212,0.25168580318544453
R:A:VAL:19,53.89616,3.252369143316914,0.2299772276161272,-9.838424999999999,0.86753016914399,0.06134364654856279,-57.690405,2.209574565606465,0.15624051588776514,-0.28667000000000004,0.4408065234317659,0.03116972819098684,0.02639952,0.01730155141566212,0.0012234044331062397,-13.892940480000002,4.050597873713383,0.2864205224362544
R:A:LEU:20,73.788315,3.2911433979355866,0.23271898145375894,-11.493715,0.8812514758994733,0.06231388945391709,-75.26333000000001,1.2393546107147864,0.08763560495312392,-1.941465,0.6245547043894554,0.04416268666957435,0.01890378,0.017202552623038245,0.0012164041613468774,-14.891291219999998,3.678939166015354,0.26014028318622384
R:A:ILE:21,77.957365,3.006905655615919,0.21262033794741977,-11.431064999999998,1.0766980592417728,0.07613404989802526,-65.873025,1.280221646581169,0.09052534077193523,-0.24036,0.549602702322323,0.03886277977705661,0.000307908,0.0015929732706910053,0.00011264022019545236,0.4132229080000009,3.4845076359349316,0.24639189784658955
R:A:ALA:22,87.89563999999999,2.0011523831032956,0.141502842027996,-7.573615,0.6715562722326403,0.047486199404405904,-76.78286,1.5077001825296699,0.1066105023062925,0.40307000000000004,0.6089999220853809,0.04306279746486519,0.03464334,0.010970725704036174,0.0007757474539861539,3.9768783400000003,2.6645374438159943,0.1884112495247759
R:A:PHE:23,97.17084500000001,2.962006570042511,0.2094454931596166,-15.348315,0.8880950375804382,0.06279780234112496,-76.510315,1.3324144984857376,0.09421593272305379,-1.48012,0.4658118779078095,0.032937873762585224,0.000340992,0.0016964158098579489,0.00011995471228626244,3.832435992,3.3991922122692024,0.24035918638520554
R:A:ALA:24,89.88357499999998,2.1022745930004003,0.14865326206267723,-8.999575,0.5613967619919089,0.039696745734064905,-76.59809,1.0850990424380622,0.0767280891166983,-0.38329500000000005,0.581881128732493,0.04114520919712282,4.5792000000000005e-05,0.00031607101217289764,2.2349595604395172e-05,3.902660792,2.500150089199823,0.17678730820573466
R:A:GLN:25,32.930295,2.7980803272913732,0.1978541573732404,-13.122779999999999,0.8845768601992706,0.06254902963276089,-76.068615,1.6666139855332431,0.11784740507908947,-5.40107,0.8605477878072779,0.06084991762936084,0.018377964,0.010260074879663598,0.0007254968522891881,-61.643792035999994,3.482812036356044,0.2462720008505487
R:A:TYR:26,85.818325,3.2503038949265965,0.2298311925019644,-14.11493,1.128164143686547,0.0797732516292272,-79.889825,1.8424079527550354,0.13027791571051098,-3.14195,0.7836978164445784,0.05541580404090515,0.019855044,0.016498802025009696,0.0011666414793338699,-11.308524956,3.9807224578985996,0.28147958440016807
R:A:LEU:27,69.59965,3.126831059955111,0.2211003446118979,-10.240800000000002,1.2849561587851936,0.09086012134044286,-73.379435,2.0664596816233796,0.14612076539244856,0.8847849999999999,0.8287331891356832,0.05860028578321952,0.022829760000000004,0.035457426853239084,0.002507218697135134,-13.11297024,4.0480237587209205,0.2862385050195819
R:A:GLN:28,29.767735000000002,2.871481012435046,0.2030443695941234,-10.5421,1.0047981140507778,0.07104995601687589,-80.548945,2.8775388862663527,0.20347272596069235,-4.0618799999999995,1.074430409845142,0.07597370287145414,0.101593476,0.0268722850557191,0.0019001574988876896,-65.283596524,4.323236671991728,0.3056989967439712
R:A:GLN:29,27.31058,2.9926849372428097,0.2116147813079228,-6.85116,1.1681553168992556,0.0826010546058584,-69.89280500000001,3.8663210274077087,0.273390181672413,-8.35857,3.64874527270677,0.2580052525153316,0.660796164,0.15407536731156576,0.010894773703981626,-57.131158836,6.213394366116415,0.43935332904672064
R:A:CYS:30,98.11448,4.67089556397914,0.3302821927503813,-7.459455,1.1904782895857446,0.08417952714214424,-75.26211,4.978232445145565,0.3520141920285316,1.2607049999999997,1.0203025815781317,0.07214628742960374,0.040687308,0.05315250063055487,0.003758449363288759,16.694307308,7.0043661206259955,0.4952834781807952
R:A:PRO:31,82.182955,2.554707011180539,0.1806450651550576,-6.981775,0.8973951383727238,0.06345541877471932,-55.87871,2.144128668223994,0.15161279210376674,-4.539965,1.2287106143331716,0.08688296075108744,0.471007476,0.07922869144637329,0.005602314498626717,15.253512476000001,3.666761602909754,0.25927919944119415
R:A:PHE:32,92.58256999999999,2.9422307973882678,0.2080471348649147,-12.26587,1.0125743889216239,0.07159982168623047,-68.92988,1.6757752968700785,0.11849520761617323,-5.449615000000001,1.1244327577827855,0.07950940280164982,0.216138708,0.08766617215635879,0.0061989344812428595,6.1533437079999995,3.709755542932115,0.2623193300951681
R:A:GLU:33,94.52670999999998,2.8427041766423744,0.2010095400211144,-5.358734999999999,0.9124345098553649,0.06451886293073522,-30.53504,13.52132408377227,0.9561019950256354,-115.65185000000001,13.684394489618455,0.9676328140041034,0.9281131919999999,0.09294576505877788,0.006572258075563351,-56.090801807999995,19.468204853345295,1.3766099669329313
R:A:ASP:34,89.11983500000001,6.453544853626958,0.45633453286911674,-7.189525,0.8859348618126505,0.0626450548477292,-26.187965,12.71202520386799,0.8988759224269359,-118.51002,10.347225658581145,0.7316593429650168,0.36386848800000005,0.10510195757582566,0.007431830691784715,-62.403806512,17.638164070900668,1.2472065422214782
R:A:HIS:35,120.18765499999999,2.738779676420686,0.19366096813729655,-13.39741,1.0017621583489766,0.07083528153046334,-91.964985,2.2297284755716333,0.1576656125281445,-7.05037,1.771953027904521,0.12529600019753223,0.00512478,0.009749625131808914,0.000689402604472887,7.780014780000001,4.076278106427505,0.2882363891057148
R:A:VAL:36,64.03809,2.789360568642928,0.19723757732617786,-7.364065,0.7641065702995884,0.05403049374080343,-62.830749999999995,1.9167160242195502,0.13553228983345628,-2.6554149999999996,0.9199951971477894,0.06505348425622566,0.40605606,0.08504622401655937,0.006013676171641935,-8.40608394,3.590517452007366,0.2538879238283053
R:A:LYS:37,121.12255,3.8026281303198712,0.2688864137279903,-6.5975649999999995,1.0155261718808628,0.07180854426093734,-185.020835,12.501161155579707,0.8839655825816267,58.954865,11.241278106015125,0.7948783977967164,1.00702314,0.10331502978301463,0.007305475815805976,-10.53396186,17.26694274598732,1.2209572306047498
R:A:LEU:38,75.41387,3.0928732601094406,0.218699165557393,-11.250535,0.9480901163787122,0.06704009504673304,-80.44203000000002,1.771859291563526,0.12528937203729612,-1.9188800000000001,0.6400589782199763,0.045259004385867795,0.0598905,0.036516594014047915,0.002582113125316937,-18.1376845,3.7436925859655448,0.26471904142140384
R:A:VAL:39,48.8283,2.8126203174264384,0.19888228993552942,-9.202415,1.1064567830579737,0.07823830943901458,-54.400679999999994,1.7989311514340953,0.12720364160667727,-2.22893,0.6010885334956907,0.04250337781282801,0.051735708000000005,0.027376310271903626,0.001935797463712999,-16.951989292,3.568373556375384,0.25232211395197907
R:A:ASN:40,21.231165,7.244281588106235,0.512248063577477,-7.30018,0.857151957123123,0.06060979613890811,-84.373585,7.773659884042715,0.5496807618644434,-9.350855000000001,3.869427064046433,0.2736098116293986,0.564077268,0.08134885456392472,0.005752232670390939,-79.22937773199999,11.341216717718776,0.8019451248005185
R:A:GLU:41,110.40996999999999,3.09011867718701,0.21850438713101386,-7.650999999999999,1.0106077478428512,0.07146075916193446,-23.678665000000002,14.216006289840161,1.005223444893659,-134.226055,13.398745142063678,0.9474343549343538,0.5818907159999999,0.09806646738331376,0.006934346409375054,-54.563859284,19.80406485310213,1.4003588552686683
R:A:VAL:42,60.290229999999994,2.963154118013439,0.20952663705481459,-10.026595,0.801145904923067,0.05664957020909338,-63.15864500000001,2.393094565405847,0.16921733952191484,-2.10772,0.5616123499354337,0.03971199010374575,0.016858764,0.016371410806460877,0.001157633559883921,-14.985871236000001,3.9325176594316513,0.27807099041199707
R:A:THR:43,36.423795,2.9781822514706855,0.21058928656243414,-9.184379999999999,0.9610780122341787,0.06795847797000754,-52.517579999999995,2.280217643910335,0.16123573585902104,0.05767000000000002,0.9763424353678376,0.06903783568087864,0.021476483999999997,0.018755356592231032,0.001326203982993838,-25.199018516000002,3.993273004275553,0.28236704204524204
R:A:GLU:44,88.84494,3.0396270357397475,0.21493408892495397,-6.386965,1.0457500723284698,0.07394569675697836,-5.47005,13.75752484560722,0.9728039110671275,-134.98318,13.736214807493365,0.9712970638213625,0.6846117839999999,0.14208430852984627,0.010046877806165592,-57.31064321600001,19.70548656582743,1.3933883177276989
R:A:PHE:45,92.733315,3.0502817485889726,0.2156874908956822,-11.496370000000002,0.8542668921947052,0.060405791241403335,-69.058645,1.6951668970856533,0.11986640081722237,-3.82262,0.6522417692849792,0.04612045780345204,0.41056272,0.0712002375364577,0.00503461707841222,8.76624272,3.652132291863926,0.25824475093673493
R:A:ALA:46,100.48217000000001,2.036120183363448,0.14397543889670905,-8.204785,0.6246220847640596,0.0441674511815545,-80.70867,1.4208024708241462,0.10046590618463556,-2.215125,0.6239162839476142,0.04411754352720695,0.0004898519999999999,0.0016698250458344428,0.0001180744613304672,9.354079852000002,2.6351265868389855,0.18633158788388082
R:A:LYS:47,140.56447,3.287926075674452,0.23249148241494785,-7.91537,1.1860371044364508,0.08386548792858718,-226.653135,13.83376335805897,0.9781947879813483,77.021085,12.140623498312392,0.8584717203489437,0.6763001040000001,0.11728017894699336,0.008292960983219076,-16.306649896,18.734957809056414,1.3247615712027654
R:A:THR:48,41.32779000000001,3.440545251250156,0.24328328781381592,-5.54627,0.9491408573546921,0.06711439365367164,-59.011039999999994,3.750743026174947,0.26521758282964575,-3.5491,1.136179004382672,0.08033998786407674,0.5434885079999999,0.06354234019341384,0.004493121964322545,-26.235131491999997,5.301059667688834,0.3748415238497281
R:A:CYS:49,89.32833000000001,2.1855727055167944,0.15454332808471546,-8.543285,0.6476162627474699,0.045793385099542484,-74.12427,1.3441070817088938,0.09504272321172197,-3.5521399999999996,0.9273297905276203,0.06557211832783809,0.017286192,0.017412642240990768,0.0012312597406979892,3.1259211919999994,2.804104574099335,0.19828013595018554
R:A:VAL:50,47.439080000000004,3.111071680884258,0.21998598823106894,-5.9754700000000005,1.024383589823656,0.0724348582900526,-49.11486000000001,1.7476858242830717,0.12358004977341609,-4.401565,1.1072820037257898,0.07829666135203339,0.534179412,0.07352999444895841,0.005199355769546769,-11.518635588,3.8747921981647817,0.27398918390110455
R:A:ALA:51,80.42108,2.255054232962036,0.15945641400708843,-3.1357299999999997,0.5007420364818597,0.03540780896214845,-68.30434,1.2785125124143295,0.09040448673600224,-3.6920849999999996,0.788727556114911,0.05577146034375467,0.673456896,0.037213780096351186,0.0026314116259714897,5.962381896,2.7557362806161367,0.1948599811185465
R:A:ASP:52,110.42587999999999,3.274292357991265,0.23152743299229142,-3.744565,1.2558981789042454,0.08880541187830278,-22.164679999999997,5.21225082642806,0.36856179046124676,-150.51251,4.501827944279967,0.3183273067135459,0.568855224,0.07088357439099854,0.005012225612661617,-65.427019776,7.7289914400258874,0.5465222258975084
R:A:GLU:53,99.635415,2.970620218536021,0.2100545700856684,-4.75117,1.40796252474986,0.09955798489071582,10.708345,6.605113344672822,0.467052043652391,-159.77723,6.528300752653787,0.46162057318267347,0.753408756,0.1932964950806539,0.013668126245112251,-53.431231244,9.853453176524486,0.6967443559224591
R:A:SER:54,70.09765499999999,3.7939604618360216,0.26827351701178964,-2.0171249999999996,0.9294911077439095,0.06572494653383143,-69.8404,3.486869029659703,0.2465588735981733,-4.05875,1.6639557408476946,0.11765943879476903,0.7462096919999999,0.04266538184570175,0.003016898082500912,-5.072410308000001,5.494261950222071,0.38850298826172514
R:A:ALA:55,90.08470000000001,2.3880122864005537,0.16885796812706233,-3.90437,0.7134654393171402,0.050449625028338906,-74.432275,2.559891829623861,0.18101168718310703,-4.96072,1.5479991058136953,0.10946006649915759,0.34198974,0.05652594256960249,0.003996987730392726,7.129324740000002,3.894120979920678,0.2753559351662715
R:A:GLU:56,94.99444,2.783042905957434,0.19679085111356165,-4.36617,0.9463383068966404,0.06691622341032105,12.035755,9.822931203819712,0.6945861265349854,-156.437845,9.22231193090838,0.6521159304562918,1.038883428,0.0908916837854774,0.006427012595817444,-52.73493657200001,13.790944858552345,0.9751670628452116
R:A:ASN:57,15.30932,4.889465011389283,0.34573738659277214,-6.953469999999999,1.0861634771524957,0.07680335601716894,-72.12877999999999,4.721146665970037,0.33383548224836734,-10.543980000000001,2.664201597026772,0.188387501570566,0.44722468800000004,0.14653232459527918,0.010361400038435022,-73.869685312,7.38209231248508,0.5219927533503281
R:A:CYS:58,87.46265500000001,2.1821351713344894,0.1543002577116286,-8.08529,0.7392858756259313,0.05227540558905305,-82.317115,1.7430600166876071,0.12325295578149437,0.613555,0.9491070735038276,0.06711200477466756,0.019883375999999998,0.017322232811304204,0.0012248668286165315,-2.306311624,3.0409899753821237,0.21503046331130118
R:A:ASP:59,111.448155,3.1352166114919395,0.22169329264746598,-5.25715,1.2704087836204534,0.0898314665776976,-2.8662400000000003,8.821698149585487,0.6237882583152715,-162.878985,8.043233895316922,0.5687425230048084,0.61957728,0.06816251827474686,0.004819817889482547,-58.93464272,12.408228622351684,0.8773942601377888
R:A:LYS:60,137.176865,3.507579683595941,0.24802333798228546,-7.726240000000001,1.0696910639993213,0.07563858051285732,-229.68177,12.25252032265607,0.8663840206776092,86.72085000000001,11.100851072215137,0.784948707010528,0.739650564,0.12341733506757753,0.008726923454225636,-12.770644436000003,16.93563505843138,1.197530239351746
R:A:SER:61,72.260175,5.901894453001934,0.4173269589564937,-5.4014549999999995,0.9604577700112588,0.06791462022182705,-71.687875,7.329069765623397,0.5182434931061605,-0.2266499999999999,3.1764995273886,0.22461243562523422,0.315275004,0.06689440301506834,0.004730148599538065,-4.740529995999999,9.978212515294498,0.7055661733685216
R:A:LEU:62,66.76440499999998,3.149775874721089,0.2227227880233071,-9.734855,1.108796371736037,0.07840374334095916,-71.09287,1.8031103718574746,0.12749915711682175,2.385025,1.0868593811413692,0.07685256386012765,0.030030371999999996,0.018946656412296498,0.0013397309229946437,-11.648264627999998,3.9475747945053814,0.2791356906435847
R:A:HIS:63,121.92318999999999,3.0276421971395493,0.2140866328603913,-11.21164,0.9740157906317536,0.06887331705384894,-102.91951,2.097099256091614,0.14828731048036445,-1.136915,1.318291556437725,0.09321728991380836,0.173137644,0.047456936731429096,0.0033557121777134462,6.8282626440000005,4.031537437854066,0.2850727460914049
R:A:THR:64,38.407505,4.3886487419221645,0.3103243285658973,-7.56612,0.9078022392569871,0.06419131193549482,-48.10005999999999,3.6915618911783126,0.26103284464220206,-2.819765,2.034600926416529,0.14386801120775594,0.23811929999999998,0.08727181320647119,0.006171049092474147,-19.8403207,6.152982137234785,0.43508153937584126
R:A:LEU:65,67.74034,3.2165109271382866,0.22744166883401115,-10.23194,1.018346280201386,0.0720079560326496,-70.73318,1.7156378777585903,0.12131391774235963,-0.023354999999999963,0.8892894573618872,0.06288226057382956,0.11639804399999999,0.07911564214112696,0.005594320705591906,-13.131736956,3.888891878441262,0.27498618185471074
R:A:PHE:66,100.78270499999999,3.1224664798801287,0.22079172219509274,-13.958490000000001,0.7859421161256088,0.0555744999932523,-82.700605,1.2809276751538317,0.09057526453107935,0.549905,0.6206070624598145,0.0438835462317598,0.072368136,0.027465312289779338,0.0019420908567509192,4.745883136,3.5205376160757287,0.24893960217494698
R:A:GLY:67,75.644245,1.9519817609227297,0.13802595399009202,-5.3049800000000005,0.8023328234591925,0.05673349802365441,-78.70251,2.3624792697291546,0.1670525112038128,1.9054999999999997,1.187398265115795,0.08396173652325206,0.028148292000000002,0.017549242691020487,0.0012409188511509042,-6.429596707999999,3.3831201087744476,0.2392227170482982
R:A:ASP:68,111.14665000000001,2.979319490672325,0.21066970151756517,-7.620085,0.7579403194018642,0.05359447395837559,-22.515634999999996,8.408104927495552,0.5945428011160129,-141.573035,8.00608327547091,0.5661155774829687,0.500072436,0.0763951840301488,0.005401955267771246,-60.062032564,12.010422651387753,0.8492651301712794
R:A:LYS:69,127.41235499999999,3.6672545751522354,0.2593140578427537,-9.500440000000001,1.4562751616367011,0.1029742042066847,-218.16497499999997,9.602255807068202,0.678982019586583,87.908785,8.883729319873213,0.6281745244308105,0.30634970399999994,0.07854080241824107,0.005553673398977105,-12.037925296,13.66380713184175,0.9661770679750412
R:A:LEU:70,65.256265,4.231795175191611,0.2992331064970502,-11.278505000000001,1.0866446245093193,0.07683737827304493,-76.379245,3.081925895438597,0.21792506997790545,0.57931,0.6029298333139603,0.04263357737159761,0.005385852,0.005915399737811131,0.00041828192680353756,-21.816789148,5.380586728747996,0.3804649362660051
R:A:CYS:71,98.57165499999999,2.098774875010419,0.1484057946303816,-7.57369,0.6246386186428118,0.044168620303333,-90.87668000000002,1.763712563769959,0.12471331139056492,-0.641385,0.9180180863005913,0.06491368140750453,0.146519964,0.03865432451338277,0.002733273498559835,-0.3735800359999997,2.9580335953219983,0.20916456142298087
R:A:THR:72,46.463445,2.9089912799757585,0.20569674604833935,-5.205335,0.7846785346720018,0.05548515129180959,-55.90940500000001,2.3786199740553347,0.16819383135202967,-4.33431,0.7994269346850905,0.05652802065790027,0.59003766,0.05358823169686046,0.0037892602024645916,-18.39556734,3.921446005391557,0.27728810624692685
R:A:VAL:73,41.127155,2.859768538007053,0.2022161725848726,-7.40298,1.0434474781224017,0.07378287875923518,-44.156639999999996,1.828109143459438,0.12926683720892995,-0.636015,0.630545941843257,0.04458633113270254,0.233308692,0.07595310122503449,0.005370695292837015,-10.835171308,3.607270273951717,0.2550725272283914
R:A:ALA:74,91.678865,2.1498672812001676,0.15201857331877247,-7.762125000000001,0.5885446112020737,0.04161638856117864,-79.56235,1.1338825104480625,0.08017760122066513,-1.2519900000000002,0.46452247512902967,0.032846699217729626,0.00011887200000000001,0.0007851863236302578,5.552105739338904e-05,3.102518871999999,2.5435772801445533,0.17985807432622483
R:A:THR:75,42.21278,4.062084200456707,0.28723272838936725,-6.407745,0.6117732831490764,0.043258903706346975,-52.455070000000006,3.2073638326669456,0.2267948715811272,-3.0670500000000005,1.2125300604521112,0.08573882281382222,0.513769104,0.04970751344096367,0.0035148519830026865,-19.203315896,5.351137948237504,0.37838259302634075
R:A:LEU:76,76.959585,4.261364624480637,0.30132398230787244,-6.516865,0.9908074064998706,0.07006066359859146,-74.422765,2.833793141669836,0.20037943469546715,-1.3413049999999997,0.863241062493554,0.06104036090878723,0.687792996,0.07546155577610618,0.005335937780817156,-4.633557004,5.284145240973241,0.3736454932666802
R:A:ARG:77,-192.190265,3.7967322166272135,0.26846950967265343,-6.53088,1.1040771646945697,0.0780700450108747,-54.615635000000005,7.496935529386324,0.5301133950947429,74.2483,5.74927035631479,0.40653480558249866,0.971334252,0.055807666422975404,0.00394619793698827,-178.117145748,10.241846921712,0.7242079410217123
R:A:GLU:78,100.51749,2.8494688118840665,0.20148787196627982,-3.97964,0.840712299422341,0.059447336794847254,-23.06879,5.664397024035303,0.40053335470282614,-135.252845,5.785433728855167,0.4090919421778862,1.202196528,0.09063943082075271,0.006409175617624319,-60.581588472,8.62502882682687,0.6098816371378732
R:A:THR:79,37.0133,3.7173811023353522,0.26285853857160507,-5.280065,0.7680434888565882,0.054308875921666805,-45.05254999999999,2.9197645551482396,0.20645853164134434,-6.007845,1.309096371920341,0.09256709218115798,0.620599752,0.0849259084735824,0.00600516857800982,-18.706560248000002,4.96535837973253,0.351103858133032
R:A:TYR:80,79.641345,3.301874775937906,0.23347780446945054,-13.22739,1.3552891307392678,0.09583341348141576,-74.63002,1.8439880421521178,0.13038964490326677,-5.553730000000001,1.2701272405156894,0.08981155847384009,0.17425681199999998,0.07807190482016854,0.005520517331849188,-13.595538188,4.214118649598899,0.2979831873856078
R:A:GLY:81,79.64456,1.919344861248233,0.13571817668241787,-4.05806,0.5912958366164943,0.0418109295758896,-79.79689499999999,1.9869032749419384,0.1404952779273204,-0.878255,1.3434084784513607,0.0949933245016459,0.18555335999999997,0.033955630730092466,0.00240102567487147,-4.90309664,3.1284500014557173,0.2212148210632402
R:A:GLU:82,93.684645,2.727039570482064,0.19283081728519172,-6.0418449999999995,0.8358843167418564,0.05910594686556506,-4.4371599999999995,7.288490407786786,0.5153740991959141,-138.874175,6.955169525207492,0.49180475355762376,0.874283004,0.07597809611489868,0.005372462698448814,-54.794251996,10.470802052842668,0.7403975136027072
R:A:MET:83,84.372585,2.9715306363514076,0.2101189463467657,-11.76044,0.9824197760631654,0.06946756856260337,-71.84145,1.6386907327192637,0.11587293293733436,-0.404795,0.8259386254286695,0.058402680288450796,0.044564292,0.04009014873747834,0.002834801603104824,0.4104642920000006,3.6282546891964174,0.2565563494602676
R:A:ALA:84,87.60859,2.2312846797080828,0.1577756527779239,-7.3698749999999995,0.5312307496512227,0.037563686545319275,-76.173985,1.5623886887631389,0.11047756366735736,-1.31046,0.8873731111544907,0.06274675443399444,0.09273963599999999,0.02944697778468113,0.0020822157676997645,2.847009636,2.91379374852625,0.2060363318561881
R:A:ASP:85,83.88381,2.8099998369928776,0.1986969939870757,-5.68484,0.9725038068820092,0.06876640365760013,-35.898540000000004,6.912874713055344,0.4888140587094443,-111.04438999999998,5.948652406881747,0.42063324558277604,0.45509875199999994,0.05436234280300377,0.0038439981237191672,-68.288861248,9.592659707240482,0.6783034728604707
R:A:CYS:86,87.85936,2.3691799552587813,0.16752632122147254,-9.04387,0.758618351412619,0.053642418061642216,-78.54593000000001,1.3565043070701985,0.0959193394238096,0.4832449999999999,0.5657705055718264,0.04000601610851798,0.0029074319999999997,0.007045846402681228,0.0004982165770534738,0.7557124319999999,2.8894230059869277,0.2043130601249775
R:A:CYS:87,84.28674500000001,2.358530898668703,0.16677331920866417,-7.951624999999999,0.6470997793037794,0.04575686420500207,-73.25145,1.584749670294965,0.11205872383487152,-2.27536,0.94449982551613,0.06678622314519664,0.130233276,0.03684120314622507,0.0026050664571766915,0.9385432759999993,3.0637027983306844,0.21663650242398286
R:A:ALA:88,100.50975,2.2670649345574554,0.16030569886158133,-3.8793100000000003,0.4266172100372886,0.03016639221882524,-80.58046,1.5760372737978,0.11144266437051838,-3.437825,0.9079017537019081,0.06419834866937778,0.6472288079999999,0.042148075607789444,0.002980319007623123,13.259383808000003,2.937948468651627,0.20774432849601981
R:A:LYS:89,133.07751,3.606572611205824,0.2550231950225312,-7.72196,1.0895089987696294,0.07703992011937708,-202.66626499999998,8.517669557148539,0.6022901903765948,62.91648,8.137613989346018,0.5754162034545083,0.7270937639999999,0.0874458666845558,0.00618335653193842,-13.667141235999999,12.368245581418376,0.8745670322001486
R:A:GLN:90,30.45339,2.9239884708904036,0.20675720758778882,-5.449615,0.7459520472356115,0.052746775104028865,-79.16432,3.950844389190746,0.27936688590096,-11.595440000000002,3.0720772347712875,0.21722866450355946,0.9925313759999999,0.08110701384122723,0.005735131948892295,-64.763453624,5.844618148892984,0.4132769126528195
R:A:GLU:91,102.97974500000001,2.890259744378522,0.204372226464055,-6.3665899999999995,1.6315721258651117,0.11536957141941717,-0.8001100000000002,10.44045590421702,0.7382517168550982,-137.42061,9.288102642515318,0.6567680362879272,0.43182622800000003,0.12756423586828095,0.009020153621934167,-41.175738772,14.36328206963672,1.0156374151535272
R:A:PRO:92,78.521485,2.548992650004115,0.18024099880125777,-4.815375,0.8310027102091786,0.05876076515733096,-54.44919,2.166609988876632,0.15320246153211767,-5.613950000000001,1.5518219541880443,0.1097303827000526,0.783562608,0.09184038863817562,0.006494096159286193,14.426532608,3.7813640280373977,0.2673828146360122
R:A:GLU:93,102.596285,2.9855552588714547,0.21111063691551638,-6.78099,0.9287064013454414,0.0656694594122717,-9.18904,10.110649353449066,0.7149308720023216,-137.067245,9.657821020032157,0.6829110734750717,0.6695946720000001,0.11182092299533757,0.007906933292854194,-49.771395328,14.327849695815125,1.0131319679732487
R:A:ARG:94,-197.001435,4.361923226717201,0.3084345492626839,-13.526860000000001,1.3003613383979085,0.0919494320373976,-59.843624999999996,10.897039035186348,0.770537019663478,95.21865,9.864338108433834,0.6975140368390446,0.24488384400000002,0.10172150832302705,0.007192796832773626,-174.90838615599998,15.387601735270687,1.0880677533207788
R:A:ASN:95,30.12868,3.124309720178203,0.2209220589665052,-8.575054999999999,1.2447137550356708,0.0880145536821894,-105.67326999999999,3.910519962498593,0.27651551834481186,-0.728305,1.801552322852434,0.12738898641513324,0.143680104,0.07573183933087313,0.0053550497142590475,-84.704269896,5.463892021273703,0.3863555099913707
R:A:GLU:96,98.346535,2.9545426462948536,0.20891771404999382,-6.861025,1.0136495767152474,0.07167584894422249,-2.7929899999999996,8.364563127258949,0.5914639308947757,-145.909285,8.264220360915782,0.5843686258423487,0.841226652,0.12528025973430487,0.008858652120693896,-56.375538348,12.166994589474596,0.8603364380877521
R:A:CYS:97,84.33293499999999,2.332768936430481,0.16495167338913233,-7.365045,0.7666561634624742,0.05421077720227777,-73.0076,2.492643873480526,0.17625653860211823,-1.508475,1.5027833640864543,0.10626283073998642,0.155665116,0.0542892712821322,0.003838831186927177,2.607480115999999,3.8084315968783455,0.269296780783779
R:A:PHE:98,101.021315,3.1438715043358556,0.22230528598950358,-14.824030000000002,0.977429465025482,0.06911470028510577,-75.155435,1.293429822516475,0.09145929984903121,-1.3405099999999999,0.6892071313473186,0.048734303621781654,0.010148112,0.010944481675084298,0.0007738917209024012,9.711488112,3.6038012365041903,0.2548272292380578
R:A:LEU:99,67.87632,2.8349850277558786,0.20046371376885144,-9.741800000000001,0.9680011621893849,0.06844801859805731,-71.77922000000001,1.8782322331383838,0.13281107486953037,-0.8109049999999999,1.1117664844629018,0.07861376202596462,0.21313965599999998,0.0676586548525114,0.004784189365217091,-14.242465343999998,3.707091189700012,0.2621309318713784
R:A:GLN:100,29.1424,3.1498661257266156,0.2227291697331088,-5.702255,0.7883327533313582,0.055743543571206526,-70.29394,2.9971182569928736,0.21192826435376666,-13.293735,2.340906848803472,0.1655271106914967,1.120405464,0.07105071376702633,0.005024044151280871,-59.027124535999995,5.00107349126933,0.35362929788888253
R:A:HIS:101,108.56271000000001,3.0594692833725268,0.21633714771046605,-9.42891,0.8570460558803126,0.06060230779021537,-74.69561,3.133603143012848,0.22157920319718635,-7.695949999999999,2.083019771269586,0.14729174056103755,0.44133728400000005,0.06444857160148193,0.004557202201719462,17.183577284000002,4.925187700137069,0.3482633621383498
R:A:LYS:102,123.22220500000002,3.3700621779093334,0.23829938190199948,-11.232975000000001,0.9150196524528857,0.06470166011683934,-185.86851,6.9855593913372465,0.4939536415995938,63.26537499999999,6.841476394344644,0.4837654351768788,0.14901004799999998,0.033859464943925145,0.0023942257269197655,-10.464894952,10.382656970881358,0.7341647150843986
R:A:ASP:103,94.91107,2.669755772556733,0.1887802410886796,-6.40579,1.1820226968633047,0.08358162644684536,-77.05077,10.975786368962364,0.7761052970348161,-84.17775999999999,9.502427504716886,0.6719230926318873,0.271865196,0.08079052272553745,0.00571275264748334,-72.451384804,14.808623013267043,1.047127775271629
R:A:ASP:104,74.18349,3.9646290419029113,0.28034160804186736,-6.658544999999999,1.1739586099922774,0.08301140939578727,-54.71816499999999,9.870760518712578,0.6979681698250106,-75.93338,8.408314421190491,0.5945576145572437,0.19604718000000002,0.08103328176549436,0.005729918303818127,-62.930552819999996,13.610095270570433,0.9623790658415312
R:A:ASN:105,27.995715,2.7607698842487762,0.19521591064479094,-5.646590000000001,0.9872989678410486,0.06981257952188846,-81.838935,3.9220218728068055,0.2773288262223655,-6.0210300000000005,2.8339634593798135,0.2003914779762353,0.49158032399999996,0.2001240590535876,0.014150907923536888,-65.019259676,5.661295232061484,0.40031402488897444
R:A:PRO:106,79.976915,2.382661435826542,0.16847960585446237,-7.2439350000000005,0.7241201148808117,0.051203024362580375,-56.549175000000005,1.8801350388668896,0.13294562355292106,-1.1062699999999999,1.2729000381412516,0.09000762487422939,0.204623388,0.03695552203236556,0.002613150023137455,15.282158388000001,3.3701592604257864,0.23830624667257133
R:A:ASN:107,19.84951,7.323029130073156,0.5178163556701352,-3.2484349999999993,0.6381522277442899,0.045124176766728946,-73.6345,7.761567603905798,0.5488257085359612,-14.788865000000001,2.8576356882526155,0.20206535733241113,1.1616211079999998,0.07933515966333927,0.005609842938446466,-70.66066889199999,11.065636058085808,0.7824586294814851
R:A:LEU:108,81.08006999999999,3.4653884998799205,0.2450399707710969,-7.4252,0.9743095401359878,0.06889408828049036,-71.81575,1.9304425004386956,0.13650289827509163,-4.38613,0.9984461042540053,0.07060080109672977,0.29466399599999993,0.056823313589349785,0.004018015036851893,-2.2523460040000014,4.2053452051724936,0.2973628111807803
R:A:PRO:109,95.47131999999999,2.306253417905327,0.16307674309355094,-3.23192,0.7802429708750986,0.05517150956789201,-70.59773,1.8028340653260355,0.1274796192946151,-2.18612,0.895692785278524,0.06333504423303106,0.765526176,0.05130095693099909,0.0036275254527268473,20.221076176,3.159539830747832,0.22341320397507886
R:A:ARG:110,-193.30349999999999,4.080419725959573,0.2885292458313368,-4.427255,1.0002921523110135,0.07073133640668045,38.57172,12.946757801148518,0.9154740235571952,-7.944705,9.534545347208487,0.6741941670541767,1.4448597479999998,0.2051345292604102,0.014505201669554631,-165.65888025200002,16.619824976354142,1.1751990942913566
R:A:LEU:111,76.34868999999999,4.702865783105021,0.33254282862437434,-6.6478150000000005,1.0062701380717805,0.07115404383360795,-80.827695,4.050161246416616,0.28638964822401486,-3.074775,1.5582163663544932,0.11018253592051237,0.433580796,0.16459584629001542,0.011638683906680854,-13.768014204000002,6.479850486210383,0.4581946219874309
R:A:VAL:112,65.81658999999999,3.5817734157676697,0.25326962709630224,-3.2822000000000005,0.7408322212215125,0.052384748734722396,-61.388175000000004,2.4129348529073473,0.170620259705215,-4.40391,1.194929982007314,0.0844943093320491,0.9648761399999999,0.08577947249633795,0.006065524668876551,-2.2928188599999997,4.542620781671826,0.3212117959079083
R:A:ARG:113,-181.64807000000002,4.284422014122792,0.3029543859651152,-6.6490599999999995,1.2802790228696244,0.09052939788819983,20.11824,10.947016157949161,0.7740709359044557,8.555635,9.794784525540877,0.6925958558271014,0.6631308719999999,0.10528908127019257,0.007445062335105467,-158.960124128,15.355176287698875,1.0857749279346751
R:A:PRO:114,84.489345,2.477005412988635,0.17515073245600485,-5.567245000000001,0.6525862586470849,0.04614481687985119,-66.49626,1.332285979960759,0.09420684509100173,-0.42298500000000006,1.0695889606643292,0.07563136071680186,0.49018082399999996,0.06811389636344865,0.004816379801163226,12.493035823999998,3.079784184160119,0.21777362812106987
R:A:GLU:115,104.411315,2.963837992498072,0.20957499428337104,-5.326305,0.7871563897822338,0.05566036210693387,-42.555434999999996,7.989292489687369,0.5649282896340694,-110.03262,7.667065563538634,0.5421434051780026,0.9295337519999998,0.06524356921985872,0.004613417022417601,-52.573511247999996,11.490034655841972,0.8124681421214297
R:A:VAL:116,42.89148000000001,2.977528795763359,0.2105430802662486,-7.027480000000001,0.9101530198818218,0.06435753722758508,-45.895914999999995,2.094535745165262,0.14810604288439752,-2.20774,1.0864286688043536,0.07682210789870321,0.18009467999999998,0.06496932676388142,0.004594025152386521,-12.059560320000001,3.9071325166668136,0.27627598975295653
R:A:ASP:117,86.673065,9.496725842666777,0.6715199242419208,-5.291965,0.9198970615101453,0.06504654501874023,-42.711085000000004,10.838020864427923,0.7663638047878272,-104.385085,12.686951070599076,0.8971029134602535,0.7320766679999999,0.11172329108652759,0.007900029674376223,-64.98299333199999,19.22154827670943,1.3591687131365835
R:A:VAL:118,54.466800000000006,3.26640106998513,0.23096943466614797,-5.90541,0.8469846940175484,0.05989086207010215,-57.19574000000001,2.102605427178385,0.14867665557174736,-3.07983,0.8526231706328419,0.06028956257512573,0.559948356,0.05306693976989878,0.003752399296811351,-11.154231644,4.066631403938221,0.2875542642310886
R:A:MET:119,81.05223,2.8921952159389246,0.20450908497057046,-11.958359999999997,0.9581483290180075,0.06775131808311924,-66.42985,1.579535130188626,0.11169000016787536,-2.18397,0.8820302087230346,0.06236895417994436,0.027913931999999995,0.03472001105652151,0.0024550755260938266,0.5079639320000001,3.5435794591440675,0.25056890652341285
R:A:CYS:120,95.10648,2.0492272786589583,0.14490225049322042,-7.208985,0.6241469096094284,0.04413385122414539,-86.446825,1.5031852861091342,0.10629125091876093,-1.198125,0.966372205402763,0.0683328339590493,0.10745859600000002,0.032882260900321064,0.002325126966336229,0.3600035959999996,2.7898771104130944,0.19727410234502293
R:A:THR:121,39.7939,3.681129059133896,0.2602951320136433,-6.26797,0.878298325798245,0.06210507020767306,-48.627669999999995,3.835839071324552,0.27123478188739,-5.203345,1.381994065101222,0.0977217374992637,0.47547828,0.07155393077232865,0.005059626966966636,-19.82960672,5.56334504063733,0.39338790043152044
R:A:ALA:122,82.63843499999999,2.040573697707338,0.14429034991597667,-6.883134999999999,0.8428281537626755,0.0595969502900526,-67.800665,1.3534672521989592,0.09570458721438072,-3.0311500000000002,1.0154971676474533,0.07180649335192466,0.079958088,0.04802663012786402,0.0033959955840950793,5.003443088000001,2.782034322222937,0.19671953347375593
R:A:PHE:123,102.456365,2.997005524148229,0.2119202929378756,-13.041244999999998,1.045254186777073,0.07391063235336984,-75.758925,2.0816588527842406,0.14719550909207454,-4.778265,1.8427088524167348,0.1302991925296354,0.201368844,0.058386613016900235,0.00412855699947649,9.079298844,4.219820721011685,0.2983863847218869
R:A:HIS:124,105.99871499999999,2.8389236135857905,0.20074221384371302,-8.54406,0.7904323983744593,0.05589201089601267,-76.059745,2.3097614443866274,0.16332479802490188,-15.100225,2.2100878272989517,0.1562768089700932,0.842458608,0.07293546365858475,0.005157316094197027,7.137143607999999,4.348456781018307,0.307482327755467
R:A:ASP:125,93.67663,2.9195628513700473,0.20644426903040927,-5.736105,0.6725269020455613,0.04755483329667974,-13.977759999999998,6.075047294663639,0.42957071380856493,-140.39032,5.770171563099317,0.40801274408773075,0.714989772,0.04918941780816699,0.00347821708947732,-65.712565228,8.898294149773838,0.6292044134297665
R:A:ASN:126,20.17664,2.8489478286553442,0.2014510328888884,-6.43177,0.8519103633012103,0.06023915948533811,-89.48998999999999,4.51317563251199,0.3191297094435114,-5.0013049999999994,3.8094160618098676,0.269366392966671,0.523859436,0.0624998576832324,0.004419407319100777,-80.22256556399999,6.612606615517471,0.4675818979151429
R:A:GLU:127,101.190105,2.6522909180508463,0.18754528938332468,-7.024355000000001,1.047754541376462,0.07408743412262973,-43.572700000000005,15.486939188877834,1.0950919720279206,-107.94699999999999,15.203473316975959,1.0750479080022433,0.602805708,0.13535679472211337,0.009571170742768184,-56.751144292,21.88930434012985,1.5478075534361944
R:A:GLU:128,103.723305,2.7947372617072612,0.19761776693879274,-4.422735,1.0968976546492384,0.07756237698700962,-35.79558,12.309309141604983,0.8703995965750443,-117.86966000000001,12.190672865531255,0.8620107450443991,0.928653804,0.11332019120791487,0.008012947564847278,-53.436016196,17.58289449295779,1.2432983928858057
R:A:THR:129,36.166485,5.802225802205133,0.4102793210714805,-6.03042,0.9451826456299333,0.06683450581847673,-51.75530999999999,6.783043059269195,0.47963357442895926,0.6701249999999999,2.6192002289582597,0.18520542431817433,0.38035234799999995,0.09963204980363545,0.007045049803966645,-20.568767652000002,9.350882526371405,0.6612072444476016
R:A:PHE:130,88.34079000000001,3.122296591597282,0.2207797092794082,-12.951575,0.9019767094415465,0.06377938477184458,-66.16581000000001,1.8299108130999173,0.12939423449095405,0.26275500000000007,0.9498383994001296,0.06716371732472079,0.19294660800000002,0.05496088898024791,0.003886321729797429,9.679106608,3.8491668265311003,0.27217719649584443
R:A:LEU:131,80.67305999999999,3.7404080053384554,0.26448678649792695,-9.25224,1.253223029791585,0.08861625027047804,-77.17596999999999,2.318594906209362,0.1639494181005227,0.12753500000000004,0.9867343303924315,0.06977265362500555,0.18093877200000003,0.0686709253633473,0.0048557676994778155,-5.446676228,4.681395377733573,0.3310246417010768
R:A:LYS:132,142.60058,3.41991433717279,0.24182446188919768,-9.49708,1.054115721161581,0.07453723745887018,-178.69781999999998,14.428867256219387,1.0202749881713262,40.588809999999995,12.309645277744602,0.870423364989417,0.4157248679999999,0.12923518375520568,0.009138307480119548,-4.589785131999999,19.30137956005788,1.3648136373172348
R:A:LYS:133,128.84975999999997,3.493636595640709,0.24703741277790298,-9.074164999999999,0.8657727460338538,0.061219377968703664,-149.218505,8.600816250215733,0.6081695494266998,13.408140000000001,8.247343746346456,0.5831752689818044,0.7658033040000001,0.0720816347668252,0.00509694127426341,-15.268966696,12.448010841601185,0.8802072878379861
R:A:TYR:134,85.173055,3.397332024099941,0.24022765121832876,-15.10812,0.8437043176374055,0.05965890443177783,-79.59503500000001,1.6402327224436777,0.11598196807639967,-5.0975,0.8846227331467352,0.06255227333998341,0.154430604,0.06716838581618575,0.004749522109197926,-14.473169396000001,3.9662493887050463,0.28045618386303367
R:A:LEU:135,71.14672,4.117614084831166,0.29115928416933573,-10.968530000000001,0.9327923611929935,0.06595838040385771,-74.480455,3.1369964835770854,0.2218191486095711,-0.79803,0.5904623265713064,0.04175199151537565,0.059700492,0.0240470395404577,0.0017003824726518678,-15.040594508,5.2929026344611385,0.3742647344987613
R:A:TYR:136,90.29560000000001,3.586990383315796,0.25363852240935325,-16.359765,0.9038077227900854,0.06390885696736406,-88.182745,1.706269248968345,0.12065145564755943,-4.542255,0.890173426909049,0.0629447666599456,0.10787511600000001,0.058675445008672444,0.004148980505477065,-18.681289884,4.17020079823166,0.294877726333916
R:A:GLU:137,102.45275,2.835174907743789,0.20047714031155772,-8.90905,1.2429904937287333,0.0878927007066002,-102.87896,9.163992056325672,0.6479920925767536,-51.717150000000004,8.147186695878522,0.5760930960248525,0.24044572799999997,0.07453761350188517,0.0052706051960644965,-60.811964272000004,12.64690473778966,0.8942712101111344
R:A:ILE:138,75.52675,3.1153157733205794,0.22028609088523948,-10.277655,0.9431263308671857,0.06668910240717744,-62.83506499999999,1.6112159665218688,0.11393017358836507,0.516705,0.5340219358556351,0.037761053214588704,0.056176416,0.04307817014260174,0.0030460866228941555,2.986911416,3.671203030474865,0.25959325579613807
R:A:ALA:139,97.96636000000001,1.985272585918619,0.14037997080068082,-8.41793,0.6110664244580943,0.04320892124897357,-78.415785,1.3859164328252265,0.09799909078085879,-0.40845,0.7080914330084781,0.050069625398039476,2.3112e-05,0.00016889731393956506,1.1942843601085965e-05,10.724218111999999,2.5955475877550973,0.1835329300194015
R:A:ARG:140,-173.41552000000004,3.8284173557228574,0.27070998734439033,-14.485805000000001,1.1504815413447536,0.08135132995148266,-19.44886,8.54616525234564,0.6043051403074444,40.710355,7.1457764112078825,0.5052826957207965,0.19101474,0.03898697177217538,0.002756795211803372,-166.44881525999998,11.835580604681713,0.8369019304850418
R:A:ARG:141,-189.07220500000003,3.895943358542961,0.27548479679444204,-12.09712,1.216494367270149,0.08601914163719608,0.24150000000000005,7.682659106715591,0.5432460351903178,23.409134999999996,6.234983067881981,0.44087988078826523,0.247813632,0.04328717811061118,0.003060865718044305,-177.270876368,10.703194466379594,0.7568301387535342
R:A:HIS:142,116.25820499999998,3.057193579571794,0.21617623115151904,-11.512325,0.9478143485804591,0.06702059531871528,-82.83718499999999,2.2412235744733273,0.1584784387665243,-7.328510000000001,1.1633925304470543,0.0822642747460889,0.179518032,0.06217740647981206,0.004396606575846749,14.759703032,4.077403088106639,0.2883159373231174
R:A:PRO:143,78.13953500000001,2.413118987695178,0.17063328000092773,-10.193705000000001,0.8257310809064898,0.05838800467454767,-58.975249999999996,1.1587625242041617,0.08193688386496036,-0.000334999999999992,0.5680838606887191,0.040169595017562724,0.004840452,0.004931997339546728,0.0003487448763587503,8.975085452,2.858399771134674,0.20211938615114033
R:A:TYR:144,82.24528000000001,3.059037701892541,0.2163066302913528,-13.144565,0.7718775587973783,0.054579985607134424,-76.347675,1.7282396099427304,0.12220499477056984,-6.196885,1.1768667731629607,0.08321704758566599,0.24346925999999997,0.08060953671093514,0.005699955003660818,-13.20037574,3.785740624492617,0.26769228673921247
R:A:PHE:145,102.965125,3.256467366545379,0.2302670157596936,-14.093535000000001,0.9865198927416517,0.06975749059330474,-74.60674,1.8503931345527633,0.13084255333032907,-5.05964,0.8761115855871328,0.06195044432447599,0.019689443999999997,0.010800666168994577,0.0007637224289428195,9.224899444,3.9710759405153278,0.28079747261451354
R:A:TYR:146,82.8109,3.169302947021632,0.2241035605473505,-13.921005000000001,0.924487736519528,0.06537115476167604,-75.35752500000001,3.1981566314636622,0.22614382414046816,-4.1949250000000005,2.400045086946285,0.1697088156133175,0.12722857199999998,0.0562941907714039,0.003980600403586886,-10.535326427999998,5.185629184548352,0.36667935611130065
R:A:ALA:147,95.74841499999998,2.268910170715227,0.1604361767615864,-6.16744,0.7215036288197031,0.051018010858911375,-70.93645500000001,1.3685157024948598,0.09676867333943871,0.887945,0.6045264940223877,0.04274647833301592,0.00457002,0.004543887995054455,0.0003213014014255151,19.53703502,2.8119084277485125,0.1988319517336576
R:A:PRO:148,83.19261,2.8854268328793227,0.2040304880146592,-9.163905,0.8071000284816002,0.057070590323519514,-60.452335000000005,1.2348298922422474,0.08731565904163469,-2.839285,0.9782816893793934,0.06917496164708008,0.055578528,0.03901726085733359,0.0027589369735545027,10.792663528,3.385330225704696,0.2393789959151576
R:A:GLU:149,93.19935,2.7187937522916297,0.192247749889303,-8.48016,1.3257071186351834,0.0937416493454217,-69.515175,17.213767339382017,1.2171971615444537,-68.20191,15.962693609848559,1.1287328897527085,0.294660612,0.12402253539771171,0.008769717579967059,-52.703234388,23.670363193611152,1.6737474327350907
R:A:LEU:150,73.486425,2.937898596680117,0.20774080201509523,-12.302420000000001,0.9198075470444891,0.06504021539017225,-76.536565,1.4756788050842906,0.10434624899283633,1.3841750000000002,0.5794633330720763,0.040974245226422415,0.00049104,0.0014009133454999992,9.905953264577822e-05,-13.967893960000001,3.4627592669261897,0.24485405592600668
R:A:LEU:151,71.011385,4.226648549001324,0.2988691850691118,-9.63407,0.858202479080549,0.06068407925889624,-77.25305,2.956481239159146,0.20905479326602391,0.61678,0.946554415551478,0.06693150459985193,0.246512628,0.08829531161322222,0.0062434213588688755,-15.012442372,5.314660110771701,0.37580322040283176
R:A:PHE:152,98.774175,2.98491612853276,0.2110654435758611,-10.936899999999998,1.1421041721314218,0.08075896049355763,-81.538325,1.7573528243853027,0.12426360990601795,0.290645,0.828784500925904,0.05860391407470152,0.445895352,0.13116419988328862,0.009274709518638114,7.035490351999999,3.7425262831483264,0.26463657135830665
R:A:PHE:153,94.29767,3.074433561015752,0.21739528193017435,-13.999590000000001,0.9137370802916996,0.06461096856958576,-73.82807,1.8617354337015772,0.13164457499456633,0.36038000000000003,0.7934739287462443,0.05610707957112008,0.022626252000000003,0.022422179239398116,0.0015854874989158633,6.853016252000001,3.792521539533011,0.2681717698399837
R:A:ALA:154,100.526065,2.1409981202175303,0.15139142893134666,-7.12641,0.5776119475045508,0.0408433324974836,-83.46265500000001,1.5591451843798894,0.11024821327293696,0.6417,0.5758011896479548,0.04071529258153501,0.05947038,0.029576390508802793,0.00209136662917959,10.638170379999996,2.7714371707699827,0.19597020170839144
R:A:LYS:155,145.750835,3.6071023242729052,0.25506065139271283,-7.463895,0.9947862755260548,0.07034201212557827,-165.72027999999997,12.538646996450613,0.8866162318094565,24.330469999999995,11.780026701968888,0.8329736763520801,0.816456744,0.1322078101618269,0.009348503909125155,-2.2864132560000003,17.606957812680694,1.244999926541198
R:A:ARG:156,-188.586375,4.002896173319388,0.28304750285398206,-9.956965,1.2033961458202367,0.08509295751632447,-7.440084999999999,19.089017114240715,1.349797344766567,27.977095,15.5835866826599,1.101925981851719,0.607175244,0.1194007856707202,0.00844291052267678,-177.399154756,24.994486289770364,1.7673770747770814
R:A:TYR:157,96.01565500000001,3.300927114611136,0.2334107946944078,-14.82905,0.8986114775029307,0.0635414269394385,-88.083,1.680654176206396,0.11884019648250332,-3.99214,0.8668986448253336,0.06129899103574218,0.105226848,0.050653380925005355,0.00358173491420966,-10.783308152000002,3.9092582274485443,0.2764263002038168
R:A:LYS:158,119.71352499999999,3.180220297302531,0.22487553378897177,-9.092640000000001,0.9369370525280768,0.06625145433875396,-159.20145,13.268314470478154,0.9382115136990699,33.792315,11.861949934803087,0.8387665236994588,0.567284724,0.11971851591942419,0.008465377444021448,-14.220965276,18.10414344414294,1.2801562596927452
R:A:ALA:159,81.98317000000002,2.1982737275189366,0.1554414259632869,-5.222180000000001,0.6241294237576049,0.04413261478770547,-71.53616,2.242759332697113,0.15858703327195448,-4.61292,1.2223452554822636,0.08643286191027115,0.344290428,0.046859949329302694,0.0033134987936807945,0.9562004280000004,3.427570294180871,0.24236581980088634
R:A:ALA:160,94.07559499999999,2.147475250375426,0.15184943119707428,-7.42902,0.578270922319288,0.04088992905349678,-79.05689000000001,1.592989760764331,0.11264138621971945,-2.59451,0.6956586734167842,0.04919049653642459,0.031231044,0.01974889834710949,0.001396457994220492,5.026406043999999,2.8227636453236613,0.19959953152952192
R:A:PHE:161,111.42635999999999,3.0453583172428167,0.21533935172652488,-14.575684999999998,0.9009417826779931,0.06370620439859057,-89.7216,1.7144884076598474,0.1212326379322004,-1.73809,0.8188568628887468,0.05790192405697758,0.0016681679999999998,0.003755817070382422,0.0002655763719363603,5.392653168000002,3.700799176426204,0.2616860193460559
R:A:THR:162,39.559470000000005,3.962682694728408,0.2802039805133039,-5.8799399999999995,0.6302688604080008,0.04456673851652149,-50.192095,3.621436690869385,0.2560742441751513,-6.200615,1.8354507366788682,0.12978596624394717,0.620999712,0.08950146307173451,0.006328709146414083,-22.092180287999998,5.70892166701751,0.403681722401089
R:A:GLU:163,83.69312000000002,3.1147561406312363,0.22024651887827867,-5.832605,1.0762874750618443,0.07610501721223772,-37.2829,12.868848205647621,0.9099649832273767,-95.99019,12.56928478808162,0.8887826508317429,0.780008508,0.08310935291163044,0.005876718702383981,-54.632566491999995,18.288279906350308,1.293176673801798
R:A:CYS:164,83.68260999999998,2.1678099058496803,0.153287308474968,-7.92738,0.7460081203311396,0.052750740070637875,-73.30790499999999,1.5117337086851639,0.1068957156759568,-0.465225,0.8545836321712463,0.060428188139931845,0.003421728,0.007812181930268651,0.0005524046818755975,1.9855217279999997,2.8760460573566116,0.20336716701616941
R:A:CYS:165,88.336995,2.237494233506535,0.15821473453782672,-6.525944999999999,0.7380369787314183,0.05218709524274176,-79.22130499999999,2.4773680150464124,0.1751763722933975,-0.6174700000000001,1.7938376847139765,0.1268434791209229,0.12589686,0.054897603154727984,0.003881846746159616,2.0981718600000003,3.8612561032463426,0.27303203745034327
R:A:GLN:166,26.755145000000002,3.39166704645002,0.2398270768071758,-4.139729999999999,1.029011325059156,0.07276208858670839,-66.98701999999999,3.4611354696977696,0.24473923612285792,-13.001035000000002,3.6034957310610207,0.2548056267410023,1.174003272,0.16543229409703905,0.011697829698326357,-56.19863672799999,6.128154512443384,0.4333259611907658
R:A:ALA:167,87.88691999999999,2.2626806764543685,0.15999568499806485,-4.558195,0.716159316755008,0.05064011092873908,-76.62752,3.085643420682306,0.21818793870881134,-0.7583449999999999,1.7910939690521543,0.12664946912591066,0.254520144,0.061121867077333816,0.004321968668916552,6.197380144000001,4.28550543329314,0.30303099526933724
R:A:ALA:168,89.4237,2.505710039090716,0.17718045603282542,-2.4697899999999997,0.3178125326351999,0.022472739697242075,-75.522425,1.8000796216764965,0.12728485071631657,-3.7890300000000003,1.203947240995219,0.08513192582985539,0.845828928,0.04883314557433727,0.0034530248382283724,8.488283927999998,3.3274236107657953,0.2352843799052721
R:A:ASP:169,102.47502499999999,4.275080503847267,0.30229384143888044,-3.645235,1.0900786759564651,0.07708020237956696,-61.82625,6.827184050360734,0.48275481384187147,-93.85013,6.026109344602038,0.4261102781739723,0.7128970200000001,0.0625070280207498,0.004419914338528972,-56.13369298,10.118939067575317,0.7155170433095986
R:A:LYS:170,120.38707499999998,3.544258270692896,0.2506169057483453,-8.901095,0.973346467592604,0.06882598876787024,-155.004125,9.902773475616566,0.700231827716275,30.38743,9.187034410249044,0.6496214330481254,0.5323068719999999,0.11738945377440861,0.008300687880366909,-12.598408127999999,13.99962406936995,0.9899229113513901
R:A:ALA:171,82.067855,2.3598172755480458,0.16686427979011867,-5.00345,0.5712763407493785,0.04039533744753223,-73.018815,1.379054303055177,0.09751386493148037,-2.276045,0.8229884342899358,0.0581940702724513,0.335221416,0.05663247042351361,0.004004520387181306,2.104766416,2.9115978777865723,0.20588106034712458
R:A:ALA:172,90.65002,2.220581374235134,0.1570188147898206,-4.03227,0.4561076157005055,0.032251678801265525,-77.17071,1.5926125598839167,0.1126147140896784,-3.06711,1.1082808479352153,0.07836729030341676,0.5554739519999999,0.0530596959030345,0.0037518870780731766,6.935403951999999,2.9843813985195196,0.21102763245401446
R:A:CYS:173,87.557945,2.2825880666416793,0.16140335005778225,-6.78274,0.6251490081572553,0.04420471029200395,-74.30860000000001,2.1021728449392545,0.14864606738827635,-0.34397,1.3298625489500786,0.09403548264086276,0.24000285600000001,0.054120168043583015,0.0038268737822573034,6.362637855999999,3.4338919065783164,0.242812825300313
R:A:LEU:174,74.59648,3.291831968615652,0.23276767075347896,-12.012435,0.9664717149378972,0.06833987034575789,-74.87028000000001,2.1589648634472955,0.1526618695287071,-0.68672,0.7212758706625364,0.051001905925171065,0.002941668,0.009891493762954916,0.0006994342315849861,-12.970013331999999,4.11724316627326,0.2911330562665794
R:A:LEU:175,77.743095,3.29838679902388,0.23323116725659757,-7.386210000000001,1.4469154833299698,0.10231237500664325,-69.794235,2.4226906880109564,0.17131010142100495,-2.07716,1.0973183605499361,0.07759212538653647,0.462377088,0.1712781208366797,0.012111192071250512,-1.0521329120000003,4.4806019507123525,0.3168264023146377
R:A:PRO:176,94.047125,2.9052595958666063,0.20543287613445657,-6.160055,0.6934952717755183,0.04903752093932767,-63.8721,2.1336404851802,0.1508711655685075,-3.4535649999999998,1.296744152011105,0.09169365833510515,0.593142948,0.05725378061002868,0.0040484536517918146,21.154547948,3.8934193355608557,0.2753063214177903
R:A:LYS:177,122.947565,3.7181387649972133,0.26291211341221044,-9.069915000000002,0.9964122278329387,0.0704569843157866,-160.70833499999998,11.33027719796718,0.8011715839405906,35.87509,10.875366491383176,0.7690045393945993,0.565204104,0.10516497499627327,0.007436286696317854,-10.390390896,16.17025759164618,1.1434098796586265
R:A:LEU:178,63.159555,3.0992522609453723,0.2191502290322212,-11.279715000000001,1.035508751182239,0.07322152599389745,-72.28377,2.022367337330189,0.1430029658276359,-0.9231400000000001,1.0371114888959625,0.07333485666448118,0.037051776,0.03228936732834857,0.002283203059809863,-21.290018224,3.9804843224779156,0.28146274568308743
R:A:ASP:179,87.473245,5.679415848040625,0.40159534593278723,-6.422810000000001,1.4489833828929854,0.10245859758702536,-112.15702999999999,17.11576938116134,1.2102676594644262,-40.48048500000001,15.561923553654125,1.1003941673095488,0.337609044,0.10269282726641263,0.007261479453929916,-71.249470956,23.863966334926854,1.6874372421434258
R:A:GLU:180,98.52370499999999,3.29984135497072,0.23333401989396013,-6.861869999999999,0.8618204703417064,0.060939909874400046,-69.208605,19.000593014666016,1.3435448167236086,-76.124725,17.829153765374702,1.260711553031412,0.718844832,0.12619549644888195,0.00892336912942073,-52.952650168,26.278296590394685,1.8581561717099413
R:A:LEU:181,79.013315,4.0137853599532445,0.28381748462502265,-10.283505,1.0671613279982552,0.07545970116476078,-76.50121499999999,2.8762485964837947,0.2033814886951981,-0.70839,0.6307244785958446,0.04459895558754711,0.06432555599999999,0.030043391439151208,0.0021243885816465686,-8.415469444000001,5.091250158634336,0.3600057511887425
R:A:ARG:182,-193.73108,3.8838828063678754,0.2746319869716563,-8.383659999999999,1.6849215662457409,0.1191419465259822,23.845174999999998,13.912976579236199,0.9837960085667531,2.3586400000000003,11.82808486148117,0.836371901400328,0.8960965920000001,0.24410542006465635,0.01726085978521092,-175.014828408,18.74720252674729,1.3256274034940587
R:A:ASP:183,81.40205,8.469788084568586,0.5989044589811466,-6.3729,1.313491994646332,0.09287790964486657,-105.28915,17.554429742304364,1.2412856310646234,-42.11541999999999,15.659930634380219,1.1073243144481206,0.38616048,0.18716721039139306,0.013234720368352326,-71.98925951999999,25.037752176128866,1.7704364349408956
R:A:GLU:184,100.615665,3.0120728066856217,0.2129857107035,-6.30607,1.6125317253003117,0.11402321178382935,-97.837975,13.870001456538315,0.9807572084985533,-55.534,13.296678652956912,0.940217164276424,0.368934696,0.10429717372782248,0.0073749238801534694,-58.693445303999994,19.515694265454602,1.3799679754666367
R:A:GLY:185,88.916755,1.9884070269879357,0.14060160925421517,-5.481520000000001,0.6718488591937922,0.04750688842683764,-80.237845,1.9727905289145626,0.1394973560856083,-2.04511,0.911918207900248,0.06448235486937492,0.011485151999999998,0.013115894983572261,0.0009274338284214567,1.163765151999999,3.0213925117652654,0.21364471336954746
R:A:LYS:186,119.018745,3.5770246113180435,0.2529338359134163,-9.064540000000001,1.07304905684689,0.0758760264642265,-132.04658,12.623428356971809,0.8926111793037323,10.912585,11.12191891369358,0.7864384283679651,0.427056264,0.15553169758392757,0.010997751805105056,-10.752733736,17.234232018390124,1.2186442328745977
R:A:ALA:187,93.076355,2.3519126512213417,0.1663053384437042,-6.5079649999999996,0.7336865909739663,0.05187947637433323,-86.906785,1.6093327868327918,0.11379701267553116,0.272795,1.0006580699594643,0.07075721069173799,0.15484795199999998,0.0694528394788701,0.00491105737681698,0.08924795200000027,3.109000067772865,0.21983950306316286
R:A:SER:188,85.32039999999999,6.292357315029082,0.44493685271058403,-7.235085000000001,0.9363369306905501,0.06620901931666863,-81.67481,6.131841701634182,0.43358668483879886,-1.096565,1.7234708775534908,0.12186779446956032,0.071369316,0.04200139656069717,0.0029699472327374306,-4.614690684,9.002337811077911,0.6365614112745251
R:A:SER:189,65.21283,6.376042047469573,0.4508542568896294,-7.842545,0.8310532762554999,0.05876434071675611,-59.55716,7.248235131009479,0.5125276212771366,-2.0840449999999997,1.1338491844046101,0.0801752447135336,0.06326802,0.02509698421308026,0.001774624772440078,-4.2076519800000005,9.755394307000952,0.6898105467629013
R:A:ALA:190,96.21978999999999,2.227708218304184,0.157522758766789,-7.6188,0.6030143198963023,0.042639551475126936,-77.21342,1.4916602440234166,0.1054763073775338,-0.297365,0.771722878872332,0.05456904808474306,0.036835056000000005,0.018133315567850906,0.0012822190403422966,11.127040056,2.854338010539131,0.20183217630507388
R:A:LYS:191,128.68899000000002,3.110975713486044,0.21997920231126394,-8.920815,1.0600536122173256,0.07495710976201657,-136.98458,12.93107487077544,0.9143650729156272,6.306110000000001,11.932857989932671,0.8437804803617467,0.649864188,0.11410017516937937,0.008068100759684107,-10.260430812,17.900298866838753,1.2657422714007553
R:A:GLN:192,40.062124999999995,2.7217463345019866,0.1924565289795984,-11.498865,1.0598647445664942,0.0749437548023516,-91.26175500000001,2.2968535858811285,0.16241207459691842,4.625725,1.1867003957928892,0.08391238971019119,0.029645172,0.0155301943743411,0.0010981505755241763,-58.043124828,3.900673249252916,0.2758192505739701
R:A:ARG:193,-189.08662,4.533624266037052,0.32057564618666834,-11.048535000000001,1.5155967236620038,0.10716887208455168,-30.420075000000008,17.94641938714726,1.2690034846669551,54.17364499999999,13.586378757379578,0.9607020551111958,0.19943143200000002,0.11237957565421473,0.007946436001196188,-176.182153568,23.011455150462545,1.6271555981862171
R:A:LEU:194,80.51693999999999,3.9927732563219767,0.28233170452855627,-9.93068,1.0020089159283965,0.07085272992623504,-82.86464,3.2687599683060244,0.2311362339660314,-2.7762699999999993,0.6030521512274042,0.042642226554203286,0.19199030399999997,0.03283526481472601,0.0023218038412548807,-14.862659695999998,5.291105926563506,0.3741376880649386
R:A:LYS:195,123.92162,3.1127531584756283,0.22010488665179606,-12.376524999999999,0.9488385423110721,0.0670930167519318,-126.197625,6.408149681021426,0.45312460943086613,2.79697,5.844914046339775,0.41329783576193574,0.21618831599999996,0.05727456583389999,0.004049923389066603,-11.639371684,9.26391978183865,0.6550580498106311
R:A:CYS:196,81.93183499999999,2.332489943767175,0.16493194562871982,-8.075015,0.7547678482652795,0.05337014637299583,-75.758425,1.718421780115406,0.12151076936582618,-3.17866,0.610497259944711,0.04316867524027116,0.044128872,0.04508321031700844,0.0031878643732815987,-5.036136127999999,3.055797221213719,0.2160774937051229
R:A:ALA:197,97.97780999999999,2.188396217301611,0.15474298051769583,-6.508430000000001,0.6974747988995732,0.04931891600086117,-84.73746999999999,1.4541126741418633,0.1028212932495016,-2.3383100000000003,0.7388692941921461,0.052245948833378464,0.08411986799999999,0.039396661735189895,0.002785764666906535,4.477719868,2.8173520722401517,0.19921687552709832
R:A:SER:198,79.268165,2.6374111677504897,0.18649313214935023,-8.24022,0.8225606309567702,0.058163820008661736,-70.753405,1.932117512206491,0.1366213394930492,-2.02453,0.8432639024054096,0.05962776237206961,0.051022476000000004,0.014289605532771853,0.0010104276972703785,-1.6989675239999997,3.475186317634823,0.24573278110862906
R:A:LEU:199,61.607755,3.250028163720278,0.22981169536138715,-10.920610000000002,1.0105351294734886,0.07145562426779295,-59.77719,2.2015709604507414,0.15567457553980996,-4.86082,1.4862679057289774,0.10509501148008882,0.142862688,0.05365256047010856,0.003793808933643506,-13.808002312,4.317713502725719,0.3053084496998077
R:A:GLN:200,39.992129999999996,3.0263483776822517,0.2139951460092027,-6.56452,0.8995844149383648,0.06361022400526507,-76.71608,2.7097236655423003,0.19160639790466288,-8.41057,2.5954594054039837,0.18352669458555615,0.6856564319999999,0.1270939894778686,0.00898690218078526,-51.013383568,4.905425707679345,0.3468659782506883
R:A:LYS:201,123.098565,3.248128817607916,0.2296773913098,-5.83135,1.0217076477642713,0.07224564061242728,-153.501755,9.1455514948512,0.646688147970005,26.893015000000002,8.379320210182627,0.5925074142353621,0.972497664,0.16516982842981676,0.011679270573014202,-8.369027336,12.863733040422154,0.909603286425595
R:A:PHE:202,94.710375,2.988564293164027,0.21132340777082648,-10.007470000000001,0.9686494975480037,0.06849386283091354,-76.42246999999999,1.8153007021152177,0.12836114363583712,-4.2733550000000005,1.0910382206756095,0.07714805243734284,0.460824984,0.06921989274428951,0.0048945855552492605,4.467904984000001,3.789494796816791,0.2679577468100291
R:A:GLY:203,80.242195,2.2003718201647193,0.15558978351702593,-3.239015,0.7161944880931437,0.050642597917908996,-78.33381,3.219114622671893,0.22762577791080696,-0.98363,2.443806114056514,0.17280318751545062,0.294527952,0.054254151827775314,0.0038363478664944447,-2.019732048,4.657510223471394,0.3293357062462295
R:A:GLU:204,103.850795,2.763263891302277,0.1953922635747767,-6.612405,1.0841551969044838,0.07666134915897972,-33.027545,9.312246706245224,0.6584752794068089,-113.474555,8.542435567622093,0.6040414117714735,0.6377768279999999,0.08010287272317276,0.005664128449507839,-48.625933171999996,12.981085487705506,0.9179013575518845
R:A:ARG:205,-199.15384999999998,3.7455822521338393,0.26485266099758187,-6.667255,1.3032532409225,0.0921539204259645,-7.007034999999999,11.175391625074042,0.7902195200505205,37.941205,9.273051319440382,0.6557037470267156,0.73350954,0.15200490177045606,0.010748369681548452,-174.15342546,15.054229294599816,1.0644947619748706
R:A:ALA:206,86.31318500000002,2.200810078306395,0.15562077304741484,-6.315605000000001,0.5289148787612238,0.03739992974425219,-79.27925499999999,1.5916681343719241,0.11254793312129284,-0.2857,0.777353780462924,0.05496721295463323,0.142626564,0.03461677955639871,0.0024477759567169376,0.5752515640000003,2.8744043941574846,0.20325108389811672
R:A:PHE:207,113.06784999999999,2.9248591158378896,0.20681877148242614,-14.916244999999998,0.8329389323203712,0.05889767673580172,-86.833225,1.608271520724968,0.1137219698293826,0.36188999999999993,0.6988616944002582,0.049416984322194324,0.0066124439999999994,0.004569182565455663,0.00032308999765130454,11.686882443999998,3.5104919800762007,0.24822926844128718
R:A:LYS:208,120.54513999999999,3.2036353585263107,0.22653122864629505,-9.914079999999998,1.0080314893890965,0.07127859017966054,-178.11843999999996,11.613663817521154,0.8212100439790054,52.29764000000001,10.686318333289533,0.7556368159387152,0.56836494,0.08035782274527602,0.005682156138457126,-14.62137506,16.13568874143513,1.1409654928184207
R:A:ALA:209,89.13461500000001,2.1931165556748233,0.1550767588450152,-6.440074999999999,0.5977157429539564,0.04226488550646979,-79.452275,1.266566606766103,0.08955978364687467,-2.196035,0.6237945765835097,0.04410893751695908,0.125969976,0.03836603651447233,0.0027128884586634077,1.1721999760000004,2.6761552518599947,0.1892327526098195
R:A:TRP:210,117.54271499999999,3.3079501876199706,0.23390740094933932,-15.679045,0.7902322841892756,0.055877860686277175,-84.40772000000001,1.345697202791178,0.09515516175174105,-5.398489999999999,0.8571410560112028,0.060609025313891986,0.30335914799999997,0.057755673238002306,0.004083942819858583,12.360819148000001,3.757117109705416,0.26566829859847013
R:A:ALA:211,99.11218500000001,2.006411470953802,0.1418747156961909,-7.774435,0.6790477860762084,0.0480159294284199,-87.04014500000001,1.2897732141640248,0.09120073859281512,-0.046865000000000004,0.6493168462122325,0.04591363450953322,0.000253332,0.0012552704079105827,8.876102176563766e-05,4.250993332000001,2.5635759737140225,0.18127219551000917
R:A:VAL:212,50.15893,2.627741457050141,0.18580938034851738,-8.670960000000001,1.0709270976121577,0.07572598128779844,-56.34853999999999,2.160204825566317,0.15274954809098457,-1.046135,0.50812469608847,0.03592984182925107,0.068504724,0.018758392428111316,0.0013264186490075899,-15.838200276,3.602351660507548,0.25472472873635066
R:A:ALA:213,95.24571,2.238858179050205,0.15831118005213654,-8.27346,0.5279129647962815,0.037329083728374575,-74.32458000000001,1.3931025495633838,0.09850722596845371,-3.1087900000000004,0.6341771644422401,0.044843097345076424,1.6343999999999998e-05,0.0001761422427017438,1.2455137426780969e-05,9.538896344000001,2.7629863309155347,0.19537263709161126
R:A:ARG:214,-187.601085,4.4180486685611555,0.31240321731517906,-11.768490000000002,1.0807953182263512,0.07642376985925255,16.239060000000002,12.282587201253653,0.8685100700521556,16.337274999999998,10.215909394144752,0.7223738808587108,0.500093172,0.14072073448615316,0.009950458560871055,-166.29314682800003,16.611256062940104,1.1745931806131098
R:A:LEU:215,71.15201,3.460332843802746,0.2446824819015452,-10.660079999999999,1.0115629063978175,0.07152829907106696,-78.17694499999999,1.9685458292798266,0.1391972104960261,-1.9952750000000004,0.7069415105756628,0.049988313603031256,0.099977832,0.03496434881103573,0.0024723528144055163,-19.580312168,4.168132002532763,0.2947314403871581
R:A:SER:216,81.25698,2.6195012807021114,0.18522671189113088,-8.627160000000002,0.8372044818322463,0.059199296634335104,-73.014475,1.7885621513872534,0.12647044258195272,-3.2308600000000003,0.6044157347389295,0.042738646468974656,0.001058364,0.0018193926306061593,0.00012865048667424464,-3.6144566359999994,3.335712002551262,0.23587045770893553
R:A:GLN:217,37.81769,2.94307516450056,0.20810684063600599,-11.076365000000001,1.0644029367560952,0.07526465344951108,-78.86579,2.4468376153517006,0.17301754702775088,-4.19956,1.4420834845458845,0.10197070109595208,0.11578438799999999,0.045985314028196604,0.003251652738433069,-56.20824061199999,4.226509053235456,0.29885932122891257
R:A:ARG:218,-193.90497499999998,3.9718495898479085,0.28085217788344635,-13.464224999999999,1.2470000258119485,0.08817621743914285,-9.26186,9.769077518394457,0.690778095919377,44.157155,8.098374485103477,0.5726415515004784,0.27008942399999997,0.0981761641291379,0.0069421031406596894,-172.20381557599998,13.355103206240234,0.9443484040578671
R:A:PHE:219,104.590345,2.8817546696370595,0.20377082686163636,-12.330900000000002,0.9526978167288933,0.06736590866306191,-73.81443,1.180100468222939,0.08344570435618599,-2.389155,0.5275775402488245,0.03730536563116625,0.028926179999999996,0.015601869691841424,0.001103218785828994,16.08478618,3.2989940437030008,0.23327410593964212
R:A:PRO:220,91.85782999999999,2.4776235874522987,0.17519444399152614,-9.55748,0.7539375369352558,0.053311434495800246,-65.467265,1.8039243511785634,0.1275567141465905,-0.06891500000000002,0.8123238872364889,0.05743997291847376,0.021651660000000003,0.015437362228450817,0.0010915863515370645,16.78582166,3.2590323602877236,0.2304483882065849
R:A:LYS:221,115.92403,2.781075955291405,0.1966517666981408,-7.617165,1.154311269881309,0.08162213265331285,-202.916475,6.530399306273315,0.46176896333217865,77.97636,5.504106320775427,0.38919909037920425,0.599856588,0.08885939836042024,0.006283308315280994,-16.033393412,9.056269400770217,0.6403749505536852
R:A:ALA:222,89.981875,2.2349179491370594,0.15803256372303462,-6.4468700000000005,0.4827932301720893,0.0341386366965642,-85.36945500000002,1.9871511084904945,0.14051280240559935,0.587755,0.9348991843910229,0.06610735530086648,0.011769875999999999,0.01219875803451417,0.000862582452825885,-1.2349251240000008,3.170315814729281,0.22417518110980286
R:A:GLU:223,102.83825499999999,2.9323301775166795,0.20734705531999967,-5.957725,0.8519659907384801,0.060243092939149465,3.449595,5.572590670502814,0.39404166518894296,-154.734965,5.452549758028349,0.3855534908658914,0.8208448920000001,0.053881832770680094,0.0038100209334907434,-53.583995107999996,8.37325356214672,0.592078437438836
R:A:PHE:224,87.91513,2.8501331237505383,0.2015348459088403,-11.429189999999998,0.8613500588610881,0.06090664675961072,-67.495525,1.4139543943759285,0.09998167405517369,-3.3795249999999997,0.6054263533866031,0.042810107998871014,0.28679849999999996,0.06469582688889601,0.004574685790760934,5.897688499999999,3.351891465391867,0.2370145184979903
R:A:ALA:225,91.76874,2.386395722088019,0.16874365976830058,-4.74634,0.4604091489099668,0.032555843131456444,-81.04625999999999,2.090455269169853,0.14781750965971524,-0.98087,1.445831253327995,0.10223570836796703,0.527202072,0.07185252810566664,0.0050807409868913874,5.522472072,3.5174500931918247,0.24872128133811927
R:A:GLU:226,113.580545,2.917162931338426,0.2062745690575428,-7.879020000000001,1.2021476280390857,0.08500467397737609,-12.85826,9.226548484259972,0.6524155000166687,-145.74859,8.319450814320618,0.5882740086554054,0.232295004,0.06355800114473066,0.00449422936081014,-52.673029996000004,12.818014545606681,0.9063705006546287
R:A:VAL:227,55.859245,3.0547761988360125,0.21600529652042097,-9.499,0.8847150445199856,0.06255880073978401,-61.93772500000001,1.6695305026788223,0.11805363398419806,0.12893000000000002,0.6506226518497492,0.04600596891165319,0.001349028,0.0024037226880020916,0.00016996886127782347,-15.447200972000001,3.650346017480091,0.25811844226374797
R:A:SER:228,82.97406,3.2545716287093764,0.23013296685177465,-5.681569999999999,0.9090669860356826,0.06428074303786477,-76.71885,4.371851408442423,0.3091365777249596,-0.59526,1.2796238362893995,0.09048306920081789,0.299485008,0.039423006204539195,0.0027876275021989,0.2778650080000002,5.671923425507277,0.4010655516547027
R:A:LYS:229,124.21835999999999,3.4101474308891686,0.24113383732276145,-8.355555,1.1631167039360237,0.08224477086645082,-219.97538,13.685675577975681,0.9677234006305727,93.29984,12.459287247447183,0.8810046501420976,0.707964192,0.13539495669863608,0.009573869202006454,-10.104770808,18.85555176868803,1.3332888518653305
R:A:LEU:230,75.040535,3.0519496406027087,0.2158054286710022,-11.086100000000002,0.8748895015943443,0.061864029936627964,-82.33417,1.5332717994863143,0.10841868868188732,-0.5531050000000001,0.9702565815159411,0.06860750082808001,0.005209919999999999,0.006576514841160172,0.0004650298240758328,-18.92763008,3.656800752624821,0.25857486096290816
R:A:VAL:231,62.327909999999996,3.102883868580969,0.21940702247079513,-8.478115,1.1858731305561316,0.08385389322431606,-72.49299500000001,1.7430677052183026,0.12325349944271358,0.31577500000000003,0.7692915990539608,0.05439713064008983,0.04423586399999999,0.020062813336855428,0.0014186551360170377,-18.283189136,3.8294491104470874,0.2707829434205928
R:A:THR:232,32.357209999999995,3.2652892346467564,0.2308908160354153,-6.710839999999999,0.78211590854553,0.05530394626064219,-49.564719999999994,4.473309030415851,0.3163107149750068,-0.5440650000000001,2.063216707177169,0.14589145247023555,0.5689145879999999,0.06533009227009445,0.004619535125972664,-23.893500411999998,5.961999996949935,0.4215770627277474
R:A:ASP:233,74.43452,3.4343642729914365,0.2428462266497052,-7.66288,0.8218129504942107,0.05811095101613808,6.690229999999999,16.12870267526499,1.1404715033421484,-136.22539,15.62594346168896,1.1049210584197857,0.301620564,0.09969349776204416,0.007049394830774732,-62.461899436,22.732912975104977,1.607459692082038
R:A:LEU:234,84.312395,2.870513199582089,0.20297593489099885,-10.493415,0.8459196786781829,0.05981555411324884,-89.33121500000001,1.4713622187534243,0.10404102024622307,-0.847235,0.8473734358445514,0.05991835026830261,0.171016056,0.03627663935531052,0.002565145768679885,-16.188453944,3.440885154268145,0.2433073225867125
R:A:THR:235,57.55572,2.8767913465526136,0.20341986692061323,-7.61209,1.1140266567277464,0.07877358033947676,-72.67629,2.216980441027841,0.1567641903608729,2.51776,0.7918256894039243,0.05599053144952278,0.07242191999999999,0.033026341287063575,0.00233531498818639,-20.14247808,3.8807299288946675,0.2744090448675008
R:A:LYS:236,134.83535,3.046043915884995,0.21538783087143054,-7.11261,1.3542515415904093,0.09576004484909141,-267.95821,18.63303435664465,1.317554494766535,129.048625,16.195781311328425,1.1452146791854683,0.7015731479999999,0.11193319344201924,0.007914872012271739,-10.485271852,24.912210087334064,1.761559268709783
R:A:VAL:237,56.16065,3.0503491697672906,0.21569225829292063,-10.857474999999999,0.7686252658968479,0.05435001377069743,-60.22592,1.7193432390305319,0.12157592635057321,-2.3401300000000003,0.9629248688760718,0.06808907045554374,0.004180176,0.007209844502804758,0.0005098129939233796,-17.258694824000003,3.711984956250867,0.2624769734227438
R:A:HIS:238,112.68883,2.9075637449761955,0.20559580408048211,-13.474995,0.8761182368693167,0.06195091464114957,-88.85525000000001,2.3373144691076555,0.16527309108714583,-6.7505500000000005,1.6269375087875992,0.11504185450304596,0.053239248,0.028630510418211127,0.0020244828065549185,3.661274248,4.1632072236680475,0.2943832059340496
R:A:THR:239,40.420120000000004,2.780204725483359,0.1965901614476167,-7.0925,0.9910632774954382,0.07007875641019894,-57.945465000000006,2.712972209362824,0.19183610464111028,0.2456,1.3978195520166399,0.0988407684106108,0.33631729199999993,0.07683537093253559,0.0054330811821379655,-24.035927708,4.246382709860399,0.30026460096555957
R:A:GLU:240,88.055785,2.758936650011196,0.1950862814087013,-10.816595000000001,1.1681598353714273,0.08260137411008972,38.702645000000004,9.227899240291638,0.6525110128916407,-170.830055,8.150280259106125,0.5763118439784792,0.179763228,0.04152919817600162,0.0029365577647490746,-54.708456772,12.671197504774407,0.8959889681380043
R:A:CYS:241,85.48756499999999,1.9898179981533484,0.14070137998212737,-9.320145,0.5135282990985015,0.036311934262374404,-71.71850500000001,1.4122348423597966,0.0998600833660527,-1.572175,0.8840443509095004,0.06251137553977675,0.06605596799999999,0.0193353329726637,0.0013672145061470347,2.9427959680000004,2.645638391617638,0.18707488472803024
R:A:CYS:242,91.98589,2.289560806770591,0.16189639724064275,-7.376315,0.6426697019270474,0.045443610429575246,-82.94954,1.3415665240307688,0.0948630786555022,1.4781400000000002,1.0496310210735962,0.07422012127448999,0.04163634,0.051276689205349446,0.0036258094653897634,3.179811340000001,2.9256227288102035,0.20687276707351865
R:A:HIS:243,110.62845499999999,2.8762468579687313,0.20338136576361904,-8.73252,0.8802406600470123,0.06224241397953648,-87.712425,4.037633876959996,0.2855038294346943,-7.81981,3.544410560854936,0.2506276742889739,0.562279716,0.07644287632662276,0.005405327622395956,6.925979716,6.157824020641633,0.43542391223491095
R:A:GLY:244,72.327545,1.4628361726369097,0.10343813774365339,-5.277175,0.5491189255297981,0.0388285715919991,-71.29496499999999,1.6785072069475897,0.11868838283031323,-1.93718,1.0489590018680426,0.07417260234075652,0.021710339999999998,0.012100691795876795,0.0008556481225912904,-6.16006466,2.5217591321272024,0.17831529828462475
R:A:ASP:245,100.012925,2.4636869889202644,0.17420897765865856,-10.418244999999999,0.8384387842740816,0.05928657499700079,21.740185,7.222416013410955,0.5107019339633196,-170.28959999999998,6.250653612223285,0.4419879556051273,0.074861208,0.02597181346096448,0.001836484541796004,-58.879873792,9.899867239524955,0.7000263257914643
R:A:LEU:246,66.63476,3.143864272261129,0.22230477460459544,-10.88156,0.9166018581696199,0.06481353895599283,-66.75551,1.600212929550314,0.11315214138274181,-0.66171,0.7947989657139722,0.0562007738336404,0.04227440399999999,0.014761756742826511,0.0010438138295078868,-11.621745596,3.730502145028485,0.2637863363980603
R:A:LEU:247,69.682545,3.4870481854965814,0.24657154182888785,-10.85907,0.9551762638905973,0.06754116134254726,-75.54791500000002,2.8890741350430935,0.20428839122396308,-0.79868,1.1676245319450942,0.08256352244181446,0.060419052,0.020016082319107703,0.0014153507540629214,-17.462700948000002,4.773087448601943,0.337508250210283
R:A:GLU:248,97.70912,2.8789777831028847,0.2035744713317463,-11.083789999999999,1.0811590659565316,0.07644949070791772,40.77955,7.7333863480043465,0.5468329928209343,-185.30624500000002,6.5938958715599245,0.4662588485218002,0.124695684,0.03167397720101699,0.0022396884065987214,-57.77666931600001,10.618057657349896,0.7508100572541858
R:A:CYS:249,79.45739999999999,2.1632342522251258,0.15296376090433966,-9.874935,0.6767316756107992,0.0478521556868131,-70.941955,1.4447845143740299,0.10216169274671895,2.5975749999999995,1.2784047028914591,0.09039686345153243,0.00021603599999999996,0.0013523257082167744,9.562386786529816e-05,1.238301036,2.9764527372209058,0.21046699143701633
R:A:ALA:250,90.39625499999998,2.176897831772314,0.15392992187964954,-7.484300000000001,0.5602891128694185,0.039618423113496073,-79.89404,1.3245769167549313,0.0936617320040581,0.47862499999999997,0.808399495531139,0.057162476519785246,0.026084339999999998,0.021496920744469426,0.0015200618433044097,3.5226243400000006,2.7315350867875545,0.19314869829164644
R:A:ASP:251,105.646135,2.7807465250854846,0.1966284724648874,-9.73863,1.0037686501878806,0.07097716192903178,3.455234999999999,10.835461275819087,0.7661828145415917,-162.53725500000002,9.979347947635405,0.705646460559305,0.05746734,0.022594423859979257,0.001597667032839446,-63.11704765999999,15.024487337929854,1.0623916880501618
R:A:ASP:252,97.66347,3.465958108387924,0.24508024817496,-6.737265,1.2978205633965738,0.0917697721141063,2.0956200000000003,11.950288775406223,0.8450130230227223,-156.68613000000002,9.987430212176704,0.7062179629657547,0.181396728,0.05028282877058943,0.0035555329200925813,-63.482908271999996,16.008057228953305,1.1319405820215214
R:A:ARG:253,-196.88948,4.359419083960614,0.30825747963025973,-13.504560000000001,1.0383113051488941,0.07341969648534376,-3.5315799999999995,9.068977512575495,0.6412735497570441,45.512225,7.613466478837022,0.5383533775522125,0.165277188,0.05954308955773,0.004210332239906879,-168.24811781199998,12.660860770243431,0.8952580506297865
R:A:ALA:254,85.64515,2.2210198102448344,0.15704981689737813,-7.100325000000001,0.6324047907590516,0.044717771600058506,-85.26530500000001,1.392233397090804,0.09844576760772909,4.198300000000001,0.7709358339057797,0.054513395601448265,0.026470044,0.021755513124274133,0.001538347085836717,-2.4957099560000002,2.804637946545204,0.19831785107752276
R:A:ASP:255,107.07466499999998,3.6791323518969796,0.26015394349091653,-7.445555,0.5790077866272612,0.04094203322839499,-4.34532,9.951868815333128,0.7037033924800988,-158.71146499999998,9.539985754642142,0.6745788619530522,0.581679864,0.069049350048028,0.004882526365548426,-62.845995136,14.280303001297526,1.0097699089616088
R:A:LEU:256,70.263925,2.7148118092005933,0.19196618399310592,-10.640429999999999,0.9592830734981203,0.06783155663479941,-74.67162499999999,1.483815835734004,0.10492162394794985,-0.8814800000000002,0.7117194036978338,0.05032616166567842,0.090915948,0.023073416986040363,0.0016315369615974012,-15.838694052000001,3.3165062190536307,0.23451240373401797
R:A:ALA:257,101.36916000000001,2.2229670317843215,0.15718750625288253,-8.1083,0.5455407225863161,0.038575554435419324,-84.994495,1.4102855916356094,0.09972225052552215,-0.011290000000000014,0.8706989927064347,0.06156771621150162,0.018572039999999998,0.009997960022244538,0.0007069625329761118,8.27364704,2.826007652056095,0.1998289174453938
R:A:LYS:258,130.23045,3.3163923603066032,0.2345043527048059,-7.869785,0.9649514230130964,0.06823236947281693,-210.27398999999997,15.431974139749586,1.0912053561312371,75.122825,14.376383566960607,1.016563830913669,0.8040926519999999,0.12237291970359003,0.008653072135600539,-11.986407347999998,21.372196774829366,1.5112425268335103
R:A:TYR:259,89.91916499999999,3.258750988918147,0.23042849224623893,-10.684159999999999,1.168768383555955,0.08264440496488555,-98.139795,2.8058614350988536,0.19840436478282172,-2.7460750000000003,1.1851822051376744,0.08380503741944753,0.469218384,0.07874571770919193,0.005568163098157122,-21.181646616000002,4.611853605935744,0.3261072958596796
R:A:ILE:260,77.756575,2.9978603944104862,0.21198074139382328,-11.010150000000001,1.025703094223665,0.07252816134095777,-60.761565,1.4167952977671123,0.10018255626043389,-3.045165,0.7314502907067575,0.05172134606596197,0.046982447999999996,0.020564971416641844,0.0014541630743614968,2.9866774480000005,3.5471094067528224,0.25081851151255125
R:A:CYS:261,85.51278500000001,2.5208221949941256,0.17824904682459036,-7.77411,0.6774471919640676,0.047902750333357696,-77.577775,2.039426663151926,0.14420924232473797,-1.70202,1.0729937183413516,0.0758721134409738,0.10019257200000001,0.04108234852226459,0.002904960722716243,-1.4409274280000006,3.4822038467054317,0.24622899534792916
R:A:GLU:262,93.632625,2.816305577236781,0.19914287715576218,-5.7103150000000005,0.7613272264768941,0.05383396445437583,5.465625,11.84197234899554,0.8373538950598335,-148.65986,11.649350414096059,0.8237334674225638,0.9705137039999999,0.09648386209541357,0.006822439316273463,-54.301411296000005,16.865947336884748,1.1926025733046397
R:A:ASN:263,16.908605,2.6908574226396684,0.19027235307546653,-7.508745,1.0398638708864734,0.07352947946147179,-78.08959499999999,2.508049598986232,0.17734588789953656,-10.50597,1.6062999530286988,0.11358255894062257,0.309444552,0.04579658206805499,0.0032383073735487923,-78.88626044799999,4.14664203856013,0.2932118704619077
R:A:GLN:264,32.673429999999996,2.746091226652895,0.19417797281231464,-9.418275000000001,1.0384114017936243,0.07342677438697004,-78.76165499999999,4.432341993345617,0.3134139080032585,-4.616890000000001,3.1832702175435874,0.2250911957174247,0.28506877199999997,0.09414064798999854,0.006656749057902369,-59.838321228,6.197341571186308,0.4382182250315131
R:A:ASP:265,88.35191999999999,6.1808912022134805,0.4370550082861424,-4.220155,0.7742493532286612,0.05474769679972848,-3.05331,7.670316889405547,0.5423733086348368,-145.50392499999998,8.585251568787895,0.6070689602482365,0.97887132,0.0861134521806483,0.00608914059883199,-63.446598679999994,13.090095466592155,0.9256095270806596
R:A:SER:266,79.92905999999999,3.9102752890813206,0.27649821732155894,-4.219060000000001,0.712561636912906,0.05038571654745023,-71.072795,4.910433392581046,0.3472200750458922,-6.136105,1.694259603477283,0.11980224547092179,0.49842824399999996,0.07325158450478776,0.005179669213599485,-1.000471756,6.5411187440974095,0.46252694204977113
R:A:ILE:267,80.62512499999998,2.9894186223035075,0.21138381796361566,-10.402535,0.9582476134982023,0.06775833855604046,-63.55629499999999,1.3351582033508238,0.09440994195462149,-0.81737,0.8251491217349747,0.05834685394689246,0.006869088000000001,0.007411065059237843,0.0005240414359201761,5.855794088,3.5097628998424257,0.24817771468355407
R:A:SER:268,67.303875,2.5656603028021854,0.1814195798332556,-7.60364,0.7337255347880431,0.05188223011783514,-60.27265500000001,1.8164257391853378,0.12844069576997394,-4.14124,1.218360567484027,0.08615110191982457,0.0296217,0.017013160391167775,0.001203012108200911,-4.684038299999999,3.450371043203397,0.2439780762258824
R:A:SER:269,79.20708499999999,3.9984387237739436,0.282732313573944,-4.228400000000001,0.6054848965911536,0.04281424762856401,-65.73747,4.126947325699712,0.2918192439601954,-5.95093,2.161939521610168,0.152872209624575,0.581249592,0.07984139882293605,0.005645639452711771,3.8715345919999997,6.169779214926658,0.4362692721298453
R:A:LYS:270,119.96117999999998,3.2631890349166106,0.2307423094883121,-7.22203,1.5443390945967794,0.10920126462408758,-212.10472000000001,13.052509405918848,0.9229517912426412,85.74129500000001,11.304362235348574,0.7993391193604095,0.43450416,0.08568334482782053,0.006058727416249719,-13.189770840000001,17.64078611887395,1.2473919490117287
R:A:LEU:271,75.411345,3.4259224182656265,0.242249297377464,-10.332685,1.0159079711150023,0.07183554154368854,-77.92351000000001,2.1382747391062735,0.15119885680619416,-0.31460000000000005,0.8346294507145071,0.05901721443782313,0.002142468,0.004226802394455648,0.00029888006358551246,-13.157307531999999,4.247099771315536,0.30031530486730507
R:A:LYS:272,126.30760499999998,2.867700453146214,0.2027770436831423,-6.131024999999999,0.9012163027680979,0.06372561590031908,-177.46252,12.108349096371478,0.8561895755018277,42.77318499999999,11.717723361249616,0.8285681648807628,1.122733548,0.11136298151445702,0.007874551940202468,-13.390021452000001,17.11623372817095,1.210300493756358
R:A:GLU:273,89.5503,2.6832147006902,0.18973193102374727,-6.090135,0.7911194706079481,0.05594059423955916,-13.389705,9.479381995044562,0.6702935290153673,-131.75950500000002,8.650294104247266,0.6116681620371253,0.822875076,0.11153403037219727,0.007886646920924703,-60.866169924000005,13.134847623198988,0.928773982421601
R:A:CYS:274,84.6988,2.393435827424667,0.16924147039068174,-8.415435,0.7222027871553807,0.05106744881893945,-76.16277,1.5732937637644149,0.11124866891563238,1.349835,0.6621573285670106,0.0468215937242102,0.015897348,0.019378687945278854,0.001370280165660468,1.4863273479999999,3.0272418228804385,0.21405832212502834
R:A:CYS:275,90.050085,2.2152896645303524,0.1566446344081884,-7.278895,0.5632129650274397,0.03982517068230844,-81.84625,2.099473864447948,0.14845522064750705,-1.08819,1.7587111826277786,0.12435966033847148,0.17669134800000003,0.05828676153205714,0.00412149643327208,0.013441348000000844,3.567768212723452,0.25227930969185614
R:A:GLU:276,106.96791999999999,2.6121085876356673,0.18470396955127955,-5.25551,0.8733111930463276,0.06175242666891723,-26.117835,12.066836154012162,0.8532541671968998,-125.67011000000001,11.512956804309654,0.814088982783516,1.02774906,0.09354718994707859,0.006614785237252529,-49.047785940000004,16.90417829815818,1.195305910501412
R:A:LYS:277,142.048635,3.3092594234624464,0.23399997790357804,-8.51,0.9671734797852968,0.06838949261399736,-182.549165,12.08893526319729,0.8548168101931984,48.951775,11.238459827501943,0.794679115411922,0.59713416,0.08119584788812788,0.0057414134645886634,0.5383791600000011,16.86234118767733,1.1923475800487862
R:A:PRO:278,85.27832999999998,2.5446988684518255,0.179937382596002,-4.235425,0.7502922059937714,0.053053670672960976,-63.18374,1.4743218381344014,0.10425029693962506,-2.27179,0.8052718024990071,0.05694131522453621,0.741482928,0.04527318313113422,0.003201297479792542,16.328857928,3.1404725671283655,0.22206494483467923
R:A:LEU:279,67.670885,3.092533453622612,0.21867513761028023,-6.962819999999999,1.016131417484963,0.07185134158803161,-70.99248,2.308263986115973,0.16321891173512953,-0.27301,0.7735743079368652,0.054699963889384785,0.36558489599999994,0.09143139920049559,0.0064651762388044706,-10.191840104,4.065851172833896,0.28749909356061254
R:A:LEU:280,71.10523,4.484239039915245,0.3170835833585523,-8.10321,1.1514739623196002,0.08142150471159323,-77.087875,2.8402321770191605,0.2008347432514479,-1.6890399999999999,1.0553939683359954,0.07462762318337628,0.298851876,0.1289624726466945,0.009119023892706232,-15.476043123999998,5.534591097825218,0.391354689636691
R:A:GLU:281,110.09403,3.2861738464512196,0.23236758109835376,-7.689385,0.8819367192576801,0.0623623434764522,-68.185785,15.1706961543884,1.0727302126088716,-86.59761,14.649747386828894,1.0358935719896614,0.49976827199999996,0.1267775056946855,0.008964523397862825,-51.878981728,21.362535986359397,1.510559405929638
R:A:LYS:282,132.686995,3.4560429171199534,0.2443791382767256,-12.30563,1.1141200039044268,0.0787801809816403,-181.47269500000002,7.5200166211235855,0.5317454747432036,48.50602,6.750140109627355,0.4773069845476808,0.272783412,0.044906389946766545,0.003175361284996603,-12.312526588,10.737902685976813,0.7592843804975448
R:A:SER:283,79.649745,4.688118448799583,0.3315000346151943,-8.09567,0.813324234914957,0.05751070818117266,-75.11264000000001,4.74005108731963,0.3351722267014378,-2.46552,1.492888351351165,0.10556314767948138,0.025475616,0.016462155611162956,0.00116405018656015,-5.998609383999999,6.880190538323949,0.4865029385504387
R:A:HIS:284,104.01135000000001,3.128622279454649,0.2212270029573696,-10.69114,1.073728443508879,0.07592406635580051,-79.95779,4.334208835058598,0.30647484583485807,-7.760325,3.4063852408931963,0.24086781031693502,0.30144726,0.12546388871435318,0.008871636650395347,5.90354226,6.430065159898952,0.45467426780359105
R:A:CYS:285,87.45055500000001,2.2115794281406673,0.15638228107709326,-7.378665000000001,0.7170305940299898,0.050701719535682414,-73.2875,2.160975592180532,0.15280404952094692,-3.5860299999999996,1.2511616478696908,0.08847048855691936,0.174107304,0.04920836569087399,0.003479556907112444,3.3724673040000006,3.412163372715903,0.2412763859363776
R:A:ILE:286,77.326235,2.9654448367445654,0.20968861532967165,-9.817705,1.1075043467070456,0.07831238337501291,-60.63987,1.6209092087775923,0.11461558932143567,-0.7413,0.8752212234629597,0.061887486214904544,0.104911596,0.03210082056411617,0.002269870790253912,6.2322715959999995,3.662624506215576,0.2589866625285064
R:A:ALA:287,86.70470000000002,2.251718485956893,0.15922054107432246,-5.018025,0.6805023470753058,0.048118782423031026,-80.94977,2.503168425635798,0.17700073682191267,1.38863,1.2493611579923558,0.08834317469674724,0.24138010799999995,0.05752797485170789,0.004067842112557182,2.366915108,3.6555963292553977,0.2584896953697143
R:A:GLU:288,110.63382,2.904387728523862,0.20537122580342163,-5.750014999999999,1.4855984534102746,0.10504767405266524,-69.73832,21.20063171034297,1.4991110447822067,-89.46623500000001,18.055333612807463,1.2767048834201562,0.751260528,0.0973784469229676,0.006885696016064468,-53.56948947200001,28.037721201832273,1.9825662790833436
R:A:VAL:289,50.09164,3.5431909630162473,0.2505414356987682,-7.931025,0.9164594341131527,0.06480346805437961,-59.09187,3.7275838344831365,0.26357998068043786,1.679535,1.7063803206715085,0.12065930960300991,0.081898596,0.02970353281415502,0.002100356947808615,-15.169821403999999,5.49559800535953,0.3885974616264988
R:A:GLU:290,85.67361500000001,2.764119266018563,0.19545274770101084,-5.63421,0.7935116797502101,0.056109748970210156,-8.587955000000001,11.599409901067165,0.8202021398806972,-125.92268,10.60381239496437,0.7498027650909271,0.8410617720000001,0.08362667045248673,0.005913298576500605,-53.630168228,15.976988354607414,1.1297436808481403
R:A:ASN:291,19.54761,7.074301368891489,0.5002286470100448,-6.79985,0.9655512505817596,0.06827478368695136,-84.492595,8.657243862856989,0.6121595841811798,-5.7445699999999995,2.8313388679386295,0.20020589133564476,0.42253552799999994,0.11780655053233506,0.00833018107496098,-77.066869472,11.573947405480265,0.8184016695511542
R:A:ASP:292,105.615925,2.935556916391675,0.20757522021396244,-8.200975,1.155205239070097,0.08168534582086924,-68.03775999999999,6.548202995662246,0.46302787428188386,-98.36508499999998,5.285831657154341,0.37376474089843603,0.046768356,0.028945794731498803,0.0020467767741476645,-68.94112664400001,8.98731384747176,0.6354990566199042
R:A:GLU:293,101.414525,3.2076813572072584,0.22681732395669205,-4.427099999999999,1.0994046070487424,0.07773964529118974,-37.693850000000005,9.085901769087094,0.6424702754116333,-115.582795,8.820722640632965,0.6237192794157279,0.8103918960000001,0.06823217065877639,0.004824743056789856,-55.478828103999994,13.109589035090414,0.926987930528124
R:A:MET:294,98.74822,2.9113598011238664,0.2058642257848604,-6.961095,0.7669914184493852,0.05423448330974491,-68.38781,1.530907376002873,0.10825149869401351,-5.986025,0.9540865392484059,0.0674641061741353,0.615210264,0.10794613034503786,0.0076329440769823224,18.028500263999998,3.511396105953652,0.2482931997951864
R:A:PRO:295,76.338195,2.8469201335785654,0.20130765319499153,-6.617449999999999,0.7294045225387625,0.051576688411529494,-51.52741,1.4692091552600672,0.10388877566657527,-4.273070000000001,1.252220709419869,0.08854537551730185,0.26676305999999994,0.07704577599167653,0.005447959066549417,14.18702806,3.5170376033066737,0.24869211389862317
R:A:ALA:296,81.795355,2.206078382328017,0.15599329839731899,-2.35421,0.2875320258684239,0.020331584529986835,-68.100705,1.340425528694153,0.09478239810151988,-5.20923,0.8669017574673615,0.06129921113277071,0.8688128039999999,0.03635710547550209,0.0025708355826042084,7.000022804,2.7384370704963366,0.1936367422400583
R:A:ASP:297,91.22484999999999,4.661957558526247,0.329650180323779,-3.1967250000000003,1.063318014224813,0.07518793784161791,-10.519065000000001,5.605993388399152,0.3964035940223991,-138.734585,4.882439095654447,0.3452405793267574,0.943969896,0.04921002679970399,0.0034796743652442427,-60.281555104,8.839247054877617,0.6250291533087182
R:A:LEU:298,82.92319499999999,4.874536289430513,0.34468176653962274,-7.149655,0.9045358290167395,0.06396034185239319,-72.192835,3.720552422393078,0.2630827847634181,-4.9718100000000005,0.9848165432708774,0.06963704559715324,0.358496028,0.08637606212643417,0.006107709926179212,-1.0326089719999993,6.276872141340261,0.4438418855782624
R:A:PRO:299,88.487795,2.6087408692652856,0.1844658359015972,-3.5930899999999997,0.8673760383478437,0.061332747855448316,-71.51654,1.929196581066844,0.13641479847142685,-1.1411250000000002,1.068133156200574,0.07552841979596156,0.702592452,0.07429182717397988,0.0052532254781460196,12.939632452000001,3.5250669891840136,0.2492598772188862
R:A:SER:300,67.945,7.05044962041429,0.4985420737009064,-3.8011500000000003,0.5248375439123997,0.03711161863217502,-47.724560000000004,7.100175896159193,0.5020582523791437,-14.466094999999997,2.2322140322950665,0.15784136792956086,0.6646212,0.06581833260677453,0.004654058931264192,2.6178161999999996,10.265666251772563,0.7258922220026267
R:A:LEU:301,54.63386500000001,3.366189162357784,0.23802551834598532,-7.9521500000000005,0.8475319979210225,0.05992956230025379,-57.161049999999996,2.3360592217450313,0.16518433169492802,-3.9482550000000005,1.0543368342114392,0.07455287251256654,0.27804542400000004,0.07532811912442407,0.005326502384690832,-14.149544575999998,4.31555478904866,0.3051558055918388
R:A:ALA:302,85.72089,2.6152584820434104,0.1849267007208532,-4.65172,1.014266464791181,0.07171946951839507,-71.90121,3.0252449662630627,0.21391712303950797,-3.3690800000000003,1.6586457016493907,0.11728396232222033,0.31210362,0.12297168070598204,0.008695410932110683,6.110983619999998,4.4482185302945325,0.3145365486970922
R:A:ALA:303,91.362185,2.1629534532150703,0.1529439054159236,-3.47707,0.5541216789659108,0.03918231967992706,-76.218005,1.8943840331292379,0.13395317959972053,-5.5389,1.2676995937524,0.08963989792497536,0.657848376,0.06168332042034883,0.00436166941553313,6.786058376000001,3.191390987150912,0.22566542084320396
R:A:ASP:304,86.79867,6.088697998841789,0.430535964357799,-6.524069999999999,0.8894386067064999,0.06289280702512808,-3.1656099999999996,8.555617162887783,0.6049734913113962,-137.912855,6.295904122044346,0.4451876498397894,0.49875606,0.11303936587068948,0.00799309021481917,-60.30510894000001,12.276527033583703,0.8680815514867006
R:A:PHE:305,107.542585,3.650043068619191,0.25809702054435846,-12.552105000000001,1.0490653668742478,0.0741801234824734,-79.59375000000001,1.857032333455721,0.13131201558692182,-4.181385000000001,1.1055529913916384,0.07817440171741002,0.08796002399999998,0.05446510973058095,0.00385126484285632,11.303305024000002,4.370026944905828,0.30900756867108425
R:A:VAL:306,49.4376,2.910416306991149,0.205797510674935,-6.039789999999999,1.007284664779525,0.07122578170508205,-51.97737000000001,2.0502835104199613,0.1449769373572914,-4.488715,1.1402111838492903,0.08062510600845745,0.44597318399999997,0.14117147971708074,0.009982331061808694,-12.622301815999998,3.874121691359283,0.2739417719102046
R:A:GLU:307,93.53425000000001,2.9644961591305865,0.2096215336922712,-4.977664999999999,0.8213277986133185,0.058076645597649655,-14.86786,8.938125781750893,0.6320209351374367,-130.556815,8.28501474656352,0.5858390109525611,0.94454424,0.08616156287485041,0.00609254253864378,-55.923545759999996,12.569876788829996,0.8888245116061074
R:A:SER:308,75.69086999999999,3.7870792852936157,0.26778694435222195,-6.422475,1.130095429322232,0.0799098141461673,-62.14655499999999,3.8270033403401937,0.270610001357812,-3.446895,1.9826463789528883,0.14019426992525408,0.129537396,0.07580859502366723,0.005360477161345986,3.804482396,5.848219674952752,0.4135315790027677
R:A:LYS:309,115.17371500000002,3.2877797742207426,0.23248113733994633,-5.589485,0.9156290241003722,0.06474474919925939,-162.585715,11.027776650520947,0.7797815650994032,40.337715,10.956244617740834,0.7747234865543157,1.0578421439999999,0.16499791955790494,0.011667114780106706,-11.605927856,15.91622601763868,1.1254471347970068
R:A:ASP:310,86.93242500000001,4.519670545999454,0.319588969180532,-5.264035,1.0998481685100903,0.07777100982290894,-39.82063,11.641413346028909,0.8231722319572617,-112.36184000000002,10.870620286092235,0.7686689319999866,0.514492056,0.10717428708379666,0.007578366516578642,-69.999587944,16.593416292718686,1.1733317183632723
R:A:VAL:311,51.13552,3.2515839478014406,0.22992170590877234,-9.380294999999998,0.8989312698838549,0.06356403967555083,-56.47067,1.8558778815159152,0.13123038350740276,-0.44017,0.6786026459571167,0.04798445326874111,0.011861064,0.012184618634356348,0.0008615826462525344,-15.143753936000001,3.909706935910448,0.2764580286834356
R:A:CYS:312,91.4557,2.1258609056097724,0.1503210662216045,-6.97912,0.5204140905087025,0.03679883324237332,-72.12883000000001,1.4315846712996056,0.10122832289186658,-3.89243,0.8698201797498148,0.061505574751399575,0.167360976,0.042975318319400775,0.003038813900729875,8.622680976,2.756444106051246,0.1949100319350527
R:A:LYS:313,124.02503,3.3839424210674744,0.23928086330816345,-6.254884999999999,0.9508398612673956,0.06723453137246514,-174.30553500000002,15.886286435752536,1.1233300866592486,45.19247,14.12046897695328,0.9984679367137935,1.053861588,0.10595397430073802,0.007492077372171704,-10.289058412,21.543633162570796,1.5233649100649196
R:A:ASN:314,15.594439999999999,3.3661269949899397,0.2380211224492482,-8.82786,0.8899960563957573,0.0629322246706725,-80.241175,3.222165160939923,0.2278414835403663,-8.516174999999999,2.2559239735361207,0.15951791395286924,0.359804556,0.06741856312802627,0.004767212316568071,-81.630965444,5.2534741351037635,0.3714767185720004
R:A:TYR:315,83.67253499999998,3.4648854568044527,0.2450044002541077,-13.82527,1.2335117377228317,0.08722245144170164,-81.263715,3.802625653910072,0.2688862386193741,-3.6269,2.3745304609543334,0.16790465910748276,0.18407811599999999,0.0814146881442074,0.005756887807495706,-14.859271884,5.799307507030095,0.4100729664407032
R:A:ALA:316,90.248665,2.3516394393645887,0.16628601944804314,-4.139615,0.5141337246038233,0.036354744310406036,-76.73336,1.394521487966392,0.09860756006513903,-4.234095,1.1372764817646586,0.0804175912339769,0.593066988,0.051294958192382376,0.0036271012778514027,5.734661988,3.0058710365983687,0.21254717933509434
R:A:GLU:317,93.41062,2.860606938326201,0.20227545643997447,-4.132345,0.9153763520951369,0.06472688259042761,-24.073245,15.540849706659383,1.0989040212979817,-120.24595000000001,15.099183823885978,1.0676735272252,1.005105672,0.11929043526093623,0.008435107570370285,-54.035814327999994,21.875524631011587,1.546833180860164
R:A:ALA:318,100.82798999999999,2.3400043845899092,0.16546329683497787,-3.81346,0.8384973037523734,0.059290712948993955,-83.08537,1.9784431488167664,0.13989705667204014,-1.5716250000000003,0.755504291433874,0.053422220768842996,0.275929704,0.04848224114993431,0.003428212148424003,12.633464703999998,3.265895406084206,0.23093367882881352
R:A:LYS:319,125.18730500000001,3.3132587662262374,0.23428277414243465,-8.704540000000001,0.9847168722023605,0.0696299977883096,-165.65422999999998,11.255879284049735,0.7959108569968749,36.461165,10.948143401407155,0.7741506440537753,0.6580431,0.1341574364898778,0.009486363308859616,-12.0522569,16.078619703911635,1.1369301024755556
R:A:ASP:320,93.44144,8.366019188742039,0.5915668899896275,-5.5166200000000005,1.0728701625080268,0.0758633767242139,-51.431045,13.04626666418309,0.9225103627411861,-104.940115,13.557143692598933,0.9586348238557136,0.670102848,0.16744320392637765,0.011840022495994357,-67.77623715200001,20.619664974322234,1.4580304929137988
R:A:VAL:321,53.056329999999996,3.2123258880599272,0.2271457418828273,-5.7371300000000005,0.7868866710651541,0.05564129011354787,-58.227700000000006,2.5596755692860764,0.1809963952679721,-0.6973,1.111502136750083,0.0785950698199321,0.6233943239999999,0.07166872960140304,0.005067744470017714,-10.982405676,4.327902571801111,0.30602892568352646
R:A:PHE:322,91.12872499999999,3.182515957442319,0.22503786147418617,-13.847955000000002,0.9816251336304507,0.06941137885732425,-67.72185499999999,1.4571482642390923,0.10303594188376693,-1.99833,0.6761162112388669,0.0478086357837159,0.11249060400000001,0.04064029908378116,0.0028737031071591093,7.673075604000001,3.6978455283224876,0.26147716488571826
R:A:LEU:323,68.85712,3.553256336883113,0.25125316511041207,-10.679840000000002,0.8492134916497734,0.060048461862066034,-72.50547499999999,1.9724470282811146,0.139473066922883,-1.4383749999999997,0.666343278179498,0.0471175850598797,0.07556418,0.03262184266956727,0.002306712616645168,-15.69100582,4.205046846156313,0.2973417140124234
R:A:GLY:324,82.28985999999999,2.1754783796673323,0.15382955145874933,-5.40786,0.5283568684137644,0.03736047245418612,-81.758795,1.4554041098523123,0.10291261154433409,0.03556000000000001,0.7002020182775825,0.04951175953245855,0.07738146,0.030805794307168902,0.0021782986054437073,-4.76385354,2.7606702351309362,0.19520886438809457
R:A:MET:325,88.58991,2.929240913939992,0.20712861139760486,-9.84487,0.7551180259403162,0.05339490767385969,-74.551965,1.7144631736421174,0.12123085361769505,-2.15853,1.020253546477541,0.07214282012438937,0.502341732,0.08940672076993862,0.006322009854007574,2.5368867320000006,3.6247690132743404,0.25630987495211566
R:A:PHE:326,96.444675,3.3421359352029656,0.23632469834292608,-14.22232,0.8520448272244835,0.06024866752053525,-71.12857,1.3958470278293391,0.09870128988772131,-2.43616,0.7329734813756906,0.051829051911066244,0.0399555,0.04120300473807705,0.002913492405555573,8.6975805,3.792517598386914,0.2681714911588706
R:A:LEU:327,73.94819,2.9165923770558,0.2062342247773148,-11.901209999999999,0.9672279234492768,0.06839334236239665,-77.60585999999999,1.3003604617182118,0.09194937004678175,-0.72962,0.5257502407037015,0.037176156041204694,0.021867983999999997,0.013538388870989931,0.0009573086577017467,-16.266632016000003,3.3778062235381747,0.23884696861979665
R:A:TYR:328,91.21594999999999,3.341976615343081,0.23631343272759586,-16.502455,0.9117692898836856,0.06447182477543971,-92.34175499999999,1.6053755837731558,0.11351719616373109,-1.74763,0.8948731547543485,0.06327708760285986,0.116122932,0.04085764178970901,0.0028890715572794106,-19.259767068,3.921712509917398,0.2773069509626708
R:A:GLU:329,99.36235500000001,3.022437370562871,0.21371859604366442,-9.27254,1.35166335986443,0.09557703276415312,-53.36349,6.631524112894411,0.46891956698297416,-95.62505999999999,5.853653942316714,0.4139158397331516,0.10554418800000001,0.04309172830457205,0.0030470453297211184,-58.793190812000006,9.444911589354517,0.667856103253999
R:A:TYR:330,82.81991,3.436291285950596,0.2429824870427908,-12.698024999999998,0.9504050948805988,0.06720378874643154,-75.343405,1.7685513764024507,0.1250554671130975,-4.631475,0.9056216038583664,0.06403711772772881,0.280992456,0.098500034240303,0.006965004215842537,-9.572002544,4.082767978145506,0.28869529233579777
R:A:ALA:331,101.11211999999999,2.1277323811043534,0.15045339952290876,-8.096655,0.5866122790864507,0.04147975204693249,-79.913275,1.3329473918257233,0.09425361397248909,-1.13875,0.6749191044117806,0.047723987548192154,0.0029088720000000003,0.0038428867367665156,0.0002717331270899446,11.966348872,2.665265158709068,0.18846270673834217
R:A:ARG:332,-173.21167499999999,4.0989106003150395,0.28983674809601867,-14.30583,1.1132233832883678,0.0787167803298636,-59.15048000000001,6.343656598492703,0.4485642598312978,79.655245,5.136144021050714,0.36318022664357014,0.147039768,0.031120578693291937,0.0022005572228476315,-166.86570023200002,9.201263899349273,0.6506276098716846
R:A:ARG:333,-190.19945500000003,4.021455206511072,0.28435982467619264,-9.654924999999999,1.3385114827206377,0.09464705461278232,-51.94134,5.913894511605698,0.4181754912378295,71.942765,5.462896198883428,0.3862850947148686,0.424084176,0.07845039101463945,0.005547280347318775,-179.428870824,9.098750057308717,0.6433787865844481
R:A:HIS:334,119.12771500000001,3.4294592742552,0.24249939086289476,-9.229955,1.0772451916694732,0.07617273800300867,-87.71429,3.3584074195814897,0.2374752660373286,-7.959790000000001,1.4040242291000538,0.09927950533468627,0.42650272799999994,0.11824810853964816,0.00836140394108681,14.650182727999999,5.117207750690136,0.36184123012533553
R:A:PRO:335,76.25618,2.6423713247006,0.1868438682108675,-5.995685000000001,0.7296488098907583,0.051593962135844926,-54.112665,1.9453166690220385,0.137554660822071,-3.0977049999999995,1.6471543971270572,0.11647140438697816,0.5767853039999999,0.1359306449221881,0.009611748079553993,13.626910304,3.7457129220422063,0.26486190075541216
R:A:ASP:336,80.12951000000001,8.626980331489113,0.6100196293558922,-5.783725,1.3821748620833039,0.09773452177646852,-42.769855,15.799919010994172,1.1172229874872228,-95.20775000000002,13.431645763922603,0.9497607802165238,0.569931984,0.15607598460835845,0.011036238709693747,-63.061888016000005,22.503468741145696,1.591235534708362
R:A:TYR:337,97.25083999999998,3.656531272175858,0.2585558058176223,-11.35301,1.0853983553976854,0.07674925373904297,-87.46091,2.1782253606778155,0.15402379234877966,-8.93384,1.2864889833962825,0.09096850840812991,0.33163578,0.08614788719171468,0.006091575521815517,-10.16528422,4.5777124875932955,0.32369315422995587
R:A:SER:338,84.80994000000001,4.925101350875939,0.3482572563235402,-7.182729999999999,0.9544806268856376,0.06749197237820212,-75.35148,5.347059076688792,0.37809417325317246,-2.9132399999999996,1.0656233773711987,0.07535095163300859,0.12083749199999999,0.0431750611724261,0.0030529378533166508,-0.5166725080000002,7.4091912258631325,0.523908935891569
R:A:VAL:339,57.45569,2.85748495252381,0.2020546987068106,-8.730285,0.7844395029414315,0.05546824919604909,-58.041675000000005,1.8601760613917704,0.13153431072110044,-1.5324399999999998,0.7266794591840339,0.05138399733380033,0.10261130399999999,0.03462065432082392,0.0024480499439369936,-10.746098696,3.573525177350176,0.2526863885645169
R:A:VAL:340,46.15066500000001,3.119890753339771,0.22060959082477583,-8.743765000000002,0.7564551207936926,0.053489454557650896,-48.50644500000001,2.3729736507123294,0.1677945759995686,-0.43346,0.7324509938555617,0.05179210646420939,0.12458523599999999,0.04367261367414943,0.0030881201281131405,-11.408419764,4.058982429761199,0.28701340008011933
R:A:LEU:341,66.41109999999999,3.8633530786093058,0.2731803160002565,-11.590055,0.862472505054509,0.06098601569109922,-69.04921,2.9704358999816844,0.21004153679570142,-0.21357999999999996,0.6666806833859821,0.047141443210830955,0.003703716,0.008129728042249875,0.0005748585827877322,-14.438041283999999,4.993733522521305,0.35311028372133996
R:A:LEU:342,67.992265,3.3537060760858277,0.2371428308506816,-12.447529999999999,1.0330863560709724,0.07305023679290848,-71.374905,1.6216484409313257,0.11466786092831328,-0.43807,0.46630132436011806,0.03297248285313073,0.0051580079999999995,0.012279780405851563,0.0008683115996459335,-16.263081992,3.893834003646896,0.2753356428793484
R:A:LEU:343,85.153015,3.8441956264965236,0.27182567957033604,-10.45989,0.9087253203801465,0.06425658362767195,-82.49826999999999,3.2990529757947202,0.23327827306781057,-1.01202,0.6545520984612302,0.046283822746182056,0.11452899600000001,0.038287473583134,0.002707333220513485,-8.702636004,5.188186257258733,0.3668601684566504
R:A:ARG:344,-190.37925499999997,3.503206003074183,0.2477140720667176,-12.9471,1.4234321058624468,0.10065184946139837,6.60732,6.6117654032489686,0.46752241522519533,22.712545,4.795313112610583,0.33907984198397134,0.04717468799999999,0.032455165770796116,0.0022949267801063455,-173.959315312,9.000562993131885,0.6364359126940244
R:A:LEU:345,60.810545000000005,3.4121050889406965,0.24127226465110943,-11.342669999999998,1.1813169350771198,0.08353172155235399,-69.84110000000001,2.274808980991591,0.1608532856363214,-1.14557,0.5970886827766878,0.042220545656113925,0.026812548000000002,0.0322870848543825,0.002283041664527934,-21.491982452000002,4.3093252476488,0.3047153104950865
R:A:ALA:346,101.56037499999998,2.3171122295596733,0.1638445770291925,-7.099855,0.7089549026383836,0.05013068192110496,-82.83134999999999,1.4263066071150339,0.10085510739422172,-2.4054699999999998,0.6299729987070875,0.04454581793502056,0.054025163999999994,0.020675231857551296,0.001461959664907866,9.277725164000001,2.8815395399269406,0.2037556148939504
R:A:LYS:347,142.273415,3.453437348899642,0.244194896780983,-8.070084999999999,1.0460362315785243,0.07396593127159963,-153.13248,9.4035527514658,0.6649315917806884,7.258975,9.0717484281904,0.6414694830791835,0.6485983920000001,0.09341536211874327,0.0066054636021160296,-11.021576608,13.555536567926948,0.9585211829803364
R:A:THR:348,43.72591500000001,3.414725763187287,0.24145757430421394,-7.5445150000000005,1.0417485972032792,0.0736627497374012,-61.469345000000004,2.85474311208119,0.20186082130981978,-2.8210650000000004,1.008977874274258,0.07134550969665156,0.186529032,0.051644874049552834,0.003651844065396396,-27.922480968,4.681437167934179,0.33102759671450044
R:A:TYR:349,80.45197,3.129097905003933,0.22126063476249003,-15.240545,0.8620167272013926,0.06095378733003389,-76.579875,1.5388080060147205,0.10881015759971584,-4.1964,0.746467112470469,0.052783195716060986,0.016239492,0.01667133965643841,0.0011788417322531808,-15.548610508000001,3.6687528807506156,0.25942000404764415
R:A:GLU:350,107.01709500000001,3.0763784237273217,0.21753280449135712,-8.214575,1.2379089442988123,0.08753338090051703,-96.37869500000001,13.29785721167042,0.9403005009622588,-62.95629999999999,11.164061058145462,0.7894183279795319,0.16625754,0.05685314439047677,0.004020124393028405,-60.36621746000001,17.676793283068967,1.249938040009088
R:A:THR:351,46.13522,3.396584490572846,0.24017479261571145,-6.853164999999999,0.7668747666829312,0.05422623478423521,-58.622690000000006,3.0063992455926414,0.21258452935126773,-3.2538700000000005,1.8327844480734772,0.12959743116859995,0.47884212,0.08243260862891578,0.005828865655240306,-22.11566288,4.952697598414462,0.3502086057005194
R:A:THR:352,36.50192,2.7374474339427963,0.19356676436826648,-7.692424999999998,0.9410382374670012,0.06654145190687531,-47.62545,2.2414395971116416,0.15849371387376848,-1.3260800000000001,0.8779192295422171,0.06207826405433709,0.13307936399999998,0.0625561433992498,0.0044233873202487615,-20.008955636,3.7653523513944855,0.2662506181227753
R:A:LEU:353,61.932505,3.332330175714135,0.23563132644000243,-11.927109999999997,0.9569451070463759,0.0676662374415779,-68.203335,1.798990481568761,0.12720783688073237,-0.86751,0.6901410145035578,0.048800339133042915,0.0029359079999999997,0.005434269387023061,0.00038426087343584696,-19.062514092,3.9664668461785704,0.28047156042844856
R:A:GLU:354,107.74569,2.642099565478183,0.18682465193196537,-6.347745,1.081426904591799,0.07646842975944386,-46.61948,8.249565790367393,0.5833323912213344,-107.69526,7.6326518263576,0.5397099864853345,0.806800896,0.07502594131033068,0.005305135186543875,-52.109994103999995,11.596055915169801,0.8199649772634943
R:A:LYS:355,120.46057499999999,3.8652488256740987,0.27331436556074945,-6.6556,0.8377490256634144,0.05923780169790233,-145.88613999999998,10.593334151267012,0.7490618413735943,20.30153,10.553599260399269,0.7462521602953656,1.16003142,0.11442015073662332,0.008090726449025329,-10.61960358,15.467781019744544,1.0937372848969937
R:A:CYS:356,82.10090499999998,2.2245179671054585,0.15729717394115827,-7.46769,0.8735579625302491,0.06176987590646431,-76.48899,1.4884224702348454,0.10524736219734913,-0.93268,0.6861435109363055,0.04851767294502077,0.007274124,0.010878700153116821,0.0007692402648764037,-2.781180876000001,2.8979124233647964,0.20491335258459886
R:A:CYS:357,82.97086499999999,2.308162021344039,0.16321170173696184,-5.97192,0.6054664182264777,0.042812941010867266,-71.977145,1.3800704670323904,0.09758571857538889,-4.262015,0.7067257634860923,0.0499730579800256,0.279880236,0.04764282369585061,0.0033688563710211096,1.0396652359999996,2.846142501312032,0.201252666290098
R:A:ALA:358,86.55334,2.2305355151622224,0.15772267884486366,-2.7337199999999995,0.47719068683284255,0.033742477057856914,-72.39054999999999,1.417479222951786,0.1002309170740246,-3.957685,0.7778744087415398,0.055004026933261896,0.7181936999999999,0.055953878417135665,0.003956536686244423,8.1895787,2.7965096845505326,0.19774309615995345
R:A:ALA:359,91.32062,2.507423854397178,0.17730164107531549,-4.538665,0.5181060342970346,0.036635629022510316,-73.42378000000001,1.5489623370501948,0.10952817723307554,-6.569069999999999,0.9289863051197257,0.06568925159795931,0.32199505200000006,0.04759199265228234,0.0033652620734609183,7.111100051999999,3.133715545935785,0.22158715128408973
R:A:ALA:360,88.444235,2.085521349632988,0.14746862886348064,-2.080425,0.20823230867230955,0.01472424775243204,-71.27877000000001,1.1182442743425964,0.079071810941068,-7.526715,0.5836295089995022,0.04126883835141231,0.9009797039999999,0.02091352978954016,0.0014788098732730717,8.459304704,2.4462810612751063,0.17297819271158518
R:A:ASP:361,116.041315,3.018050727833281,0.21340841356159082,-5.009834999999999,0.9066909383990777,0.0641127310982382,-39.327785,8.076493619682678,0.5710943406687506,-123.16068,7.1906113952570125,0.5084530078463495,0.581717448,0.10538904512488619,0.007452130847058208,-50.875267552,11.263945442461862,0.796481220528009
R:A:PRO:362,83.63959000000001,2.5884862491232203,0.183033617976316,-7.6825849999999996,0.8236041541754145,0.05823760824308464,-60.50878000000001,1.7199094835484798,0.12161596588441828,-1.5832050000000002,0.7921257368467458,0.05601174800767246,0.28670796,0.06183008746369359,0.004372047412693507,14.151727959999999,3.3117910017037255,0.2341789875177293
R:A:HIS:363,106.27397500000001,2.9313030130600626,0.2072744238247329,-8.562925,1.0319067929687253,0.07296682908606485,-84.24649500000001,4.3305985394602216,0.3062195593848881,-8.92665,3.257398816156843,0.23033287919335355,0.60994206,0.12242875701221016,0.008657020429557388,5.147847060000001,6.247966752613891,0.4417979659401374
R:A:GLU:364,91.558615,3.106879079844435,0.21968952656846208,-5.47906,0.7605347174192643,0.05377792560149564,-15.078054999999999,9.79688670506988,0.6927445023671244,-129.221235,9.997060099337956,0.7068988988171329,0.950988204,0.11720147562145446,0.008287395817700027,-57.268746795999995,14.358448613997714,1.0152956382276368
R:A:CYS:365,83.464625,2.5157791465816315,0.1778924494515577,-5.945449999999999,0.7948988347582351,0.056207835641483295,-71.537365,2.6075461725106615,0.18438135808393158,-1.1889949999999998,2.153594784302516,0.1522821475908289,0.271319364,0.07665126037250206,0.005420062599589189,5.064134364,4.290006040128812,0.3033492362306331
R:A:TYR:366,83.206975,3.497140798477379,0.2472851973367492,-13.01836,1.113697364816852,0.07875029588515843,-76.20058999999999,2.259987279145615,0.1598052330479199,-5.188229999999999,1.1332597527045598,0.08013356559831841,0.118621692,0.05115242375496527,0.0036170225711263785,-11.081583307999999,4.456989154601008,0.315156725489327
R:A:ALA:367,97.91844,2.422434745540115,0.1712920035553324,-4.3994599999999995,0.7300683381711606,0.05162362726504212,-76.72203499999999,1.9666048875600308,0.13905996519083055,-3.996105,1.3620699996604433,0.0963128933210658,0.387769788,0.12324847785562244,0.008714983446263067,13.188609787999999,3.484128230970228,0.24636506986425377
R:A:LYS:368,140.33086500000002,3.2220917021051707,0.22783628921634713,-5.681604999999999,1.0847805764185678,0.07670557016850212,-180.70905000000002,12.128319064383984,0.8576016654819998,37.281525,11.0633019324872,0.7822935818775935,0.9874636559999999,0.1462967429759995,0.010344741902383466,-7.790801344000001,16.765225902135356,1.1854804923524263
R:A:VAL:369,50.14977,4.054590435185779,0.2867028391653979,-8.57581,0.9527229680762399,0.06736768713188838,-56.7538,3.227667247409497,0.22823053980569735,-1.0713750000000002,0.8437525433295001,0.05966231450316858,0.033462467999999995,0.02895898011671295,0.0020477091216774125,-16.217752532,5.336476130172832,0.37734584592853543
R:A:PHE:370,88.29403000000002,3.157087016396602,0.2232397638090042,-9.84648,1.365879895744864,0.09658229365675677,-68.3604,2.8334246028437033,0.20035337506515827,-2.0327750000000004,2.2530498450711205,0.15931468238010896,0.52604208,0.1855091845603942,0.01311748023750415,8.58041708,4.997176058598623,0.3533537077818151
R:A:ASP:371,93.80425500000001,10.556728319416722,0.746473418180363,-5.58395,1.1062271229272946,0.07822207001543745,-56.096005000000005,18.19706720037531,1.2867269615092687,-98.81764000000001,11.832829659908064,0.8367074093146301,0.590944644,0.10910557389214387,0.007714929116438486,-66.102395356,24.162559213359508,1.7085509470587998
R:A:GLU:372,98.790975,3.3712373105990334,0.23838247633136755,-7.32995,0.9892600808179819,0.0699512511503547,-39.172399999999996,10.515495363034496,0.7435578078737388,-107.42530000000001,10.005333553660268,0.7074839203826473,0.629002584,0.11714590544416882,0.008283466412780986,-54.507672416,14.934521817756247,1.0560301651113886
R:A:PHE:373,108.60781500000002,3.00946625347004,0.21280139955807384,-12.791975,1.186081744389905,0.08386864444996711,-80.35146,1.8985644941376099,0.1342487828324711,-0.5472400000000001,0.7807712676578207,0.05520886579164619,0.089416836,0.044708475927773515,0.0031613666505044173,15.006556835999998,3.831426208837876,0.2709227453885127
R:A:LYS:374,141.06181,3.607755481445493,0.25510683657930455,-5.682480000000001,1.2043140618626023,0.08515786398213614,-170.56127999999998,12.439966949779247,0.8796384987925437,38.015435,11.418752551210442,0.8074277361652094,0.9963103319999999,0.08962540665763127,0.006337473281421302,3.8297953320000007,17.30939029037111,1.2239587252525994
R:A:PRO:375,83.98524000000002,2.6054231254059297,0.18423123598347815,-5.809505000000001,0.6643313028715416,0.04697531692149612,-61.881195,1.7380526076546134,0.12289887849315391,-1.2079900000000001,1.0394142773216077,0.07349768839562235,0.606889548,0.059033424742588804,0.004174293495215026,15.693439548,3.366639213590735,0.23805734177385543
R:A:LEU:376,75.009365,4.513893274300468,0.31918045438102094,-8.256284999999998,1.2017262973635052,0.0849748813995936,-77.40282,2.8593669819734573,0.2021877782854344,0.18724,0.6702459118860778,0.047393542935720685,0.365720292,0.11635479138329773,0.008227526201067589,-10.096779708,5.518888125612609,0.390244321823059
R:A:VAL:377,51.957649999999994,2.8161254104709186,0.1991301374415736,-8.03174,0.8545056011519176,0.06042267051364083,-61.930265,2.09329938966575,0.14801861934863128,0.5867249999999999,1.114715667502256,0.0788223007585734,0.20994174,0.06081111913181339,0.0042999954709648245,-17.20768826,3.780070567629666,0.26729135317346187
R:A:GLU:378,90.35226999999999,3.0291172455188984,0.2141909345315529,-7.2178700000000005,0.7864344747656986,0.055609315006570625,-45.346255,12.183932386548072,0.8615341212046537,-97.859545,12.242310965580598,0.8656621101156471,0.762214968,0.09985409309346001,0.007060750635561837,-59.309185032,17.553529203213166,1.2412219533348123
R:A:GLU:379,107.04323000000001,2.628786445700753,0.18588327220462844,-6.44039,1.256723473123662,0.08886376899220513,-90.75983500000001,5.92705236334006,0.4191058918565509,-54.64059,5.317486247457533,0.37600305844434295,0.504740448,0.04942883428281205,0.0034951463907522498,-44.292844552000005,8.479264412927193,0.5995745365854588
R:A:PRO:380,80.902,2.7438408991776475,0.19401885063055085,-9.958525,0.8702418970464477,0.06153539466741885,-59.580470000000005,1.2163603615294276,0.08600966600039787,1.28146,0.5102562967764337,0.036080568759375174,0.006002784,0.006318094734058994,0.0004467567630632131,12.650467784,3.1663729684287145,0.22389637977417218
R:A:GLN:381,23.410425,2.9411778022375663,0.20797267686375295,-9.509759999999998,1.4671787867877588,0.1037452069350676,-70.390885,3.886821899929941,0.27483981227048415,-2.9852800000000004,4.250138355583263,0.3005301652213967,0.427436244,0.1904296643378391,0.013465410699236407,-59.048063756000005,6.634038320450811,0.4690973483042183
R:A:ASN:382,26.50132,7.059272851901958,0.4991659703825973,-7.174895,0.777943284549073,0.05500889718831854,-88.680175,6.140271162935314,0.4341827377635769,-5.991855,2.7329817880796425,0.1932509955210451,0.5879429639999999,0.09301443301515902,0.006577113633324083,-74.757662036,9.778512159049255,0.6914452257578836
R:A:LEU:383,84.12534,3.179626385976818,0.22483353791638827,-9.053995,1.0065163560394834,0.07117145407306921,-86.95644500000002,2.2549723162325073,0.15945062161959417,1.04247,0.7991474263863958,0.056508256436559774,0.28743667199999995,0.08243906504872806,0.00582932219306345,-10.555193328,4.1052931789211,0.2902880645573988
R:A:ILE:384,96.73881000000002,3.269945041418892,0.23122003128946245,-10.771484999999998,1.2429602808517253,0.08789056433357906,-77.848935,1.7956675251212295,0.12697286837696864,0.38911500000000004,0.7286907449494606,0.051526216714164054,0.018013356,0.015700839477010904,0.0011102170064515857,8.525518356,3.999143584892306,0.2827821547816029
R:A:LYS:385,125.525425,3.4201776071389913,0.24184307788703605,-7.67314,1.1627298527173024,0.08221741635444402,-149.15642,13.782782137638252,0.9745898713140827,18.001034999999998,12.26012412350605,0.8669216905919904,0.8357729399999999,0.1428340780062447,0.010099894514274394,-12.46732706,18.797491431730723,1.3291833660672818
R:A:GLN:386,25.271785000000005,2.901861457543244,0.20519259146927063,-7.454815000000001,0.7225654854578927,0.05109309546186256,-70.60299,3.900112562465345,0.27577960403100876,-10.273209999999999,3.005314533605426,0.2125078286310883,0.7825572,0.09614598155281998,0.006798547553983571,-62.2766728,5.761504863759012,0.4073999159003273
R:A:ASN:387,23.352275,6.7399442393372215,0.4765860276454556,-9.5555,0.9552271876365329,0.0675447621951547,-84.14409500000002,4.4334635597887795,0.31349321472700964,-6.10116,2.6347143724510254,0.1863024399249779,0.115806708,0.0467629900684156,0.003306642738593584,-76.332673292,8.5404223002724,0.6038990522719426
R:A:CYS:388,92.82570500000001,2.1496578095071315,0.15200376143331124,-7.68272,0.861270155990558,0.06090099677345191,-83.18890999999999,1.7259814228142782,0.12204531682739818,-2.8382850000000004,1.1861917946837266,0.08387642618087039,0.062796888,0.056486695124642015,0.003994212516945146,-0.8214131120000002,3.122830218243717,0.22081744238143983
R:A:GLU:389,99.53054,2.6761365489077718,0.18923143011138502,-6.852805,0.9103541601898681,0.06437175999516404,-60.913160000000005,13.258823530932146,0.9375404029277884,-86.007835,12.744316057669591,0.9011592305962776,0.667386504,0.11510898885550332,0.008139434659525312,-53.57587349600001,18.606925990256027,1.3157083544746253
R:A:LEU:390,71.87282,3.0883554924263503,0.21837971114093915,-9.68482,0.9433009687263126,0.0667014511686215,-73.39689,2.1824876283498154,0.15432518018619,-2.820335,0.8588798768017563,0.060731978511118834,0.315380772,0.09852121254199431,0.006966501747916531,-13.713844227999997,3.992291282608992,0.28229762384047574
R:A:PHE:391,97.80973,2.9556041847818526,0.20899277615625855,-11.982854999999999,1.0994077059830898,0.07773986441893888,-75.95855499999999,1.2363357420114491,0.08742213869995977,-6.322560000000001,1.0105262472593177,0.07145499620040574,0.46649278800000005,0.11388426230088798,0.008052833414338538,4.012252788,3.536516985630045,0.25006951423204127
R:A:GLU:392,96.02934,2.681737514075529,0.1896274781565161,-5.457085000000001,0.6474870792340184,0.045784250445704576,-45.18497,7.958620014745018,0.5627594181313184,-101.089555,7.681608236363985,0.543171727435141,1.04660838,0.11361770717866647,0.008033985120890253,-54.65566161999999,11.40046500067583,0.8061346110657777
R:A:GLN:393,27.60383,3.0703475407679828,0.21710635666764802,-5.718864999999999,0.7657834986306509,0.054149070480249244,-69.28376,4.32351475681534,0.30571866031042333,-8.996905,3.612944341665811,0.25547374440414616,1.00328778,0.07112245928593583,0.005029117325574936,-55.392412220000004,6.462558584683382,0.45697189990449566
R:A:LEU:394,70.561345,3.1685516258970754,0.22405043412114825,-8.018185,0.7654338056128694,0.05412434344982856,-65.236865,2.3116435336736068,0.16345788183466406,-10.808724999999999,1.3417663132509328,0.09487720588674078,0.41149418400000004,0.07531430002040079,0.005325525226474353,-13.090935816000002,4.216077943621011,0.29812173039454515
R:A:GLY:395,80.10824499999998,2.065555602005184,0.14605683730957272,-2.615835,0.5576095119122342,0.03942894671272617,-79.848375,1.9265313712408105,0.13622633967729952,-3.226405,1.1405342962730232,0.08064795350704815,0.350894196,0.03564848899772309,0.0025207288309344027,-5.2314758040000005,3.096943772958724,0.21898699428125654
R:A:GLU:396,93.14780999999999,3.052609427014861,0.21585208261561895,-5.4080449999999995,0.8932589842677207,0.06316294851315128,-91.676465,12.391865197732542,0.8762371912866258,-50.14401,11.904659994720554,0.8417865809987112,0.795357396,0.16255247428788522,0.011494195686761554,-53.285352603999996,17.47632718572318,1.2357629463259672
R:A:TYR:397,96.90503000000001,3.306215844299945,0.23378476435708975,-11.559845000000001,1.5615791529650362,0.1104203208421122,-82.52769,2.0340269034356453,0.14382742165352197,-8.300155,1.0746797992774406,0.0759913373673276,0.49800553200000003,0.13548382640822104,0.009580153239435413,-4.984654468,4.322053984180232,0.3056153680868177
R:A:LYS:398,126.35948499999999,3.291389861407335,0.23273640905297774,-7.973580000000001,0.6210201877555994,0.043912758601572725,-85.03882000000002,6.953218553130629,0.4916667989990782,-45.349534999999996,6.80729052771916,0.48134812936571697,1.032431832,0.0705839733872143,0.004991040622519003,-10.970018168,10.291275332389525,0.7277030574590473
R:A:PHE:399,97.1504,3.2397496971216775,0.22908489801818016,-14.6392,0.879015972551125,0.062155815496218854,-81.38590500000001,1.7403688821554466,0.12306266383381677,-0.42346500000000004,0.8179668506577757,0.05783899068859172,0.021615876,0.02440358442145383,0.0017255940029668392,0.723445876,3.8687460926872177,0.2735616596828091
R:A:GLN:400,28.598225,2.710137615394281,0.19163566857940353,-10.51761,0.9705484521135459,0.06862813919595954,-75.22093999999998,3.337670446044666,0.2360089405764112,-3.516885,2.017021971068982,0.14262499135451334,0.16443820799999997,0.0669478668583125,0.004733929064148689,-60.492771792000006,4.847650342931808,0.3427806430308374
R:A:ASN:401,14.747215,6.1664318782238245,0.4360325796816965,-9.210825,0.8867834371338924,0.06270505818412897,-74.701015,4.454153154615925,0.31495619000723735,-8.01759,1.8162606453645358,0.12842902187395183,0.200079504,0.06508928961060478,0.004602507806627374,-76.982135496,7.871072776022784,0.5565688935138533
R:A:ALA:402,92.64044,2.1292963031010967,0.15056398550782318,-6.168895,0.5363597244154337,0.037926359828950096,-79.488125,1.6242365189143477,0.11485086567751673,-0.21945499999999998,1.0074343442502842,0.07123636564195987,0.231925104,0.07851607198927099,0.005551924693574465,6.995890104,2.912184317876467,0.205922527923557
R:A:LEU:403,69.987725,2.816193242548352,0.1991349338937671,-10.449855,0.8635443902747559,0.06106180942188824,-73.73137,1.6102326394344388,0.11386064186320045,0.914985,0.5872455574757462,0.04152453159127746,0.05600102399999999,0.0372639390082077,0.0026349583966425575,-13.222513976,3.408188432639165,0.24099531522807044
R:A:LEU:404,85.103915,3.0137926102794466,0.21310731918185025,-11.01539,1.049796269711414,0.07423180611772827,-91.05144,1.5480006868215532,0.10946017829329532,-1.0630099999999998,0.5164209619099519,0.036516476411340676,0.010384091999999998,0.011718428629450965,0.0008286180348735357,-18.015540908000002,3.5844319164331386,0.25345761148113644
R:A:VAL:405,67.106245,2.895734538070608,0.20475935283858218,-8.87065,0.90261167037658,0.06382428329013964,-63.70007,1.6474690574028994,0.11649365422845996,-1.829675,0.7483441116057505,0.05291591959774487,0.138212532,0.06294849841868014,0.004451131009735939,-7.155937467999999,3.5324385430468794,0.24978112479131764
R:A:ARG:406,-195.232005,4.031291549240144,0.2850553591407729,-9.26201,1.3145292579094616,0.09295125523359003,44.29649499999999,15.429106423250019,1.0910025779529007,-12.051215,12.421536511187938,0.878335269981728,0.69935688,0.15269534985780803,0.010797191734010838,-171.54937812,20.257208813493857,1.4324009719933402
R:A:TYR:407,95.356315,3.785345650766254,0.2676643578791823,-14.158319999999998,1.0940962972243347,0.07736429110384195,-93.57508,1.6585120209392514,0.11727450966855499,-6.71086,0.7494025623121394,0.0529907633649488,0.16569036,0.051525033244495824,0.0036433700408045294,-18.922254640000002,4.340600137818024,0.30692677918703876
R:A:THR:408,54.70744500000001,2.3955276719284626,0.1693893861340639,-10.093295000000001,1.028922182662518,0.07275578526739299,-57.846000000000004,1.8257972039632442,0.1291033583993848,-2.69259,0.6101867680472922,0.043146720147654326,0.000383472,0.0009443019565880395,6.677223169911275e-05,-15.924056528000001,3.240848330075967,0.22916258309938148
R:A:LYS:409,132.92429,3.497912049480375,0.24733973301817072,-11.0807,0.9331818204401541,0.06598591933132401,-107.409915,8.117689701372859,0.5740073435408948,-19.3593,7.604328093921251,0.537707196157909,0.298774692,0.0782765764952424,0.005534989804785341,-4.626850307999999,11.697650878962955,0.8271488260467483
R:A:LYS:410,137.983955,3.4459169088901436,0.24366312136816068,-11.824380000000001,1.116782935757885,0.07896847869878208,-131.245815,7.276878923053139,0.5145530432364335,-4.533765,6.7725677198367675,0.4788928560741692,0.09064043999999999,0.06259489461178762,0.004426127444765231,-9.529364560000001,10.58045868428947,0.748151408372518
R:A:VAL:411,64.881225,2.766108035557361,0.19559337494372098,-7.705425,0.9189636360460625,0.06498054187120171,-63.07402,1.5271671780129374,0.10798702675784713,0.272065,0.45381199937308836,0.0320893542140536,0.02650176,0.018114093137885763,0.0012808598092843729,-5.59965324,3.3218008473560254,0.23488679049166653
R:A:PRO:412,77.06575,2.5521682032146704,0.180465544322178,-9.92528,0.6728696096570271,0.047579066384282914,-56.427080000000004,2.2258932237643387,0.1573944192720949,-0.34001500000000007,1.1546870029471188,0.08164870099318787,0.019804968,0.013189998302857208,0.0009326737243789384,10.393179968,3.6406582843670225,0.2574334160858904
R:A:GLN:413,36.57786,2.727972406458687,0.19289677874967223,-7.3632349999999995,1.3351021945060986,0.09440598153123032,-82.09746,1.8970519677647206,0.13414183106697178,-5.987509999999999,0.9064071214967366,0.06409266221261213,0.44967545999999997,0.04477721739856107,0.0031662274065186787,-58.42066954,3.694146228517891,0.26121558488797103
R:A:VAL:414,59.273624999999996,3.032908039221598,0.21445898412487874,-7.44896,1.026748493254312,0.07260208221531941,-67.76994,1.869264699393855,0.13217697447740281,0.37920000000000004,0.6875524270919273,0.04861729836179711,0.04348936800000001,0.02279765723017556,0.0016120378022623663,-15.522585632,3.770960385942841,0.26664716604860234
R:A:SER:415,76.912405,6.579766689706787,0.4652597644917031,-4.524455000000001,0.6791703379675823,0.048024595155763676,-69.83621,5.885810797664159,0.4161896727809329,-5.151700000000001,1.249416035594229,0.08834705512918921,0.547297452,0.0448826088601509,0.003173679708235612,-2.0526625480000007,8.942059363671666,0.6322990813824899
R:A:THR:416,47.39794,3.2035870265063817,0.22652781105639103,-7.028480000000001,1.076023517215121,0.07608635257390117,-54.279340000000005,3.0551165369589426,0.216029362059883,2.2122800000000002,0.7677336657982375,0.05428696812311403,0.095775948,0.02746480607055684,0.0019420550616464196,-11.601824052,4.6200327701838315,0.32668565011010575
R:A:PRO:417,87.420785,2.6570405075525287,0.1878811360777739,-6.408424999999999,0.5400704253845048,0.038188746010768666,-64.491395,1.4804135499835844,0.10468104601538425,-2.9509299999999996,0.9304910397741615,0.0657956524057631,0.6443728559999999,0.05678850470672444,0.004015553677156902,14.214407856000001,3.2267945567531604,0.22816883125759996
R:A:THR:418,39.15983,3.2279917132948164,0.22825348300847462,-7.270689999999999,0.7854831722576876,0.05554204776113319,-47.907685,3.1000800789294134,0.21920876460323155,-2.27361,1.2621396546737607,0.08924675086242635,0.275748732,0.05851422473319266,0.004137580510471413,-18.016406268,4.716336632723658,0.3334953615357426
R:A:LEU:419,76.14551999999999,3.037325858316819,0.21477137110890734,-11.876935000000001,1.0672155783978232,0.07546353724730243,-80.80176499999999,1.6349973852502022,0.1156117738332692,0.6751849999999999,0.5964419425015313,0.04217481421269096,0.00768168,0.008822853706505622,0.0006238699685286991,-15.85031332,3.6596905256691477,0.2587791987744815
R:A:VAL:420,52.12533499999999,2.7468352230840134,0.19423058130447687,-10.343470000000002,0.8401071473925216,0.059404546084453835,-61.57379999999999,1.7646400057802154,0.12477889144402587,1.3478649999999999,0.7716360390592187,0.05456290758267012,0.025832195999999995,0.0190924853433382,0.0013500425855979211,-18.418237804,3.45841362645456,0.24454677274139788
R:A:GLU:421,99.01108,3.024301820850558,0.21385043258782527,-7.71636,1.0669066455880758,0.07544169239883208,-102.12907500000001,13.917059210888448,0.9840846942193924,-46.28639499999999,12.36229999753181,0.8741466159317183,0.511531596,0.11919154874075252,0.008428115237471301,-56.609218404,18.889412278513092,1.335683151476504
R:A:VAL:422,54.96176,3.273761723522346,0.231489911469161,-8.885114999999999,0.850658875093301,0.06015066590549934,-61.388575,2.3974607993406276,0.16952607888426785,0.9825499999999999,0.6559079184611205,0.04637969369778114,0.057373776,0.03703192677678309,0.002618552654426701,-14.272006224,4.197682835761988,0.2968209998437678
R:A:SER:423,84.78803500000002,2.4102236107413346,0.17042854593311232,-8.00211,0.9000794786573016,0.06364523029654304,-76.12342000000001,1.717150314794835,0.12142086319080425,0.84021,0.7435447437108273,0.052576553039353956,0.010265148,0.00979162727054579,0.0006923726041854053,1.5129801479999998,3.181333177637891,0.22495422631215
R:A:ARG:424,-199.623105,4.218430500076421,0.2982880812568196,-10.99868,1.210658625542312,0.0856064923822954,53.98154,11.000598573186824,0.7778597848211463,-13.4168,9.675338215277025,0.6841497262295732,0.49865803200000003,0.16714506209604332,0.01181894068499588,-169.55838696799998,15.29425141063655,1.0814668885633023
R:A:ASN:425,15.539905,5.0261314861407085,0.3554011656985315,-8.50065,1.1806914658368628,0.08348749419823305,-85.832815,4.864952125229497,0.3440040637897683,-1.7072999999999998,2.552016398850133,0.18045481013262019,0.12541302,0.08463488358819192,0.005984590011014455,-80.37544698,7.539478761676433,0.5331216558993359
R:A:LEU:426,72.41743500000001,3.039149770211235,0.21490034115579018,-10.732685000000002,0.8976477570712245,0.06347328161419574,-76.26876999999999,1.497654168057499,0.10590014181057548,-1.311645,0.6477038744480382,0.0457995801823008,0.03187152,0.023315760611431913,0.001648673243686571,-15.86379348,3.5644403154377398,0.25204399181807424
R:A:GLY:427,89.556895,2.0663854151573466,0.1461155139602739,-4.805685,0.6262253474389231,0.04428081897249643,-82.3193,1.8312282927041073,0.12948739436717382,-1.36868,0.951439092953406,0.06727690345133312,0.012035232,0.01376223855880198,0.0009731372209235859,1.0752652320000005,2.9867925399264257,0.21119812589793674
R:A:LYS:428,137.09864,3.1726851782677703,0.22434272041231906,-8.2229,1.1661810922836984,0.08246145584453381,-130.373485,17.074192340189185,1.207327718703118,-7.842585000000001,15.819071408359436,1.1185772664925187,0.538474572,0.22519946798800217,0.015924007093391916,-8.801855428,23.52121783992768,1.663201263637886
R:A:VAL:429,51.983239999999995,3.4973093575490286,0.2472971162630086,-9.5222,1.0265782240043861,0.0725900423611944,-61.688755,3.3371610591901315,0.23597292148650234,-0.12290500000000001,0.5994380167915612,0.04238666865743284,0.023398127999999997,0.016686992253836998,0.001179948538029553,-19.327221872,4.978080344777541,0.35200343690836655
R:A:GLY:430,78.15895,2.0512385642581896,0.14504446986183236,-5.21929,0.7145314100163827,0.05052500053933696,-76.309315,1.98903707752646,0.14064616055504325,-1.33556,1.0175507291530972,0.07195170207854709,0.0032574599999999998,0.006026863398850185,0.000426163597861197,-4.7019575399999995,3.1160630752052225,0.22033893310826197
R:A:SER:431,84.58778000000001,4.802303608852735,0.3395741447136398,-5.396845,0.7249405637533328,0.05126103885871803,-72.164475,6.331758410534549,0.4477229308923935,-3.8511450000000003,3.0233427599223677,0.21378261673923582,0.3230313839999999,0.09952125347325436,0.0070372153203123395,3.498346383999999,8.534010151494892,0.6034456448836873
R:A:LYS:432,117.26462500000001,3.3852995294914447,0.23937682536510294,-8.47716,0.9759928300966151,0.06901311485507665,-106.60459999999999,13.598793342793323,0.9615798988643637,-11.840440000000001,12.291571661362106,0.8691453673189543,0.6404622120000001,0.1467198063095772,0.010374656997587883,-9.017112787999999,18.666661616281004,1.3199323010986936
R:A:CYS:433,81.36822000000001,2.317389337508913,0.16386417152019533,-8.491125,0.7247917627670722,0.05125051704007482,-76.47473,1.2886487912150464,0.09112122988360068,-0.11664499999999998,0.6126405136578873,0.04332022616371018,0.0005855400000000001,0.0020475670775825638,0.00014478485654929524,-3.7136944599999997,2.8163033820206476,0.19914272193054078
R:A:CYS:434,99.047485,2.248247206108572,0.15897508452230807,-7.342435,0.9306748066725563,0.06580864668776437,-80.983215,1.8008386903815121,0.12733852497918685,-3.616405,1.0359823555326606,0.07325501487867571,0.0988974,0.06371333200263819,0.004505212911105534,7.2043273999999995,3.2001734193594693,0.22628643258020217
R:A:LYS:435,130.105095,3.4857354483630862,0.2464787172959869,-6.33991,1.0453659177053747,0.07391853292307687,-114.40912,7.191721673952629,0.5085315164058173,-18.408545,6.819679679279299,0.4822241746738492,1.189444176,0.12360201265256252,0.00873998213149324,-7.863035823999999,10.55875516048089,0.7466167374864491
R:A:HIS:436,120.259345,2.9311545090586746,0.20726392300609142,-9.003805,1.1812630600230416,0.08352791201074644,-89.24463500000002,3.253674845735971,0.23006955471959992,-8.856079999999999,1.9010519097594363,0.13442466967785338,0.438852744,0.08437648098118375,0.005966318187445278,13.593677743999999,4.918797305121219,0.3478114929733329
R:A:PRO:437,81.12513999999999,2.4913831942116005,0.1761673951161224,-4.77784,0.7984162976793497,0.056456557829892534,-63.438545,1.8298463727796932,0.1293896778722128,-0.553075,1.114967317626396,0.07884009510949998,0.679876632,0.05866475144183069,0.004148224356114177,13.035556632000002,3.382216762008569,0.23915884078590663
R:A:GLU:438,85.91412,3.135963436585319,0.22174610115625484,-5.3480550000000004,0.8773176972881602,0.062035729300742484,-51.31267,13.709511131732597,0.9694088288000579,-84.63156,13.036738809855782,0.9218366417006865,0.883397916,0.15408179869265592,0.01089522847129975,-54.494767083999996,19.197264088556043,1.3574515617246965
R:A:ALA:439,96.316285,2.07099999608281,0.14644181410674684,-3.71172,0.7453350800814357,0.05270314893818016,-73.194785,2.1248614069569336,0.15025039099408358,-5.339505,1.940088918058912,0.13718500300643288,0.5440302,0.1119014074934109,0.007912624406291,14.6143052,3.6243714350386336,0.25628176192546365
R:A:LYS:440,143.52472,3.022659367444502,0.21373429359370474,-7.604995,1.206954860371754,0.08534459663549297,-150.56061499999998,12.732339480502983,0.9003123587032863,11.447035000000001,11.582391441052879,0.8189987530325519,0.8129128680000001,0.16165447050652257,0.011430697230428284,-2.380942132,17.518093560515076,1.23871627501006
R:A:ARG:441,-186.69888,4.147171032836721,0.2932492760059264,-13.97066,1.0937906309710281,0.07734267723579265,1.9215550000000001,11.607973028353184,0.820807644417908,22.86773,9.93443918332082,0.7024709313811498,0.376195824,0.12642913750910834,0.0089398900472257,-175.504059176,15.869767155219584,1.1221619971307313
R:A:MET:442,98.60999499999998,3.033386502735021,0.2144928166043679,-11.260725,1.1305906197094509,0.07994482939424538,-76.26543000000001,1.6886254158634477,0.11940384824409978,0.48411000000000004,1.0435803361025924,0.07379227323710795,0.050840712,0.0549607345498389,0.0038863108099184856,11.618790712,3.7977895175604797,0.2685442721386202
R:A:PRO:443,78.72758,2.553140974094458,0.18053432961074187,-8.968250000000001,1.1184174298981575,0.07908405488782173,-57.798784999999995,1.7394735521918692,0.12299935444495226,-1.9293500000000001,1.063889781650336,0.0752283679040028,0.08930123999999999,0.08065668566472094,0.005703288938155597,10.12049624,3.4544929567618765,0.24426953952874897
R:A:CYS:444,76.496545,2.402810171023712,0.16990433658348747,-7.75023,0.5726094717169811,0.04048960404227239,-65.18566500000001,1.6215968188100889,0.11466421069311471,-1.23888,1.022909040726496,0.07233059192347316,0.19293400800000002,0.047989309435764294,0.00339335661264885,2.5147040079999994,3.127235272132579,0.22112892672907047
R:A:ALA:445,93.93349500000001,1.9398459139774484,0.13716782002304698,-7.59801,0.6828575619409951,0.048285321263299055,-83.824195,1.1333938181298675,0.08014304545545418,0.15497499999999997,0.509253114251646,0.036009633042770654,0.004461696,0.0073143030900547175,0.000517199331463141,2.6707266960000005,2.4027630761801495,0.16990100647516326
R:A:GLU:446,101.994905,3.158257841908257,0.22332255367489198,-8.286275,1.5336480233009788,0.10844529172294663,-131.62284499999998,5.777777782242495,0.40855058500126396,-30.859035000000002,4.48333811281003,0.31701987819200705,0.008675568,0.008559104763220042,0.0006052201018958971,-68.764574432,8.112322654355802,0.5736278360068241
R:A:ASP:447,103.00739000000002,3.054157634749719,0.2159615574344193,-8.42346,0.5557644810529007,0.03929848332951286,-97.489105,8.620811364597591,0.609583417523701,-62.288509999999995,8.391934179907514,0.5933993565883772,0.439970544,0.08007040615077748,0.00566183271615758,-64.75371445600001,12.425220808907827,0.8785957891718924
R:A:TYR:448,87.45372000000002,3.247183869385902,0.22961057338023436,-13.335449999999998,1.0581635069780095,0.07482345913882892,-84.54022,1.7848950589880626,0.12621113999168218,-2.5342000000000002,0.887603362994981,0.06276303569777357,0.20910056400000002,0.0753965426631348,0.005331340659512344,-12.747049436,3.9551596465055057,0.27967202067194313
R:A:LEU:449,72.736765,3.009693336500415,0.2128174567531409,-10.482354999999998,0.9181444978732923,0.06492262005553226,-79.666765,1.3196310013693224,0.0933120029732242,0.6084900000000001,0.5132903173643547,0.03629510641257303,0.071440884,0.02390654425782497,0.0016904479559444357,-16.732424115999997,3.450609765140555,0.24399495641594066
R:A:SER:450,87.264745,4.909711181930664,0.34716900704105913,-6.87731,0.802703795867442,0.05675972973420504,-84.50133,6.0577303572460215,0.42834622142082684,1.193765,1.0800018193387453,0.07636766101482353,0.108223272,0.030047389171660423,0.0021246712640232324,-2.8119067279999994,7.912837741944798,0.5595221225758015
R:A:VAL:451,59.13233,3.5098555427681064,0.24818426552765183,-9.244905,0.9022051573644433,0.0637955384793874,-62.09793,2.2619635065800687,0.15994497342992683,0.363555,0.6745331325998746,0.0476966952196376,0.09653281200000001,0.04922383964352086,0.0034806510807972807,-11.750417188000002,4.32515397593418,0.30583457060590163
R:A:VAL:452,44.850165,2.8986989543198516,0.20496896872179213,-9.7877,0.8891586697547295,0.06287301249343791,-46.946795,1.6081485699322065,0.1137132758954512,-0.499135,0.6480448493545797,0.045823690749163794,0.019688436,0.019157440843669698,0.0013546356330738976,-12.363776564,3.49278251900468,0.24697702043980405
R:A:LEU:453,57.95385,3.8234554433784105,0.2703591271577492,-10.313670000000002,0.9123503444949205,0.06451291154102409,-61.884350000000005,1.9318729092515379,0.13660404345223462,-1.27329,0.5078904762840114,0.03591327998804898,0.023162112,0.015199272559864698,0.0010747508696182942,-15.494297888,4.409252926504255,0.3117812644297788
R:A:ASN:454,32.360074999999995,2.8618596837327646,0.2023640389171826,-10.687470000000001,0.8507505210694849,0.06015714625462215,-96.23985499999999,2.700411308296386,0.19094791480892112,-1.68632,1.3709724167903599,0.09694238927321731,0.03501036,0.013553997260557492,0.000958412337512409,-76.21855964000001,4.2527623506247965,0.30071570969016354
R:A:GLN:455,34.155395,3.040184361017437,0.21497349777327204,-10.332275,1.1038397933463897,0.07805326032187894,-74.87692,2.7179829181950352,0.19219041526049105,-5.35089,2.0784913947139643,0.1469715359840129,0.15580422,0.09063468185227772,0.006408839814843088,-56.24888578,4.709241500008729,0.33299365989012814
R:A:LEU:456,71.207405,3.0495663250657463,0.21563690281321285,-10.29738,0.8228887139826381,0.058187018981900075,-73.00944,1.7965148750845348,0.12703278506747778,-2.827575,0.6278747839935921,0.04439745174979077,0.030364632,0.01888489423844825,0.0013353636777997519,-14.896625368,3.6876889357130427,0.26075898533492947
R:A:CYS:457,98.48773999999999,2.2502704998288534,0.1591181529933024,-8.55208,0.6489569119749014,0.04588818331553341,-85.462495,1.6341036809134848,0.11554857939358233,-2.82293,0.8756187098846164,0.061915592749322845,0.070069284,0.020834502019624657,0.0014732217660721415,1.7203042839999998,2.987021834126662,0.21121433944632412
R:A:VAL:458,54.565079999999995,2.6432339422760145,0.1869048644845821,-9.12417,0.767088066065429,0.05424131732821392,-52.478429999999996,1.826298544898944,0.12913880855691676,-4.082960000000001,0.9699272335593017,0.06858421241072905,0.108216828,0.05693679792080353,0.004026039590884829,-11.012263171999997,3.4430330795909403,0.2434592038428356
R:A:LEU:459,67.06389999999999,4.405058004158402,0.31148463862604847,-8.842065,0.8737262504783749,0.061781775661395484,-65.2512,3.3772766913594747,0.23880952504035513,-5.20692,0.7845663602271002,0.05547721936074302,0.23685246,0.08589746065947934,0.006073867691902253,-11.99943254,5.674227187743082,0.4012284522446206
R:A:HIS:460,111.09236000000001,2.434184699319261,0.17212285075491865,-13.19092,0.8689754850397104,0.06144584581564485,-91.675845,1.6343322737359753,0.1155647433470737,-7.457695,1.206221228454797,0.08529272102515548,0.10775919599999999,0.042851479471233946,0.0030300571717985655,-1.1243408040000005,3.2875859572401867,0.2324674324098203
R:A:GLU:461,104.663025,2.874600736515421,0.20326496739938982,-5.5374,1.1128908437039096,0.07869326623034525,-63.558145,13.403921397634909,0.9478003714759109,-88.15636500000001,12.887362131242181,0.9112741154608064,0.715080708,0.12776525303928737,0.009034367682409524,-51.873804292,18.848538164006488,1.3327929151222426
R:A:LYS:462,134.802795,3.5524534737241815,0.25119639411200756,-5.8699900000000005,1.02732352737587,0.07264274326799615,-183.32156499999996,11.994765112155179,0.8481579749544745,41.11362499999999,10.789135074433679,0.762907057426968,0.9260658359999999,0.15359620356557874,0.01086089171057301,-12.349069163999998,16.552303068055963,1.1704245743677266
R:A:THR:463,55.415259999999996,4.626410432765343,0.32713661895605634,-4.318895,0.7072991191674142,0.050013600349055054,-58.989335000000004,4.538179055830103,0.3208977184616229,-4.909685,1.9676848110850984,0.13913632731560438,0.69033996,0.062187591626304356,0.004397326774461956,-12.11231504,6.8098946755054355,0.4815322704216057
R:A:PRO:464,87.39533499999999,2.3906272488146287,0.16904287389261638,-5.218674999999999,0.531923772146912,0.03761269063594094,-59.26667,1.2562532710803183,0.08883052068686752,-6.1787,0.7773445117835462,0.05496655756002916,0.7713456119999997,0.05237187054577921,0.003703250480634449,17.502635612,2.8606329939498467,0.20227729885079127
R:A:VAL:465,51.674745,3.17885768476272,0.22477918253226878,-7.597415,0.8560929697030575,0.06053491442031615,-51.505829999999996,1.8613976015617943,0.131620686654872,-3.9739250000000004,0.9456178664635096,0.06686528057875028,0.14307123600000002,0.06378364318421693,0.00451018466243429,-11.259353764,3.8988580233656696,0.27569089472054437
R:A:SER:466,62.06458,3.2939206280054774,0.23291536127529242,-7.341934999999999,0.6398267896665472,0.04524258617580343,-58.029804999999996,2.8946604907959412,0.20468340622745898,-2.330615,0.8335160147081758,0.05893848262277372,0.10060326,0.021161652124983058,0.0014963547718686234,-5.53717174,4.509273505083237,0.31885378736691883
R:A:ASP:467,88.244585,4.558060958650619,0.3223035812923508,-5.055524999999999,1.2005447469274104,0.08489133316702595,-72.37171500000001,12.361890065996178,0.8741176293948515,-70.81406999999999,9.466683751721085,0.6693956276190486,0.715177152,0.0600262194100486,0.004244494679383692,-59.281547848,16.268228477558388,1.150337467437364
R:A:ARG:468,-177.50113,3.7377621250020705,0.26429969450512036,-9.992519999999999,1.4202451230685498,0.10042649574688943,-17.597959999999997,10.088724565493896,0.713380555378404,31.735795,8.299678267437539,0.5868758784571699,0.402217092,0.06887230487822762,0.004870007381534209,-172.953597908,13.66234709003011,0.9660738274284585
R:A:VAL:469,61.86860500000001,3.140496958918285,0.22206666959468496,-9.175125000000001,0.9474680571792381,0.06699610881890827,-73.2879,2.0629044136847443,0.14586936998561414,0.7395499999999999,0.5061244091130164,0.03578840018078483,0.023221512,0.018860371381249522,0.0013336296499378228,-19.831648488,3.9080057727002697,0.2763377382792534
R:A:THR:470,47.516774999999996,3.0713413103032035,0.21717662678537714,-7.715605,1.0254844898753954,0.07251270367925196,-58.416990000000006,3.1331243607459953,0.221545348178426,-0.7965899999999999,1.128379032905167,0.0797884465915962,0.323996796,0.04656078604363959,0.0032923447548833516,-19.088413204,4.645065262399119,0.3284557146096487
R:A:LYS:471,114.38174,3.418309771275857,0.24171100194653944,-7.608620000000001,0.9647635179669679,0.06821908257958326,-125.43817999999999,13.871879146229613,0.9808899812099214,5.6633650000000015,12.473539943086525,0.8820124679157744,0.98961858,0.0968463131060238,0.006848068473018504,-12.012076419999998,18.990608713407195,1.3428388200110564
R:A:CYS:472,80.67086,2.6486809925696972,0.18729002910459483,-8.081145,0.656594984731836,0.04642827661969588,-75.4854,1.4583298872340236,0.10311949524701912,0.40964500000000004,0.8330379216908436,0.05890467634131436,0.041313779999999994,0.02549880482274414,0.0018030377802314623,-2.4447262200000015,3.2043652105210136,0.22658283697576675
R:A:CYS:473,99.002315,2.340531528472753,0.16550057153639985,-7.88187,0.8103716018592951,0.05730192549557126,-89.65198999999998,1.7791896975589756,0.12580771001611943,1.345815,1.0165279094914217,0.07187937780667693,0.036969516,0.019951605903308738,0.0014107915829791162,2.851239516,3.214659080855717,0.22731072352759912
R:A:THR:474,42.1743,3.319641305924482,0.23473408785261676,-6.14636,0.9140796411691926,0.06463519128153021,-51.20197,2.7424729568584625,0.19392212250153407,-4.71628,1.4416291241508683,0.10193857296431022,0.512763444,0.12022997991245138,0.008501543409801676,-19.377546556,4.63351569428331,0.3276390368162022
R:A:GLU:475,90.839165,2.9525134780005664,0.20877423018388788,-5.540564999999999,0.9312751289361271,0.06585109588211119,-49.37834999999999,14.344065818919683,1.0142786210344275,-91.45631000000002,14.086731979202982,0.9960823707251825,0.9332384399999999,0.0880040391794013,0.006222825287556127,-54.60282156,20.34159767535141,1.4383681656409493
R:A:SER:476,66.14162999999999,4.8310564251620995,0.3416072758526961,-7.195354999999999,0.7722258277052122,0.054604611937775,-57.036855,4.154938510251987,0.29379851960123116,-2.91984,1.3083818152206181,0.09251656539236634,0.12092144399999999,0.03358915292861765,0.0023751117810137524,-0.889498556,6.5507208871729885,0.4632059160980377
R:A:LEU:477,75.25128,3.0127460200952885,0.21303331408021609,-9.056495,0.8575308040968558,0.060636584665323956,-71.62497499999999,1.7244739964334055,0.12193872568579271,-2.36821,0.9770447154045714,0.06908749437850528,0.20704903199999997,0.04657227800680331,0.0032931573593915726,-7.5913509679999995,3.7071004274134176,0.26213158507635764
R:A:VAL:478,47.609804999999994,3.077848420077733,0.21763674893012663,-7.657089999999999,0.9485273121528973,0.06707100945639628,-52.469570000000004,2.4295437483404165,0.17179468596408914,-0.46398500000000004,0.9263375382521212,0.06550195549657277,0.134256384,0.049976654201254245,0.0035338831086722034,-12.846583616000002,4.139581704075322,0.29271262942274245
R:A:ASN:479,23.72822,5.210798942734214,0.36845912678070547,-7.636155,0.8763455830749648,0.06196699044551865,-78.09917999999999,5.107467824431203,0.36115251333474063,-6.6263499999999995,2.89904349527564,0.20499333144641557,0.37506535199999996,0.11035458924279723,0.0078032478388637945,-68.258399648,7.900839582160997,0.5586737245613129
R:A:ARG:480,-171.26431499999998,4.1739159485757495,0.29514042713405936,-14.546520000000001,1.172536596273225,0.08291085784141905,5.94841,5.7232383160148075,0.4046940623600747,17.02223,4.039903299226356,0.28566430182208624,0.068861916,0.023280457032063266,0.001646176903649398,-162.771333084,8.23852134087511,0.5825514307082879
R:A:ARG:481,-173.27402999999998,3.843728445025741,0.27179264485173255,-10.30736,1.9017223273653807,0.1344720753613924,-15.472415000000002,6.33631632202615,0.4480452239047694,30.545935,4.648127078810884,0.32867221772439936,0.040420295999999994,0.017166429791065585,0.0012138498914025242,-168.467449704,8.952378495649175,0.6330287542022154
R:A:PRO:482,83.22601999999999,2.6351525135369296,0.18633342117827384,-9.37932,0.646029865873088,0.045681209900789624,-60.851530000000004,1.665930706572155,0.11779908996040672,-4.2870550000000005,1.116333494962415,0.07893669843536022,0.202250592,0.04157610970501131,0.002939874910776933,8.910365592,3.374112849501807,0.23858580763713924
R:A:CYS:483,80.733495,2.3454914325094007,0.16585128971423466,-7.156425,0.6111105909530614,0.04321204429178281,-66.8547,1.666196486012379,0.11781788340485497,-3.89592,1.1482089895136687,0.08119063627044686,0.177336216,0.05762942730652582,0.00407501588443416,3.003786216,3.157958514426951,0.22330138802570926
R:A:PHE:484,104.04054500000001,2.9605283004854046,0.20934096371679142,-12.444695000000001,0.9677307125306088,0.06842889491928829,-84.092745,2.045141535438318,0.14461334481947025,-1.194585,1.1778415524912509,0.08328597489298543,0.09208490400000001,0.032184264172150714,0.0022757711443627017,6.400604904,3.9079637919970933,0.2763347697952639
R:A:SER:485,72.511595,2.5721221843013216,0.18187650385598192,-5.801565,0.8209072029011562,0.058046904989628854,-65.319545,2.5227342008176366,0.17838424605293762,-7.3027,1.5172484140706821,0.1072856642333914,0.244874232,0.05516142910442201,0.0039005020579677787,-5.667340768000002,3.994868526996332,0.2824798625387821
R:A:ALA:486,84.189375,2.5663550464374563,0.18146870562682424,-3.679225,0.467761493044265,0.03307573237095439,-67.16815000000001,1.637039268771522,0.11575615680170104,-5.004160000000001,0.7381643681457403,0.052196103034613604,0.6497661600000001,0.041421217708647824,0.0029289223926789185,8.987606159999999,3.167251009618035,0.22395846666208516
R:A:LEU:487,79.04626999999999,3.4904060647867317,0.24680897975053498,-8.0947,1.205939185863035,0.08527277760223363,-85.78387,3.199332982529327,0.22622700472202692,1.15049,1.2482140801561246,0.08826206404509244,0.25091802,0.08292417429288276,0.005863624596679258,-13.430891979999998,5.04359694650377,0.35663616024445804
R:A:GLU:488,105.00675,3.0150888755557443,0.2131989789785589,-5.198775,1.1556707421990922,0.08171826186278684,-107.79082,18.3861655800659,1.3000982361683289,-46.202304999999996,16.882409432660225,1.193766619260178,0.771837444,0.16131509696209237,0.011406699896966094,-53.413312556,25.16980713755983,1.779774130812612
R:A:VAL:489,47.215160000000004,3.7206496790748793,0.2630896618493399,-6.9744,1.027862986978323,0.07268088882230321,-49.344454999999996,2.0852795826878943,0.1474515333588464,-3.645765,0.8407894503233256,0.059452792187373336,0.28594137599999997,0.11176021168464305,0.007902640354905512,-12.463518623999999,4.468505850624545,0.3159710788748378
R:A:ASP:490,93.42173999999999,2.869363292160824,0.20289462415746753,-7.009309999999999,1.2183144642907264,0.08614784193176285,-114.20822,6.988488858945114,0.4941607862406728,-44.598099999999995,6.258840590716463,0.44256686240612275,0.026817948,0.015122231019016209,0.0010693032100215914,-72.367072052,9.885839700792795,0.6990344290153775
R:A:GLU:491,103.63921500000001,2.637129831611443,0.18647323868017895,-4.407830000000001,0.7292757922075845,0.051567585802517454,-68.948545,14.720403456358627,1.0408897105793078,-86.77523000000001,14.394051582063335,1.0178131482425936,1.055405844,0.1347408574884087,0.009527617403294398,-55.436984156,20.76977252869243,1.4686446998740486
R:A:THR:492,41.71646,3.558860197928545,0.25164941792501727,-4.59331,0.6635898009312681,0.04692288481647308,-50.007065000000004,3.363522005394792,0.23783692186848326,-6.24712,1.5105888142045802,0.10681475941086044,0.7005876839999999,0.04998224390173118,0.0035342783601834075,-18.430447316,5.167542394928217,0.3654004269522715
R:A:TYR:493,90.72528999999999,3.3481531619536162,0.23675018052685828,-12.453605,1.0390374049931985,0.07347103949771637,-82.72056,2.1758703192975446,0.1538572657757832,-8.906105,1.3128013878629927,0.0928290763709033,0.31796316,0.07322398485575064,0.005177717623700234,-13.037016840000001,4.330467550647176,0.30621029707709174
R:A:VAL:494,62.60734,3.3165218640015026,0.23451350999889112,-3.644765,0.711639761238086,0.05032053009334262,-53.26959000000001,2.8956713577165485,0.20475488531290284,-3.830805,1.4742506900032302,0.10424526600702308,0.86348052,0.08446998565760977,0.005972929966522628,2.72566052,4.6980007781530855,0.3321988208251724
R:A:PRO:495,88.49649,2.6912271791693834,0.19029849881042146,-6.265599999999999,0.5880059693574547,0.04157830083108255,-55.75949500000001,1.4897166139823375,0.10533887197931731,-5.956745,1.3060826160603318,0.09235398746061266,0.38180419200000004,0.0630000938304947,0.004454779356293157,20.896454192,3.393748834500374,0.23997428145191566
R:A:LYS:496,122.229775,4.7424965128479535,0.3353451443988342,-4.32687,1.0627623314269283,0.07514864513416061,-130.73666,13.392667473823128,0.9470045988916842,1.4366699999999997,11.382338898974147,0.804852902122804,1.3302758879999999,0.18646079200420515,0.013184769045158784,-10.066809112000001,18.236685155201034,1.2895283739606695
R:A:GLU:497,96.53116,3.5063785355263626,0.24793840398776465,-4.728025,1.0940155914679643,0.07735858434508092,-47.492810000000006,10.769133052567417,0.7614927008970604,-103.41770499999998,10.108573316149762,0.7147840739970883,0.99020214,0.14419461239379922,0.010196098823422121,-58.11717785999999,15.220704117316433,1.0762663095788454
R:A:PHE:498,91.977455,2.7927022000161417,0.19747386634660036,-12.48846,0.9880624111866619,0.06986656311856194,-65.062755,2.0808119052367515,0.14713562085666065,-7.426445000000001,1.6188298665934602,0.11446855762555497,0.10051199999999998,0.06308294060179503,0.004460637507671746,7.100307000000002,3.96608379711271,0.28044447476924883
R:A:ASN:499,22.866284999999998,2.9705742144869904,0.21005131710816527,-6.94793,1.209510928061421,0.08552533791514652,-89.82066,3.306775159335754,0.23382431390255376,-4.844774999999999,2.068060655390697,0.14623397133318575,0.1943181,0.07866332188608106,0.005562336833630808,-78.55276190000001,5.050252725939579,0.3571067949217723
R:A:ALA:500,91.61203000000002,2.5042471361868426,0.1770770131764708,-3.3411500000000003,0.7695584107135728,0.05441599707347096,-76.86370500000001,2.825209933434151,0.19977251022068826,-4.647735,1.6659309753933382,0.11779910896893489,0.5165519759999999,0.13685490219142105,0.009677102937817553,7.275991976,4.199921465170965,0.29697929484733293
R:A:GLU:501,108.556595,3.137802259699454,0.2218761255855956,-4.09803,0.7815645648953131,0.055264960377258934,-46.606645,12.906484915304205,0.9126263004893487,-111.56655500000001,12.614681876962852,0.8919927097711478,1.112291856,0.10996694122449012,0.007775836984617947,-52.602343144,18.3351108707907,1.2964881230543288
R:A:THR:502,35.59804,4.090996549546333,0.289277140199498,-4.321955,1.0677634864402323,0.07550228019652784,-48.910935,3.5001202894722065,0.24749587916544188,-3.27484,2.3001947318433715,0.162648329293602,0.666457092,0.20911684495906382,0.014786793913088993,-20.243232908,5.954984410676121,0.42108098586492615
R:A:PHE:503,101.24554,3.411145829248582,0.24120443474778813,-12.417985000000002,1.1244332860490212,0.07950944015571358,-76.715365,1.943540506852121,0.13742906719058742,-3.7245800000000004,3.0696803666831505,0.21705918033568633,0.065996712,0.06939620210946601,0.004907052510019561,8.453606712000001,5.1093413637588565,0.361284992571081
R:A:THR:504,41.70291,4.753191213479635,0.33610137393277645,-5.995455000000001,1.151262219468267,0.08140653223098868,-52.94134,5.546664125796694,0.39220838163149957,-3.0095299999999994,4.679131459907918,0.3308645585364199,0.43882552799999996,0.08999297342423805,0.0063634641767419476,-19.804589472,8.751347569868354,0.6188137211174326
R:A:PHE:505,91.026025,3.0935794986350356,0.21874910416245133,-11.38529,0.9083584292007204,0.06423064050357898,-61.06234499999999,2.166505164077621,0.15319504929949596,-5.505205,1.9455323340862265,0.13756991064500623,0.163707264,0.05668748642055585,0.004008410605639536,13.236892264,4.34481338038145,0.307224700425777
R:A:HIS:506,108.06786,2.9625173569786893,0.20948161125024792,-6.961315,0.9211005296790356,0.06513164306905668,-86.09317500000002,3.3273598955290358,0.23527987455767435,-7.025709999999999,2.3196842599586693,0.16402644704284733,0.878331348,0.10920283261360804,0.0077218063465861716,8.865991348,5.107750921403747,0.3611725313136426
R:A:ALA:507,83.78601,2.2419727830417564,0.15853141581245023,-4.623495,0.6029668398635203,0.04263619412981182,-73.88791,1.7926940737058294,0.12676261361103283,-1.7475300000000002,1.1240636855178625,0.07948330545152234,0.307890756,0.07171208571644576,0.005070810210312975,3.834965756,3.142041502608265,0.22217588532638735
R:A:ASP:508,100.12644500000002,6.923770822822994,0.48958453001997004,-4.92669,1.171600957621664,0.08284469819789314,-70.780735,12.863493872769363,0.909586374718682,-87.97649000000001,15.381105302932555,1.0876083861847976,0.587070504,0.10796379633154246,0.007634193250867697,-62.970399496,21.24548851749162,1.5022829000339253
R:A:ILE:509,77.86616,3.0394290721120645,0.21492009078259766,-9.834895000000001,0.9573522831095146,0.06769502913711611,-64.07897499999999,1.5603236985878925,0.11033154681175734,-0.772545,0.8772216755045443,0.06202893953530884,0.0370701,0.03051303132073901,0.002157597136145207,3.2168151,3.6550939024607,0.25845416843035623
R:A:CYS:510,93.55183500000001,2.388423737064888,0.1688870620825498,-5.663655,0.5349242058226568,0.037824853335802905,-84.74348,1.3783941851299288,0.0974671875453478,-2.40692,0.8653507055523789,0.06118953520006505,0.3579381,0.058409393339438134,0.004130167811530906,1.0957181,2.9398853522170363,0.2078812868463668
R:A:THR:511,38.352734999999996,4.8984599625571095,0.34637342568949336,-3.7634299999999996,0.7539202975779336,0.05331021548915366,-47.47857,4.590271466384096,0.3245812081367312,-5.643549999999999,1.5659193425907991,0.11072721859371346,0.8574363359999998,0.05762049069432769,0.004074383970525546,-17.675378664,6.934646455546444,0.4903535533848147
R:A:LEU:512,67.81326499999999,3.109857103594151,0.21990010464725795,-8.66311,0.8311629911756178,0.058772098733157384,-68.64191000000001,2.8843913728722734,0.203957269935396,-4.756959999999999,2.2270634989600095,0.15747717022476623,0.356244408,0.06757868325568896,0.004778534519375545,-13.892470592000002,4.862729215307549,0.3438468803217907
R:A:SER:513,72.52181,3.9440063607834106,0.27888336427528265,-4.54052,1.069208594989771,0.07560446480202078,-72.446085,5.773904909831388,0.40827673156680755,-2.3157550000000002,3.3017801478861366,0.23347111325574088,0.43207902,0.0820415542490877,0.005801213934861392,-6.348470979999999,7.806718520791794,0.5520183604866491
R:A:GLU:514,100.07661,3.384018895913556,0.23928627089638888,-5.33533,1.1477659565869691,0.08115930911177104,-95.68055,12.869772116766482,0.9100303136091127,-48.86833500000001,11.558644834182552,0.8173196143577339,0.76020228,0.11032191664901403,0.007800937537601489,-49.04740272000001,17.663930090570677,1.249028474944763
R:A:LYS:515,123.89461000000001,3.2983896901215295,0.23323137168807287,-6.28044,0.7132944387838728,0.05043753346467291,-103.036855,11.160724584630472,0.789182403674762,-27.448514999999997,10.9510617188369,0.7743570002581981,1.1440332359999998,0.17527884899787852,0.012394086272497279,-11.727166763999998,15.997075113999935,1.1311640292259917
R:A:GLU:516,105.37896,2.848744386286702,0.20143664734104366,-7.2384699999999995,1.1632045302095415,0.0822509811218079,-102.972225,16.118273995821482,1.139734084346816,-52.297095,14.853530530011207,1.0503032162332337,0.48348979200000003,0.11107980260364858,0.007854528167390303,-56.645340208,22.133839565027944,1.5650988050126362
R:A:ARG:517,-191.6182,4.305321033326087,0.304432169784995,-12.24993,1.6089726396368584,0.11377154642308418,-5.82145,14.361007164802196,1.0154765550900227,30.288559999999997,11.36272043598715,0.8034656673013477,0.23799301200000003,0.10825729872379347,0.007654947004053214,-179.16302698799998,18.88084331516278,1.3350772342672297
R:A:GLN:518,34.805455,2.836769057920472,0.20058986375157395,-9.89645,1.1140759657671464,0.07877706701509012,-81.81248,3.0970014884723573,0.21899107538436352,-6.50538,2.096817649582338,0.1482673978931309,0.408755736,0.07067428861873251,0.004997426873784099,-63.000099264,4.825088732422105,0.34118529625224736
R:A:ILE:519,93.58197499999999,3.5100723673985694,0.2481995973443047,-7.46157,1.236823077525642,0.08745659852463963,-73.890445,1.9694840661896713,0.13926355386415717,-0.18691000000000002,0.6554251764312995,0.04634555868149612,0.45418341600000006,0.08864517581584541,0.006268160493885803,12.497233415999998,4.262234973056438,0.3013855252458669
R:A:LYS:520,138.697035,3.5785561632835945,0.2530421329914744,-10.39188,1.1438470070774325,0.08088219753443893,-142.11960499999998,9.331230660474265,0.659817647683718,10.98425,9.075629607773777,0.6417439239194245,0.30777256799999997,0.11884205363981462,0.008403402201884834,-2.522427431999999,13.548708131757925,0.9580383396283347
R:A:LYS:521,128.090715,2.8301349303125107,0.20012076008968935,-11.436824999999999,1.073791480863487,0.07592852376989165,-115.66617500000001,11.460669963155514,0.8103917447888244,-14.87722,10.62603129120181,0.7513738783109245,0.24665266799999996,0.07004119283976948,0.004952660241939565,-13.642852332,15.919393664421374,1.1256711212490516
R:A:GLN:522,40.0225,2.8716413930015707,0.2030557102127394,-11.38489,1.1692611375992963,0.08267924793743592,-95.63820500000001,4.675947911704641,0.3306394476841428,-2.495235,2.2660582692806024,0.16023451687721654,0.021841236,0.04080725177081525,0.002885508444873021,-69.47398876400001,6.051005708346925,0.4278707169370619
R:A:THR:523,34.6661,3.267028223018589,0.23101378108242807,-9.351310000000002,0.8826265880314279,0.06241112456525679,-45.329975,2.7872646904043754,0.19708937635467566,-4.454635,0.9645525707679183,0.06820416636009123,0.11927102399999999,0.05065501577048638,0.0035818505152422427,-24.350548976,4.4893513062215025,0.3174450751757909
R:A:ALA:524,82.863085,2.0715668243566268,0.14648189491836525,-7.884110000000001,0.6076754626443296,0.0429691440396478,-65.71998,1.4619917269259768,0.10337842641479894,-2.7797799999999997,0.5834991530413732,0.04125962079321621,0.010294919999999999,0.01194411200369454,0.000844576259306405,6.489509920000001,2.6718331363853087,0.18892713289369734
R:A:LEU:525,86.91157,2.9845992654123603,0.21104303796974683,-11.081330000000001,0.9204584081315136,0.0650862382189968,-86.96089,1.9044700779744475,0.13466637067026047,-2.42741,0.6135615469535228,0.04338535305261443,0.093450312,0.040723472217838404,0.0028795843358695506,-13.464609688000001,3.709474208993705,0.26229943678160533
R:A:VAL:526,51.47514,2.6111860026432434,0.18463873294084315,-10.664065,0.9129786255849586,0.06455733772294982,-59.726045000000006,1.5407470924765685,0.10894727171836381,-0.285355,0.5782563177130018,0.04088889635188262,0.000329616,0.0007887162631415687,5.5770661809951665e-05,-19.199995384,3.218711684074599,0.22759728584935213
R:A:GLU:527,89.07854499999999,2.530338575759181,0.17892195656172274,-10.317665,1.1854207366057843,0.08382190414131023,-78.13769,6.427038105060525,0.4544602227032636,-56.934400000000004,5.688749090968946,0.4022553058692949,0.129151836,0.047522773558136354,0.0033603675443750966,-56.182058164,9.026559647432494,0.6382741537484368
R:A:LEU:528,78.38375,4.086757670513386,0.28897740618861534,-11.58194,1.022814346008111,0.07232389599572189,-80.110615,3.7487344313481317,0.265075553727376,-1.45024,0.7976586377643008,0.0564029831835161,0.034200720000000004,0.03638303878176203,0.0025726693442757074,-14.72484428,5.69546576748434,0.4027302466204021
R:A:VAL:529,64.85874,2.8758716787089096,0.20335483658374098,-10.264265,0.8556007975539762,0.0605001125939035,-63.08759,1.5444060547343115,0.10920599942081939,-0.141315,0.6759061516031645,0.047793782324430024,0.004015512,0.008014728812895418,0.0005667269092969558,-8.630414488000001,3.441626659114545,0.24335975489722972
R:A:LYS:530,124.56603500000001,3.5352100763285623,0.24997710178909385,-10.521935,1.287653280497122,0.09105083664566184,-148.001905,7.057828069312471,0.49906380882596063,22.949115000000003,6.554392348782227,0.46346552763811355,0.236260908,0.04805451719454828,0.0033979674974910635,-10.772429091999998,10.340747874739177,0.7312012944768451
R:A:HIS:531,116.97915,2.8001740245027626,0.1980022041228329,-11.838310000000002,0.8783028713946004,0.06210539162987381,-93.782765,3.1761626516560826,0.2245886149137462,-3.4649550000000007,2.1188740554773426,0.14982702131082698,0.211273524,0.06635759794806788,0.004692190749232932,8.104393523999999,4.816059622238436,0.34054684174835204
R:A:LYS:532,140.323055,3.2054019267441327,0.22665614388292013,-7.796890000000001,1.260022602138549,0.08909705264204872,-155.08081,15.129298261119052,1.0698029395031123,25.252084999999997,15.449058492276318,1.0924134022836205,0.40135291199999995,0.22200527388255317,0.015698143462153008,3.0987929120000013,21.897045896266047,1.5483549641202783
R:A:PRO:533,93.25949,2.8102812759401856,0.19871689472588883,-7.346655000000001,0.8554034521645328,0.06048615816759237,-68.233795,2.3525809939245446,0.16635259740946334,-0.14114500000000002,1.2579941669081776,0.08895362061138938,0.13026369599999998,0.05397455688004473,0.003816577518141865,17.668158696,3.968563446086681,0.2806198124296946
R:A:LYS:534,116.351865,3.1117511511647264,0.22003403403536234,-4.13234,0.8352298632113198,0.05905967001262367,-111.97074,13.486959466922112,0.953672049664873,-11.882755000000001,12.55281081252223,0.8876177648486284,1.3017787200000002,0.1961919209448544,0.013872863771412159,-10.33219128,18.705352987270622,1.32266819417871
R:A:ALA:535,99.037995,2.3797061509722166,0.16827063565837924,-5.093594999999999,0.566068282961517,0.040027072149671404,-94.72561,3.16908532512143,0.22408817235521378,0.8642650000000001,1.9131657232908497,0.13528124564726257,0.1010277,0.05798178431558311,0.004099931287484462,0.1840826999999999,4.437352976261571,0.31376823800328657
R:A:THR:536,54.694835000000005,4.124266487240489,0.29162968005481715,-5.63664,0.8266861982638878,0.058455541670572174,-56.46165499999999,3.821514877110254,0.27022190840099364,-6.7367349999999995,1.8446975347668788,0.13043981360717669,0.571208328,0.06763450001152678,0.004782481360031221,-13.568986672,5.975319531582961,0.4225188960538736
R:A:LYS:537,117.57917000000002,3.372467882886359,0.23846949093227837,-5.485625,1.1415707750179136,0.08072124362195493,-87.42360500000001,16.383480600256313,1.1584870231879487,-36.908249999999995,14.024828968921511,0.9917051668905935,1.154804328,0.23280530257654788,0.016461820814806304,-11.083505672000001,21.859670307460213,1.545712110890734
R:A:GLU:538,95.21437000000002,3.0480199512306343,0.21552755767070714,-5.347815,1.1699362720998954,0.08272698715579459,-105.94870999999999,24.235265788843744,1.7136920783149754,-44.45425,23.66761707032417,1.673553252495271,0.8255459519999999,0.12676790004849373,0.008963844176106838,-59.710859048,34.032035675929784,2.406428320403246
R:A:GLN:539,29.440875000000002,3.0484490235815,0.2155578976675988,-7.392165,0.8707815270060568,0.06157355226779595,-67.77948500000001,4.6603886146731375,0.32953923923999556,-11.100095000000001,3.9115014004823006,0.2765849164901712,0.712584864,0.1561384615028261,0.011040656493268302,-56.118285136000004,6.862561211534691,0.48525635689839486
R:A:LEU:540,77.73238,3.443746624767855,0.24350965910616354,-9.86124,1.1578202331968466,0.081870253828848,-72.3787,1.944192917382429,0.13747519958159726,-4.636635,1.0626095669506275,0.07513784305444893,0.08129480399999998,0.06287713110865017,0.004446084578848216,-9.062900196,4.255927305933625,0.30093950582626605
R:A:LYS:541,120.69485499999999,3.2429624009499403,0.22931207048447103,-6.534475,1.1528494868693833,0.08151876898527725,-107.398755,15.91138844051565,1.125105066438186,-20.29157,15.178551355287498,1.073285659191205,0.972693936,0.10071399729004854,0.007121555044419689,-12.557251064000003,22.25795843586458,1.5738753345368164
R:A:ALA:542,94.722415,1.998192443878967,0.14129354271825373,-4.19806,0.5419988066407526,0.03832510315706925,-79.55277,1.867043070499446,0.13201988159175115,-7.4373450000000005,1.2060320377067104,0.08527934321906448,0.521134704,0.058585898868123404,0.0041426486371559336,4.055374704,3.0381460069911363,0.21482936437782646
R:A:VAL:543,57.554779999999994,3.1077783642982006,0.21975311558200944,-7.878225,0.9840910854057159,0.06958574797956116,-57.28504999999999,2.4670896472361927,0.1744495819355839,-3.16163,0.963682921452902,0.068142672867301,0.115675992,0.07500308166345124,0.0053035187654114765,-10.654449008000002,4.200900283133845,0.2970485077292429
R:A:MET:544,81.645015,2.7933937486102813,0.197522766216644,-10.504895000000001,0.9558833527031423,0.06759116007197243,-67.25838,1.6652799661318216,0.11775307566259152,-2.590575,1.496234842655056,0.1057997803488977,0.157826448,0.04641122278867575,0.003281769035703225,1.4489914480000003,3.7055082904138454,0.2620190039894601
R:A:ASP:545,96.63203,7.47684740108423,0.5286929499203673,-6.20942,0.7427180175544417,0.05251809467221749,-82.75131499999999,10.975745082488706,0.7761023776402666,-75.38799499999999,12.87600701285049,0.9104711873392123,0.67040244,0.1054587089815232,0.007457056825601371,-67.04629756,18.51282083753716,1.3090541153114146
R:A:ASP:546,88.84859499999999,7.709113017784537,0.5451166091808936,-6.795120000000001,0.9027256757177121,0.06383234468512025,-54.338654999999996,11.942164844197011,0.8444385743379296,-91.360535,8.62413230758753,0.6098182436545131,0.560380464,0.06286875951961438,0.004445492618110564,-63.085334536,16.65053299063572,1.1773704788048842
R:A:PHE:547,93.76655,2.921651441821902,0.20659195467757208,-13.800720000000002,0.9370797786741533,0.06626154660132828,-72.26971499999999,1.3563724133787887,0.09591001313145045,-1.41753,0.8728461657703492,0.061719544274889133,0.011748995999999998,0.015927338896877405,0.0011262329340238277,6.290333995999999,3.4664139816385653,0.24511248328164897
R:A:ALA:548,84.789925,2.439793987076573,0.17251948729600083,-5.68962,0.6119046621819448,0.043268193606851676,-72.26238000000001,2.0781007736873587,0.1469439149063342,-2.034045,1.8391899420600908,0.13005036799207836,0.254790828,0.06467025332920241,0.004572877467013093,5.058670828,3.7459747363290723,0.2648804138211776
R:A:ALA:549,94.43939,2.160914669277804,0.15279974162118207,-4.780105,0.7654624183949204,0.05412636667905024,-84.05184,2.1560483075293093,0.15245563788197533,0.78101,1.2548472257211234,0.08873109826605326,0.33010887599999994,0.08030605270759997,0.005678495443986824,6.718563876000001,3.388970322719937,0.239636389643523
R:A:PHE:550,110.49376000000001,3.1368449439524424,0.22180843313995074,-12.605145,1.0295812711850385,0.07280238986376064,-85.62143,2.2359594260853655,0.15810620726429428,-2.4906300000000003,1.2196363774092671,0.0862413153047888,0.109180476,0.06431287484878766,0.004547606992317951,9.885735476,4.170251478082144,0.2948813099405107
R:A:VAL:551,50.215720000000005,2.9572929431491906,0.20911218940559156,-9.20481,0.8366709950153645,0.05916157341974603,-54.151669999999996,1.9595922180647687,0.13856409457539856,-2.9755000000000007,1.226711310781799,0.08674158864120485,0.010056240000000001,0.014354944020455113,0.0010150478260417093,-16.106203760000003,3.8458585869761035,0.27194326863353163
R:A:GLU:552,98.10121500000001,2.842966679153134,0.20102810175165806,-6.883699999999999,1.3181228698418066,0.09320536197022143,-80.73583,18.45210826792158,1.304761088343571,-61.74095499999999,16.32683207248041,1.1544813673744911,0.48478068,0.13601787678309346,0.009617916303592164,-50.77448932,24.83715268213437,1.756251908690286
R:A:LYS:553,119.14171,3.806117437218668,0.2691331449849684,-5.8162449999999986,1.212723849429457,0.08575252576382227,-123.50649000000001,13.410705060506698,0.9482800488777036,-1.461925,12.743572738026609,0.9011066699602633,1.0266320519999999,0.15654132400640186,0.011069143174084724,-10.616317947999999,18.92689595829891,1.3383336478925418
R:A:CYS:554,78.77278,2.9558712863722603,0.20901166309084285,-6.3285599999999995,0.8284965095883023,0.05858355001192741,-67.69003000000001,3.325184278968611,0.23512603523536055,-6.239825000000001,1.7784714657185254,0.12575692335563476,0.087491412,0.04207250738644247,0.002974975527447458,-1.3981435879999995,4.862629213435133,0.343839809121579
R:A:CYS:555,98.33238499999999,2.380432283593675,0.16832198098844664,-5.733865,0.7426804405496351,0.05251543757672595,-75.898765,2.149089630465654,0.15196358510799554,-7.384214999999999,1.896530732357111,0.13410497415784023,0.2956401,0.05773432015746267,0.004082432929053703,9.611180099999999,3.7995763453079925,0.26867061994032804
R:A:LYS:556,119.86068999999999,3.703920235898716,0.2619067115778059,-4.057175,1.1408924508361864,0.08067327885908071,-124.70221,10.521796453358142,0.7440033622434108,-1.09493,10.246309984823805,0.7245235272408344,1.355587812,0.1872658747327378,0.013241696990834944,-8.638037187999998,15.190483801285408,1.0741294105393315
R:A:ALA:557,86.48333999999998,2.380077279081501,0.16829687837865562,-4.129705,0.5944584577369557,0.0420345606599498,-75.80399,3.215108965478464,0.22734253517434874,-5.570854999999999,2.6431329107661234,0.18689772047800637,0.32258797199999995,0.06647008645835821,0.0047001448880761194,1.3013779719999996,4.831733046086443,0.3416551201770857
R:A:ASP:558,86.722075,7.930036694705454,0.5607382721884382,-3.01933,0.7484790719185139,0.052925462732979475,-22.964285,8.907180039371328,0.6298327407088925,-125.23413000000001,7.401193666774299,0.5233434230651035,1.073949372,0.06828511252125762,0.004828486611786769,-63.421720628,14.05581337752967,0.993896095434382
R:A:ASP:559,102.861725,8.81545773680386,0.6233469944957424,-3.3396500000000002,0.9128909231118469,0.06455113622160341,-45.420069999999996,19.88600564681354,1.406152944357583,-112.584465,16.36002182054703,1.156828236966869,0.9138337919999999,0.12700933203595371,0.008980915995659668,-57.568626208,27.233533205795645,1.9257016005487118
R:A:LYS:560,125.770105,3.170009768750721,0.22415354039112342,-5.96968,1.2084772764102767,0.08545224770595564,-148.235665,15.992401267251113,1.1308335383529597,14.17369,13.978060467529104,0.9883981344425432,0.8778154319999999,0.1659204644942503,0.011732348558150616,-13.383734568,21.509997247530922,1.5209864917033087
R:A:GLU:561,99.14369500000001,3.1949726136502328,0.22591868008173868,-4.5857399999999995,1.0323385357526862,0.07299735791109155,-31.690074999999997,8.188201676154232,0.5789932930931713,-122.605705,7.357387562034162,0.5202458636931917,1.022860152,0.16490356509220078,0.01166044291185324,-58.714964848,11.509933295528045,0.8138751884272707
R:A:THR:562,34.555285,4.324327915847156,0.3057761593369814,-4.940825,0.998429729312484,0.07059964321351064,-48.955859999999994,5.055346010947223,0.35746694455851435,-3.0897249999999996,2.16772200002099,0.15328109259421072,0.5869573559999999,0.12459022637823748,0.008809859394161878,-21.844167644,7.068786213518838,0.4998386666337149
R:A:CYS:563,79.66047999999999,3.093647232571936,0.21875389367506123,-7.189155,0.6809407690651221,0.04814978353923307,-67.77336,3.2904588875109804,0.23267057925745574,-1.2436250000000002,1.8208304545934528,0.12875215618340144,0.07584368400000001,0.06370507219215235,0.004504628854304948,3.530183684000001,4.917411422849729,0.34771349629812326
R:A:PHE:564,93.63279999999999,3.5250694092457238,0.24926004834309082,-12.19163,1.2741248341901197,0.0900942310334019,-70.433105,2.3095160215887223,0.16330744401243624,-2.3940050000000004,1.9291259562234397,0.1364098045408577,0.232620588,0.15405083963997815,0.010893039335690994,8.846680588,4.809223565529448,0.3400634595428019
R:A:ALA:565,91.18436999999999,2.544669427076924,0.17993530077641795,-4.3469549999999995,0.7214835292472033,0.05101658960451002,-80.898815,3.163819946010676,0.22371585382774056,-0.11564499999999996,2.1223034888947905,0.1500695188733375,0.469841364,0.09610195725849659,0.006795434566278269,6.292796364,4.638862501951736,0.3280171132122066
R:A:GLU:566,101.878925,2.740816453061934,0.1938049899947754,-6.195535,1.0799922494050593,0.07636698431832305,-70.38619,15.54636800522553,1.0992942239316552,-83.052245,14.496612655202421,1.0250653112728354,0.684070524,0.09846414141949862,0.006962466210143868,-57.070974476,21.45995083648074,1.5174476760405453
R:A:GLU:567,97.50362000000001,3.0009834414071666,0.21220157416475496,-7.3528649999999995,1.1756234119712827,0.08312912867265602,-79.39197,15.437239118738168,1.0915776463658,-67.45154000000001,14.980400658473725,1.0592742890498192,0.4758085079999999,0.11905215518630284,0.008418258624710793,-56.216946492000005,21.75138894267512,1.5380554621591664
R:A:GLY:568,88.797775,2.123634793078838,0.15016365629497372,-5.146424999999999,0.7319303275414949,0.051755289796068187,-80.94548,1.8680729802660285,0.13209270720974722,-0.7644099999999999,1.0652255122273406,0.07532281831888661,0.012808907999999999,0.014212009080926454,0.0010049407995407888,1.9542689080000009,3.1096866034139383,0.21988804846389579
R:A:LYS:569,139.18012499999998,3.410535138270092,0.24116125237457817,-6.91625,0.8489295951373118,0.06002838734715435,-145.534965,14.084492828063599,0.9959240388297065,7.821960000000001,13.145051694778534,0.929495519242562,1.050335136,0.12572945098784416,0.008890414738836627,-4.398794864000001,19.584012907570695,1.3847988329788115
R:A:LYS:570,127.302205,3.4293996257326143,0.24249517307541396,-6.515885,0.963968153921591,0.06816284184858346,-148.18985999999998,25.81979989195114,1.8257355592478337,13.119905,23.879801510606722,1.6885569581538773,1.03354308,0.15614510864883088,0.011041126517469855,-13.25009192,35.349984219743014,2.4996213556617732
R:A:LEU:571,80.02007499999999,4.166934033480132,0.2946467311830813,-9.885064999999999,1.0490758031596192,0.07418086143928905,-88.294825,3.425533526967004,0.24222179861002396,-1.1220450000000002,0.6879300131372377,0.048643997727109145,0.11694751199999999,0.04814177576495757,0.0034041376101763684,-19.164912488,5.538388263572156,0.39162318980158595
R:A:VAL:572,48.55477499999999,2.7076778970872812,0.19146174022993473,-8.194575,0.9927952177438204,0.07020122307962304,-53.488655,1.7667689905516792,0.12492943340092036,-1.816275,0.7237040896492156,0.051173606936339745,0.17661470399999998,0.08378714734317898,0.0059246460062638276,-14.768115295999998,3.459682427645623,0.24463649053401568
R:A:ALA:573,78.640705,2.418943014619195,0.17104510089410627,-5.1051150000000005,0.5635966569941664,0.03985230180146437,-65.28421499999999,1.6798867428416122,0.11878593074886859,-3.500185,1.0627144540162234,0.0751452596899831,0.42147961199999995,0.047182185669490305,0.0033362843438099338,5.172669612,3.181593018904924,0.22497259986434512
R:A:ALA:574,98.69171,2.2779815683846087,0.1610776214422724,-5.23097,0.6368549356800182,0.04503244436514634,-84.001185,1.757950599640104,0.1243058789996475,-3.44956,1.3797720124716257,0.09756461465100962,0.37376258399999995,0.07241756547789592,0.005120695162644103,6.383757584,3.2548716804145674,0.23015418371131938
R:A:SER:575,81.65844999999999,2.8224465074647562,0.19957710649646165,-7.372864999999999,0.8380418645718124,0.059258508535694684,-77.06043500000001,3.3826984429261504,0.23919290077022565,-1.07075,1.8336461947442315,0.12965836586005547,0.026623764000000005,0.03206604494405108,0.0022674117825771125,-3.818976236000001,4.845044252510843,0.3425963646099324
R:A:GLN:576,21.512224999999997,3.4478042758217877,0.24379657836375598,-7.669795000000001,1.1356649915247894,0.08030364166633416,-63.90344,3.5602711534937894,0.251749187549831,-10.116835,2.731785075326205,0.1931663751507363,0.6207784919999999,0.15016218699424277,0.010618070070143145,-59.557066508000005,5.773891093874901,0.40827575463115545
R:A:ALA:577,95.51577499999999,2.5501891075712404,0.1803256011271694,-3.4886850000000003,0.730402831165789,0.05164727949151823,-78.67815999999999,3.7782931641681805,0.2671656717694098,-2.29195,2.6441167216104513,0.18696728640994928,0.438046164,0.09073860841723497,0.006416188532725758,11.495026164,5.320905820168921,0.37624485874964125
R:A:ALA:578,128.89466000000002,2.6472009792231495,0.18718537635723578,-2.035605,0.6990210504519874,0.0494282524966744,-93.105055,11.757027423714508,0.8313473817904733,-88.69738,11.56339842025691,0.8176557436525471,1.0417859999999999,0.17283699200298527,0.012221420908519597,-53.901594,16.717238197344518,1.1820872492053083

Ligand:
Total Energy Decomposition:
Residue,Internal,,,van der Waals,,,Electrostatic,,,Polar Solvation,,,Non-Polar Solv.,,,TOTAL,,
,Avg.,Std. Dev.,Std. Err. of Mean,Avg.,Std. Dev.,Std. Err. of Mean,Avg.,Std. Dev.,Std. Err. of Mean,Avg.,Std. Dev.,Std. Err. of Mean,Avg.,Std. Dev.,Std. Err. of Mean,Avg.,Std. Dev.,Std. Err. of Mean
L:B:UNL:579,616.07421,8.937891799294734,0.6320043900792939,-16.112855,2.849041992315136,0.20145769126512642,-328.3530349999999,5.582297648260525,0.39472805216867335,-31.062240000000003,2.0072605691339627,0.14193475600429936,6.341438484,0.08708882413603794,0.00615810981121551,246.887518484,11.099625064809148,0.784862015195472

DELTAS:
Total Energy Decomposition:
Residue,Internal,,,van der Waals,,,Electrostatic,,,Polar Solvation,,,Non-Polar Solv.,,,TOTAL,,
,Avg.,Std. Dev.,Std. Err. of Mean,Avg.,Std. Dev.,Std. Err. of Mean,Avg.,Std. Dev.,Std. Err. of Mean,Avg.,Std. Dev.,Std. Err. of Mean,Avg.,Std. Dev.,Std. Err. of Mean,Avg.,Std. Dev.,Std. Err. of Mean
R:A:SER:1,0.0,4.589875143922762,0.32455318390673654,-9.999999999998898e-06,1.9445708609227899,0.13750192422562674,0.0013450000000001694,18.711685104404012,1.3231159424751389,-0.001299999999999173,16.26143502723545,1.1498570979582636,0.0,0.18836426417181526,0.01331936485291048,3.50000000006645e-05,25.28725408891487,1.7880788843858957
R:A:GLU:2,0.0,4.259168968331733,0.30116872597266797,-4.999999999997229e-06,1.595661212311373,0.11283028637017191,-0.000800000000000285,12.330164909148621,0.87187432204074,0.0007699999999995554,11.3798699375586,0.8046783201868619,0.0,0.09291892976520125,0.006570360533757033,-3.500000000038028e-05,17.38475468378354,1.2292877926167936
R:A:VAL:3,0.0,4.026858036974982,0.2847418624820559,-4.999999999997229e-06,1.1690665762372134,0.08266549037158735,3.500000000002501e-05,2.430407888560066,0.17185578990501016,-4.500000000000056e-05,0.9386264033016545,0.06637090947753391,0.0,0.00400447694134053,0.0002831592800327053,-1.4999999999916192e-05,4.936620339383066,0.3490717718121202
R:A:ALA:4,0.0,3.082561232408855,0.21796999508590623,-4.999999999997229e-06,1.0513667963061226,0.0743428591182435,4.999999999739657e-06,2.1870236945161343,0.1546459285008015,-1.5000000000000317e-05,1.334217314898514,0.09434341109412464,0.0,0.05598197234260729,0.003958523226765536,-1.5000000000300883e-05,4.144140243392152,0.293034966829066
R:A:HIS:5,0.0,4.440942956124296,0.3140220879138122,-5.000000000006111e-06,1.0178135147830372,0.07197028382863999,-0.00016500000000021941,9.930801056474497,0.7022136769647647,0.0001600000000000179,7.672602986418625,0.5425349601048766,0.0,0.11334888953577253,0.008014976843070966,-1.0000000000234266e-05,13.351419882231966,0.9440879537195118
R:A:ARG:6,0.0,5.675935434992191,0.40134924356599944,-4.999999999997229e-06,2.7516593743003512,0.19457170030833107,0.0007200000000005247,15.480589243124758,1.094642963057704,-0.0007099999999998374,12.74293766183842,0.9010617632923394,0.0,0.0713206608914301,0.005043132295503642,5.000000000876525e-06,21.019611380301377,1.486310974491703
R:A:PHE:7,0.0,4.355686254260055,0.30799352871083174,0.0,1.3564530902135905,0.09591571784514775,5.4999999999836294e-05,2.276708256447233,0.16098758469172397,-5.4999999999990054e-05,1.1673930573611444,0.08254715471701614,0.0,0.05378532560833863,0.0038031968465982715,-1.6764367671839864e-16,5.230780785705017,0.3698720564472314
R:A:LYS:8,0.0,4.335452188065278,0.30656276416910133,-1.000000000000334e-05,1.3223989155130156,0.09350772405929897,0.001250000000001279,18.5701173102999,1.313105587754275,-0.0011599999999998545,17.689797045511856,1.2508575448695187,0.0,0.14096964924712269,0.009968059492412954,8.00000000014478e-05,26.045017439780278,1.8416608447790526
R:A:ASP:9,0.0,4.74904140432572,0.33580793811344006,0.0,1.3242518309596554,0.0936387449670274,-0.001034999999999994,23.15800498514013,1.6375182363744458,0.0010650000000001826,22.083533118341254,1.5615416020536803,0.0,0.1167423331284539,0.008254929540666868,3.0000000000285353e-05,32.37740409336107,2.2894281991632695
R:A:LEU:10,0.0,4.635828841879302,0.3278026010513034,-1.000000000000334e-05,1.4378535530087893,0.10167159976856859,-1.5000000000071622e-05,2.964564184795971,0.20962634383320003,5.5771359752654346e-18,1.514944844804589,0.10712277728849266,0.0,0.04394227557609788,0.0031071881040626815,-2.500000000020819e-05,5.885912121605095,0.4161968374655062
R:A:GLY:11,0.0,2.694187975030695,0.19050785869354572,0.0,0.7000025537096275,0.049497655257597806,-1.4999999999645297e-05,2.3291075645137127,0.16469277529805304,-6.499999999999062e-05,1.2765714094303537,0.09026723002770717,0.0,0.04003178048680823,0.0028306743445193406,-7.999999999969143e-05,3.847678725400412,0.2720719718557843
R:A:GLU:12,0.0,4.054374987337752,0.2866876047019647,-2.000000000000668e-05,1.6539781919964969,0.11695391954953883,-0.0014449999999996076,14.717733257814364,1.0407008990295314,0.0014700000000006951,13.491269439215126,0.9539768107283845,0.0,0.10758162076804667,0.007607169357612531,5.00000000119627e-06,20.440430463479778,1.4453566991098634
R:A:GLU:13,0.0,3.8093191515282623,0.269359540374942,0.0,1.371330252692618,0.0969676920925212,-0.001469999999999712,22.250670353396096,1.5733599892832852,0.00147000000000034,20.70409672138222,1.4640007190031534,0.0,0.1925241192956266,0.01361351102959054,5.684341886080802e-16,30.66236254466558,2.1681564482533435
R:A:ASN:14,0.0,5.147453129674907,0.3639799013833043,-4.999999999997229e-06,1.1268358097677762,0.07967932423706289,-9.500000000024045e-05,4.6991530170845675,0.3322802964213722,9.50000000000123e-05,3.6173401022678253,0.25578457161716184,0.0,0.12348626177752729,0.008731797308626672,-5.000000000094928e-06,7.9340071851916525,0.561019028263181
R:A:PHE:15,0.0,4.1573552953229775,0.2939694121124679,0.0,1.3381983701791003,0.09462491421264276,-5.0000000009475796e-06,1.8255737065029727,0.1290875547424112,-4.999999999998864e-06,0.7385039332833645,0.052220113915760466,0.0,0.005551074293673973,0.0003925202275927191,-1.000000000090484e-05,4.790878433155638,0.3387662627924733
R:A:LYS:16,0.0,4.827731969729678,0.3413722013546943,-9.999999999994458e-06,1.5878543042420485,0.11227825460657999,0.001479999999999677,18.215462422369352,1.2880277001306104,-0.0014800000000002988,15.636589244804954,1.105673828963022,0.0,0.1485872502197655,0.01050670522282585,-1.0000000000527365e-05,24.53887425913173,1.7351604391316064
R:A:ALA:17,0.0,3.220031509162605,0.22769061157632306,-1.5000000000000568e-05,0.7644455542254137,0.05405446352406987,-2.0000000000024444e-05,1.9418090158406416,0.13730663228700937,-4.999999999998894e-06,0.9741972052284896,0.06888614500300477,0.0,0.054770701394369896,0.0038728734366302447,-4.0000000000008914e-05,3.9592502072717295,0.27996126699760837
R:A:LEU:18,0.0,4.299702206984804,0.3040348587641719,-4.999999999997229e-06,1.2299922399653587,0.08697358536863363,-5.000000000237037e-06,2.1746582668030854,0.15377156072198458,-7.000000000000258e-05,0.7800076142897582,0.0551548673441429,0.0,0.013637323452002158,0.0009643043890145062,-8.000000000023987e-05,5.03369212521395,0.35593578361441075
R:A:VAL:19,0.0,4.599544552322544,0.3252369143316914,0.0,1.2268729309712558,0.086753016914399,-4.99999999995282e-06,3.1247413193534914,0.2209525776368653,-3.0000000000000096e-05,0.6233435899245294,0.04407704794448012,0.0,0.024468088662124795,0.001730155141566212,-3.499999999997172e-05,5.728367263792341,0.4050567337354593
R:A:LEU:20,0.0,4.654379629075179,0.3291143397935587,0.0,1.2462777890783419,0.08812514758994733,5.5000000000049455e-05,1.752691692932616,0.12393401814019828,-2.499999999999669e-05,0.8832318204610837,0.062453920960777155,0.0,0.024328083226937545,0.0017202552623038242,3.0000000000089956e-05,5.202795069372183,0.3678931674677004
R:A:ILE:21,0.0,4.252406758948396,0.3006905655615919,-1.9999999999988916e-05,1.5226799757499931,0.10766973364297878,-4.9999999998462385e-06,1.8104834143054171,0.1280205099481134,-2.9999999999998727e-05,0.7772158247874267,0.054957458015268495,0.0,0.0022528044039090474,0.00015929732706910054,-5.499999999987834e-05,4.927822770656702,0.3484496897616835
R:A:ALA:22,0.0,2.8300568405599202,0.20011523831032954,-9.999999999994458e-06,0.9497263611956868,0.06715579502730945,-2.4999999999693047e-05,2.1321121176371096,0.15076309366312102,-3.500000000000094e-05,0.8611551073267811,0.060892861604419604,0.0,0.015514949079723079,0.0010970725704036173,-6.99999999995904e-05,3.7681471304402305,0.2664482388442917
R:A:PHE:23,0.0,4.188909863192332,0.2962006570042511,-2.000000000000668e-05,1.2559603530963863,0.08880980825759054,3.5000000000238176e-05,1.8843853447145569,0.1332461655616213,-7.999999999999785e-05,0.6588252162751514,0.04658597780448533,0.0,0.002399094245725249,0.00016964158098579487,-6.4999999999662e-05,4.8072202777830135,0.33992180570778474
R:A:ALA:24,0.0,2.9730652412535448,0.21022745930004003,0.0,0.7939349146812981,0.056139676199190885,4.500000000042803e-05,1.5346337591995687,0.10851499377678182,-2.999999999999851e-05,0.8230347546428401,0.05819734561601586,0.0,0.00044699191208790346,3.160710121728976e-05,1.5000000000420788e-05,3.535807794483005,0.25001936684511833
R:A:GLN:25,0.0,3.9570831474648087,0.2798080327291373,-1.4999999999991686e-05,1.2509835428873555,0.08845789463284212,9.999999999998011e-05,2.3568594711076862,0.16665513143239846,-0.00011000000000001231,1.2170868509272457,0.0860610365583636,0.0,0.014509937045783763,0.0010260074879663598,-2.50000000001549e-05,4.925420222483364,0.348279803951134
R:A:TYR:26,0.0,4.596623850039288,0.3250303894926596,-1.000000000000334e-05,1.5954585113690674,0.11281595324908619,1.0000000000616183e-05,2.60558631888295,0.18424277550490278,-5.500000000000449e-05,1.1083543578093606,0.07837248823646599,0.0,0.023332829586677397,0.0016498802025009696,-5.499999999943883e-05,5.629610337209098,0.398073564487844
R:A:LEU:27,0.0,4.422006892237958,0.3126831059955111,-3.0000000000001136e-05,1.817198839175284,0.12849536219451657,-4.499999999957538e-05,2.9223711067171125,0.2066428426703306,7.000000000000174e-05,1.1719716262563697,0.08287090842841051,0.0,0.050144373942702686,0.003545742685323908,-4.999999999575344e-06,5.724739418738909,0.40480020635162167
R:A:GLN:28,0.0,4.060887391882468,0.2871481012435046,-1.500000000000945e-05,1.42099597176593,0.10047958876744569,2.5000000000545697e-05,4.0694038685752245,0.2877503070856311,5.000000000006111e-06,1.5194443342798052,0.10744093924047296,0.0,0.038003149977753795,0.00268722850557191,1.5000000000071622e-05,6.113938103324503,0.43232070926155747
R:A:GLN:29,0.0,4.232295626158456,0.29926849372428094,-3.999999999999559e-05,1.6520207033811654,0.1168155042021392,-0.00011999999999982691,5.467930727098689,0.3866410896189772,9.50000000000531e-05,5.160214223699923,0.36488224699534916,0.0,0.21789547407963256,0.015407536731156577,-6.499999999999062e-05,8.787209703884924,0.6213495569325264
R:A:CYS:30,0.0,6.605643855007626,0.46708955639791394,-3.500000000001613e-05,1.6835975819283537,0.11904832669708129,7.00000000004053e-05,7.0402207917294755,0.49781878628824366,-6.999999999999395e-05,1.4430787642225218,0.10204107799680481,0.0,0.07516898726577519,0.005315250063055487,-3.499999999964309e-05,9.905648239755516,0.7004351042379713
R:A:PRO:31,0.0,3.612901303101152,0.25547070111805387,-2.000000000000668e-05,1.2691097814413062,0.08973961325273248,-2.486899575160351e-16,3.0322030360449146,0.21440913287217964,5.0000000000050004e-06,1.7376718971586667,0.12287195819581861,0.0,0.11204628997253434,0.007922869144637329,-1.5000000000329195e-05,5.185557704661246,0.36667430172001153
R:A:PHE:32,0.0,4.160942697298294,0.2942230797388268,-2.4999999999995027e-05,1.4319977398987054,0.10125753125261844,1.0000000000189856e-05,2.3698358379221123,0.16757269912936296,2.500000000001279e-05,1.5901293119350388,0.11243912194327649,0.0,0.1239786896248572,0.008766617215635878,1.0000000000156273e-05,5.246338294480361,0.37097213844257293
R:A:GLU:33,0.0,4.020190800422289,0.28427041766423744,-1.9999999999993358e-05,1.2903892318792807,0.09124429762319396,-0.002614999999999852,19.118385868696524,1.3518740293096374,0.002684999999999036,19.348991085978486,1.3681802806013448,0.0,0.131445161511267,0.009294576505877788,4.999999999853344e-05,27.52708576187615,1.9464589008526287
R:A:ASP:34,0.0,9.126690657382335,0.6453544853626958,-2.4999999999999466e-05,1.25289536948422,0.08859308118795169,-0.002845000000000008,17.969065760291354,1.2706048250689022,0.002925000000000253,14.629578630144309,1.0344674255276842,0.0,0.14863661383569432,0.010510195757582566,5.499999999990734e-05,24.935922224747323,1.7632359700259173
R:A:HIS:35,0.0,3.8732193627459313,0.2738779676420686,-2.4999999999995027e-05,1.416713339979193,0.100176760969673,2.842170943040401e-16,3.153429785099075,0.2229811585039193,6.000000000005945e-05,2.5060437360509096,0.17720405197116684,0.0,0.01378805208945774,0.0009749625131808913,3.5000000000358075e-05,5.764847755713538,0.40763629405730917
R:A:VAL:36,0.0,3.9447515465235576,0.2789360568642928,-1.4999999999996128e-05,1.0806130317440188,0.07641088025847496,3.499999999991843e-05,2.7107108830111337,0.19167620472133468,-3.885780586188048e-18,1.300999752325111,0.09199457471911046,0.0,0.12027352343283869,0.008504622401655936,2.0000000000035547e-05,5.077775975310346,0.3590529825488081
R:A:LYS:37,0.0,5.377728274559807,0.3802628130319871,-9.999999999998898e-06,1.4361675320623286,0.1015523800841221,0.0022749999999990677,17.67672137315557,1.2499329552103482,-0.002184999999999988,15.894702760806036,1.1239252107110487,0.0,0.14610951631611954,0.010331502978301463,7.999999999903196e-05,24.415403763289646,1.726429756642966
R:A:LEU:38,0.0,4.37398331114786,0.30928732601094405,-4.999999999997229e-06,1.3408016136531906,0.09480899132400364,-1.9999999999953388e-05,2.505784794550402,0.1771857420420729,5.0000000000072205e-06,0.9051334293765755,0.06400259857908115,0.0,0.05164226250633874,0.0036516594014047916,-1.9999999999829043e-05,5.294371526274555,0.374368600834971
R:A:VAL:39,0.0,3.9776457987105887,0.2812620317426438,0.0,1.5647661887802917,0.11064567830579736,1.4999999999929514e-05,2.5440331798887765,0.17989031130629296,-4.500000000000004e-05,0.850042616269914,0.06010708982620104,0.0,0.03871594927425998,0.0027376310271903627,-3.0000000000121042e-05,5.046418088122327,0.356835645081375
R:A:ASN:40,0.0,10.24496127154954,0.7244281588106234,-9.999999999998898e-06,1.212194935437366,0.08571512589677506,0.00011999999999936505,10.993460121888376,0.777355020089116,-0.00012999999999994128,5.472265822193765,0.3869476271328589,0.0,0.11504465340781879,0.008134885456392472,-2.000000000066393e-05,16.038819843418274,1.134115827351042
R:A:GLU:41,0.0,4.370087742620277,0.309011867718701,-5.00000000000167e-06,1.4292131873779361,0.10106063365561783,-0.0017200000000001491,20.10615701568925,1.4217199969395344,0.0017449999999999478,18.950124364654577,1.3399761442575666,0.0,0.13868692818750109,0.009806646738331376,2.0000000000059968e-05,28.009361196797222,1.9805609238958668
R:A:VAL:42,0.0,4.190532741096292,0.2963154118013439,-2.4999999999995027e-05,1.1329931626338263,0.08011471483363715,1.9999999999384954e-05,3.3843456669421346,0.2393093770974092,-5.499999999999838e-05,0.7941723465186886,0.056156465165419736,0.0,0.023152671197678422,0.0016371410806460876,-6.000000000064176e-05,5.561409849694912,0.39325106176769303
R:A:THR:43,0.0,4.211785731248683,0.2978182251470685,-4.999999999997229e-06,1.3591698210212733,0.09610781972282484,5.500000000008498e-05,3.224705569966815,0.22802111758535654,-8.999999999999392e-05,1.3807399120399177,0.0976330554858343,0.0,0.02652407965987676,0.0018755356592231032,-3.999999999987125e-05,5.647331572769727,0.39932664507143645
R:A:GLU:44,0.0,4.29868177849908,0.30396270357397476,0.0,1.4789139351395673,0.10457500723284699,-0.0014899999999999653,19.45647721623573,1.3757806977601845,0.0015100000000009572,19.42617794314414,1.373638215613376,0.0,0.20093755612331182,0.014208430852984627,2.0000000001019203e-05,27.868209890597758,1.9705800193171688
R:A:PHE:45,0.0,4.313749817913644,0.3050281748588972,-4.999999999997229e-06,1.2081160488442326,0.08542670505980551,4.49999999998596e-05,2.397338196620369,0.16951740956277916,1.0000000000018883e-05,0.9224732535418032,0.06522870930426264,0.0,0.1006923415682444,0.0071200237536457696,4.9999999999916776e-05,5.164911244072884,0.36521437649105837
R:A:ALA:46,0.0,2.879508777934181,0.20361201833634476,0.0,0.88334902363109,0.062462208476405955,1.4210854715202004e-16,2.009296382368713,0.1420787097386515,-2.9999999999993367e-05,0.8823760594837101,0.062393409521759584,0.0,0.002361489226609344,0.0001669825045834443,-2.9999999999881233e-05,3.7266259993365805,0.263512251507699
R:A:LYS:47,0.0,4.649829648298957,0.32879260756744516,0.0,1.6773097585717436,0.11860371044364507,0.0015000000000001989,19.563155678687167,1.383324004180781,-0.0015250000000004249,17.168663292585567,1.2140078238095813,0.0,0.16585921966438152,0.011728017894699334,-2.5000000000225952e-05,26.494185256917657,1.8734218057179126
R:A:THR:48,0.0,4.865665756276318,0.34405452512501555,0.0,1.3422878730734327,0.0949140857354692,-7.500000000003837e-05,5.304340448177794,0.3750735100628609,5.999999999999006e-05,1.6067686885174233,0.11361570354488855,0.0,0.0898624392864509,0.006354234019341384,-1.5000000000178204e-05,7.496815887599849,0.5301049351428899
R:A:CYS:49,0.0,3.090866561694309,0.21855727055167942,-4.999999999997229e-06,0.9158724581921873,0.06476196258896884,6.499999999974193e-05,1.9008348139896314,0.1344093186887538,1.9999999999992246e-05,1.311512560366846,0.09273794250467281,0.0,0.024625194813959788,0.0017412642240990767,7.999999999971363e-05,3.9656176124494937,0.28041151053558433
R:A:VAL:50,0.0,4.399719764621379,0.31110716808842576,-5.00000000000167e-06,1.4486964065928378,0.10243830529823794,-2.0000000000095496e-05,2.471595591111135,0.17476820028254567,4.999999999983906e-06,1.5659429690046187,0.11072888923345614,0.0,0.10398711539093539,0.007352999444895841,-2.0000000000086616e-05,5.4797838236574,0.3874792301144496
R:A:ALA:51,0.0,3.1891282801417686,0.22550542329620363,-4.999999999999449e-06,0.7081544901185052,0.05007408420904969,1.999999999945601e-05,1.8080822912688463,0.12785072490995117,1.9999999999995577e-05,1.1154266621118576,0.07887257566955704,0.0,0.052628232519429795,0.0037213780096351187,3.499999999941217e-05,3.8971951337446673,0.2755733106678068
R:A:ASP:52,0.0,4.630548659845828,0.3274292357991265,-1.0000000000001119e-05,1.7761059906858037,0.12558965901199828,-0.0009800000000001097,7.372199263584783,0.5212932091539272,0.0009450000000003911,6.367339514716879,0.4502388948973366,0.0,0.10024451225323235,0.0070883574390998546,-4.4999999999362214e-05,10.931556010983153,0.7729777384286752
R:A:GLU:53,0.0,4.201091401713368,0.2970620218536021,-1.000000000000334e-05,1.9911594809808681,0.14079623714254583,-0.0012150000000000203,9.339607459581746,0.6604099768290717,0.001239999999999526,9.230578898801525,0.6527004933620013,0.0,0.273362524902245,0.01932964950806539,1.4999999999716351e-05,13.932712098523602,0.9851915205185892
R:A:SER:54,0.0,5.365470340235793,0.3793960461836021,-9.999999999998898e-06,1.314500774495778,0.09294924115209333,0.00013999999999999346,4.931172236132094,0.3486865327367835,-0.000134999999999994,2.353232400183841,0.16639865878778892,0.0,0.06033796165001824,0.0042665381845701745,-5.000000000074944e-06,7.770069966183771,0.5494269163382473
R:A:ALA:55,0.0,3.3771593625412466,0.23880122864005535,0.0,1.0089925005667781,0.07134654393171402,-1.0000000000047748e-05,3.620185086863654,0.25598574240717004,5.500000000001948e-05,2.1891595269360797,0.15479695465956364,0.0,0.07993975460785452,0.005652594256960249,4.499999999998838e-05,5.507070100161407,0.389408661229381
R:A:GLU:56,0.0,3.9358170222712334,0.2783042905957434,-1.4999999999998903e-05,1.3383070357264808,0.09463259802718617,-0.000385000000000002,13.889931644470932,0.9821664856023009,0.0004399999999999693,13.040304625734402,0.9220887829595099,0.0,0.12854025191634888,0.00908916837854774,4.000000000026205e-05,19.50071767323097,1.3789089704745972
R:A:ASN:57,0.0,6.914747731855443,0.48894650113892824,-2.0000000000002238e-05,1.5360710136578972,0.1086166230141593,7.99999999997425e-05,6.676685778258551,0.47211297896584026,-6.999999999997008e-05,3.767698413766686,0.2664165097840222,0.0,0.20722800076870046,0.014653232459527918,-1.000000000054513e-05,10.439821747386427,0.7382068751955734
R:A:CYS:58,0.0,3.086005154232572,0.21821351713344891,0.0,1.0455081117810612,0.07392858756259313,-2.49999999997641e-05,2.4650196352514113,0.17430320998442628,2.500000000000065e-05,1.3422850332827974,0.09491388493194766,0.0,0.024497336572330632,0.0017322232811304203,2.220446049250313e-16,4.300600662233025,0.30409838914403287
R:A:ASP:59,0.0,4.43386585294932,0.31352166114919394,-5.00000000000167e-06,1.7966336405831325,0.12704118305642073,-0.0011900000000000014,12.47437716872069,0.8820716687081045,0.0011650000000012995,11.372747695802234,0.8041747016425442,0.0,0.09639635778965094,0.006816251827474686,-2.9999999998366887e-05,17.545535813935555,1.240656735358526
R:A:LYS:60,0.0,4.960466759645709,0.3507579683595941,-9.999999999994458e-06,1.5127765829427688,0.10696945802190455,0.0006100000000004969,17.32735684954575,1.2252291528352972,-0.0006399999999998585,15.698216755842045,1.1100315520592194,0.0,0.17453846908451273,0.012341733506757753,-3.9999999999480454e-05,23.94987456847197,1.6935118715933768
R:A:SER:61,0.0,8.346539179129875,0.5901894453001935,0.0,1.358292404436541,0.09604577700112586,5.5000000000049455e-05,10.364957020507852,0.7329131395908215,-5.4999999999986016e-05,4.4922477253013335,0.3176498829330416,0.0,0.0946029719907613,0.006689440301506833,4.6074255521943994e-17,14.111387171694336,0.997825756105392
R:A:LEU:62,0.0,4.454455760466143,0.3149775874721089,-5.000000000006111e-06,1.5680780989399092,0.11087986571905198,3.9999999999480454e-05,2.549957790670269,0.1803092445522414,9.999999999990572e-06,1.5371115340631596,0.1086901989176117,0.0,0.026794618459892873,0.0018946656412296497,4.499999999941995e-05,5.582719731479758,0.3947578979593278
R:A:HIS:63,0.0,4.281732657207827,0.30276421971395495,-3.499999999998949e-05,1.3774721266780683,0.09740198816695171,-0.00022000000000012675,2.9658998848578833,0.20972079209034097,0.00017999999999997955,1.864491636492371,0.13183946796293589,0.0,0.06711424355426893,0.004745693673142909,-7.499999999994844e-05,5.701583948238671,0.40316286733039336
R:A:THR:64,0.0,6.206486571317946,0.4388648741922164,-9.999999999994458e-06,1.2838313085059112,0.09078058241441284,-3.499999999995396e-05,5.22071989503124,0.36916064404521104,4.499999999999116e-05,2.8774403436691784,0.2034657579468226,0.0,0.12342098184948294,0.008727181320647119,8.881784197001253e-17,8.70169582789244,0.6153028127725433
R:A:LEU:65,0.0,4.548833376680223,0.32165109271382863,-9.999999999994458e-06,1.440156541456518,0.1018344456434069,-2.5000000000048316e-05,2.426354034467147,0.17156913913310576,7.999999999999848e-05,1.2577014305271343,0.08893292102337581,0.0,0.11188641411183811,0.007911564214112696,4.499999999992177e-05,5.499769205274691,0.38889241000106833
R:A:PHE:66,0.0,4.415834443901855,0.3122466479880129,-4.999999999997229e-06,1.1114895050674118,0.07859417662508464,-7.000000000005002e-05,1.8115017218733194,0.1280925151667731,6.999999999999918e-05,0.8775862808578994,0.06205472102709027,0.0,0.038841817135018386,0.002746531228977934,-5.000000000074389e-06,4.978775714097126,0.3520526069444973
R:A:GLY:67,0.0,2.7605190798018406,0.19519817609227297,-4.999999999997229e-06,1.1346712847230247,0.08023337598453026,-0.00010000000000012221,3.3409335488452925,0.2362396767882144,0.00014499999999999743,1.679088106376494,0.1187294586228498,0.0,0.024818377023018087,0.0017549242691020487,3.999999999991177e-05,4.784321719213503,0.3383026331033949
R:A:ASP:68,0.0,4.213394030351304,0.29793194906723247,-1.4999999999996128e-05,1.0718863315552634,0.07579380937038988,-0.001730000000000005,11.892959191620475,0.8409592092769719,0.0017450000000008004,11.323792972307249,0.8007130799471026,0.0,0.10803910535542492,0.00763951840301488,8.171241461241152e-16,16.987762290080646,1.2012161912501138
R:A:LYS:69,0.0,5.186281156855074,0.3667254575152235,-1.500000000000945e-05,2.0594806977427584,0.14562727670967068,0.0012800000000007118,13.57972044249623,0.9602312411506667,-0.0012749999999999062,12.563038025042946,0.8883409379812318,0.0,0.11107346797954211,0.007854080241824107,-9.999999999124043e-06,19.323303082357295,1.3663638644457758
R:A:LEU:70,0.0,5.984662129941005,0.4231795175191611,-1.5000000000000568e-05,1.5367252648326568,0.10866288555838648,-9.499999999981412e-05,4.35861910923345,0.30820091287482415,0.00020000000000000172,0.8526154548212224,0.06028901698485387,0.0,0.008365638536070752,0.0005915399737811131,9.000000000012775e-05,7.609355359438019,0.5380626775116821
R:A:CYS:71,0.0,2.968115892607632,0.20987748750104188,-9.999999999998898e-06,0.8833777470029455,0.062464239525507705,-0.0001549999999999585,2.4943399638732093,0.1763764703039354,0.00011000000000000173,1.298354430096035,0.09180752219045016,0.0,0.0546654699711967,0.003865432451338277,-5.499999999995009e-05,4.183361398562425,0.29580832130775303
R:A:THR:72,0.0,4.113934920966787,0.29089912799757583,-5.00000000000167e-06,1.1097032473481367,0.07846786913046001,-0.00012999999999994572,3.3638384205770056,0.23785929580058462,0.00018500000000002404,1.1306256424099888,0.07994730587314997,0.0,0.07578520404929184,0.005358823169686046,5.0000000000105516e-05,5.545752292638285,0.39214390529053744
R:A:VAL:73,0.0,4.044323451697452,0.2859768538007053,-4.499999999999283e-05,1.4756467883524838,0.10434398506801913,-0.00016499999999989968,2.585446345870477,0.1828186643558994,0.00020000000000000147,0.8916322759691913,0.06304792286626103,0.0,0.10741390585674031,0.0075953101225034484,-9.999999999865672e-06,5.101486479058961,0.36072956834740755
R:A:ALA:74,0.0,3.0403714663754493,0.21498672812001673,-2.4999999999999466e-05,0.8323143497951961,0.058853512081905535,-0.0001849999999998886,1.6035063661473254,0.11338502251785727,0.00018999999999999795,0.6569887060673113,0.046456116922317124,0.0,0.0011104211478677808,7.851863236302578e-05,-1.9999999999992802e-05,3.5971480216464724,0.25435677590379946
R:A:THR:75,0.0,5.744654567787345,0.40620842004567065,-1.9999999999993358e-05,0.8651736933991926,0.061177018550678,-0.00034000000000002474,4.535931371504644,0.320738783178773,0.0004650000000000025,1.7148835383999113,0.12126057789477583,0.0,0.07029703966005374,0.004970751344096367,0.00010499999999995956,7.5676959673344415,0.5351169136460273
R:A:LEU:76,0.0,6.026479646157449,0.4261364624480637,-8.999999999999453e-05,1.4012001462139518,0.09907981251874672,0.00020500000000005513,4.007521400588523,0.2833745558106355,-0.00015000000000000234,1.2206893462097554,0.08631577144270913,0.0,0.10671875561634313,0.007546155577610618,-3.4999999999926203e-05,7.47285206090856,0.528410436707231
R:A:ARG:77,0.0,5.36939019345307,0.3796732216627214,-0.00014000000000001346,1.5614330453785072,0.11040998947559046,0.006610000000000298,10.606364108220593,0.749983198465639,-0.006179999999999915,8.137302091946692,0.5753941489778985,0.0,0.0789239587397654,0.00558076664229754,0.0002900000000028058,14.490869474526471,1.024659207072681
R:A:GLU:78,0.0,4.029757439325596,0.28494688118840666,-0.000250000000000008,1.1889626984476847,0.0840723586650214,-0.0075199999999999,8.013070992434798,0.5666096836879864,0.009959999999999667,8.181701750415375,0.5785336789364557,0.0,0.1281835123524864,0.009063943082075272,0.0021900000000001896,12.199121222181908,0.8626081340721551
R:A:THR:79,0.0,5.257170771432102,0.3717381102335352,-7.999999999999118e-05,1.086164602972312,0.07680343562465158,0.00012500000000006394,4.129094673396942,0.291971084372023,0.0001550000000000229,1.8513744258995801,0.13091194110689444,0.0,0.12010337156019639,0.00849259084735824,0.0002000000000000668,7.022039089278849,0.4965331457786082
R:A:TYR:80,0.0,4.669556089389012,0.33018747759379063,-4.999999999999893e-05,1.9166673796723313,0.13552885014453564,0.00018500000000010175,2.6078182964644987,0.18440060015323972,-0.0001749999999999874,1.7962728559645387,0.12701567173138517,0.0,0.11041034663698376,0.007807190482016854,-3.999999999987125e-05,5.959687139552252,0.4214135190127656
R:A:GLY:81,0.0,2.714363533648357,0.19193448612482328,-2.4999999999997247e-05,0.8362247450147597,0.05913001877959282,-2.9999999999930083e-05,2.809831139650566,0.19868506528360402,7.499999999999563e-05,1.8999357351171118,0.13434574421199577,0.0,0.048020513497429404,0.0033955630730092465,2.00000000000744e-05,4.42428005641783,0.31284384297614487
R:A:GLU:82,0.0,3.8566163457038343,0.2727039570482064,-5.5000000000000605e-05,1.1821131929620785,0.08358802548735675,-0.0020649999999998877,10.306976727866177,0.7288133137806106,0.0021750000000015034,9.835514347728592,0.695475889173647,0.0,0.10744925396897628,0.007597809611489868,5.5000000001754756e-05,14.807212375536912,1.0470280281211517
R:A:MET:83,0.0,4.202378926935314,0.2971530636351407,-4.5000000000001704e-05,1.389355075628617,0.09824223954529436,1.9999999999882335e-05,2.317430428858652,0.16386707711740017,-7.499999999999974e-05,1.1680866603445996,0.08259619985432139,0.0,0.05669603206209648,0.004009014873747834,-0.00010000000000011,5.1311227670414965,0.36282517036757234
R:A:ALA:84,0.0,3.1555130555584783,0.2231284679708083,-2.0000000000002238e-05,0.7512749851752021,0.05312316365532083,9.000000000057184e-05,2.2095174130904693,0.1562364745946029,-6.999999999999395e-05,1.2549844451227274,0.08874080114299171,0.0,0.04164431535399529,0.002944697778468113,5.534461777756406e-16,4.120723741334926,0.29137917008943265
R:A:ASP:85,0.0,3.973939879741514,0.28099998369928775,-5.499999999999172e-05,1.3753459595225488,0.09725164544559131,-0.004325000000000134,9.781715141792619,0.6916717108396692,0.004380000000000024,8.419517450412464,0.5953497883505124,0.0,0.07687996247438335,0.0054362342803003765,-2.842170943040401e-16,13.574237010520337,0.9598435039572338
R:A:CYS:86,0.0,3.350526424429451,0.2369179955258781,-1.5000000000000568e-05,1.07285807303436,0.07586252186933282,6.999999999997897e-05,1.9184490103987646,0.1356548304613588,-6.499999999999708e-05,0.8000920150676422,0.05657504894275391,0.0,0.009964331541069477,0.0007045846402681229,-1.00000000000261e-05,4.086287421566557,0.2889441545667005
R:A:CYS:87,0.0,3.3354663841732837,0.23585308986687029,-3.4999999999993925e-05,0.9151389942380337,0.06471009885539504,0.00017499999999998295,2.241315809268074,0.15848496075140697,-0.00016500000000000133,1.335948060283408,0.09446579327394124,0.0,0.05210132914353383,0.003684120314622507,-2.500000000001501e-05,4.332872454143271,0.30638034943411047
R:A:ALA:88,0.0,3.2061139772316265,0.22670649345574553,-3.499999999999615e-05,0.6033373350580917,0.042662392096259674,9.999999999976694e-05,2.2289204312402005,0.15760847516551896,-4.500000000001003e-05,1.2840197107034612,0.09079390446156063,0.0,0.05960638015246246,0.004214807560778944,1.99999999999001e-05,4.154940264517034,0.2937986436465022
R:A:LYS:89,0.0,5.100463900450624,0.3606572611205824,-3.4999999999993925e-05,1.5408037945744424,0.10895128116215523,0.0011999999999991928,12.051343707883781,0.8521586858254453,-0.001065000000000147,11.512063583145075,0.8140258225092586,0.0,0.12366713063876841,0.00874458666845558,9.999999999909193e-05,17.497616837738228,1.2372683520568615
R:A:GLN:90,0.0,4.135144151755776,0.29239884708904035,-1.9999999999997796e-05,1.0549363528431466,0.07459526488155933,0.00020500000000005513,5.587272311188618,0.3950798139577305,-0.00013000000000009225,4.344490079572055,0.30720183960630837,0.0,0.1147026389778459,0.008110701384122723,5.500000000001393e-05,8.265450410631805,0.5844556034918883
R:A:GLU:91,0.0,4.0874445292811,0.28902597443785216,-2.0000000000002238e-05,2.3073956227313945,0.16315750917135258,-0.00042499999999992294,14.766380353582763,1.044140768159818,0.0004249999999994714,13.137161857824353,0.9289376235212863,0.0,0.18040307243868334,0.012756423586828094,-2.0000000000592877e-05,20.314891903075573,1.4364797823736424
R:A:PRO:92,0.0,3.604819976025156,0.25489926500041155,-2.5000000000003908e-05,1.175218449640321,0.08310049351162122,7.500000000014495e-05,3.0640285729207877,0.21665953816616287,-8.999999999999231e-05,2.1945068798935217,0.15517506961332414,0.0,0.12988192318572386,0.009184038863817561,-3.9999999999809075e-05,5.347603792304589,0.3781326904637473
R:A:GLU:93,0.0,4.222212738310327,0.2985555258871454,-3.0000000000001136e-05,1.3133974910513573,0.09287122723158125,0.00023500000000005905,14.300493682924902,1.0111976057511582,0.0001249999999989626,13.659767042690554,0.9658913905315002,0.0,0.1581386658570839,0.011182092299533757,0.00032999999999834274,20.265005710599716,1.432952295874917
R:A:ARG:94,0.0,6.1686909852536775,0.43619232267172003,-3.49999999999806e-05,1.838987029420001,0.13003601990169877,0.0013499999999998734,15.415903395641463,1.0900689829174803,-0.0012949999999997174,13.953772799729649,0.9866807369825231,0.0,0.14385593665547253,0.010172150832302706,1.999999999966917e-05,21.767249921537196,1.5391770027301295
R:A:ASN:95,0.0,4.418441179330104,0.3124309720178203,-9.999999999998898e-06,1.7602867842343188,0.12447107219651478,-0.00017500000000033822,5.530164189612728,0.39104165995501683,0.00023999999999999974,2.547753974140753,0.18015341119099024,0.0,0.10710099428518095,0.007573183933087312,5.499999999948102e-05,7.726996112186927,0.5463811349129465
R:A:GLU:96,0.0,4.178354280999876,0.2954542646294854,-2.500000000000835e-05,1.4335185425640646,0.10136506824037066,0.0016450000000000143,11.826213668198077,0.8362395880543895,-0.0016050000000007003,11.68385669852532,0.8261734301939121,0.0,0.1771730424138779,0.012528025973430487,1.4999999999929514e-05,17.202233787329284,1.2163816162576881
R:A:CYS:97,0.0,3.2990334677826465,0.23327689364304807,-2.9999999999992255e-05,1.084224230659876,0.07666623058263657,-9.999999999337206e-06,3.5251683063224086,0.24926704142244716,-1.4999999999995608e-05,2.125340565480036,0.1502842726181785,0.0,0.07677662373854355,0.0054289271282132205,-5.4999999999418294e-05,5.385995057649764,0.3808473628701378
R:A:PHE:98,0.0,4.446105719790072,0.31438715043358556,-5.9999999999993395e-05,1.3822757181546668,0.09774165337766698,1.999999999945601e-05,1.829181242673891,0.1293426460713944,-4.499999999999393e-05,0.9747150901032569,0.06892276499368696,0.0,0.015477834418048024,0.00109444816750843,-8.500000000041474e-05,5.096543468011752,0.36038004468431134
R:A:LEU:99,0.0,4.009274275377028,0.2834985027755878,-1.4999999999991686e-05,1.3689560697023846,0.09679981200330401,-2.5000000000758858e-05,2.6563015466198485,0.1878288836491209,-3.500000000000123e-05,1.5722859130498499,0.11117740310816313,0.0,0.09568378730434184,0.006765865485251139,-7.500000000070006e-05,5.242661272872576,0.3707121337512295
R:A:GLN:100,0.0,4.454583394662176,0.31498661257266153,-1.9999999999997796e-05,1.1148643905650588,0.07883281706719607,0.00038999999999969506,4.238445331002867,0.29970334352405886,-0.00042999999999993044,3.3105677598487544,0.23409249125666118,0.0,0.10048088302561742,0.007105071376702633,-6.000000000000227e-05,7.07252500551632,0.5001030391512014
R:A:HIS:101,0.0,4.326742954209321,0.3059469283372526,-2.5000000000003908e-05,1.2120378800495468,0.08570402040380018,-0.00013000000000033652,4.431539137850415,0.3133571375467615,4.500000000002835e-05,2.94581369972288,0.20830048431862805,0.0,0.09114404403438925,0.0064448571601481925,-0.00011000000000003673,6.96522829022947,0.49251601565336406
R:A:LYS:102,0.0,4.76598763803999,0.3370062177909333,-9.999999999994458e-06,1.2940334265968558,0.09150198110287013,0.00025999999999953616,9.87709549247146,0.6984161201153651,-0.0001950000000000429,9.673852122188709,0.684044643579551,0.0,0.04788451453839531,0.0033859464943925147,5.4999999999445494e-05,14.681004184019823,1.0381037613148494
R:A:ASP:103,0.0,3.7756048217735922,0.26697557725567334,-9.999999999998898e-06,1.671633014719439,0.1182023040363427,0.0009749999999996462,15.518863721937732,1.0973493774092073,-0.0009450000000006042,13.435783348222573,0.9500533516081477,0.0,0.11425505294966681,0.008079052272553745,1.999999999902968e-05,20.93843376004219,1.4805708499151173
R:A:ASP:104,0.0,5.606832160837347,0.3964629041902911,-5.00000000000167e-06,1.6602266277454414,0.11739575067852755,0.0005650000000000688,13.958866204952859,0.9870408951197893,-0.0005350000000001742,11.889825704919941,0.8407376383075013,0.0,0.11459836607636255,0.008103328176549436,2.4999999999906208e-05,19.246401043881743,1.3609260691564626
R:A:ASN:105,0.0,3.904318212895819,0.2760769884248776,-1.500000000000501e-05,1.3962511990594673,0.09872986910947973,1.4210854715202004e-16,5.546461633469576,0.3921940632617352,-9.500000000004671e-05,4.007672729711722,0.283385256395556,0.0,0.28301815847073775,0.020012405905358757,-0.00010999999999967259,8.006122329597154,0.5661183390267187
R:A:PRO:106,0.0,3.3695921170892476,0.2382661435826542,-2.9999999999992255e-05,1.0240693895190893,0.0724126409734516,4.999999999775184e-06,2.6588083844976493,0.18800614385539371,-4.999999999998356e-06,1.8001375854292359,0.12728894937257906,0.0,0.0522630004627491,0.003695552203236556,-3.0000000000098836e-05,4.766063147217771,0.3370115570960984
R:A:ASN:107,0.0,10.356327113402704,0.7323029130073155,-6.999999999999673e-05,0.902486518320357,0.06381543370337618,4.999999999984794e-05,10.976604417008932,0.7761631417669226,3.499999999998504e-05,4.041403279539794,0.28577036644721404,0.0,0.11219685876892932,0.007933515966333928,1.5000000000675584e-05,15.649260887532122,1.1065698494131373
R:A:LEU:108,0.0,4.900799415421938,0.346538849987992,-5.499999999999172e-05,1.3778670291341615,0.09742991198741278,0.00012000000000000454,2.7300637795846465,0.19304466116160796,-9.999999999998788e-05,1.4119244102288195,0.0998381324995615,0.0,0.08036030073703786,0.005682331358934978,-3.5000000000109386e-05,5.947233728289948,0.42053292985751756
R:A:PRO:109,0.0,3.261534861871019,0.2306253417905327,-6.499999999999728e-05,1.103431238625679,0.07802437114052892,-4.49999999998596e-05,2.5495618881437263,0.18028125001612066,9.499999999999259e-05,1.2665966484935134,0.08956190791779171,0.0,0.07255050905453694,0.0051300956930999085,-1.4999999999707469e-05,4.468217387436413,0.3159506814471926
R:A:ARG:110,0.0,5.770584916626737,0.4080419725959573,-9.500000000000952e-05,1.4146730920870023,0.10003249365768604,0.0006750000000002121,18.314814969597016,1.295052986117894,-0.00015999999999991021,13.488609934858003,0.9537887553718328,0.0,0.29010403339109264,0.02051345292604102,0.00042000000000058435,23.510851875952728,1.6624682792958636
R:A:LEU:111,0.0,6.650856572487487,0.4702865783105021,-3.4999999999993925e-05,1.4230703455117741,0.10062626914168586,-2.4999999999479882e-05,5.727867074537868,0.4050213650140878,3.999999999997672e-05,2.203690184474669,0.15582442730762722,0.0,0.23277367813361707,0.01645958462900154,-1.9999999999424924e-05,9.163946616716613,0.6479888795111837
R:A:VAL:112,0.0,5.0653925419260455,0.358177341576767,-6.999999999999895e-05,1.0476563783512225,0.07408049294854888,7.499999999971863e-05,3.4125469673507793,0.24130351017313237,-5.00000000000167e-06,1.689894458146721,0.11949358308451127,0.0,0.12131049337753103,0.008577947249633795,-2.2537527399890676e-16,6.424307107443845,0.45426711200984765
R:A:ARG:113,0.0,6.059087719302305,0.4284422014122792,-7.000000000001005e-05,1.8105881556831196,0.12802791628195784,0.0031300000000001795,15.473491449427309,1.094141073252211,-0.0028650000000000784,13.844152858476932,0.9789294366012163,0.0,0.14890124670210936,0.010528908127019256,0.00019500000000007844,21.704894633361953,1.5347678180189739
R:A:PRO:114,0.0,3.503014649120097,0.24770054129886349,-3.9999999999986715e-05,0.9228975017573728,0.0652587081832762,1.5000000000142676e-05,1.884412149020219,0.13324806091225116,6.49999999999986e-05,1.5128281985655212,0.10697310779759088,0.0,0.09632759602326453,0.006811389636344866,4.000000000025761e-05,4.355661688217487,0.30799179162930307
R:A:GLU:115,0.0,4.1914998856674215,0.29638379924980723,-0.00013500000000000512,1.1132087847187517,0.07871574805510649,-0.0048350000000001005,11.28903015111905,0.7982549772875676,0.005999999999999801,10.833057215818625,0.766012821828721,0.0,0.09226834044835201,0.006524356921985872,0.0010299999999992693,16.23618640354468,1.1480717506555265
R:A:VAL:116,0.0,4.210861605324972,0.2977528795763359,-6.99999999999834e-05,1.2871489607267683,0.0910151758527115,0.0001249999999999929,2.9622221378004383,0.20946073610196014,-0.00013000000000000227,1.5365228424920991,0.10864857213741927,0.0,0.09188050304773042,0.006496932676388142,-7.500000000001838e-05,5.5255961101328515,0.39071864795729483
R:A:ASP:117,0.0,13.430398484838415,0.9496725842666777,-7.500000000000062e-05,1.3009147290176248,0.09198856266338223,-0.0029750000000000653,15.320647748518175,1.0833333915147612,0.00366000000000021,17.93621904198736,1.2682822113436543,0.0,0.15800059348752446,0.01117232910865276,0.0006100000000005679,27.17578237581381,1.921618000198781
R:A:VAL:118,0.0,4.61938869332296,0.326640106998513,-6.0000000000011155e-05,1.1978113419900482,0.08469805225033218,0.00012500000000006394,2.9735261675618396,0.2102600517118623,-8.00000000000084e-05,1.2057511405758654,0.08525948079246086,0.0,0.07504798593622702,0.005306693976989877,-1.4999999999922853e-05,5.751072056005567,0.40666220498939964
R:A:MET:119,0.0,4.090181699411409,0.2892195215938924,-2.4999999999995027e-05,1.3550205338573287,0.09581442081375328,0.00017000000000017224,2.2334926897350704,0.15793178266422497,-0.00017000000000001083,1.247376234141087,0.08820281938521013,0.0,0.049101510521876536,0.0034720011056521513,-2.4999999999784638e-05,5.011238869212935,0.35434809865660727
R:A:CYS:120,0.0,2.8980450098644086,0.20492272786589583,-1.000000000000334e-05,0.8826691621156819,0.062414135007624674,-9.999999999976694e-06,2.1256367850952333,0.15030521850804116,2.7929047963226596e-18,1.3665508621160063,0.09662973814385507,0.0,0.04650253932672459,0.0032882260900321063,-1.9999999999956163e-05,3.945342217858146,0.2789778236349068
R:A:THR:121,0.0,5.205902640272867,0.3681129059133896,-2.9999999999996697e-05,1.2420923673785296,0.08782919358334107,4.499999999993065e-05,5.424628728814075,0.38357917595637936,-4.999999999986127e-06,1.954499059471506,0.13820395387750312,0.0,0.10119253933933273,0.0071553930772328645,9.999999999870113e-06,7.867726424963437,0.5563322707612238
R:A:ALA:122,0.0,2.8858069983195334,0.20405736977073377,-1.4999999999996128e-05,1.191953910298129,0.08428386928336287,3.5000000000238176e-05,1.9140206989149833,0.13534170155341999,-5.4999999999958416e-05,1.436101727063581,0.10154772696803704,0.0,0.06791991168190159,0.004802663012786402,-3.499999999962311e-05,3.9343503500041623,0.278200581205161
R:A:PHE:123,0.0,4.2384058587575115,0.29970055241482285,-1.9999999999997796e-05,1.4782186542423283,0.10452584344912028,8.000000000023987e-05,2.943901649231849,0.20816528193181014,-8.499999999998286e-05,2.6059748161244767,0.18427024640829837,0.0,0.08257113998952981,0.005838661301690024,-2.4999999999872902e-05,5.9677210280880395,0.42198160071906077
R:A:HIS:124,0.0,4.0148442768742605,0.28389236135857904,-1.5000000000000568e-05,1.117843296609592,0.07904345753365677,0.00012000000000000454,3.266419090433743,0.23097070890428942,-0.00013499999999998734,3.125432591622318,0.22100145796775864,0.0,0.10314632188394054,0.007293546365858474,-3.0000000000045547e-05,6.1495536363355825,0.4348391077523282
R:A:ASP:125,0.0,4.128885380608185,0.2919562851370047,-1.9999999999993358e-05,0.9510926470907027,0.06725240602944998,-0.003055000000000022,8.590721367450756,0.60745573342086,0.003064999999998648,8.156871837755883,0.5767779389746761,0.0,0.0695643417895464,0.004918941780816699,-1.0000000001824105e-05,12.581421330594912,0.8896408339828737
R:A:ASN:126,0.0,4.029020657777768,0.28489478286553443,0.0,1.2047831897067622,0.08519103633012103,-2.5000000000332533e-05,6.3825253312991235,0.45131269428565257,4.500000000001694e-05,5.387238489650797,0.3809352867901253,0.0,0.08838814638201554,0.00624998576832324,1.9999999999527062e-05,9.351539477993494,0.6612536979422906
R:A:GLU:127,0.0,3.7509057876664937,0.2652290918050846,-4.999999999997229e-06,1.4817471340869872,0.10477534465166412,-0.0019749999999999625,21.90140307284844,1.548663063031102,0.002039999999999509,21.50055545022965,1.5203188558134768,0.0,0.19142341485536368,0.013535679472211336,5.9999999999504894e-05,30.955562552614914,2.188888819639836
R:A:GLU:128,0.0,3.9523553387758548,0.27947372617072613,0.0,1.5512475397401924,0.10968976546492383,-0.002439999999999909,17.40582593280767,1.2307777549240966,0.0023550000000015815,17.237819359953132,1.2188978962291612,0.0,0.16025895129694556,0.011332019120791487,-8.499999999855845e-05,24.86279061719633,1.7580647844640793
R:A:THR:129,0.0,8.20558642142961,0.5802225802205132,-5.00000000000167e-06,1.3366911453192918,0.0945183373207284,5.5000000000049455e-05,9.592632707128685,0.6783015636642562,-3.500000000000947e-05,3.7041131031969043,0.26192034935524766,0.0,0.1409009960793329,0.009963204980363544,1.5000000000000568e-05,13.22411815446955,0.9350863622237551
R:A:PHE:130,0.0,4.415594185588165,0.31222965915972817,-5.500000000002281e-05,1.2755945349032347,0.09019815456745774,4.499999999961091e-05,2.587824422884018,0.18298681979414527,-4.999999999999345e-05,1.3431983743848113,0.09497846790062471,0.0,0.07772643459594858,0.0054960888980247905,-6.00000000003309e-05,5.443498134888539,0.384913444455601
R:A:LEU:131,0.0,5.28973572995854,0.37404080053384553,-4.999999999997229e-06,1.7723245462880097,0.1253222705143623,-3.500000000016712e-05,3.2789503601114487,0.23185680348088772,9.999999999998325e-06,1.3953436303470197,0.09866569431038329,0.0,0.09711535398955631,0.00686709253633473,-3.0000000000190986e-05,6.620450822487886,0.468136567109324
R:A:LYS:132,0.0,4.836489237783954,0.341991433717279,0.0,1.4907447491774037,0.1054115721161581,0.0017300000000005865,20.40339011829897,1.4427375511843794,-0.0018200000000001548,17.406768281154317,1.230844389014712,0.0,0.18276614960239096,0.012923518375520566,-8.999999999956821e-05,27.293612106739197,1.9299498203750536
R:A:LYS:133,0.0,4.940748255558059,0.3493636595640709,-9.999999999994458e-06,1.224385091443864,0.08657710009436674,0.0018949999999992428,12.156710752003399,0.8596092609665017,-0.0018299999999999994,11.656615949506957,0.8242472183583636,0.0,0.10193882548526821,0.00720816347668252,5.4999999999267854e-05,17.59496562665771,1.2441519509353878
R:A:TYR:134,0.0,4.804553024366576,0.3397332024099941,-3.500000000000725e-05,1.1931802322260456,0.08437058333847763,0.00014000000000045533,2.319660338875069,0.16402475556680463,-6.499999999998841e-05,1.251095885923617,0.08846583848511808,0.0,0.09499044218395852,0.006716838581618575,4.000000000037307e-05,5.609144053967264,0.3966263797212454
R:A:LEU:135,0.0,5.823185683386714,0.41176140848311654,-1.4999999999991686e-05,1.319154697931596,0.09327832323415232,1.5000000000142676e-05,4.436381458393202,0.31369954131600986,-7.500000000000395e-05,0.835042485790394,0.059046420428125884,0.0,0.03400764945303736,0.00240470395404577,-7.499999999992735e-05,7.485291813813696,0.5292900600707816
R:A:TYR:136,0.0,5.0727704481870655,0.35869903833157957,-4.499999999999283e-05,1.2781652959124652,0.09037993482170142,1.0000000000047748e-05,2.413038036324749,0.17062755587463005,-1.5543122344752193e-17,1.2588603774644749,0.0890148709472187,0.0,0.0829796101095413,0.005867544500867245,-3.499999999961645e-05,5.8975481493641855,0.41701962887895894
R:A:GLU:137,0.0,4.009542806231155,0.28351749077437893,-1.000000000000334e-05,1.7578579077672918,0.12429932469446486,-0.001195000000000377,12.953929779390307,0.9159811590021244,0.0012000000000002586,11.514670211734247,0.8142101389844024,0.0,0.10541210392128994,0.007453761350188517,-5.000000000023874e-06,17.87650794939907,1.2640599994955304
R:A:ILE:138,0.0,4.40572181770479,0.31153157733205794,-1.000000000000334e-05,1.3337854170555323,0.09431287130476942,0.00012499999999995737,2.278662841926159,0.16112579475637973,-0.00010500000000000124,0.755200773288137,0.05340075879493661,0.0,0.06092173245788311,0.004307817014260174,9.99999999995893e-06,5.191889086487275,0.3671219980223581
R:A:ALA:139,0.0,2.8075994160136166,0.1985272585918619,-4.999999999997229e-06,0.8641853886030473,0.061107134848354644,0.00012000000000000454,1.9600204645742862,0.1385943761764885,-0.00010000000000000286,1.0013738238040777,0.07080782213145663,0.0,0.0002388568720217193,1.6889731393956504e-05,1.4999999999942838e-05,3.6706757797819205,0.2595559735421014
R:A:ARG:140,0.0,5.414199746887807,0.38284173557228574,-2.5000000000003908e-05,1.6270288221402223,0.11504831133213123,0.0011899999999999988,12.079084194238403,0.8541202344269219,-0.001214999999999886,10.101414186606497,0.7142778470923448,0.0,0.05513590423606744,0.003898697177217538,-4.999999999881766e-05,16.73041138753276,1.183018734416505
R:A:ARG:141,0.0,5.509695935888841,0.38959433585429604,-2.000000000000668e-05,1.7203780503133606,0.12164909855810686,0.0007800000000000814,10.859110742210891,0.7678550843473004,-0.000724999999999878,8.811124881573011,0.6230406153641792,0.0,0.0612173143608861,0.004328717811061118,3.49999999998829e-05,15.128661715161805,1.0697579289068218
R:A:HIS:142,0.0,4.323524623030381,0.30571935795717936,-9.999999999994458e-06,1.3404113257317696,0.09478139380041845,-1.999999999959812e-05,3.169741650947281,0.22413458159942648,1.0000000000074394e-05,1.6453864287455393,0.11634639014382869,0.0,0.08793213151693498,0.006217740647981205,-1.9999999999491535e-05,5.766442437196707,0.4077490550663673
R:A:PRO:143,0.0,3.4126656000185545,0.24131189876951778,-9.999999999994458e-06,1.1677518279797294,0.08257252363074534,-7.500000000000284e-05,1.6387358899087434,0.1158761260328244,2.9999999999999828e-05,0.803446858696952,0.05681227221076446,0.0,0.006974897527175006,0.0004931997339546728,-5.5000000000065e-05,4.042395533606343,0.2858405294051257
R:A:TYR:144,0.0,4.326132605827056,0.3059037701892541,-9.999999999994458e-06,1.0916034170659232,0.07718801785737213,-1.4999999999929514e-05,2.4440942787206477,0.17282356383426137,2.0000000000028882e-05,1.6643525974233946,0.11768750079235263,0.0,0.11399910007321637,0.008060953671093513,-4.999999999917293e-06,5.353847546390586,0.37857419054917424
R:A:PHE:145,0.0,4.605340315193872,0.32564673665453786,-1.000000000000334e-05,1.3951475358362642,0.09865182833455242,3.4999999999456574e-05,2.616858901502907,0.1850398674661085,-7.500000000000506e-05,1.2389838998853053,0.08760939173898538,0.0,0.015274448578856391,0.0010800666168994577,-5.000000000047411e-05,5.615947025108889,0.3971074224238914
R:A:TYR:146,0.0,4.48207121094701,0.31693029470216316,-4.999999999997229e-06,1.307424466221663,0.09244887059545401,-4.5000000000001704e-05,4.522834747641682,0.31981271202435807,1.4999999999985025e-05,3.3941215787409558,0.24000063844993202,0.0,0.07961200807173772,0.00562941907714039,-3.5000000000060536e-05,7.333536295161715,0.5185593244386519
R:A:ALA:147,0.0,3.2087235352317283,0.22689101707152268,0.0,1.0203602171782276,0.0721503628819703,-9.000000000014552e-05,1.9354271171888646,0.1368553639056577,7.500000000000005e-05,0.8549421977976054,0.060453542558521735,0.0,0.006426028028510302,0.00045438879950544553,-1.500000000021373e-05,3.976667861377314,0.2811928811306504
R:A:PRO:148,0.0,4.080609760293184,0.28854268328793226,-4.999999999997229e-06,1.14141333787327,0.08071011113469612,-7.000000000008555e-05,1.7462658972075245,0.12347964576702511,2.5000000000006683e-05,1.3834535974057822,0.09782494201825524,0.0,0.05517873947109006,0.003901726085733359,-5.000000000004778e-05,4.787549849023988,0.33853089635134936
R:A:GLU:149,0.0,3.84495499778606,0.271879375229163,-1.000000000000334e-05,1.8748288923259104,0.13257042233281147,-0.0008300000000000906,24.34333104423776,1.7213334458049518,0.0008149999999999657,22.574082356939233,1.5962286713655331,0.0,0.17539435159934116,0.01240225353977117,-2.5000000000083844e-05,33.47411516494944,2.366977382735519
R:A:LEU:150,0.0,4.154816040301905,0.2937898596680117,-4.999999999997229e-06,1.3008027629025856,0.0919806454634615,-6.999999999955264e-05,2.0869056657046094,0.14756651479163554,9.999999999999675e-05,0.8195326007853502,0.05794970594187688,0.0,0.0019811906529155644,0.0001400913345499999,2.5000000000536813e-05,4.897080459124743,0.34627588006632376
R:A:LEU:151,0.0,5.977383701382236,0.42266485490013245,-9.999999999994458e-06,1.2136770693640053,0.0858199285917904,-0.0001200000000000756,4.1811299882448045,0.2956505367710331,3.499999999999906e-05,1.3386800560159997,0.09465897454481007,0.0,0.12486842717737752,0.008829531161322223,-9.500000000004505e-05,7.516091559935307,0.5314679310049232
R:A:PHE:152,0.0,4.2213088715172224,0.298491612853276,0.0,1.6151792098711526,0.11421041721314218,-9.999999999998011e-05,2.485227050744056,0.1757320900369366,5.9999999999998944e-05,1.1720415551293393,0.08287585314643825,0.0,0.1854941903727623,0.013116419988328862,-4.000000000001114e-05,5.292702094782216,0.374250554202075
R:A:PHE:153,0.0,4.347905638603487,0.3074433561015752,-2.5000000000003908e-05,1.2922142928612885,0.09137334892283963,-8.499999999941111e-05,2.632907982834759,0.1861747088902652,7.00000000000027e-05,1.1220705829403068,0.07934237181670334,0.0,0.03170974997831727,0.0022422179239398117,-3.9999999999423275e-05,5.363427408690611,0.37925158910869233
R:A:ALA:154,0.0,3.0278285786269334,0.21409981202175302,0.0,0.816866649949672,0.057761194750455075,-9.999999999998011e-05,2.204958609804274,0.1559141185228265,9.49999999999996e-05,0.8142839449326015,0.05757856992731757,0.0,0.041827332583591795,0.0029576390508802793,-5.000000000014992e-06,3.9193963010935824,0.2771431702660743
R:A:LYS:155,0.0,5.101213027854256,0.3607102324272905,-5.000000000006111e-06,1.4068437382932761,0.0994788747417008,0.0018299999999999272,17.731933329140958,1.2538370300583324,-0.0018049999999999072,16.659150236187767,1.1779798100813843,0.0,0.18697007818250308,0.013220781016182688,2.000000000000002e-05,24.89950376314025,1.7606607959096428
R:A:ARG:156,0.0,5.660950057079642,0.4002896173319388,-9.999999999994458e-06,1.7018616095764074,0.12033978847725303,0.0017099999999999438,26.99608438759499,1.9089114335952702,-0.0017249999999997539,22.037893447402702,1.5583143899725032,0.0,0.1688582104535356,0.01194007856707202,-2.500000000111413e-05,35.347256208132514,2.499428456110879
R:A:TYR:157,0.0,4.668215893888156,0.3300927114611136,-2.500000000001279e-05,1.2708189473229459,0.0898604695312405,-9.500000000009834e-05,2.3767380431959686,0.16806075874479148,0.00015500000000000623,1.2259741005318996,0.08668946000451844,0.0,0.07163469828419321,0.005065338092500536,3.49999999999473e-05,5.528494205475237,0.39092357424420743
R:A:LYS:158,0.0,4.497510675779435,0.31802202973025306,-1.0000000000012222e-05,1.3250265612054728,0.09369352666806817,0.0021000000000006482,18.763482725896065,1.3267785874157751,-0.0020799999999998407,16.774660301643962,1.1861476051393223,0.0,0.16930754888042898,0.011971851591942419,1.0000000000829346e-05,25.60213809339579,1.8103445458714589
R:A:ALA:159,0.0,3.1088285192657374,0.21982737275189362,-9.999999999998898e-06,0.8826502090296019,0.062412794822055515,-6.0000000000357544e-05,3.1717177311356064,0.22427431156955982,5.999999999999117e-05,1.7286337998546715,0.12223286820655073,0.0,0.0662699758736159,0.00468599493293027,-1.0000000000414122e-05,4.8472926508931025,0.3427553503842229
R:A:ALA:160,0.0,3.0369886239414856,0.2147475250375426,-1.000000000000334e-05,0.8177993755805882,0.057827148412315815,-3.4999999999598686e-05,2.2528239960713754,0.15929871244418456,9.500000000000507e-05,0.9837821012170328,0.06956389949805143,0.0,0.027929159884409843,0.001974889834710949,5.000000000034532e-05,3.991981830942101,0.28227574230326496
R:A:PHE:161,0.0,4.306787034530498,0.30453583172428167,-2.9999999999992255e-05,1.2741293260693751,0.09009454865723009,-8.999999999979025e-05,2.424645145974973,0.17144830246899498,9.499999999999509e-05,1.158066464791637,0.08188766503188986,0.0,0.005311527438727206,0.0003755817070382422,-2.499999999972191e-05,5.233724327230919,0.3700801962645984
R:A:THR:162,0.0,5.604079610266078,0.39626826947284083,-5.00000000000167e-06,0.8913382794287474,0.0630271341715217,2.5000000000048316e-05,5.121492264084267,0.36214419097284295,-4.999999999992788e-06,2.5957599257972603,0.1835479445863532,0.0,0.12657418292828168,0.00895014630717345,1.4999999999973924e-05,8.07365257078907,0.5708934481749154
R:A:GLU:163,0.0,4.404930377565574,0.31147561406312363,-9.999999999998898e-06,1.5221064797674309,0.10762918135315348,-0.0036699999999998487,18.196101975563337,1.286658709808277,0.0035849999999994966,17.771946323711283,1.2566663760379582,0.0,0.11753437404767964,0.008310935291163044,-9.500000000059572e-05,25.85873618980649,1.8284887712726154
R:A:CYS:164,0.0,3.0657461694993597,0.216780990584968,-1.500000000000501e-05,1.055017921447309,0.07460103265287285,-0.0001050000000002882,2.1379117745770055,0.15117319133819662,0.00013999999999999777,1.2085130790148695,0.0854547793324048,0.0,0.011048093637511951,0.0007812181930268651,1.9999999999633643e-05,4.067327755267949,0.2876035037058225
R:A:CYS:165,0.0,3.164294690756534,0.22374942335065345,-2.4999999999999466e-05,1.0437510388378064,0.07380434374327165,-4.973799150320702e-16,3.5035923469990062,0.24774139070762888,1.0000000000009984e-05,2.5369498571118823,0.17938944474940546,0.0,0.07763693492319232,0.005489760315472798,-1.5000000000532366e-05,5.460721429091513,0.3861313152681303
R:A:GLN:166,0.0,4.796541536143517,0.339166704645002,-3.0000000000005578e-05,1.4552501948118748,0.1029017281074521,-3.000000000046299e-05,4.894876773433627,0.34612005595674455,7.500000000004725e-05,5.096152437101445,0.36035239462347823,0.0,0.23395659396652713,0.016543229409703902,1.4999999999716351e-05,8.666596091579752,0.6128208866160871
R:A:ALA:167,0.0,3.199913699961297,0.22626806764543683,-2.000000000000002e-05,1.0127982453331954,0.07161565072489391,0.00012999999999998123,4.363706596174862,0.3085606525263712,-5.499999999998784e-05,2.5329025358222927,0.1791032559164545,0.0,0.08643937337833105,0.006112186707733381,5.499999999993066e-05,6.060545375764052,0.4285452732891534
R:A:ALA:168,0.0,3.543609120656509,0.2505710039090716,-3.4999999999999475e-05,0.44943605804941816,0.03177992843564944,6.000000000028649e-05,2.545863662129219,0.18001974594679884,-1.000000000000778e-05,1.7026512436491508,0.1203956240380023,0.0,0.06906049676456745,0.0048833145574337265,1.5000000000133796e-05,4.705780569272049,0.33274893513081577
R:A:ASP:169,0.0,6.04587682877761,0.4275080503847267,-2.9999999999998917e-05,1.5416140387755943,0.1090085740790604,-0.0055299999999995466,9.650191404790892,0.6823715782075774,0.005750000000000171,8.515623099850064,0.6021454839932788,0.0,0.08839828677057944,0.00625070280207498,0.000190000000000623,14.303113145682795,1.0113828297390755
R:A:LYS:170,0.0,5.012338114966906,0.3544258270692896,-5.9999999999993395e-05,1.3764991343804034,0.0973331872217796,0.003944999999999155,13.997904560575307,0.98980132371849,-0.003704999999999909,12.985575567701073,0.9182188541531779,0.0,0.16601375760733816,0.01173894537744086,0.000179999999999243,19.78919777870909,1.3993075943566962
R:A:ALA:171,0.0,3.3372855958023733,0.23598172755480457,-2.500000000000169e-05,0.8078886475715573,0.057126354114147695,5.0000000000238744e-05,1.9502475844235776,0.13790332919385956,-3.5000000000006136e-05,1.1639154722637723,0.08230125231656564,0.0,0.08009040774362612,0.005663247042351361,-9.999999999869558e-06,4.117613210995241,0.2911592223798049
R:A:ALA:172,0.0,3.140376295796412,0.2220581374235134,-1.4999999999998349e-05,0.6450358368920288,0.04561092143746934,9.499999999967201e-05,2.252261568440709,0.15925894280502748,-4.999999999987792e-06,1.567346824948135,0.11082815683920309,0.0,0.07503774156146353,0.00530596959030345,7.499999999985185e-05,4.220535915625366,0.298436956618007
R:A:CYS:173,0.0,3.228067001155645,0.22825880666416792,-4.0000000000008914e-05,0.8840912079644272,0.06251468883390526,0.00010499999999971977,2.9728766590585285,0.21021412452514932,-2.4999999999991575e-05,1.8807291841397582,0.1329876359680666,0.0,0.07653747564514607,0.005412016804358301,3.999999999967918e-05,4.856236166742525,0.34338775245470043
R:A:LEU:174,0.0,4.6553534150695794,0.32918319686156516,-3.4999999999998364e-05,1.3667875127008589,0.09664647186718717,9.000000000057184e-05,3.0533503607512844,0.21590447454256242,-7.500000000000279e-05,1.0200108894394215,0.07212566168067368,0.0,0.013988684631699723,0.0009891493762954917,-1.9999999999402718e-05,5.82271327195902,0.4117280039507133
R:A:LEU:175,0.0,4.664623345131951,0.32983867990238797,-7.499999999999619e-05,2.0461958434311707,0.14468789565259077,0.00012000000000021771,3.4260558900213525,0.24225873525582106,-8.499999999999563e-05,1.551713304504089,0.10972270000722274,0.0,0.24222384142501024,0.01712781208366797,-3.999999999979575e-05,6.336400706387237,0.4480511907801645
R:A:PRO:176,0.0,4.108657522689132,0.2905259595866606,-9.999999999998898e-06,0.9807556947323833,0.06934990024325917,0.000189999999999948,3.017599685495079,0.21337652005199634,-0.000120000000000014,1.833962107446607,0.12968070426146674,0.0,0.0809690730358363,0.005725378061002867,5.999999999988681e-05,5.506253647965945,0.3893509293409884
R:A:LYS:177,0.0,5.258242268244209,0.3718138764997213,-1.4999999999991686e-05,1.4091374747961962,0.09964106640524781,0.00365000000000002,16.019946751738907,1.1327812982401986,-0.003649999999999993,15.375679496799483,1.0872247237537878,0.0,0.14872573392635707,0.010516497499627325,-1.5000000000042757e-05,22.8627888376551,1.6166433023942024
R:A:LEU:178,0.0,4.383004580644425,0.30992522609453727,-2.5000000000003908e-05,1.4644269173212434,0.10355062037899627,0.00013500000000028932,2.8601554798428355,0.20224353350447327,-0.0001599999999999946,1.4667474357911796,0.10371470581359232,0.0,0.04566406119619726,0.003228936732834857,-4.99999999995282e-05,5.629315941203242,0.39805274754663444
R:A:ASP:179,0.0,8.031906918655745,0.5679415848040624,-3.500000000000281e-05,2.0491632255325585,0.14489772125321707,-0.0028050000000003905,24.201508386397634,1.7113050694964866,0.0028749999999997922,22.00423804492387,1.5559345936408686,0.0,0.14522958907859831,0.010269282726641262,3.500000000002501e-05,33.743609623496404,2.386033518648595
R:A:GLU:180,0.0,4.666680397879203,0.329984135497072,-9.999999999994458e-06,1.2188000733098108,0.08618217967480284,-0.001995000000000502,26.866423440215765,1.899743020080578,0.001994999999999241,25.20956449616841,1.7825854006000315,0.0,0.1784673825884146,0.012619549644888194,-1.0000000001255671e-05,37.156723223620624,2.627377095809382
R:A:LEU:181,0.0,5.6763496925004535,0.4013785359953244,-5.00000000000167e-06,1.5091850548806132,0.10671549863714734,0.00017499999999991188,4.067701950386115,0.28762996329637674,-0.00011500000000000285,0.8919295251728132,0.06306894155901936,0.0,0.042487771632931375,0.0030043391439151207,5.4999999999821305e-05,7.200147776762177,0.5091273318493779
R:A:ARG:182,0.0,5.492639739433127,0.38838828063678754,-2.9999999999996697e-05,2.382852044987267,0.16849308395747287,0.0012999999999998928,19.677423441440446,1.391403955172167,-0.0012650000000000452,16.72812314471576,1.1828569312152146,0.0,0.34521719570421844,0.024410542006465634,5.000000001871285e-06,26.51409714333556,1.8748297887091443
R:A:ASP:183,0.0,11.978089179622932,0.8469788084568585,-9.999999999998898e-06,1.8575622605716342,0.13134948709264152,-0.0012300000000000822,24.824823456635098,1.7553801007945546,0.0011749999999999229,22.1458903699665,1.5659509256017172,0.0,0.2646944073670465,0.0187167210391393,-6.499999999988404e-05,35.40773278547874,2.503704795905326
R:A:GLU:184,0.0,4.25971421407,0.30120728066856217,-5.00000000000167e-06,2.280460239617214,0.1612528899659631,-0.0015050000000007202,19.61248855229685,1.3868123651272635,0.0014449999999995634,18.80162304714609,1.329475515395028,0.0,0.1474984776030694,0.010429717372782246,-6.500000000109196e-05,27.59561842597245,1.951304892004156
R:A:GLY:185,0.0,2.8120321850843033,0.19884070269879356,0.0,0.9501377685367528,0.06718488591937921,9.000000000014552e-05,2.7898672111679432,0.19727340236268542,-4.5000000000015026e-05,1.2897248849560903,0.09119732120174913,0.0,0.018548676568429134,0.001311589498357226,4.50000000001366e-05,4.27286556977603,0.30213722194871523
R:A:LYS:186,0.0,5.058676718268326,0.3577024611318043,-4.999999999997229e-06,1.5175203050947952,0.10730488983208081,0.00021499999999981866,17.85307840612859,1.2624032806028644,-0.0001400000000000068,15.73013440819086,1.1122884709007597,0.0,0.21995503610210113,0.015553169758392757,6.999999999979467e-05,24.374392203896214,1.7235298014675529
R:A:ALA:187,0.0,3.326106768874084,0.23519126512213415,0.0,1.0375895274866647,0.07336865909739662,0.0001349999999997209,2.275984379620168,0.1609363988704078,-0.00011999999999999844,1.415207671103432,0.1000702941024458,0.0,0.0982211475363396,0.0069452839478870085,1.499999999972787e-05,4.39683332728776,0.3109030661472186
R:A:SER:188,0.0,8.898737054211681,0.6292357315029081,-9.999999999994458e-06,1.3241799061117037,0.09363365911225514,0.0001549999999999585,8.671796721549404,0.6131886266878854,-0.00011999999999999511,2.4375009767280096,0.17235734697932084,0.0,0.05939894465474861,0.004200139656069717,2.4999999999983925e-05,12.731298881488922,0.9002387772413524
R:A:SER:189,0.0,9.017085137792588,0.6376042047469573,-4.999999999997229e-06,1.1752906855220966,0.08310560135980606,-5.49999999995876e-05,10.250600447933525,0.7248269087967657,1.4999999999993351e-05,1.6036965960165281,0.11339847380090702,0.0,0.035492495448801564,0.002509698421308026,-4.4999999999618127e-05,13.79626922795283,0.9755435526160741
R:A:ALA:190,0.0,3.1504551753357806,0.22277082183041838,-4.999999999997229e-06,0.8527913208839545,0.060301452593407724,9.500000000009834e-05,2.109620487901793,0.14917269527254307,-7.500000000000117e-05,1.0914571123846324,0.07717767255414612,0.0,0.02564438080684593,0.0018133315567850905,1.5000000000116032e-05,4.036713479328447,0.2854387474940287
R:A:LYS:191,0.0,4.3995840462252795,0.3110975713486044,0.0,1.4991421952403317,0.10600536122173257,0.0006450000000005929,18.289118967691557,1.293236004398221,-0.0006499999999999809,16.87730894059536,1.1934059600075324,0.0,0.16136201519368215,0.011410017516937937,-4.999999999368842e-06,25.317291215530393,1.7902028299776152
R:A:GLN:192,0.0,3.849130579591968,0.27217463345019866,0.0,1.498875096047032,0.10598647445664941,4.999999999597549e-06,3.2482385107123832,0.2296851477836018,1.000000000000556e-05,1.678302456099615,0.11867390475900756,0.0,0.021963011510483528,0.00155301943743411,1.4999999999574243e-05,5.516399886048835,0.39006837671618294
R:A:ARG:193,0.0,6.411512923733367,0.4533624266037051,0.0,2.1433774416910336,0.15155967236620035,-0.0007150000000001208,25.377559269269277,1.794464424926383,0.0006999999999994521,19.211354113517093,1.358447876944401,0.0,0.15892872002392375,0.011237957565421472,-1.5000000001492708e-05,32.53956767547817,2.3008948960209197
R:A:LEU:194,0.0,5.646634090571125,0.39927732563219764,-1.000000000000334e-05,1.4170595864324125,0.10020124429117634,9.499999999988517e-05,4.62276110548393,0.32687857254931074,-8.499999999999286e-05,0.8527804266486185,0.06030068225463953,0.0,0.04643607682509762,0.0032835264814726015,-2.220446049250313e-16,7.4827699034502535,0.5291117340788282
R:A:LYS:195,0.0,4.402097733035921,0.3112753158475628,0.0,1.341860335038636,0.0948838542311072,8.500000000026375e-05,9.062230401660234,0.6407964569688841,-9.999999999999481e-05,8.266133272709798,0.5845038891324846,0.0,0.08099846778133206,0.005727456583389998,-1.4999999999763536e-05,13.101091309379838,0.9263870505806628
R:A:CYS:196,0.0,3.2986389125743965,0.23324899437671748,-4.999999999997229e-06,1.0673998521524162,0.07547656736944917,7.499999999993178e-05,2.43015187012561,0.1718376866678989,-8.999999999999675e-05,0.8632958773792448,0.061044236906525426,0.0,0.06375728746563197,0.004508321031700843,-1.9999999999994465e-05,4.32149788793249,0.30557604614404066
R:A:ALA:197,0.0,3.0948596103539168,0.21883962173016105,-5.00000000000167e-06,0.98638363270839,0.06974785555395234,8.999999999979025e-05,2.0564586416215627,0.1454135850720283,-0.0001100000000000062,1.0448669711977694,0.07388325207717918,0.0,0.0557152933381307,0.00393966617351899,-2.5000000000250377e-05,3.9843421043864637,0.2817355320578747
R:A:SER:198,0.0,3.7298626429870048,0.26374111677504897,-4.999999999997229e-06,1.1632746777846579,0.08225594130441276,0.00011999999999936505,2.7324059040980715,0.19321027437419055,-0.00016999999999999681,1.192471454207605,0.0843204651641581,0.0,0.02020855394540757,0.001428960553277185,-5.5000000000678394e-05,4.914623270508897,0.3475163441554049
R:A:LEU:199,0.0,4.596233907227743,0.3250028163720278,-1.9999999999997796e-05,1.4291168115308142,0.10105381885411359,0.00015499999999988746,3.113552440167822,0.22016140440225893,-0.00010999999999997234,2.101840322836157,0.14862255452487688,0.0,0.07587617867287012,0.005365256047010856,2.499999999990177e-05,6.106180453099547,0.4317721605535435
R:A:GLN:200,0.0,4.279902920184054,0.30263483776822514,-1.000000000000334e-05,1.2722068694595232,0.08995861044669377,8.000000000009777e-05,3.8321232383105843,0.2709720328151966,-8.500000000000285e-05,3.670539777890304,0.25954635675611976,0.0,0.1797380436157052,0.012709398947786858,-1.500000000010715e-05,6.937320510391444,0.4905426376162311
R:A:LYS:201,0.0,4.593547826196,0.32481288176079154,-3.0000000000005578e-05,1.444915344613656,0.10217094384168134,-0.0023799999999987165,12.931750396282402,0.9144128397823109,0.0024199999999998845,11.84818419845632,0.8377931391475762,0.0,0.23358541146028405,0.016516982842981674,1.0000000001091359e-05,18.189355712652308,1.2861816769830714
R:A:PHE:202,0.0,4.22646815541653,0.2988564293164027,-1.000000000000334e-05,1.3698832828748586,0.0968653758754902,-5.000000000094928e-06,2.5672206505236366,0.18152991307874033,-1.4999999999997237e-05,1.54298584960297,0.10910557575291464,0.0,0.09789171110498522,0.006921989274428951,-3.0000000000085514e-05,5.359162552591876,0.3789500182418723
R:A:GLY:203,0.0,3.111795670340519,0.22003718201647193,-4.999999999999449e-06,1.012851911374511,0.07161944548706727,-0.00019000000000026773,4.5525422638235895,0.32191335063880167,0.0002049999999999988,3.456026287150461,0.2443779623603057,0.0,0.07672695732988889,0.005425415182777531,9.999999999700803e-06,6.5867129188754765,0.4657509370665887
R:A:GLU:204,0.0,3.907845271495534,0.27632638913022767,-9.999999999998898e-06,1.533227564241525,0.10841556077773151,0.0018999999999998174,13.170944018822267,0.9313263830337624,-0.001915000000000333,12.08250534434291,0.8543621462707572,0.0,0.11328256899015678,0.008010287272317276,-2.500000000114966e-05,18.360162747458478,1.2982595582416523
R:A:ARG:205,0.0,5.297053219951637,0.37455822521338394,0.0,1.8430784085192902,0.13032532409224998,-0.0024300000000000814,15.799968327897053,1.1172264747188683,0.002499999999999938,13.10985886235813,0.9270070101971991,0.0,0.21496739363096903,0.015200490177045604,7.000000000232376e-05,21.28401560722916,1.5050071766752053
R:A:ALA:206,0.0,3.112415460948297,0.22008100783063947,0.0,0.7479985948850439,0.05289148787612238,-0.00012500000000031263,2.2510426329980966,0.15917275105329748,8.999999999999954e-05,1.0994031598553826,0.0777395429591659,0.0,0.04895551913433875,0.003461677955639871,-3.5000000000302564e-05,4.065084105627916,0.2874448537183151
R:A:PHE:207,0.0,4.136375429648523,0.29248591158378895,0.0,1.1779535347160344,0.0832938932320371,-0.00011500000000005173,2.274539258569744,0.16083421338096882,5.0000000000002266e-05,0.9883839913211868,0.0698893022679437,0.0,0.006461799953026091,0.0004569182565455663,-6.500000000003503e-05,4.9646399399033605,0.351053056765524
R:A:LYS:208,0.0,4.530624572925902,0.3203635358526311,-4.999999999997229e-06,1.4255730010683425,0.10080323361318823,-0.0016399999999995884,16.426424680678387,1.1615236282357755,0.0016649999999998144,15.114988020914042,1.0687910527141753,0.0,0.11364312276914253,0.008035782274527602,2.000000000020208e-05,22.822401775972285,1.6137875058753908
R:A:ALA:209,0.0,3.1015351769003043,0.21931165556748233,0.0,0.8452977101293958,0.05977157429539563,-0.00014999999999986357,1.7911893991842407,0.12665621705526345,0.00012499999999999957,0.8821926465772655,0.062380440270769166,0.0,0.054257769173268154,0.0038366036514472326,-2.4999999999862355e-05,3.7846553221186023,0.2676155442723821
R:A:TRP:210,0.0,4.678148018986787,0.330795018761997,-4.999999999997229e-06,1.1175581866171445,0.07902329721275239,-7.500000000028706e-05,1.9031023657635975,0.1345696588123601,0.00012500000000000843,1.21220492973548,0.08571583260037202,0.0,0.08167885639717166,0.00577556732380023,4.499999999972193e-05,5.313371437219249,0.3757120974220643
R:A:ALA:211,0.0,2.8374943139238185,0.20064114709538022,-4.999999999997229e-06,0.9603200467422307,0.06790488171608136,-6.000000000000227e-05,1.8240001362253235,0.12897628652101126,8.000000000000119e-05,0.9183797120744774,0.0649392522112012,0.0,0.0017752204353127532,0.00012552704079105825,1.4999999999991132e-05,3.625464041696262,0.2563590208831415
R:A:VAL:212,0.0,3.7161876069703474,0.2627741457050141,0.0,1.5145196257559688,0.10709270976121577,-9.000000000011e-05,3.054984417554368,0.21602001980719288,6.000000000000165e-05,0.718648179674867,0.05081610011354669,0.0,0.026528372980151795,0.0018758392428111315,-3.0000000000249828e-05,5.094497892748899,0.36023540067033233
R:A:ALA:213,0.0,3.1662236010427307,0.22388581790502046,0.0,0.7465816745674916,0.05279129647962815,-9.500000000024045e-05,1.970130879656222,0.13930929048299326,7.49999999999873e-05,0.8969700439117241,0.06342536005711753,0.0,0.0002491027485356194,1.761422427017438e-05,-2.000000000030422e-05,3.907470677215912,0.27629990131469623
R:A:ARG:214,0.0,6.248064346303582,0.4418048668561156,0.0,1.528475397185051,0.10807953182263512,0.0005350000000002167,17.37103128508423,1.2283174017886724,-0.0004450000000000287,14.448683900981258,1.0216762365604746,0.0,0.19900917121742112,0.014072073448615316,9.000000000028763e-05,23.49321910985016,1.6612214544476434
R:A:LEU:215,0.0,4.8936496380309045,0.3460332843802746,0.0,1.4305659814213392,0.10115629063978175,-3.499999999995396e-05,2.7839933156484054,0.1968580552273008,9.999999999999565e-05,0.9998193055497578,0.07069790109154585,0.0,0.04944705628811033,0.003496434881103573,6.499999999996397e-05,5.894660994807129,0.4168154762223961
R:A:SER:216,0.0,3.704534237822618,0.2619501280702111,0.0,1.1839859326867022,0.08372044818322462,-6.499999999952877e-05,2.5293944685981664,0.17885519810415074,4.000000000001114e-05,0.8547788883682141,0.060441994838026314,0.0,0.0025730097334848933,0.00018193926306061593,-2.499999999952429e-05,4.7174025219557105,0.3335707312861404
R:A:GLN:217,0.0,4.16213681272012,0.294307516450056,-4.999999999997229e-06,1.5052955739239389,0.1064404708011713,-5.500000000040473e-05,3.4603301398674366,0.2446822907044459,7.499999999998952e-05,2.0394071898899937,0.14420786535718155,0.0,0.06503305476866138,0.00459853140281966,1.4999999999467662e-05,5.977172682291983,0.4226499335971647
R:A:ARG:218,0.0,5.617043557668927,0.39718495898479084,-4.999999999997229e-06,1.7635200258219355,0.12469969690169659,0.0006899999999999896,13.813894955858757,0.9767898797886371,-0.0006549999999998413,11.450543991050164,0.8096757304346445,0.0,0.13884206281319378,0.00981761641291379,3.000000000042746e-05,18.8843615161092,1.3353260086419088
R:A:PHE:219,0.0,4.075416537232727,0.28817546696370594,0.0,1.3473181732612383,0.09526978167288933,1.4999999999929514e-05,1.6689146227039295,0.1180100846935337,-3.50000000000017e-05,0.746127733618715,0.05275919800731433,0.0,0.022064375716579883,0.0015601869691841423,-2.000000000011326e-05,4.665485576162009,0.3298996488432183
R:A:PRO:220,0.0,3.503888879830523,0.24776235874522987,-5.000000000006111e-06,1.0662253182958095,0.07539351528397518,-2.0000000000131024e-05,2.551163969357909,0.18039453426517668,-4.499999999999921e-05,1.1488071797194688,0.08123293470554291,0.0,0.02183172703074129,0.0015437362228450816,-7.00000000001122e-05,4.608985340680218,0.3259044788784372
R:A:LYS:221,0.0,3.9330353339628163,0.2781075955291405,0.0,1.632442653066257,0.11543112698813089,0.0006150000000010891,9.235795438389427,0.6530693584136946,-0.0006250000000002132,7.784296614028464,0.5504328922547007,0.0,0.12566616630561986,0.008885939836042023,-9.999999999124043e-06,12.807990439333327,0.9056616893025063
R:A:ALA:222,0.0,3.1606512744606925,0.22349179491370594,0.0,0.682772733931284,0.04827932301720893,5.00000000003098e-05,2.810215804693654,0.1987122652096493,1.0000000000001188e-05,1.3221181810829166,0.0934878731373754,0.0,0.017251649056517698,0.0012198758034514168,6.000000000030259e-05,4.4834698680871234,0.31702919469699603
R:A:GLU:223,0.0,4.146941106399994,0.29323301775166793,0.0,1.2048618587829893,0.08519659907384801,-0.00025999999999995623,7.881587909409499,0.5573124257261362,0.0002450000000004593,7.7120824020088765,0.5453265763529914,0.0,0.07620041866981488,0.0053881832770680095,-1.4999999999432134e-05,11.842730347839153,0.8374074936720786
R:A:PHE:224,0.0,4.0306969181768055,0.2850133123750538,0.0,1.2181329351922143,0.0861350058861088,-5.5000000000262616e-05,1.999650327676066,0.1413966306701648,-1.9984014443252817e-17,0.856192010445087,0.060541917658346434,0.0,0.0914937158152187,0.006469582688889601,-5.5000000000280383e-05,4.740295643286258,0.335189519419676
R:A:ALA:225,0.0,3.374873195366012,0.2386395722088019,0.0,0.6511168626291289,0.046040914890996675,9.99999999990564e-06,2.956323152143555,0.20904361482594971,-2.5000000000002796e-05,2.0446744941616015,0.14458032001408422,0.0,0.10161481973782775,0.007185252810566664,-1.500000000011159e-05,4.97439324864504,0.3517427198405487
R:A:GLU:226,0.0,4.125491381150856,0.2917162931338426,0.0,1.7000934795475218,0.12021476280390857,-0.00043999999999995085,13.050089054577366,0.9227806465579996,0.0004349999999995191,11.767104400100944,0.8320599316241438,0.0,0.0898845872162028,0.006355800114473066,-5.000000000308092e-06,18.129744799898425,1.2819665489189722
R:A:VAL:227,0.0,4.3201059304084195,0.3054776198836012,0.0,1.2511760147956803,0.08847150445199856,-3.500000000002501e-05,2.3610635615702944,0.16695240551988166,1.0000000000000268e-05,0.9201168357877166,0.06506208540694033,0.0,0.0033993772255564696,0.00024037226880020915,-2.50000000000572e-05,5.162364221845503,0.365034274822177
R:A:SER:228,0.0,4.602659337035493,0.3254571628709376,0.0,1.2856148607572953,0.09090669860356825,8.499999999997954e-05,6.182715768760116,0.43718402462392764,-3.4999999999998364e-05,1.8096329877560806,0.1279603757101197,0.0,0.055752550043978,0.003942300620453919,4.999999999997673e-05,8.021292459291482,0.5671910291845526
R:A:LYS:229,0.0,4.822676746455229,0.3410147430889168,-5.00000000000167e-06,1.6448884197339952,0.11631117558891321,0.000579999999999643,19.354408872802082,1.3685633759815437,-0.0005199999999997118,17.620061185251316,1.2459264749013081,0.0,0.19147738404012907,0.013539495669863606,5.499999999990734e-05,26.66571265671281,1.8855506244733575
R:A:LEU:230,0.0,4.316108573420044,0.30519496406027086,0.0,1.2372805987325592,0.08748895015943442,1.500000000035584e-05,2.1683340637630075,0.15332437203646063,-4.99999999999487e-06,1.3720839376200715,0.09702098566482924,0.0,0.009300596481516658,0.0006576514841160173,1.0000000000349729e-05,5.171463036955298,0.3656776582086668
R:A:VAL:231,0.0,4.388140449415903,0.3102883868580969,-4.999999999997229e-06,1.6770803371857295,0.11858748790186509,3.0000000000143244e-05,2.4650749336987707,0.17430712017513797,-4.500000000000025e-05,1.0879162152826845,0.07692729331891901,0.0,0.028373102720340757,0.0020062813336855427,-1.99999999998024e-05,5.415656582018285,0.38294474937226897
R:A:THR:232,0.0,4.6178163207083065,0.32652892346467566,0.0,1.1060789252128438,0.078211590854553,0.00011999999999982691,6.326300645053157,0.44733700859419173,-8.499999999999667e-05,2.917924997026997,0.2063284552391526,0.0,0.09239070251945328,0.006533009227009445,3.499999999993619e-05,8.43163924408457,0.5962069286010815
R:A:ASP:233,0.0,4.856924532994104,0.34343642729914364,-4.999999999997229e-06,1.162214948869184,0.08218100715417766,-0.0001899999999998783,22.809824427765772,1.6128981530547737,0.00025499999999929914,22.09856798809993,1.5626047278897421,0.0,0.14098789661549466,0.009969349776204416,5.9999999999043044e-05,32.14957440843879,2.2733182076468554
R:A:LEU:234,0.0,4.0595186978199775,0.28705131995820893,0.0,1.196311082264977,0.0845919678678183,-2.9999999999787975e-05,2.080859308975501,0.147138972807173,3.000000000000058e-05,1.19841908477377,0.08474102615469087,0.0,0.051302915373597706,0.0036276639355310517,2.9753977059954197e-16,4.866175913294322,0.3440905986737056
R:A:THR:235,0.0,4.0683973384122645,0.28767913465526135,-1.000000000000334e-05,1.57547813120335,0.11140312701849979,6.999999999969475e-05,3.1352719399599134,0.22169720496095568,-3.5000000000002253e-05,1.11983632811898,0.07918438614319745,0.0,0.0467062997637278,0.0033026341287063572,2.4999999999675283e-05,5.488181234508626,0.3880730167301807
R:A:LYS:236,0.0,4.307756617428611,0.30460439158849945,-5.00000000000167e-06,1.9152017817125693,0.13542521671895155,0.0001449999999978502,26.35019677111871,1.8632402822457907,-0.00016500000000050364,22.90259650853534,1.6194581297964685,0.0,0.1582974402454348,0.011193319344201924,-2.5000000002535215e-05,35.229414126958076,2.491095762640121
R:A:VAL:237,0.0,4.313845165858413,0.3050349169767291,-4.999999999997229e-06,1.0870025800222372,0.07686268955009966,4.999999999739657e-06,2.4315135042551175,0.17193396874054587,-4.999999999991123e-06,1.3618421200252988,0.09629677979753529,0.0,0.010196259878467593,0.0007209844502804758,-5.0000000002015095e-06,5.249553368520078,0.371199478508123
R:A:HIS:238,0.0,4.1119160816096425,0.29075637449761954,0.0,1.2390182928229914,0.08761182368693166,6.500000000002615e-05,3.3054290596343168,0.23372913027984982,-8.499999999994845e-05,2.300717566168216,0.16268529926325548,0.0,0.04048965613109837,0.0028630510418211122,-1.999999999991564e-05,5.887599017592283,0.41631611902467586
R:A:THR:239,0.0,3.931803228952334,0.2780204725483359,-9.999999999998898e-06,1.4015716427996108,0.09910608129423742,5.9999999999895694e-05,3.83670304424906,0.2712958739987581,-0.0001300000000000021,1.9768246025128278,0.13978260816532218,0.0,0.10866162364275932,0.007683537093253559,-8.000000000015106e-05,6.005282075673272,0.4246375678646596
R:A:GLU:240,0.0,3.901725628174026,0.27589366500111956,-4.999999999997229e-06,1.6520258959759078,0.11681587137403462,0.00010999999999983245,13.050377926862883,0.9228010729131981,-9.500000000116415e-05,11.526620656960782,0.8150551630701907,0.0,0.05873115529498149,0.004152919817600162,9.999999998058229e-06,17.92014089203967,1.2671453144579596
R:A:CYS:241,0.0,2.8140275996425475,0.19898179981533484,0.0,0.726238685247488,0.05135282990985014,-7.000000000026318e-05,1.9972253313910275,0.14122515753841453,0.00010999999999999618,1.2502564397554607,0.08840648067732365,0.0,0.027344290122940696,0.0019335332972663698,3.999999999972248e-05,3.7415199931581715,0.2645654159107188
R:A:CYS:242,0.0,3.237927944812855,0.22895608067705908,0.0,0.9088722085915049,0.06426697019270473,7.105427357601002e-17,1.8972376226503624,0.13415495884983153,2.9999999999995586e-05,1.4843784023961006,0.10496140341811365,0.0,0.07251618930779527,0.0051276689205349444,3.00000000000622e-05,4.137435740088505,0.2925608868540164
R:A:HIS:243,0.0,4.0676273152723805,0.28762468579687306,-1.9999999999997796e-05,1.2448531833111887,0.08802441275010017,-0.00017000000000024328,5.710104817369819,0.40376538376481713,0.0001749999999999241,5.01255428356392,0.35444111249737237,0.0,0.10810655244791911,0.007644287632662276,-1.5000000000295888e-05,8.708497914201804,0.6157837929081
R:A:GLY:244,0.0,2.068762754873068,0.14628361726369096,-9.999999999998898e-06,0.7765765030890388,0.05491225114443952,-9.000000000021658e-05,2.373755304522772,0.16784984727055902,7.999999999997232e-05,1.4834464458146104,0.10489550413625932,0.0,0.01711296245182581,0.0012100691795876796,-2.000000000025981e-05,3.5662965185096263,0.25217524519601325
R:A:ASP:245,0.0,3.484179553173171,0.24636869889202642,-4.999999999997229e-06,1.185732588940272,0.08384395543135473,-0.0004900000000000715,10.210910432118675,0.7220204008639576,0.0005050000000015587,8.83633562037879,0.624823283801008,0.0,0.03672969083592008,0.002597181346096448,1.0000000001966213e-05,13.996082918093151,0.9896725141432869
R:A:LEU:246,0.0,4.446095492091909,0.3143864272261129,-4.999999999997229e-06,1.296270408585724,0.0916601596162422,7.49999999996831e-05,2.2630440993659398,0.1600213828785859,-1.5000000000008886e-05,1.124013334117972,0.07947974506989186,0.0,0.020876276590157738,0.0014761756742826511,5.4999999999646444e-05,5.275726725944897,0.37305021436027386
R:A:LEU:247,0.0,4.931430836577758,0.3487048185496582,-4.999999999997229e-06,1.3508236059808105,0.0955176531975896,-2.9999999999930083e-05,4.085820565045656,0.28891114282552344,-9.999999999998917e-06,1.6512954555439194,0.11676422143576345,0.0,0.028307015081258425,0.0020016082319107703,-4.499999999993953e-05,6.7502031205570265,0.4773114400932467
R:A:GLU:248,0.0,4.071489426634926,0.28789777831028845,0.0,1.5289898141583544,0.10811590659565315,-0.00039999999999993817,10.937041454387929,0.7733656178516084,0.0003800000000013881,9.325750969318772,0.6594301750062322,0.0,0.04479376813197443,0.0031673977201016985,-1.9999999998390195e-05,15.016835532208956,1.061850623678805
R:A:CYS:249,0.0,3.0592752180867935,0.21632342522251258,-4.999999999997229e-06,0.9570423121132104,0.06767311087777034,9.999999999692477e-06,2.043216174307066,0.1444772012282561,-9.999999999989462e-06,1.8079285301554373,0.12783985235735373,0.0,0.0019124773573059631,0.00013523257082167744,-5.00000000025369e-06,4.209327310847262,0.2976443885733833
R:A:ALA:250,0.0,3.0785984375929907,0.2176897831772314,0.0,0.7923684622699215,0.05602891128694185,-2.9999999999930083e-05,1.873206417750057,0.1324556960553226,5.000000000000005e-06,1.1432447408472957,0.08083961088089799,0.0,0.030401236866088192,0.0021496920744469425,-2.4999999999921197e-05,3.8629588628573286,0.27315244073710915
R:A:ASP:251,0.0,3.9325694492977483,0.27807465250854846,-9.999999999994458e-06,1.4195405501428975,0.10037667491753251,-0.0008300000000000144,15.325752814486798,1.083694374191243,0.000890000000000839,14.11474993337643,0.9980635392642844,0.0,0.03195334065678892,0.0022594423859979254,5.000000000165983e-05,21.2505549074731,1.5026411479051294
R:A:ASP:252,0.0,4.9016049634992,0.34659581083879243,-1.000000000000334e-05,1.8353937218346368,0.12978193468564875,-0.0005449999999998992,16.904042769851685,1.1952963272029555,0.000524999999998812,14.127467233091535,0.9989627881509775,0.0,0.07111065840185163,0.005028282877058942,-3.0000000001493276e-05,22.643574153501877,1.6011424834241614
R:A:ARG:253,0.0,6.165149592605195,0.4359419083960614,-1.9999999999988916e-05,1.4683997071642312,0.10383153904281685,0.0007449999999999973,12.823937194612855,0.9067892951821139,-0.0007449999999998802,10.766422469603123,0.7613010337375584,0.0,0.08420664479813758,0.005954308955773,-1.999999999966917e-05,17.903674927890595,1.2659809949671013
R:A:ALA:254,0.0,3.1409963379475627,0.22210198102448342,-5.00000000000167e-06,0.8943501274528896,0.06324010398769912,1.999999999959812e-05,1.9688506052390062,0.13921876141077397,1.0000000000001119e-05,1.0902540043035842,0.07709259996588518,0.0,0.030766941716734345,0.0021755513124274133,2.499999999956648e-05,3.9663198622687506,0.28046116709651264
R:A:ASP:255,0.0,5.203078869818331,0.36791323518969793,-1.000000000000334e-05,0.8188546957488856,0.05790177081704841,-0.0007900000000000317,14.073910415570365,0.9951757492661786,0.000804999999999012,13.490976038195864,0.9539560641433519,0.0,0.09765052731096852,0.0069049350048028,4.999999998389626e-06,20.194887402817063,1.4279941827830729
R:A:LEU:256,0.0,3.8393236798621184,0.27148118092005935,0.0,1.3566311326959881,0.09592830734981202,1.5000000000284785e-05,2.098417632949886,0.14838053380202879,6.50000000000045e-05,1.006531297265515,0.07117251057729383,0.0,0.03263073923194802,0.0023073416986040362,8.000000000024876e-05,4.690243163071913,0.33165027460219915
R:A:ALA:257,0.0,3.1437501250576503,0.22229670317843211,0.0,0.7715110887083866,0.05455407225863162,1.5000000000071622e-05,1.9944212693347916,0.14102688040893127,-1.0000000000001756e-05,1.2313088872821474,0.08706668639324687,0.0,0.014139250659522236,0.0009997960022244538,5.000000000059401e-06,3.9965525021803736,0.28259893756598065
R:A:LYS:258,0.0,4.690087054096119,0.33163923603066037,0.0,1.3646473894563385,0.09649514230130964,0.0008199999999983731,21.82523662187881,1.5432772816331481,-0.0008499999999999019,20.33232475539258,1.4377124711825204,0.0,0.17306144271201077,0.012237291970359002,-3.0000000001528804e-05,30.22637114996197,2.137327201079953
R:A:TYR:259,0.0,4.608569844924779,0.3258750988918147,-5.000000000006111e-06,1.6528872865912545,0.11687678088857084,-4.499999999993065e-05,3.968054229389387,0.28058380537171956,2.500000000000835e-05,1.6760947457930295,0.11851779606613937,0.0,0.11136326196314245,0.007874571770919193,-2.499999999992397e-05,6.522124051111728,0.4611838144280979
R:A:ILE:260,0.0,4.239614827876466,0.29978603944104865,-5.000000000006111e-06,1.4505611322777818,0.10257016131592561,3.999999999972914e-05,2.0036035848315907,0.14167616816440937,-3.9999999999992265e-05,1.0344023157118316,0.07314328919149041,0.0,0.029083261487229936,0.0020564971416641843,-5.000000000284776e-06,5.016345562182067,0.35470919637939835
R:A:CYS:261,0.0,3.564980936491807,0.25208221949941256,-5.00000000000167e-06,0.9580466323071128,0.06774412703972944,3.49999999998829e-05,2.884167440835396,0.2039414355492159,-6.499999999999562e-05,1.5174542389722991,0.10730021825175845,0.0,0.058099214454324866,0.004108234852226459,-3.50000000001377e-05,4.924571772255453,0.3482198094601685
R:A:GLU:262,0.0,3.9828575431152435,0.28163055772367807,0.0,1.0766792890875165,0.0761327226476894,-0.0008100000000000343,16.748114785704985,1.1842705537062677,0.00087500000000027,16.475543810605313,1.1649968752215067,0.0,0.13644878632546925,0.009648386209541357,6.50000000012696e-05,23.853383481215293,1.6866889213810508
R:A:ASN:263,0.0,3.8054470615093305,0.2690857422639668,-5.00000000000167e-06,1.4705898331876908,0.10398640433910099,3.5000000000096064e-05,3.546960353228522,0.25080797183677195,-6.499999999995954e-05,2.2716562598410435,0.16063035458584715,0.0,0.06476614747097585,0.004579658206805498,-3.4999999999598686e-05,5.864265202012373,0.4146661691019248
R:A:GLN:264,0.0,3.8835594562462927,0.2746091226652895,-1.000000000000334e-05,1.4685365957816645,0.10384121852978229,-5.000000000308092e-06,6.2682240730828225,0.4432303748073625,3.0000000000010575e-05,4.501766944023202,0.3183229933440247,0.0,0.13313498115804737,0.009414064798999852,1.5000000000000568e-05,8.764296740482544,0.6197293657526362
R:A:ASP:265,0.0,8.741100165722848,0.618089120221348,0.0,1.0949539359945697,0.07742493532286611,-0.00038500000000001353,10.847592338665525,0.7670406102217632,0.00034999999999939745,12.1436936005381,0.8586888093592171,0.0,0.1217828119766398,0.00861134521806483,-3.5000000000735554e-05,18.51378246312914,1.3091221125091197
R:A:SER:266,0.0,5.5299643464311785,0.391027528908132,-4.999999999999449e-06,1.007711668670657,0.07125597543978329,2.4999999999835155e-05,6.944395787977166,0.4910429352921952,-4.499999999999949e-05,2.396019138378281,0.16942413806000314,0.0,0.10359338427198972,0.007325158450478777,-2.5000000000185986e-05,9.250527587159013,0.654111078643337
R:A:ILE:267,0.0,4.227676359272313,0.29894186223035074,0.0,1.3551667711208095,0.09582476134982024,3.999999999976467e-05,1.8881931543012225,0.13351541835964115,-4.000000000000115e-05,1.1669236371759721,0.08251396169740002,0.0,0.010480828718403522,0.0007411065059237843,-2.5091040356528535e-16,4.9635489709501845,0.3509759136110385
R:A:SER:268,0.0,3.6283915966651126,0.25656603028021857,0.0,1.0376446023567027,0.07337255347880431,-2.4999999999977263e-05,2.568854936265378,0.1816454745317785,-2.0000000000020002e-05,1.72306091151764,0.1218388054931597,0.0,0.024060242164018218,0.0017013160391167773,-4.499999999997728e-05,4.879596846377577,0.34503960195300765
R:A:SER:269,0.0,5.654646271478881,0.3998438723773944,0.0,0.8562849525712803,0.060548489659115357,-4.999999999984794e-05,5.836344174969465,0.41269185434595146,4.000000000000115e-05,3.057486172168241,0.21619692057242632,0.0,0.11291278905423542,0.007984139882293604,-9.999999999838472e-06,8.72537292585148,0.6169770364251088
R:A:LYS:270,0.0,4.614846189766242,0.32631890349166104,-5.00000000000167e-06,2.184019700660917,0.1544335140582348,0.0010449999999993054,18.459434816943205,1.3052791535931596,-0.0011499999999997712,15.987124907936073,1.1304604434077956,0.0,0.12117454832499439,0.008568334482782053,-0.00011000000000048971,24.94835319739886,1.7641149725317817
R:A:LEU:271,0.0,4.84498594754928,0.3425922418265626,0.0,1.4367108308737708,0.10159079711150024,-5.500000000012051e-05,3.0239714607904298,0.21382707260395029,9.999999999997199e-06,1.1803524312255218,0.08346352083095944,0.0,0.00597760127171025,0.00042268023944556476,-4.500000000007276e-05,6.006304840148555,0.42470988823426253
R:A:LYS:272,0.0,4.055540873662847,0.2867700453146214,0.0,1.2745123180063815,0.09012163027680979,0.0006249999999995737,17.122865549129763,1.2107694343135171,-0.0006800000000000849,16.57029948886712,1.1716971134869922,0.0,0.15749103880404938,0.0111362981514457,-5.5000000000493544e-05,24.204626553994355,1.7115255572417385
R:A:GLU:273,0.0,3.7946386204749456,0.26832147006901996,-5.00000000000167e-06,1.1188146572042217,0.07911214310000077,-0.0014600000000000023,13.404687599334421,0.9478545501176592,0.0013999999999995084,12.231345507095694,0.8648867351102976,0.0,0.15773293841849406,0.011153403037219725,-6.500000000091433e-05,18.573297249727556,1.3133304434275808
R:A:CYS:274,0.0,3.384829407813635,0.23934358274246673,0.0,1.021348976378789,0.07222027871553807,-5.5000000000049455e-05,2.2250342697304677,0.15733368204988712,3.5000000000002945e-05,0.9364394165534682,0.06621626616153314,0.0,0.027405603313209362,0.0019378687945278852,-2.0000000000036654e-05,4.281199738507065,0.302726536671242
R:A:CYS:275,0.0,3.132892688163768,0.22152896645303521,-5.00000000000167e-06,0.7965032291051932,0.05632128345372644,1.499999999985846e-05,2.96910015783823,0.2099470855629461,-3.0000000000002803e-05,2.4872017138744495,0.17587171980594263,0.0,0.0824299286654416,0.005828676153205713,-2.0000000000163777e-05,5.045587854298029,0.3567769386846618
R:A:GLU:276,0.0,3.694079391025591,0.2612108587635667,0.0,1.2350485333783447,0.08733111930463276,-0.001085000000000045,17.06622737371605,1.2067645105226101,0.0010900000000000176,16.282972352967377,1.1513800168656305,0.0,0.1322957047450506,0.009354718994707857,5.000000000556781e-06,23.907747175327266,1.6905330150567437
R:A:LYS:277,0.0,4.679999558071561,0.3309259423462446,-9.999999999998898e-06,1.3677888104162863,0.09671727430764371,0.0016000000000003921,17.093124174753715,1.208666401563206,-0.001580000000000439,15.890572324222623,1.1236331447393093,0.0,0.11482826929177327,0.008119584788812787,1.0000000000047748e-05,23.84264269056135,1.6859294327903802
R:A:PRO:278,0.0,3.59874765192004,0.2544698868451825,0.0,1.0610734134592195,0.07502922059937714,5.000000000013216e-05,2.08501799903502,0.14743303660136692,-5.000000000006111e-06,1.1388386579647707,0.08052805377242765,0.0,0.06402594959585084,0.004527318313113422,4.500000000011717e-05,4.441307726148533,0.31404788104958337
R:A:LEU:279,0.0,4.373502752205605,0.3092533453622612,-4.999999999997229e-06,1.4370275682724392,0.10161319382774561,3.9999999999906775e-05,3.26440053547355,0.23082797551423442,2.9999999999998364e-05,1.093951420082263,0.07735404674288217,0.0,0.12930352477608942,0.009143139920049559,6.499999999989736e-05,5.749985610638041,0.406585381700723
R:A:LEU:280,0.0,6.341671667171046,0.4484239039915245,0.0,1.6284300942318648,0.11514739623196002,2.4999999999977263e-05,4.016738884577264,0.28402633035402725,-5.000000000000575e-05,1.4925726281491296,0.10554082267776767,0.0,0.18238047785412465,0.012896247264669449,-2.5000000000137136e-05,7.827120227892076,0.5534609790304882
R:A:GLU:281,0.0,4.647351621967076,0.32861738464512197,-9.999999999994458e-06,1.2472517411292716,0.08819401639992362,-0.001469999999999665,21.45516021470709,1.5171089279263206,0.0014350000000002082,20.718115034970605,1.464991963463068,0.0,0.1792904679572565,0.012677750569468548,-4.499999999939774e-05,30.21175018956822,2.136293343055765
R:A:LYS:282,0.0,4.887582765534512,0.3456042917119953,-1.000000000000334e-05,1.575602660412834,0.11141193256334798,0.0009250000000005798,10.63517916158797,0.7520207304292714,-0.0008600000000005003,9.54666488801194,0.6750511480028755,0.0,0.06350722569993206,0.004490638994676654,5.5000000000102744e-05,15.186206520531751,1.0738269611167366
R:A:SER:283,0.0,6.630000692303886,0.46881184487995825,0.0,1.1502141636234533,0.08133242349149569,4.0000000000119936e-05,6.703436194251423,0.4740045190206524,-4.0000000000007254e-05,2.111197907823897,0.14928423570491292,0.0,0.023281003731203,0.0016462155611162955,1.354472090042691e-16,9.73003891172511,0.68801764956898
R:A:HIS:284,0.0,4.424540059147392,0.3128622279454649,0.0,1.5184813271160102,0.1073728443508879,0.00012000000000078614,6.129462711934873,0.43341846486392344,-0.0001600000000000029,4.817313150413828,0.3406354795756748,0.0,0.177432733007907,0.012546388871435318,-3.9999999999205114e-05,9.093439491011784,0.6430032728403979
R:A:CYS:285,0.0,3.1276456215418658,0.22115794281406675,0.0,1.0140343907136484,0.07170305940299898,1.0000000000189856e-05,3.0560855337997332,0.2160978804835901,2.499999999997837e-05,1.769458763033205,0.12511962903707396,0.0,0.06959113814224889,0.004920836569087398,3.5000000000150464e-05,4.825548560524796,0.3412178110092066
R:A:ILE:286,0.0,4.193772306593433,0.29654448367445657,0.0,1.5662476675002581,0.11075043467070454,1.9999999999953388e-05,2.292341761300003,0.16209304042123462,-2.5000000000002176e-05,1.2377520750841018,0.0875222885719689,0.0,0.04539741580507824,0.003210082056411617,-5.000000000007776e-06,5.179747077882933,0.3662634283602226
R:A:ALA:287,0.0,3.1844108214864497,0.22517184859568928,0.0,0.9623756484606205,0.06805023470753058,1.500000000035584e-05,3.540062005399764,0.2503201849839021,-7.499999999999848e-05,1.7668872771274915,0.12493779752490838,0.0,0.08135684225114363,0.0057527974851707886,-5.999999999963979e-05,5.169834403216517,0.3655624964125907
R:A:GLU:288,0.0,4.107424516068432,0.2904387728523862,0.0,2.100953481053305,0.14855984534102745,-0.0009599999999998588,29.980387004493455,2.1199334953474365,0.0009599999999999298,25.532123272637353,1.8053937504172737,0.0,0.13771392032128937,0.00973784469229676,7.105427357601002e-17,39.648667449952846,2.8035841618871995
R:A:VAL:289,0.0,5.010828713975364,0.3543190963016247,0.0,1.2960693610875924,0.09164594341131527,3.552713678800501e-16,5.27161488599082,0.3727594633688057,2.5000000000001133e-05,2.4131816415626486,0.17063771029838332,0.0,0.042007138956172294,0.002970353281415502,2.5000000000288125e-05,7.771958178647663,0.5495604331220011
R:A:GLU:290,0.0,3.909054954020217,0.2764119266018563,0.0,1.1221949794042032,0.07935116797502101,-0.0012750000000000409,16.401476429885054,1.1597595205043048,0.0013400000000008561,14.993315555339986,1.060187510165065,0.0,0.1182659715300121,0.008362667045248672,6.500000000077222e-05,22.591192077166866,1.5974385112852496
R:A:ASN:291,0.0,10.004572940200896,0.7074301368891489,-9.999999999998898e-06,1.3655011526542187,0.0965555124759845,-6.99999999996237e-05,12.24313496632909,0.8657203757673432,1.4999999999990576e-05,4.0040883883944165,0.28313180519040065,0.0,0.16660362149921962,0.011780655053233507,-6.500000000002615e-05,16.367984222445408,1.1573912638045567
R:A:ASP:292,0.0,4.151504404279248,0.29355569163916745,0.0,1.633706916417385,0.1155205239070097,-0.0006850000000005352,9.259013733080593,0.6547111397760658,0.0007550000000001944,7.473574493431841,0.5284615204008472,0.0,0.04093553548295329,0.0028945794731498804,6.999999999965923e-05,12.707844578991958,0.898580307606992
R:A:GLU:293,0.0,4.536346479133841,0.3207681357207258,0.0,1.5547929058237948,0.10994046070487425,-0.0009749999999998771,12.846813510434211,0.9084068949866986,0.001039999999999921,12.471643097360907,0.8818783406682295,0.0,0.09649486113579712,0.006823217065877639,6.499999999959983e-05,18.536116921750374,1.31070139722364
R:A:MET:294,0.0,4.117284515697209,0.29113598011238667,-5.00000000000167e-06,1.0846855424384525,0.07669885025132384,-3.9999999999906775e-05,2.1650845090665634,0.1530945938202914,2.5000000000006127e-05,1.34928468618561,0.09540883513530075,0.0,0.15265888153964643,0.010794613034503785,-1.9999999999784635e-05,4.965887568105317,0.3511412774017243
R:A:PRO:295,0.0,4.02615306389983,0.2846920133578565,-4.999999999997229e-06,1.031538077569122,0.0729407569701261,5.000000000130455e-06,2.0777733834263543,0.14692076491896916,-4.440892098500626e-18,1.7709181969249737,0.12522282659723025,0.0,0.10895918133098835,0.007704577599167653,1.1546319456101628e-16,4.973846086852337,0.3517040296591461
R:A:ALA:296,0.0,3.11986596794638,0.2206078382328017,0.0,0.4066316905997367,0.02875320258684239,-1.0000000000189856e-05,1.895618506385185,0.13404047004076788,-3.500000000000947e-05,1.2259836711290246,0.08669013674793115,0.0,0.05141671165208417,0.0036357105475502086,-4.5000000000210426e-05,3.8727202521757382,0.27384267519519406
R:A:ASP:297,0.0,6.5930036064755795,0.4661957558526246,0.0,1.5037587568323583,0.1063318014224813,-0.00029500000000003937,7.927258907792466,0.5605418529921516,0.00023999999999993804,6.9057228129103185,0.4883083430003526,0.0,0.06959348730488485,0.004921002679970398,-5.500000000054683e-05,12.500570849651238,0.8839238416491272
R:A:LEU:298,0.0,6.8936353307924545,0.48745362894305133,0.0,1.279206837047864,0.09045358290167395,-3.999999999997783e-05,5.261623885945289,0.3720529929805027,5.000000000006111e-06,1.3927380876801638,0.09848145462154283,0.0,0.12215419852358425,0.008637606212643418,-3.499999999997172e-05,8.876818413831723,0.6276858495782024
R:A:PRO:299,0.0,3.689316718031944,0.2608740869265285,0.0,1.2266549571089664,0.08673760383478438,2.5000000000119372e-05,2.72834715133082,0.19292327721370225,2.5000000000005853e-05,1.510562739304462,0.1068129156369912,0.0,0.10506450956292039,0.007429182717397988,5.0000000000158804e-05,4.985223841360555,0.3525085583958898
R:A:SER:300,0.0,9.97084147401813,0.7050449620414291,0.0,0.7422323726435004,0.052483754391239965,4.000000000004889e-05,10.041185160925975,0.7100190118440491,-2.0000000000024444e-05,3.156801304762465,0.223219560945608,0.0,0.09308117862528384,0.006581833260677452,2.0000000000024444e-05,14.517852686074628,1.0265672082590702
R:A:LEU:301,0.0,4.760510366919706,0.3366189162357784,0.0,1.1985912460050758,0.08475319979210225,3.99999999999423e-05,3.3037034744964635,0.23360711298460074,-4.5000000000003926e-05,1.4910481615209483,0.10543302660871971,0.0,0.10653004769381663,0.007532811912442407,-5.000000000006111e-06,6.1031229585341515,0.4315559630394803
R:A:ALA:302,0.0,3.6985340144170644,0.26152584820434105,0.0,1.4343893903679015,0.1014266464791181,2.0000000000237605e-05,4.278325415369896,0.30252329133308065,-7.500000000000575e-05,2.3456822002511335,0.16586477903061575,0.0,0.17390821864221365,0.012297168070598203,-5.4999999999783e-05,6.290720482733779,0.4448211111890166
R:A:ALA:303,0.0,3.058878108318472,0.21629534532150702,0.0,0.7836463935985413,0.05541216789659108,4.999999999881766e-06,2.679108584020998,0.1894415847296337,-2.4999999999992805e-05,1.7928243916722575,0.12677182848281002,0.0,0.0872333883106626,0.006168332042034883,-2.0000000000102157e-05,4.513345623828974,0.31914172964480964
R:A:ASP:304,0.0,8.61071928715598,0.6088697998841788,0.0,1.2578561405025614,0.08894386067064998,0.00022000000000002288,12.09920367444899,0.8555428965160073,-0.00016500000000092995,8.903645922518201,0.6295828409096573,0.0,0.15986180429638344,0.011303936587068948,5.499999999951655e-05,17.36139063491885,1.2276357048779738
R:A:PHE:305,0.0,5.161940410887169,0.36500430686191904,0.0,1.4836024696494678,0.10490653668742478,-2.9999999999930083e-05,2.626209785813007,0.18570107483668477,2.3869795029440865e-17,1.5634810371571508,0.11055480436303977,0.0,0.0770252968571264,0.005446510973058095,-2.999999999991676e-05,6.180136631378463,0.4370016520707098
R:A:VAL:306,0.0,4.1159502134987,0.2910416306991149,0.0,1.424515634101641,0.1007284664779525,5.000000000059401e-06,2.8995384865310894,0.20502833261375122,-1.5000000000027214e-05,1.6124841645346475,0.11401984872983738,0.0,0.19964662123617388,0.014117147971708073,-9.999999999981136e-06,5.4788300156987,0.38741178570689494
R:A:GLU:307,0.0,4.192430673845425,0.2964496159130587,-5.00000000000167e-06,1.16153567481804,0.08213297522539287,1.0000000000159882e-05,12.640927641905874,0.8938485656080116,5.000000000165983e-05,11.717442173979354,0.8285482819382042,0.0,0.12185085077287561,0.00861615628748504,5.5000000001292906e-05,17.7772886137667,1.2570441329904831
R:A:SER:308,0.0,5.355738887044439,0.3787079285293616,-4.999999999997229e-06,1.5981977940714975,0.11300964978653373,1.000000000015433e-05,5.412198873373927,0.3827002524492896,2.999999999999392e-05,2.8038852153306846,0.198264624942903,0.0,0.10720954322691972,0.007580859502366723,3.500000000015935e-05,8.270631054945804,0.5848219303644228
R:A:LYS:309,0.0,4.649622746798927,0.32877797742207426,-5.00000000000167e-06,1.2948960574791322,0.09156297831752197,5.0000000001091394e-05,15.5943086937687,1.1026841425280178,-9.999999999985577e-05,15.49298334184059,1.09551935818257,0.0,0.23334229560213413,0.016499791955790495,-5.499999999871719e-05,22.50700318970169,1.591485457962532
R:A:ASP:310,0.0,6.39177938361064,0.4519670545999454,0.0,1.5554201964581789,0.10998481685100903,0.0006299999999999794,16.462462379094447,1.1640718783286108,-0.0006399999999997874,15.37343987837465,1.0870663588162408,0.0,0.15156733033157285,0.010717428708379665,-9.99999999951484e-06,23.46598537477222,1.6592957385725784
R:A:VAL:311,0.0,4.598434118175447,0.3251583947801441,-9.999999999994458e-06,1.271273605464221,0.08989261871672223,9.000000000000341e-05,2.6245767020035826,0.18558559837309577,-6.000000000000255e-05,0.9596291044981909,0.06785602472146449,0.0,0.017231652925050685,0.0012184618634356345,1.9999999999924524e-05,5.529133813890972,0.39096880138901446
R:A:CYS:312,0.0,3.00642132443209,0.21258609056097721,-4.999999999997229e-06,0.7359825643145358,0.05204182620618726,8.000000000016883e-05,2.0245997749184896,0.14316082300336216,-6.0000000000000056e-05,1.2301760382156695,0.08698658186755012,0.0,0.0607762780145975,0.004297531831940077,1.5000000000116032e-05,3.8982394237071056,0.27564715311920335
R:A:LYS:313,0.0,4.7856172661632685,0.3383942421067474,0.0,1.3446906274493031,0.09508398612673956,-0.0007650000000003843,22.467929075880026,1.5887225008773165,0.0006850000000001177,19.97049476903552,1.412127227483549,0.0,0.1498415474434341,0.010595397430073802,-8.000000000026653e-05,30.469021583732225,2.1544851777976337
R:A:ASN:314,0.0,4.760422448984964,0.336612699498994,0.0,1.25864449341345,0.08899960563957574,2.5000000000048316e-05,4.55682781788768,0.32221638507278766,-5.999999999999672e-05,3.1903157483468623,0.22558938997823014,0.0,0.09534424633136143,0.006741856312802628,-3.49999999998829e-05,7.429514971714741,0.5253460417426474
R:A:TYR:315,0.0,4.900088005082154,0.34648854568044524,-9.999999999994458e-06,1.7444398294868184,0.12335052328020339,0.00014499999999955548,5.377787750448599,0.3802670186124153,-0.00016000000000000625,3.3579593098189857,0.23744357989215037,0.0,0.11513775614991413,0.00814146881442074,-2.500000000036362e-05,8.201443854250071,0.579929656486096
R:A:ALA:316,0.0,3.325720388960863,0.23516394393645887,-1.4999999999996128e-05,0.727095646992196,0.05141342625594019,0.00011499999999998068,1.9722535727879924,0.13945938755377854,-0.00017000000000000237,1.6083730819526916,0.11372915129266549,0.0,0.07254202555702806,0.0051294958192382376,-6.999999999995454e-05,4.25099925394276,0.30059103992818803
R:A:GLU:317,0.0,4.045509128799489,0.2860606938326201,0.0,1.294537651808552,0.09153763520951369,0.0022550000000001553,21.977564053936344,1.5540484576500098,-0.002300000000000111,21.352856323569455,1.5098749504098015,0.0,0.1687021514074057,0.011929043526093622,-4.4999999999895127e-05,30.93587282070629,2.1874965453446027
R:A:ALA:318,0.0,3.3092659366995574,0.2340004384589909,-4.999999999999449e-06,1.1858093468913964,0.08384938303812975,-7.000000000019213e-05,2.7979363948274454,0.1978439798111128,8.999999999999842e-05,1.068409099151631,0.07554793190915288,0.0,0.06856424296848006,0.0048482241149934305,1.4999999999778523e-05,4.61866127520073,0.3265886707698143
R:A:LYS:319,0.0,4.685655482848693,0.33132587662262375,-9.999999999994458e-06,1.3926064863772536,0.09847214900417274,-0.00258000000000024,15.915674004609416,1.1254081015813773,0.002634999999999872,15.48040006775584,1.0946295863390842,0.0,0.18972726617719232,0.01341574364898778,4.499999999967308e-05,22.735043035898478,1.6076103101251806
R:A:ASP:320,0.0,11.831337799792548,0.8366019188742038,-1.4999999999996128e-05,1.5172712702002236,0.10728728040581045,0.0019549999999999555,18.448925074509763,1.3045360025788384,-0.002004999999999555,19.173798083253487,1.3557922645770168,0.0,0.23680044991988716,0.016744320392637766,-6.499999999942218e-05,29.16052314406426,2.06196036581151
R:A:VAL:321,0.0,4.542914837656546,0.3212325888059927,-9.999999999998898e-06,1.1128234377024955,0.07868849990627601,-0.000125000000000135,3.619906866809559,0.25596606927847876,0.00010999999999999343,1.571825653149865,0.11114485781852437,0.0,0.10135488940035428,0.0071668729601403035,-2.5000000000141574e-05,6.120546188664893,0.43278797145704234
R:A:PHE:322,0.0,4.500757229483724,0.3182515957442319,0.0,1.3882275771464851,0.09816251336304506,-0.00010499999999993292,2.0607013375001726,0.14571358897465603,8.000000000001173e-05,0.956148073574381,0.06760987866428987,0.0,0.05747406214318219,0.004064029908378116,-2.49999999999051e-05,5.229531896211576,0.36978374662425495
R:A:LEU:323,0.0,5.025063302208242,0.3553256336883113,0.0,1.2009692372413208,0.08492134916497734,-0.00010499999999986188,2.7894799018768714,0.1972460154600721,8.999999999999175e-05,0.9424029117898564,0.06663794895365552,0.0,0.046134252332903365,0.0032621842669567267,-1.4999999999911751e-05,5.946851102925254,0.4205058741585146
R:A:GLY:324,0.0,3.0765910291749865,0.21754783796673322,0.0,0.7472094490837223,0.052835686841376434,-5.4999999999836294e-05,2.0582787664636206,0.14554228733387084,3.0000000000000285e-05,0.9902888812361775,0.07002399832557407,0.0,0.04356597210887415,0.0030805794307168905,-2.4999999999854166e-05,3.904204895276476,0.2760689756591711
R:A:MET:325,0.0,4.142572227952097,0.29292409139399916,0.0,1.0678981534771936,0.0755118025940316,-9.999999999976694e-06,2.4245954586590317,0.17144478904519087,3.4999999999999475e-05,1.4429041926181378,0.10202873392027856,0.0,0.12644019708015147,0.008940672076993861,2.5000000000029444e-05,5.126200727699089,0.36247712962794404
R:A:PHE:326,0.0,4.726493966858522,0.33421359352029656,-4.999999999997229e-06,1.2049693800985153,0.08520420197898106,-1.4999999999787405e-05,1.9739620836974048,0.13958019751875622,4.500000000000448e-05,1.036505888152595,0.0732920342252485,0.0,0.05826984811111146,0.004120300473807705,2.500000000021041e-05,5.36339095768469,0.3792490116333455
R:A:LEU:327,0.0,4.124684495546297,0.29165923770558,0.0,1.367866847247933,0.09672279234492767,-4.9999999999599254e-05,1.839088859272439,0.13004322035961738,7.499999999999548e-05,0.7435603631010734,0.052577657497030056,0.0,0.019146173154034937,0.0013538388870989932,2.5000000000443555e-05,4.776984228718099,0.3377837941747757
R:A:TYR:328,0.0,4.726268654551918,0.33419766153430813,0.0,1.289436495508794,0.09117692898836854,-0.00010500000000014609,2.270351535638259,0.16053809665271043,8.999999999999731e-05,1.2655613859074557,0.0894887037983007,0.0,0.057781431145588216,0.004085764178970901,-1.5000000000080504e-05,5.546146615589082,0.392171788133786
R:A:GLU:329,0.0,4.274371920873288,0.3022437370562871,-5.000000000006111e-06,1.9115397213699221,0.13516626994881156,-6.49999999999551e-05,9.377958398120297,0.6631217976996194,5.000000000009663e-05,8.277566639798197,0.5853123502724848,0.0,0.06094090659442237,0.004309172830457205,-1.9999999999740227e-05,13.356353035600568,0.9444367803394691
R:A:TYR:330,0.0,4.859649740855816,0.34362912859505956,0.0,1.344075774928631,0.09504050948805987,-8.99999999998613e-05,2.5010880474205632,0.17685363186757017,4.5000000000003926e-05,1.2807498329006333,0.09056268918475753,0.0,0.13930008431685073,0.009850003424030298,-4.499999999989068e-05,5.773898281184531,0.4082762628506933
R:A:ALA:331,0.0,3.0090679904581754,0.21277323811043533,0.0,0.8295950409386498,0.05866122790864507,-5.0000000000238744e-05,1.8850854645744837,0.13329567151168106,3.999999999999837e-05,0.9544915156249426,0.06749274232834224,0.0,0.005434662541798893,0.00038428867367665156,-1.000000000025647e-05,3.7692637080545244,0.26652719280457055
R:A:ARG:332,0.0,5.796734961920373,0.40989106003150394,0.0,1.574335606597272,0.11132233832883677,0.00015999999999991133,8.972648940374297,0.6344620910944956,-0.00010500000000057241,7.265037541910916,0.5137157311460054,0.0,0.04401114445695263,0.003112057869329194,5.49999999999784e-05,13.014292347045282,0.9202494370939909
R:A:ARG:333,0.0,5.687196493523854,0.4021455206511072,0.0,1.8929410922556464,0.13385114827206376,0.0002100000000001856,8.363082845906765,0.5913592591965564,-0.00018500000000013728,7.726189172119396,0.5463240756335702,0.0,0.11094560694637551,0.007845039101463945,2.5000000000545697e-05,12.867590787450295,0.909876070333965
R:A:HIS:334,0.0,4.849987817257896,0.34294592742552,-4.999999999997229e-06,1.5234600983862359,0.10772489664360323,-5.0000000000238744e-05,4.7494720812212385,0.33583839156877227,-2.000000000001112e-05,1.9855119767455447,0.14039689828838814,0.0,0.16722807882173624,0.011824810853964817,-7.500000000034035e-05,7.236782474924296,0.5117177961990936
R:A:PRO:335,0.0,3.73687736421735,0.26423713247006,0.0,1.0318792427168986,0.07296488098907583,4.000000000004889e-05,2.7510384452329997,0.19452779399291506,2.0000000000002793e-05,2.329349736246148,0.16470989942547473,0.0,0.1922349615910799,0.01359306449221881,6.000000000002004e-05,5.297175115862031,0.37456684455586775
R:A:ASP:336,0.0,12.200392587117843,0.8626980331489112,-4.999999999997229e-06,1.9546914555691393,0.13821755833603414,-0.001129999999999569,22.3475082382522,1.5802074617890365,0.0011199999999999476,18.99673412485946,1.3432719520086018,0.0,0.22072477419387496,0.015607598460835844,-1.4999999999645297e-05,31.827757528006398,2.250562317801451
R:A:TYR:337,0.0,5.1711161163524455,0.3656531272175858,0.0,1.5349850747808593,0.10853983553976854,1.9999999999953388e-05,3.0804773087623936,0.21782263943171745,3.499999999998504e-05,1.8193856494363696,0.12864999303099475,0.0,0.12183151043631034,0.008614788719171467,5.4999999999898466e-05,6.47386813093302,0.45777160558902186
R:A:SER:338,0.0,6.965145126470804,0.49251013508759384,0.0,1.3498394475640425,0.09544806268856376,5.4999999999836294e-05,7.561944069746549,0.5347101930671184,-0.00011499999999996791,1.5069676245278132,0.10655870263321997,0.0,0.061058757066333014,0.00431750611724261,-6.000000000012773e-05,10.478215061457961,0.740921692468794
R:A:VAL:339,0.0,4.041093974136212,0.285748495252381,0.0,1.1093649839209818,0.07844395029414315,2.0000000000131024e-05,2.6306463721583713,0.18601478886569744,-4.9999999999995605e-05,1.0276505175885429,0.07266586496767241,0.0,0.04896099887873988,0.003462065432082392,-2.9999999999801297e-05,5.053701047392021,0.3573506280700456
R:A:VAL:340,0.0,4.4121918164955165,0.3119890753339771,-1.000000000000334e-05,1.069789144714976,0.07564551586677164,4.500000000003723e-05,3.3558591622675404,0.23729507703463842,-8.000000000000388e-05,1.0358170382842715,0.0732433251839374,0.0,0.06176240256226281,0.004367261367414943,-4.500000000002391e-05,5.740244566901767,0.40589658589254757
R:A:LEU:341,0.0,5.46360632000513,0.38633530786093057,-4.999999999997229e-06,1.2197238984192282,0.0862475039747528,0.00013499999999993406,4.200843127905992,0.2970444662443234,-7.000000000000117e-05,0.9428080457335947,0.06666659624954614,0.0,0.011497171655754642,0.0008129728042249874,5.999999999987793e-05,7.062210885388943,0.4993737207227973
R:A:LEU:342,0.0,4.742856617013633,0.3353706076085828,0.0,1.4610047358581697,0.10330863560709724,7.000000000012107e-05,2.293430165439968,0.16217000221603867,-5.5000000000000585e-05,0.6594276112470572,0.04662857356144406,0.0,0.01736623199291867,0.0012279780405851563,1.5000000000147118e-05,5.5067405978481165,0.3893853618973666
R:A:LEU:343,0.0,5.436513591406721,0.3844195626496523,-4.999999999997229e-06,1.2851309590368603,0.09087248158477351,7.499999999971863e-05,4.665600851345409,0.3299078000296068,-5.0000000000022425e-06,0.9256452797778424,0.06545300543042314,0.0,0.054146664410269704,0.0038287473583133998,6.499999999966976e-05,7.337221814879374,0.5188199300371072
R:A:ARG:344,0.0,4.954281441334352,0.3503206003074183,-1.000000000000334e-05,2.0130325923591004,0.1423428996806655,-0.0004550000000000436,9.353469311671205,0.6613901577902978,0.0004850000000000776,6.785478240115062,0.47980576771791206,0.0,0.04589853560212691,0.003245516577079611,2.0000000003079776e-05,12.73300493225658,0.9003594132480384
R:A:LEU:345,0.0,4.825445293022189,0.3412105088940697,0.0,1.6706344310470798,0.11813169350771197,0.00011500000000047806,3.217019368106913,0.22747762103968602,-5.500000000000005e-05,0.8444418686179647,0.05971105716176024,0.0,0.04566083329055868,0.0032287084854382498,6.000000000041083e-05,6.094286034811362,0.430931098170559
R:A:ALA:346,0.0,3.2768915405838506,0.23171122295596733,0.0,1.0026136384220992,0.07089549026383835,3.999999999962256e-05,2.0170709857117077,0.14262845721313822,-7.999999999999896e-05,0.8909566973764774,0.06300015224584779,0.0,0.029239193298157322,0.0020675231857551295,-4.000000000034198e-05,4.075105692509672,0.28815348692254905
R:A:LYS:347,0.0,4.88389793561966,0.3453437348899642,0.0,1.4793186254319928,0.10460362315785243,-0.002155000000001337,13.302687106798198,0.940642026121986,0.002135000000000094,12.833861290440808,0.9074910347278231,0.0,0.1321092720423206,0.009341536211874326,-2.0000000001239028e-05,19.17622943606249,1.355964187182887
R:A:THR:348,0.0,4.829151486084279,0.3414725763187287,0.0,1.473254994748024,0.10417485972032792,3.552713678800501e-17,4.037224710361067,0.28547489698702055,-1.000000000000334e-05,1.4269492563332447,0.10090054955623383,0.0,0.07303688130792792,0.005164487404955283,-9.999999999923404e-06,6.620565405101832,0.4681446693236567
R:A:TYR:349,0.0,4.425212695249801,0.3129097905003933,-5.000000000006111e-06,1.2190793474893256,0.08620192734141736,3.0000000000001136e-05,2.176167201836752,0.15387825854145218,-7.000000000001894e-05,1.0556821629164717,0.07464800161759187,0.0,0.023576834645063615,0.001667133965643841,-4.50000000000772e-05,5.1883895613433735,0.3668745442263396
R:A:GLU:350,0.0,4.350656089827143,0.3076378423727322,-4.999999999997229e-06,1.7506599521251978,0.12379035236994439,0.001964999999999719,18.801858290314684,1.329492149599002,-0.0019049999999996815,15.784581557424161,1.116138465744674,0.0,0.0804024878605681,0.005685314439047677,5.499999999990734e-05,24.99324655486016,1.7672894122808935
R:A:THR:351,0.0,4.803495852314229,0.3396584490572846,0.0,1.084524695684704,0.0766874766682931,-5.0000000004502e-06,4.251721215681362,0.30064209033230027,2.5000000000003352e-05,2.5919373514950164,0.1832776477652826,0.0,0.11657731310480612,0.008243260862891578,1.9999999999491535e-05,7.004186535111037,0.49527077956725224
R:A:THR:352,0.0,3.8713352873653295,0.2737447433942796,-5.00000000000167e-06,1.3308280465465854,0.09410375363063368,4.999999999881766e-06,3.16985209346982,0.22414239106508835,2.999999999999836e-05,1.2415508652890546,0.08779090360339162,0.0,0.08846774640497522,0.006255614339924978,2.99999999999212e-05,5.324995547829498,0.37653404616584124
R:A:LEU:353,0.0,4.712626528800048,0.3332330175714135,0.0,1.353324748831558,0.0956945107046376,-4.000000000040416e-05,2.5441648152488088,0.17989961933186524,3.500000000000114e-05,0.9760153427456968,0.06901470673975946,0.0,0.00768521746871694,0.0005434269387023062,-5.000000000441318e-06,5.609436361591292,0.39664704899155967
R:A:GLU:354,0.0,3.7364930386393076,0.26420995654781826,0.0,1.5293685951888774,0.1081426904591799,0.0017700000000001736,11.66658674829532,0.8249522603020734,-0.0017250000000000655,10.793576348790747,0.7632211029484673,0.0,0.1061027037308775,0.007502594131033068,4.4999999999966176e-05,16.39884578451069,1.1595735057859937
R:A:LYS:355,0.0,5.466287311214989,0.38652488256740986,-1.500000000000501e-05,1.1847560579186756,0.08377490426061375,-0.0010950000000000415,14.983656954167598,1.0595045439264879,0.001110000000000071,14.92783069335595,1.0555570311676674,0.0,0.16181452898050658,0.011442015073662331,-5.329070518200751e-17,21.87830507047996,1.5470297876204406
R:A:CYS:356,0.0,3.145943478823166,0.22245179671054585,0.0,1.2353975181292862,0.0873557962530249,-8.999999999993235e-05,2.1049010578884695,0.14883898117596744,6.500000000000228e-05,0.9703575497593657,0.06861464036104102,0.0,0.015384805297528075,0.0010878700153116822,-2.4999999999927302e-05,4.098244298459896,0.28978963344000974
R:A:CYS:357,0.0,3.264234034739237,0.23081620213440388,-5.00000000000167e-06,0.8562547243519303,0.06054635220122679,-2.49999999997641e-05,1.9517519271349524,0.1380097022871037,2.9999999999994475e-05,0.9994164745240095,0.07066941663654795,0.0,0.06737712742042219,0.00476428236958506,2.1760371282653068e-16,4.025059569552906,0.28461469163106656
R:A:ALA:358,0.0,3.1544535768972732,0.22305355151622222,-5.00000000000167e-06,0.6748476724231921,0.0477189365438397,-8.500000000005058e-05,2.0046338990636166,0.14174902238243123,0.00010000000000000675,1.100092863602887,0.0777883123788529,0.0,0.07913073372488846,0.005595387841713566,9.999999999910081e-06,3.9548729183906577,0.2796517459325065
R:A:ALA:359,0.0,3.54603282150631,0.2507423854397178,-1.000000000000334e-05,0.7327147140258615,0.05181075429628486,5.00000000003098e-05,2.190541421361395,0.1548946693514661,-4.5000000000001704e-05,1.3137222411434617,0.09289419053081306,0.0,0.06730524146921837,0.004759199265228234,-4.999999999579785e-06,4.431713829259989,0.3133694900947939
R:A:ALA:360,0.0,2.949372577269613,0.20855213496329877,-5.0000000000005595e-06,0.2944834960995268,0.02082312770394976,-9.999999999621423e-06,1.5814434509965887,0.11182493882627434,1.5000000000018332e-05,0.8253533629755198,0.0583612959835112,0.0,0.029576197465461432,0.002091352978954016,3.774758283725532e-16,3.459561452403544,0.2446279362926127
R:A:ASP:361,0.0,4.268168271231817,0.3018050727833281,0.0,1.2822546219647641,0.09066909383990776,-0.00024999999999982594,11.423242222878319,0.807745203893375,0.00019499999999943895,10.170650221464456,0.7191735740673978,0.0,0.14904261694116416,0.01053890451248862,-5.5000000000511305e-05,15.931611337799126,1.1265350412186246
R:A:PRO:362,0.0,3.66067235952632,0.258848624912322,0.0,1.1647521648616928,0.08236041541754145,-2.5000000000225952e-05,2.4323233416992487,0.17199123289538626,2.9999999999998917e-05,1.1201994498079348,0.07921006272406303,0.0,0.08744094825387015,0.006183008746369358,4.999999999810711e-06,4.683573346784112,0.3311786473695619
R:A:HIS:363,0.0,4.145488476494658,0.29313030130600626,-4.999999999997229e-06,1.4593357648173364,0.10319062153303953,4.99999999995282e-06,6.124379341604748,0.43305901630075205,-3.000000000000336e-05,4.606671081713996,0.32574083605759346,0.0,0.17314040859114777,0.012242875701221016,-3.0000000000076634e-05,8.835958010271842,0.6247965827342813
R:A:GLU:364,0.0,4.393790531369242,0.3106879079844435,0.0,1.075558512029913,0.07605347174192642,-6.999999999984602e-05,13.858035397968573,0.9799110803826794,9.499999999952991e-05,14.141082782098938,0.9999255528542488,0.0,0.16574791635400055,0.011720147562145445,2.499999999926672e-05,20.3102206058834,1.4361494717814902
R:A:CYS:365,0.0,3.5578489890311538,0.25157791465816315,0.0,1.124156712829666,0.0794898834758235,-2.49999999997641e-05,3.6875847108473323,0.2607516155239983,-5.551115123125783e-18,3.0455914417318026,0.21535583611722714,0.0,0.10840125199178378,0.007665126037250205,-2.4999999999756882e-05,6.066933064144386,0.4289969510661375
R:A:TYR:366,0.0,4.945703946734984,0.34971407984773784,0.0,1.5750059177031688,0.1113697364816852,-2.0000000000166552e-05,3.196025392546186,0.22599312279138054,-4.440892098500626e-18,1.6026277559683035,0.11332289539629668,0.0,0.07234045142252757,0.005115242375496527,-2.000000000020208e-05,6.303083241117954,0.44569529021777876
R:A:ALA:367,0.0,3.4258400711066477,0.24224347455401146,0.0,1.0324725453008425,0.07300683381711606,2.0000000000095496e-05,2.781177705316581,0.1966589615114196,-4.999999999973359e-06,1.9262357934258723,0.1362054391695684,0.0,0.17429966892526133,0.012324847785562244,1.5000000000116032e-05,4.927280577013294,0.34841135088148645
R:A:LYS:368,0.0,4.556725784326943,0.3222091702105171,0.0,1.5341114033700423,0.10847805764185678,-0.00021000000000000795,17.151759101616953,1.2128125170031434,0.0001549999999997098,15.645561013174792,1.1063082287883765,0.0,0.20689483804766934,0.01462967429759995,-5.5000000000298144e-05,23.70920649963608,1.6764940692444839
R:A:VAL:369,0.0,5.734056783307959,0.4054590435185779,0.0,1.3473537426377677,0.09527229680762399,-3.499999999998949e-05,4.564640985638958,0.3227688594627353,5.000000000007776e-06,1.1932871353848578,0.08437814253333027,0.0,0.04095418243354825,0.002895898011671295,-3.0000000000005578e-05,7.546941636339108,0.5336493608274482
R:A:PHE:370,0.0,4.464795276180085,0.3157087016396602,0.0,1.9316458731351356,0.13658798957448637,3.99999999998002e-05,4.007073654226985,0.283342895361786,1.9999999999999185e-05,3.1862989751983415,0.2253053612250494,0.0,0.26234960475008307,0.01855091845603942,5.999999999978911e-05,7.067080046402654,0.4997180223999457
R:A:ASP:371,0.0,14.92946836360726,1.0556728319416722,0.0,1.5644414003087492,0.11062271229272946,-7.500000000009166e-05,25.73282506155465,1.819585510011243,8.500000000069007e-05,16.731372064698547,1.1830866645503508,0.0,0.15429858232876972,0.010910557389214386,1.0000000000935926e-05,34.16836852094944,2.4160685083244315
R:A:GLU:372,0.0,4.767649526627351,0.3371237310599033,0.0,1.399025023007094,0.09892600808179818,0.00052499999999986,14.87002421011395,1.0514694955379709,-0.0004899999999995686,14.149066200138439,1.0004900657575266,0.0,0.16566932825561975,0.011714590544416884,3.500000000038028e-05,21.119396148927876,1.4933668231471957
R:A:PHE:373,0.0,4.256027991161477,0.30094662534700395,0.0,1.6773728889993422,0.1186081744389905,1.000000000026091e-05,2.6849661182033557,0.1898557749437714,1.5000000000002797e-05,1.104154394446266,0.07807550597898806,0.0,0.06322733301008836,0.004470847592777352,2.500000000022151e-05,5.418445510348384,0.3831419563857146
R:A:LYS:374,0.0,5.102136731586091,0.36077554814454926,0.0,1.7031572796427228,0.12043140618626022,0.0002299999999989666,17.593684725466122,1.2440613775435276,-0.0002450000000001751,16.149712799913036,1.1419571435033693,0.0,0.12674946562842604,0.008962540665763127,-1.5000000001199609e-05,24.48059588965947,1.7310395361065731
R:A:PRO:375,0.0,3.684624719669563,0.26054231254059296,0.0,0.9395063384299224,0.06643313028715415,-3.499999999981185e-05,2.4579744474007463,0.17380503997403246,5.000000000000004e-05,1.4699335958811202,0.10394000135414662,0.0,0.08348586990430053,0.00590334247425888,1.5000000000124914e-05,4.761138995618452,0.33666336699735155
R:A:LEU:376,0.0,6.383609087620419,0.4513893274300468,0.0,1.699497627991872,0.12017262973635053,-4.999999999810711e-06,4.043734313969576,0.2859351954724619,-1.9999999999998948e-05,0.9478585780589845,0.06702372281513465,0.0,0.16455052402135179,0.011635479138329772,-2.4999999999805177e-05,7.804873934409876,0.5518879285327353
R:A:VAL:377,0.0,3.9826027488314724,0.2816125410470918,0.0,1.2084534102728166,0.08545056011519177,-9.999999999976694e-06,2.960378483260207,0.20933037003920385,5.000000000001666e-06,1.5764498680500438,0.1114718391898824,0.0,0.08599990941929649,0.006081111913181339,-4.999999999908411e-06,5.34583157561526,0.3780073758198716
R:A:GLU:378,0.0,4.283818690631058,0.3029117245518898,-4.999999999997229e-06,1.1121887440875313,0.07864362029036431,-0.00018999999999971706,17.232821201038153,1.2185444730229382,0.00022499999999990195,17.31538768395253,1.224382805019686,0.0,0.14121501271123674,0.009985409309345999,3.0000000000249828e-05,24.827420028045903,1.7555637061197962
R:A:GLU:379,0.0,3.7176654440925687,0.2628786445700753,0.0,1.7772753798441028,0.1256723473123662,0.0005550000000000921,8.387076068533956,0.5930558362387769,-0.0005600000000002936,7.525381519856651,0.5321248303706565,0.0,0.069902927815045,0.004942883428281204,-5.0000000001659824e-06,11.998293318138714,0.8484074567921126
R:A:PRO:380,0.0,3.8803770126110173,0.27438408991776475,-9.999999999994458e-06,1.2307067961744584,0.08702411212273296,-1.5000000000000568e-05,1.7201920209310937,0.12163594429433679,-5.000000000002225e-06,0.7216208466882037,0.05102629941388068,0.0,0.008935135261264262,0.0006318094734058993,-3.000000000001002e-05,4.477928321226473,0.3166373481606532
R:A:GLN:381,0.0,4.159453537275059,0.2941177802237566,0.0,2.0749041387013523,0.1467178786787759,-2.5000000000225952e-05,5.496684551043019,0.3886742920085852,0.00010000000000000793,6.010603870594037,0.4250138755923153,0.0,0.26930821398472815,0.01904296643378391,7.500000000003837e-05,9.381881888541587,0.6633992303679009
R:A:ASN:382,0.0,9.983319407651946,0.7059272851901958,-4.999999999997229e-06,1.1001736744600827,0.07779402656936457,-3.999999999997783e-05,8.68368225139255,0.6140290605628939,7.500000000000395e-05,3.864941447884431,0.27329263066880344,0.0,0.13154227266648166,0.009301443301515902,2.9999999999859027e-05,13.828899512159246,0.9778508621395142
R:A:LEU:383,0.0,4.496670758327766,0.3179626385976818,-4.999999999997229e-06,1.4234284650009639,0.10065159201361397,-6.99999999997658e-05,3.189031484126489,0.225498578784324,7.499999999999838e-05,1.130207121316708,0.07991771196283712,0.0,0.11658644386126901,0.008243906504872806,2.220446049250313e-16,5.80577977936575,0.41053062520652595
R:A:ILE:384,0.0,4.624400625789249,0.3269945041418892,0.0,1.7578112866715812,0.12429602808517252,-2.4999999999835155e-05,2.5394738449480045,0.1795679176408609,-5.000000000001114e-06,1.0305212805541668,0.07286885856368959,0.0,0.022204340129031712,0.0015700839477010902,-2.9999999999783533e-05,5.655649937798534,0.3999148423034619
R:A:LYS:385,0.0,4.836861557740721,0.3420177607138991,0.0,1.6443483270888803,0.11627298527173023,0.0005549999999998078,19.49266708022212,1.378339707583684,-0.0006000000000000731,17.339489255440885,1.2260870434833528,0.0,0.20199789028548787,0.01428340780062447,-4.5000000000290366e-05,26.584993357854255,1.8798429081138068
R:A:GLN:386,0.0,4.1038518293854125,0.29018614575432433,0.0,1.0218619092372512,0.07225654854578926,1.0658141036401502e-16,5.515589847858523,0.390011098366444,2.000000000000002e-05,4.250162830974832,0.3005318958929318,0.0,0.13597095107967141,0.009614598155281998,2.0000000000237605e-05,8.148000071074959,0.5761506103365575
R:A:ASN:387,0.0,9.531720552909112,0.6739944239337221,0.0,1.3508952439030941,0.09552271876365329,-8.000000000023987e-05,6.269951913719115,0.44335255159043574,8.999999999996733e-05,3.726034122159914,0.263470399471174,0.0,0.06613285477187168,0.0046762990068415595,1.000000000026091e-05,12.078022002508535,0.8540451261294109
R:A:CYS:388,0.0,3.0400752286662245,0.21496578095071314,-1.4999999999996128e-05,1.2180210984933717,0.08612709783729508,-4.9999999999812415e-05,2.4409051313600867,0.17259805706177578,7.999999999999841e-05,1.6775136263977113,0.11861812607586582,0.0,0.07988425033890292,0.0056486695124642015,1.5000000000328085e-05,4.416342843669092,0.31228259728030955
R:A:GLU:389,0.0,3.7846286022277007,0.2676136548907772,-4.999999999997229e-06,1.2874352181274986,0.09103541730763362,-0.0008799999999997787,18.750629394577665,1.3258697196421674,0.0008949999999999391,18.023282908620587,1.274438556392922,0.0,0.16278869319050623,0.011510898885550331,1.0000000000083276e-05,26.314107105377534,1.8606883575081568
R:A:LEU:390,0.0,4.367594222818783,0.30883554924263507,0.0,1.3340290233724301,0.09433009687263126,-0.00011500000000012278,3.086545739637597,0.21825174229401928,3.999999999999559e-05,1.2146453971221396,0.08588839970420918,0.0,0.13933003495833063,0.00985212125419943,-7.500000000013607e-05,5.64597676515468,0.39923084570625617
R:A:PHE:391,0.0,4.1798555231251715,0.29556041847818526,-9.999999999994458e-06,1.5547987203332783,0.10994087185278274,-9.000000000014552e-05,1.748451619562292,0.1236341996769098,0.00010500000000000175,1.429136583526921,0.10105521694536605,0.0,0.16105666828677076,0.011388426230088797,4.999999999815152e-06,5.001404297362355,0.35365268941204614
R:A:GLU:392,0.0,3.7925495631303217,0.26817375140755284,-4.999999999997229e-06,0.9156930488296829,0.06474927643128532,-0.00169499999999978,11.253330461773306,0.7957306280453047,0.0017150000000003018,10.86181976012192,0.7680466408408249,0.0,0.16067970241780508,0.011361770717866647,1.5000000000426895e-05,16.120307655206027,1.1398778857809595
R:A:GLN:393,0.0,4.34212713335296,0.30703475407679826,-1.500000000000501e-05,1.082978657395888,0.07657815525249351,3.552713678800501e-16,6.114353287535812,0.4323500672186833,-6.49999999999551e-05,5.109445696460135,0.3612923700071383,0.0,0.10058234651149872,0.007112245928593583,-7.999999999956486e-05,9.139408026392069,0.6462537391492592
R:A:LEU:394,0.0,4.481008682422965,0.31685516258970753,-1.4999999999996128e-05,1.082485792412538,0.0765433044352999,-4.500000000025039e-05,3.269166145774026,0.2311649550502303,6.999999999998785e-05,1.897559758044526,0.13417773726199886,0.0,0.10651050452948707,0.0075314300020400795,9.999999999701359e-06,5.96244405544615,0.4216084624051392
R:A:GLY:395,0.0,2.921136746191454,0.20655556020051838,-1.0000000000001119e-05,0.788575246092597,0.055760690398792584,0.00023999999999965382,2.7245641304894983,0.19265577724467536,-0.00022500000000000574,1.613095122450936,0.11406304997840011,0.0,0.050414576618688055,0.003564848899772309,4.999999999679705e-06,4.379812554603294,0.3096995157685965
R:A:GLU:396,0.0,4.31704165231238,0.3052609427014861,-2.0000000000002238e-05,1.2632458643312474,0.08932497169744864,-0.001795000000000755,17.526295968663057,1.2392962728524097,0.0017799999999998217,16.837293727526404,1.1905764571563642,0.0,0.2298839137352311,0.016255247428788522,-3.500000000101977e-05,24.717422919946955,1.7477857360150286
R:A:TYR:397,0.0,4.675695287141795,0.33062158442999445,-3.500000000002057e-05,2.2083949752195595,0.1561571062516048,0.0002900000000000347,2.8765568800042876,0.20340328763198495,-0.00028999999999991923,1.5199232769945987,0.10747480560461599,0.0,0.19160306478870828,0.013548382640822103,-3.49999999998829e-05,6.112331205936195,0.4322070844575631
R:A:LYS:398,0.0,4.654728181059554,0.32913898614073345,-2.9999999999996697e-05,0.8782550720035722,0.06210201170252055,0.0016449999999994702,9.831382235066185,0.6951837046852255,-0.0016400000000001214,9.62495100367529,0.6805868123287064,0.0,0.09982081245038006,0.007058397338721429,-2.5000000000581225e-05,14.55141055295923,1.028940107782696
R:A:PHE:399,0.0,4.581697960363603,0.3239749697121677,-1.000000000000334e-05,1.2431139633597557,0.08790143132793686,0.00015499999999974535,2.461272041744877,0.1740382151062662,-0.00020000000000000044,1.1567670299373163,0.08179578111216984,0.0,0.03451188005933679,0.002440358442145383,-5.500000000024707e-05,5.471238399191743,0.3868749773556712
R:A:GLN:400,0.0,3.832713371588071,0.2710137615394281,-1.000000000000334e-05,1.3725654241237464,0.09705503190200906,0.0002700000000003655,4.720348520766236,0.3337790448597694,-0.0002950000000000236,2.8525817375449565,0.20170798905069431,0.0,0.0946785812829738,0.006694786685831251,-3.4999999998781564e-05,6.85576431865031,0.4847757439934405
R:A:ASN:401,0.0,8.72065159363393,0.6166431878223824,-1.000000000000334e-05,1.254094574643396,0.08867787779796042,0.0002549999999995123,6.299166213648835,0.445418314549228,-0.0002649999999999664,2.5686037891965743,0.18162771575223588,0.0,0.09205015613254748,0.006508928961060478,-1.999999999959812e-05,11.13140651777636,0.7871093032863797
R:A:ALA:402,0.0,3.0112797101564635,0.21292963031010967,0.0,0.758527196579002,0.05363597244154337,0.00014500000000026604,2.2969926706402437,0.16242190937455142,-0.00020999999999999852,1.424691703755588,0.10074091648257921,0.0,0.11103849387148931,0.007851607198927099,-6.499999999972638e-05,4.1184244957988785,0.2912165888784175
R:A:LEU:403,0.0,3.982698677875342,0.28161932425483516,-5.000000000006111e-06,1.221239274006122,0.0863546572101065,0.00013999999999931846,2.2772836692428107,0.1610282725206974,-0.00018500000000000745,0.8304738073985236,0.058723366080930685,0.0,0.052699167932851156,0.00372639390082077,-5.0000000000691717e-05,4.819937653165321,0.3408210599449572
R:A:LEU:404,0.0,4.262146383637005,0.30137926102794466,-1.9999999999997796e-05,1.4846248010187624,0.10497882643180956,0.00013500000000014724,2.1892064768712425,0.15480027452131662,-6.49999999999984e-05,0.7303703233805438,0.05164498084397941,0.0,0.016572360697470714,0.0011718428629450964,5.0000000000105516e-05,5.0691560487066365,0.35844346169332675
R:A:VAL:405,0.0,4.0951870567716435,0.2895734538070608,-1.4999999999991686e-05,1.276483313747187,0.09026100072221112,0.00020999999999983033,2.3298498504195493,0.16474526283781266,-0.00020500000000000962,1.058347941357189,0.07483650061884908,0.0,0.08902262019471878,0.006294849841868014,-1.0000000000144339e-05,4.995617318971332,0.3532434882457589
R:A:ARG:406,0.0,5.701107182815458,0.40312915492401447,0.0,1.8590251046718007,0.13145292579094617,-0.0008049999999997582,21.821656950696365,1.5430241606563957,0.000859999999999929,17.569240801404877,1.2423329310972762,0.0,0.21594383468021677,0.015269534985780804,5.5000000000262616e-05,28.650796910402185,2.025917278174397
R:A:TYR:407,0.0,5.353287157583646,0.37853456507662536,0.0,1.5472858220768388,0.10940962972243345,0.00011999999999993349,2.3455639795153744,0.16585641956222255,-4.0000000000004476e-05,1.0598630526629373,0.07494363516670378,0.0,0.0728674008160906,0.005152503324449583,7.999999999984909e-05,6.138572027536346,0.4340625907473004
R:A:THR:408,0.0,3.387787722681278,0.23955276719284624,-1.000000000000334e-05,1.4551076935917835,0.1028916517495467,0.00020499999999998408,2.582138182393615,0.18258474187312312,-0.00016999999999998462,0.8630077892464239,0.06102386599929571,0.0,0.001335444633982255,9.443019565880394e-05,2.49999999999595e-05,4.5833029437936315,0.32408845917887424
R:A:LYS:409,0.0,4.946794660363415,0.3497912049480375,-5.000000000006111e-06,1.3197106076617706,0.09331763198814573,-0.002255000000000891,11.481667642327704,0.8118765049220078,0.0022049999999998616,10.756615208139362,0.7606075556289689,0.0,0.11069979609570683,0.00782765764952424,-5.5000000001048656e-05,16.545637809691126,1.169953269428913
R:A:LYS:410,0.0,4.873262427363214,0.3445916908890143,-2.000000000000668e-05,1.5793706042598108,0.11167836642788073,-0.001449999999999747,10.297378427325569,0.7281346114405975,0.0014500000000000413,9.584182818871412,0.6777040663355576,0.0,0.08852254889530461,0.006259489461178761,-1.9999999999715802e-05,14.971422685046097,1.0586394504606205
R:A:VAL:411,0.0,3.9118674988744195,0.2766108035557361,0.0,1.2996108374240343,0.09189636360460623,5.0000000002015095e-06,2.159761520255187,0.15271820167182096,-4.0000000000000755e-05,0.6417142238956527,0.04537604793004785,0.0,0.02561719618568746,0.0018114093137885762,-3.499999999981129e-05,4.6977355042366336,0.3321800631266529
R:A:PRO:412,0.0,3.60931088644356,0.25521682032146703,-4.999999999997229e-06,0.9515787278911819,0.06728677713247232,0.0001449999999999818,3.1479265277917463,0.22259201944785667,-5.999999999998687e-05,1.6330368532736792,0.11547314328773596,0.0,0.01865347448757877,0.0013189998302857208,8.000000000004004e-05,5.148711090264286,0.3640688526296259
R:A:GLN:413,0.0,3.8579355749934447,0.2727972406458687,-2.4999999999995027e-05,1.8881006387835901,0.13350887652465288,5.000000000009663e-05,2.6828262299858334,0.1897044619968123,-6.000000000000893e-05,1.2818548338247977,0.09064082454942694,0.0,0.06332454813037358,0.0044777217398561065,-3.4999999999847375e-05,5.224299887704659,0.3694137877548083
R:A:VAL:414,0.0,4.289179682497575,0.3032908039221598,-1.000000000000778e-05,1.4520442546630594,0.10267503390552155,0.000164999999999651,2.643595182847593,0.1869304080503624,-0.0002099999999999994,0.9724467902666962,0.06876237197406732,0.0,0.03224075604524733,0.002279765723017556,-5.500000000020488e-05,5.332990022799158,0.37709934091214853
R:A:SER:415,0.0,9.305195289834062,0.6579766689706786,-2.4999999999999466e-05,0.9604696807161588,0.06791546243584741,-0.0003599999999994097,8.323742519504073,0.5885774780392128,0.00042499999999998203,1.7667941813847472,0.12493121466180898,0.0,0.06347359416471224,0.004488260886015089,4.0000000000661726e-05,12.64592588532197,0.8942019947893659
R:A:THR:416,0.0,4.530556221127821,0.32035870265063815,-4.000000000000004e-05,1.5217340533746362,0.10760284683036969,-0.00033500000000021403,4.320582635915555,0.3055113280532737,0.00035000000000000254,1.0856664104134381,0.07676820809097995,0.0,0.038841101232928395,0.002746480607055684,-2.5000000000137136e-05,6.5336994652049905,0.4620023198081368
R:A:PRO:417,0.0,3.7576227215554785,0.2657040507552529,-2.0000000000002238e-05,0.7637715766837622,0.05400680611506294,-0.0002699999999993352,2.093544592730233,0.14803595782359766,0.0002499999999999958,1.315805636368837,0.09304150881998852,0.0,0.08031107354313805,0.005678850470672444,-3.9999999999382753e-05,4.563310075141032,0.3226747498789117
R:A:THR:418,0.0,4.565069660169493,0.3227991713294816,-5.00000000000167e-06,1.1108404187258403,0.07854827928971456,-0.0001300000000001944,4.384279700994223,0.3100153907191544,0.0001599999999999857,1.784961387649604,0.12621583013631849,0.0,0.08275161020942827,0.005851422473319267,2.4999999999879563e-05,6.669982827490432,0.4716390087716306
R:A:LEU:419,0.0,4.295427422178147,0.30373258583168183,-5.000000000006111e-06,1.5092706275466308,0.10672154953838987,-0.00027000000000008126,2.312122936513108,0.16349178073453718,0.0002000000000000052,0.8434461734752253,0.0596406508830177,0.0,0.012477399370573981,0.0008822853706505621,-7.500000000014495e-05,5.175525497277551,0.36596491753288346
R:A:VAL:420,0.0,3.884611626089538,0.2746835223084013,-2.000000000000668e-05,1.1880874290219554,0.08401046777039156,-0.00017999999999961601,2.4956036162820405,0.17646582402267014,0.00017499999999999295,1.0912112880533267,0.07716029014898143,0.0,0.027000851711958422,0.0019092485343338201,-2.499999999955982e-05,4.890937308463294,0.34584149371726763
R:A:GLU:421,0.0,4.277008651756506,0.30243018208505584,-1.500000000000501e-05,1.5088382666061328,0.10669097700309524,0.0010849999999998517,19.6805759829146,1.3916268735176016,-0.001040000000000507,17.481380091535964,1.236120240722459,0.0,0.16856230474942602,0.011919154874075253,2.9999999999539283e-05,26.71182378828863,1.8888111738559021
R:A:VAL:422,0.0,4.62979822938322,0.32737617235223454,-9.999999999994458e-06,1.2030146221679936,0.08506597972015606,-0.00016999999999988801,3.390442480613703,0.2397404869264889,0.00022500000000000574,0.9275368358588245,0.06558675864360884,0.0,0.05237105308853402,0.003703192677678309,4.500000000013937e-05,5.936366173794926,0.41976447770968306
R:A:SER:423,0.0,3.408570918662247,0.24102236107413347,0.0,1.2729046059308606,0.09000794786573016,-0.00015499999999967428,2.428243455252171,0.17170274135806626,0.00011500000000000233,1.0513568401237516,0.07434215510983656,0.0,0.013847452083708106,0.0009791627270545789,-3.9999999999667526e-05,4.498949997335957,0.3181238051335455
R:A:ARG:424,0.0,5.965761625136392,0.4218430500076421,-4.499999999999283e-05,1.7121542474248632,0.12106758787914706,-5.4999999999854055e-05,15.55716333134595,1.1000575687621421,0.00012500000000002426,13.683345749829426,0.9675586569024511,0.0,0.23637881369991762,0.01671450620960433,2.500000000026148e-05,21.629538615191063,1.5294393428737887
R:A:ASN:425,0.0,7.108023313970629,0.5026131486140708,-4.999999999997229e-06,1.6697493355216524,0.11806910780290922,-0.0002999999999997982,6.880162819479637,0.4865009785321608,0.00023499999999999327,3.6093875714274577,0.25522224276867994,0.0,0.1196918002202891,0.008463488358819191,-6.999999999926843e-05,10.662584277077954,0.7539585647294883
R:A:LEU:426,0.0,4.298006823115804,0.30391497702112347,-1.4999999999991686e-05,1.2694637040006302,0.08976463935690378,-0.00015999999999991133,2.11798260195876,0.14976398602801677,0.0001450000000000079,0.9159430489801208,0.06476695411145254,0.0,0.03297346487373142,0.0023315760611431913,-2.9999999999850147e-05,5.040862026269494,0.35644277218009196
R:A:GLY:427,0.0,2.9223102792054783,0.20663854151573466,0.0,0.8856163794499285,0.0626225347438923,-8.999999999993235e-05,2.5898016599539044,0.1831266315681583,8.999999999999606e-05,1.3456455103406693,0.09515150654351197,0.0,0.019462744418471716,0.0013762238558801979,6.827871601444713e-17,4.22402971288322,0.298684005391319
R:A:LYS:428,0.0,4.486854408246382,0.317268517826777,-1.0000000000012222e-05,1.6492374061668622,0.11661869536871006,0.0011849999999998318,24.152642724964384,1.707849745439825,-0.0011749999999999755,22.377714853513865,1.5823433920378582,0.0,0.31848014186783835,0.02251994679880022,-5.773159728050814e-17,33.27259456021448,2.3527277241198292
R:A:VAL:429,0.0,4.945942325260172,0.3497309357549028,-4.999999999997229e-06,1.4518023808270186,0.10265793084255594,-0.00013499999999961432,4.719467606931421,0.33371675484514557,0.00011500000000000232,0.8476655955475603,0.05993900907902132,0.0,0.023598970760591063,0.0016686992253836996,-2.4999999999693047e-05,7.040067045415545,0.4978079147821274
R:A:GLY:430,0.0,2.9008893972366474,0.20512385642581896,0.0,1.010500010786739,0.07145314100163826,-5.000000000016769e-05,2.8129495742991915,0.19890557191227703,3.4999999999998276e-05,1.4390128754722802,0.10175357624612022,0.0,0.00852327195722394,0.0006026863398850185,-1.5000000000169878e-05,4.406788578578493,0.31160700871682795
R:A:SER:431,0.0,6.7914828942727965,0.4802303608852735,0.0,1.0252207771743607,0.07249405637533328,-0.0001049999999998974,8.954504568259207,0.6331790902382003,0.00010999999999998622,4.275662019822193,0.3023349608278043,0.0,0.1407443064062468,0.009952125347325435,5.000000000087157e-06,12.06895042146005,0.8534036684818642
R:A:LYS:432,0.0,4.787536507302058,0.33852995294914445,-4.999999999997229e-06,1.3802644899348095,0.0975994380663895,0.0011100000000005394,19.23137315143929,1.3598634366911626,-0.0010950000000000619,17.38331420486827,1.2291859353758792,0.0,0.2074931399517577,0.014671980630957721,1.0000000000480736e-05,26.398750260365112,1.8666735323954307
R:A:CYS:433,0.0,3.277283430403907,0.23173893375089133,-4.999999999997229e-06,1.0250111767561365,0.0724792353876267,-8.499999999976637e-05,1.8223915709514789,0.12886254377969958,6.999999999999949e-05,0.8663588190524755,0.06126081958927745,0.0,0.002895697130985905,0.00020475670775825636,-1.999999999973745e-05,3.982829599915351,0.2816285818410649
R:A:CYS:434,0.0,3.1795016904461617,0.2248247206108572,0.0,1.3161729337552874,0.09306748066725563,3.9999999999267286e-05,2.5467821408887725,0.18008469220272444,-4.999999999999449e-06,1.4651350903159066,0.10360069577167423,0.0,0.09010425822211068,0.006371333200263819,3.4999999999256736e-05,4.525746465995942,0.32001860160367834
R:A:LYS:435,0.0,4.929574345919738,0.3485735448363086,-4.999999999997229e-06,1.478373589345738,0.10453679901534675,0.0020350000000003378,10.170175396883527,0.7191399988992929,-0.002005000000000029,9.644088414955299,0.6819400316577514,0.0,0.1747996426298648,0.01236020126525625,2.5000000000350297e-05,14.93177000812491,1.0558355827863033
R:A:HIS:436,0.0,4.145278460121829,0.29311545090586744,-9.999999999994458e-06,1.670557256651205,0.11812623645384628,-7.000000000005002e-05,4.601357236702015,0.3253650904733788,3.0000000000038883e-05,2.6884706249278603,0.19010358099073252,0.0,0.11932636374890557,0.008437648098118374,-4.9999999999892355e-05,6.956198427419644,0.4918775079307628
R:A:PRO:437,0.0,3.523347902322448,0.24913831942116005,0.0,1.1291311565978506,0.07984162976793496,0.00011000000000020549,2.587796410800123,0.18298483904069754,-5.500000000000006e-05,1.576866719946553,0.1115013150701596,0.0,0.08296448712228355,0.0058664751441830695,5.500000000012051e-05,4.7831997273737645,0.33822329629956344
R:A:GLU:438,0.0,4.434922023125098,0.3135963436585319,0.0,1.2407145860148496,0.08773176972881601,-0.0012650000000004268,19.38671650800813,1.3708478707753733,0.001294999999999611,18.435302582848347,1.303572746955794,0.0,0.21790456942599504,0.015408179869265593,2.9999999999112957e-05,27.14701727114006,1.9195840001411462
R:A:ALA:439,0.0,2.9288362821349367,0.207099999608281,-4.999999999999449e-06,1.0540600793953825,0.07453330299185056,9.500000000009834e-05,3.005065014716819,0.21249018498127148,-4.999999999999227e-05,2.7437546659550303,0.19401275302090323,0.0,0.15825248812582,0.01119014074934109,4.0000000000040004e-05,5.125697404075664,0.36244153927321854
R:A:LYS:440,0.0,4.274685871874095,0.3022659367444502,-5.00000000000167e-06,1.706888814473573,0.12069526554457302,0.001479999999999677,18.00547528624418,1.2731793673390053,-0.0015099999999999203,16.378953847946146,1.1581669334624216,0.0,0.2286139446085657,0.016165447050652256,-3.5000000000254825e-05,24.773089078686667,1.7517219278477743
R:A:ARG:441,0.0,5.864985520118527,0.41471710328367206,-1.5000000000000568e-05,1.5468623835929942,0.10937968810009926,0.00146500000000002,16.41633006267159,1.1608098309511663,-0.001485000000000133,14.048809504441115,0.9934008468188332,0.0,0.17879780094451397,0.012642913750910832,-3.4999999999598686e-05,22.442988844118947,1.5869589601770542
R:A:MET:442,0.0,4.289856332087358,0.30333865027350204,0.0,1.5988965878849077,0.11305906197094509,0.00011000000000066734,2.388037054297944,0.1688597194818824,-0.00010500000000000228,1.4757638370942012,0.10435226166391891,0.0,0.07772621619836972,0.005496073454983891,5.0000000005478994e-06,5.370845267642657,0.37977611094538
R:A:PRO:443,0.0,3.6106865922148375,0.2553140974094458,0.0,1.5816810977564346,0.11184174298981575,7.500000000000284e-05,2.4600883245678395,0.17395451366197714,-0.00010000000000000286,1.5045781285795696,0.10638973975435789,0.0,0.11406577876311194,0.008065668566472093,-2.500000000002167e-05,4.8854450845096835,0.3454531348371283
R:A:CYS:444,0.0,3.39808673166975,0.2402810171023712,0.0,0.8097920808454478,0.05726094717169811,8.499999999994401e-05,2.2933138525668486,0.1621617776539065,-5.500000000000283e-05,1.4465764398658647,0.10228840101338468,0.0,0.06786713225297701,0.0047989309435764295,2.9999999999946736e-05,4.422582324902528,0.31272379522943444
R:A:ALA:445,0.0,2.74335640046094,0.19398459139774485,0.0,0.965706425265981,0.0682857561940995,0.00010000000000104592,1.6028680522582008,0.11333988690990472,-0.00010000000000000018,0.7201598945720318,0.05092299449904728,0.0,0.01034398662926282,0.0007314303090054717,1.021405182655144e-15,3.3980165544784198,0.2402760548255838
R:A:GLU:446,0.0,4.46645107349784,0.31582578419082574,-9.999999999994458e-06,2.1689102017257422,0.1533651111424955,0.0003950000000003229,8.176336030794907,0.5781542652634979,-0.00030999999999973936,6.3441475187569525,0.44859897313608504,0.0,0.012104402037917943,0.0008559104763220043,7.500000000131734e-05,11.478422443867174,0.8116470347382342
R:A:ASP:447,0.0,4.319231148688386,0.3054157634749719,0.0,0.7859696665902571,0.05557644810529006,-0.00026499999999956,12.191292333344935,0.8620545480335771,0.00023499999999991418,11.867385417996458,0.8391508704019646,0.0,0.11323665432315161,0.008007040615077747,-2.9999999999645866e-05,17.571248503986055,1.2424748971082518
R:A:TYR:448,0.0,4.592211467604687,0.3247183869385902,-5.000000000006111e-06,1.4964726510949005,0.10581659594494144,-4.999999999881766e-06,2.524195797868105,0.17848759657151247,-9.999999999990018e-06,1.2552648429315623,0.08876062826219741,0.0,0.1066268131902469,0.007539654266313479,-1.9999999999833485e-05,5.593430082502248,0.395515234143017
R:A:LEU:449,0.0,4.256349135062818,0.30096933365004147,-1.5000000000018332e-05,1.2984516864616105,0.09181439925401136,4.499999999957538e-05,1.8662147200617087,0.13196130837057887,-6.0000000000001025e-05,0.7259184355008488,0.05133018483309796,0.0,0.03380895911888871,0.002390654425782497,-3.000000000056513e-05,4.8798916733588165,0.3450604493687788
R:A:SER:450,0.0,6.9433801408211835,0.4909711181930664,-5.00000000000167e-06,1.1351965070748764,0.08027051481319276,0.00015999999999991133,8.56710644571433,0.6057859062911584,-0.00017499999999999626,1.5274128098438222,0.10800439555117652,0.0,0.042493425280464646,0.003004738917166042,-2.000000000008606e-05,11.190590124059234,0.7912942162201493
R:A:VAL:451,0.0,4.9636853105530365,0.3509855542768106,-5.000000000006111e-06,1.275912116046791,0.0902206109454763,5.0000000000061104e-05,3.198793747758677,0.2261888750657291,-4.4999999999998356e-05,0.9538871562585377,0.06745000766771639,0.0,0.06961302161594561,0.004922383964352086,4.9960036108132046e-17,6.116629113362074,0.4325109924061382
R:A:VAL:452,0.0,4.099379374435843,0.28986989543198516,0.0,1.2574602498687584,0.08891586697547295,7.500000000025153e-05,2.2741850924177216,0.1608091700521926,-9.500000000000011e-05,0.9164320945247388,0.0648015348535434,0.0,0.027092712661477954,0.0019157440843669696,-1.9999999999826824e-05,4.939495639139624,0.34927508620770076
R:A:LEU:453,0.0,5.407182543154983,0.382345544337841,-1.4999999999991686e-05,1.290257690104965,0.09123499621513116,0.0001000000000002288,2.7320768263355992,0.19318700506245237,-9.499999999999953e-05,0.7182503760354044,0.05078797114844222,0.0,0.021495017392365888,0.0015199272559864698,-9.999999999670273e-06,6.235621651874228,0.44092503549539275
R:A:ASN:454,0.0,4.047280778343652,0.2861859683732765,0.0,1.203142925092443,0.08507505210694848,0.00023500000000012733,3.8190303061870297,0.27004622270617856,-0.00015499999999998737,1.9389592767706598,0.13710512530490973,0.0,0.019168246750248183,0.0013553997260557491,8.000000000045304e-05,6.01439586119699,0.42528200981926967
R:A:GLN:455,0.0,4.299469955465441,0.30401843610174367,-4.999999999997229e-06,1.561065344876697,0.11038398912376288,1.499999999985846e-05,3.8437241016460844,0.27179233772841166,4.999999999975025e-06,2.939308425408093,0.20784049196048157,0.0,0.12817679629686177,0.00906346818522777,1.499999999985846e-05,6.659770655907298,0.4709168991939232
R:A:LEU:456,0.0,4.312738056264257,0.3049566325065746,-1.5000000000000568e-05,1.1637376742956291,0.0822886801016701,4.999999999974136e-05,2.540524724205613,0.17964222602578722,-4.999999999999893e-05,0.8877919400118476,0.0627763701065138,0.0,0.02670727355599504,0.001888489423844825,-1.500000000026258e-05,5.215088551312988,0.36876244791217416
R:A:CYS:457,0.0,3.182363059866048,0.22502704998288534,-4.999999999997229e-06,0.9177661474335387,0.06489586663937079,0.00012999999999969704,2.3109204122491973,0.16340674942838193,-0.00014000000000000733,1.2383613891752279,0.08756537358453968,0.0,0.02946443532144283,0.0020834502019624656,-1.5000000000263692e-05,4.224273852518775,0.2987012686705047
R:A:VAL:458,0.0,3.7380972896916425,0.2643233942276014,0.0,1.0848263465642785,0.0767088066065429,0.00013500000000004063,2.5826656564632984,0.18262203992228046,-0.00012500000000000954,1.3716218415346848,0.09698831053727557,0.0,0.08052079181769659,0.005693679792080352,9.999999999994458e-06,4.869107876866659,0.34429791980612473
R:A:LEU:459,0.0,6.22969277252097,0.4405058004158402,-4.999999999997229e-06,1.2356362595339294,0.08737267781964222,7.500000000032258e-05,4.776237380969983,0.33773098406405505,-8.500000000002394e-05,1.109397286176147,0.07844623440851063,0.0,0.12147735383804506,0.008589746065947933,-1.499999999961421e-05,8.024576724745081,0.5674232618218983
R:A:HIS:460,0.0,3.442457015098373,0.24341846993192606,-1.5000000000000568e-05,1.2289181805047071,0.0868976378958312,0.0001450000000004792,2.311081898370329,0.1634181682215139,-0.00018500000000002626,1.7058069608179585,0.12061876693895937,0.0,0.06060114343597131,0.004285147947123395,-5.499999999954763e-05,4.649225701373375,0.3287499020707896
R:A:GLU:461,0.0,4.065299347987796,0.2874600736515421,-4.999999999997229e-06,1.573865598129332,0.11128910371134722,0.0019749999999992694,18.956297160971996,1.3404126268710597,-0.001959999999999766,18.225423285925352,1.2887320395473025,0.0,0.1806873536481905,0.012776525303928737,9.999999999621423e-06,26.65602400276002,1.8848655331822988
R:A:LYS:462,0.0,5.023927882240151,0.35524534737241814,-2.4999999999992805e-05,1.452853098105586,0.10273222777383442,-0.0025699999999997656,16.961264244523463,1.1993424964799464,0.002554999999999681,15.256110196638428,1.0787698974572264,0.0,0.21721783421146018,0.015359620356557873,-3.999999999992454e-05,23.405794158341426,1.6550395768419701
R:A:THR:463,0.0,6.542732379121127,0.4626410432765342,-2.5000000000006127e-05,1.0002717618602457,0.07072989458407951,-5.00000000003098e-05,6.417872796304864,0.4538121375059839,2.500000000000169e-05,2.7826864663801056,0.19676564702934043,0.0,0.08794653548923914,0.006218759162630436,-5.000000000032534e-05,9.630579441300744,0.6809848029699508
R:A:PRO:464,0.0,3.3808574778523277,0.23906272488146288,-2.0000000000002238e-05,0.7522480583889865,0.05319197032212662,0.0001900000000000901,1.7765938986442567,0.12562415931459997,-0.0001949999999999852,1.0992238961990408,0.07772686710446393,0.0,0.07406500961268898,0.00523718705457792,-2.4999999999986144e-05,4.045508510338834,0.2860606501008478
R:A:VAL:465,0.0,4.495583650645376,0.317885768476272,0.0,1.210698288406323,0.08560929697030575,0.00024499999999989087,2.6323631633714597,0.18613618433656307,-0.00018500000000002404,1.3372597007593552,0.09455854026144334,0.0,0.09020369324868581,0.006378364318421693,5.9999999999804655e-05,5.5137826165823505,0.38988330781738856
R:A:SER:466,0.0,4.658307225505848,0.3293920628005477,0.0,0.9048517235160687,0.06398267896665472,-0.00011500000000026489,4.093676793614147,0.2894666620750566,0.00020000000000000627,1.178788823135849,0.08335295704262687,0.0,0.02992709543737247,0.002116165212498306,8.499999999971807e-05,6.377084855944472,0.4509279945840373
R:A:ASP:467,0.0,6.446071625847016,0.4558060958650618,-3.49999999999917e-05,1.697828547225838,0.12005460790354945,0.002509999999999941,17.478815705211552,1.2359389112265016,-0.0025549999999999427,13.38510648741634,0.9464699564156144,0.0,0.08488989358767385,0.00600262194100486,-7.999999999999118e-05,23.002429037203516,1.6265173555968953
R:A:ARG:468,0.0,5.285993890102408,0.37377621250020704,-1.500000000000501e-05,2.008522050756476,0.1420239562252615,-0.0033350000000001508,14.271006364527171,1.009112537471354,0.0033150000000001212,11.74067574166304,0.8301911432642334,0.0,0.09740014763068419,0.006887230487822763,-3.499999999903025e-05,19.325901493865256,1.3665475998855352
R:A:VAL:469,0.0,4.441333391893699,0.31404969589182846,-1.9999999999997796e-05,1.3399322084904146,0.0947475150953839,-9.000000000007446e-05,2.917224893610364,0.2062789504518093,6.499999999999949e-05,0.7157247405776888,0.050609381752546624,0.0,0.026672592998756458,0.0018860371381249521,-4.500000000010829e-05,5.526665815181182,0.3907942875266492
R:A:THR:470,0.0,4.343532535707543,0.30713413103032033,-1.5000000000000568e-05,1.450252893317231,0.10254836553000246,-5.000000000272565e-06,4.430837465409333,0.3133075218126354,4.999999999997767e-06,1.595761437269055,0.11283737334489402,0.0,0.06584689509766703,0.004656078604363959,-1.500000000021373e-05,6.569065334312713,0.4645030643949994
R:A:LYS:471,0.0,4.834220038930789,0.3418309771275857,-1.4999999999996128e-05,1.3643858828700186,0.09647665099325847,-0.0019500000000003581,19.620045323105142,1.3873467095155052,0.0020299999999999676,17.642538163788963,1.2475158372957635,0.0,0.13696136946037007,0.00968463131060238,6.499999999947992e-05,26.859920364370954,1.8992831831777344
R:A:CYS:472,0.0,3.745800582091897,0.26486809925696975,-1.000000000000334e-05,0.928568632331504,0.06565971767187245,-3.0000000000001136e-05,2.0623950967503775,0.14583335583980775,1.500000000000278e-05,1.1781525509775888,0.08330796580684827,0.0,0.03606075560462925,0.002549880482274414,-2.5000000000028333e-05,4.531675082386177,0.3204378180889372
R:A:CYS:473,0.0,3.310011430727997,0.2340531528472753,0.0,1.1460385099114252,0.0810371601859295,-6.499999999967087e-05,2.516097200402838,0.17791493925293345,4.5000000000012254e-05,1.4375576514265438,0.10165067636703162,0.0,0.028215831659582323,0.0019951605903308738,-1.9999999999680274e-05,4.546173467209126,0.32146300871139316
R:A:THR:474,0.0,4.694681757052335,0.33196413059244817,-1.9999999999997796e-05,1.2926985131885933,0.09140758847054219,9.99999999990564e-06,3.8783982437985913,0.27424416983319805,5.00000000000278e-05,2.0388037126462173,0.14416519307204495,0.0,0.17003086819603352,0.012022997991245137,3.999999999986237e-05,6.552763558861215,0.4633503547982859
R:A:GLU:475,0.0,4.1754846036777575,0.29525134780005663,-2.5000000000003908e-05,1.3170137537911288,0.09312693562216573,0.002465000000000135,20.288612416310656,1.434621542043885,-0.002324999999999484,19.924410513379687,1.4088685785155317,0.0,0.12445650575112255,0.00880040391794013,0.00011500000000083332,28.771420097207553,2.034446625510238
R:A:SER:476,0.0,6.832145517053922,0.4831056425162099,0.0,1.0920922387555,0.07722258277052121,1.5000000000071622e-05,5.875915086892849,0.4154899403618275,-6.999999999999506e-05,1.8503406216964484,0.13083884011064909,0.0,0.04750223562027505,0.0033589152928617653,-5.499999999992955e-05,9.264085103841282,0.6550697398415452
R:A:LEU:477,0.0,4.260666281604323,0.3012746020095289,0.0,1.2127316933064791,0.08575308040968557,-4.500000000021487e-05,2.438750326289061,0.17244568933399002,9.999999999993902e-06,1.3817256188911025,0.09770275548570777,0.0,0.06586314718783146,0.004657227800680331,-3.500000000026038e-05,5.242614053807746,0.37070879485913527
R:A:VAL:478,0.0,4.352734978602533,0.3077848420077733,0.0,1.3414201891279256,0.09485273121528973,-9.999999999994457e-05,3.4358885206304355,0.24295400723387958,9.000000000000232e-05,1.3100320869161945,0.09263325722304057,0.0,0.07067766217344408,0.004997665420125425,-9.999999999983355e-06,5.854247965762152,0.4139578435337969
R:A:ASN:479,0.0,7.36918253561411,0.5210798942734214,0.0,1.239339808910373,0.08763455830749647,-0.00011500000000012278,7.223037151750987,0.5107458550765488,3.499999999998393e-05,4.099770215911496,0.2898975320977655,0.0,0.15606495677727591,0.011035458924279724,-8.000000000006224e-05,11.17343063677105,0.7900808572378333
R:A:ARG:480,0.0,5.902808542681187,0.417391594857575,-9.999999999994458e-06,1.6582148137982606,0.11725349395007383,-0.0014199999999999374,8.096507095149118,0.5725095070904936,0.0013900000000001622,5.716084336562924,0.4041881996217851,0.0,0.032923538072987965,0.002328045703206327,-3.9999999999480454e-05,11.654224826392754,0.8240781404214931
R:A:ARG:481,0.0,5.435852897034651,0.3843728445025741,-1.000000000000334e-05,2.6894431846573745,0.19017235134871735,-0.00040500000000000534,8.964281719712684,0.6338704392475445,0.0004550000000001475,6.577331428373896,0.46508756551145825,0.0,0.024276997828050487,0.0017166429791065584,4.000000000090154e-05,12.664984255946532,0.8955496251000653
R:A:PRO:482,0.0,3.726668423565477,0.26351525135369297,0.0,0.9136241980157925,0.0646029865873088,-5.0000000002015095e-06,2.3559443240185027,0.166590420761144,-6.0000000000015594e-05,1.5787908834769728,0.11163737397820678,0.0,0.05879749821553866,0.004157610970501131,-6.500000000027484e-05,4.771716480662007,0.3374113081375712
R:A:CYS:483,0.0,3.3170257942846932,0.23454914325094006,-4.999999999997229e-06,0.8642368943032922,0.061110776851345944,-5.000000000130455e-06,2.356308294339898,0.16661615734938492,1.7763568394002505e-17,1.6238242630284843,0.11482171478426892,0.0,0.08150031768868321,0.005762942730652583,-1.0000000000138787e-05,4.466005132820982,0.3157942514231644
R:A:PHE:484,0.0,4.186819274335829,0.29605283004854044,-4.999999999997229e-06,1.3685764691733524,0.09677297019248195,5.5000000000049455e-05,2.892282104822246,0.20451522894243107,-2.4999999999990572e-05,1.6657417689050726,0.11778573004984517,0.0,0.045515422887254034,0.0032184264172150714,2.5000000000019452e-05,5.526709713400515,0.39079739159950644
R:A:SER:485,0.0,3.6375300771196386,0.25721221843013214,0.0,1.1609380997925771,0.0820907202901156,-3.9999999999658087e-05,3.5676869692771533,0.25227356491267566,-6.500000000000394e-05,2.1456935801215886,0.1517234480852416,0.0,0.07801004115935559,0.005516142910442202,-0.00010499999999966648,5.6495910604703665,0.39948641497894943
R:A:ALA:486,0.0,3.629374112536485,0.2566355046437456,0.0,0.6615146474190877,0.0467761493044265,5.499999999990734e-05,2.315065839987062,0.1636998754348182,1.999999999997115e-05,1.0439054242602632,0.0738152604411852,0.0,0.058578447853578366,0.004142121770864782,7.499999999985185e-05,4.479135841915037,0.31672273276738383
R:A:LEU:487,0.0,4.9361795950106995,0.34904060647867313,0.0,1.7054555520446728,0.1205939185863035,-5.500000000040473e-05,4.524501356224241,0.3199305590473892,3.499999999998615e-05,1.76523167297525,0.12482072863260732,0.0,0.11727249193358516,0.008292417429288277,-2.0000000000384155e-05,7.1326962541043555,0.5043577889421076
R:A:GLU:488,0.0,4.263979579571179,0.3015088875555744,-1.500000000000501e-05,1.634370083633141,0.11556741691054187,0.0013150000000003103,26.004267289188807,1.8387793739972924,-0.001334999999999873,23.877489809282192,1.6883934961856122,0.0,0.2281339979393219,0.01613150969620924,-3.499999999952763e-05,35.59861190252003,2.5172019877100054
R:A:VAL:489,0.0,5.261793236986798,0.37206496790748794,-4.999999999997229e-06,1.4536176942287817,0.10278629288419248,-6.499999999988404e-05,2.949080892002625,0.20853150970027284,5.4999999999969516e-05,1.1890626584310013,0.08407942690322645,0.0,0.15805280709811023,0.011176021168464303,-1.4999999999942838e-05,6.319446278975445,0.44685233172076316
R:A:ASP:490,0.0,4.057892483149351,0.28693632921608236,-9.999999999998898e-06,1.7229573446548234,0.12183148221005931,0.003299999999999912,9.887148918429418,0.699127004682268,-0.0032950000000002257,8.85479734883724,0.6261287251395475,0.0,0.02138606420043183,0.0015122231019016206,-4.999999999881766e-06,13.985659820123503,0.9889354898177559
R:A:GLU:491,0.0,3.729464773603579,0.2637129831611443,-9.999999999998898e-06,1.0313551694251597,0.0729278234112331,0.0030500000000000327,20.817442850118503,1.4720155006282203,-0.0030499999999997487,20.3558068469098,1.4393729057973474,0.0,0.19055234806588797,0.013474085748840868,-9.99999999979906e-06,29.372328991536463,2.076937300915766
R:A:THR:492,0.0,5.032988358500345,0.35588601979285445,-5.00000000000167e-06,0.9384568555213393,0.0663589206390143,0.00011000000000031206,4.756800071870796,0.3363565587568496,-0.00012500000000001065,2.136271059714801,0.15105717527769078,0.0,0.07068556720366816,0.004998224390173118,-1.999999999966917e-05,7.308041495517859,0.5167565698673356
R:A:TYR:493,0.0,4.735003610537166,0.3348153161953616,-5.000000000006111e-06,1.4694175842404364,0.10390351382111675,-9.999999999621423e-06,3.0770602531474744,0.21758101711201736,3.9999999999955626e-05,1.8565291365206202,0.13127643419041363,0.0,0.10355435247400469,0.0073223984855750645,2.500000000026148e-05,6.124146550242027,0.43304255546563386
R:A:VAL:494,0.0,4.690270199977823,0.33165218640015026,-9.999999999998898e-06,1.0064005137866336,0.0711632627888154,7.000000000008555e-05,4.095048358871968,0.2895636463845211,-7.000000000001116e-05,2.084969291464505,0.14742959245602627,0.0,0.11945859933045257,0.008446998565760977,-9.999999999929509e-06,6.643964547448609,0.4697992385463922
R:A:PRO:495,0.0,3.8059699762084294,0.2691227179169383,0.0,0.8315660166216511,0.05880059693574548,7.499999999993178e-05,2.106726418777484,0.14896805368224092,-1.5000000000007229e-05,1.8470387089541465,0.13060535962155229,0.0,0.08909558712586314,0.0063000093830494685,5.999999999994898e-05,4.7994474389657915,0.339372183004112
R:A:LYS:496,0.0,6.706902887976685,0.47424965128479535,-3.9999999999997815e-05,1.5029699847302342,0.10627602681225903,-0.0076350000000000055,18.94038484673358,1.3392874563408241,0.0076100000000000455,16.097041314561505,1.1382327070566456,0.0,0.2636953809031757,0.018646079200420513,-6.499999999986627e-05,25.790771946623366,1.8236829735493156
R:A:GLU:497,0.0,4.958768079755293,0.3506378535526362,-3.5000000000005025e-05,1.5471746768787937,0.10940177057011005,0.009640000000000554,15.228592684322475,1.076824115501227,-0.009454999999999814,14.294312034245475,1.0107604971811448,0.0,0.20392197646844243,0.01441946123937992,0.00015000000000078728,21.52352448367685,1.5219430117442585
R:A:PHE:498,0.0,3.9494773269320076,0.27927022000161417,-5.499999999998728e-05,1.3973456545089336,0.09880725879648215,0.00036999999999974163,2.942679016092309,0.20807882871342293,-0.0004000000000000514,2.2893674776998996,0.16188272681095411,0.0,0.08921275015343491,0.006308294060179503,-8.500000000024155e-05,5.608874057118321,0.39660728806096673
R:A:ASN:499,0.0,4.201026342163305,0.29705742144869907,-6.000000000000672e-05,1.7104827637249083,0.12094939613325897,0.00031999999999968057,4.676685587977879,0.33069160927365543,-0.00027000000000001356,2.9249288636392508,0.20682370339675768,0.0,0.11124673667261616,0.007866332188608107,-1.000000000026091e-05,7.142362801980889,0.5050413170975236
R:A:ALA:500,0.0,3.541540263529416,0.25042471361868424,-5.000000000000559e-05,1.0883131293428376,0.07695535938126727,0.000425000000000253,3.9955591410433406,0.2825286963263643,-0.0001950000000000368,2.355848239992339,0.16658362659449757,0.0,0.19354205875635105,0.013685490219142104,0.00018000000000011117,5.939604802817915,0.41999348336407344
R:A:GLU:501,0.0,4.437522511711912,0.31378022596994537,-0.00010499999999999399,1.1052946375853818,0.0781561333445751,0.011579999999999835,18.25630587275942,1.2909157682043977,-0.010280000000000058,17.842645191920116,1.261665540951226,0.0,0.15551673969235894,0.010996694122449012,0.001194999999999702,25.93434324016418,1.833834997073959
R:A:THR:502,0.0,5.78554280398996,0.40909965495463335,-3.4999999999993925e-05,1.5100414341583481,0.10677605379660274,-1.500000000010715e-05,4.949898844246719,0.3500107038954309,7.000000000000922e-05,3.252963713523408,0.23001927007861755,0.0,0.2957358782617799,0.020911684495906385,1.999999999977575e-05,8.421606846032489,0.5954975309316626
R:A:PHE:503,0.0,4.824088694955763,0.3411145829248582,-8.499999999997065e-05,1.5902043736183722,0.11244442960580571,8.500000000061903e-05,2.7485779511185413,0.19435381078557473,1.5000000000024993e-05,4.341275937944396,0.3069745654722472,0.0,0.09814105020039122,0.006939620210946601,1.5000000000726655e-05,7.22575746030542,0.5109382099391248
R:A:THR:504,0.0,6.722027478655529,0.4753191213479635,-0.0001400000000000068,1.6281131990589597,0.11512498835939136,-0.0008650000000002223,7.844288483818976,0.5546749580491939,0.001419999999999963,6.617557685203809,0.4679319914100766,0.0,0.12726928353483896,0.008999297342423804,0.00041499999999987657,12.376491223996261,0.875150087178355
R:A:PHE:505,0.0,4.3749820832490265,0.3093579498635035,-0.00014000000000004674,1.2845610343615441,0.09083218182450535,0.00022999999999992582,3.0642348927179195,0.21667412717892737,0.00018500000000002626,2.7519808379738038,0.19459443122267142,0.0,0.08016821211279074,0.005668748642055584,0.0002750000000003494,6.144910595957305,0.43451079521864794
R:A:HIS:506,0.0,4.189632225004958,0.2962517356978689,-0.0006349999999999833,1.3026603253630626,0.0921119949646896,-0.0007049999999995294,4.7057797260363765,0.33274887550504956,0.00286,3.2811170785877177,0.23201001361363693,0.0,0.15443612693172343,0.010920283261360804,0.0015200000000007608,7.223841411240398,0.5108027248104284
R:A:ALA:507,0.0,3.1706283162490045,0.22419727830417563,-0.0010800000000000033,0.8530623332148713,0.060320616059105374,-0.0010549999999994951,2.5358022686469472,0.17930829799084877,0.002164999999999983,1.5905452432656544,0.1124685327297151,-2.9735999999999998e-05,0.101469331903574,0.0071749652671485665,2.640000008657939e-07,4.444212259334264,0.3142532625607645
R:A:ASP:508,0.0,9.791690600399402,0.6923770822822994,-0.0010450000000000004,1.6567041494108112,0.11714667384682757,0.004169999999999519,18.184195588492496,1.2858168011045545,-0.002089999999999961,21.746928998447114,1.5377400964784327,0.0,0.15268386501735395,0.010796379633154246,0.0010349999999998616,30.037294749682626,2.1239574805999664
R:A:ILE:509,0.0,4.298401815651953,0.3039429072112064,-0.0006549999999999656,1.354086545046143,0.09574837783155911,-0.00016500000000018388,2.206588496928007,0.15602936894660252,0.0006000000000000079,1.2409052663076259,0.08774525286162209,0.0,0.043151942722904145,0.0030513031320739013,-0.0002200000000003277,5.169192326191856,0.36551709471077254
R:A:CYS:510,0.0,3.377741241650996,0.2388423737064888,-0.003995000000000002,0.7593133565761899,0.053691562348054285,0.00035000000000003697,1.949351572369643,0.13783997157392336,0.0036400000000000117,1.2239942341367462,0.0865494623091328,-0.00114678,0.08370065126824043,0.005918529810150321,-0.0011517799999999098,4.158224609848263,0.29403088193204924
R:A:THR:511,0.0,6.927468513789868,0.48984599625571096,-0.005335000000000001,1.0635892181077242,0.07520711485208698,-0.00047499999999992324,6.4912458063206175,0.4590003927998047,0.004220000000000024,2.215441224361414,0.15665535130661834,-0.002199456000000001,0.08264295856873896,0.005843739642127421,-0.0037894559999999532,9.80674889194686,0.6934418642889285
R:A:LEU:512,0.0,4.398002092945159,0.3109857103594151,-0.000580000000000016,1.1753966614722027,0.08311309499110232,-0.00022999999999967713,4.079328496493019,0.28845208425577373,0.0011150000000000326,3.149047395542817,0.22267127676661622,0.0,0.09557069038751091,0.006757868325568896,0.0003050000000001951,6.876811322108972,0.4862639918803682
R:A:SER:513,0.0,5.577667285505654,0.3944006360783411,-0.00021999999999999353,1.5120931657804688,0.10692113313092039,0.00044499999999985106,8.16583435652322,0.5774116847543657,-2.9999999999998293e-05,4.66962806481951,0.33019256702528904,0.0,0.11602427869722785,0.00820415542490877,0.00019499999999979202,11.04067646138461,0.7806937194731753
R:A:GLU:514,0.0,4.785725417927778,0.3384018895913556,-0.0002849999999999886,1.623060253926206,0.114767691182558,-0.0038000000000000256,18.19147305291685,1.2863313955489852,0.005579999999999759,16.33599217151349,1.155129084188754,0.0,0.15601875075202978,0.011032191664901402,0.001494999999999429,24.967101679550456,1.7654406904184168
R:A:LYS:515,0.0,4.664627433761457,0.3298389690121529,-7.999999999999563e-05,1.0087390921343338,0.07132862524961489,0.003084999999999596,15.781452717385527,1.1159172233438173,-0.0027249999999999215,15.484860417910618,1.0949449807231753,0.0,0.24788172544994558,0.017527884899787852,0.0002799999999995073,22.620187908920254,1.5994888262111462
R:A:GLU:516,0.0,4.028732946820873,0.2848744386286702,-0.00011999999999997347,1.6450319847954327,0.1163213271717616,0.0014449999999997232,22.787947414718488,1.6113512146269897,-0.0005449999999997956,21.00011622292541,1.4849324586936183,0.0,0.15709056334780605,0.011107980260364856,0.0007799999999999585,31.293081113646238,2.2127549859679934
R:A:ARG:517,0.0,6.0886433956999,0.43053210333260866,-0.0004199999999999893,2.275325599249479,0.16088981606366515,0.0031800000000000482,20.297353486713483,1.4352396290595517,-0.0020100000000001163,16.055406425995574,1.135288675852754,0.0,0.15309894008106428,0.010825729872379347,0.000750000000000739,26.68390448072684,1.886836980685605
R:A:GLN:518,0.0,4.011797275031479,0.28367690579204713,-6.499999999999506e-05,1.575533934028398,0.11140707287409989,-8.500000000005058e-05,4.379784723633686,0.3096975478218628,0.00020000000000000684,2.9653221971988137,0.20967994340422738,0.0,0.099948537475682,0.007067428861873251,5.000000000002558e-05,6.823669410364451,0.4825062912643913
R:A:ILE:519,0.0,4.963991946886094,0.3510072367398569,-5.000000000000338e-05,1.7491355867113332,0.12368256345782941,0.00012000000000050192,2.785402808634687,0.19695772143216425,-4.4999999999997956e-05,0.9269111526327645,0.06554251615840667,0.0,0.12536320987771607,0.008864517581584542,2.5000000000443555e-05,6.027772422302109,0.4262278755259083
R:A:LYS:520,0.0,5.060842659829487,0.35785561632835944,-9.499999999998732e-05,1.6176733971896182,0.11438678288978583,-0.004974999999999525,13.19524125594432,0.9330444571470724,0.005885000000000123,12.833187078597234,0.9074433607511683,0.0,0.16806804403769668,0.011884205363981461,0.0008150000000002988,19.158870658569665,1.3547367362550584
R:A:LYS:521,0.0,4.002415201793787,0.28301349303125106,-2.9999999999983372e-05,1.518571367552411,0.10737921117120389,0.0014150000000004326,16.204359579038446,1.1458212543123274,-0.0008200000000000634,15.023081486166546,1.062292279318644,0.0,0.09905320483879132,0.007004119283976948,0.0005650000000002909,22.507986242444343,1.5915549702885914
R:A:GLN:522,0.0,4.061114204254789,0.2871641393001571,-9.999999999994458e-06,1.6535823257098512,0.1169259275759658,0.00019000000000040984,6.612789692538996,0.46759484341548285,-0.00016499999999999542,3.2046875463568987,0.22660562956130414,0.0,0.057710168897460425,0.004080725177081525,1.5000000000640057e-05,8.557413355624417,0.6051005013178354
R:A:THR:523,0.0,4.620275621648561,0.32670282230185893,-3.4999999999998364e-05,1.2482473592501608,0.08826441723239892,0.00018499999999981753,3.9418244811603422,0.2787290820875622,-2.0000000000020002e-05,1.3641574021167793,0.09646049496425985,0.0,0.07163701030484486,0.005065501577048638,0.00012999999999996348,6.348945251704839,0.4489382240862623
R:A:ALA:524,0.0,2.9296378983673046,0.20715668243566265,-1.5000000000000568e-05,0.8593892175696644,0.06076799434221109,0.00021999999999980702,2.067491178215762,0.14619370321597303,-0.00023500000000000742,0.8251229583371196,0.058345003915288234,0.0,0.0168915251861281,0.001194411200369454,-3.000000000022984e-05,3.778486606410444,0.26717935020153705
R:A:LEU:525,0.0,4.220860759394936,0.298459926541236,-4.999999999997229e-06,1.3017269659475446,0.09204599648748987,0.0002400000000001512,2.693222529870118,0.19043959141155495,-0.0002549999999999908,0.8676121510646333,0.061349443545764944,0.0,0.05759168671739102,0.00407234722178384,-1.9999999999826824e-05,5.245919736950705,0.37094254195581927
R:A:VAL:526,0.0,3.6927746588168633,0.2611186002643243,-1.5000000000000568e-05,1.291146740062879,0.09129786154053664,9.000000000011e-05,2.1789217163427415,0.15407303213005835,-8.000000000000285e-05,0.817788581939122,0.05782638518660837,0.0,0.0011154132361990334,7.887162631415688e-05,-4.999999999881766e-06,4.5519362737215125,0.3218705006677506
R:A:GLU:527,0.0,3.5784391312344552,0.2530338575759181,-2.0000000000002238e-05,1.676432103769789,0.11854165087744477,0.005884999999999891,9.0919572656758,0.6428984636817658,-0.005875000000000234,8.046778448508137,0.568993160764587,0.0,0.06720735088750193,0.004752277355813635,-1.0000000000367493e-05,12.768496323481607,0.9028690335889344
R:A:LEU:528,0.0,5.779548123772307,0.4086757670513386,-1.500000000000945e-05,1.4464790110385286,0.10228151175493545,0.0001849999999998886,5.3014314776176255,0.37486781478192416,-0.00020499999999998742,1.127881447393741,0.07975326198266125,0.0,0.05145338688551415,0.0036383038781762026,-3.500000000014936e-05,8.054527780487629,0.5695411212838234
R:A:VAL:529,0.0,4.06709673167482,0.2875871678708909,-9.999999999994458e-06,1.2099960141050055,0.08555963867823427,9.499999999970754e-05,2.1841169707401207,0.15444039209149596,-0.00010999999999999999,0.9558043001315698,0.06758557021102951,0.0,0.011334538185939116,0.0008014728812895418,-2.5000000000340305e-05,4.867178181732295,0.3441614697546116
R:A:LYS:530,0.0,4.999542035781878,0.35352100763285627,-9.999999999994458e-06,1.8210095504280035,0.12876482017131075,-0.00471499999999935,9.982188865252702,0.7058473437705033,0.004679999999999941,9.270557434412991,0.6555274027252788,0.0,0.06795934994982127,0.004805451719454827,-4.499999999944659e-05,14.625438267274953,1.034174657661535
R:A:HIS:531,0.0,3.9600440824566583,0.28001740245027623,-1.5000000000000568e-05,1.2421149436646353,0.08783078996784101,-0.00016999999999939064,4.491742803250204,0.3176141795524091,0.00022500000000001574,2.9965877160655587,0.2118907494450265,0.0,0.09384381498465866,0.006635759794806788,4.000000000068393e-05,6.810939485894062,0.4816061496726909
R:A:LYS:532,0.0,4.5331228776584025,0.32054019267441325,-1.000000000000334e-05,1.7819467213976967,0.1260026610413447,-0.004925000000000139,21.399391222851996,1.5131654646942532,0.005015000000000091,21.85079099638672,1.5450842487835008,0.0,0.31396286924306016,0.022200527388255318,7.999999999999563e-05,30.97118211663164,2.1899932896033762
R:A:PRO:533,0.0,3.974337894517777,0.2810281275940186,-5.00000000000167e-06,1.2097255020768143,0.08554051058928162,-0.00018500000000006621,3.3270448948841973,0.23525760064847,0.00015499999999999404,1.7791054841900185,0.1258017552316938,0.0,0.07633155036283731,0.0053974556880044735,-3.500000000014936e-05,5.612403055038527,0.39685682589698384
R:A:LYS:534,0.0,4.400680680707247,0.31117511511647267,-1.000000000000334e-05,1.1811965678497376,0.08352321030408252,-0.003934999999999462,19.075536196442158,1.3488440999273692,0.003955000000000132,17.754603402919905,1.2554400463482416,0.0,0.27745727542824317,0.019619192094485437,1.0000000000682796e-05,26.45638337909942,1.8707488093032267
R:A:ALA:535,0.0,3.3654127131675846,0.23797061509722164,-1.000000000000334e-05,0.8005465132957611,0.056607186820667926,-0.00011999999999957822,4.481709962168457,0.31690475055606215,0.00018500000000000656,2.7055119667587872,0.19130858582764915,0.0,0.08199862574968925,0.005798178431558311,5.5000000000430816e-05,6.2752785126876915,0.4437291990155699
R:A:THR:536,0.0,5.8325936010963435,0.41242664872404894,-9.999999999998898e-06,1.1691132741954477,0.08266879241588086,0.00015499999999999404,5.4043939267946595,0.3821483593839897,-0.0001700000000000279,2.6086815598593094,0.1844616420932818,0.0,0.09564962720062443,0.0067634500011526785,-2.499999999992397e-05,8.450314551030548,0.5975274722193056
R:A:LYS:537,0.0,4.769389818645568,0.3372467882886359,-1.4999999999998349e-05,1.6144232452411604,0.11415696244152171,-0.0015549999999995023,23.168656396376875,1.6382714048859166,0.0015499999999998293,19.833378088906088,1.4024316140502182,0.0,0.3292364162961261,0.02328053025765479,-1.999999999961588e-05,30.9129643338465,2.1858766707040744
R:A:GLU:538,0.0,4.310551153414143,0.30480199512306344,0.0,1.6545397431158917,0.11699362720998953,0.001445000000000114,34.273466861709146,2.4235000832686957,-0.0014050000000002095,33.47061040858794,2.366729559036557,0.0,0.17927688352213678,0.012676790004849373,3.999999999976467e-05,48.127983388594885,3.4031623418908956
R:A:GLN:539,0.0,4.311157953351977,0.30484490235815,-5.00000000000167e-06,1.2314625446496537,0.08707755160990116,-5.000000000094928e-06,6.590961178741308,0.46605133440252594,1.4999999999919522e-05,5.531861137951223,0.3911616523227641,0.0,0.22081312986536605,0.015613846150282608,5.0000000002015095e-06,9.705338646600435,0.6862710770723036
R:A:LEU:540,0.0,4.870193182123271,0.3443746624767855,-2.000000000000668e-05,1.6374069576009505,0.11578215632816657,1.500000000021373e-05,2.7494113653244034,0.194412742069225,5.000000000017213e-06,1.5026859435274558,0.10625594206619693,0.0,0.08892169157696432,0.006287713110865017,1.3322676295501878e-16,6.018730609014072,0.4255885227768889
R:A:LYS:541,0.0,4.58624140968942,0.324296240094994,-1.4999999999996128e-05,1.6303697615188404,0.11528455142114663,-0.00036500000000017963,22.501061603634952,1.5910653243826525,0.00040499999999993487,21.464509918068824,1.5177700517912371,0.0,0.14243110088839378,0.010071399729004853,2.4999999999781863e-05,31.475942587302693,2.2256852447720177
R:A:ALA:542,0.0,2.825870854365075,0.1998192443878967,-1.4999999999998349e-05,0.7665024238546151,0.054199906170352356,1.0000000000189856e-05,2.64035742267974,0.18670146383330793,-1.0000000000038866e-05,1.7056067879057,0.12060461257659259,0.0,0.08285297274311867,0.00585858988681234,-1.4999999999925074e-05,4.2965705511334695,0.3038134172552898
R:A:VAL:543,0.0,4.395062311640189,0.31077783642982004,-2.4999999999990586e-05,1.3917062196724566,0.09840849053498889,-7.499999999989626e-05,3.488922810392199,0.24670409782647512,7.500000000001062e-05,1.3629422915424556,0.09637457367156028,0.0,0.10607037530822953,0.007500308166345123,-2.499999999996172e-05,5.940948065464219,0.420088466376685
R:A:MET:544,0.0,3.95045532433288,0.2793393748610281,-4.999999999999893e-05,1.351821998618901,0.09558825021805765,-7.500000000025153e-05,2.355076878485074,0.16652908309924425,0.0001300000000000071,2.1161594933629178,0.1496350727829208,0.0,0.06563538071406451,0.004641122278867575,4.999999999666938e-06,5.240452851961028,0.37055597481100255
R:A:ASP:545,0.0,10.573858998407346,0.7476847401084229,-2.4999999999999466e-05,1.0503548212746967,0.07427130167753222,8.500000000033481e-05,15.523538646934693,1.0976799445258962,-5.499999999972971e-05,18.21439260811282,1.28795205283907,0.0,0.14914113651202743,0.010545870898152319,5.000000000272565e-06,26.18542214005199,1.851588956346312
R:A:ASP:546,0.0,10.90233218361787,0.7709113017784536,-4.4999999999997265e-05,1.2766234579448241,0.09027091041346044,0.0016000000000000547,16.892614423408535,1.1944882210761856,-0.0015500000000000114,12.20070656218524,0.8627202345388393,0.0,0.08890985236221127,0.006286875951961437,5.000000000485727e-06,23.55241350969518,1.6654071306015117
R:A:PHE:547,0.0,4.1318390935514415,0.2921651441821902,-9.999999999999786e-05,1.3252458221779082,0.09370903076011404,-0.00020499999999969986,1.9182373047605448,0.13563986061211872,0.0002499999999999922,1.2344628753834601,0.08728970703066886,0.0,0.022524658680476557,0.0015927338896877404,-5.4999999999452155e-05,4.902286312785461,0.34664398950885955
R:A:ALA:548,0.0,3.4503897459200172,0.24397939870765728,-5.0000000000007815e-05,0.865365273569491,0.06119056531443389,-0.00016999999999953275,2.93888489449655,0.20781054380252217,0.000344999999999999,2.6011728033667816,0.18393069282986732,0.0,0.09145754934026186,0.006467025332920241,0.00012500000000035928,5.29769339570122,0.37460349247475205
R:A:ALA:549,0.0,3.0559948324236417,0.2160914669277804,-4.500000000000615e-05,1.0825179358675772,0.07654557732080279,-0.00039000000000037003,3.0489972173650792,0.21559666082177611,0.0003000000000000011,1.774426128019986,0.1254708747837521,0.0,0.11356990887973649,0.008030605270759997,-0.00013500000000045255,4.792579653670657,0.3388865572487197
R:A:PHE:550,0.0,4.436168662799015,0.3136844943952442,-0.00019000000000000128,1.4560596027463983,0.10295896189137688,-0.0005049999999997112,3.161855639632366,0.22357695639169745,0.0011300000000000019,1.72436861578376,0.12193127414859571,0.0,0.09095213984635903,0.0064312874848787656,0.0004350000000002985,5.897351309890537,0.41700571022629673
R:A:VAL:551,0.0,4.1822437881118315,0.295729294314919,-0.0002150000000000052,1.1832224551093509,0.08366646216600172,-0.00013999999999999346,2.7708462416741932,0.19592841671130812,0.000725000000000004,1.7345631191671866,0.12265213439592071,0.0,0.020300956520834183,0.001435494402045511,0.0003700000000000969,5.4385557567874265,0.3845639655485525
R:A:GLU:552,0.0,4.020562035033161,0.2842966679153134,-0.00047499999999998097,1.8640597990340868,0.13180893244342357,-0.0046750000000004375,26.089963917205306,1.8448390406768211,0.0068850000000004385,23.08464449386377,1.6323308662891767,0.0,0.1923583260718433,0.013601787678309345,0.0017349999999999354,35.11785398264939,2.483207269185039
R:A:LYS:553,0.0,5.382662899699367,0.3806117437218668,-0.0003450000000000175,1.714999322703948,0.12126876508142977,0.0009399999999999409,18.96689469858996,1.341161985942414,0.001059999999999947,18.021204364474368,1.2742915811268432,0.0,0.22138286348169448,0.015654132400640185,0.0016550000000000098,26.766960869595717,1.8927099542646098
R:A:CYS:554,0.0,4.180233261816857,0.295587128637226,-0.0011799999999999944,1.1722848112980053,0.08289305395508118,-0.0010450000000004778,4.703591147035954,0.33259411959981344,0.004420000000000018,2.5181599443542106,0.17806079727652013,0.0,0.05949951054894916,0.004207250738644247,0.0021949999999995827,6.878738341991253,0.48640025276299237
R:A:CYS:555,0.0,3.366439619768933,0.2380432283593675,-0.0071950000000000095,1.0544742686168307,0.0745625905925686,-0.0006849999999995049,3.0406449130529856,0.21500606372001463,0.014470000000000023,2.6808547627109527,0.18956505820891673,-0.002224332,0.08308917882420175,0.0058752921789814744,0.0043656680000007065,5.374405944324235,0.38002788880809574
R:A:LYS:556,0.0,5.238134231556118,0.3703920235898716,-0.015109999999999995,1.6153488007702856,0.11422240910062263,0.007569999999999624,14.887863400646177,1.0527309167975925,0.014969999999999982,14.484550615863096,1.0242123962916578,-0.002854188000000001,0.2655828812091007,0.01877954562700164,0.004575811999999691,21.48414809627185,1.5191586806889879
R:A:ALA:557,0.0,3.3659375675731127,0.23800772790815009,-0.01807000000000001,0.8582744970870333,0.060689171700971496,0.0046799999999998934,4.5437272611590585,0.32129003582277493,0.0071900000000000245,3.746461021650966,0.2649147993860479,-0.00203382,0.09436262637802378,0.00667244530024732,-0.00823382000000018,6.837872676275638,0.48351061382847094
R:A:ASP:558,0.0,11.214765443768764,0.7930036694705453,-0.029520000000000005,1.047625185168818,0.07407828725746837,-0.014559999999999906,12.612220667065337,0.8918186759503022,0.056419999999999464,10.50711568266953,0.7429652749927145,-0.007249679999999998,0.11483605254379109,0.008120135147840936,0.005090319999999977,19.90852229398415,1.4077451117479751
R:A:ASP:559,0.0,12.466939889914848,0.8815457736803859,-0.0023799999999999976,1.292336150775022,0.09138196557855385,-0.002194999999999929,28.13099150296475,1.9891614853247523,0.008799999999999529,23.139854886138547,1.6362348305661232,0.0,0.17961831991319335,0.01270093320359537,0.004224999999999674,38.521845137241584,2.7239057920361556
R:A:LYS:560,0.0,4.483070807822469,0.3170009768750721,-0.0014900000000000046,1.7091137114598316,0.12085258951921553,0.005180000000000078,22.618407933197904,1.599362962920784,-0.0016450000000000542,19.76867458776321,1.3978563856077544,0.0,0.23464697116301234,0.016592046449425028,0.0020450000000000967,30.421487884999163,2.151124037726731
R:A:GLU:561,0.0,4.518373601634774,0.3194972613650233,-0.005499999999999982,1.4650725834578981,0.10359627586935738,-0.0025850000000001484,11.59786304341343,0.8200927605270486,0.030190000000000338,10.412273105703191,0.736258892060904,-0.0010784159999999998,0.2345579247406218,0.016585749916513754,0.02102658399999971,16.29549058789988,1.1522651897465566
R:A:THR:562,0.0,6.115523186739628,0.4324327915847156,-0.0005050000000000021,1.4118628777168838,0.09983378149391618,0.00041499999999995653,7.14953934651562,0.5055487754281232,0.0010849999999999994,3.0652149940542506,0.21674343080904435,0.0,0.1761971878832376,0.012459022637823749,0.0009949999999999193,9.996773574968726,0.7068786384846871
R:A:CYS:563,0.0,4.375077873501224,0.30936472325719355,-0.000275000000000003,0.962961300403604,0.06809164655356044,0.0005199999999998539,4.652785104085509,0.32900158985026196,-0.0001449999999999941,2.574771564911148,0.18206384335549713,0.0,0.09009257708609897,0.006370507219215235,9.999999999986186e-05,6.953745420562648,0.4917040541524749
R:A:PHE:564,0.0,4.985200966861817,0.3525069409245724,-0.0009400000000000386,1.8021665234378315,0.12743241695502758,0.0007699999999993423,3.2660788273937906,0.23094664867399567,0.0001300000000000036,2.7279656420765273,0.19289630043562264,0.0,0.2178607867138199,0.015405083963997814,-4.000000000062842e-05,6.801217805046943,0.48091872302753796
R:A:ALA:565,0.0,3.5987060155283594,0.2544669427076924,-0.00020000000000000017,1.0203145612751001,0.07214713452210005,7.500000000028706e-05,4.474487942008001,0.3163940766131297,0.00031999999999998615,3.0013878520361206,0.2122301703145667,0.0,0.13590869132556538,0.009610195725849658,0.00019500000000026275,6.560454964714935,0.46389421932188823
R:A:GLU:566,0.0,3.8760997998955085,0.2740816453061934,-0.00021500000000000962,1.5273431560310864,0.10799947028284443,0.014829999999999864,21.98951205175549,1.554893308677962,-0.013245000000000324,20.50480841107458,1.4499089074401792,0.0,0.13924932420287736,0.009846414141949861,0.0013699999999994717,30.353947443429675,2.146348207302919
R:A:GLU:567,0.0,4.2440314832951,0.3000983441407167,-0.00012000000000000454,1.6625782452414084,0.11756203514634307,0.006459999999999688,21.83096626695667,1.5436824287219828,-0.006070000000000259,21.185314501708486,1.4980279545727775,0.0,0.1683651724942159,0.011905215518630285,0.0002699999999993352,30.760574688541805,2.175101095546318
R:A:GLY:568,0.0,3.0032731258994745,0.21236347930788382,-5.5000000000005043e-05,1.0350946980711475,0.07319224801763503,-0.00029000000000038994,2.6418489958171345,0.18680693398131668,0.00035000000000000406,1.5066524377904813,0.10653641556528923,0.0,0.020098815990815776,0.0014212009080926452,4.999999999516502e-06,4.397822432764792,0.31097300646623033
R:A:LYS:569,0.0,4.8232250474915634,0.3410535138270092,-0.00011000000000001009,1.2005622299156342,0.08489256940097879,-0.015214999999998398,19.933286554940583,1.409496209433312,0.016040000000000082,18.605558874121467,1.3156116847656836,0.0,0.17780829477673255,0.012572945098784415,0.0007150000000015022,27.71712826423611,1.9598969350658673
R:A:LYS:570,0.0,4.84990346150828,0.3429399625732615,-3.4999999999998364e-05,1.3632515708316644,0.09639644301982829,-0.006900000000001186,36.51404340815736,2.5819327702448027,0.007075000000000069,33.77103840949483,2.387973026706515,0.0,0.22082253034939708,0.015614510864883087,0.00013999999999891654,49.99187116211605,3.534959110293647
R:A:LEU:571,0.0,5.892934623661627,0.41669340334801314,-6.000000000000227e-05,1.48363349252772,0.10490873033618317,-1.00000000009004e-05,4.844517379693255,0.3425591090757185,4.500000000001003e-05,0.9729378875216033,0.068797097793984,0.0,0.06808275220352737,0.004814177576495757,-2.5000000000749978e-05,7.832524424167001,0.5538431134137745
R:A:VAL:572,0.0,3.829234804598695,0.2707677897087281,-4.9999999999990055e-05,1.404046672568259,0.0992810923275424,-0.00022500000000022169,2.498553405788037,0.17667440563894646,0.0002850000000000025,1.0235555721478926,0.07237630859870513,0.0,0.11849292012527654,0.008378714734317897,9.999999999843467e-06,4.892735630551667,0.3459686542916122
R:A:ALA:573,0.0,3.4209020178821254,0.24189430146191948,-1.5000000000000568e-05,0.797053175688423,0.05636017054955565,-6.500000000038142e-05,2.3756578205572874,0.16798437546949122,5.000000000000338e-05,1.5029305165409346,0.10627323598982955,0.0,0.06672568687619868,0.00471821856694903,-3.000000000037306e-05,4.499429621189679,0.3181577196614841
R:A:ALA:574,0.0,3.2215524288454476,0.22779815683846086,-5.00000000000167e-06,0.9006454205040961,0.0636852484283056,-7.499999999978969e-05,2.4860300085025124,0.1757888677245377,1.4999999999988355e-05,1.9512458492909088,0.13797391717957058,0.0,0.10241390325288206,0.007241756547789593,-6.499999999982408e-05,4.603016011313072,0.3254823835509727
R:A:SER:575,0.0,3.991542129929233,0.2822446507464756,-3.4999999999998364e-05,1.185171910220201,0.08380430945885181,-0.0003199999999996095,4.783704896913061,0.338259017180252,0.0003100000000000043,2.5929248704696404,0.1833474759016333,0.0,0.04534823565154226,0.0032066044944051085,-4.499999999956872e-05,6.8517289364730205,0.4844903993832164
R:A:GLN:576,0.0,4.87593156727512,0.34478042758217875,-5.999999999999783e-05,1.6060752743722817,0.11356667176046853,-0.00017999999999979366,5.034776804586277,0.3560124820283693,0.0001799999999999935,3.863176399512453,0.27316782290150865,0.0,0.21236140140286291,0.015016218699424277,-5.999999999968253e-05,8.165316476797198,0.5773750651277547
R:A:ALA:577,0.0,3.606512022543388,0.255018910757124,-4.999999999997229e-06,1.0329502454983008,0.07304061232201575,-0.0002399999999997249,5.343444090135125,0.3778385551025728,0.00021000000000002104,3.7394643225868593,0.26442005805063273,0.0,0.12832377065451517,0.009073860841723496,-3.499999999966086e-05,7.52504952361378,0.5321013546911902
R:A:ALA:578,0.0,3.743707527144716,0.26472009792231493,-1.0000000000001119e-05,0.9885610177171664,0.06990181992444831,0.006139999999999901,16.627231414452318,1.1757228085517224,-0.006164999999999417,16.352922473172036,1.1563262372997833,0.0,0.24442841817039196,0.017283699200298527,-3.4999999999421047e-05,23.641811311942327,1.6717285098207246
L:B:UNL:579,0.0,12.640087801585878,0.8937891799294734,-0.10607500000000006,4.034809733937276,0.28530413236645374,-0.011985000000001094,7.92862411099019,0.5606383874360324,0.04633500000000012,2.9285797083868146,0.20708185710456384,-0.021829427999999998,0.18035818473945062,0.012753249547176162,-0.09355442799999977,15.732885866789589,1.1124830284040912

