| Run on Wed Sep 10 04:10:43 2025
| GB non-polar solvation energies calculated with gbsa=2
idecomp = 1: Per-residue decomp adding 1-4 interactions to Internal.
Energy Decomposition Analysis (All units kcal/mol): Generalized Born model

Complex:
Total Energy Decomposition:
Residue,Internal,,,van der Waals,,,Electrostatic,,,Polar Solvation,,,Non-Polar Solv.,,,TOTAL,,
,Avg.,Std. Dev.,Std. Err. of Mean,Avg.,Std. Dev.,Std. Err. of Mean,Avg.,Std. Dev.,Std. Err. of Mean,Avg.,Std. Dev.,Std. Err. of Mean,Avg.,Std. Dev.,Std. Err. of Mean,Avg.,Std. Dev.,Std. Err. of Mean
R:A:SER:1,-2.7132099999999997,4.064084005763168,0.2873741359786924,-3.33606,0.8066671968042336,0.05703998450210169,-183.14309500000002,19.34919167215972,1.368194464186241,92.25752,16.836765760073995,1.1905391242197798,0.652655412,0.17986165376630076,0.01271813950535782,-96.282189588,25.982065749519812,1.8372094880720196
R:A:GLU:2,86.24982,2.7538645132976316,0.19472762718217465,-7.606215,1.2785366474117978,0.09040619333803962,31.995955,8.204782782193261,0.5801657543451483,-156.87211,7.2241136479086485,0.5108219748498493,0.225433764,0.08983063510215379,0.006351985123902725,-46.007116236,11.346046613699981,0.8022866500205921
R:A:VAL:3,44.703590000000005,3.414413600005131,0.24143550103392,-9.148765000000001,0.8303960499514675,0.058717867799120575,-47.414595,2.6389117323197833,0.1865992380876058,0.22837999999999997,0.7070764001152916,0.04999785173384952,0.0015684479999999998,0.0030576866922717902,0.0002162110994849247,-11.629821552000001,4.4510222811954,0.31473480382456837
R:A:ALA:4,81.77139,1.9363648127096298,0.13692166899179983,-6.740045,0.8106717788198872,0.05732315121201032,-71.57264500000001,1.743486713162736,0.12328312777860158,0.325225,1.199618336961802,0.0848258260901419,0.081029016,0.05958339932934125,0.0042131825711923185,3.8649540160000004,2.981455630342441,0.21082074940219525
R:A:HIS:5,115.57012999999999,3.099168881022781,0.2191443331813533,-7.991944999999999,0.8949529663479528,0.06328273113476535,-81.97620500000001,4.972379950584528,0.35160035816943497,-7.972825,3.5713593426558186,0.252533240924586,0.7408617839999999,0.10519476022721921,0.007438392830195963,18.370016784,6.920695371854207,0.4893670627964465
R:A:ARG:6,-189.23561499999997,4.460266678885356,0.3153884814540236,-13.396894999999999,1.3620761520469404,0.09631332836048705,-107.56663999999999,12.140979866567607,0.8584969193899299,134.089295,9.286436370210858,0.6566502130433486,0.17506450800000004,0.05549163918574703,0.003923851436739887,-175.93479049200002,15.981038833290674,1.1300300929425386
R:A:PHE:7,105.06298499999998,2.829693890648775,0.20008957387598936,-13.93913,0.8166063146339244,0.05774278626374033,-80.76354500000001,1.8667891627002233,0.1320019275990885,-3.332795,0.9613370600236942,0.06797679541486933,0.13787164799999999,0.04250306101162239,0.0030054202662503754,7.165386648,3.6173043304400534,0.25578204216696254
R:A:LYS:8,122.274335,3.106653510254241,0.21967357638977655,-7.2816849999999995,0.9290315472442257,0.06569245069926223,-186.23449999999997,8.959809093948374,0.6335541768467792,57.101915000000005,9.210389421070914,0.6512728817008083,1.09094094,0.12213553608226395,0.008636286578762309,-13.04899406,13.252877613012922,0.9371199630396823
R:A:ASP:9,80.414515,7.644445270245252,0.5405439088999847,-5.971070000000001,0.8129318822017009,0.05748296465475663,12.343215,11.514777053368206,0.8142176938287911,-152.68757,12.216024103819539,0.8638033482949112,0.558909144,0.09949307521514482,0.007035222816573212,-65.342000856,18.464280004938335,1.3056217601219076
R:A:LEU:10,68.58005999999999,3.2263589859778463,0.22813803175270883,-9.13965,1.1345050539772839,0.08022162169577475,-75.36434,2.10250190116442,0.14866933517709696,-0.34024499999999996,1.113716465252714,0.0787516464899306,0.11913512399999998,0.05585637118740013,0.003949641883908352,-16.145039876000002,4.166592440769462,0.2946225769308695
R:A:GLY:11,82.37437,2.234397118486327,0.15799573543453635,-4.10351,0.6024845142408226,0.04260208855795687,-82.966225,1.6564110342469347,0.11712594747482301,-1.9428900000000002,0.9153256294346837,0.06472329595671097,0.18630522,0.03097415705291752,0.0021902036493655105,-6.45194978,2.989648138774886,0.21140004722894623
R:A:GLU:12,93.60950999999999,2.8490564894189094,0.201458716365165,-6.805954999999999,0.9746537913408021,0.06891843051662595,-37.57035499999999,12.115916235224432,0.8567246530215381,-106.339725,11.173806031043094,0.7901074016213714,0.45846226799999995,0.08723103933233958,0.006168165944184776,-56.64806273200001,16.754821681696527,1.1847448028699008
R:A:GLU:13,91.968375,2.905555085413974,0.2054537704007279,-5.993915,0.8949268561033354,0.06328088486166261,-25.3198,12.022666059988524,0.8501308698959236,-114.94077499999999,11.429901969587272,0.8082161190992635,0.8097047280000002,0.14081382926333197,0.009957041355694673,-53.476410272,16.86564944468599,1.1925815091452592
R:A:ASN:14,19.037155,5.481955967624604,0.3876328238873419,-8.110289999999999,0.8601665570690364,0.06082296054534011,-83.75851,3.0331885631955027,0.21447882016530206,-4.315035,3.0249949361569186,0.21389944324115245,0.302379228,0.08951979183308692,0.006330005185558388,-76.84430077200001,7.010746661638819,0.49573465056257593
R:A:PHE:15,113.09397999999997,3.5467683430976993,0.25079439467021586,-15.134715000000002,0.8421042653822625,0.05954576365179138,-86.52032,1.4968485820549786,0.10584317827805437,-0.64782,0.5808512783837185,0.041072387780600246,0.000473112,0.0016917667636692712,0.00011962597507765609,10.791598111999999,3.983296627248564,0.2816616056604963
R:A:LYS:16,120.29778,3.5170115611979442,0.24869027244345526,-9.845460000000001,1.0012491040695117,0.0707990031144507,-187.05792499999998,16.638212923549663,1.1764993185067618,61.673165,14.779767048494879,1.0450873504348213,0.393502536,0.09849939475810349,0.006964958997622565,-14.538937464,22.553341559908983,1.594762075542803
R:A:ALA:17,86.664515,2.210412683137472,0.1562997797467258,-7.061824999999999,0.5872314998150219,0.04152353756455488,-77.27720000000001,1.3670832710555711,0.09666738514100813,0.21620999999999999,0.5640670136606111,0.0398855610403063,0.101786436,0.03502725857342969,0.002476801206364677,2.643486436,2.723798861680717,0.1926016645682634
R:A:LEU:18,81.18965,3.170679056211776,0.22420086616135093,-11.92077,0.8717524402604216,0.06164220620240648,-84.29977,1.6368642482197477,0.11574378097980037,0.15761,0.632437576287178,0.0447200898869848,0.015548327999999998,0.015087756110688426,0.0010668654658756555,-14.857731672,3.7272895634743017,0.2635591725778525
R:A:VAL:19,53.887294999999995,3.384160888311163,0.23929631127511136,-10.087169999999999,0.8834180839783619,0.062467091780392656,-56.979715,3.081902140525393,0.21792339025188415,-0.491975,0.4443742728545387,0.031422006172028547,0.027217475999999997,0.016244611571072542,0.001148667499964685,-13.644347524,4.682822398365124,0.3311255472976231
R:A:LEU:20,73.447935,3.119147125541692,0.2205570083989058,-11.631985,0.8374816026486791,0.05921889203518586,-74.95047000000001,1.4401842899781958,0.10183640776019154,-1.9582650000000001,0.5420583407484844,0.038329312854198154,0.020146932,0.018129288737117513,0.0012819343004104693,-15.072638068000002,3.577532799365383,0.25296977023485545
R:A:ILE:21,77.61191,3.2679356866223666,0.23107794844921917,-11.321209999999999,1.1122076811009713,0.0786449593394262,-65.426795,1.2619397620231323,0.08923261631754949,-0.32093000000000005,0.4446520832066347,0.031441650330413635,6.688800000000001e-05,0.0003638505520897282,2.5728119272111595e-05,0.5430418880000002,3.70224487956459,0.26178824599532946
R:A:ALA:22,87.57309000000001,2.1709514116856696,0.1535094464829445,-7.582635,0.6420113564221431,0.045397058372487094,-76.23657,1.5128462661817295,0.10697438537098496,0.12902500000000003,0.8160992000823183,0.05770692784991243,0.033012216,0.01707198334126835,0.0012071715188914623,3.9159222160000002,2.842573094181609,0.20100027109142424
R:A:PHE:23,97.184355,2.763152026033855,0.19538435350578864,-15.279225000000002,0.8215557098426132,0.05809276135522394,-76.788555,1.3316436110968282,0.09416142275303088,-1.3960650000000001,0.49567902999320035,0.0350498003400162,0.000773676,0.0022825783801271753,0.00016140266511777306,3.7212836760000005,3.2138669109445184,0.2272547086559931
R:A:ALA:24,90.007665,2.2502005161262852,0.15911320439823654,-9.02942,0.5446208806132942,0.03851051178574494,-76.64550000000001,1.1630813600088343,0.08224227167339189,-0.17704999999999999,0.6907734632279963,0.04884506001122324,1.4328e-05,0.00015027314203143555,1.0625915776063728e-05,4.155709328,2.6814064437263174,0.18960406794761836
R:A:GLN:25,32.925255,2.9479327044515453,0.2084503205799286,-12.992795000000001,0.8787125599278754,0.062134360983879124,-76.59436,1.4874342541436918,0.1051774847674159,-5.0105900000000005,0.863840333568652,0.0610827357728843,0.020920356,0.01006707751123751,0.0007118498774926635,-61.651569644,3.5243758484729772,0.2492110061905334
R:A:TYR:26,85.94325500000001,3.258757740301509,0.2304289696411347,-13.932245,1.0873728316336584,0.07688887029261779,-79.067295,2.079515935975245,0.14704398199135862,-3.56399,0.8503612761056326,0.060129622479273885,0.029596248,0.022051049801895962,0.001559244684720291,-10.590678751999999,4.104859164651373,0.29025737511407323
R:A:LEU:27,69.77525,3.3903558172410158,0.23973435890063813,-10.39504,1.0720758361235458,0.0758072093669197,-73.6793,1.5195853842413727,0.107450912978904,1.01273,0.5118445341116773,0.036192874098363616,0.00464886,0.0076281307151621364,0.0005393902956468535,-13.28171114,3.900646346617212,0.27581734827035626
R:A:GLN:28,30.792235,2.9526987993655904,0.2087873343832786,-10.518745,1.1407566918387986,0.08066367924831472,-81.053985,2.5197442855922905,0.17817282711983612,-3.983665,1.050746302765325,0.07429898359920545,0.074744532,0.023994597188304205,0.001696674238368957,-64.689415468,4.18013287205015,0.29558003000874594
R:A:GLN:29,27.845045,3.2643396764085386,0.2308236721284778,-7.244414999999999,1.0084961838177673,0.07131144903782982,-67.66637,3.3262693521571585,0.2352027614963311,-11.83082,2.8119319973285273,0.19883361835464344,0.565973316,0.14597936780861923,0.010322300089079984,-58.330586684,5.537627417249721,0.3915693898421824
R:A:CYS:30,96.22762999999999,3.8333384957631913,0.2710579644937592,-7.559785000000001,0.9409937719108454,0.06653830771724661,-73.183105,4.158960202259093,0.294082896170238,1.1641599999999999,0.8231651926557634,0.05820656897636211,0.020303496,0.029009896201268696,0.002051309432543496,16.669203496,5.792697624969528,0.4096055771979161
R:A:PRO:31,82.20220499999999,2.398307264087527,0.16958593298052463,-7.021554999999999,0.7497934095302519,0.05301840043678232,-56.340445,1.9100682257382846,0.1350622194948498,-4.25806,1.1679286735070766,0.0825850284979063,0.470896884,0.05722530790734589,0.004046440327677244,15.053041883999999,3.3659709801467517,0.2380100905338898
R:A:PHE:32,93.03657500000001,2.9071839904579484,0.20556895138097825,-12.321444999999999,0.9037860515492591,0.06390732457922957,-69.554885,1.9654275519018753,0.1389767149880691,-5.136655000000001,1.397880218750877,0.09884505819652795,0.211520376,0.08423774746560726,0.0059565082464810805,6.235110376,3.8849219486622997,0.2747054654279568
R:A:GLU:33,94.760355,2.8857574359212865,0.20405386517994456,-5.55573,0.8754547087656791,0.06190399611899057,-31.193355,13.285598845704135,0.9394337035921562,-115.12426500000001,13.672792060686618,0.9668123983865096,0.9150097679999999,0.0897012441858895,0.006342835804471283,-56.19798523200001,19.30166942684061,1.3648341339940058
R:A:ASP:34,88.00362500000001,4.075964555093064,0.28821421767823147,-7.34152,0.9163245274464719,0.0647939287124959,-25.957220000000003,9.946107111910669,0.7032959785239781,-117.207425,8.657746675918336,0.6121951384337145,0.358813116,0.08293783961215859,0.005864590880671959,-62.14372688400001,13.832629560759209,0.9781146164054331
R:A:HIS:35,120.37653999999999,2.8460489943779956,0.20124605435138349,-13.512129999999999,1.0087689344443553,0.07133073541959314,-93.04745500000001,2.002943775540142,0.14162951260198206,-6.486490000000001,1.2343955078904005,0.08728494342955147,0.0021699,0.005321059029892452,0.00037625569231308645,7.3326349,3.8279438335801377,0.27067650427257445
R:A:VAL:36,63.050895,3.3410746645316087,0.236249655174087,-7.104669999999999,0.8232417087951752,0.05821197948446694,-61.541385,2.6778642509983586,0.18935359709779742,-2.2534899999999998,0.8236960118271788,0.05824410355993127,0.438323436,0.106103836877498,0.00750267425659901,-7.410326563999999,4.4386030365363975,0.3138566306130088
R:A:LYS:37,121.243735,3.323854635024673,0.23503201521042832,-6.874095,0.9438459757688222,0.0667399889861768,-184.44981500000003,12.380604648835815,0.8754409502381499,58.90714,11.141157033737564,0.7877987688820032,0.9992688479999999,0.10221187103779726,0.007227470712859132,-10.173766152,17.010410155211016,1.202817637151422
R:A:LEU:38,75.34074,2.8790330863677127,0.20357838186310448,-11.273049999999998,0.8892721166774543,0.06288103440227426,-80.534865,1.606222421327445,0.11357707662145121,-1.9692250000000002,0.6369965811328975,0.04504246021117186,0.065873412,0.03725485097484965,0.002634315775641045,-18.370526588000004,3.4737212675992235,0.24562918642713405
R:A:VAL:39,48.608165,2.632747879644954,0.18616338788514514,-8.935325,1.0514152554414455,0.07434628569656322,-54.657095,1.7544453670533604,0.12405802162647525,-2.19005,0.6871929987274318,0.048591882938408555,0.061852212,0.030094511753152867,0.0021280033337152645,-17.112452788,3.404123070669253,0.24070785072638015
R:A:ASN:40,23.144955,6.283516139310457,0.4443116871801539,-7.22754,0.8050263712450667,0.056923960614138576,-84.894365,6.64811838581226,0.4700929592738813,-10.818589999999999,4.310933156742284,0.3048290068374399,0.592861716,0.07635119689763706,0.005398844907802845,-79.202678284,10.14485558252643,0.7173496176562641
R:A:GLU:41,110.755635,2.921906328371086,0.2066099778783082,-7.52943,1.0554378499466466,0.07463072608182236,-23.60527,12.059312790001758,0.8527221850259907,-134.567335,11.470146144787128,0.8110618120179713,0.569554236,0.08673867032828382,0.006133350198023387,-54.376845764,16.93074974103865,1.1971847952460812
R:A:VAL:42,59.86655499999999,3.3197266569666546,0.2347401230826869,-9.598424999999999,0.8194374133361253,0.0579429751727938,-63.46521500000001,2.9363543602186373,0.20763160800772845,-1.8185749999999998,0.5093883335678194,0.036019194492312015,0.027578448,0.031782459752726755,0.002247359281394161,-14.988081551999999,4.535937199658735,0.320739195291501
R:A:THR:43,36.530590000000004,3.0634751446519037,0.21662040487798007,-8.826215000000001,0.9659821938188095,0.0683052559754738,-53.028265000000005,2.163142289535064,0.15295725816016378,0.275605,0.9181969336558471,0.0649263278252744,0.039103128,0.029605986951311315,0.002093459413699267,-25.009181872,3.9800940000065776,0.28143514571645417
R:A:GLU:44,88.82240999999998,2.912649639400524,0.20595543112406628,-6.398319999999999,0.9681281927513525,0.06845700101523583,-4.53455,15.180656290407871,1.0734345005809625,-135.84509500000001,14.921545468079872,1.0551125986262673,0.7006203,0.12611729047044262,0.008917839131652353,-57.25493469999999,21.50677916969277,1.5207589392371343
R:A:PHE:45,93.960195,3.079775303001016,0.21777300012828724,-11.796605,0.9980934520249093,0.07057586481847034,-70.275705,1.5245926826451055,0.10780498244457441,-2.9779050000000002,0.6376114459253378,0.0450859377175966,0.30786400799999997,0.09233980954307376,0.006529410550138173,9.217844008,3.6360231435355925,0.25710566213452446
R:A:ALA:46,100.71529500000001,2.2670958003522923,0.16030788140286492,-8.06844,0.7629388942765993,0.05394792657739498,-81.66846,1.4315654118481627,0.10122696104299485,-1.612165,0.5955021727710151,0.04210836245777078,0.00024624,0.001490918692350458,0.00010542387175587888,9.366476239999999,2.8505795399161458,0.20156641229863353
R:A:LYS:47,140.516625,3.374589952034914,0.23861954388078738,-7.879045,1.1536704698374662,0.08157682124767426,-216.74147499999998,14.950151688841656,1.057135363894745,68.27631,13.684713398675912,0.9676553642798142,0.764024076,0.10739398292905904,0.007593901358776997,-15.063560924000003,20.579328528603515,1.455178275484132
R:A:THR:48,41.403155,3.273774112698523,0.2314907875162098,-5.7504,0.9253267260811178,0.06543048028251053,-59.35835,3.053785065701252,0.21593521282435618,-3.2612149999999995,0.9928252609472625,0.07020334745491129,0.5067050759999999,0.08278930598460059,0.005854087967143909,-26.460104924000003,4.6788872380551565,0.3308472894435997
R:A:CYS:49,89.41299500000001,2.108639640852604,0.14910333891256425,-8.615325,0.8044892102290745,0.05688597759443886,-74.28098,1.3964180998540514,0.09874167077784332,-3.89717,0.8432055983566522,0.059623639653244916,0.025590383999999994,0.033611114835990545,0.0023766647223768685,2.645110384,2.7849008819149232,0.19692222985344388
R:A:VAL:50,47.205185,3.1329882366161224,0.22153572274889438,-6.2014249999999995,0.8508393881191679,0.060163430103967644,-48.6288,2.4472665445349433,0.17304787690116283,-4.29872,1.2461816527296492,0.08811834972353942,0.43481775600000006,0.07195548806972032,0.005088021355768696,-11.488942244,4.252858191735689,0.3007224866801064
R:A:ALA:51,80.34469500000002,2.2207138879141994,0.1570281849219273,-3.25838,0.3996639783618234,0.02826051092956389,-68.01449000000001,1.187196323233862,0.08394745707584002,-3.793365,0.7219176973693054,0.05104728992684137,0.672415812,0.03431199396772878,0.002426224361061293,5.950875812,2.6501092528761983,0.18739102235939747
R:A:ASP:52,109.87416999999999,3.097052774994317,0.2189947018891096,-3.89214,1.2163482356627973,0.08600880857214567,-24.883899999999997,5.983800935860082,0.42311862190170735,-147.68804,4.927363046133296,0.3484171823288857,0.590789592,0.06655351500768637,0.004706044177373569,-65.999120408,8.435665268386357,0.596491611509583
R:A:GLU:53,99.83145,2.958504265249587,0.20919784281273074,-5.764225,1.3983898899716773,0.09888109739416831,8.260810000000001,10.327816569532013,0.7302869131166873,-155.76337999999998,10.768724615552207,0.7614638200387462,0.717595596,0.2474123907647634,0.017494697925934014,-52.717749404,15.277391125531837,1.0802746863702744
R:A:SER:54,66.43721500000001,5.4315325644586725,0.38406735085642857,-2.078175,0.9281065587393508,0.06562704413483057,-65.61868,5.744849599214936,0.4062222108501701,-4.613389999999999,1.5041892294189585,0.1063622404309913,0.7437982320000001,0.04461069930546008,0.0031544527992364824,-5.1292317679999995,8.101283852152234,0.5728472748173921
R:A:ALA:55,90.05573,2.356658600030985,0.1666409277023505,-3.9639499999999996,0.6364923860502968,0.045006808234977075,-74.118765,2.818911318182075,0.19932713086500545,-5.165825,1.7398600674695075,0.12302668520233728,0.336665016,0.07587696633154323,0.005365311742889757,7.143855016,4.115591537406219,0.2910162684693906
R:A:GLU:56,94.29151,3.2521045431996805,0.22995851756240734,-3.99592,0.9840175778917774,0.06958055021340374,12.482864999999999,7.356623683917439,0.5201918493535581,-156.23895000000002,6.730706788109255,0.4759328412050381,1.078256988,0.11671212823361185,0.008252793732070085,-52.38223801200001,10.534724589122005,0.7449175194900836
R:A:ASN:57,13.474815,3.87272123199889,0.2738427444791536,-6.76822,0.9911995316786626,0.07008839103589125,-72.43197500000001,4.879677293056887,0.34504529039225407,-9.654855,3.1600086082121672,0.22344635154746875,0.419453316,0.11324583343228192,0.008007689676108877,-74.960781684,7.056215399172192,0.4989497758267598
R:A:CYS:58,88.51391,2.2471990881762123,0.1589009713925626,-7.73492,0.6876739297079685,0.04862588989417057,-81.96474500000001,1.7517824322600677,0.12386972370145577,0.11991500000000002,1.209138101200603,0.08549897507499724,0.03148956,0.04361293495009938,0.003083900205066305,-1.03435044,3.1710342005952823,0.22422597866153868
R:A:ASP:59,105.66378999999999,8.612219628870363,0.6089758900642125,-4.716114999999999,1.210931720525563,0.08562580311375187,-7.74172,14.590179338568804,1.0316814749029857,-152.286635,15.195006643360674,1.0744492237694971,0.664805592,0.11146490519956824,0.007881759033093036,-58.415874408,22.790582858192572,1.6115375686221856
R:A:LYS:60,136.332975,3.507422880745206,0.24801225034637905,-7.52994,1.0648287451041132,0.07529476264654801,-237.705795,15.721083324089818,1.111648462606266,93.783475,13.520139175665872,0.9560182093699237,0.6248576880000001,0.13133433787915275,0.009286740091699415,-14.494427312000001,21.057059349335347,1.4889589457762613
R:A:SER:61,74.72669,6.514161410642202,0.4606207707208827,-5.293855000000001,0.8878688382722979,0.06278180763465639,-74.723315,7.1165010479711865,0.5032126149341598,-1.182685,2.538851105475664,0.17952388331048044,0.391616532,0.05892398011927042,0.004166554591683742,-6.081548468000001,10.015809208189724,0.7082246610181618
R:A:LEU:62,70.539725,3.172817393008145,0.22435206940626823,-9.15934,1.0519605859536754,0.07438484638688178,-75.96347,2.2879270331677977,0.16178087200129687,2.101945,0.8323338945249076,0.058854894102997074,0.046935144,0.022813190452754827,0.0016131361669643142,-12.434204856000001,4.13537199614601,0.2924149581203793
R:A:HIS:63,121.07122500000001,2.833263858939897,0.2003420087547167,-11.50459,0.8835204988567046,0.062474333605889706,-101.76856,2.058092234667825,0.14552909754409943,-2.497175,1.3474111638156336,0.09527635709804926,0.18376167599999998,0.05700616676511256,0.004030944708906229,5.484661676000001,3.8551916632119925,0.27260321678310445
R:A:THR:64,40.512085,3.8232106517657383,0.27034181777681937,-8.03369,0.7857997797785388,0.05556443529363004,-47.094645,2.754730462127829,0.19478885901117396,-4.51964,1.284202336238336,0.09080681803697341,0.24368651999999996,0.07838740074450741,0.005542826262602861,-18.89220348,4.94755304424778,0.3498448307867752
R:A:LEU:65,64.333265,4.747020744085178,0.335665055857584,-10.014925,1.0312610675163687,0.07292116940145023,-67.47478,3.601577415744385,0.2546699813641176,-0.49729999999999996,0.7707126312705664,0.05449761279175447,0.109282392,0.08700859270320338,0.006152436592193346,-13.544457608000002,6.096772397831018,0.43110691058572803
R:A:PHE:66,101.09568499999999,3.296929972834576,0.23312815408885085,-13.510810000000001,1.0779598665534817,0.07622327314869128,-83.050215,1.1344234874045054,0.08021585406810178,0.46832499999999994,0.5424127942582108,0.038354376502232446,0.066467484,0.024676766926891858,0.0017449109231765154,5.069452484,3.6896452337116314,0.26089731649301184
R:A:GLY:67,75.41671500000001,1.8320377298994144,0.12954463022014845,-5.47204,0.7436803065834137,0.052586138782002245,-79.16394999999999,1.961662121136053,0.13871045882520897,2.198745,0.6481771671194536,0.04583304702804517,0.028093895999999993,0.012255265735788189,0.0008665781507018972,-6.992436104000001,2.859689624974755,0.20221059259084642
R:A:ASP:68,110.75370500000001,3.660842923149667,0.25886068558179126,-7.8925149999999995,0.7947582398283141,0.05619789407864853,-17.403855,9.139927515247317,0.6462904725584889,-145.37099999999998,8.274977891209137,0.5851292981042737,0.43104016799999995,0.08447309393164533,0.005973149754687461,-59.482624832,12.886197319431492,0.9111917508277919
R:A:LYS:69,127.59566500000001,3.5291597247468127,0.24954927732589208,-8.831625,1.3808059111891866,0.09763772233043436,-216.65122,8.88621112576108,0.6283500146081004,86.04226999999999,7.722622930526907,0.5460719042722304,0.34097972400000004,0.09276458707276944,0.006559446857312521,-11.503930276,12.368259849084058,0.8745680410764642
R:A:LEU:70,64.06696,3.7289839109870124,0.2636789810394449,-11.155925000000002,1.0641228403596081,0.07524484764337688,-75.649705,2.2655783473486415,0.16020058127196357,0.7863849999999999,0.5291009986524312,0.03741309040797084,0.005160132,0.00818023954731009,0.0005784302855633338,-21.947124867999996,4.522227156926557,0.31976974887287296
R:A:CYS:71,98.75157500000002,2.07483324977575,0.14671286607477543,-7.536759999999999,0.6707183853153275,0.04742695185229597,-90.90766500000001,2.022953885479103,0.14304444104499484,-0.5298,0.9806482294890457,0.06934230130302858,0.14934495599999997,0.0376415678416676,0.0026616607875336634,-0.07330504400000029,3.132128098781973,0.22147490181936616
R:A:THR:72,47.92693,4.105477606211,0.29030110553613125,-5.06668,0.7770826967575588,0.05494804444199994,-56.621905000000005,2.7385639769731505,0.19364571588309148,-4.56625,1.0371923628237918,0.07334057531476011,0.6196682880000001,0.06763066237622294,0.004782209998236514,-17.708236711999998,5.102830435421938,0.3608246004131955
R:A:VAL:73,40.75929,3.0398003694157287,0.2149463454667234,-7.384859999999999,0.8558464058462827,0.06051747972280405,-43.91089,2.044664218863332,0.1445795934407757,-0.3441,0.5809445756696588,0.04107898489495571,0.20581844400000002,0.0812435148510825,0.005744784027863041,-10.674741555999999,3.8075724855746813,0.2692360324409175
R:A:ALA:74,91.72956,2.2664764672063114,0.16026408793613123,-7.653125,0.6608146861072323,0.04672665456540837,-79.86942,1.134524126495334,0.08022297032645952,-1.18507,0.46704664124688877,0.03302518471560757,6.5412e-05,0.0005477495660025665,3.873174325124031e-05,3.022010412,2.660614493778569,0.18813385506740393
R:A:THR:75,42.85434,4.058571259002361,0.2869843259169393,-6.472555,0.7039690454664893,0.049778128579477554,-53.200975,3.3819903495390102,0.23914283100664963,-2.921215,1.2620955505725389,0.08924363223152114,0.51142806,0.04956974796420494,0.003505110492719737,-19.228976940000003,5.477296243991029,0.3873033316693663
R:A:LEU:76,76.04625999999999,4.203942445181665,0.2972636210705911,-6.588094999999999,0.8817730240685525,0.062350768478624224,-74.08572,2.8219457828951993,0.19954169992259763,-1.3599900000000003,0.8366977589906643,0.059163465918588634,0.6871480200000001,0.06853259110216978,0.00484598599006291,-5.30039698,5.207570797014495,0.36823086240779834
R:A:ARG:77,-192.820095,3.5926639901297475,0.2540397069945464,-6.650819999999999,1.1918198175898906,0.08427438749703257,-53.482445,6.079450420636309,0.4298820618319343,73.56198,4.6848021003666735,0.3312655333686256,0.9738962280000001,0.050080403194822785,0.003541219270361563,-178.41748377200003,8.557877377418663,0.6051333126135684
R:A:GLU:78,100.11390999999999,2.627434125130448,0.18578764870006834,-3.95963,0.720832659568086,0.050970566168132767,-22.979595,5.220357185190971,0.3691349965864453,-135.54442,5.343201004416734,0.3778213663465844,1.233797616,0.0825371375096165,0.005836256963277638,-61.13593738400001,7.951839302868442,0.5622799493963984
R:A:THR:79,37.7511,3.316216906355795,0.23449194623696568,-5.688125,0.7789365117742266,0.05507912895893506,-44.044250000000005,2.6040220865998815,0.18413216757943193,-6.857159999999999,1.29707099435613,0.09171676957895976,0.554783544,0.10742184085829876,0.007595871211844518,-18.283651456,4.480948594122498,0.31685091370523444
R:A:TYR:80,79.208905,2.8617783240452077,0.20235828591850394,-13.391605,1.0815131617206515,0.07647452905951758,-74.526255,1.6463664628432517,0.11641568901945734,-5.56241,1.0448785823721338,0.07388407311119224,0.18448596000000003,0.0611979555078501,0.004327348933435343,-14.086879040000001,3.6284273268984375,0.2565685567892463
R:A:GLY:81,79.441565,1.7023015525385035,0.12037089714243636,-4.006235,0.6226782875410062,0.04403000396178724,-79.839,1.7242681433002238,0.12192416967115259,-1.0430149999999998,1.1889805569373286,0.0840736214509343,0.19413547199999998,0.03359495769150508,0.00237552223973384,-5.252549527999999,2.770101594076884,0.19587576217474298
R:A:GLU:82,93.11482,2.82050791659942,0.1994400274217791,-5.993665000000001,0.8557256001633935,0.060508937471046374,-3.4047949999999996,6.365894056059604,0.4501366855354882,-139.90176499999998,6.232073297850001,0.4406741289761346,0.87935382,0.07574834698797592,0.005356216981886936,-55.306051180000004,9.383848557238997,0.6635382948451295
R:A:MET:83,84.40977000000001,2.9153102797301016,0.20614356680600054,-11.89908,0.964838242193996,0.0682243663803483,-70.95859,1.6447528087527312,0.1163015864444677,-0.6254850000000001,0.6817153876618893,0.048204557345493795,0.058948596,0.041175542827304464,0.0029115505552224094,0.9855635960000001,3.5498718227144668,0.2510138438184449
R:A:ALA:84,87.61636,2.156604500227151,0.15249496664480436,-7.370335,0.5582807204041709,0.039476408320350015,-76.04412,1.4762782751229528,0.10438863792578196,-1.5313299999999999,0.8502446536732824,0.06012137602799855,0.092579076,0.026088999451336265,0.001844770842641199,2.763154076,2.8045702854033396,0.19831306671229923
R:A:ASP:85,84.21603,3.4146856808643458,0.2414547400559782,-5.541875,1.2210960893291731,0.08634453252450325,-35.273520000000005,5.872774978628076,0.4152679011770594,-111.57372,5.2419697511145555,0.37066323577878607,0.463169916,0.05301389150042227,0.0037486482177036457,-67.709915084,8.667277384067445,0.612869061269889
R:A:CYS:86,87.77081,2.2727356366062454,0.1607066780488601,-8.951550000000001,0.6907018296631333,0.048839994753275724,-78.55973,1.1658251314412467,0.08243628561198035,0.42381500000000005,0.4900048987255127,0.03464857867034375,0.0009536040000000001,0.0035081692971668283,0.00024806502995771085,0.6842986039999996,2.691033562876319,0.19028480807104406
R:A:CYS:87,84.26953999999999,2.1044588754356783,0.1488077141548784,-7.932695000000001,0.5316113824731371,0.037590601350271056,-72.75866,1.3982302651566374,0.09886981021525226,-2.82366,0.841077311785308,0.059473147066554335,0.152959284,0.032982707333039596,0.0023322296017083567,0.9074842839999997,2.715677557840403,0.19202740166650717
R:A:ALA:88,101.34548,2.567896870904281,0.18157772908041334,-3.7396550000000004,0.5186395915999857,0.036673357221217145,-80.65163,1.5166393352079461,0.1072425958539796,-3.6935349999999993,0.8430426435092118,0.05961211700547968,0.659255292,0.04187465934024939,0.0029609855579366944,13.919915292,3.142570703189485,0.2222133054583462
R:A:LYS:89,133.93343000000002,3.7563159884519832,0.26561165077138466,-7.318225,0.9688490307447285,0.06850797195856113,-197.03385000000003,8.872337528379994,0.6273690031293386,56.400574999999996,8.830622350342868,0.624419294602493,0.807228756,0.09506101165843156,0.006721828597013041,-13.210841244,13.105566724002726,0.9267035101835094
R:A:GLN:90,29.96647,2.962379399924999,0.20947185621343023,-6.3228800000000005,0.942672766976961,0.06665703059692953,-78.20912,5.266419840422904,0.37239211817384105,-10.983875000000001,3.7998429795683664,0.2686894738296888,0.931773312,0.06841743649525796,0.004837843329719688,-64.617631688,7.200207580708462,0.5091315606269738
R:A:GLU:91,102.31779,3.2493144424478215,0.22976122764622403,-6.664035,1.332919256284866,0.09425162448931583,3.87307,10.269618339310377,0.7261716767924098,-141.653795,9.232098441469036,0.6528079412544512,0.463474584,0.10225655928749286,0.007230630649299043,-41.663495416,14.249276366246368,1.0075759945574014
R:A:PRO:92,77.55263,2.2043940126710564,0.1558741954766728,-4.63213,0.9355272433766961,0.06615176577764194,-53.94118,1.4821357959377408,0.10480282719468975,-5.6169,1.2312983756994076,0.08706594311210324,0.7318165679999998,0.12284857156737548,0.00868670580143721,14.094236568000001,3.0761141339905036,0.2175141163848469
R:A:GLU:93,101.67289000000001,3.1251827495204174,0.22098379146331068,-6.093910000000001,0.9852288322516753,0.06966619883056631,-8.112874999999999,11.289744813297377,0.7983055115348228,-136.64018,11.102017565181564,0.7850311905192047,0.738946044,0.10301278958997499,0.007284104206801431,-48.435128956,16.16976149086912,1.1433748000362653
R:A:ARG:94,-199.269085,4.039653869798128,0.28564666449807347,-13.700629999999999,1.2798030524654955,0.09049574169815947,-62.897110000000005,9.14825310252728,0.6468791804807912,99.967935,7.025135899096544,0.4967521233008219,0.1354977,0.0531804949116309,0.003760428857887089,-175.76339229999996,12.288311382553303,0.8689148307935279
R:A:ASN:95,29.13151,2.8495571006561704,0.20149411492522554,-7.98905,1.0936199054058957,0.07733060511530995,-102.37529999999998,3.2389702653775623,0.22902978387100656,-2.57943,1.7005118244516852,0.12024434425576945,0.140407668,0.06286005713123856,0.004444877266327258,-83.671862332,4.764724587978044,0.33691690666455537
R:A:GLU:96,98.64555,2.9004471495788366,0.20509258479403877,-6.196935,0.7405838242731203,0.05236718441805898,-9.70928,8.362437196272388,0.5913136048730826,-139.957445,7.8151420247475345,0.5526139921634947,0.916329348,0.08971473740972827,0.0063437899194789295,-56.301780652,11.831141429758944,0.8365880334159654
R:A:CYS:97,84.17704499999999,2.066215219422943,0.1461034793044813,-7.148305000000001,0.781718300908326,0.05527583115499033,-72.09895999999999,1.726646161898842,0.12209232097883965,-2.5599250000000002,1.153220785181658,0.08154502374072252,0.154568844,0.0579797658458575,0.0040997885601214016,2.524423844000001,3.0323119292006466,0.21441683278106394
R:A:PHE:98,100.19291,2.8588395183885367,0.20215048097766178,-15.006484999999998,0.8673518315971899,0.061331036179694536,-74.75514,1.3430263736799815,0.0949663056141493,-1.9044299999999998,0.6890526069176431,0.0487233770945734,0.009368676,0.010046059486854733,0.0007103636787358429,8.536223675999999,3.347219271348415,0.23668414448887584
R:A:LEU:99,68.12554,3.131158523358407,0.22140634248367863,-10.051445000000001,1.0377341118875296,0.07337888275842716,-71.082185,2.0401954418082107,0.144263603184847,-1.37935,1.0052165923322198,0.07107954689993459,0.149733072,0.050418010108480245,0.003565091684163828,-14.237706928000001,4.007049488014005,0.2833411865524786
R:A:GLN:100,28.832510000000003,3.02652388886987,0.2140075565242966,-6.08991,0.7761625679585431,0.054882981510665035,-70.34675999999999,2.8291395975455154,0.20005037943478138,-13.301754999999998,2.34711029246071,0.16596576039917088,1.074851856,0.07662133342563064,0.005417946444881891,-59.831063144,4.825049595383546,0.34118252884571126
R:A:HIS:101,108.6324,2.880909821566791,0.20371108708168045,-9.515070000000001,1.0008696893701998,0.07077217444377416,-76.313845,1.993034257351087,0.14092880385100484,-6.880075,1.359053317340788,0.09609958166857441,0.43211347199999994,0.06857734765859361,0.004849150756517894,16.355523471999998,3.889125333293064,0.2750026896055917
R:A:LYS:102,123.704555,3.46048426047208,0.24469318867691228,-11.329140000000002,0.8826472344034166,0.0624125844842208,-188.019345,4.928822702834318,0.34852039564403536,65.0835,4.580013341683625,0.3238558491829351,0.14194296,0.035363720822786736,0.0025005926801780413,-10.41848704,7.6174197400498045,0.5386329153333484
R:A:ASP:103,94.95266,2.8091065420165178,0.1986338284935373,-6.440370000000001,1.1930865237274286,0.08436395714699495,-82.192225,7.101863773994471,0.5021776033654577,-79.659515,6.191132445665736,0.4377791735554296,0.22830541199999999,0.04362782251552621,0.0030849529149131723,-73.111144588,9.903687617677944,0.7002964673213318
R:A:ASP:104,73.11014999999999,2.712205382617622,0.19178188180195752,-7.011914999999999,1.0747064193420452,0.07599321969014736,-53.85804999999999,5.391294833108277,0.38122211358668584,-75.39332,5.105072147149342,0.3609831133695868,0.14716511999999998,0.05066565628784847,0.0035826029134404494,-63.00596988,7.97755855754767,0.564098575335473
R:A:ASN:105,27.85775,3.0287893468348046,0.21416774859324644,-6.30544,0.8638209457983755,0.06108136485050084,-83.24604500000001,3.3910270380778442,0.23978182138117765,-3.8750999999999998,2.3039089456834008,0.16291096387290818,0.36214128,0.10269194452174717,0.0072614170344560145,-65.20669371999999,5.170817921020297,0.36563204162343776
R:A:PRO:106,79.92496,2.6506558185475533,0.18742967038865538,-7.499700000000001,0.7890646995018848,0.055795299981270814,-57.128745,1.5405548448448696,0.10893367775795969,-0.6410300000000001,1.0504421207758188,0.07427747468445597,0.16935786,0.03218103441320058,0.002275542765917178,14.824842859999999,3.3356218110647533,0.23586408020776398
R:A:ASN:107,24.91904,3.4098016010319423,0.24110938345904329,-3.589145,0.5943999276371086,0.04203042195689926,-80.549445,4.697967095135406,0.33219643907615115,-13.118255,3.388217839805316,0.23958318106635743,1.046154492,0.06563595141070429,0.004641162633213974,-71.291650508,6.747983496381908,0.47715448896265555
R:A:LEU:108,81.30440999999999,3.2927473137032544,0.2328323954253359,-7.856099999999999,0.9713219239778335,0.06868283191598902,-72.462445,2.061868634752224,0.14579612935491465,-3.859655,1.2301999089477287,0.08698826978320122,0.22719546000000002,0.053383829997867324,0.003774806819720182,-2.6465945399999997,4.189653335080987,0.29625322840566004
R:A:PRO:109,95.95273500000002,2.4735958673103813,0.174909641169019,-3.26821,0.7011968952441247,0.04958210795740737,-69.89564,2.982525703225372,0.21089641498138367,-2.676455,1.0488721647441122,0.07416646202883753,0.7630288199999999,0.06701603509343418,0.004738749286280295,20.87545882,4.075590403611438,0.28818776117324657
R:A:ARG:110,-193.22929499999998,4.3637545402984115,0.3085640426878592,-4.79761,0.9295508904304272,0.06572917380813484,47.26937,8.250006637760965,0.5833635638394807,-14.24202,6.740552260727602,0.47662902125028006,1.5319798199999999,0.21139195613840656,0.014947668567375649,-163.46757518,11.552002398185994,0.8168499232040576
R:A:LEU:111,74.402105,3.8507281952865755,0.2722876019393374,-5.44795,1.215921308103448,0.08597862023491654,-80.395425,3.0954660431629675,0.21888250300532244,-2.14558,1.78882555147225,0.12648906778057933,0.6948887039999999,0.22838120145584745,0.016148989624496075,-12.891961296,5.398197579991717,0.3817102114996953
R:A:VAL:112,68.70225,3.3219605216648795,0.2348980811703237,-3.4666300000000003,0.7400923206600647,0.05233242986428205,-63.825345000000006,2.893535857039791,0.20460388261192647,-4.929914999999999,1.3903842806127376,0.09831501532764463,0.9265951079999999,0.09922988820671892,0.007016612684735397,-2.5930448920000004,4.679607154993195,0.3308981952584775
R:A:ARG:113,-180.31456500000002,4.559352483168524,0.3223949058668188,-5.85134,1.4806177374325893,0.1046954842483667,22.475775,12.242207802286929,0.8656548153691948,5.524965,10.393959887539253,0.7349639519859971,0.9853130880000001,0.28868825725241587,0.020413342435210976,-157.179851912,16.7621394481194,1.185262247095976
R:A:PRO:114,84.30529999999999,2.427427663185867,0.1716450561478541,-5.789965,0.7229104396638631,0.05111748740768661,-65.033435,2.1745643186107415,0.15376491758159594,-1.844275,1.5718617303614844,0.1111474088626226,0.36657989999999996,0.1340977261220234,0.009482141148257918,12.004204900000001,3.6922169544971344,0.2610791646136866
R:A:GLU:115,103.43827000000002,3.2286522725589397,0.22830019160197834,-5.25539,1.014975742518017,0.0717696230274341,-40.25536,10.072845225178435,0.7122577164566207,-111.084215,9.85487385656331,0.696844813171394,0.8898100199999999,0.0976471772829814,0.006904698122052114,-52.26688497999999,14.492917438714898,1.0248040200092075
R:A:VAL:116,44.39516,3.203057947399641,0.22649039951397498,-6.952484999999999,1.1052423443638957,0.07815243565542279,-48.498250000000006,2.5989102923148386,0.1837707091391335,-2.0131050000000004,1.3505218265452061,0.09549631416905575,0.237158784,0.18072065210965052,0.012778879860718883,-12.831521215999999,4.482415054381838,0.31695460810460646
R:A:ASP:117,85.50645499999999,8.734739194044376,0.6176393316004697,-4.32191,1.156505059176137,0.08177725698199959,-37.53519,10.1354518273188,0.7166846717486708,-108.20411,9.084826630040883,0.6423942516006038,0.8171242200000001,0.17688440112377007,0.012507615952073918,-63.737630779999996,16.214990578875955,1.1465729795199169
R:A:VAL:118,53.609159999999996,3.248727389979036,0.22971971676806496,-5.20437,1.1155271413551533,0.07887968062498732,-57.45053,2.980148645470558,0.21072833161561358,-2.04595,1.1531573385709342,0.0815405373878539,0.600653736,0.08572513544624763,0.006061682459217697,-10.491036264,4.692231564292973,0.33179087580091227
R:A:MET:119,80.59221,2.7748344015274142,0.19621042219897497,-10.935184999999999,0.9270093045784384,0.06554945654904394,-65.65953999999999,1.65803321993258,0.11724065332468936,-2.4762299999999997,0.9084721663870611,0.06423868293715243,0.094055112,0.09418653214847363,0.006659993557863046,1.6153101119999993,3.484583066166332,0.24639723156940255
R:A:CYS:120,96.0578,2.344670526961091,0.1657932429262423,-7.131534999999999,0.962857257736057,0.06808428962598492,-84.55105999999999,2.4439474802867593,0.17281318361745437,-3.5345349999999995,1.526695096859553,0.10795364557936428,0.128362032,0.08234041481361978,0.00582234656804238,0.9690320320000001,3.8386235980962864,0.27143167766365883
R:A:THR:121,39.14454,3.711387135344412,0.2624347011010548,-5.430255000000001,0.8866305092737335,0.06269424455143391,-47.118140000000004,3.7372053824214695,0.26426032685970857,-6.643515,1.633821388578017,0.1155286183111137,0.6611968440000001,0.08020157861425711,0.005671108010000719,-19.386173155999998,5.585966059846965,0.39498744803956887
R:A:ALA:122,82.79661,2.2353672914982,0.1580643370260983,-5.788264999999999,0.7712700984577323,0.054537031674587864,-67.06152000000002,2.3443971292423993,0.16577391078815754,-4.58802,1.5053002655948746,0.10644080255240468,0.283894236,0.06328930780832023,0.004475229872786595,5.642699236000001,3.6548401905360866,0.25843622828812
R:A:PHE:123,104.130065,3.0476227819031343,0.21549947355823168,-13.5172,1.0365405925481164,0.07329448819658953,-74.681585,1.774547165553793,0.1254794334298454,-6.948965,1.6139464160172727,0.11412324552375382,0.150199308,0.0625314065898372,0.004421638163680705,9.132514308,4.01499338407115,0.2839029048295834
R:A:HIS:124,106.967215,3.297052488022446,0.23313681722086496,-6.76601,0.9438847280785932,0.06674272918827938,-76.770465,3.3135087352797177,0.2343004496237149,-16.888475,2.8090446862545635,0.19862945463066395,1.070702064,0.18792195782229787,0.013288089070999919,7.612967063999999,5.5377667284797,0.39157924063372385
R:A:ASP:125,91.17497999999999,8.286775643735023,0.5859635251856552,-4.857620000000001,0.6521606516802436,0.04611472192261382,-17.61828,7.830462519647227,0.5536973147469654,-134.218805,5.4398424891696076,0.38465495126785376,0.8836165439999999,0.05603848908128826,0.003962519563682722,-64.636108456,12.64939263269322,0.894447130846853
R:A:ASN:126,31.92328,8.140306956227143,0.5756066249688236,-6.142735,1.140789693490873,0.08066601281751193,-100.41193000000001,8.167294353401253,0.5775149221236625,-4.134665,2.65083817928877,0.187442565240329,0.517233564,0.06029376938913924,0.004263413319835823,-78.248816436,11.887021238009007,0.8405393325504678
R:A:GLU:127,99.59852000000001,3.030359133766161,0.21427874929166443,-6.94235,1.0800390444331167,0.07637029322648957,-41.697155,13.105617739388517,0.9267071175160332,-108.51998999999999,13.412340120199008,0.9483956650573112,0.6170584680000001,0.13923514223640587,0.009845411325483607,-56.943916532,19.02674515183321,1.345394052076953
R:A:GLU:128,105.34752499999999,3.168718927165204,0.22406226410726773,-5.88454,1.4525601083604078,0.10271151027027106,-39.95634,12.123699213292944,0.8572749926785452,-114.69929499999998,11.318012155320165,0.8003043144578661,0.7305183359999999,0.17934259509456615,0.012681436514696097,-54.462131664000005,16.948874771989,1.1984664284755022
R:A:THR:129,39.237715,4.043782508218636,0.28593860332049437,-6.416054999999999,0.9030790341797333,0.06385733090158874,-53.418425000000006,3.973848807437822,0.28099354391493586,-0.26331,1.674149866021558,0.11838027229863936,0.41183190000000003,0.07991983396503023,0.005651185654797584,-20.4482431,5.980666184789618,0.4228969615277816
R:A:PHE:130,89.81038500000003,3.0238377993495282,0.2138176213128258,-12.841354999999998,1.2362157372299545,0.0874136530804828,-66.34804,1.7934591069773518,0.1268167096324455,-0.65459,1.0108430352433557,0.0714773964935769,0.24206702399999996,0.08511594717570277,0.006018606343505539,10.208467024,3.8623009101458696,0.2731059164547119
R:A:LEU:131,84.96960999999999,3.0870801703065633,0.21828953224902928,-9.04898,1.0355212405354126,0.07322240912452962,-83.45913499999999,2.129839173922529,0.15060237227173748,0.27381999999999995,1.0878804243114222,0.07692476251507052,0.259154748,0.0641779140645292,0.00453806382374361,-7.005530252000001,4.040567503028339,0.2857112681233335
R:A:LYS:132,142.01286499999998,3.193799728657858,0.22583574458857267,-10.1065,0.9300794105881497,0.06576654582688678,-178.710105,12.626293406379206,0.8928137688901728,40.79466,11.334778455020636,0.801489870879227,0.371934576,0.11159935493703638,0.007891266065202284,-5.637145424,17.29099033141747,1.222657651677632
R:A:LYS:133,128.269225,3.4473450892498407,0.2437641089698706,-9.22016,0.8450863532207817,0.05975662910506247,-153.76337999999998,8.227296875377721,0.5817577411414481,18.588340000000002,8.10707096332578,0.5732564853728215,0.7976234159999999,0.09295900651802032,0.006573194388125664,-15.328351584000002,12.083874129006302,0.8544589339625042
R:A:TYR:134,84.41537499999998,3.0733769089350234,0.21732056534501054,-14.454145,0.8992372067341298,0.06358567267769524,-80.83207,1.8192918883730558,0.12864336312262672,-3.77098,0.9249856915650101,0.0654063655006147,0.25193725200000006,0.06415206760148963,0.004536236202815113,-14.389882748,3.797869161889012,0.268549903843099
R:A:LEU:135,72.71678,3.726754617841105,0.26352134620937256,-11.05734,0.944239071633874,0.06676778506136025,-75.95891999999999,2.3594660250997475,0.16683944263273,-0.8843899999999999,0.612409224212046,0.043303871530153054,0.043987752000000005,0.024570255128591886,0.001737379401691087,-15.139882248000001,4.552253956551314,0.3218929642360725
R:A:TYR:136,91.00392499999998,3.0015943628969923,0.2122447728375778,-16.236505,0.932898552885039,0.0659658892904128,-88.819575,1.9316541420179234,0.13658857427279558,-4.3171100000000004,1.1979126712327572,0.0847052173097974,0.131832216,0.04987862346210994,0.0035269512886308366,-18.237432784,3.879257506109059,0.27430492885385305
R:A:GLU:137,102.842375,2.8526217212197977,0.201710816323456,-9.09665,1.2212838562349049,0.08635780964973579,-94.776065,10.179443730910595,0.719795369083377,-57.369285,8.295763553391273,0.5865990663723178,0.29162685599999993,0.07301417779913202,0.005162882024452652,-58.10799814399999,13.493520060257987,0.9541359536685133
R:A:ILE:138,77.41821,4.166700634302877,0.29463022736898536,-9.982280000000001,1.1979070546582486,0.08470482015800518,-63.29226999999999,2.2692121798324636,0.16045753203106422,0.36200999999999994,0.7863933684232084,0.055606408349218164,0.10653512400000001,0.041070086221217314,0.002904093647093895,4.612205124,4.956389884430221,0.3504696897485018
R:A:ALA:139,98.04263999999999,2.2413120778686757,0.15848469690162517,-8.735055,0.5679085683232822,0.04015719997553366,-78.145665,1.53548648081805,0.10857529030067108,-0.43814499999999995,0.7170991451500971,0.050706566831871,2.0376e-05,0.00021373707826205545,1.5113493743009921e-05,10.723795376,2.866696693898491,0.20270606718606793
R:A:ARG:140,-173.55857,4.109462741661007,0.2905828971661959,-14.291775000000003,1.3712034547706622,0.09695872612547567,-23.015050000000002,8.040933150916004,0.5685798358080418,43.502935,6.2809889707573126,0.4441329893780409,0.17071344,0.04521730012589429,0.003197345954596718,-167.19174656000004,11.08500590581623,0.7838282845495583
R:A:ARG:141,-189.413365,4.289726317817373,0.30332945687630636,-11.96234,1.248230561394809,0.08826322944465606,-2.12881,7.627918325067462,0.5393752773992334,25.63903,5.607588248890962,0.3965163676892796,0.32043247199999997,0.13446932790197033,0.009508417362108064,-177.54505252799999,10.4693885857447,0.7402975663857115
R:A:HIS:142,116.43926499999998,3.0880075444815542,0.21835510750581263,-11.605325,1.018910564954059,0.07204785699016314,-82.80128,2.338898978493941,0.16538513282033546,-6.80274,1.0934021274901562,0.07731520589120874,0.177857208,0.05967114161929815,0.004219386888014855,15.407777208000002,4.152530147186429,0.2936282226157096
R:A:PRO:143,78.19996499999999,2.4018619576851203,0.1698372877753145,-10.081515000000001,0.8649281471746656,0.06115965581063222,-59.314235,1.225160862815573,0.08663195541412531,0.027169999999999986,0.5571655867872675,0.03939755646610587,0.002642004,0.0037841002811215244,0.00026757629694709506,8.834027004000001,2.885915541702483,0.20406504494694744
R:A:TYR:144,82.45137000000001,2.85403542253771,0.2018107801023028,-13.279665,0.7749934211172376,0.054800310344696034,-76.531225,1.755699454455403,0.12414669899709374,-6.056525000000001,1.1987764551303965,0.08476629605494744,0.203154336,0.055308419803157496,0.0039108958699525,-13.212890664,3.6426278400251273,0.2575726847020674
R:A:PHE:145,101.81983,3.180004236019191,0.22486025594911163,-13.82862,0.9281830183751478,0.06563245064752649,-75.149055,1.8232526297732303,0.12892342983288568,-4.75443,0.8028552454209912,0.05677043883483727,0.028443744,0.014803453905682417,0.001046762264169052,8.116168744,3.865617220577141,0.273340415014159
R:A:TYR:146,81.686535,3.0591250691619334,0.2163128080902169,-14.304839999999999,0.8565321093806116,0.060565966284704814,-80.72543999999999,1.7647433145928049,0.1247861964802197,0.62376,0.8985029729500064,0.06353375450892225,0.098813952,0.045667391536676316,0.003229172223468497,-12.621171048,3.743742180308997,0.26472254827106023
R:A:ALA:147,95.488245,2.1153926692165217,0.14958085012753136,-6.38031,0.7465994065762442,0.052792550321991455,-70.95191,1.1568474237772235,0.08180146581510624,1.231715,0.6496735824820031,0.04593885957307822,0.003857112,0.003890246656891565,0.0002750819791576322,19.391597112,2.6062777439423166,0.18429166663971883
R:A:PRO:148,82.47119500000001,2.35055995817486,0.1662096886011011,-9.306665,0.7664713907087466,0.05419771179556385,-60.91657500000001,1.101964493246039,0.07792065658010716,-2.170795,0.9685983083688512,0.06849024320934333,0.06688206,0.034867515352872504,0.0024655056549142203,10.144042059999999,2.8751234200859765,0.20330192670910527
R:A:GLU:149,92.660025,2.7862400765861866,0.1970169252167818,-8.202415,1.15103935326947,0.08139077321094203,-71.327575,11.957204069278696,0.8455020081418346,-66.76826,10.81224905708336,0.7645414628141498,0.236067048,0.09070001044397347,0.006413459243862432,-53.402157951999996,16.400478977024406,1.159688989936137
R:A:LEU:150,72.696175,3.3516772479424386,0.23699937103687638,-12.213665,1.051164783835056,0.07432857467942594,-75.731345,1.7029428575190064,0.1204162442524886,1.46412,0.5046985393281815,0.03568757596139026,0.000617364,0.001630523896759566,0.00011529545042854032,-13.784097636000002,3.9361688768818315,0.27832917047385797
R:A:LEU:151,68.37438,3.2114321035326276,0.22708254177280998,-9.413540000000001,0.8337310647924785,0.058953688960064234,-75.65504000000001,2.0379296058500156,0.1441033843877374,1.333535,0.8167653082587433,0.05775402881076782,0.273128004,0.08751507391012353,0.006188250221789025,-15.087536996,3.979488054930746,0.28139229892923945
R:A:PHE:152,98.73932,2.992795620753278,0.21162260781400458,-10.54498,1.089657156907621,0.07705039648178326,-81.64578,1.733567420552198,0.12258172787165307,0.42536999999999997,0.746082631549616,0.052756008809423785,0.496433268,0.1279216049482126,0.009045423431914775,7.470363267999999,3.7043808631014885,0.2619392828396738
R:A:PHE:153,93.11165499999998,3.1269761905033753,0.2211106068913814,-13.632075,0.7643108656659279,0.054044939604693795,-73.053045,1.5802386126705679,0.11173974389121806,-0.01803,0.6859961509367235,0.04850725301952276,0.037402488000000005,0.021660109485343235,0.0015316010298329261,6.4459074880000005,3.6510772585317777,0.25817014881438094
R:A:ALA:154,100.965815,2.1834882941694467,0.15439593794486628,-7.197909999999999,0.7477807177909845,0.05287608163905491,-84.03370000000001,1.5327242348185142,0.10837997001291336,0.8854949999999999,0.5603543610743116,0.03962303685831009,0.014655528,0.01655510490418034,0.0011706226941000587,10.634355528,2.8267139569026773,0.19987886074005412
R:A:LYS:155,145.502995,3.54067349172089,0.25036342359632924,-7.559394999999999,0.8399414556830732,0.059392829911320104,-161.0128,9.096003964928776,0.6431846085300861,20.063119999999998,8.500373109199383,0.6010671468130661,0.8809119,0.11505628994367409,0.008135708283733752,-2.1251680999999976,12.971073182254646,0.917193380643923
R:A:ARG:156,-188.33414500000003,4.500357415136602,0.31822332460062536,-9.072645,1.1053498762722145,0.07816003930957942,-18.222145,9.509859355110097,0.6724486038128676,35.01278,8.626680620122666,0.6099984365619309,0.526809528,0.07730289044838373,0.005466139804137292,-180.089345472,13.650569014711316,0.965240991735734
R:A:TYR:157,96.33754,3.5344055792169633,0.24992021525278818,-14.33474,0.9050080896876006,0.06399373572467855,-85.984175,1.933037028712849,0.13668635912875504,-6.13985,0.7401119357907964,0.052333816863477475,0.114587064,0.0444609846885548,0.0031438663771508357,-10.006637936,4.1949299221601395,0.29662633945617906
R:A:LYS:158,120.20914499999999,3.578489693149193,0.2530374328431962,-8.53415,1.1721121650678317,0.08288084602307097,-160.55008,13.195254409203333,0.9330453872229367,33.79665,11.779538191181352,0.8329391334230252,0.509836356,0.11439894555311803,0.008089227016120039,-14.568598643999998,18.084932442542293,1.2787978367422248
R:A:ALA:159,81.922255,2.4776945796395085,0.17519946389722488,-5.22577,0.5379564546503741,0.038039265706635295,-70.742125,2.723850003097637,0.19260528081253375,-5.410489999999999,1.6579486632281473,0.11723467426277945,0.40528566,0.04861060922568653,0.0034372891421092294,0.9491556599999998,4.07417269855848,0.2880875142875797
R:A:ALA:160,93.9654,2.113780116284567,0.14946682541621062,-6.568154999999999,0.7002859565741698,0.04951769486633036,-78.96227499999999,1.606566979423828,0.11360144055809773,-3.2734949999999996,0.9811872043473661,0.06938041258074933,0.07664346,0.05224768477411798,0.0036944692205075954,5.238118459999998,2.9163302986611885,0.20621569303631157
R:A:PHE:161,112.17730999999999,3.041391555505473,0.2150588593141422,-14.007660000000001,0.9679418910244562,0.06844382749379231,-88.86951,1.6822708818439436,0.11895451483445257,-1.9196700000000002,0.7611770300659367,0.05382334396430604,0.010891332,0.019118148226106416,0.001351857225440941,7.391361331999999,3.687379203837272,0.26073708398395873
R:A:THR:162,39.85182,4.55914713050588,0.3223803852407897,-6.149685000000001,1.059051413187764,0.07488624358902642,-52.71652,5.201476667216725,0.3677999423572549,-4.304565,2.3920623122684326,0.16914434820257815,0.47682428399999993,0.121909730143654,0.00862031968771998,-22.842125716,7.3959175266530455,0.5229703436192806
R:A:GLU:163,85.14180499999999,3.024596278344434,0.21387125387689437,-6.773439999999999,0.8351417582662238,0.059053440052210325,-28.485855,10.817950629577442,0.764944624871549,-105.95180499999998,10.221386886669295,0.7227611980695111,0.8307706680000001,0.07709492421045742,0.005451434370427738,-55.238524332,15.210404128150705,1.075537990360322
R:A:CYS:164,84.14573,2.2964382132119296,0.1623827033138074,-7.97498,0.785178240656222,0.055520485840813746,-74.532895,1.8919400000991047,0.13378036036681543,-0.01488999999999999,0.8211974658387592,0.05806742967877948,0.010296468000000001,0.011166845125754006,0.0007896151912880603,1.633261468,3.1849741407121437,0.22521168128013538
R:A:CYS:165,88.901025,2.301565229224451,0.162745238092778,-6.831994999999999,0.6921861563011789,0.0489449524964015,-80.36585500000001,2.270590906344646,0.1605550227176808,0.44061500000000003,1.3911050667634706,0.0983659826051415,0.13873968,0.06328031352503873,0.004474593880916568,2.2825296799999997,3.5876294329514895,0.2536837100424446
R:A:GLN:166,27.336335,3.125801465668445,0.2210275413017007,-4.867120000000001,0.919007260907116,0.06498362661470965,-67.856705,3.0458042891779837,0.21537088670448243,-12.507155000000001,2.872731150138314,0.20313276767886318,1.097279676,0.09854429792502772,0.006968134131005453,-56.797365324000005,5.306074646664758,0.37519613641386645
R:A:ALA:167,87.42560499999999,2.4504779368472187,0.17327495662926887,-4.68351,0.7838507191423633,0.055426615894351695,-77.08165,2.975654877081682,0.21041057420552797,-0.508725,1.646555431613221,0.11642905112932511,0.22909496399999998,0.05689668896077789,0.004023203459122783,5.380814963999999,4.264758848864107,0.3015639902157144
R:A:ALA:168,89.53478,2.5669083274632154,0.18150782850334585,-2.5721849999999993,0.34842865952013763,0.0246376267906428,-75.50998,2.401214752911534,0.16979152348689258,-3.8689149999999994,1.8763261144521226,0.1326762919246502,0.797972508,0.054789397374611956,0.0038741954420712537,8.381672508000001,3.9999818434356267,0.28284142861163986
R:A:ASP:169,99.950275,4.58249403811669,0.3240312609099237,-4.14774,0.9308099174374971,0.06581820046157445,-57.085924999999996,10.353269570013861,0.7320867120409132,-95.48619000000001,8.34648772262321,0.5901858067757136,0.733144608,0.06489574514211494,0.0045888221460143415,-56.036435391999994,14.096947125629278,0.9968046906560671
R:A:LYS:170,120.54746500000002,3.0814534085030396,0.21789166010629,-8.763565,1.084983237554848,0.07671990047487678,-154.26266,8.908206095191106,0.6299052938116967,30.1177,8.568615925573978,0.6058926426356405,0.5586998759999999,0.11118067276826411,0.007861660765132207,-11.802360124000002,12.785234436292013,0.9040525968961849
R:A:ALA:171,82.48531500000001,2.2715094201378525,0.1606199714508598,-5.0958950000000005,0.513323410702259,0.03629744646493745,-73.30664,1.4213982237219798,0.10050803227603253,-2.07318,0.8346219668808148,0.05901668525086782,0.309205116,0.06616204883482482,0.004678363338830015,2.3188051159999996,2.8538745810662434,0.2017994068927858
R:A:ALA:172,90.49974,2.0973258193232636,0.14830333092011114,-4.095695,0.3467102565183211,0.024516117349103222,-76.90427,1.524998333474499,0.10783366628980022,-3.3672050000000002,0.9990591989341772,0.07064415343731566,0.5592060719999999,0.04783664300089228,0.0033825614655130926,6.691776071999999,2.8008947032802918,0.19805316380789773
R:A:CYS:173,87.25661499999998,2.366016062239435,0.1673026002005797,-6.359069999999999,0.6833129774122543,0.04831752400009751,-72.754625,2.6563889369546394,0.18783506307895498,-1.85774,2.0303076989461473,0.14356443418200762,0.270963468,0.06295850504905097,0.004451838585355143,6.556143468,4.153006614732032,0.29366191395896074
R:A:LEU:174,74.80973,3.0310424060214003,0.21432706393617207,-11.351680000000002,1.0493410444655256,0.07419961683189476,-75.28827,1.5484153051103573,0.10948949623365706,-0.7384149999999999,0.6765179766828078,0.0478370448907016,0.004553748,0.00897029425892462,0.0006342955899724355,-12.564081252000001,3.6254215880024345,0.2563560189536623
R:A:LEU:175,76.9605,3.424088617428001,0.24211962807670095,-8.14166,1.1000158337042245,0.07778286554248307,-67.8507,2.2430925816827085,0.1586105975337083,-3.047925,1.157538262596533,0.0818503154964903,0.335134368,0.12161272714003817,0.008599318403931027,-1.7446506319999993,4.395516637345084,0.3108099621084999
R:A:PRO:176,93.82404500000001,2.4292622116550118,0.1717747783141489,-6.433259999999999,0.5697878047132985,0.04029008205501696,-64.10866,1.7462887660407143,0.12348126283772774,-3.376415,1.261624572832584,0.08921032907615013,0.582059268,0.07010833532758409,0.004957407932783511,20.487769268,3.2972881632081235,0.23315348197305996
R:A:LYS:177,123.30966999999998,3.455341414549364,0.24432953455425727,-8.567355,1.2219847335277965,0.08640736915839412,-152.845565,12.479422707632551,0.8824284421860362,26.85116,11.860988409673116,0.8386985336054904,0.578688552,0.09444990004761304,0.00667861648060588,-10.673401448,17.602857408212707,1.2447099841607059
R:A:LEU:178,63.584655000000005,3.1830966190134724,0.22507892044763986,-9.941379999999999,1.023015696653771,0.07233813363641614,-73.22963,2.0183339424138906,0.14271776173798406,-1.46768,0.917763759145021,0.06489569776187017,0.169085556,0.08014086705995427,0.005666815054826328,-20.884949444,4.012611366784494,0.28373447077195363
R:A:ASP:179,85.461325,3.6904894240974326,0.2609570097676531,-7.628595000000001,1.0838868441747045,0.07664237375548202,-99.739945,12.984197113490499,0.9181213827211928,-47.502165,11.980967625687626,0.8471823453300209,0.34351851600000005,0.09685082287577398,0.006848387361895698,-69.065861484,18.081395490724482,1.2785477364807143
R:A:GLU:180,98.81025000000001,3.075190556290781,0.21744880957940427,-8.571995,1.1188317187919727,0.07911334953644043,-77.789625,17.0555934002419,1.2060125750471573,-66.04252000000001,15.700333240718173,1.1101812101400383,0.39183022800000006,0.09762160187551532,0.006902889667647026,-53.202059772000005,23.41178851462662,1.6554634418397811
R:A:LEU:181,78.382675,3.2542965291096317,0.23011351437252653,-10.071645,0.8707551659192151,0.06157168825746943,-75.42832,1.7372640091822544,0.12284311616041006,-1.2230200000000002,0.648940990845855,0.04588705752170213,0.06915834,0.034167882058418544,0.0024160341102289922,-8.27115166,3.84565190178653,0.2719286537836198
R:A:ARG:182,-193.44296999999997,4.159647070257284,0.2941314650721681,-8.49653,1.5068321635470887,0.10654912409541432,12.05013,10.703490025832695,0.7568510379628873,12.941465,9.530372943320476,0.6738991335458704,0.907738272,0.1961118931702155,0.013867204953199114,-176.040166728,15.000145798115355,1.0606704812634264
R:A:ASP:183,79.10717500000001,3.551495665825175,0.2511286668659614,-7.254919999999999,1.3769103106593399,0.0973622617752895,-106.41551,14.240080200613338,1.0069257274493983,-38.889810000000004,11.827634551925419,0.8363400597062776,0.17267907600000001,0.0888428048039222,0.006282134973648617,-73.280385924,18.89946347719269,1.3363938785510436
R:A:GLU:184,100.494955,2.8776369268854958,0.20347965847935512,-7.771535000000001,1.3736868306768468,0.0971343273198255,-92.50697499999998,8.45541195888024,0.5978879133850047,-60.14369500000001,7.471218786247328,0.5282949467483813,0.09731743200000001,0.03277533182199954,0.002317565938697512,-59.829932568000004,11.725271236115438,0.8291018802308798
R:A:GLY:185,88.60860000000001,1.7283710163040806,0.12221428660349003,-5.61963,0.700721694469352,0.049548506188380685,-79.551535,2.050565958162527,0.1449969094287013,-1.8935399999999998,0.9420005458597145,0.06660949738588334,0.014108580000000003,0.01567060464006415,0.0011080790806282737,1.5580035799999996,2.9275772591214033,0.20701097323722706
R:A:LYS:186,118.23148,3.454616158070242,0.2442782511768086,-8.145965,1.289875681519347,0.09120798412899497,-146.97838,10.870391259545352,0.7686527373775494,24.87534,10.758333624423441,0.7607290660097062,0.35408646000000005,0.14908441125605454,0.010541859816836021,-11.66343854,15.733007555615504,1.112491633103491
R:A:ALA:187,92.41937,2.071161841358613,0.14645325829594916,-7.150500000000001,0.5354632480385558,0.03786296937642371,-85.868585,1.5324676057832347,0.10836182359980381,0.14432999999999999,0.6829552043143093,0.04829222562172922,0.031632732,0.01338634693416303,0.0009465576692462428,-0.4237522680000002,2.718730628668321,0.1922432863750935
R:A:SER:188,87.23782,4.790137313021412,0.33871385768521484,-7.2150549999999996,0.9871212042981348,0.06980000974122424,-82.328385,4.364267119090558,0.3086002874818411,-1.37338,1.3512977745856019,0.09555118198117697,0.07406053199999998,0.040269687107145194,0.002847496882972285,-3.604939468,6.692852796801204,0.4732561598101481
R:A:SER:189,63.86803,6.342618031940754,0.4484908220861381,-7.7523349999999995,1.1888375047814568,0.08406350613598627,-58.045325000000005,7.533975221579574,0.5327324968470338,-1.6849599999999998,1.0699182531389957,0.0756546452109849,0.05515974,0.02410437058088014,0.0017044363893973864,-3.5594302599999996,9.977385771850814,0.7055077137789886
R:A:ALA:190,96.45387,2.0990831172442883,0.1484275906477633,-6.90246,0.6805947607791291,0.04812531705869583,-78.42793499999999,1.2998960576811522,0.09191653172240022,0.375015,0.6642138471719782,0.04696701154933109,0.058500576,0.020650191887249474,0.0014601890716277532,11.556990575999999,2.645882723681263,0.18709216161393533
R:A:LYS:191,128.303435,3.512832776517408,0.2483947877449827,-8.539635,1.2195973810135048,0.08623855784320027,-154.75564,11.278561909676252,0.7975147608364375,23.540139999999997,9.843988095299588,0.6960750736105984,0.523626444,0.084363689069123,0.005965413662669029,-10.928073556,15.425452651069381,1.0907442172443167
R:A:GLN:192,39.36823,3.068021234786357,0.21694186199417578,-11.079780000000001,1.0050816442458792,0.07107000462923863,-91.16951499999999,2.4047061857480636,0.17003840507036933,4.8571550000000006,1.1604092902829586,0.08205332781109488,0.0211644,0.012684607003829484,0.0008969371629094203,-58.0027456,4.189542441449286,0.29624538704176345
R:A:ARG:193,-191.37046999999998,3.9931500083392804,0.2823583449191824,-10.619124999999999,1.3768353421433517,0.09735696070068642,-37.27988500000001,7.142083431448767,0.505021562617751,59.679545,5.424461198863441,0.38356732979996483,0.152194896,0.05685315521300453,0.004020125158296682,-179.437740104,9.913540733233644,0.7009931878038568
R:A:LEU:194,76.087925,3.0818267065776097,0.21791805626628322,-9.42432,0.924776090521376,0.06539154446868495,-79.17340999999999,1.8716174053208636,0.13234333590891537,-2.8153200000000003,0.5904471505562543,0.04175091840906018,0.22696070399999996,0.03214122034209006,0.0022727274859502887,-15.098164296,3.7690156904051326,0.26650965530839665
R:A:LYS:195,124.156515,3.1305829664417133,0.22136564446380333,-12.555459999999998,0.9442553512689245,0.06676893620539419,-128.09487000000001,5.504735702383903,0.38924359437953504,5.29657,5.163819766907052,0.3651371974005113,0.18745563599999998,0.0438088663852091,0.0030977546497076747,-11.009789364000001,8.22564507094422,0.5816409409298358
R:A:CYS:196,81.79801499999999,2.12946472729064,0.15057589489647738,-8.12744,0.7417351929091676,0.052448598475078434,-76.097905,1.590821864941201,0.11248809283597531,-3.5146749999999995,0.6577675800577283,0.046511191630348496,0.030288563999999997,0.017801051176295855,0.0012587243999007567,-5.911716435999999,2.8369843838040385,0.20060508959081746
R:A:ALA:197,97.94945,2.077200979082188,0.1468802898196351,-6.672455,0.6790576322927238,0.048016625661066605,-83.39729500000001,1.2794167139657817,0.09046842344086137,-3.2776300000000003,0.8277169824885797,0.058528429122094154,0.078952032,0.033507993391030985,0.002369372935075203,4.681022032,2.664400212462665,0.18840154580272284
R:A:SER:198,78.55855,2.4809941167806095,0.17543277640594981,-8.333720000000001,0.734527018972073,0.051938903607989265,-70.960025,2.091186382026958,0.1478692071456224,-1.82645,1.0258657307367276,0.07253966147908329,0.056848967999999986,0.014382379196022333,0.0010169877859103717,-2.504796032,3.481455095761876,0.24617605066096837
R:A:LEU:199,60.852785,3.208794546052302,0.22689603829479923,-10.855889999999999,0.8850463026870402,0.06258222422940879,-58.16960999999999,1.308819364121726,0.09254750477187376,-5.907425,0.8036813885956299,0.05682885597893907,0.156043764,0.0434213865195701,0.003070355685651016,-13.924096236,3.6661242089920085,0.25923412888504166
R:A:GLN:200,39.94991,3.51679141290751,0.24867470560855198,-6.9551750000000006,0.9046074642489969,0.0639654072282433,-77.663195,2.481468431589449,0.17546631552772457,-7.3359049999999995,2.1815373079493736,0.15425798238624477,0.615185748,0.09340251944720385,0.0066045554881026215,-51.389179252000005,4.910361609888225,0.34721499924300564
R:A:LYS:201,124.41815999999999,3.5459495941707915,0.2507365003783853,-6.059295,0.9598102197700334,0.06786883150515412,-155.15744000000004,7.639671887352231,0.5402063797586992,27.5802,7.820523931937041,0.5529945504704363,1.0600845479999998,0.16654883850649602,0.011776781310668652,-8.158290452,11.534639734919459,0.815622197510535
R:A:PHE:202,101.53948499999998,2.9528947999844153,0.20880119371994738,-9.97719,0.9592263569669048,0.06782754617041663,-77.41353,2.1727078034333105,0.1536336421344622,-9.204550000000001,1.3246491752535838,0.09366684145149765,0.49245782400000004,0.10778533664107481,0.007621574245137885,5.4366728239999995,4.015803184802491,0.2839601663884375
R:A:GLY:203,77.86201499999999,1.843545753371746,0.13035837036368242,-2.5603600000000006,0.6680615842869577,0.047239087649953604,-78.748535,2.019864458020636,0.14282598553440823,-0.19218499999999994,1.436406976025597,0.10156931132913623,0.380533212,0.037517048206188286,0.0026528559196698333,-3.2585317880000004,3.1606157918404296,0.22348928591356573
R:A:GLU:204,103.606295,2.6929862045645536,0.1904228806889419,-6.428405000000001,1.04962466671425,0.0742196719534316,-34.235575,12.513970531944487,0.8848713422706573,-112.33799499999999,11.483545339091712,0.8120092781334921,0.635286672,0.06618551821599357,0.004680022874687482,-48.760393328000006,17.228741660119045,1.2182560059181353
R:A:ARG:205,-199.31167500000004,4.104528914427941,0.29023402289682554,-6.221869999999999,1.393745490790912,0.09855268877864266,-3.575445,11.441122568042656,0.8090095352249409,36.473,9.570489921628882,0.6767358322861292,0.8870433839999999,0.18044283367494687,0.012759235130807125,-171.74894661599998,15.53434281441203,1.0984439145347265
R:A:ALA:206,86.672255,2.2675092811221305,0.1603371189084892,-6.054939999999999,0.47819719405283007,0.03381364786591355,-80.286925,1.3366764752081934,0.09451729998722457,0.11759499999999999,0.6682626661538111,0.047253306285116176,0.183109824,0.037423069770752694,0.0026462106407716527,0.631094823999999,2.7577074487472504,0.1949993637537834
R:A:PHE:207,113.10798999999999,3.0838918252591156,0.218064082208648,-15.043420000000001,0.8834053167148136,0.06246618899852944,-86.59134,1.3883470367310904,0.09817096043128028,0.24307,0.558136170750472,0.039466187116315145,0.0037623239999999996,0.0035833660605391685,0.00025338224408809703,11.720062324,3.539750000142994,0.2502981228806193
R:A:LYS:208,120.43859499999999,3.2157872956672677,0.2273905003619874,-9.828095000000001,0.9119298251373292,0.06448317633208679,-172.119205,9.309599372850316,0.6582880846672489,46.677330000000005,8.448911654236893,0.5974282724356957,0.61994268,0.08446800200679071,0.005972789701228061,-14.211432319999998,13.008950280648627,0.9198716959565284
R:A:ALA:209,89.54977500000001,2.2479918915278585,0.15895703105517225,-6.624,0.6364338850187032,0.04500267158736245,-79.64605,1.2949643769231645,0.09156780923173818,-2.0309399999999997,0.5182635877620576,0.036646769734862035,0.118252476,0.054664305952903336,0.0038653501428154106,1.3670374759999993,2.7215866153073858,0.1924452351270396
R:A:TRP:210,118.3573,3.3215060830894165,0.23486594751048945,-15.781179999999999,0.8083830883931207,0.057161316359929985,-84.99433,1.4453564546851412,0.10220213503396101,-5.33904,0.7691805044331272,0.05438927506411535,0.35564032799999995,0.0610788445738622,0.004318926518521712,12.598390328,3.7908192297120253,0.26805139835817376
R:A:ALA:211,99.465965,2.020432325957739,0.14286613986132263,-7.740195,0.7122011773193021,0.050360228205152124,-87.22582,1.2278479985731137,0.08682196460573789,0.014380000000000002,0.5479301283922979,0.03874451094026095,0.00014331600000000002,0.0005631139274995781,3.9818167671554156e-05,4.514473315999998,2.5292717827563127,0.1788465229050777
R:A:VAL:212,49.824310000000004,3.2609874814080473,0.23058663614680708,-8.884310000000001,1.1053394654584627,0.07815930315387926,-55.79237000000001,2.195213256861392,0.15522501800772967,-1.1896900000000001,0.43274874222809706,0.030599957017943668,0.056595312,0.0186616404962119,0.0013195772542936924,-15.985464687999997,4.106384743497132,0.2903652498287803
R:A:ALA:213,95.23685499999999,2.336995634136915,0.16525054605015682,-8.23349,0.4813524695064937,0.03403675953289325,-74.386685,1.403070071584096,0.0992120362097009,-3.1034149999999996,0.5368943031686964,0.037964160255101125,2.376e-05,0.0002645801625216827,1.8708642708652064e-05,9.51328876,2.81959393928056,0.19937539946577743
R:A:ARG:214,-188.14002500000004,4.4853373724141425,0.3171612471943491,-11.869805000000001,0.9957160373193755,0.07040775621247278,19.267335,9.040088885778447,0.639230815366308,14.738589999999999,7.971874689299876,0.5636966651573344,0.513305028,0.11246496263214074,0.007952473772307839,-165.49059997199998,12.899470658280705,0.9121303176187184
R:A:LEU:215,69.998435,3.2946803874996733,0.2329690843843341,-10.933505,1.0028470571203767,0.07091199545827913,-78.355785,1.6749383895460148,0.11843602933176621,-1.561445,0.6228278148694067,0.04404057714057571,0.085154076,0.030689119039252723,0.0021700484181296784,-20.767145923999998,3.8800639161652217,0.274361950655766
R:A:SER:216,80.40896500000001,2.8212525416514915,0.1994926803641552,-8.60539,0.8866852191730727,0.06269811312551599,-72.64294,1.8766857026151182,0.13270171864749905,-3.20536,0.6775180148158424,0.04790775826523299,0.000365976,0.0007602378739736661,5.375693560016232e-05,-4.044359024,3.5674440495173334,0.2522563878917304
R:A:GLN:217,38.956075,3.0333887583649743,0.21449297610149148,-11.18895,1.0745801075303785,0.07598428809629,-78.96847,2.9088786153946,0.20568877945940564,-3.5045950000000006,1.9212851560804294,0.13585537624575258,0.120643992,0.06616502035820389,0.0046785734572631936,-54.58529600800001,4.744834984155824,0.3355104992907748
R:A:ARG:218,-192.93650000000002,3.9829656413280796,0.2816382014216111,-13.688670000000002,1.0606238028160597,0.07499742832590994,-7.737125000000001,8.43973107980195,0.5967791077918821,43.06292499999999,7.113413281215636,0.5029942768530026,0.20867644800000001,0.06324378425184325,0.004472010871237734,-171.090693552,11.782302285041599,0.8331345843742668
R:A:PHE:219,104.18912,2.808016947171082,0.19855678250314193,-12.527265,0.9102000905158162,0.0643608656240343,-74.16473,1.351701903934444,0.09557975824148125,-1.894325,0.6707250922509161,0.04742742610425955,0.021882636,0.012013702069166854,0.000849497020026274,15.624682636000003,3.3151980175982563,0.23441989992199264
R:A:PRO:220,91.24959500000001,2.5557742996937343,0.1807205338495739,-9.389655,0.970566878671944,0.06862944215039928,-66.17318999999999,1.8692774630589215,0.13217787700481495,0.401115,0.8548761675090727,0.06044887351204322,0.017846855999999998,0.018110889584779206,0.0012806332838718193,16.105711856,3.4204271424701544,0.24186072269951714
R:A:LYS:221,116.74580999999998,3.4260721145212343,0.24225988250120986,-6.514755,1.2067657829815195,0.0853312268450126,-193.65889499999997,12.256547019204675,0.8666687511211391,70.00431,10.684503095319874,0.755508459230934,0.816264684,0.1526534963392511,0.010794232243332025,-12.607265316000001,16.661305714339875,1.1781322254031898
R:A:ALA:222,90.01085,2.4801851377467767,0.17537557294988373,-5.374194999999999,0.7839110835898417,0.055430884305367155,-89.033165,1.9109992563512417,0.13512805330084124,1.5756599999999998,0.8154261305599667,0.05765933464756595,0.015667488,0.014187669914184499,0.0010032197605556222,-2.805182512,3.32909509125642,0.23540257142422627
R:A:GLU:223,102.498665,2.84690083999689,0.2013062889327479,-6.020495,0.7349882311812891,0.051971516236059535,2.83415,5.254074303576226,0.3715191568916736,-153.134625,4.965148347670491,0.35108900662349857,0.8556366959999999,0.06659989525552412,0.004709323756149488,-52.966668303999995,7.804324605029767,0.5518490850797572
R:A:PHE:224,88.22394499999999,2.5850426383282348,0.18279011792182587,-11.089215,0.8862901718822115,0.06267017906369025,-67.72933499999999,1.3580314365930564,0.0960273237879459,-3.3644449999999995,0.6624864579559343,0.046844866686489774,0.323260992,0.0677468760002285,0.004790427542396574,6.364210992,3.123408881287846,0.2208583600376924
R:A:ALA:225,91.42555,2.2006658509414825,0.1556105746326386,-4.65822,0.4033425363137391,0.02852062425684262,-79.89823,1.933188815687697,0.13669709208867614,-2.02671,1.4280516748003202,0.10097850231361127,0.564018084,0.05195122664289789,0.0036735064650152333,5.406408084,3.284031805882778,0.2322161159572016
R:A:GLU:226,113.930665,3.0182865574320474,0.21342508923244005,-7.6302650000000005,1.1643325834034706,0.08233074652810454,-11.294960000000001,6.124858933755127,0.4330929285869257,-147.03159,5.784152486051866,0.40900134463043014,0.236762892,0.05479471981754023,0.0038745717956199595,-51.78938710799999,9.02435834334884,0.6381184980439363
R:A:VAL:227,56.005525000000006,2.8482028946995683,0.2013983581037219,-9.385195000000001,0.8801191265817372,0.06223382026579277,-61.76898,1.5152040818318833,0.10714110811448611,0.006935000000000002,0.5311700958967852,0.03755939767721256,0.002195496,0.0034249259143496807,0.00024217883390981957,-15.139519503999999,3.385980835273956,0.23942500095899047
R:A:SER:228,82.45416999999999,3.714343542417691,0.26264375065000123,-5.731095,0.8143617537525937,0.057584071841742836,-76.21693,4.853067614931818,0.3431637020075113,-0.6619700000000001,1.3504143620015303,0.09548871527829872,0.29701512,0.04127130093224588,0.0029183216757581744,0.1411901199999988,6.311665434855973,0.44630214295673976
R:A:LYS:229,124.90941,3.483452309405139,0.24631727499203132,-8.582605,1.135947630383989,0.08032362725173085,-227.785075,8.249689931104985,0.5833411692970717,100.32303500000002,7.760087102202848,0.54872102125659,0.62921124,0.08176791422751592,0.005781864663375648,-10.50602376,11.904110163965306,0.8417477020931572
R:A:LEU:230,75.37224,3.3826107790285302,0.23918670199657838,-11.057705,0.9861706079451974,0.06973279242849093,-82.57694,1.5130456921058264,0.1069884869133123,-0.486365,0.7590845814367461,0.05367538550280752,0.005817852,0.007173042825056602,0.0005072107223339033,-18.742952148,3.9089840458990586,0.2764069126405251
R:A:VAL:231,62.72751,2.8305570882601887,0.20015061116444283,-8.474545,1.0134224923372284,0.07165979165386262,-72.17988,1.6357470390008357,0.11566478235833069,0.317105,0.6960284792844328,0.04921664576009828,0.05375124,0.02281357837748388,0.0016131635973849643,-17.55605876,3.492810194787055,0.24697897741314323
R:A:THR:232,33.29894,3.6359059141292422,0.257097372763706,-6.79563,0.7167421803549725,0.05068132560914325,-49.19074500000001,3.8482632576234956,0.27211330452566074,-0.978195,1.9620783717718822,0.13873989218993577,0.5691942,0.05765033924800096,0.004076494581996644,-23.0964358,5.691725254091716,0.40246575238189775
R:A:ASP:233,75.22076500000001,3.5618003944318666,0.25185732121356924,-7.62269,1.0250166700595655,0.07247962382283728,1.36762,8.354088885426107,0.5907232901519966,-131.646065,7.854774284521166,0.5554164161274628,0.228146652,0.06015852559744209,0.00425385013961358,-62.452223348,12.051098723280468,0.8521413627980163
R:A:LEU:234,83.78367,3.2893645451819413,0.23259319756927543,-10.716814999999999,0.8302545216829595,0.058707860239281415,-88.269385,2.0066742776980524,0.141893298939291,-1.193765,0.8297290218951004,0.058670701792930685,0.16531063199999999,0.03328466925413825,0.002353581533915254,-16.230984367999998,4.028094022938436,0.2848292598876769
R:A:THR:235,57.87457500000001,2.8976514221650267,0.20489489701277336,-7.833139999999999,1.0473417400256708,0.07405824465918699,-72.06788,2.4347678874176073,0.17216408838082345,2.257205,0.8512586933329962,0.06019307945997613,0.08327106000000001,0.029321739786138203,0.002073360103896571,-19.68596894,4.0183210769890065,0.28413820825237573
R:A:LYS:236,134.37688500000002,3.1374561099360414,0.2218516491010941,-6.234440000000001,1.5940427398285153,0.11271584308339266,-285.504215,8.323229207391503,0.5885411813916465,142.165585,6.577811043407602,0.46512147941572746,0.6624493559999999,0.04547913060377105,0.003215860165239515,-14.533735643999998,11.17722747424626,0.7903493341904118
R:A:VAL:237,55.428414999999994,2.9263780023734114,0.20692617297933819,-10.513119999999999,0.9691976710661246,0.06853262455210657,-59.93681000000001,2.0202014760661875,0.14284981630894739,-1.8131950000000001,1.5026650581466916,0.10625446524676033,0.006587928,0.007833117955425923,0.0005538850824115774,-16.828122072,3.9802399396251102,0.28144546520584496
R:A:HIS:238,113.04504499999999,2.820614431817117,0.19944755918505241,-13.36031,0.9555189448148059,0.06756539254307638,-89.834645,2.3253922806647056,0.16443006505768645,-6.5871,1.8525136247812053,0.13099249463232618,0.075288744,0.032017037449209196,0.0022639464293839466,3.3382787439999992,4.208225672006792,0.29756649094393184
R:A:THR:239,39.012305,3.4430930835478435,0.24346344676331802,-7.11861,0.9034458411548532,0.06388326807153812,-54.80795,5.412234509654954,0.38270277231488664,-1.5702499999999997,3.0025956799908977,0.21231557664829964,0.34086690000000003,0.0672761316520473,0.004757140890316157,-24.143638099999997,7.140272659553349,0.5048935217091077
R:A:GLU:240,88.1515,2.9739546381880144,0.21029034916039305,-11.028609999999999,1.1975034229178638,0.08467627908393235,36.962030000000006,7.557732671185188,0.5344124022190165,-169.91321499999998,6.861125841199461,0.48515486088863935,0.19687391999999998,0.04208456320375917,0.0029758280024651963,-55.63142108,10.6992786058797,0.7565532456021686
R:A:CYS:241,85.91942999999999,2.3153630136762575,0.16372088878790025,-9.44229,0.511898599236216,0.03619669707998231,-70.68817000000001,1.4232853653080257,0.10064147333728775,-2.172615,1.0178529691340492,0.07197307367255479,0.066035844,0.016054637639201452,0.0011352343144172131,3.6823908439999995,2.9470272666306854,0.20838629645762133
R:A:CYS:242,92.322255,2.1436670123820543,0.15158014810612572,-7.503420000000001,0.7259348342654456,0.051331344400862906,-83.383875,1.3922976511418097,0.09845031105524757,1.6927799999999997,0.9288644689081395,0.06568063647681864,0.026390016,0.022888778451628736,0.0016184810456223203,3.1541300160000003,2.8149769964830993,0.19904893230973394
R:A:HIS:243,111.080445,2.7908588690535754,0.1973435231642402,-8.786624999999999,0.8551884730134054,0.06047095684603477,-88.36116,5.050801280430661,0.35714558358182175,-7.405944999999999,4.447579165340961,0.31449133876765983,0.587560788,0.06861755532319011,0.0048519938677470805,7.114275788,7.335973209235673,0.5187316402853384
R:A:GLY:244,72.93492,1.5967632897834294,0.11290821501556031,-5.240130000000001,0.5196444583559032,0.036744412030946964,-72.87723,1.6508025948307687,0.11672937092051852,-0.9925499999999999,0.9143842231250493,0.06465672847817154,0.024679151999999996,0.015289462151668253,0.0010811282368139684,-6.150310847999999,2.526096761597403,0.1786220150058901
R:A:ASP:245,101.00659,2.8726190683590467,0.20312484230024644,-9.926795,0.9207737360367095,0.06510853526900294,19.16968,9.16331157756845,0.6479439754623851,-170.17553,8.135825093320284,0.5752897094034448,0.09051317999999998,0.026756364326051475,0.0018919606654848825,-59.835541819999996,12.61976265642928,0.8923519751325902
R:A:LEU:246,65.59442,2.7709000114764155,0.19593221881048556,-11.080395,0.9065971756932624,0.06410610107372776,-66.320845,1.5288490837800173,0.10810595545516903,-0.55802,0.7159232707490377,0.05062341995558972,0.037186703999999994,0.01660610098999714,0.0011742286619095617,-12.327653296,3.3689771037720173,0.23822265557394084
R:A:LEU:247,70.452875,3.2640574656974106,0.23080371681772158,-11.212765,0.9507171449884555,0.0672258540211651,-76.14146000000001,2.545647204229211,0.1800044400619051,-0.15683499999999995,1.1545463731591727,0.08163875696551852,0.04476383999999999,0.014759244946541135,0.001043636218689252,-17.01342116,4.401300839596902,0.31121896697210144
R:A:GLU:248,97.98923500000001,2.671995566945237,0.18893861846873705,-10.241779999999999,1.1155605638422328,0.07888204395171312,37.891965,8.28506910917314,0.5858428549695516,-183.88770499999998,7.327456785131864,0.518129438161812,0.22920174000000004,0.039701351698696596,0.002807309500842042,-58.01908326000001,11.433267466496693,0.8084540956679349
R:A:CYS:249,78.75605999999999,2.0528024518691512,0.14515505341530482,-9.86889,0.6299610526850052,0.04454497322369831,-71.42578999999999,1.4443893089814812,0.10213374750541568,3.413795,1.4673412871499936,0.10375669744587575,0.000174924,0.0010191695493017832,7.206616994901283e-05,0.8753499240000013,2.9749287053443094,0.21035922610954777
R:A:ALA:250,90.36338500000002,2.2121431569351473,0.15642214272242597,-7.459395,0.4949516632712734,0.03499836774586781,-79.886785,1.45811430579876,0.10310425133754184,0.500875,1.0452380587095935,0.07390949192678162,0.051589008,0.0325528632119747,0.0023018350324225407,3.569669008000001,2.891061070403615,0.2044288887706835
R:A:ASP:251,105.353165,2.740277328624787,0.19376686814023442,-8.83941,0.8247276531680018,0.05831705161871611,4.687844999999999,8.819144084942428,0.623607658672402,-166.79128,8.615041781767514,0.6091754464093246,0.19257177599999997,0.0702518335814534,0.004967554791623452,-65.397108224,12.656637711192161,0.8949594352605361
R:A:ASP:252,100.17147000000001,5.485832797224138,0.3879069571372754,-7.67141,1.095879925858668,0.0774904126940875,19.45726,9.716904445984843,0.6870889025897595,-169.246035,6.367961851626862,0.4502829007622597,0.208300212,0.041731581453396366,0.0029508684235335326,-57.080414788000006,12.894426159083842,0.9117736176597393
R:A:ARG:253,-196.69343500000002,4.118730643751178,0.2912382368077292,-13.874625000000002,0.9609977233974075,0.06795280069191409,-9.72395,7.417744644263511,0.5245137539068923,50.80641,6.380250283640917,0.45115182412298854,0.183882276,0.060206139209517694,0.004257216930411124,-169.30171772399999,10.659343920183293,0.7537294368961203
R:A:ALA:254,85.91021500000001,2.1853393395019918,0.15452682661555892,-6.81414,0.7043003268492781,0.04980155371070264,-85.41260999999999,1.3631984403967015,0.09639268613074332,4.34614,0.845437644300276,0.059781469135510544,0.057147696,0.04335930056908649,0.0030659655459906784,-1.9132473039999995,2.8011964955034556,0.19807450374064856
R:A:ASP:255,105.936595,4.873651521290274,0.3446192039844486,-7.361945,0.5464430454997117,0.03863935830050753,-2.4120649999999997,9.020451420565104,0.6378422368845411,-159.823055,7.393044519815569,0.5227671913575631,0.5659602119999999,0.07175518264037417,0.005073857623028781,-63.094509787999996,12.652346780812474,0.8946560206636285
R:A:LEU:256,70.6671,2.9267598961992083,0.2069531769507296,-10.80386,0.9075448971814012,0.06417311510282168,-74.810895,1.405923893379368,0.09941383188407438,-0.6602450000000001,0.8258778147976854,0.05839838032749709,0.09166600800000001,0.020927173271895468,0.0014797746131623155,-15.516233991999998,3.471123065512249,0.24544546579567478
R:A:ALA:257,101.621045,2.2085178996274855,0.1561657983198466,-8.03044,0.6236086003255568,0.04409578700964526,-84.838995,1.4009035137992194,0.09905883743954902,-0.20108000000000004,0.9181877550915172,0.06492567880276646,0.015803423999999996,0.008786849302601245,0.0006213240727133626,8.566333424,2.8411468840365623,0.20089942280492828
R:A:LYS:258,129.87129000000002,3.366607089623022,0.23805507026631456,-7.906695,1.025238070876711,0.07249527922475366,-207.843045,13.336092944823646,0.9430041755818873,73.196725,12.238122605995374,0.8653659483691711,0.8489755440000001,0.11453431395874367,0.00809879900787767,-11.832749456000002,18.43966633264548,1.3038813106630893
R:A:TYR:259,89.77550500000001,2.9501039507066524,0.2086038508749898,-10.88648,1.1363222780531939,0.08035011884247589,-98.99678500000002,2.6724330017373674,0.1889695497795213,-2.404965,1.054761334982943,0.07458288924998147,0.437007132,0.06102902281288941,0.004315403588018261,-22.075717867999998,4.2722928040749375,0.3020967212975878
R:A:ILE:260,77.91183000000001,2.9200453457266726,0.2064783865335547,-10.787145,1.1020258045867166,0.07792499194658284,-61.083845000000004,1.3658791092095226,0.09658223804030944,-2.71289,0.6668026903814951,0.047150070408218905,0.041018364,0.01895747841583115,0.0013404961542031815,3.3689683640000005,3.4715611257671797,0.24547644133335778
R:A:CYS:261,85.275525,2.226592694988241,0.15744387935666151,-7.622004999999999,0.6098603815423659,0.04312364113656221,-77.39119000000001,2.336978646436462,0.1652493448383381,-2.044225,1.6266640508645291,0.11502251810786876,0.116105184,0.04012460298308438,0.002837237886175694,-1.6657898160000002,3.6658914095195922,0.25921766747648145
R:A:GLU:262,94.25885,3.0660525252350133,0.2168026532067816,-5.651724999999999,0.7956763911132465,0.05626281717862162,8.34423,12.01488642464422,0.8495807666052121,-151.69185,11.616728078830976,0.8214267199741557,1.009996488,0.09189067497979246,0.006497651940602026,-53.730498512000004,17.01023485897897,1.2028052418359825
R:A:ASN:263,16.933925,2.6402082719692777,0.18669091728542928,-7.712280000000001,0.8368771663750899,0.05917615193640086,-77.79314500000001,2.268596805070261,0.1604140184643318,-10.295765,1.2625537492617886,0.08927603177155108,0.296326404,0.05619263476267316,0.003973419309342511,-78.57093859599999,3.7966819931259144,0.2684659583348191
R:A:GLN:264,32.73514,3.166577587933067,0.22391084855808124,-9.506685,1.0336454545805345,0.07308977102765474,-79.112955,4.978767910133491,0.3520520551209367,-4.47509,3.5880292782947016,0.25371198337780576,0.27111016800000004,0.0736694685939988,0.005209218080922594,-60.08847983199999,6.983061487746826,0.49377701314284017
R:A:ASP:265,86.62046000000001,6.1795167277385055,0.43695781826396013,-4.299515,0.7277606198297625,0.051460446936215,-12.859915,12.599507722834849,0.8909197350428797,-134.20015999999998,12.303904283372818,0.8700174153843128,0.933003144,0.10949160828067173,0.007742225869828412,-63.806126856,18.677839981984903,1.3207227309178746
R:A:SER:266,80.47168500000001,4.187647403468324,0.296111387621069,-4.40081,0.6445915093297461,0.045579502734233515,-71.015745,4.745348606791181,0.33554681789561797,-6.237405,1.6584408524198262,0.11726947729428573,0.52870698,0.08880063939221833,0.006279153428793883,-0.6535680199999999,6.574840986988313,0.4649114647122689
R:A:ILE:267,80.92046,3.3336135766462194,0.23572207659020822,-9.797935,1.0918362289166814,0.0772044801412133,-62.78671,1.7135022515012928,0.12116290616149811,-1.9535399999999998,1.0654156693047085,0.07533626445477636,0.017954064000000002,0.01491353280456056,0.0010545460177552803,6.400229064,4.046789932395271,0.2861512603234146
R:A:SER:268,67.04163,2.434871572198418,0.17217142000198518,-7.30152,0.6812006529650423,0.04816816010602854,-60.521385,2.238567853958195,0.15829065096800565,-3.3847749999999994,1.2377536283020947,0.08752239840106645,0.03337956,0.020323996958039527,0.0014371236069844512,-4.132670440000001,3.5967022463226437,0.25432525482836293
R:A:SER:269,75.97465,4.96460656623463,0.3510506968907767,-4.064005,0.8326458220486066,0.0588769507097217,-63.120335,4.787417116021435,0.3385215107107301,-5.03161,2.653082574647838,0.1876012679581351,0.574035012,0.10219094133495715,0.007225990759378486,4.3327350120000006,7.4370202501836,0.5258767450726497
R:A:LYS:270,120.20942,3.45185569709975,0.24408305710966505,-7.49551,1.4140434929308223,0.09998797427440963,-203.580245,21.109016667172703,1.4926328829537674,77.88246000000001,18.07890750068709,1.2783718090180178,0.46885485600000004,0.13403539287467642,0.009477733522068675,-12.515020144,28.042294366071722,1.982889650627863
R:A:LEU:271,75.101755,2.86663134270436,0.20270144615881508,-10.676415000000002,0.8991701800966266,0.06358093317870539,-78.458875,1.9828031317745591,0.14020535402357143,-0.13120500000000002,0.7753981834999357,0.054828931367253544,0.001080648,0.0029082461523220484,0.00020564405756666053,-14.163659352000002,3.6822331984810095,0.26037320645561524
R:A:LYS:272,126.803995,3.1918266016459915,0.22569622343954937,-6.238430000000001,0.9852422875110467,0.06966715026108072,-183.52991999999998,14.940948790274332,1.0564846206963923,48.063199999999995,13.91420460788183,0.9838828433050348,1.032546564,0.1592424593974619,0.011260142289276876,-13.868608435999999,20.688664969121373,1.4629095293362298
R:A:GLU:273,90.13120500000001,3.0038780639325227,0.21240625488642043,-5.93085,0.8586850863384083,0.060718204745364455,-17.280700000000003,9.19996751570352,0.6505359417049914,-128.51153,8.34847312261949,0.5903261957557873,0.8466974999999999,0.10343168909827007,0.007313724875096546,-60.74517750000001,12.810453832081231,0.9058358774741833
R:A:CYS:274,84.969095,2.207678741568845,0.1561064608844714,-8.426015,0.7474375591144721,0.05285181665633642,-76.157145,1.5247730532689119,0.10781773657369643,1.3337099999999997,0.8093656997303507,0.0572307974739126,0.011166444,0.014692279113101003,0.0010389010191959194,1.7308114439999995,2.900470633137066,0.20509424533236584
R:A:CYS:275,89.98575500000001,2.170272149979122,0.15346141542705452,-7.185285,0.594705880057529,0.04205205606001923,-81.97236000000001,2.3350515434139782,0.1651130780768138,-1.155445,1.8783327306350703,0.1328181811156703,0.16826796000000002,0.04235811057366936,0.0029951707224891203,-0.15906703999999963,3.7478193734032024,0.2650108493595722
R:A:GLU:276,107.369355,2.89883165412809,0.20497835201521888,-5.0426,0.8276369614752594,0.05852277078197853,-23.77092,9.75194083214208,0.6895663492137648,-128.26623,9.56786200083906,0.6765500102250388,1.052321112,0.11311943880728659,0.007998752226464905,-48.658073888,13.990901942587945,0.9893061638519977
R:A:LYS:277,142.469035,3.1769068342925952,0.22464123657261814,-8.217120000000001,1.1012875172269956,0.07787278714673053,-185.94498,16.578205641733366,1.1722561629174741,51.323565,14.496641170139204,1.0250673275833517,0.605811312,0.09490646501038934,0.00671090049872901,0.2363113120000007,22.277883337109266,1.5752842378152754
R:A:PRO:278,86.00494499999999,2.373922886695143,0.16786169711960797,-4.19776,0.6994552611854457,0.04945895583208364,-62.74588999999999,1.4149120212578588,0.10004938850137964,-2.810715,0.8000428199634066,0.0565715703235733,0.733391208,0.04565672435563392,0.003228417939863375,16.983971208000003,2.9612289024202245,0.20939050375469379
R:A:LEU:279,67.985645,3.2090374411924523,0.22691321357487096,-6.3677649999999995,1.1369342856009752,0.08039339431119324,-70.37890499999999,2.480313243518851,0.17538463139589802,-1.158605,0.8161978614129052,0.05771390425950232,0.51317802,0.10906040112944203,0.007711734919755346,-9.40645198,4.291918891917055,0.3034844952777202
R:A:LEU:280,70.14203,4.186202681321105,0.2960092303383461,-7.187239999999999,0.9663334426583817,0.06833009301910835,-76.3408,2.838830419380488,0.20073562401825934,-2.117665,1.2099934474099436,0.08555945718548592,0.489905568,0.18139395356229207,0.012826489463013442,-15.013769431999998,5.292829042266901,0.37425953074480256
R:A:GLU:281,109.870055,3.1718970021069413,0.2242869879415099,-7.806685000000001,0.7924339756566473,0.056033543782943084,-59.320955,11.449343311866189,0.8095908295953426,-94.70018,11.0598881733768,0.7820521926559634,0.553730652,0.10794358964162946,0.007632764422121416,-51.404034348,16.2514344812041,1.14914995256683
R:A:LYS:282,133.001695,3.2197212786163645,0.22766867496402526,-12.378984999999998,1.164863994110471,0.08236832293955607,-182.7532,6.24919953834089,0.44188513705486854,49.48943,6.215086245185983,0.43947296296302457,0.28395086399999997,0.04185230810807815,0.002959405087153078,-12.357109135999998,9.455424726449042,0.6685994943071073
R:A:SER:283,79.00419,5.475823923748827,0.3871992229066324,-8.231445,0.8872580892699711,0.06273862115854156,-73.93728,5.563001009491191,0.39336357375588304,-2.91553,1.1235752129252408,0.07944876522325567,0.028865664,0.018244088788095282,0.0012900518898631636,-6.051199336000001,7.936095318124066,0.5611666815588338
R:A:HIS:284,104.071205,2.9489779607475874,0.20852423136142953,-10.6723,0.9864627362450141,0.06975344901866862,-80.803095,4.835486635900776,0.3419205390582365,-7.33924,3.5862573014774055,0.25358668569544424,0.28733497199999997,0.11920355090201977,0.008428963918433396,5.543904972,6.776943386800399,0.479202262452389
R:A:CYS:285,87.19443500000001,2.1493541950490616,0.15198229264909446,-7.42324,0.7310998717001665,0.05169656770038026,-73.598235,1.9590649044314485,0.1385268078708053,-3.2138350000000004,1.3830441380429621,0.0977959888690482,0.17497112399999998,0.05217821695355087,0.00368955710380787,3.134096123999999,3.3026806433637286,0.2335347879016042
R:A:ILE:286,77.16917,3.0682947073415225,0.21696119942399839,-9.93076,1.1271736345390624,0.07970321205572582,-60.91874,1.705922000678812,0.12062690148553101,-0.33235,0.931194688290263,0.06584540786949383,0.095381964,0.034146647386569355,0.002414532592182909,6.082701963999999,3.803079308524573,0.26891831684479717
R:A:ALA:287,86.996105,2.5086136936513364,0.17738577541582923,-5.1473450000000005,0.6622783976357677,0.046830154600161204,-81.62578,2.6159362208586048,0.18497462409206294,1.63434,1.4011327790041883,0.09907504893766138,0.24532578000000002,0.06100753633605278,0.0043138842646707615,2.1026457799999996,3.9423054974773066,0.2787630950775209
R:A:GLU:288,110.28496,3.0211112605132566,0.21362482590279622,-6.6638,1.060990706839603,0.07502337235821915,-60.638324999999995,16.564759186277808,1.1713053549339194,-95.194965,14.795777164237606,1.0462194365757478,0.618578784,0.12483499742289476,0.008827167320713408,-51.593551215999994,22.44046940458536,1.5867808088991555
R:A:VAL:289,48.045175,3.141019710917937,0.22210363374306824,-7.9189300000000005,1.0124095787278982,0.07158816784567126,-57.718830000000004,4.024734064643278,0.28459167495817583,1.92594,2.1150149399945146,0.14955414063809802,0.079190388,0.031837800159430864,0.002251272439079571,-15.587454611999998,5.618163766969952,0.3972641697441011
R:A:GLU:290,86.003945,2.9417499812144134,0.20801313602721105,-5.54761,0.8688933927128231,0.06144004101154231,-13.901945000000001,10.300588949762775,0.7283616296592476,-120.867365,9.624069306783644,0.680524466943603,0.8552367359999999,0.06998286033723902,0.004948535511129279,-53.457738264,14.427009704521792,1.0201436394311487
R:A:ASN:291,14.41299,3.2298145844459865,0.2283823794636968,-6.586735000000001,0.859086802817387,0.06074661039000448,-79.810815,3.7941007473148365,0.2682834366931268,-5.774069999999999,2.6828250101525444,0.18970437574157323,0.46213585200000007,0.0944873890041401,0.006681267350143868,-77.29649414800001,5.72463193290458,0.40479260595538813
R:A:ASP:292,106.75658000000001,2.8132679206929443,0.1989280824016559,-7.54893,1.2852581783828492,0.09088147735099819,-61.965045,11.380873772824959,0.8047493020592655,-104.18607,10.249865494976019,0.7247749397747552,0.078542208,0.040428765315185376,0.0028587454109367067,-66.864922792,15.625364954516739,1.1048801517853415
R:A:GLU:293,100.443925,2.9976877137845763,0.21196853102966723,-4.4877,0.9702934762225293,0.06861010967780186,-27.145715,9.605055191084276,0.6791799659286741,-124.48861000000001,9.124111319898503,0.6451720986601172,0.8754002639999999,0.08595179842299928,0.006077709952008199,-54.802699735999994,13.617690016030696,0.962916095443165
R:A:MET:294,98.61140499999999,2.9391113896848147,0.20782655943087497,-7.546765000000001,1.0299757180511586,0.07283028146914577,-67.961795,1.910530552745755,0.13509491095106063,-6.16606,1.3799702809843406,0.09757863435199327,0.505702224,0.13208194373416915,0.009339603808673103,17.442487224,3.907827574239375,0.2763251377452438
R:A:PRO:295,76.212575,2.3210506186584987,0.16412306319306558,-6.383475,0.9626317205323124,0.06806834173736716,-50.37674,1.6439894867060436,0.11624761142492349,-4.913455,1.2452041993082903,0.08804923332928573,0.276540552,0.11684638607222773,0.00826228719488136,14.815445552000002,3.2528178264488066,0.23000895430464374
R:A:ALA:296,82.12967,2.107906205479741,0.1490514771999929,-2.51337,0.3603167815964169,0.02547824396421386,-67.987735,1.3125932518396555,0.09281435893155221,-5.450640000000001,0.8030276710051778,0.05678263116482011,0.8341254720000001,0.06603501880317454,0.004669380959150589,7.0120504719999985,2.6353769869002304,0.1863492938420124
R:A:ASP:297,86.69651,4.5654693154044965,0.3228274312221624,-3.2140250000000004,0.8120983403350853,0.05742402434412795,-7.182775,7.537764824162068,0.5330004622154422,-137.754185,5.825870998466667,0.41195128893338223,0.9830241359999999,0.08232571298979138,0.0058213069921098926,-60.471450864,10.595681325070336,0.7492278116248897
R:A:LEU:298,83.07053,4.349885589196571,0.3075833597506536,-7.99731,1.073508814076531,0.07590853620970436,-72.385315,3.3245488364250266,0.23508110266219823,-4.20639,0.966323102228235,0.06832936184028064,0.28337864399999996,0.11470126390044558,0.008110604151467282,-1.2351063560000002,5.663345962998848,0.40045903346419437
R:A:PRO:299,89.283485,2.4291210776276677,0.17176479863136976,-4.90343,0.8889829723341163,0.06286058880968266,-68.077225,1.8789229692499372,0.13285991728837934,-2.859325,1.0002157864056136,0.07072593652172447,0.533437344,0.06569679463551371,0.004645464898899174,13.976942344,3.350525204717968,0.23691790927925205
R:A:SER:300,69.282775,6.437722200000168,0.4552157023015298,-4.997845,0.7099567176772117,0.05020152094184996,-52.162275,5.73255727571692,0.4053530123199715,-10.614700000000001,1.8882569872768908,0.13351993203263698,0.492322032,0.07961250132010535,0.005629453955066945,2.000277032,8.8533819066553,0.6260286382630248
R:A:LEU:301,61.763465,2.9918777279118545,0.21155770298874726,-10.01702,0.9737949011983992,0.06885769781222721,-61.36591000000001,1.7433736265929918,0.12327513135056883,-5.759659999999999,0.9197099621076201,0.06503331509311208,0.075737808,0.04221389681039096,0.002984973269493662,-15.303387192,3.713032302277872,0.2625510319705382
R:A:ALA:302,84.78496500000001,2.2774676449458067,0.16104128156741362,-4.862585,0.5355826386049122,0.037871411564331735,-68.8706,1.5107064307799847,0.10682307615866528,-6.56952,0.911075869288612,0.06442279253494061,0.360769788,0.06596206811229507,0.004664222566329278,4.843029787999999,2.9309301920345434,0.20724806139720156
R:A:ALA:303,90.87483,2.229619573178348,0.15765791196606654,-4.0206349999999995,0.6039699593315879,0.04270712538763291,-74.26054,1.7087634910659812,0.12082782519767538,-6.82332,1.187393632120368,0.08396140892100369,0.47859688799999994,0.06860159752363974,0.0048508654809195926,6.2489318879999995,3.109737229744306,0.21989162828604675
R:A:ASP:304,103.62224999999998,6.53425857213349,0.4620418546381918,-6.52327,1.3335602225246523,0.09429694764678229,-15.708555,8.932487922576499,0.6316222782920778,-145.421,9.03420616877875,0.6388148444580793,0.42210738,0.09934219644001233,0.007024554076069881,-63.60846761999999,14.348902690225778,1.0146206394844541
R:A:PHE:305,107.33045,3.0678107206116874,0.2169269763941313,-10.76836,0.9895830184476692,0.06997408628913993,-81.99889999999999,2.3456858122945623,0.165865034440656,-3.9531150000000004,1.2662419562528324,0.08953682738892975,0.173749608,0.07445879449561842,0.005265031850682736,10.783824608,4.183526252069268,0.29581997821101214
R:A:VAL:306,51.51436999999999,2.8928925806362042,0.20455839610121113,-5.119885,1.017026332881799,0.07191462166260071,-57.1348,2.741671134545499,0.19386542510205376,-2.52435,1.9806896015024666,0.14005590486480746,0.684152388,0.1833546072681847,0.012965128616112964,-12.580512612,4.569100662535404,0.3230842062402731
R:A:GLU:307,92.822135,2.8973111425552838,0.2048708356108185,-4.3832,0.822240858872873,0.05814120870776595,4.323495,9.866814298950548,0.6976891299496323,-149.426615,9.213917895052843,0.6515223824887945,1.03912758,0.09159551014634505,0.00647678063507218,-55.62505741999999,13.83217947436354,0.9780827904911834
R:A:SER:308,84.59239000000001,6.4125714099649604,0.45343727288292035,-5.188040000000001,0.7522121963914172,0.053189434495959816,-67.00204,5.725579971356614,0.404859642397214,-7.621579999999999,2.8621957870837558,0.20238780501304915,0.3098445839999999,0.06658945329343187,0.0047085853979290555,5.090574584,9.09207128016438,0.6429065257235687
R:A:LYS:309,115.33006999999999,3.5440411757060617,0.25060155481461005,-4.668465,0.9274124372548602,0.06557796233396551,-161.13426500000003,12.214874403970553,0.8637220522389566,39.249694999999996,11.691614930024638,0.8267220200042303,1.226938212,0.15429262212448092,0.010910135939127399,-9.996026788,17.301478095060755,1.223399248556797
R:A:ASP:310,89.87512000000001,7.189766848486813,0.5083932893715258,-5.0774799999999995,1.0232314594460044,0.07235339036976775,-49.83685499999999,15.709919146322015,1.1108590360256674,-104.18360999999999,14.902203220259077,1.0537448951665198,0.48772097999999997,0.09295631021391286,0.006573003730633811,-68.73510402,22.839124572379816,1.6149699861494076
R:A:VAL:311,48.937084999999996,3.089373759805537,0.21845171351782752,-8.33919,1.0503079900200702,0.07426799020776043,-53.00199500000001,2.440948863654255,0.1726011494019521,-0.9914149999999999,0.8724711529758448,0.06169302686588655,0.059682455999999995,0.047964600548288355,0.003391609430459869,-13.335832544,4.167627019339752,0.29469573268314175
R:A:CYS:312,91.16348999999998,2.270484593627536,0.16054750527336134,-6.984394999999999,0.5993295579019944,0.042378999455803576,-71.33656500000001,2.376106983234341,0.16801613606697127,-4.584145,1.354598609911807,0.09578458628545096,0.16962145199999998,0.05226310062199234,0.0036955592855645652,8.428006452,3.605253032771989,0.25492988673664396
R:A:LYS:313,123.64182000000001,3.5926158280005396,0.2540363014177305,-6.14986,0.9092016500205001,0.06429026521954938,-166.14360500000004,18.092851624024746,1.2793578074349936,37.533265,16.48696138118771,1.165804219379856,1.081362816,0.13193520377409415,0.009329227726589095,-10.037017184,24.757263954236638,1.7506029225666007
R:A:ASN:314,15.966849999999999,4.1393741975689995,0.29269795649696634,-7.91114,1.0904093820212664,0.077103586829667,-80.035195,5.041168793739702,0.3564644639159351,-9.440775,2.4399397808911187,0.1725297964754929,0.40095860400000005,0.09994025395320139,0.007066843128381436,-81.019301396,7.04982895988337,0.4984981863738836
R:A:TYR:315,83.856405,3.2263414963352837,0.22813679504822318,-12.641449999999999,1.3078068884586898,0.09247591193116182,-79.80787500000001,4.343092402813346,0.3071030089349093,-5.197280000000001,2.8474760581258627,0.20134696299671373,0.319011336,0.1490001021071781,0.010535898259747361,-13.471188664000001,6.253991594164319,0.4422239865717256
R:A:ALA:316,90.399465,2.219921419504528,0.1569721489432918,-4.309035,0.659209173005807,0.04661312764527821,-77.993775,2.189051866533774,0.15478934191951008,-2.8165750000000003,1.6807141352338895,0.11884443622599673,0.524390688,0.08112963787168445,0.005736731709427702,5.804470688000001,3.6036006908980904,0.2548130485222567
R:A:GLU:317,94.443155,3.2765651925415735,0.23168814666459522,-4.3549299999999995,0.8847029812880705,0.06255794774047499,-19.99044,16.57593563291074,1.1720956490542909,-125.06002500000001,16.106306733834884,1.13888787113652,1.0243611719999999,0.10914717289803899,0.007717870610354393,-53.937878827999995,23.360334985658948,1.6518251279148792
R:A:ALA:318,100.62538500000001,2.404804220050979,0.17004533714240738,-4.222809999999999,0.7859779283796714,0.055577032302022024,-84.4859,1.9484778854274942,0.1377781925777806,-0.37151,1.0165104475114852,0.07187814305823433,0.19981566,0.0535357406515199,0.0037855485250534037,11.74498066,3.351651872749034,0.2369975767397433
R:A:LYS:319,124.15256000000001,3.4687657828685987,0.24527878074142492,-6.674580000000001,1.2451479324160644,0.08804525465918081,-170.32515500000002,12.25488334016179,0.8665511112478449,39.353275,11.153544617267418,0.7886747033136506,0.959454828,0.17395039657209643,0.012300150500621856,-12.534445172,16.976357423806135,1.2004097454219906
R:A:ASP:320,86.768615,4.67816469320769,0.3307961978074642,-3.9050199999999995,1.161450304403938,0.08212693862552044,-40.708040000000004,11.363731870226436,0.8035371865022801,-110.06248500000001,11.763690135742909,0.8318185066761108,0.8632236599999998,0.15793787159414677,0.011167894001039137,-67.04370634000001,17.052212281866353,1.205773493874023
R:A:VAL:321,52.470955,2.685757776303552,0.1899117536248744,-5.589919999999999,0.82042444722229,0.058012769008210605,-59.174850000000006,2.1536975129994462,0.1522894116066511,0.068625,0.8773132874720411,0.06203541747965432,0.49574087999999994,0.09541625406619984,0.00674694802856284,-11.72944912,3.647408251072263,0.25791071080889627
R:A:PHE:322,90.286155,3.054748772153775,0.2160033571611214,-12.730135,0.8938933699133247,0.06320780635234069,-66.918805,1.7717637108189683,0.12528261345803338,-2.402975,0.8550180608472548,0.0604589068862066,0.15424991999999998,0.073684019994699,0.005210247020333681,8.388489920000001,3.742481434009069,0.2646334000452567
R:A:LEU:323,74.717335,4.529384065496655,0.3202758187310978,-9.70326,0.9740548302842095,0.06887607757414761,-75.121795,2.7154612652319314,0.19201210746949007,-2.557475,0.8991815219270245,0.06358173516722393,0.115904556,0.04971883079881569,0.0035156522410509147,-12.549290443999999,5.445074111493893,0.3850248828300647
R:A:GLY:324,81.77648500000001,2.083959586886224,0.1473581955605965,-5.090065,0.575928086461322,0.040724265541259304,-79.39581,1.5958104191601203,0.11284083688762679,-1.74702,0.9401371174461735,0.0664777330991363,0.094912848,0.031061503255793915,0.00219637995860199,-4.361497152000001,2.8471062907862277,0.201320816497382
R:A:MET:325,88.47894500000001,2.724434367345817,0.19264660160479086,-9.23864,0.7745809579379033,0.05477114479358633,-72.132,1.7797033544947871,0.125844031046371,-3.91756,1.1957314608222032,0.08455098244254763,0.611305488,0.0807639907011253,0.005710876550045297,3.8020504879999986,3.553330671492448,0.25125842136104587
R:A:PHE:326,95.97489500000002,2.8705983024406256,0.20298195257183582,-14.38698,0.7328509190824557,0.05182038544819982,-70.335085,1.2698323384506316,0.08979070574884127,-2.845585,0.6489189261957151,0.04588549731532829,0.075970368,0.0356342120801313,0.0025197193004100433,8.483215367999998,3.2881978074920575,0.23251069675603714
R:A:LEU:327,74.09468,3.063119217007395,0.2165952369928757,-11.857275,1.0222405927055527,0.07228332551062519,-77.244525,1.3502996183717888,0.09548060167842991,-1.48316,0.5364920450482001,0.037935716310622106,0.011979683999999997,0.011658196180445068,0.0008243589575595814,-16.478300316,3.5410371156326748,0.2503891356897117
R:A:TYR:328,90.111645,2.963554762270304,0.20955496688190187,-15.332804999999999,1.0932963811222463,0.07730772849382524,-95.395405,1.6390328553677616,0.11589712466180939,-0.53618,0.6559257790329635,0.04638095663092774,0.11761181999999999,0.04133042819412835,0.0029225026045411827,-21.035133180000003,3.618885096106217,0.25589381917916365
R:A:GLU:329,99.486465,2.7205766243160654,0.1923738179791496,-8.95246,1.2646722059095,0.08942582927767571,-42.579285,7.592519834927994,0.5368722261570951,-106.76133,6.958102222668191,0.4920121265837866,0.262284372,0.060941483526931114,0.004309213625746127,-58.544325627999996,10.72689101307851,0.7585057376396848
R:A:TYR:330,82.51497499999999,3.2821442829916845,0.2320826479336079,-13.76473,1.0344059247220116,0.07314354438704758,-75.72363,2.2737301935585936,0.1607770038453883,-4.416615,1.1364108221831577,0.08035637985794906,0.11401135200000001,0.053369803878876076,0.003773815023334938,-11.275988648,4.27862052504263,0.302544158738159
R:A:ALA:331,101.10352,2.2879554671365434,0.1617828825865085,-8.22725,0.666348052822247,0.04711792267810626,-79.99584999999999,1.4707933360945036,0.10400079416764084,-1.2350850000000002,0.7922942810439818,0.056023665882151984,0.002532708,0.004136104531118139,0.00029246675616500416,11.647867708,2.910281828231707,0.20578800159066232
R:A:ARG:332,-172.82320500000003,4.250900917802602,0.3005840865130338,-14.110335,1.2013979618656758,0.08495166457389165,-61.557415,8.126982514609898,0.5746644446665159,81.647715,6.786474734630271,0.479876230520824,0.23286168,0.0454414488861964,0.0032131956654371362,-166.61037832000002,11.472561384345559,0.8112325952449669
R:A:ARG:333,-189.657765,4.286874956162706,0.3031278351601433,-11.70161,1.678456513556428,0.11868479826624806,-70.67547,11.254102559027086,0.7957852235656929,90.70907500000001,8.473222658432563,0.5991473200281171,0.195450552,0.07385797996849423,0.005222547848046246,-181.13031944800002,14.820603725467969,1.047974939555701
R:A:HIS:334,119.10608499999998,3.6713337232911694,0.2596024971738042,-9.653185,1.0452386908142084,0.07390953662332758,-87.24656999999999,3.3876750766713153,0.23954480191709443,-7.36975,1.9347364129255438,0.13680652373881882,0.36847735200000004,0.09655716244773194,0.0068276224338922305,15.205057351999999,5.45894549585998,0.38600573782503517
R:A:PRO:335,76.011335,2.631893092960844,0.18610294533906493,-6.7371799999999995,1.3988838363495377,0.09891602467750107,-55.20129500000001,1.660555523906081,0.11741900714907699,-1.700845,1.3620593089050859,0.09631213737050487,0.44650699199999994,0.1721158763907291,0.012170430334575013,12.818521992,3.677772603659822,0.2600577947709965
R:A:ASP:336,79.41501,6.416961847315286,0.45374772368519933,-6.049635,1.034366227104791,0.07314073734161422,-40.348375000000004,11.991824211702529,0.8479500218891882,-96.19617,11.745056415833004,0.8305009037054083,0.44887518,0.15678218896895527,0.0110861748989219,-62.73029482,18.000613645982398,1.2728355974593257
R:A:TYR:337,97.98961499999997,3.343741715021512,0.23643824412280473,-11.563095,1.0837455263921507,0.07663238107924743,-88.41545500000001,2.2331816804673554,0.15790979098800367,-7.548175000000001,1.4316171919808032,0.10123062245128693,0.344063016,0.07979154646900224,0.005642114358959301,-9.193046984,4.404328316098599,0.3114330418885247
R:A:SER:338,83.13478500000001,3.8214797276415062,0.270219422958223,-7.808769999999999,0.5850980320424946,0.04137267861161518,-71.68288,4.2051190762688275,0.29734682145265984,-3.4175349999999995,1.249986811440425,0.08838741507632747,0.071887176,0.030371736967006412,0.0021476061165784377,0.29748717599999996,5.847432165716538,0.41347589369065035
R:A:VAL:339,55.42558,2.828429531312385,0.20000017016992758,-8.402425000000001,0.8698245825308687,0.0615058860750335,-55.08984,2.13052871710287,0.1506511303376115,-1.696695,0.6267196438400506,0.044315771006211764,0.128659068,0.035284028291817475,0.002494957567272213,-9.634720932,3.6999707440738634,0.26162744033264645
R:A:VAL:340,41.552164999999995,2.8978200871991686,0.20490682343171246,-9.58895,0.7328547588028612,0.051820656957433486,-43.469515,1.8386700328702266,0.13001360486070293,0.171765,0.5775351762230592,0.04083790394810929,0.13475663999999998,0.02577282292487185,0.0018224137860496994,-11.19977836,3.556593308663013,0.2514891246478316
R:A:LEU:341,66.96569,3.2666466711139726,0.23098680128851515,-11.74908,0.8606083392577601,0.0608541992634855,-70.447015,1.791806709657881,0.12669986749746429,-0.05458500000000001,0.6614155447031768,0.04676914168418103,0.017224379999999997,0.024175002231420786,0.0017094308013037556,-15.26776562,3.8807542341383705,0.27441076350776483
R:A:LEU:342,68.382395,3.055579488243597,0.2160620976591568,-12.49522,0.8701011731976921,0.06152544398864587,-71.76880499999999,1.4807436195962487,0.1047043854615221,-0.5045350000000001,0.48554986229531566,0.034333560023321205,0.0039061800000000004,0.004965196370859868,0.0003510924023757848,-16.38225882,3.5386476300276075,0.25022017354222265
R:A:LEU:343,80.34497,2.864077175828193,0.2025208392869731,-10.503509999999999,0.8707126046520747,0.06156867872140834,-78.257605,1.3275602242365505,0.09387268369911984,-1.137955,0.5893905351929228,0.04167620442020842,0.12231244799999999,0.030539639352803367,0.0021594786081358805,-9.431787551999998,3.3274327236657686,0.23528502428460885
R:A:ARG:344,-188.758305,3.932181935258719,0.27804725112806816,-13.07046,1.483962135096445,0.10493196887507637,-0.8913850000000001,6.0307931755926605,0.42644147503951235,28.765214999999998,4.811047704894953,0.3401924456743197,0.05190134400000001,0.03477133971477176,0.0024587050103256226,-173.90303365600002,8.785331740007917,0.6212167648333009
R:A:LEU:345,62.09219000000001,3.546171771629231,0.2507522106971342,-12.01291,0.9706915482788546,0.0686382576228447,-70.00207,1.7608879961826074,0.1245135843010713,-1.3965050000000003,0.46844780923278956,0.03312426225404877,0.0072459360000000006,0.008858112671709701,0.0006263631538680416,-21.312049064000004,4.103391849072557,0.29015362023448116
R:A:ALA:346,101.83804500000001,2.2097917714063016,0.1562558746571629,-7.01721,0.6922259861490321,0.04894776889195257,-82.47582999999999,1.4687373288304482,0.1038554124997826,-2.523955,0.5835083915206362,0.04126027405234967,0.04356662399999999,0.028018823158402352,0.001981229985617298,9.864616624000002,2.803714130827389,0.1982525274416594
R:A:LYS:347,141.729145,3.431974959695219,0.24267727668629174,-7.613440000000001,1.1312011299499305,0.07998799898734808,-159.802785,11.254320255296408,0.7958006170165206,12.980430000000002,10.300635515107794,0.7283649223263707,0.832840128,0.11157346873717074,0.007889435634455868,-11.873809871999999,15.679073097067189,1.1086778909655772
R:A:THR:348,43.610344999999995,3.2734469013526093,0.23146765018005214,-7.596824999999999,0.9582159956789492,0.06775610283860045,-60.818385000000006,2.7236898679502772,0.1925939575476733,-3.3950099999999996,1.058599853532958,0.07485431349962406,0.185623524,0.04413722143606939,0.0031209728580176913,-28.014251476,4.491625624575261,0.31760589376884285
R:A:TYR:349,80.87290999999999,3.1610105238515103,0.22351719768174438,-15.18074,0.9713500977505484,0.06868482410256285,-76.08252,1.5220870111790585,0.10762780471606766,-4.965505,0.9045518448242754,0.06396147434100467,0.033439428,0.025233696975196004,0.0017842918245567566,-15.322415572,3.7511475835186805,0.265246189353759
R:A:GLU:350,106.38038,2.9630557530360444,0.2095196816005599,-8.281205,1.364143483279893,0.09645951075386501,-90.25927500000002,12.573880120685699,0.8891075899163582,-67.62926,10.563440690059275,0.7469480544602817,0.20726488799999998,0.06534280708121633,0.004620434198889242,-59.582095112000005,16.743165681040946,1.183920599159393
R:A:THR:351,45.786880000000004,3.2231764977425605,0.22791299585148714,-6.872280000000001,0.827644157594313,0.05852327962443663,-58.43314,3.2462698178678866,0.2295459401775601,-3.1902850000000003,2.0272082956063002,0.1433452732700838,0.47313097200000004,0.09689818631880792,0.006851736463070662,-22.235694027999998,5.0725823847313585,0.3586857402370972
R:A:THR:352,36.203224999999996,3.0669126682015255,0.21686347449922266,-7.702004999999999,1.033242655417884,0.0730612888257181,-47.208795,2.5541572725607558,0.18060619276446474,-1.6479400000000002,0.9315147000450396,0.06586803611768002,0.105877152,0.05941641447576668,0.004201374958960516,-20.249637848000003,4.227116395255063,0.29890226679496895
R:A:LEU:353,62.223345,3.1404721501670734,0.2220649153510635,-11.352174999999999,1.0272024407948999,0.07263418115374468,-68.95443000000002,2.021207355790098,0.14292094274633088,-0.552265,0.6494403473568608,0.04592236735921832,0.002889432,0.006161118309704497,0.0004356568536484649,-18.632635568,3.927441925681884,0.2777120818366013
R:A:GLU:354,108.09468000000001,2.9068832910180626,0.20554768871967402,-6.55884,0.9209929393866166,0.06512403528652075,-42.768915,10.768196005727932,0.7614264416796115,-110.78847,10.524892428386144,0.7442222807370792,0.7994213640000001,0.11570796282198863,0.008181788514870909,-51.222123636,15.36356054570474,1.0863677845037916
R:A:LYS:355,120.941515,3.4124192825288926,0.2412944814927913,-6.5214,0.8290336784473837,0.05862153358621727,-152.263625,11.264469413797306,0.7965182708964529,25.840985,11.205193364452708,0.7923268212511014,1.1392228439999998,0.12471430669603734,0.008818633197574685,-10.863302156,16.272433295829472,1.150634792988678
R:A:CYS:356,82.48926,2.1333885516707927,0.15085335117921647,-7.646655000000001,0.8115063930586129,0.057382167350798104,-76.406105,1.7462032424591927,0.1234752154072832,-1.23207,0.6757507566403459,0.0477827942412329,0.006882371999999999,0.011594124591879112,0.0008198284120839433,-2.788687627999999,2.952268384001538,0.20875689942101375
R:A:CYS:357,83.31838499999999,2.0726239906878914,0.14655664786653316,-5.989195,0.6078849455077827,0.042983956714976804,-72.23576999999999,1.5445593990196687,0.10921684249922262,-4.140215,0.9110181166008721,0.06441870880322735,0.274150548,0.0590901210832445,0.004178302531909636,1.2273555479999991,2.807918036915365,0.19854978849188729
R:A:ALA:358,86.20338,2.1558725439134854,0.15244320951751184,-2.8054949999999996,0.5328906923328648,0.037681062217976284,-72.22772,1.4198176402622982,0.1003962681477753,-4.005905,0.810802470380425,0.05733239250088033,0.707617908,0.06268172417481459,0.004432267222047614,7.871877908,2.758436276533415,0.19505089966077482
R:A:ALA:359,91.05652000000002,2.1933701715852707,0.1550946921980246,-4.4544749999999995,0.49235393709708464,0.03481468076652434,-74.181835,1.7667294381922205,0.12492663662676184,-5.507175,1.16310735290213,0.0822441096485031,0.3436236,0.0534855310526202,0.0037819981702671406,7.256658600000001,3.0871179817358754,0.21829220592083656
R:A:ALA:360,88.41689500000001,2.2749254084420003,0.16086151830029147,-2.4765049999999995,0.2586117359575934,0.01828661121900392,-72.4706,1.6447505403555887,0.1163014260445675,-6.308395000000001,1.3708365179608397,0.09693277977482642,0.81698436,0.034569983568616285,0.00244446698068761,7.97837936,3.1349254898145404,0.22167270723624205
R:A:ASP:361,97.05592,3.788637746420209,0.2678971441953049,-5.36362,0.9282702222952108,0.06563861689584874,-13.246625000000002,7.536219271914465,0.5328911751679464,-130.101355,7.059249545736077,0.4991643223878035,0.530874648,0.0568575499942593,0.00402043591625939,-51.124805352,11.038401126229347,0.7805328289813994
R:A:PRO:362,83.88165000000001,2.6260771975515116,0.18569169943080385,-7.91546,0.8065718247000697,0.057033240675942655,-61.3148,1.4388972583197175,0.10174540087886036,-1.4690550000000002,0.742114823982785,0.05247544244572884,0.25845498,0.05013236557689652,0.0035448935656346575,13.440789980000002,3.1891241026265096,0.22550512790126678
R:A:HIS:363,104.37956,2.6666501488571757,0.18856064033090253,-8.489055,1.0909665081820799,0.07714298159829577,-85.37304,2.8004658484616445,0.1980228391928567,-6.2387549999999985,2.4458606246012873,0.1729484633492735,0.719075196,0.14135443032279385,0.009995267623200887,4.997785196,4.705959538364293,0.3327615901566906
R:A:GLU:364,91.38947,3.228892145783132,0.22831715320032347,-5.918830000000001,0.8923515793116522,0.06309878529337945,-15.286295,10.204224197261397,0.7215476126631387,-128.464725,9.734050484735272,0.6883013106168511,0.832828248,0.10740568212608165,0.0075947286169319094,-57.447551752,14.495223424221614,1.024967077808119
R:A:CYS:365,84.430765,2.3645252334824,0.16719718268821096,-6.3257200000000005,0.781064998319602,0.05522963568592499,-72.476105,2.024251801030445,0.14313621753377095,-0.8918199999999998,1.4230049886068565,0.1006216477106194,0.24520014,0.07642808213841559,0.005404281515315612,4.98232014,3.5113276569823775,0.24828835972201105
R:A:TYR:366,83.59473,3.1232237107034133,0.22084526650009953,-13.457825,1.2232800801022634,0.08649896399307334,-76.62037000000001,2.037972088400624,0.14410638835769912,-5.5901749999999995,1.2783698660305631,0.09039440011347494,0.09921913199999999,0.07254374911848005,0.005129617693437287,-11.974420868,4.128409238978878,0.29192261683951587
R:A:ALA:367,98.20005499999999,2.3438664897930943,0.16573638891286066,-4.676685,0.6789414008403082,0.04800840685624758,-77.07337000000001,1.9312880580327736,0.13656268822595727,-3.5984749999999996,1.324232030036655,0.09363734483033466,0.362080296,0.13162681166853654,0.009307421111678676,13.213605296,3.3845917328054544,0.23932677658146642
R:A:LYS:368,140.25053,3.24767366419411,0.22964520710326175,-6.198099999999999,1.1258607773610376,0.07961037903439475,-183.86253,9.125848286000595,0.6452949207110652,40.9876,8.932165109871178,0.6315994519867794,0.9316090080000001,0.13431438816687338,0.009497461468371835,-7.890890991999999,13.224888187166977,0.9351408117579636
R:A:VAL:369,53.20455,3.8026070106572933,0.2688849203423278,-9.029755,0.9559460627959091,0.06759559434515684,-59.958465,2.993033876984188,0.21163945507365822,-1.2878100000000001,0.6536369970404061,0.046219115304168244,0.009663804,0.012415551350011968,0.0008779120551763256,-17.061816196,4.975871804122904,0.3518472695010246
R:A:PHE:370,88.68093499999999,3.4256261195254503,0.24222834589262043,-11.535135,0.8636919050072196,0.06107224028865324,-68.892265,1.7300194087856355,0.12233084555366647,-1.3520600000000003,1.291791951670237,0.09134348489082295,0.323260524,0.09268256523616415,0.006553647037625624,7.224735524,4.1413961023577235,0.29284092675566836
R:A:ASP:371,86.40459499999999,7.789109860630738,0.5507732401858999,-6.096545,0.6575827156905815,0.04649811974558757,-37.173474999999996,12.567388866800254,0.888648588952278,-109.076855,12.044412975897789,0.8516686090668572,0.6720896880000001,0.09656186708934877,0.006827955102291262,-65.27019031200001,19.081905526086114,1.3492944795456545
R:A:GLU:372,99.243905,2.727611221559077,0.19287123912049456,-7.707315000000001,0.7528756974262086,0.05323635110406234,-35.718469999999996,12.194864836852437,0.8623071621791738,-111.48735,12.181562251513556,0.8613665273491303,0.59847102,0.10333848154089162,0.007307134105508533,-55.07075898,17.46775746654725,1.2351569756717509
R:A:PHE:373,108.34332999999998,3.049396381433545,0.21562488598373794,-13.778855,1.0230359055160283,0.07233956261877036,-81.501515,1.6249185455815929,0.11489909224565265,0.09068499999999996,0.7010708421942821,0.049573194660774075,0.033963264,0.017422145299701295,0.001231931708423612,13.187608263999998,3.671183037083801,0.259591842049898
R:A:LYS:374,140.91044,3.3733946146871094,0.23853502076634356,-5.925790000000001,1.0513227125388283,0.07433974192516409,-166.625895,13.348071814834345,0.9438512096034392,34.684615,11.779722086143416,0.8329521367604953,0.997465824,0.10731219260182985,0.007588117909275074,4.040835823999999,18.150191739475677,1.283412365881931
R:A:PRO:375,84.135255,2.5233903542605134,0.17843064310783335,-6.092505,0.6263069774280022,0.04428659108437903,-60.638065000000005,1.8635291789438126,0.1317714119370169,-1.9170449999999999,1.2505722781890698,0.08842881382714007,0.6145605359999999,0.06126329691412227,0.004331969268582075,16.102200536,3.435139666046897,0.2429010552184653
R:A:LEU:376,73.68684999999999,3.990885530493202,0.2821982221551015,-8.700235,1.0275240142084272,0.07265691982788013,-75.9008,2.4839726628930525,0.17564339142136834,0.147705,0.6095170940794031,0.04309936704726648,0.33683565599999993,0.08644605570608334,0.006112659219660157,-10.429644344000002,4.85098723104866,0.3430165966523861
R:A:VAL:377,51.723155,3.0107174960422642,0.21288987576884674,-7.713050000000001,0.939369478693022,0.0664234528423508,-61.053230000000006,2.3158750283855993,0.16375709369520455,0.04927000000000003,1.0069616363595983,0.07120294014645744,0.244592136,0.07093377526025739,0.005015775350169056,-16.749262864,4.040930009681889,0.2857369012146285
R:A:GLU:378,90.24305499999998,3.2528912557869196,0.2300141465429355,-6.91914,0.9118669751668825,0.06447873216805677,-52.06103499999999,13.689585301745812,0.9679998598496152,-90.940545,13.512535721246957,0.9554805639519178,0.6757465679999999,0.13375878742322606,0.009458174563025303,-59.001918432000004,19.53008094369652,1.3809852672409977
R:A:GLU:379,107.31401000000001,3.0371828871340627,0.21476126151962321,-7.020565,1.5550923206597733,0.10996163253096507,-85.031415,11.941462404277585,0.8443889043348893,-59.650904999999995,10.33070471536066,0.7304911358667365,0.38875888799999997,0.0881989039374541,0.006236604306739468,-44.00011611199999,16.154645007894192,1.142305903274339
R:A:PRO:380,80.07839,2.7204067173678275,0.19236180374362263,-9.59473,0.8489757458844157,0.06003165069777775,-59.80689,1.548781071649573,0.1095153598336781,1.427935,0.9395718710002977,0.06643776413964425,0.018624744,0.0199266290334533,0.0014090254515743566,12.123329744,3.3768754351055996,0.23878115193854427
R:A:GLN:381,23.748759999999997,2.8668551589503086,0.20271727235734008,-8.016675,0.9593576702017867,0.06783683141830109,-69.63108,3.6945837673004522,0.26124652355198913,-5.578865,3.2729779447431357,0.23143448994018803,0.66798972,0.09542172485700727,0.006747334871890678,-58.80987028,5.788839675420687,0.40933277896917003
R:A:ASN:382,23.465615,7.81986173066858,0.5529477257696924,-7.098835,0.9300198104207242,0.06576233145863214,-87.5951,7.820382328889042,0.5529845376228887,-3.593975,3.0549264204518902,0.21601591879274776,0.495935208,0.09604194042537842,0.006791190735309949,-74.326359792,11.511531331375755,0.8139881866257201
R:A:LEU:383,76.885805,4.135227444406776,0.2924047367688748,-10.808265,1.0746283658898084,0.07598770047761018,-84.117215,2.6971098436613583,0.19071446600579353,2.0797399999999997,0.5739433965122346,0.04058392676910405,0.043199676,0.02806317625211772,0.001984366222950572,-15.916735324000001,5.085226859716914,0.35957983963778023
R:A:ILE:384,94.830265,2.963736465135691,0.20956781521472947,-9.02441,1.1652070081749422,0.08239257769665904,-76.8542,1.8381031744709002,0.1299735219188893,0.552685,0.8653470204345769,0.06118927462288632,0.237913128,0.08545124612567107,0.0060423155596302704,9.742253128000002,3.7783848226344587,0.26717215300171565
R:A:LYS:385,123.31505999999999,3.176751801195681,0.22463027407720448,-6.69662,1.0079695558894624,0.07127421081990315,-139.556865,11.284683994103467,0.7979476575777855,9.07212,10.143716816611159,0.7172690947461768,1.008485316,0.08447109062243334,0.0059730080993346,-12.857819683999999,15.535571238275274,1.0985307772191135
R:A:GLN:386,22.321795,3.2191835600001126,0.22763065251603307,-7.452139999999999,1.010938663025606,0.07148415839890682,-70.11231000000001,4.514074444877931,0.3191932650754085,-6.771809999999999,3.3638649621975016,0.23786117257656827,0.587028924,0.13051849185171205,0.009229051065858673,-61.427436076000006,6.56465006134297,0.46419085744922994
R:A:ASN:387,13.927649999999998,2.807703304749275,0.1985346046348092,-9.326455,1.0276338053874055,0.07266468323659712,-77.91953,2.365671350610646,0.16727822540755263,-2.62489,1.337024445513245,0.09454190520345991,0.096335424,0.043068374361754404,0.0030453939565877382,-75.84688957600001,4.040435530650769,0.2857019362670225
R:A:CYS:388,92.79529000000001,2.015853143435801,0.14254234275996727,-7.293795,0.7428539176547432,0.052527704260466206,-82.58064,1.8707749571768375,0.13228376582937149,-2.606635,1.2679128486512785,0.08965497732348716,0.092623716,0.04975918364918122,0.003518505618464282,0.4068437159999998,3.11855314968455,0.22051500796326115
R:A:GLU:389,97.98266500000001,3.123696443762581,0.2208786937752824,-6.39759,1.1565226032810598,0.08177849753755566,-84.558105,14.299993080906544,1.0111622078429727,-61.626445000000004,13.614489039511364,0.9626897522228411,0.5897846520000001,0.1264279032830352,0.008939802774263116,-54.00969034799999,20.02386381147139,1.4159009886647327
R:A:LEU:390,69.12935999999999,3.878241740840815,0.2742331034029261,-8.90481,1.004377854146536,0.07102023915406087,-71.29373,2.7908745272942674,0.19734463036905767,-1.740285,1.0232801150100592,0.07235683083769631,0.37562608799999997,0.1065000659701817,0.007530691884433015,-12.433838912,4.989685256529378,0.3528240280878461
R:A:PHE:391,98.732595,3.043940283739975,0.215239081615944,-13.16375,1.0041415674594893,0.0710035311621894,-80.156885,2.5343688448556576,0.17920693962253526,-2.746875,1.3230292964915782,0.09355229872576623,0.212431824,0.09751468844413247,0.006895329746413953,2.8775168239999993,4.2961394081299735,0.3037829308411465
R:A:GLU:392,96.55804,3.179026171392743,0.22479109633613162,-5.573105000000001,0.9432056424635086,0.06669471058393611,-70.770015,16.961772121590805,1.1993784088117792,-75.59812,16.81302034363844,1.1888600697214118,0.9386675639999998,0.14205863348415085,0.010045062306273741,-54.44453243599999,24.11214199357033,1.7049859112586498
R:A:GLN:393,28.199130000000004,2.9154848521472374,0.20615591093999705,-5.579735,0.803523717618217,0.056817706957206573,-66.1153,3.9139133153405425,0.276755464625362,-12.312215000000002,3.521469127903154,0.24900547000793977,1.049587632,0.0835968540657014,0.005911190239571967,-54.758532368,6.072244476357953,0.42937252462552644
R:A:LEU:394,68.188835,3.536152492155139,0.25004374065126084,-7.367280000000001,1.174317585493805,0.08303679279692829,-73.12668,2.8098520294848273,0.19868654241795042,-0.829045,1.6356820054567451,0.11566018379232759,0.47006568000000004,0.1072473508334523,0.007583532903862685,-12.664104320000002,4.9462735755526905,0.3497543586877138
R:A:GLY:395,83.01691500000001,1.8881404152697432,0.13351168914696193,-3.95779,0.6047371626582907,0.04276137485511895,-84.61552999999999,1.839868489620929,0.130098348550241,-0.24973500000000004,1.2965878546303755,0.0916826064413256,0.21063978,0.035281884652059045,0.0024948059890512525,-5.59550022,2.9997136861598306,0.2121117889101711
R:A:GLU:396,93.20084999999999,2.861622361091694,0.20234725767229958,-6.41552,1.1161003537316885,0.07892021286083813,-115.712755,13.075665341961573,0.9245891631826945,-26.014560000000003,11.824958503791885,0.8361508345280773,0.46228510799999994,0.12701515869310537,0.008981328002538026,-54.479699892000006,17.895624133821453,1.2654117178590785
R:A:TYR:397,96.94002,3.1110730784730856,0.2199860870555227,-12.30239,0.9800521097880458,0.069300149274731,-82.46933999999999,1.9126242428663298,0.1352429571992568,-8.010385,1.0132305496652774,0.07164621925736905,0.48306088799999997,0.09333368918372967,0.006599688453497277,-5.359034112,3.9157064057729922,0.27688225526576854
R:A:LYS:398,125.80222499999999,3.5374647834819504,0.2501365336608689,-8.38967,0.61622903299017,0.043573972799137786,-91.65478999999999,7.5272206707323255,0.5322548779762379,-37.997895,7.363051080494756,0.5206463349240777,0.948850164,0.08931581507791497,0.006315581850879736,-11.291279836,11.125418862684363,0.786685912134484
R:A:PHE:399,96.89658000000001,3.024408111283926,0.21385794845644623,-14.691495,1.0603353808937057,0.07497703381619601,-81.19004500000001,1.7903908548065697,0.12659975144081048,-0.54433,0.7990077603502985,0.05649838055643719,0.018988056,0.02194195663114992,0.0015515306326387241,0.4896980560000002,3.75709326569235,0.2656666125721372
R:A:GLN:400,28.748215000000002,2.7463570231808903,0.19419676746505077,-11.539934999999998,1.1279855764924478,0.0797606250218427,-76.71385500000001,2.1242310665214843,0.15020581919444737,-2.0906399999999996,1.2733066521462926,0.09003637682625838,0.054462816,0.03533767924069355,0.0024987512622489496,-61.541752184,3.866489954144343,0.2734021265965128
R:A:ASN:401,11.742059999999999,2.653591256467356,0.1876372371945398,-9.740165000000001,0.8984355946727622,0.06352899014524786,-72.16921,2.558461663949648,0.18091055919846138,-7.59809,1.5658154750480657,0.11071987404933226,0.19760155199999999,0.04988393024635585,0.0035273265349434948,-77.56780344799999,4.104719925704045,0.2902475294336872
R:A:ALA:402,93.344355,2.2691704891821147,0.16045458405690685,-6.526365000000001,0.5461963765670732,0.038621916173009856,-79.536315,1.3389524322301372,0.09467823445161512,-0.293665,0.8901877064838628,0.06294577637836393,0.13259271600000003,0.08209859976711505,0.005805247662124736,7.1206027160000005,2.83538941582699,0.2004923083235828
R:A:LEU:403,75.91365,3.875987840215704,0.27407372856131246,-9.978819999999999,1.0139206811185972,0.07169501892042432,-78.87716999999999,3.255505343429803,0.2301989904528254,1.04912,0.6509766014228161,0.04603099692598456,0.167319936,0.07995199365416665,0.005653459688224506,-11.725900064000003,5.203825014649251,0.36796599559666704
R:A:LEU:404,83.34357,4.279798502862021,0.30262745434857685,-11.12756,1.0681544581192366,0.07552992606907542,-88.89369500000001,3.3403944096431193,0.23620155388962838,-1.0725400000000003,0.6207406128166579,0.043892989668055195,0.001135512,0.0022710100699591803,0.0001605846620611072,-17.749089488,5.567871051790059,0.3937079377493025
R:A:VAL:405,66.860355,2.8679328616575037,0.20279347744657614,-9.564024999999999,0.7923564566374153,0.05602806236052609,-63.31297000000001,1.7103482449781973,0.12093988422145936,-2.109425,0.9306161853175562,0.06580450153200007,0.047992212,0.03666635462763998,0.0025927027998594978,-8.078072788,3.556058165776634,0.25145128433144537
R:A:ARG:406,-196.22091,4.189880194217969,0.2962692697690735,-9.33979,1.2143244771888608,0.08586570723810526,46.062915,20.113346765711942,1.4222283890391427,-14.53069,16.083383751993857,1.1372669715460393,0.7097648759999999,0.1538240582415034,0.010877003469220147,-173.31871012399998,26.12039993664662,1.8469911922507491
R:A:TYR:407,95.195405,3.4101682877792117,0.24113531212759984,-13.840915,1.030829267034556,0.0728906364965693,-93.46739000000001,1.6945629105760578,0.11982369252155435,-5.403299999999999,1.2904388439596817,0.091247805727042,0.10437425999999998,0.06248114403886984,0.004418084064617829,-17.411825739999998,4.151209039546238,0.29353480619860395
R:A:THR:408,55.07562,2.8423230526454937,0.20098259048484768,-9.715835,0.9819826463716148,0.06943665882568803,-58.13201500000001,1.9509539601884511,0.13795327750320033,-2.786375,0.8822379862457749,0.062383646269475145,0.0008363520000000001,0.002439038171922695,0.00017246604309393779,-15.557768648,3.69156625586379,0.26103315327207194
R:A:LYS:409,133.163805,3.3176587523395167,0.23459390014421727,-10.896939999999999,1.022735941678007,0.07231835197237281,-109.37683000000001,8.26311130211254,0.5842902035422979,-17.24266,7.5659546961635975,0.5349937871807484,0.237625452,0.07335324126017402,0.00518685743170819,-4.114999548000001,11.729488819078108,0.8294001083821919
R:A:LYS:410,137.60371999999998,3.18854197112097,0.22546396498775587,-12.056264999999998,1.194305084463346,0.08445012240296043,-132.953885,11.303822464625629,0.7993009518065615,-3.421295,10.094728088362508,0.7138050685515444,0.140645988,0.06374015859614922,0.004507109837724312,-10.687079012,15.533099009339471,1.0983559642345984
R:A:VAL:411,65.30084,2.716687386211376,0.1920988073154021,-8.087155000000001,0.9750475224187793,0.06894627150814611,-62.263045000000005,1.4919608818514642,0.10549756568222318,0.391535,0.44154436784427453,0.031221901669741387,0.007531235999999999,0.010061931850867605,0.0007114860243585393,-4.650293764,3.2790422335794283,0.23186329991610968
R:A:PRO:412,77.94450499999999,2.7114253963505983,0.19172672844409303,-9.19143,0.7973157938357925,0.056378740456842415,-58.839940000000006,1.9129020587578447,0.13526260174933796,1.06677,0.9554227530784475,0.06755859076016905,0.015012936,0.013384398442152862,0.0009464198900548951,10.994917936,3.5439732251664458,0.2505967499858753
R:A:GLN:413,36.420245,3.236956869495638,0.22888741528287437,-6.818495,1.068117662046181,0.07552732419379755,-77.796265,5.48285656430797,0.3876965056895341,-9.075925,3.9767476547267866,0.281198523372501,0.6955005599999999,0.14122345097664762,0.009986005984815348,-56.57493944,7.583860968675898,0.5362599518526706
R:A:VAL:414,60.33539,3.4144148939313155,0.24143559252831795,-7.257695,0.9496886236946297,0.0671531265830192,-68.2008,2.054739895947903,0.14529205139993032,0.31815000000000004,0.6385523216620546,0.04515246767896523,0.04915378799999999,0.02786776845007608,0.001970548804758532,-14.755801212000001,4.146157168981102,0.2931775850051755
R:A:SER:415,76.80218,6.6383460769682685,0.46940195268873774,-5.038905,0.7334427966617438,0.05186223751319451,-68.65747999999999,5.532225747346181,0.39118743410033,-5.712435,1.0602424938545898,0.07497046571067169,0.51167196,0.050745356977709793,0.003588238603267068,-2.0949680399999995,8.737149874541744,0.617809792453166
R:A:THR:416,46.768815,3.247900643611963,0.2296612569718171,-6.654685,1.1864274380572122,0.08389308868360373,-54.29064,3.4577309294391316,0.24449849877248736,1.8233049999999997,1.2101495866110932,0.08557049789428012,0.076122072,0.02762094717404919,0.0019530959049565589,-12.277082928,5.037618164931498,0.3562133965451594
R:A:PRO:417,87.18273,2.3326603111254753,0.16494399242015453,-6.084290000000001,0.6317504617331119,0.04467150355092159,-64.074145,1.5841909872155568,0.11201921897547314,-3.54426,0.9980349655197457,0.07057172919802943,0.637026192,0.07661692651578197,0.0054176348292980835,14.117061192000001,3.0581068985245965,0.21624081255401031
R:A:THR:418,37.613820000000004,2.997196993459055,0.21193383186268303,-7.7491200000000005,0.743007002389614,0.05253852898587854,-46.487245,2.65622670248136,0.18782359136933516,-2.48222,1.2727294416332169,0.08999556187946159,0.17939743200000002,0.04944812710940401,0.0034965105996033925,-18.925367568000002,4.267677924474811,0.301770400031627
R:A:LEU:419,72.09094999999999,3.8810746871839514,0.27443342295992307,-12.308675000000001,1.0943825105396192,0.0773845294414523,-76.88683,2.2201930819412983,0.1569913583784152,0.606525,0.5575890237217731,0.03942749797888524,0.001253196,0.0032488954046543264,0.00022973159719968865,-16.496776804,4.636872567008,0.3278764035629231
R:A:VAL:420,51.951875,2.7930111885517035,0.19749571513548084,-9.967559999999999,0.7910309895320157,0.055934337682679316,-61.69288,1.556843992055723,0.11008549440321373,1.483605,0.7645357931287455,0.05406084437811714,0.04706737199999999,0.01875606724148791,0.0013262542334846964,-18.177892628,3.381607829185455,0.23911578273305556
R:A:GLU:421,98.73135,2.8979579392220307,0.20491657104172906,-7.747825000000001,1.1652330214918387,0.08239441711593692,-101.337305,11.534331532515223,0.8156004043095337,-47.79056,10.11263683004586,0.7150714078202259,0.453733524,0.09587689543684977,0.006779520292251003,-57.690606476,15.654754809620256,1.1069583283695201
R:A:VAL:422,55.4625,3.6556347602023918,0.258492412848037,-9.318465,1.0250508713107853,0.07248204221650353,-62.546299999999995,3.262071622450985,0.23066329649512948,1.265205,0.5257566575660264,0.03717660978189108,0.011525256,0.015338586368556393,0.0010846018435021767,-15.125534744000001,5.033106535131338,0.35589437614256975
R:A:SER:423,85.49158,2.669513540628704,0.18876311270478666,-8.54576,0.7459010607312474,0.05274316981373038,-76.27856,1.9900542445873175,0.14071808512767645,1.06428,0.7637718125199436,0.054006822791199255,0.000929052,0.002122802678087627,0.00015010481687967246,1.732469051999999,3.496618183372501,0.24724824286828823
R:A:ARG:424,-199.07963,4.4262547885430195,0.3129834776238197,-12.345825,1.003437160152543,0.07095372204384348,52.35441999999999,9.439089475346655,0.6674444176244191,-12.08292,7.5718389373784225,0.5354098658672625,0.358732404,0.09153677625096475,0.006472627521501289,-170.79522259600003,12.924246654489437,0.9138822451117031
R:A:ASN:425,13.946505,3.3128138960670577,0.2342513170718043,-8.484169999999999,1.117135748734235,0.07899342634358887,-84.344645,3.447893243558303,0.24380286933273565,-2.7624,1.8238373145650901,0.12896477329100375,0.112858272,0.055321408504147976,0.003911814309807417,-81.531851728,5.238333610824045,0.3704061218331095
R:A:LEU:426,72.18342000000001,3.2372500326048343,0.22890814504512502,-10.79004,1.028053353868368,0.07269434979418964,-75.92411,1.6220519189902651,0.11469639113546688,-0.93768,0.9715417631785059,0.06869837689494564,0.053786231999999996,0.04352288485751577,0.0030775327019550705,-15.414623768000002,3.8876112895975496,0.27489563054918065
R:A:GLY:427,88.742595,1.8785269417751236,0.13283191391708166,-5.354895,0.6566107705292382,0.04642939284413484,-81.17805,1.7145218713973875,0.12123500417577425,-1.177555,0.9918670107302693,0.07013558893226035,0.004545972,0.009123634335110981,0.0006451383707423392,1.036640972,2.8077517394044085,0.19853802948211813
R:A:LYS:428,137.08688999999998,3.3634367643676613,0.23783089441765132,-8.243934999999999,1.2315298537895862,0.08708231108482938,-131.38891,11.873738281682817,0.8396000857012225,-7.577935,10.746807157047856,0.7599140216852661,0.530886924,0.105530793407516,0.007462153964245117,-9.593003076,16.410972983028984,1.160431028216902
R:A:VAL:429,49.77814,2.7133672863068132,0.1918640407997288,-10.101109999999998,0.8129643091181801,0.05748525758401017,-59.5725,1.8324588835769278,0.1295744102822776,-0.06783000000000002,0.6128595688247023,0.04333571570310106,0.004648248000000001,0.008077798379416017,0.000571186601114277,-19.958651752,3.4288249678609524,0.2424545386276225
R:A:GLY:430,78.15389,2.3414379936056395,0.16556466830063718,-5.06351,0.6772766346922061,0.047890690113006305,-75.38725500000001,1.8355620174690368,0.1297938349840816,-1.97953,0.8829338928255048,0.06243285429563508,0.004425012,0.009042359357416404,0.0006393913619554771,-4.271979987999999,3.1764724870739482,0.22461052358624867
R:A:SER:431,84.34953000000002,4.783114543798841,0.338217272911216,-5.238339999999999,0.8012307435439556,0.05665556920550706,-70.294325,5.744361311701676,0.40618768370899055,-6.32605,2.1916450596526804,0.15497270836344057,0.404372088,0.10896730378762363,0.007705151943584323,2.895187088,7.831540350637908,0.5537735289072137
R:A:LYS:432,118.25702000000001,3.48253171839109,0.24625217937715796,-9.43682,1.47661524020308,0.10441246495510006,-132.05452000000002,7.327064773127094,0.5181017187271241,14.747675,7.023006500735636,0.49660155209873735,0.19791342,0.08235791318760571,0.0058235838899328984,-8.28873158,10.831606578067706,0.765910246249649
R:A:CYS:433,80.59598499999998,2.245764189485397,0.15879950873310347,-8.52674,0.7070956175794049,0.04999921061376869,-74.584585,1.5047206593833293,0.10639981820414453,-1.1684200000000002,0.6116793633922923,0.043252262576656035,0.00068274,0.001780612905603012,0.00012590834602201715,-3.68307726,2.8603811081973545,0.2022594878384241
R:A:CYS:434,98.78922,2.647535667672865,0.18720904240447364,-7.39124,0.801032703701915,0.056641565673981854,-79.99741,2.269286174527135,0.16046276424610165,-3.17452,1.4648248938354373,0.10357876156819022,0.07178180399999999,0.050825715348480675,0.003593920798156787,8.297831804,3.866400583079913,0.27339580710794276
R:A:LYS:435,130.628915,3.0189920864048325,0.21347497766453805,-5.220935,1.2026153004078237,0.08503774340770691,-120.09757499999999,14.887949326027913,1.0527369926396026,-14.989385,12.882800799002327,0.9109515805650018,1.23359436,0.17304592929859516,0.01223619500637645,-8.445385640000001,19.955153049609685,1.411042404099442
R:A:HIS:436,122.83266500000002,3.396446886494032,0.2401650625379866,-8.77264,1.0359960667879005,0.07325598441083157,-93.23528,2.8022359878497025,0.19814800694935084,-6.031285,1.3796484892083927,0.09755588023730298,0.408406824,0.08776815855670338,0.006206146008770106,15.201866824,4.729989327493925,0.33446075284109517
R:A:PRO:437,80.95042,2.3521356409867185,0.16632110620122753,-4.652035000000001,0.7534464637749653,0.053276710379630235,-62.67084,1.9225563306181694,0.13594526185932337,-0.9650899999999999,1.2266631370918424,0.08673818224692054,0.661036752,0.06043550566922805,0.004273435588314919,13.323491752000002,3.3622613512367683,0.2377477801580963
R:A:GLU:438,86.148665,3.033072333917376,0.2144706015142285,-5.072330000000001,0.822791438397362,0.05818014055930081,-43.52363499999999,7.294200468301855,0.5157778614470332,-92.69574,7.212660901664517,0.5100121433966058,1.011990996,0.1016930629016079,0.007190785437735707,-54.131049004,10.729151539944448,0.7586655810272808
R:A:ALA:439,96.699985,2.1524857873572585,0.15220372966479823,-3.8900649999999994,0.657293648816874,0.046477679630926076,-73.04355500000001,2.1987517520118094,0.15547522739933525,-5.738415,1.7796786178338493,0.1258422819003017,0.5153441759999999,0.10113714333247614,0.00715147598802297,14.543294176,3.616244457591529,0.2557070978391239
R:A:LYS:440,143.997195,3.610145899679816,0.2552758646736407,-7.700394999999999,1.0948695031714966,0.07741896502069114,-154.25100999999998,14.792957687017832,1.0460200694295974,14.39232,13.67549562968743,0.9670035695838977,0.810041256,0.1340859440393782,0.009481308029204426,-2.751848743999999,20.49635698200631,1.44931130115969
R:A:ARG:441,-186.59006000000002,3.998173107357909,0.28271353165704677,-13.064434999999998,1.0703515617660397,0.07568528475783784,6.6976249999999995,9.601169874258813,0.6789052325412398,16.193165,8.498184578354074,0.6009123943129107,0.528571404,0.08293818923145106,0.005864615602489214,-176.23513359600003,13.473660359663146,0.9527316607722187
R:A:MET:442,97.77153,2.716098967103371,0.1920571998012571,-9.860185,1.1188071910633217,0.0791116151641148,-75.61829,2.0314494052030936,0.14364516500564858,-0.539345,1.4352244618786987,0.10148569495192414,0.217484784,0.15867078909379553,0.01121971909444433,11.971194784,3.8523701134576425,0.2724037030866288
R:A:PRO:443,78.396975,2.4522304916901674,0.1733988809706539,-8.96194,0.7615755749759836,0.05385152534515619,-55.48718000000001,1.8021576450466257,0.1274317891579648,-2.63545,1.0975837906510828,0.07761089412898166,0.149714532,0.06099182023964997,0.004312772968836741,11.462119531999999,3.324095982069583,0.2350490810236358
R:A:CYS:444,77.402585,2.400008525562982,0.16970623033311122,-8.507135,0.5747226433463363,0.0406390278411652,-65.27298,1.347976164329325,0.09531630866750977,-1.3940800000000002,0.6601194085921122,0.04667749102083358,0.037933379999999996,0.02349377245224785,0.0016612605816638158,2.2663233799999993,2.8885457188858963,0.2042510265591588
R:A:ALA:445,94.08814000000001,2.008909069719184,0.14205132259855935,-8.075809999999999,0.6475788630738344,0.0457907405432583,-83.00849,1.1422103833795245,0.08076647076293479,-0.12545,0.47895349200105014,0.03386712620669194,0.005552604,0.007141430173178478,0.0005049753702824723,2.883942604,2.4472772711168056,0.1730486353850402
R:A:GLU:446,102.53139999999999,2.6254058219635303,0.1856442260077054,-9.342655,1.4238366921718937,0.10068045803369688,-127.298425,5.002160718567028,0.3537061764683719,-36.08346,4.234339479588286,0.29941301598627934,0.001106532,0.0030040066703281468,0.0002124153487318654,-70.192033468,7.2021745579238825,0.5092706469197202
R:A:ASP:447,101.51267,2.743142001628789,0.1939694311109356,-9.45056,0.634305160313236,0.044852148019910935,-86.03937999999998,6.193285567903356,0.43793142228892407,-69.737345,5.52590909135999,0.3907407790721042,0.31293432,0.046061204521149895,0.003257019006652555,-63.40168068,8.76480177320839,0.6197650769591528
R:A:TYR:448,88.19393500000002,3.056679016641263,0.21613984605776648,-15.576030000000001,1.0205800846087483,0.07216590985707863,-84.72805999999999,1.5302411105443483,0.10820438661163419,-2.8928200000000004,0.6675046573620292,0.04719970696942938,0.021512916,0.017771105935178708,0.0012566069515949367,-14.981462084,3.629378246488117,0.2566357969582688
R:A:LEU:449,72.666655,2.914386976016569,0.20607827937430717,-11.0678,0.9851215610268612,0.06965861360951708,-77.610525,1.536645414327912,0.10865723927504785,0.086125,0.5698151624649874,0.04029201654019069,0.078584256,0.03535717856135107,0.002500130072435496,-15.846960744,3.4858764342415838,0.2464886865030606
R:A:SER:450,87.59608,2.7935969633431372,0.19753713566820794,-7.735555000000001,0.6656977294350642,0.04707193787040215,-86.09154500000001,1.8308031019132014,0.12945732883801905,1.5319749999999999,0.7302429077882235,0.05163597120104356,0.06977336399999999,0.022245176477113056,0.0015729715135658115,-4.6292716359999995,3.4832351357325124,0.2463019184943704
R:A:VAL:451,58.685045,3.2304935370582317,0.2284303886633191,-9.13964,0.7558269645891181,0.053445037206460995,-61.26780500000001,2.4608140476222498,0.17400583003128084,0.677435,0.5734095445447347,0.040546177734467156,0.11824992,0.03447935463247536,0.002438058547155913,-10.92671508,4.170486302821396,0.2948979145570622
R:A:VAL:452,43.67254500000001,2.8052067531600944,0.19835807177898002,-8.987205,0.7974279233730156,0.05638666921245659,-45.408415000000005,1.3286636266470906,0.0939507060318069,-1.26518,0.5626623122264366,0.03978623364934158,0.0583416,0.022002923754810402,0.0015558416592957008,-11.9299134,3.2538433059965803,0.23008146665886361
R:A:LEU:453,61.356480000000005,3.7544275648359497,0.26547811905691965,-9.925205,1.0361359143350837,0.07326587312572613,-65.61992500000001,2.540079075417732,0.1796107138977934,-0.268125,0.426455905545931,0.03015498626885776,0.035234568,0.018819471897302962,0.0013307376196932585,-14.421540431999999,4.6694244285401485,0.3301781677658858
R:A:ASN:454,31.238110000000002,2.8206766879420977,0.19945196135786683,-9.573865,0.8617905991451752,0.06093779766183711,-96.963775,2.419435827703434,0.17107994804147855,-1.48134,0.849774931614248,0.06008816166267694,0.026952119999999996,0.012381435796740213,0.0008754997212700868,-76.75391788,3.908304040552934,0.2763588290013763
R:A:GLN:455,32.945795,2.695818672124481,0.19062316639085344,-8.86025,1.0944990349470392,0.07739276896131835,-79.60232500000001,5.390598323876024,0.38117286294655733,-2.823245,2.67372880355787,0.18906117680495643,0.142472232,0.05134114700677981,0.003630367320238942,-58.19755276800001,6.6839642704162445,0.4726276460819921
R:A:LEU:456,67.65812,4.665906728129057,0.3299294287843993,-10.289985,1.0366317353694128,0.07330093296728904,-70.57702499999999,3.730991681091637,0.2638209518250493,-2.901595,0.5985481943628266,0.042323748710091834,0.016591752,0.01785748100746844,0.0012627145915290914,-16.093893248,6.092960586230058,0.43083737480256357
R:A:CYS:457,98.72006499999999,2.1470652204288068,0.15182043770149986,-8.70155,0.6179919396723552,0.04369862912609501,-84.34176,1.5313886157340988,0.10828552748174612,-3.16947,0.7441184577068358,0.05261712074505787,0.043316891999999996,0.01552167227880862,0.0010975479723700828,2.5506018919999995,2.8090758964622746,0.19863166152561543
R:A:VAL:458,55.145645,3.086974508960999,0.2182820608636335,-9.52462,0.7472745383057019,0.052840289344400826,-52.532425,1.9480237997455268,0.1377460838712847,-4.274190000000001,0.7951994868584863,0.05622909495536985,0.092795724,0.022232376068873606,0.0015720663880190045,-11.092794276,3.8099165452009136,0.26940178248663893
R:A:LEU:459,67.79824,4.214579918853124,0.2980158040473693,-9.25236,0.975183080452076,0.06895585690860495,-66.71821,3.547211925710106,0.25082576069754076,-5.0451049999999995,0.7066856472116864,0.04997022133105876,0.22855176,0.07025329009449166,0.004967657782648076,-12.98888324,5.6392125786712555,0.3987525454930922
R:A:HIS:460,110.87666999999999,2.7173152469119226,0.1921432037713018,-13.376365,0.9726714767972792,0.06877825971100897,-92.638115,1.572380371212704,0.11118408230891239,-6.62467,1.1330360722854325,0.08011774900420005,0.07314897599999999,0.03429102559242322,0.0024247416730243903,-1.689331024,3.4766677437146885,0.245837533751319
R:A:GLU:461,104.13608500000001,3.0454812949310655,0.21534804756225442,-5.821725,1.130225826715617,0.07991903463427846,-62.91916499999999,10.703636441311662,0.7568613911006922,-87.91409500000002,9.393862013888377,0.6642463531551189,0.6878099879999999,0.10402023200130951,0.007355341142872387,-51.831090012,14.607383870822508,1.0328980190453594
R:A:LYS:462,134.184375,2.8722818845606017,0.20310099980520777,-6.113315,1.1322471619637648,0.08006196462038012,-187.47437,7.116811985931622,0.503234601568195,45.542065,6.969966222355385,0.49285103804686764,0.842892516,0.11281326920631696,0.007977102766361025,-13.018352483999998,10.429484919099984,0.7374759510578429
R:A:THR:463,54.86599999999999,4.208869737827484,0.2976120332748661,-4.375455,0.8170595987900761,0.05777483829380226,-59.360074999999995,4.484546185443405,0.31710530182712965,-3.94519,2.419459533428902,0.1710816242894017,0.656971992,0.07186292240447736,0.0050814759748088615,-12.157748008,6.659750300188927,0.47091545982727356
R:A:PRO:464,87.46811,2.7616429689407713,0.19527764705541695,-5.35887,0.5740075462047516,0.04058846283736303,-59.09913,1.2961458301827,0.09165135059288544,-6.21192,0.9014415641626472,0.0637415442862816,0.7666729560000001,0.05827925995652024,0.004120965991778907,17.564862956,3.232977564079447,0.2286060358984543
R:A:VAL:465,50.892574999999994,3.10143052709149,0.2193042557085361,-7.530715,0.9376548318944451,0.06630220900448944,-49.50589,1.7401867278829593,0.12304978358168697,-5.570175000000001,1.123121914297375,0.07941671216988902,0.135395892,0.06514030314730455,0.004606115008400646,-11.578809108,3.846032220291338,0.27195554636299585
R:A:SER:466,62.934695000000005,3.4093489073392003,0.24107737318104946,-6.628299999999999,0.6439709931355604,0.04553562561335904,-62.10148999999999,3.18403712602413,0.2251454243361388,-0.791585,1.3878951123103647,0.09813900454903238,0.147510288,0.051863598807829134,0.003667310241375452,-6.439169712,4.909724402400943,0.34716994186947764
R:A:ASP:467,89.49523500000001,6.165742839251001,0.43598385726867794,-4.94288,0.8257387150909179,0.05838854449290546,-59.60026,17.68233739816091,1.2503300681468072,-82.84142,14.00053865869453,0.9899875825827312,0.755792352,0.10853001991476136,0.00767423130440388,-57.133532648,23.39637037120497,1.6543732144631056
R:A:ARG:468,-178.77991499999996,4.213954960340108,0.2979716128071179,-8.908005000000001,1.606001050739071,0.11356142335703176,-10.98041,14.989280865735354,1.0599022145271233,27.001765,12.073566465207165,0.853730072065448,0.671224788,0.21022445725430866,0.014865113929578315,-170.995340212,19.769430901441066,1.3979098650607857
R:A:VAL:469,62.245505,2.8574449023515744,0.20205186673197303,-9.62647,0.9316015613447628,0.06587417813908572,-74.18208,1.9659652244126802,0.13901473417591387,1.03856,0.5690120793093939,0.040235229985673,0.006480972000000001,0.011349429123934647,0.0008025258296130286,-20.518004027999996,3.6361787165397184,0.2571166628071432
R:A:THR:470,48.68029500000001,3.3983485015482153,0.24029952702798854,-7.6593100000000005,0.9981625137721812,0.070580748221452,-58.786885000000005,3.0008367069494133,0.21219119847174386,-0.37499000000000005,1.1373891374107632,0.08042555719110685,0.34697440799999996,0.0648624374546373,0.004586466936846233,-17.793915592,4.779956387807587,0.33799395755947
R:A:LYS:471,115.35501500000001,3.5506198507830993,0.2510667373904297,-7.61534,1.0533158474076045,0.07448067784331719,-132.220295,15.510826496288809,1.0967810597333794,11.340455000000002,13.398256392455513,0.9473997951181302,0.967828464,0.09151126170403676,0.0064708233705861205,-12.172336536000003,20.828436399935153,1.4727928619906867
R:A:CYS:472,80.03694999999999,2.3972408739006603,0.16951052780727222,-8.556635,0.7925614246069512,0.05604255578464458,-75.682755,1.4166312134691228,0.10017095374845443,0.8950649999999999,0.6374296986923342,0.04507308624750473,0.010558836,0.014350754608796847,0.001014751589902435,-3.296816164,2.9645040022207496,0.20962208828249518
R:A:CYS:473,99.42138500000001,2.4548704826884453,0.17358555652436927,-7.94548,0.7328319654600228,0.05181904522470479,-89.56523000000001,1.8226898603712045,0.12888363602684402,0.966635,1.0657708580060725,0.07536138008870989,0.040247136,0.022993298621413676,0.0016258717377048905,2.9175571360000006,3.319943721967512,0.23475547189609336
R:A:THR:474,41.855025,3.0244664594561135,0.2138620742952686,-5.935510000000001,0.7651881009921678,0.054106969509481864,-51.739275,2.9501138485446625,0.2086045507578274,-3.8875,1.6939730960083161,0.11978198633350508,0.52820784,0.10628100003597256,0.007515201583672389,-19.17905216,4.617025277667283,0.3264729882748238
R:A:GLU:475,90.66910000000001,3.014983918696748,0.2131915574078861,-5.377555,0.9943328200230543,0.07030994797946447,-54.12058,16.322709119616142,1.1541898305816074,-86.66982499999999,15.9172743016628,1.1255212596712134,0.864483372,0.09692226254491182,0.006853438909345007,-54.63437662800001,23.01909368133174,1.6276957238838081
R:A:SER:476,65.085405,3.706476054283233,0.2620874352289232,-6.441755,0.8985531063743534,0.06353729947735424,-57.849545,3.781453027339491,0.2673891078370153,-2.98373,1.2509993513587447,0.08845901246057408,0.12200328,0.0337686500048314,0.0023878041409931424,-2.0676217199999996,5.514606887417103,0.38994159256706734
R:A:LEU:477,73.21898999999999,4.125165691205627,0.291693263376959,-9.1238,1.0096425010863992,0.0713925059092339,-69.018575,2.868078352202917,0.20280376518170218,-3.1363,0.797226247686314,0.056372408587889875,0.19435445999999998,0.05436020276753574,0.003843846800360025,-7.8653305399999995,5.1865950406716665,0.36674765245274527
R:A:VAL:478,47.317095,2.8238653023781075,0.19967743044689604,-7.320080000000001,0.9764732272827557,0.06904708406587494,-53.583465,2.2472597666435896,0.15890526200813807,-0.778185,0.942480217710165,0.06664341530770312,0.18205894799999997,0.04995651690785994,0.003532459187000818,-14.182576052,3.8559896632001704,0.2726596439034072
R:A:ASN:479,28.521810000000002,7.0050366497185435,0.49533089174762757,-7.819145000000001,0.784126082957964,0.055446087056482164,-82.39587,5.445227187464266,0.38503570693573347,-7.4982500000000005,2.35755140081823,0.16670405825144147,0.41935586399999997,0.08131544497252108,0.005749870255527121,-68.772099136,9.214149559783912,0.6515387636590246
R:A:ARG:480,-171.66059,4.403061269378386,0.31134344815573045,-13.913110000000001,0.9720072365471359,0.06873129083248763,1.5639750000000001,5.799598018343598,0.41009350869268213,20.914595,4.3421708765288125,0.3070378471864258,0.138269808,0.03188641728678743,0.0022547101891231343,-162.956860192,8.533612860257804,0.6034175521509023
R:A:ARG:481,-173.32806,3.742951317663644,0.2646666258371086,-11.453715000000003,1.7517477483287942,0.1238672711771556,-14.982330000000001,9.554694212328304,0.6756189069701202,32.95457,5.93440866684289,0.4196260610656826,0.051738587999999995,0.03616615307400907,0.002557333208806251,-166.75779641199998,11.982862781781451,0.847316353102556
R:A:PRO:482,82.95032499999999,2.405491172167339,0.17009391199239024,-9.536475,0.7889771792485509,0.05578911136480846,-60.594145,1.5457708834025174,0.109302507381464,-3.874315,0.997571885016313,0.07053898446160818,0.15893449199999998,0.046763627388691054,0.0033066878039424404,9.104324492,3.1297950244938635,0.22130992855435275
R:A:CYS:483,80.72301000000002,2.120232654663162,0.14992308878054772,-7.3413699999999995,0.585394792511857,0.0413936627456426,-67.740595,1.6635800644919378,0.11763287446490032,-3.303745,1.2242750221968102,0.08656931702326755,0.148425516,0.05034257855081466,0.003559757867569748,2.4857255159999996,3.017773336280434,0.21338879901678465
R:A:PHE:484,104.99778999999998,3.2399214258836584,0.2290970410753923,-13.357565,0.9633080586058645,0.06811616606118549,-83.493085,2.9664344283626085,0.209758590024044,-1.45529,1.6854643709969073,0.1191803286180232,0.08303198399999999,0.059021860870804,0.004173475805999445,6.7748819839999985,4.803026150814781,0.3396252361457453
R:A:SER:485,72.15892,2.8156446532898998,0.19909614277529336,-5.619735,0.6604619631553357,0.04670171328629175,-65.845105,2.99081926802256,0.21148285857221383,-5.28777,1.825293359189147,0.12906773119374185,0.348667632,0.07741786093036009,0.00547426944488147,-4.245022368,4.543869945832631,0.3213001251528004
R:A:ALA:486,84.06380499999999,2.106489764270171,0.14895131968154898,-3.79184,0.40014711594612296,0.02829467391577432,-68.10497000000001,1.7093864364443758,0.12087187408781254,-4.14511,1.0321477064354696,0.07298386424066625,0.619430904,0.04751634122556559,0.0033599127097771334,8.641315904,2.930359281906993,0.20720769195493766
R:A:LEU:487,72.93128,3.806019134423788,0.26912619392768145,-8.09412,1.613518662922744,0.11409299881237235,-75.922155,2.8746674070185927,0.20326968171587959,-2.287245,1.650541936751381,0.1167109396109679,0.26803432800000004,0.21378236124045316,0.015116695733119656,-13.104205672,5.303105544030549,0.37498618915319765
R:A:GLU:488,104.06945500000002,2.8873567147089743,0.20416695126752274,-5.67087,1.1148547138977347,0.07883213282348765,-114.23305000000002,18.14571609299286,1.2830958898841116,-38.543235,16.60413551678542,1.174089681965937,0.658691676,0.1449160443328337,0.010247111765047705,-53.71900832400001,24.790422732947803,1.7529476022948536
R:A:VAL:489,48.98327999999999,3.854949676921866,0.2725861057684342,-5.785170000000001,0.9314964096012394,0.06586674278799581,-54.197485,4.539924163438746,0.32102111620402013,-2.4373199999999997,1.7479182725745503,0.12359648634973407,0.4382020800000001,0.11902891709649718,0.008416615443622454,-12.998492919999999,6.277628545333036,0.4438953714175231
R:A:ASP:490,93.864735,2.9185638856764813,0.20637363148879995,-6.68666,1.173831663570207,0.08300243292819795,-89.37136000000001,10.74656233873884,0.7598967104166198,-62.847985,9.547844103501848,0.6751345311298149,0.109735272,0.06362465087373302,0.0044989422083443215,-64.931534728,14.715633630617093,1.040552432966616
R:A:GLU:491,102.94478000000001,3.2706118237418513,0.23126717991967644,-3.808475,0.9517279072166582,0.06729732570373803,-70.60092,10.308727997362235,0.7289371472342454,-83.716855,9.974351353044216,0.7052931479674781,0.9593060760000001,0.13178493743152525,0.009318602291607638,-54.222163924,14.743731305822275,1.042539238633932
R:A:THR:492,35.66459,4.493760287543162,0.3177568372348579,-3.536265,0.7847343147683807,0.05548909554025007,-48.813355,3.7910176205044204,0.2680654267056365,-5.758415,1.1887081150454892,0.08405435690001441,0.7533967319999999,0.10148787045253524,0.007176276140516952,-21.690048268,6.050192628030449,0.42781322347651896
R:A:TYR:493,89.69375,3.4747771147945583,0.24570384609830587,-12.51501,0.8989407043292678,0.06356470679158364,-80.31234,2.253401307889919,0.1593395345543597,-8.83384,1.6269858033799802,0.11504526944642268,0.25084241999999995,0.07903301081950756,0.005588477788806358,-11.71659758,4.5401890778908305,0.32103984848457046
R:A:VAL:494,64.030135,3.624686652219058,0.2563040511460461,-3.5395799999999995,0.7410816780895342,0.05240238799902157,-55.028285,3.335168696449251,0.23583204016603634,-3.3240499999999997,1.7114342398993891,0.12101667565877026,0.870881256,0.07077052124608992,0.005004231548121681,3.009101256,5.267344799643122,0.3724575226675348
R:A:PRO:495,88.26103499999999,2.737261703559782,0.1935536312469363,-6.034000000000001,0.6504654487365182,0.045994852972914266,-56.484055,1.9245879148469678,0.13608891655779687,-6.02498,1.5844456821235622,0.11203722862513157,0.501834456,0.055818556952211364,0.003946968013695616,20.219834456,3.7594320590549617,0.26583199023678683
R:A:LYS:496,124.60317,2.934010683535424,0.20746588504016758,-6.4041250000000005,0.8790568237463379,0.06215870411193432,-143.76633999999999,11.730639503641733,0.8294814740679864,13.181725000000002,12.145061790677518,0.8587855550117707,0.871763904,0.17948084259866506,0.012691212089459144,-11.513806095999998,17.16169577947092,1.213515146232444
R:A:GLU:497,94.086135,2.436769976172351,0.1723056574343251,-6.2384699999999995,0.7701785176827513,0.05445984525776767,-42.65769,8.731758020232808,0.6174285307786642,-106.639265,8.335919701795056,0.5894385348565827,0.784018764,0.057882976855185196,0.004092944544956543,-60.665271235999995,12.339591918031957,0.8725409122315113
R:A:PHE:498,89.01521000000001,3.0209044119104465,0.2136101994978236,-13.903905,0.9264683836888337,0.06551120766613144,-65.422055,1.8447788544904238,0.130445563779973,-3.649965,1.1244481374323139,0.07951049030709721,0.0048330000000000005,0.005740633044813089,0.0004059240554290913,6.044118,3.8277712474092223,0.2706643005873951
R:A:ASN:499,14.454595,3.418182812690831,0.24170202461889928,-6.87446,0.7793461800766075,0.055108096882400134,-76.44557,4.4591408135536605,0.31530887075294917,-7.328860000000001,2.4597366140300467,0.17392964397134836,0.38999296799999994,0.08019123802968361,0.005670376820253384,-75.804302032,6.1832051437366795,0.4372186286603747
R:A:ALA:500,92.79551500000001,2.1315327254759655,0.15072212445050986,-4.69791,0.4622809339568311,0.03268819832141258,-76.50283499999999,1.498363356390899,0.10595028899854403,-5.777429999999999,1.1445961056634781,0.08093516680343595,0.22036834799999996,0.0660780629872312,0.0046724246425943,6.037708348000001,2.883868014483004,0.20392026290879164
R:A:GLU:501,108.13275000000002,3.2081970852022166,0.22685379143294032,-4.376355,0.6353987558809034,0.04492947690408825,-48.82962,8.10171109739171,0.5728774856179983,-108.10556000000001,8.3491763346093,0.5903759203524479,1.117209204,0.08317292382234968,0.00588121384458956,-52.061575796,12.085100166061189,0.8545456278740537
R:A:THR:502,33.95513,4.569111038604774,0.3230849399391745,-5.41774,0.855434393977703,0.06048834608418385,-45.81549999999999,3.8105323250170704,0.26944532469501115,-1.613385,1.7316490599353556,0.12244607929156001,0.516641652,0.13024722208300527,0.009209869396560327,-18.374853348,6.2565384272083975,0.44240407486332745
R:A:PHE:503,102.99824000000001,3.5103119950226644,0.24821654157610043,-13.353200000000001,0.7807328544386998,0.05520614956687343,-74.73973,2.1452409205261778,0.15169144021829317,-7.591210000000001,1.0986344141250992,0.07768518442727673,0.09277948800000001,0.032076700993067475,0.0022681652790291274,7.406879488,4.329193826816559,0.3061202312012929
R:A:THR:504,39.909259999999996,3.3858994731680974,0.23941924778931203,-7.193705,0.6259141298732598,0.04425881256738594,-50.343109999999996,2.615990668542225,0.18497847412469373,-0.8564400000000001,1.4421516169945516,0.10197551878759921,0.26307583199999995,0.06094347120351265,0.004309354175705088,-18.220919168,4.558838263347069,0.32235854503454164
R:A:PHE:505,90.09926,3.1507595453160175,0.2227923440381199,-11.228264999999999,0.8764526483358928,0.06197456110272182,-61.46799500000001,1.548615450967412,0.10950364868293204,-4.413735,0.9664543831837072,0.06833864480566613,0.19611601199999998,0.05715460093580442,0.00404144058977183,13.185381012,3.745793039575616,0.2648675659205288
R:A:HIS:506,109.525015,3.277933395414709,0.23178489321755852,-7.1025149999999995,1.0018600799388107,0.07084220563248296,-86.83979,3.8227269946858615,0.2703076180567244,-6.38672,2.498486131960712,0.17666964866099666,0.79961436,0.08958417811890669,0.006334557983490245,9.99560436,5.71071544703632,0.4038085618026148
R:A:ALA:507,84.32469499999999,2.0255664619989635,0.14322917810235103,-4.860825,0.5741638306049938,0.04059951381328353,-73.97901,1.9727379704106678,0.13949363963815697,-1.530285,1.2583635499230736,0.08897973993485819,0.32837821199999995,0.0542866182354644,0.0038386435881982164,4.282953212000001,3.1481271506952258,0.22260620562940783
R:A:ASP:508,95.069115,8.355467916387148,0.5908208023663986,-4.917914999999999,1.1165311987468152,0.07895067820402178,-61.19802000000001,11.02469419075196,0.7795636022788648,-91.830095,6.348651824283247,0.44891747563430295,0.632823696,0.06922878625859899,0.004895214421676942,-62.244091303999994,15.261537951005195,1.079153697649162
R:A:ILE:509,77.517345,3.2392279027532167,0.2290480015845478,-10.097635,1.0346548660181327,0.07316114719490804,-66.84468,1.9320543309130833,0.1366168719009479,1.1443699999999999,0.9001042845692937,0.06364698433940134,0.06647634,0.030301962602201197,0.0021426723239277626,1.7858763400000004,4.013358689101629,0.2837873144397715
R:A:CYS:510,93.66107,1.965427023600724,0.13897667763153645,-6.002555,0.5868864174395247,0.04149913655577668,-85.60592000000001,1.5314970628767137,0.10829319585274046,-1.73432,1.0607120851578904,0.0750036708301667,0.32897854800000004,0.05669012853441501,0.004008597431302185,0.6472535479999997,2.77148808475668,0.19597380187091654
R:A:THR:511,38.56072,4.899528779546049,0.346449002463566,-3.9002549999999996,0.8670716694570294,0.061311225724780614,-47.09016,4.566217077012436,0.3228803059525309,-5.80046,1.6025575179693239,0.11331792881975913,0.88167402,0.06094525504955738,0.00430948031266857,-17.348480979999998,6.94114103433204,0.4908127894548392
R:A:LEU:512,67.954575,3.0388313665577105,0.21487782661753402,-8.609245000000001,1.0343090084568536,0.07313669137221752,-72.555245,3.147808684620938,0.22258368667733716,-2.2835249999999996,1.7122953715334863,0.1210775668605667,0.30681327599999997,0.073768503577767,0.005216220911782313,-15.186626724,4.811485004218563,0.340223367406033
R:A:SER:513,71.75574,4.5561618784235485,0.3221692960416929,-4.75331,0.9364540105632524,0.06621729811386146,-69.71858999999999,5.414122930992609,0.382836303868246,-3.140765,3.4556163357315866,0.2443489744174814,0.48867102,0.06735284450371787,0.004762565308078199,-5.3682539799999995,7.930580366759909,0.5607767156080828
R:A:GLU:514,99.53101500000001,2.9610101071720436,0.20937503259432577,-5.702335000000001,0.9736528810489906,0.06884765547115601,-95.30996499999999,14.478342417340977,1.0237734103642635,-48.515105000000005,13.493171187455342,0.9541112846360612,0.815743116,0.12224843405973322,0.008644269671307386,-49.180646884,20.03543344464826,1.416719085272253
R:A:LYS:515,123.540735,3.3210250608471776,0.2348319341015506,-6.442325,0.8411627662795115,0.059479189611787754,-101.58142,8.647568148537482,0.6114754078603651,-28.71938,8.255016547869543,0.5837178179805718,1.072801548,0.1898047428427617,0.013421222076548561,-12.129588452000002,12.437786024198823,0.8794842840658256
R:A:GLU:516,106.30062999999998,2.9518705735685633,0.20872876997553547,-7.755070000000001,1.1233326778385821,0.07943161540281048,-108.28638,17.850282216693383,1.2622055601517528,-46.358000000000004,15.797457716037728,1.1170489476518026,0.481819608,0.13661254624433267,0.009659965784452844,-55.617000392,24.04550529062742,1.7002739848059654
R:A:ARG:517,-190.719175,4.180832643669799,0.29562951133449955,-11.946815,1.3008274139081635,0.09198238855278222,7.8410400000000005,13.057471445819823,0.923302660448891,17.466515,10.722533146126198,0.758197589912336,0.32717771999999995,0.09360939922430012,0.006619184097430135,-177.03125727999998,17.454241716641494,1.2342012678306327
R:A:GLN:518,34.405950000000004,2.7467745643754604,0.1942262920860613,-10.239905,0.9621822987225446,0.06803656281643716,-83.93942500000001,3.0657438892338993,0.216780829345851,-5.326555000000001,2.279387851370407,0.1611770606658249,0.315845028,0.08053731807263026,0.005694848374773474,-64.784089972,4.80327451999439,0.3396427984988592
R:A:ILE:519,92.90147,3.250718226653919,0.22986049017936946,-7.921585,1.1798529750672326,0.08342820394731627,-73.939,1.7327231256031643,0.12252202720327474,-1.591995,0.6938006089468357,0.049059111537766355,0.39790594799999995,0.07061700486103113,0.00499337630043185,9.846795947999999,3.9303813438679898,0.27791993008981514
R:A:LYS:520,140.4549,3.3836838135381377,0.23926257699439746,-11.09509,0.9543555269919067,0.06748312647988385,-124.44141000000002,8.324567157029847,0.5886357887178624,-10.45821,7.503107725862664,0.5305498352930665,0.44384061599999997,0.07481647274528615,0.005290323522265035,-5.095969384000001,11.745669500896662,0.8305442553660041
R:A:LYS:521,128.38794,2.907250380754984,0.20557364588390212,-9.861375,1.0008547618785655,0.07077111891071809,-131.501245,10.062969661336309,0.7115594086405399,-2.9317200000000003,9.360871238383742,0.6619135530475259,0.34228965599999994,0.09197383622068216,0.006503532328338525,-15.564110343999998,14.083733275090776,0.9958703303239311
R:A:GLN:522,39.39523,2.763324518962621,0.19539655059775238,-11.922474999999999,1.120468946189496,0.07922911899595375,-96.40863499999999,2.0943405911587063,0.14809224341225638,-1.8532600000000001,1.0358940932354042,0.07324877379178439,0.003900924,0.004390390994959788,0.00031044752445964194,-70.785239076,3.788241203538007,0.2678691043792013
R:A:THR:523,39.69728,3.056124312196741,0.21610062253033888,-9.141845,0.862598139909309,0.06099489941687746,-50.50951500000001,2.2460378624980923,0.15881886033741394,-2.5399700000000003,0.8778636449358179,0.06207433362912564,0.076917564,0.02988433166142258,0.002113141356901975,-22.417132435999996,3.98750487080942,0.2819591734163729
R:A:ALA:524,82.18547500000001,2.2162078308170914,0.15670955856894941,-8.13363,0.6069902907790206,0.04292069507242397,-65.691955,1.4514802282411567,0.10263515121475196,-2.77481,0.6291130454059906,0.04448501005394963,0.012250584,0.009840669817758545,0.0006958404359554853,5.597330584,2.7897471710053687,0.1972649142413883
R:A:LEU:525,86.78686000000002,2.853359241385494,0.20176296687449857,-11.343675000000001,0.9146489159098151,0.06467544508447545,-87.21751,1.426023534132589,0.10083509111167598,-2.1239600000000003,0.6140216595528207,0.043417887926521716,0.087455304,0.040240448658756076,0.002845429412459553,-13.810829696,3.3749706090251004,0.23864646039469406
R:A:VAL:526,51.52808999999999,2.7829604294527797,0.1967850191439887,-10.87244,0.9236398412801388,0.06531119951432525,-59.98786,1.5021616026246978,0.10621886556539757,-0.02109,0.46429616830208714,0.03283069690853364,0.000137052,0.0005495337810326132,3.885790630592441e-05,-19.353162947999998,3.3271669664426793,0.23526623241114927
R:A:GLU:527,88.6475,2.6185508129497888,0.18515950367183423,-10.83553,1.048037322379313,0.0741074297591004,-75.56072,14.62119524975985,1.0338746310157727,-59.947475,12.91719570841036,0.9133836679330735,0.131108436,0.07736240609655509,0.005470348195978161,-57.565116564,19.71279967513372,1.3939054326459024
R:A:LEU:528,81.57202000000001,3.4531007065534594,0.24417109257240097,-12.015754999999999,0.837438364881261,0.05921583466333139,-84.41841500000001,2.9729232689013347,0.21021742033874116,-0.8913550000000001,0.5956581981094528,0.0421193951152554,0.00505656,0.008457800772872342,0.0005980568280422856,-15.748448440000002,4.671012790682435,0.33029048193006494
R:A:VAL:529,64.67104499999999,2.962505833407759,0.20948079641073308,-10.264280000000001,0.9324334462040709,0.06593300128160404,-62.93937,1.4627867661077607,0.10343464417447377,0.027120000000000033,0.6486609943568366,0.0458672587800928,0.002185452,0.004968425192804658,0.00035132071456502533,-8.503299548,3.493766425868206,0.24704659316132957
R:A:LYS:530,123.52808499999999,3.13960593192442,0.22200366447172673,-11.902024999999998,1.0618120522837364,0.07508145025154349,-143.37591,7.367731754203596,0.5209773085360819,19.890315,6.779425891310783,0.4793778020297509,0.11732108399999999,0.044170488555642484,0.003123325198601759,-11.742213915999999,10.546592240713787,0.7457566891818144
R:A:HIS:531,117.06193499999999,2.8121048097066015,0.19884583803508438,-12.111125,0.9688754302669668,0.06850983868668062,-93.18052,2.2283513074917067,0.15756823203932954,-4.02063,1.5882418843173731,0.11230566065653147,0.24851232,0.05092174077388949,0.0036007108211040767,7.99817232,4.041943581562395,0.2858085715696211
R:A:LYS:532,140.30127000000002,3.284023361229331,0.23221551883002986,-7.719455,1.3194424382954337,0.09329866955040139,-162.363755,10.38476725569596,0.7343139347546627,30.728535,9.956475327583302,0.7040291220850705,0.380240748,0.11343739360817003,0.008021235026046455,1.3268357479999997,14.815984534653566,1.0476483134408552
R:A:PRO:533,93.367195,2.3240442007360786,0.1643347414117751,-7.325019999999999,0.7096748337090727,0.050181588735312074,-66.516065,2.498970650242815,0.17670390927728505,-1.3589100000000003,1.3053093548657346,0.09229930963717985,0.155324016,0.07092900154546478,0.005015437797558925,18.322524016,3.722705677663792,0.2632350429037729
R:A:LYS:534,116.27433500000001,3.3603021921807867,0.23760924669270556,-4.58542,0.9975467626131619,0.0705372080394454,-109.39820499999998,11.538128859697096,0.8158689158896023,-13.03905,11.272626485761869,0.7970950629865298,1.282865148,0.2279126901121719,0.016115860869678495,-9.465474852,16.50876131122999,1.1673457072160844
R:A:ALA:535,98.77121,2.375430090720415,0.1679682725382981,-4.9150149999999995,0.7282305780280035,0.05149367799910005,-98.194215,2.982156437676435,0.2108703039640125,2.963215,1.523562745270112,0.10773215487436887,0.09757601999999999,0.05246215722048417,0.0037096347126279153,-1.2772289799999998,4.170160743444458,0.2948748940327511
R:A:THR:536,54.96325500000001,3.4670295066490273,0.24515600747253774,-5.9052750000000005,0.7714634530390925,0.05455070390815319,-55.19604,3.1501958793700435,0.2227524868368477,-7.576935000000001,1.4443399879443206,0.10213025998143253,0.5484599280000001,0.06947611207025056,0.004912702997535072,-13.166535072000002,4.96287502045673,0.35092825811462797
R:A:LYS:537,117.62574500000001,3.2699729371930584,0.2312220038185704,-7.142825,1.2365481569170689,0.08743715870197864,-85.94762,19.691688130416853,1.3924126210028405,-37.348355,17.00425406917266,1.2023823361330932,0.753587388,0.2279611718408761,0.016119289045591532,-12.059467611999999,26.25225663680728,1.8563148689335975
R:A:GLU:538,95.298945,3.0160547942593814,0.2132672797451006,-5.7543299999999995,0.9665779177593496,0.06834738001928091,-118.72807,20.733346973296424,1.466069024151148,-32.15155,19.61597843054228,1.3870591367845495,0.7906723199999999,0.10666151242775436,0.007542107872927832,-60.54433268,28.717599526664976,2.030640936470439
R:A:GLN:539,29.795270000000002,2.6969671887325584,0.19070437877904112,-7.622835,0.7819208321658913,0.055290152277553,-68.43530000000001,3.5239189065584355,0.24917869551789534,-11.229450000000002,3.204139918527279,0.2265669064261151,0.7356848399999998,0.11046099756266553,0.007810772043319149,-56.75663016000001,5.530076935663512,0.3910354901690992
R:A:LEU:540,79.138815,3.7374808669443373,0.26427980655713174,-10.690725,1.1108076203263102,0.07854596009264257,-72.37819999999999,2.029698760900247,0.14352137575984975,-5.41811,0.8184549944254723,0.05787350766542494,0.021721608,0.01870113093204622,0.0013223696497907382,-9.326498392000001,4.471303184793907,0.3161688802708778
R:A:LYS:541,121.432675,3.284623258362365,0.23225793796310815,-6.8575800000000005,0.9805652265912758,0.06933643211184146,-107.914005,13.113001377448832,0.9272292195702607,-20.528605,11.939848334839725,0.8442747723904077,0.9285265439999999,0.1606439748043258,0.011359244394089965,-12.938988455999999,18.063411858881086,1.2772761016780314
R:A:ALA:542,95.19470000000001,2.1444020565183206,0.15163212357544825,-4.445845,0.7091999442858128,0.05014800898216199,-80.431005,1.7997431691702572,0.12726105993144565,-7.320284999999999,1.2663050871630424,0.08954129141840093,0.516660948,0.0681327536347717,0.004817713211605946,3.514225948,3.1541513695196786,0.22303218222762006
R:A:VAL:543,57.032685,3.1795755968014037,0.22482994657935362,-7.379845,1.026707807009862,0.07259920526338426,-56.520075000000006,2.49501139263431,0.1764239474869412,-4.1913350000000005,1.2051765276402457,0.08521884952212744,0.19293480000000002,0.06999281835553131,0.004949239649355445,-10.865635200000002,4.341228075501372,0.30697118108644456
R:A:MET:544,81.41947499999999,3.0384106140176312,0.21484807492010485,-10.471585,1.0095456615601892,0.0713856583206669,-66.74915,2.2077014239928365,0.1561080647740532,-3.1980750000000002,1.718578909848192,0.12152188011578409,0.124848648,0.04457615827347278,0.0031520103794417426,1.1255136479999999,4.252125066706226,0.3006706469121273
R:A:ASP:545,91.533475,9.680212392782247,0.6844943826262382,-5.8305,0.8462497680945029,0.05983889495971662,-83.71927500000001,13.929124573690014,0.9849378442048387,-68.669745,17.38041080642155,1.2289806341028628,0.629694576,0.10613514685928796,0.007504888206643262,-66.05635042400002,24.300886948795178,1.718332195034074
R:A:ASP:546,91.51298500000001,10.04245233271112,0.7101086144202695,-5.818535,0.8056765596534381,0.0569699358773994,-46.77746,13.227904008889693,0.9353540625570619,-102.12915000000001,8.697240302963923,0.6149877595834733,0.660386124,0.10140481116193562,0.007170402961754598,-62.551773876000006,18.765118701068126,1.326894268329577
R:A:PHE:547,93.964905,3.3853958654749667,0.239383637347825,-13.06691,0.9943120545884979,0.07030847964150555,-70.195875,2.0763176706311106,0.14681783048007147,-2.076445,1.1749451506240622,0.08308116835285238,0.044999568,0.02690188672852103,0.0019022506532449608,8.670674567999999,4.259328176571342,0.30117998369525284
R:A:ALA:548,84.33099999999999,2.493709219215424,0.1763318699214637,-5.624455,0.8269533711008137,0.05847443364304609,-71.986125,2.1854436092873684,0.1545341996027902,-1.158615,1.7022215651245285,0.12036524117815324,0.11743379999999998,0.052387733192861094,0.003704372139166366,5.6792388,3.818233105601868,0.26998985211220516
R:A:ALA:549,93.92361499999998,2.368223692300835,0.1674587032192564,-4.88792,0.7376496821662706,0.05215970923998714,-82.90518,2.159004513103203,0.1526646731827635,1.0281399999999998,1.2180013261076525,0.08612569971849285,0.3304543320000001,0.09309423231243585,0.00658275629574792,7.489109331999999,3.5080058102096756,0.24805346968410705
R:A:PHE:550,110.98913999999999,3.001264970041799,0.21222148124541962,-10.32542,1.133419919359105,0.0801448910910733,-86.40512500000001,2.699771586518941,0.1909026796482307,-1.679425,1.899800290655573,0.13433616684227295,0.518068944,0.12524922184265444,0.008856457410327919,13.097238944,4.604989388187795,0.325621922367968
R:A:VAL:551,53.382095,2.8598570743963765,0.20222243305299986,-9.755609999999999,0.8287425160446398,0.05860094529527659,-58.043045,1.9324989503166616,0.13664831124047963,-1.378735,0.7970672398079098,0.056361165032981705,0.035239031999999997,0.023002740972757486,0.001626539412771446,-15.760055968000001,3.6381305842035494,0.2572546806932505
R:A:GLU:552,99.662785,2.91825637817773,0.20635188742503668,-7.629475,1.0966469027791033,0.07754464615223285,-106.71217499999999,13.216643335748115,0.9345578127231483,-38.009589999999996,11.965544995607178,0.8460918006986593,0.305443332,0.10730414740536443,0.007587549027977406,-52.383011668,18.09928995857228,1.2798130664368046
R:A:LYS:553,121.19964,3.54449821419055,0.25063387231577455,-6.737290000000001,1.0186947609073094,0.07203259733967671,-122.61846000000001,20.264644346950675,1.4329267436062458,-5.771755,19.15337433443452,1.3543480874483025,0.9916592040000001,0.15747471905030083,0.011135144170591412,-12.936205796,28.127096611573954,1.9888860749133106
R:A:CYS:554,82.086525,2.3746275559285084,0.16791152475894858,-7.924155000000001,0.7898075088114825,0.055847824531265314,-74.12877999999999,1.6478659294979066,0.1165217173234243,-4.670065,0.8758268440593723,0.0619303100579595,0.08827542000000001,0.03537204838236541,0.0025011815275629234,-4.54819958,3.121928553719923,0.22075368507152682
R:A:CYS:555,97.58983,2.291757493955239,0.16205172648108376,-6.05213,0.5307545601311401,0.03753001486144123,-76.730415,1.9242873025551568,0.1360676600587921,-6.381555,1.879578803076636,0.13290629174299837,0.301563036,0.05235224744790527,0.0037018629180769944,8.727293036,3.5738343095004903,0.2527082475084939
R:A:LYS:556,119.08418499999999,3.7366971995031917,0.26422439290094885,-4.301984999999999,0.9453498266647115,0.06684632730281448,-107.679725,7.850798823009987,0.5551353085481728,-16.442145,7.830106986112961,0.5536721747296635,1.4089957199999998,0.13947524122579463,0.009862388887838889,-7.93067428,11.739747151102318,0.8301254819959901
R:A:ALA:557,86.78900000000002,2.6820091424154398,0.18964668518062744,-4.306615,0.8558852591177161,0.06052022706397424,-79.007845,3.2271850568219667,0.22819644378227064,-2.321975,2.4492599197257525,0.17318882981264985,0.29165641200000003,0.1219196912471675,0.00862102404410423,1.4442214120000008,4.934994890903009,0.3489568352478484
R:A:ASP:558,87.42509000000001,4.7093167659332495,0.3329989819946902,-3.69013,1.2987326449658527,0.09183426602036952,-29.625709999999998,7.4049927991794835,0.5236120622937367,-118.94576999999998,6.525402998060732,0.4614156709903771,0.895884624,0.20693580234855308,0.014632570911094097,-63.940635376,11.01462645550423,0.7788517058923786
R:A:ASP:559,94.08343,5.635250787240973,0.39847240453449223,-3.49489,0.8864424729783654,0.06268094837747751,-47.636500000000005,18.503009905147866,1.3083603776291914,-101.618365,16.440931005930747,1.1625493803313796,0.867914208,0.12332232053184183,0.008720204911972635,-57.798410792000006,25.401232804324994,1.7961383966436386
R:A:LYS:560,126.89213500000001,3.5687225286893627,0.2523467900209452,-6.407414999999999,1.3959852444689378,0.09871106328003462,-154.49781,13.889656305103449,0.9821470161689134,19.668955,12.35917898741559,0.8739259271899851,0.7477692479999999,0.21265446482891276,0.015036941413012038,-13.596365752000002,18.984247015034246,1.3423889800051187
R:A:GLU:561,99.24074499999999,3.227936887545201,0.22824960624254095,-3.9614499999999997,0.7397408515824984,0.052307577247469594,-31.199189999999998,6.189954826482985,0.4376959033044518,-125.12225500000001,6.051631338736275,0.42791495568614446,1.1536259759999998,0.0821207046662766,0.005806810714534194,-59.888524024,9.268835930227963,0.6554056739969714
R:A:THR:562,33.92639,3.8913126921258847,0.2751573592319493,-5.270849999999999,1.0293019758554824,0.07278264070161236,-50.85784,4.472342887614946,0.31624239836239537,-1.7657600000000002,1.748010415415194,0.12360300183247977,0.45212270399999993,0.10479523570833353,0.007410142180540527,-23.515937296,6.2665900124092335,0.443114829269046
R:A:CYS:563,76.416625,2.3350893675349984,0.16511575264606038,-7.442170000000001,0.6865532835111926,0.048546648241665456,-65.18755499999999,2.4097926211553977,0.17039807036722865,-0.35216499999999995,1.4739005963005103,0.10422051064389869,0.025817219999999995,0.025218399619317638,0.001783210138149175,3.4605522199999994,3.728822492142038,0.26366756700345567
R:A:PHE:564,93.12061,3.212539915378484,0.22716087589965836,-11.635399999999999,0.9466173725428877,0.06693595633140682,-69.132585,2.1936879570200953,0.1551171630216173,-3.9789299999999996,1.672063875903071,0.11823277052281234,0.337187772,0.10575255811294976,0.007477835096949121,8.710882772000001,4.340016730304439,0.3068855260461336
R:A:ALA:565,89.70855,2.396524601897506,0.16945987972821175,-3.7500400000000003,0.5635643959655365,0.03985002060225314,-77.651035,2.7848368504770615,0.19691770214705176,-2.1036,2.3193454248990166,0.1640024877860089,0.523368324,0.10177284044129173,0.007196426561665388,6.727243324000001,4.382461886967928,0.3098868518566614
R:A:GLU:566,101.93188999999998,3.274655665547143,0.23155312271593315,-5.966135,0.9968216424090119,0.07048593429809241,-57.96686,15.728075197887375,1.1121428627438112,-94.90835999999999,14.82866409830636,1.0485448939849928,0.7006260599999998,0.14420842096948291,0.010197075237172568,-56.20883893999999,21.886056007288143,1.547577861618202
R:A:GLU:567,98.06024000000001,3.0072391312298397,0.21264391823421613,-7.48347,1.2622744349387736,0.08925628126636242,-66.972715,14.38428053827424,1.0171222311103396,-80.52886,13.02205917781055,0.9207986349642358,0.373591692,0.11737421543410774,0.00829961036699083,-56.55121330800001,19.675674130309332,1.3912802601958454
R:A:GLY:568,88.78803499999998,1.9439516876134038,0.1374581420610471,-4.835985,0.6410587529821272,0.0453296991372654,-79.70785500000001,1.7141673529661563,0.12120993593709632,-1.7004949999999999,0.9837519605952508,0.06956176823424631,0.03364686,0.04386053889547186,0.003101408447948448,2.5773468599999996,2.8456925113884313,0.20122084719745362
R:A:LYS:569,140.016135,3.2068758187330864,0.2267603637849327,-6.705540000000001,1.0895416827271915,0.0770422312241799,-147.960795,8.908545770942359,0.6299293125144082,10.46848,8.844696037151305,0.6254144545403472,1.115877672,0.172600342227502,0.012204687242418548,-3.0658423279999982,13.003529529165805,0.9194883909432654
R:A:LYS:570,127.598275,3.829011543384924,0.2707520027569048,-6.558544999999999,1.0311092415331171,0.07291043368321848,-165.91960500000002,15.329309320350186,1.0839458571325762,29.94859,13.52625900431823,0.956450946603902,0.945996984,0.12113012355297811,0.008565193177027516,-13.985288016,20.82514333840363,1.4725600073767064
R:A:LEU:571,77.995625,4.3795438648762275,0.3096805165357921,-9.240310000000001,1.0947622727788897,0.07741138268691498,-84.86358,4.158828981047429,0.29407361742937765,-1.9309249999999998,0.9043613986537682,0.06394800776314301,0.23941997999999998,0.09223855227715361,0.006522250580200518,-17.79977002,6.204929079512206,0.4387547428904683
R:A:VAL:572,48.66771500000001,2.8725088326713637,0.2031170474600175,-8.989975,0.8821229360894093,0.06237551099490087,-53.44772,2.13436885556363,0.15092266913224134,-2.0736749999999997,0.707362452618882,0.050018078700355934,0.095341284,0.042023100687266564,0.002971481946245125,-15.748313715999998,3.753279347466209,0.26539692782807767
R:A:ALA:573,78.51869,2.3248519187036405,0.16439185569699002,-5.353565000000001,0.5555882880110055,0.03928602460004066,-65.4631,1.571260866310875,0.11110492135814688,-3.2428549999999996,0.9336476123115187,0.06601885579041036,0.39465680399999997,0.04689556892428947,0.003316017479396621,4.8538268040000005,3.0093807598964166,0.21279535424950816
R:A:ALA:574,99.03235500000001,2.31109700553114,0.1634192364590993,-5.094774999999999,0.5525231165978488,0.039069284250866435,-84.132195,1.5117090913846483,0.1068939749699439,-3.4231700000000003,0.8892963066942311,0.06288274489476425,0.437687784,0.05139041375956166,0.0036338510057368507,6.819902784000001,2.953845702817157,0.2088684327040755
R:A:SER:575,82.65643,3.0231448898622104,0.21376862521310272,-7.473310000000001,0.9315874483375138,0.06587318019877285,-75.840495,2.8761587925521424,0.20337513859829323,-2.257455,1.3618531998622319,0.09629756326031827,0.023743728000000002,0.021362695014019557,0.0015105706508833276,-2.891086272,4.4871650406117505,0.31729048285197786
R:A:GLN:576,21.550680000000003,3.070956485787449,0.21714941558291148,-8.431455,0.984696967586983,0.06962859031945856,-68.90727500000001,4.187662961530572,0.2961124877422008,-7.293564999999998,2.8528921300629295,0.20172993711612314,0.3800363399999999,0.06349633345329792,0.004489868796530919,-62.701578659999996,6.006658657280853,0.4247349068836173
R:A:ALA:577,94.179585,2.3856153824066024,0.1686884814202647,-3.350285,0.5207086745724523,0.03681966348128402,-74.63134,1.4583088371123594,0.10311800677864176,-5.267735,0.7854796526804498,0.05554179888944002,0.6656009399999999,0.04216187216825648,0.0029812945717694523,11.59582594,2.9508844181346268,0.2086590382560714
R:A:ALA:578,130.48111,2.947006638591097,0.20838483783495376,-3.4645899999999994,1.034763732404649,0.07316884521092293,-103.404905,8.459686048901283,0.5981901371887328,-79.99791499999999,7.9600921638995485,0.5628635147963269,0.49475268,0.12683779473997803,0.008968786477138587,-55.89154732000001,12.02917400488182,0.8505910510924874
L:B:UNL:579,599.857585,10.387230645979463,0.73448812275208,-30.448765,2.9091171100137925,0.2057056435756564,-356.40599499999996,5.959924582993898,0.42143030879953913,-8.908119999999998,3.15533463131884,0.22311585147183066,2.9273681880000004,0.20954241793401127,0.0148168864667365,207.022073188,12.72313909961054,0.8996617935314317

Receptor:
Total Energy Decomposition:
Residue,Internal,,,van der Waals,,,Electrostatic,,,Polar Solvation,,,Non-Polar Solv.,,,TOTAL,,
,Avg.,Std. Dev.,Std. Err. of Mean,Avg.,Std. Dev.,Std. Err. of Mean,Avg.,Std. Dev.,Std. Err. of Mean,Avg.,Std. Dev.,Std. Err. of Mean,Avg.,Std. Dev.,Std. Err. of Mean,Avg.,Std. Dev.,Std. Err. of Mean
R:A:SER:1,-2.7132099999999997,4.064084005763168,0.2873741359786924,-3.3360299999999996,0.806653593000118,0.057039022567887676,-183.23234499999998,19.344606683930664,1.3678702565593983,92.34656999999999,16.83123877868471,1.1901483076177943,0.652655412,0.17986165376630076,0.01271813950535782,-96.282359588,25.97506930925441,1.8367147650364362
R:A:GLU:2,86.24982,2.7538645132976316,0.19472762718217465,-7.60612,1.2785949615104857,0.0904103167675017,32.12560499999999,8.197201110072571,0.579629649168221,-157.001385,7.2138342486347025,0.5100951115565361,0.225433764,0.08983063510215379,0.006351985123902725,-46.006646235999995,11.334026424089227,0.8014366942621008
R:A:VAL:3,44.703590000000005,3.414413600005131,0.24143550103392,-9.148699999999998,0.8304201827990454,0.058719574249137735,-47.41211499999999,2.63928284042749,0.18662547939355706,0.22587500000000002,0.7071772404249165,0.05000498222052479,0.0015684479999999998,0.0030576866922717902,0.0002162110994849247,-11.629781551999999,4.4512628345782845,0.31475181351739584
R:A:ALA:4,81.77139,1.9363648127096298,0.13692166899179983,-6.7400199999999995,0.8106850495722737,0.05732408959591072,-71.57119,1.7434341725169895,0.12327941259391204,0.32372500000000004,1.1997176831967595,0.08483285092978428,0.081029016,0.05958339932934125,0.0042131825711923185,3.864934016,2.9814684892265153,0.210821658662608
R:A:HIS:5,115.57012999999999,3.099168881022781,0.2191443331813533,-7.991879999999998,0.8949479401618845,0.0632823757297401,-81.97811,4.97290905787548,0.3516377717047757,-7.971019999999999,3.5719385996402573,0.2525742005787606,0.7408617839999999,0.10519476022721921,0.007438392830195963,18.369981783999997,6.921373806100872,0.4894150353420871
R:A:ARG:6,-189.23561499999997,4.460266678885356,0.3153884814540236,-13.396725000000002,1.3620649027762959,0.09631253291693144,-107.70185000000001,12.135536899020991,0.8581120434637309,134.22348000000002,9.28010109156145,0.6562022411939783,0.17506450800000004,0.05549163918574703,0.003923851436739887,-175.93564549199996,15.973221687100871,1.129477337234505
R:A:PHE:7,105.06298499999998,2.829693890648775,0.20008957387598936,-13.93905,0.8166297983174505,0.05774444681092719,-80.76176,1.8660338615362797,0.13194851974160224,-3.3343399999999996,0.9608950798084044,0.06794554269413115,0.13787164799999999,0.04250306101162239,0.0030054202662503754,7.165706648,3.6168024523424505,0.25574655402634816
R:A:LYS:8,122.274335,3.106653510254241,0.21967357638977655,-7.2816149999999995,0.9290605721776165,0.06569450307198466,-186.31707999999998,8.959748825363356,0.6335499152142632,57.184385,9.21091037665523,0.6513097188234449,1.09094094,0.12213553608226395,0.008636286578762309,-13.049034059999999,13.253200958602383,0.9371428270255797
R:A:ASP:9,80.414515,7.644445270245252,0.5405439088999847,-5.9708950000000005,0.8129694914171134,0.05748562402788196,12.449110000000001,11.522813519184453,0.8147859577763352,-152.79335,12.222336139932496,0.864249676648768,0.558909144,0.09949307521514482,0.007035222816573212,-65.341710856,18.47347000081917,1.306271590962549
R:A:LEU:10,68.58005999999999,3.2263589859778463,0.22813803175270883,-9.139345,1.1345447879986932,0.08022443131537299,-75.36456,2.102798960053005,0.14869034041255,-0.340115,1.1135992644461472,0.0787433591414222,0.11913512399999998,0.05585637118740013,0.003949641883908352,-16.144824876,4.166721841538288,0.29463172694698225
R:A:GLY:11,82.37437,2.234397118486327,0.15799573543453635,-4.1034500000000005,0.6024856990003995,0.042602172333109964,-82.95924000000001,1.6562268299964233,0.117112922267357,-1.9495100000000003,0.9146921776750909,0.06467850415323471,0.18630522,0.03097415705291752,0.0021902036493655105,-6.45152478,2.989352436783783,0.21137913794063432
R:A:GLU:12,93.60950999999999,2.8490564894189094,0.201458716365165,-6.805834999999999,0.9746257578039891,0.06891644824622783,-37.449065,12.112565559813287,0.8564877244910606,-106.460855,11.170736703278571,0.7898903673737736,0.45846226799999995,0.08723103933233958,0.006168165944184776,-56.647782731999996,16.750350158627967,1.1844286184414996
R:A:GLU:13,91.968375,2.905555085413974,0.2054537704007279,-5.993634999999999,0.8949382446711058,0.06328169015501245,-25.16994,12.016425796234085,0.8496896166142079,-115.091085,11.42380812241588,0.8077852190334229,0.8097047280000002,0.14081382926333197,0.009957041355694673,-53.476580272,16.85707193687079,1.1919749877510784
R:A:ASN:14,19.037155,5.481955967624604,0.3876328238873419,-8.10976,0.8602051745949917,0.060825691216787665,-83.744065,3.0356285676569525,0.21465135453538373,-4.332255,3.0191610010025967,0.21348692173029007,0.302379228,0.08951979183308692,0.006330005185558388,-76.846545772,7.009292540424808,0.49563182866546646
R:A:PHE:15,113.09397999999997,3.5467683430976993,0.25079439467021586,-15.134479999999998,0.8420713387831223,0.05954343538963804,-86.51239000000001,1.4961416536879117,0.10579319089383775,-0.655455,0.5803047457801807,0.041033742089590125,0.000473112,0.0016917667636692712,0.00011962597507765609,10.792128112,3.9829444042253193,0.28163669973167366
R:A:LYS:16,120.29778,3.5170115611979442,0.24869027244345526,-9.84527,1.0012320345953778,0.07079779612035955,-187.19679000000005,16.63557172825449,1.1763125577963964,61.81117999999999,14.776631812344787,1.0448656557605862,0.393502536,0.09849939475810349,0.006964958997622565,-14.539597464000002,22.54933773934321,1.5944789626755316
R:A:ALA:17,86.664515,2.210412683137472,0.1562997797467258,-7.061469999999999,0.5872486944217075,0.0415247534068536,-77.270335,1.3672167285309964,0.09667682200959546,0.20753500000000003,0.56383330761405,0.03986903552727354,0.101786436,0.03502725857342969,0.002476801206364677,2.6420314360000003,2.7238211669028796,0.19260324178564808
R:A:LEU:18,81.18965,3.170679056211776,0.22420086616135093,-11.919949999999998,0.8718166650735693,0.06164674758249619,-84.29179,1.6373135820300275,0.1157755536782269,0.14903,0.6339456909704491,0.0448267296989196,0.015548327999999998,0.015087756110688426,0.0010668654658756555,-14.857511672000001,3.727758109156823,0.2635923037607932
R:A:VAL:19,53.887294999999995,3.384160888311163,0.23929631127511136,-10.086925,0.8834779054254837,0.062471321795484674,-56.97519500000001,3.079665044607124,0.21776520368248686,-0.497145,0.44548937582730297,0.03150085585940483,0.027217475999999997,0.016244611571072542,0.001148667499964685,-13.644752523999998,4.681467674320213,0.3310297538417438
R:A:LEU:20,73.447935,3.119147125541692,0.2205570083989058,-11.631475,0.8375047458820756,0.05922052850891319,-74.94967999999999,1.4407296511143237,0.1018749706159467,-1.9614649999999998,0.5423485583782813,0.03834983433960309,0.020146932,0.018129288737117513,0.0012819343004104693,-15.074538068000003,3.577801775900268,0.2529887897480352
R:A:ILE:21,77.61191,3.2679356866223666,0.23107794844921917,-11.31981,1.1121829633203344,0.07864321152839576,-65.42540000000001,1.262398681082961,0.08926506679547155,-0.324505,0.4448855920065292,0.03145816189600085,6.688800000000001e-05,0.0003638505520897282,2.5728119272111595e-05,0.5422618880000004,3.702421957065702,0.2618007672655126
R:A:ALA:22,87.57309000000001,2.1709514116856696,0.1535094464829445,-7.58235,0.6420002784267309,0.0453962750399193,-76.23181000000001,1.5124386876498495,0.10694556521660911,0.12415999999999996,0.8155670079153521,0.05766929618089681,0.033012216,0.01707198334126835,0.0012071715188914623,3.9161022160000005,2.842200937709226,0.20097395565489576
R:A:PHE:23,97.184355,2.763152026033855,0.19538435350578864,-15.278870000000001,0.8215315228888055,0.05809105107931857,-76.78737,1.3320643239348466,0.0941911716431004,-1.39752,0.49652636344911233,0.03510971586327636,0.000773676,0.0022825783801271753,0.00016140266511777306,3.7213686759999995,3.2141658583431973,0.22727584742927548
R:A:ALA:24,90.007665,2.2502005161262852,0.15911320439823654,-9.029089999999998,0.5446782737543329,0.03851457009366715,-76.64707,1.1632222165605328,0.08225223173567994,-0.179225,0.691211381832649,0.048876025532719004,1.4328e-05,0.00015027314203143555,1.0625915776063728e-05,4.152294328,2.681592047036987,0.18961719208357689
R:A:GLN:25,32.925255,2.9479327044515453,0.2084503205799286,-12.991435000000001,0.878752539555363,0.0621371879704497,-76.61614,1.4876819654751479,0.10519500060364083,-5.00601,0.8622469831202657,0.06097006888219825,0.020920356,0.01006707751123751,0.0007118498774926635,-61.667409644,3.524100181904541,0.24919151362054465
R:A:TYR:26,85.94325500000001,3.258757740301509,0.2304289696411347,-13.931775,1.087381315075351,0.07688947016253266,-79.062875,2.078726569170414,0.14698816532930464,-3.5668899999999994,0.8503448052995913,0.060128457817409546,0.029596248,0.022051049801895962,0.001559244684720291,-10.588688752000001,4.104458164048253,0.2902290200895007
R:A:LEU:27,69.77525,3.3903558172410158,0.23973435890063813,-10.394849999999998,1.0720513082404217,0.07580547498367118,-73.67751,1.5198569735011251,0.10747011723963085,1.0102699999999998,0.5118332708021236,0.03619207766210721,0.00464886,0.0076281307151621364,0.0005393902956468535,-13.28219114,3.900743939350314,0.27582424911869335
R:A:GLN:28,30.792235,2.9526987993655904,0.2087873343832786,-10.518085000000001,1.1407965628344958,0.08066649855345773,-81.06530000000001,2.5201891436953696,0.17820428333797142,-3.9788200000000002,1.050733956622703,0.07429811059508849,0.074744532,0.023994597188304205,0.001696674238368957,-64.695225468,4.180408820419867,0.2955995425050944
R:A:GLN:29,27.845045,3.2643396764085386,0.2308236721284778,-7.24422,1.0085042000904112,0.07131201587390446,-67.670355,3.3240338654976127,0.2350446887187094,-11.82685,2.808895278841844,0.19861888993119461,0.565973316,0.14597936780861923,0.010322300089079984,-58.330406683999996,5.5347446234560636,0.3913655455381567
R:A:CYS:30,96.22762999999999,3.8333384957631913,0.2710579644937592,-7.559660000000001,0.9410147259209072,0.06653978938950739,-73.176995,4.158321350614331,0.29403772253721966,1.157615,0.8230868525101103,0.05820102949153906,0.020303496,0.029009896201268696,0.002051309432543496,16.668893496,5.792231239628441,0.4095725987741833
R:A:PRO:31,82.20220499999999,2.398307264087527,0.16958593298052463,-7.021445,0.7497861808375772,0.053017889291021386,-56.34188999999999,1.9100138213897826,0.13505837252647465,-4.256565,1.1675775630659404,0.08256020124051903,0.470896884,0.05722530790734589,0.004046440327677244,15.053201884,3.365816683880762,0.23799918014029048
R:A:PHE:32,93.03657500000001,2.9071839904579484,0.20556895138097825,-12.321164999999999,0.903804833896677,0.06390865269175215,-69.55822500000001,1.965121745433346,0.13895509120530633,-5.13262,1.3973892927885199,0.09881034448882363,0.211520376,0.08423774746560726,0.0059565082464810805,6.236085376000001,3.884594990500694,0.27468234599463326
R:A:GLU:33,94.760355,2.8857574359212865,0.20405386517994456,-5.555644999999999,0.8754414480563506,0.06190305844524162,-31.042205000000003,13.284670668592993,0.9393680715592131,-115.274775,13.672045416995038,0.966759602704765,0.9150097679999999,0.0897012441858895,0.006342835804471283,-56.197260232,19.300501047343527,1.3647515170874671
R:A:ASP:34,88.00362500000001,4.075964555093064,0.28821421767823147,-7.341455000000001,0.9163345011375486,0.06479463395895527,-25.814925,9.945324590951016,0.703240645936279,-117.3497,8.655430312815188,0.6120313468279219,0.358813116,0.08293783961215859,0.005864590880671959,-62.143641884000004,13.830617837861205,0.9779723661151284
R:A:HIS:35,120.37653999999999,2.8460489943779956,0.20124605435138349,-13.511880000000001,1.0087832500591989,0.07133174768642642,-93.05813999999998,2.001446182239232,0.14152361676412875,-6.475565,1.2322411272859708,0.08713260571608655,0.0021699,0.005321059029892452,0.00037625569231308645,7.3331249000000005,3.8264698945430364,0.2705722810437554
R:A:VAL:36,63.050895,3.3410746645316087,0.236249655174087,-7.1045549999999995,0.8232288424095696,0.058211069693615836,-61.543505,2.6774964070890928,0.18932758660553142,-2.25122,0.8235186285688989,0.058231560669451406,0.438323436,0.106103836877498,0.00750267425659901,-7.410061564,4.438345818739807,0.31383844256818766
R:A:LYS:37,121.243735,3.323854635024673,0.23503201521042832,-6.874035,0.9438475426545327,0.06674009978172793,-184.57986499999998,12.386864011797941,0.8758835540377927,59.036905000000004,11.147629250471825,0.7882564237162137,0.9992688479999999,0.10221187103779726,0.007227470712859132,-10.173991152000001,17.019205123562056,1.2034395353275562
R:A:LEU:38,75.34074,2.8790330863677127,0.20357838186310448,-11.27294,0.8892632998162018,0.06288041095603622,-80.53950999999999,1.606160206797566,0.11357267738985463,-1.9650100000000001,0.6371717507077664,0.0450548465705966,0.065873412,0.03725485097484965,0.002634315775641045,-18.370846588000003,3.473722369810396,0.2456292643652335
R:A:VAL:39,48.608165,2.632747879644954,0.18616338788514514,-8.935194999999998,1.0514124295322935,0.07434608587461078,-54.66102000000001,1.754695839625774,0.12407573271192074,-2.186405,0.687019105247445,0.048579586812518276,0.061852212,0.030094511753152867,0.0021280033337152645,-17.112602788,3.4042161968598093,0.240714435742465
R:A:ASN:40,23.144955,6.283516139310457,0.4443116871801539,-7.227480000000001,0.8050182479919322,0.05692338621340091,-84.89662499999999,6.648204408287625,0.4700990419814478,-10.816185,4.309556889144753,0.30473169002234574,0.592861716,0.07635119689763706,0.005398844907802845,-79.20247328399999,10.144326561827192,0.7173122102438823
R:A:GLU:41,110.755635,2.921906328371086,0.2066099778783082,-7.5293849999999996,1.055419602231738,0.07462943577352706,-23.49674,12.058253518333407,0.8526472832080096,-134.67579,11.4691753773277,0.8109931683926196,0.569554236,0.08673867032828382,0.006133350198023387,-54.376725764,16.929336445170566,1.1970848601368667
R:A:VAL:42,59.86655499999999,3.3197266569666546,0.2347401230826869,-9.59837,0.8194351488067864,0.057942815046388624,-63.469069999999995,2.935839771700765,0.20759522110467765,-1.81502,0.5091572051930523,0.03600285124819977,0.027578448,0.031782459752726755,0.002247359281394161,-14.988326551999998,4.535577734922303,0.3207137772962282
R:A:THR:43,36.530590000000004,3.0634751446519037,0.21662040487798007,-8.826120000000001,0.966010981097006,0.06830729154343627,-53.029259999999994,2.1632250258352688,0.1529631085000563,0.276545,0.9181876594547543,0.06492567204022612,0.039103128,0.029605986951311315,0.002093459413699267,-25.009141872,3.9801438142783687,0.2814386681173925
R:A:GLU:44,88.82240999999998,2.912649639400524,0.20595543112406628,-6.3982600000000005,0.9681253753517671,0.06845680179500062,-4.436,15.182573604300426,1.0735700751464714,-135.94350500000002,14.923463024377922,1.0552481903324331,0.7006203,0.12611729047044262,0.008917839131652353,-57.2547347,21.509462804199238,1.5209487008529092
R:A:PHE:45,93.960195,3.079775303001016,0.21777300012828724,-11.796520000000001,0.9980885579947303,0.07057551875827765,-70.27895500000001,1.5244485766909297,0.1077947926148337,-2.974775,0.6374774461696664,0.04507646250400534,0.30786400799999997,0.09233980954307376,0.006529410550138173,9.217809008,3.6359378823560022,0.25709963325869845
R:A:ALA:46,100.71529500000001,2.2670958003522923,0.16030788140286492,-8.068415,0.7629183133042489,0.05394647128288374,-81.671995,1.4314133662136175,0.10121620979307118,-1.6086099999999999,0.5955960274380614,0.04211499898492222,0.00024624,0.001490918692350458,0.00010542387175587888,9.366521239999999,2.850517285768243,0.20156201026561962
R:A:LYS:47,140.516625,3.374589952034914,0.23861954388078738,-7.878984999999999,1.153644401353814,0.0815749779275177,-216.842745,14.949360434144834,1.0570794137385682,68.377455,13.683848084437908,0.9675941773232594,0.764024076,0.10739398292905904,0.007593901358776997,-15.063625923999998,20.578176838696606,1.4550968387098322
R:A:THR:48,41.403155,3.273774112698523,0.2314907875162098,-5.7503899999999994,0.9253131566664337,0.06542952077999654,-59.36165500000001,3.0538598651501676,0.2159405019441119,-3.25798,0.9928818004173509,0.0702073453991817,0.5067050759999999,0.08278930598460059,0.005854087967143909,-26.460164924,4.678945371943918,0.33085140013029574
R:A:CYS:49,89.41299500000001,2.108639640852604,0.14910333891256425,-8.615295000000001,0.8044891285623442,0.05688597181972898,-74.283195,1.396356668969286,0.09873732695832411,-3.894975,0.8431278042948175,0.059618138782378975,0.025590383999999994,0.033611114835990545,0.0023766647223768685,2.6451203839999993,2.7848465022942497,0.1969183846335902
R:A:VAL:50,47.205185,3.1329882366161224,0.22153572274889438,-6.201395,0.8508310108211853,0.06016283773954649,-48.63085,2.4474464422127813,0.17306059758795472,-4.296655,1.2460885305527052,0.08811176499125982,0.43481775600000006,0.07195548806972032,0.005088021355768696,-11.488897244,4.252932753464172,0.30072775899048915
R:A:ALA:51,80.34469500000002,2.2207138879141994,0.1570281849219273,-3.258365,0.39966209699569966,0.028260377896889493,-68.01618,1.1870982931501504,0.08394052530214474,-3.791675,0.7218679999660603,0.05104377578975717,0.672415812,0.03431199396772878,0.002426224361061293,5.950890812,2.650051517170004,0.18738693982846083
R:A:ASP:52,109.87416999999999,3.097052774994317,0.2189947018891096,-3.8921249999999996,1.216359449083617,0.08600960148073586,-24.817300000000003,5.984097342122703,0.42313958098953586,-147.754525,4.927932428450596,0.34845744373865073,0.590789592,0.06655351500768637,0.004706044177373569,-65.998990408,8.436209728913207,0.5965301106826454
R:A:GLU:53,99.83145,2.958504265249587,0.20919784281273074,-5.7642,1.3983963279414031,0.09888155262737333,8.336464999999999,10.322076462067843,0.7298810262254218,-155.838955,10.762296556171224,0.7610092876009299,0.717595596,0.2474123907647634,0.017494697925934014,-52.717644404000005,15.268980395571734,1.0796799579513225
R:A:SER:54,66.43721500000001,5.4315325644586725,0.38406735085642857,-2.078175,0.9281065587393508,0.06562704413483057,-65.619045,5.745066330598369,0.4062375360732622,-4.612970000000001,1.50437467710009,0.10637535356227965,0.7437982320000001,0.04461069930546008,0.0031544527992364824,-5.129176768000001,8.101471977962865,0.5728605773210333
R:A:ALA:55,90.05573,2.356658600030985,0.1666409277023505,-3.9639299999999995,0.6364978908841725,0.04500719748551336,-74.118445,2.8185639263594857,0.1993025665536573,-5.166189999999999,1.7395718737379033,0.123006306828146,0.336665016,0.07587696633154323,0.005365311742889757,7.143830016000001,4.115232623691482,0.29099088943723544
R:A:GLU:56,94.29151,3.2521045431996805,0.22995851756240734,-3.9959100000000003,0.9840133799395209,0.06958025337335298,12.55565,7.358290669544116,0.5203097230376346,-156.31166,6.732224362304037,0.4760401499054465,1.078256988,0.11671212823361185,0.008252793732070085,-52.382153011999996,10.536857902362394,0.745068367515951
R:A:ASN:57,13.474815,3.87272123199889,0.2738427444791536,-6.768185,0.9911855228840865,0.07008740046452713,-72.43012,4.879609822065694,0.34504051947271347,-9.656725,3.1600973971343036,0.22345262987236242,0.419453316,0.11324583343228192,0.008007689676108877,-74.960761684,7.056206535760895,0.49894914908893656
R:A:CYS:58,88.51391,2.2471990881762123,0.1589009713925626,-7.73491,0.6876780510529619,0.04862618131726981,-81.96276,1.751906467937144,0.12387849434829275,0.11789999999999999,1.2091835551313126,0.08550218915326087,0.03148956,0.04361293495009938,0.003083900205066305,-1.0343704399999998,3.1711209491747487,0.22423211271241858
R:A:ASP:59,105.66378999999999,8.612219628870363,0.6089758900642125,-4.716095,1.2109416030407907,0.08562650191310514,-7.660985,14.589206966959344,1.0316127178470975,-152.3672,15.191645970071841,1.0742115882823084,0.664805592,0.11146490519956824,0.007881759033093036,-58.415684408,22.787720336438685,1.6113351577678388
R:A:LYS:60,136.332975,3.507422880745206,0.24801225034637905,-7.529894999999999,1.0647998985607579,0.07529272288790598,-237.79319499999997,15.715840641752989,1.111277748983068,93.87082500000001,13.514535899703512,0.9556219979269392,0.6248576880000001,0.13133433787915275,0.009286740091699415,-14.494432311999999,21.049546086745103,1.4884276778836216
R:A:SER:61,74.72669,6.514161410642202,0.4606207707208827,-5.2938350000000005,0.8878514446544535,0.06278057772014367,-74.725355,7.118342872394881,0.5033428515881347,-1.180825,2.5399008158538394,0.17959810904314943,0.391616532,0.05892398011927042,0.004166554591683742,-6.081708468,10.017382517926432,0.7083359108165351
R:A:LEU:62,70.539725,3.172817393008145,0.22435206940626823,-9.159235,1.0519303112730425,0.0743827056436844,-75.96444,2.2879916534812796,0.16178544134748343,2.10253,0.8323934881412757,0.05885910800802201,0.046935144,0.022813190452754827,0.0016131361669643142,-12.434484856,4.135412041902068,0.2924177897829459
R:A:HIS:63,121.07122500000001,2.833263858939897,0.2003420087547167,-11.504455,0.8835340615816688,0.062475292635369065,-101.77179499999998,2.0587700558768094,0.14557702674142992,-2.493845,1.3482207278391027,0.09533360191912922,0.18376167599999998,0.05700616676511256,0.004030944708906229,5.484891676,3.855839663335244,0.2726490373112405
R:A:THR:64,40.512085,3.8232106517657383,0.27034181777681937,-8.033645,0.7857933691340236,0.0555639819926092,-47.092209999999994,2.754534524361602,0.194775004118855,-4.52199,1.2847376502227994,0.09084467045182122,0.24368651999999996,0.07838740074450741,0.005542826262602861,-18.89207348,4.947581911110262,0.3498468719821965
R:A:LEU:65,64.333265,4.747020744085178,0.335665055857584,-10.014854999999999,1.0312787130426964,0.07292241712858262,-67.47529,3.6017384449596004,0.2546813678491224,-0.496895,0.7708399340816484,0.054506614459852484,0.109282392,0.08700859270320338,0.006152436592193346,-13.544492607999999,6.096886603327078,0.4311149861337993
R:A:PHE:66,101.09568499999999,3.296929972834576,0.23312815408885085,-13.510665,1.0779573149132577,0.07622309272048072,-83.052335,1.1346053158587792,0.08022871128140474,0.47080500000000003,0.5421254439472474,0.038334057766886614,0.066467484,0.024676766926891858,0.0017449109231765154,5.069957484,3.689658165890977,0.2608982309361829
R:A:GLY:67,75.41671500000001,1.8320377298994144,0.12954463022014845,-5.472,0.7436866813383174,0.052586589545244325,-79.16389,1.9611809702064724,0.1386764363167009,2.1987900000000002,0.6477854551469954,0.04580534880884545,0.028093895999999993,0.012255265735788189,0.0008665781507018972,-6.992291104,2.8592724789906354,0.20218109591543484
R:A:ASP:68,110.75370500000001,3.660842923149667,0.25886068558179126,-7.892495,0.7947561135184805,0.056197743725838314,-17.296979999999998,9.140920052686162,0.6463606555538478,-145.477685,8.27847308419705,0.5853764455706046,0.43104016799999995,0.08447309393164533,0.005973149754687461,-59.482414832,12.889145817583234,0.9114002411315332
R:A:LYS:69,127.59566500000001,3.5291597247468127,0.24954927732589208,-8.831575,1.380807384965405,0.09763782654215016,-216.767075,8.88745306031908,0.6284378326428756,86.15781999999999,7.723886829025915,0.5461612753921684,0.34097972400000004,0.09276458707276944,0.006559446857312521,-11.504185276000001,12.369941483804189,0.8746869506078725
R:A:LEU:70,64.06696,3.7289839109870124,0.2636789810394449,-11.155775,1.0641234582392214,0.07524489133406333,-75.65109000000001,2.265543725444292,0.16019813313362924,0.787525,0.5286902111586709,0.037384043345724385,0.005160132,0.00818023954731009,0.0005784302855633338,-21.947219868,4.522161913329624,0.31976513545389096
R:A:CYS:71,98.75157500000002,2.07483324977575,0.14671286607477543,-7.536745,0.6707107796770528,0.047426414052456047,-90.90832999999999,2.022787942691967,0.14303270711798752,-0.528965,0.980471592538509,0.06932981118447533,0.14934495599999997,0.0376415678416676,0.0026616607875336634,-0.07312004400000027,3.1319639935437604,0.22146329782668933
R:A:THR:72,47.92693,4.105477606211,0.29030110553613125,-5.06665,0.7770797626370153,0.054947836968346625,-56.62363499999999,2.73855623126037,0.19364516817848826,-4.5645,1.0371254456429078,0.07333584355552202,0.6196682880000001,0.06763066237622294,0.004782209998236514,-17.708186712,5.102812230610534,0.36082331313863614
R:A:VAL:73,40.75929,3.0398003694157287,0.2149463454667234,-7.38481,0.8558435335386955,0.06051727661998679,-43.91389,2.0447416115245463,0.1445850659283316,-0.341265,0.5805149909993711,0.04104860867161029,0.20581844400000002,0.0812435148510825,0.005744784027863041,-10.674856556,3.8075478803529657,0.2692342925890047
R:A:ALA:74,91.72956,2.2664764672063114,0.16026408793613123,-7.653105,0.6608132670997156,0.04672655422642461,-79.87039,1.1345851523354253,0.08022728550499512,-1.1840800000000002,0.4670666586259396,0.03302660015805441,6.5412e-05,0.0005477495660025665,3.873174325124031e-05,3.0220504120000005,2.6606436781171183,0.1881359187117732
R:A:THR:75,42.85434,4.058571259002361,0.2869843259169393,-6.472519999999999,0.7039694379729848,0.04977815633387802,-53.201235,3.3816325687121895,0.23911753208176728,-2.9208550000000004,1.262378391757004,0.08926363212347456,0.51142806,0.04956974796420494,0.003505110492719737,-19.228841940000002,5.477140570376411,0.3872923238825115
R:A:LEU:76,76.04625999999999,4.203942445181665,0.2972636210705911,-6.58807,0.8817708915018685,0.062350617683387864,-74.08292999999999,2.821840194819685,0.19953423371817677,-1.3627,0.8367968929196619,0.059170475745932614,0.6871480200000001,0.06853259110216978,0.00484598599006291,-5.300291980000001,5.207529148131883,0.36822791738706595
R:A:ARG:77,-192.820095,3.5926639901297475,0.2540397069945464,-6.650775000000001,1.1918148616186157,0.08427403705694299,-53.58037,6.082953833714341,0.43012979054641165,73.65974,4.690391131067856,0.3316607375195322,0.9738962280000001,0.050080403194822785,0.003541219270361563,-178.417603772,8.56342580762128,0.6055256458756895
R:A:GLU:78,100.11390999999999,2.627434125130448,0.18578764870006834,-3.9596000000000005,0.7208268793545369,0.05097015744531304,-22.87455,5.223616584082334,0.3693654708923128,-135.649365,5.347549433317564,0.37812884670291286,1.233797616,0.0825371375096165,0.005836256963277638,-61.13580738400001,7.956900716374641,0.5626378453776606
R:A:THR:79,37.7511,3.316216906355795,0.23449194623696568,-5.688075,0.7789519942685813,0.055080223736609854,-44.04275500000001,2.603894104024778,0.184123117844759,-6.858700000000002,1.296905829272118,0.09170509064386775,0.554783544,0.10742184085829876,0.007595871211844518,-18.283646456,4.480829104779983,0.3168424645327973
R:A:TYR:80,79.208905,2.8617783240452077,0.20235828591850394,-13.39148,1.0814991121586741,0.0764735356054629,-74.521095,1.6462909025974117,0.11641034610323518,-5.567405,1.044883888752717,0.07388444832896163,0.18448596000000003,0.0611979555078501,0.004327348933435343,-14.086589040000002,3.628390383115265,0.2565659444692859
R:A:GLY:81,79.441565,1.7023015525385035,0.12037089714243636,-4.006215,0.6226700882289111,0.04402942418286889,-79.83915499999999,1.7237747390465497,0.12188928072178866,-1.042885,1.1886569529410074,0.08405073919291252,0.19413547199999998,0.03359495769150508,0.00237552223973384,-5.252554527999999,2.769653757869798,0.19584409537285383
R:A:GLU:82,93.11482,2.82050791659942,0.1994400274217791,-5.993610000000001,0.8557287583691459,0.060509160789916756,-3.2891950000000003,6.38799592728228,0.4516995238373348,-140.01718499999998,6.25576229094225,0.4423491937416356,0.87935382,0.07574834698797592,0.005356216981886936,-55.30581618,9.414580619194963,0.6657113797860204
R:A:MET:83,84.40977000000001,2.9153102797301016,0.20614356680600054,-11.898984999999998,0.9648296661976143,0.06822375996582862,-70.960395,1.645412780725554,0.11634825351020531,-0.62369,0.6822544202128704,0.048242672702701696,0.058948596,0.041175542827304464,0.0029115505552224094,0.9856485959999998,3.5502788693392984,0.25104262636131264
R:A:ALA:84,87.61636,2.156604500227151,0.15249496664480436,-7.370315000000001,0.558273602971697,0.03947590504187333,-76.04522999999999,1.475758102501897,0.10435185616700834,-1.5301049999999998,0.849953989328246,0.060100822955056116,0.092579076,0.026088999451336265,0.001844770842641199,2.7632890760000004,2.8042069793691,0.19828737709625355
R:A:ASP:85,84.21603,3.4146856808643458,0.2414547400559782,-5.541835,1.2211079795722406,0.08634537329165354,-35.17311,5.8841163897309166,0.4160698600469637,-111.67388999999999,5.253849767351556,0.37150327978296505,0.463169916,0.05301389150042227,0.0037486482177036457,-67.709635084,8.682151607485729,0.6139208276942842
R:A:CYS:86,87.77081,2.2727356366062454,0.1607066780488601,-8.95152,0.6907113721374507,0.04884066950810564,-78.56175000000002,1.1659809293037342,0.08244730218448629,0.425825,0.48986054584442706,0.034638371380233804,0.0009536040000000001,0.0035081692971668283,0.00024806502995771085,0.684318604,2.6910772308922706,0.1902878958660641
R:A:CYS:87,84.26953999999999,2.1044588754356783,0.1488077141548784,-7.932650000000001,0.5316289942243556,0.037591846689142575,-72.75884500000001,1.398191428587302,0.09886706405509876,-2.8234000000000004,0.8408822450260204,0.0594593537637267,0.152959284,0.032982707333039596,0.0023322296017083567,0.9076042839999997,2.715600601314195,0.19202196001835334
R:A:ALA:88,101.34548,2.567896870904281,0.18157772908041334,-3.7396400000000005,0.518650740286756,0.0366741455524188,-80.65371,1.5164728800410512,0.10723082569625211,-3.6914249999999997,0.8430357313750111,0.0596116282437831,0.659255292,0.04187465934024939,0.0029609855579366944,13.919960292,3.1424903591530486,0.222207624277047
R:A:LYS:89,133.93343000000002,3.7563159884519832,0.26561165077138466,-7.318195,0.9688621093710911,0.06850889675710009,-197.138665,8.862912847522253,0.6267025775548358,56.50521500000001,8.820436531077982,0.623699048415079,0.807228756,0.09506101165843156,0.006721828597013041,-13.210986243999995,13.09232465720135,0.9257671546602916
R:A:GLN:90,29.96647,2.962379399924999,0.20947185621343023,-6.32285,0.9426677715398993,0.0666566773661874,-78.20530000000001,5.266721265645259,0.3724134321557159,-10.987705,3.8001014023279693,0.26870774707826156,0.931773312,0.06841743649525796,0.004837843329719688,-64.617611688,7.2005637793294754,0.5091567476730107
R:A:GLU:91,102.31779,3.2493144424478215,0.22976122764622403,-6.664,1.3328946207408896,0.09424988249329544,3.9754449999999997,10.269915175743908,0.7261926662979151,-141.756095,9.233584934139882,0.6529130521592251,0.463474584,0.10225655928749286,0.007230630649299043,-41.663385416000004,14.250451125236962,1.0076590625622521
R:A:PRO:92,77.55263,2.2043940126710564,0.1558741954766728,-4.632090000000001,0.9355161687004667,0.06615098267977582,-53.93783499999999,1.4812840773379699,0.10474260159493368,-5.620160000000001,1.2306675076559062,0.08702133400494386,0.7318165679999998,0.12284857156737548,0.00868670580143721,14.094361568,3.0754479785408737,0.21746701208127114
R:A:GLU:93,101.67289000000001,3.1251827495204174,0.22098379146331068,-6.09384,0.9852372883727046,0.06966679676861855,-8.0141,11.301166261939517,0.7991131299134059,-136.73884,11.1139889627622,0.7858776961601595,0.738946044,0.10301278958997499,0.007284104206801431,-48.434943956000005,16.185956286593605,1.1445199450239367
R:A:ARG:94,-199.269085,4.039653869798128,0.28564666449807347,-13.700565000000001,1.279794708449367,0.09049515168712079,-63.010470000000005,9.156856758140318,0.6474875508034884,100.08096499999999,7.0358967853270125,0.4975130328633361,0.1354977,0.0531804949116309,0.003760428857887089,-175.76365729999998,12.300868884410727,0.8698027802653426
R:A:ASN:95,29.13151,2.8495571006561704,0.20149411492522554,-7.98893,1.0936203569337946,0.07733063704315386,-102.36845999999997,3.239066369866478,0.22903657948458805,-2.586965,1.7004008009216534,0.12023649370667376,0.140407668,0.06286005713123856,0.004444877266327258,-83.67243733200002,4.764750399964047,0.3369187318475892
R:A:GLU:96,98.64555,2.9004471495788366,0.20509258479403877,-6.196795,0.7405858174276632,0.052367325355368304,-9.56064,8.343359821462814,0.5899646307635737,-140.105615,7.794906247465392,0.5511831066296163,0.916329348,0.08971473740972827,0.0063437899194789295,-56.301170652,11.804292705272879,0.8346895419009348
R:A:CYS:97,84.17704499999999,2.066215219422943,0.1461034793044813,-7.148244999999999,0.7817116379938321,0.05527536001578823,-72.09582,1.7267182276214028,0.12209741679495104,-2.5637849999999998,1.1538814621853495,0.08159174065967094,0.154568844,0.0579797658458575,0.0040997885601214016,2.5237638440000003,3.0326025683515705,0.2144373840725136
R:A:PHE:98,100.19291,2.8588395183885367,0.20215048097766178,-15.00632,0.867344543765625,0.06133052085218257,-74.75039,1.3430658762324357,0.09496909886642076,-1.909975,0.689255420272485,0.048737718164425785,0.009368676,0.010046059486854733,0.0007103636787358429,8.535593676000001,3.3472749894632523,0.2366880843545595
R:A:LEU:99,68.12554,3.131158523358407,0.22140634248367863,-10.051085,1.0377023020958371,0.07337663346648578,-71.07485000000001,2.0417566646150562,0.14437399830821337,-1.3876850000000003,1.007525764323176,0.0712428300173077,0.149733072,0.050418010108480245,0.003565091684163828,-14.238346927999999,4.008416169161243,0.28343782550317176
R:A:GLN:100,28.832510000000003,3.02652388886987,0.2140075565242966,-6.089745000000001,0.7761575999595701,0.05488263022008876,-70.346695,2.8291892145939976,0.2000538878899258,-13.301715,2.3467315491497955,0.16593897920282322,1.074851856,0.07662133342563064,0.005417946444881891,-59.830793144,4.82489366456515,0.34117150287180287
R:A:HIS:101,108.6324,2.880909821566791,0.20371108708168045,-9.514825,1.0008305123121497,0.07076940420743275,-76.31547499999999,1.9926125261512835,0.14089898295188294,-6.87923,1.3585035285563303,0.09606070573080337,0.43211347199999994,0.06857734765859361,0.004849150756517894,16.354983472,3.8887070452094847,0.2749731121715529
R:A:LYS:102,123.704555,3.46048426047208,0.24469318867691228,-11.328445000000002,0.8826690812388298,0.06241412928876761,-188.32210999999998,4.946412145980156,0.34976415709660713,65.36474,4.602550147733319,0.3254494420213376,0.14194296,0.035363720822786736,0.0025005926801780413,-10.439317039999999,7.64236662278122,0.5403969263282334
R:A:ASP:103,94.95266,2.8091065420165178,0.1986338284935373,-6.439660000000001,1.193112318434438,0.08436578110821946,-81.92443499999999,7.089652947484454,0.5013141675425451,-79.929865,6.191815192395119,0.43782745103964754,0.22830541199999999,0.04362782251552621,0.0030849529149131723,-73.112994588,9.895365291299127,0.6997079899795609
R:A:ASP:104,73.11014999999999,2.712205382617622,0.19178188180195752,-7.00945,1.0746476155000764,0.07598906163060576,-53.448420000000006,5.429261383797984,0.3839067541317813,-75.81376,5.130466135976341,0.3627787395396814,0.14716511999999998,0.05066565628784847,0.0035826029134404494,-63.01431488,8.019479689464092,0.5670628470007847
R:A:ASN:105,27.85775,3.0287893468348046,0.21416774859324644,-6.303674999999999,0.8636924506877434,0.06107227887409311,-83.237355,3.3910098494364482,0.2397806059606886,-3.8941000000000003,2.304139887246432,0.1629272939074359,0.36214128,0.10269194452174717,0.0072614170344560145,-65.21523872,5.170888087294065,0.36563700312823694
R:A:PRO:106,79.92496,2.6506558185475533,0.18742967038865538,-7.498810000000001,0.7890479477826428,0.055794115455843556,-57.122975000000004,1.5401932847454571,0.10890811159814959,-0.6452700000000001,1.0501891768153013,0.07425958884548177,0.16935786,0.03218103441320058,0.002275542765917178,14.827262859999998,3.3353712256285513,0.23584636114164348
R:A:ASN:107,24.91904,3.4098016010319423,0.24110938345904329,-3.5888750000000003,0.5944179584896472,0.04203169693070932,-80.549775,4.695849395410271,0.33204669509253515,-13.118274999999999,3.3857208109020154,0.23940661445932315,1.046154492,0.06563595141070429,0.004641162633213974,-71.291730508,6.745257200407007,0.47696171072551813
R:A:LEU:108,81.30440999999999,3.2927473137032544,0.2328323954253359,-7.85547,0.9713169508970797,0.06868248026607658,-72.46396499999999,2.061219719917069,0.14575024414687957,-3.860195,1.2291887719040555,0.0869167715971722,0.22719546000000002,0.053383829997867324,0.003774806819720182,-2.648024540000001,4.189036057979835,0.29620958032325045
R:A:PRO:109,95.95273500000002,2.4735958673103813,0.174909641169019,-3.26771,0.7011854005182937,0.049581295157549075,-69.879285,2.981945102407991,0.21085536030387042,-2.692595,1.0489628406073306,0.0741728737806147,0.7630288199999999,0.06701603509343418,0.004738749286280295,20.876173819999998,4.075186899319422,0.28815922911113434
R:A:ARG:110,-193.22929499999998,4.3637545402984115,0.3085640426878592,-4.79622,0.9291879635466659,0.0657035110020766,46.993334999999995,8.269954169327361,0.5847740673233338,-13.978295000000001,6.760204854734433,0.4780186694992937,1.5319798199999999,0.21139195613840656,0.014947668567375649,-163.47849517999998,11.577691572996969,0.8186664221752502
R:A:LEU:111,74.402105,3.8507281952865755,0.2722876019393374,-5.445515,1.2150021892058467,0.08591362871439548,-80.402465,3.096439488957438,0.2189513360175612,-2.144275,1.7922231444145007,0.12672931388149705,0.6948887039999999,0.22838120145584745,0.016148989624496075,-12.895261296,5.399675660174269,0.38181472755171736
R:A:VAL:112,68.70225,3.3219605216648795,0.2348980811703237,-3.4658550000000004,0.7400002594425221,0.05232592015316119,-63.81013,2.890434749843006,0.20438460121912316,-4.949235,1.3853799622396017,0.09796115658195854,0.9265951079999999,0.09922988820671892,0.007016612684735397,-2.5963748920000005,4.676190687414652,0.3306566145192284
R:A:ARG:113,-180.31456500000002,4.559352483168524,0.3223949058668188,-5.848299999999999,1.4796563621327758,0.10462750474899037,22.031930000000003,12.276697078005142,0.8680935754430509,5.942089999999999,10.41170349615758,0.736218614583671,0.9853130880000001,0.28868825725241587,0.020413342435210976,-157.203531912,16.79825228298023,1.1878158101377723
R:A:PRO:114,84.30529999999999,2.427427663185867,0.1716450561478541,-5.789015000000001,0.722798571370337,0.0511095771247914,-65.032365,2.168612930371624,0.15334409088346057,-1.846245,1.566316460672938,0.11075529908259467,0.36657989999999996,0.1340977261220234,0.009482141148257918,12.004254900000001,3.6863334536740027,0.2606631382807713
R:A:GLU:115,103.43827000000002,3.2286522725589397,0.22830019160197834,-5.255019999999999,1.0149135478453324,0.07176522519995321,-40.05827,10.05402445725591,0.7109268871941051,-111.28159,9.835291030361024,0.6954600982511505,0.8898100199999999,0.0976471772829814,0.006904698122052114,-52.266799979999995,14.466517805502864,1.0229372840427007
R:A:VAL:116,44.39516,3.203057947399641,0.22649039951397498,-6.951849999999999,1.1051412387111432,0.07814528640615503,-48.501085,2.600199639984399,0.1838618797871788,-2.01153,1.34960468993702,0.09543146281756347,0.237158784,0.18072065210965052,0.012778879860718883,-12.832146216000002,4.482861620982064,0.3169861851317336
R:A:ASP:117,85.50645499999999,8.734739194044376,0.6176393316004697,-4.32166,1.156478458251601,0.08177537601258707,-37.364380000000004,10.141245063876525,0.7170943154341692,-108.373925,9.068377633258056,0.6412311318837185,0.8171242200000001,0.17688440112377007,0.012507615952073918,-63.73638578,16.209402322377922,1.14617783011344
R:A:VAL:118,53.609159999999996,3.248727389979036,0.22971971676806496,-5.204104999999999,1.115428923766548,0.07887273559269387,-57.45512500000001,2.9802117373393116,0.21073279288443691,-2.04177,1.1535624027767202,0.08156917975252663,0.600653736,0.08572513544624763,0.006061682459217697,-10.491186263999998,4.692347850884168,0.3317990985046318
R:A:MET:119,80.59221,2.7748344015274142,0.19621042219897497,-10.93419,0.9269794031692398,0.0655473422001228,-65.65956,1.658787330069771,0.1172939769638663,-2.479385,0.9061557133158737,0.06407488496965874,0.094055112,0.09418653214847363,0.006659993557863046,1.6131301120000001,3.4843308476396375,0.24637939702634587
R:A:CYS:120,96.0578,2.344670526961091,0.1657932429262423,-7.131099999999999,0.9628472049084423,0.06808357878372728,-84.54834500000001,2.4439761610897515,0.17281521165648292,-3.53697,1.526786743163563,0.10796012595166792,0.128362032,0.08234041481361978,0.00582234656804238,0.9697470320000002,3.8386757871675847,0.2714353679882807
R:A:THR:121,39.14454,3.711387135344412,0.2624347011010548,-5.4300250000000005,0.8865483993415136,0.06268843850244636,-47.120795,3.7371124686012593,0.2642537568604749,-6.640879999999999,1.6330496978353108,0.11547405153539907,0.6611968440000001,0.08020157861425711,0.005671108010000719,-19.385963156,5.585665201617639,0.3949661741501556
R:A:ALA:122,82.79661,2.2353672914982,0.1580643370260983,-5.78808,0.7712954774922514,0.0545388262433287,-67.067265,2.3435393030147798,0.16571325331389458,-4.582415000000001,1.5040866440385008,0.10635498654917408,0.283894236,0.06328930780832023,0.004475229872786595,5.6427442359999995,3.653795598488352,0.25836236447606736
R:A:PHE:123,104.130065,3.0476227819031343,0.21549947355823168,-13.516269999999999,1.036575350420798,0.07329694594933679,-74.685265,1.773897785887056,0.12543351535325395,-6.946140000000001,1.6125893650895755,0.1140272875324148,0.150199308,0.0625314065898372,0.004421638163680705,9.132589308,4.014170034996039,0.283844685258154
R:A:HIS:124,106.967215,3.297052488022446,0.23313681722086496,-6.765740000000001,0.9438200953571607,0.06673815896471823,-76.76958,3.3118460688262674,0.2341828813513063,-16.889605000000003,2.808400293579069,0.19858388918760503,1.070702064,0.18792195782229787,0.013288089070999919,7.612992064,5.536434117370292,0.3914850107985091
R:A:ASP:125,91.17497999999999,8.286775643735023,0.5859635251856552,-4.857519999999999,0.6521477053551595,0.04611380647918798,-17.485670000000002,7.826058097861273,0.5533858750957599,-134.35109500000002,5.433551788284989,0.38421013154246075,0.8836165439999999,0.05603848908128826,0.003962519563682722,-64.635688456,12.6439613214583,0.8940630791463585
R:A:ASN:126,31.92328,8.140306956227143,0.5756066249688236,-6.142525000000001,1.1407771602618102,0.08066512658438589,-100.40547999999998,8.162964932522987,0.5772087858374992,-4.141125,2.6476335772487474,0.1872159656569786,0.517233564,0.06029376938913924,0.004263413319835823,-78.24861643599999,11.88333140405405,0.8402784218893676
R:A:GLU:127,99.59852000000001,3.030359133766161,0.21427874929166443,-6.94186,1.080012861219717,0.07636844179371476,-41.525434999999995,13.092775777342823,0.925799053671408,-108.69399000000001,13.397150448132619,0.9473215930450969,0.6170584680000001,0.13923514223640587,0.009845411325483607,-56.945706531999996,19.007190964750908,1.3440113622483043
R:A:GLU:128,105.34752499999999,3.168718927165204,0.22406226410726773,-5.884225,1.4524948586397821,0.10270689641827857,-39.792105,12.118985639234623,0.8569416926605188,-114.862795,11.3124068991959,0.7999079629962905,0.7305183359999999,0.17934259509456615,0.012681436514696097,-54.46108166399999,16.941754557811162,1.197962953302637
R:A:THR:129,39.237715,4.043782508218636,0.28593860332049437,-6.415815,0.9030630436326138,0.06385620019915843,-53.411315,3.974667030805851,0.2810514010441417,-0.27044500000000005,1.6740604400603343,0.11837394892827982,0.41183190000000003,0.07991983396503023,0.005651185654797584,-20.4480281,5.981182439715495,0.42293346626367245
R:A:PHE:130,89.81038500000003,3.0238377993495282,0.2138176213128258,-12.840325,1.236222770933702,0.08741415043844446,-66.337585,1.7940986184641576,0.12686192992334222,-0.669715,1.0124826535674574,0.0715933350171299,0.24206702399999996,0.08511594717570277,0.006018606343505539,10.204827023999998,3.8630295723905106,0.2731574406561499
R:A:LEU:131,84.96960999999999,3.0870801703065633,0.21828953224902928,-9.04731,1.0355806361167632,0.07322660902636417,-83.44431499999999,2.1297631971125344,0.15059699989998146,0.25663500000000006,1.0890660226887072,0.07700859698030472,0.259154748,0.0641779140645292,0.00453806382374361,-7.006225251999999,4.040862050850496,0.28573209579957654
R:A:LYS:132,142.01286499999998,3.193799728657858,0.22583574458857267,-10.105865000000001,0.9300599909548846,0.0657651726514498,-178.88605000000004,12.614318411135022,0.8919670088559889,40.968745,11.323712981614069,0.8007074237509446,0.371934576,0.11159935493703638,0.007891266065202284,-5.638370424000002,17.274991385730047,1.2215263553788909
R:A:LYS:133,128.269225,3.4473450892498407,0.2437641089698706,-9.21951,0.8450441467166079,0.05975364465453132,-153.97894,8.202608814663783,0.5800120316269309,18.801054999999998,8.083830010086492,0.5716131018091476,0.7976234159999999,0.09295900651802032,0.006573194388125664,-15.330546584000004,12.051474106910854,0.8521679064290756
R:A:TYR:134,84.41537499999998,3.0733769089350234,0.21732056534501054,-14.446285,0.8989381979730309,0.06356452956543453,-80.81237499999999,1.8229723816819061,0.1289036133003067,-3.8148749999999993,0.9264678998081909,0.06551117345060306,0.25193725200000006,0.06415206760148963,0.004536236202815113,-14.406222748,3.799923955775634,0.2686951997122161
R:A:LEU:135,72.71678,3.726754617841105,0.26352134620937256,-11.055214999999999,0.9441659328608505,0.066762613369123,-75.941075,2.3568298749326395,0.1666530386667912,-0.9056049999999999,0.6158714062001904,0.04354868476630493,0.043987752000000005,0.024570255128591886,0.001737379401691087,-15.141127247999998,4.5513402022000164,0.32182835204625837
R:A:TYR:136,91.00392499999998,3.0015943628969923,0.2122447728375778,-16.235425,0.9329059783145351,0.06596641434756781,-88.81312000000001,1.9328740946062677,0.13667483794759003,-4.323965,1.1998649939784891,0.08484326737505456,0.131832216,0.04987862346210994,0.0035269512886308366,-18.236752784,3.880470130049125,0.274390674314958
R:A:GLU:137,102.842375,2.8526217212197977,0.201710816323456,-9.0949,1.2213080692437923,0.08635952176801351,-94.42817500000001,10.201333912012439,0.7213432386332286,-57.72051999999999,8.306409455330263,0.5873518453176085,0.29162685599999993,0.07301417779913202,0.005162882024452652,-58.109593144,13.516583398866361,0.9557667779811917
R:A:ILE:138,77.41821,4.166700634302877,0.29463022736898536,-9.97471,1.197809749459404,0.08469793964141041,-63.28940000000001,2.268390521933999,0.16039943204388224,0.35236999999999996,0.7900622400165698,0.05586583674751502,0.10653512400000001,0.041070086221217314,0.002904093647093895,4.613005124000001,4.956573718495693,0.3504826887799326
R:A:ALA:139,98.04263999999999,2.2413120778686757,0.15848469690162517,-8.73372,0.5679197052400982,0.04015798747447386,-78.137325,1.536558514790439,0.10865109454982494,-0.450315,0.7173239684933161,0.050722464242926917,2.0376e-05,0.00021373707826205545,1.5113493743009921e-05,10.721300375999999,2.8673294915013754,0.20275081273367976
R:A:ARG:140,-173.55857,4.109462741661007,0.2905828971661959,-14.29054,1.371201428820726,0.09695858286918184,-23.297399999999996,8.026354229661186,0.5675489503998752,43.77394,6.257664714284394,0.44248371538622744,0.17071344,0.04521730012589429,0.003197345954596718,-167.20185656,11.061222892796739,0.7821465715712453
R:A:ARG:141,-189.413365,4.289726317817373,0.30332945687630636,-11.95906,1.248275336774704,0.08826639554213145,-2.51939,7.604169196427707,0.5376959604083891,25.99722,5.590618316572864,0.39531641226743924,0.32043247199999997,0.13446932790197033,0.009508417362108064,-177.57416252800002,10.443008547723275,0.7384322160084207
R:A:HIS:142,116.43926499999998,3.0880075444815542,0.21835510750581263,-11.59366,1.0181432779329243,0.07199360160458705,-82.81304,2.3343929957057363,0.16506651172179052,-6.807655,1.0918337263406914,0.07720430318236801,0.177857208,0.05967114161929815,0.004219386888014855,15.402767208,4.149392548155952,0.2934063608606002
R:A:PRO:143,78.19996499999999,2.4018619576851203,0.1698372877753145,-10.079785,0.8648433550504969,0.06115366010203313,-59.319404999999996,1.2260540489615457,0.08669511321219323,0.029264999999999996,0.5579827817908004,0.03945534087896086,0.002642004,0.0037841002811215244,0.00026757629694709506,8.832682004,2.8864272947217877,0.20410123134997174
R:A:TYR:144,82.45137000000001,2.85403542253771,0.2018107801023028,-13.275875000000001,0.7748662203083833,0.054791315889244706,-76.532225,1.7539947418321982,0.12402615761150951,-6.06044,1.1981729409396626,0.08472362115726641,0.203154336,0.055308419803157496,0.0039108958699525,-13.214015664000001,3.6415808139530723,0.2574986487785045
R:A:PHE:145,101.81983,3.180004236019191,0.22486025594911163,-13.801689999999999,0.9268249640034519,0.06553642170198186,-75.18402,1.8248910295138172,0.129039282189572,-4.72474,0.80160951990355,0.05668235273874929,0.028443744,0.014803453905682417,0.001046762264169052,8.137823744,3.8658059559744506,0.27335376062208777
R:A:TYR:146,81.686535,3.0591250691619334,0.2163128080902169,-14.294315000000001,0.8566290012455801,0.06057281757418091,-80.71893,1.764745620507386,0.12478635953300342,0.62163,0.8974995671865251,0.06346280300695833,0.098813952,0.045667391536676316,0.003229172223468497,-12.606266048,3.743524745931268,0.2647071733387647
R:A:ALA:147,95.488245,2.1153926692165217,0.14958085012753136,-6.3781550000000005,0.7466659232715793,0.05279725376262481,-70.94672,1.156265065458608,0.08176028686348889,1.219465,0.6484911632204405,0.04585524990527257,0.003857112,0.003890246656891565,0.0002750819791576322,19.386692112000002,2.605743842042815,0.18425391407435623
R:A:PRO:148,82.47119500000001,2.35055995817486,0.1662096886011011,-9.30268,0.7666837011440898,0.054212724410418626,-60.926309999999994,1.1018185939164395,0.07791033993957412,-2.173085,0.9685441124569392,0.06848641097966077,0.06688206,0.034867515352872504,0.0024655056549142203,10.136002060000001,2.8751058536820664,0.20330068457677267
R:A:GLU:149,92.660025,2.7862400765861866,0.1970169252167818,-8.15564,1.1536354018493018,0.08157434156645091,-70.57747,11.892727952370727,0.8409428581928144,-67.7089,10.757047092022978,0.7606380944312479,0.23616212400000003,0.09069598446356389,0.006413174564057578,-53.545822876,16.317269209505394,1.153805170848772
R:A:LEU:150,72.696175,3.3516772479424386,0.23699937103687638,-12.204520000000002,1.0510957756551018,0.07432369506422565,-75.73033500000001,1.7030303939668836,0.1204224340140781,1.45619,0.5031374801185059,0.035577192406090724,0.000617364,0.001630523896759566,0.00011529545042854032,-13.781872635999997,3.9359884666063465,0.27831641354093883
R:A:LEU:151,68.37438,3.2114321035326276,0.22708254177280998,-9.40916,0.8337764894742474,0.05895690097011544,-75.65335999999999,2.0376435778614472,0.14408315915470482,1.3250850000000003,0.8162787929224917,0.057719626981426346,0.273128004,0.08751507391012353,0.006188250221789025,-15.089926995999999,3.979251273334784,0.28137555594202296
R:A:PHE:152,98.73932,2.992795620753278,0.21162260781400458,-10.495944999999999,1.0950222655156376,0.07742976694963635,-81.655485,1.7344406821148428,0.12264347678892264,0.399145,0.7543267686984202,0.05333895733771892,0.4977473399999999,0.12795363085191605,0.009047688005283008,7.484782340000001,3.7080405708370003,0.26219806325536793
R:A:PHE:153,93.11165499999998,3.1269761905033753,0.2211106068913814,-13.541619999999998,0.764678674738612,0.05407094763364148,-73.0525,1.58089930419366,0.11178646183684315,-0.058720000000000015,0.6897838441135019,0.04877508337255816,0.037402488000000005,0.021660109485343235,0.0015316010298329261,6.496217488,3.6521537609358563,0.2582462690293697
R:A:ALA:154,100.965815,2.1834882941694467,0.15439593794486628,-7.192485,0.7477629703154604,0.05287482670302571,-84.024345,1.532610435164461,0.10837192316220558,0.87235,0.559954460201899,0.03959475959644155,0.014655528,0.01655510490418034,0.0011706226941000587,10.635990528000002,2.8265683090141986,0.19986856187909324
R:A:LYS:155,145.502995,3.54067349172089,0.25036342359632924,-7.550535,0.8401663756512755,0.05940873415479411,-161.17450499999998,9.10603985110844,0.6438942528473717,20.174210000000002,8.52002828785797,0.6024569778245581,0.8809119,0.11505628994367409,0.008135708283733752,-2.1669230999999987,12.991009585843612,0.918603097260946
R:A:ARG:156,-188.33414500000003,4.500357415136602,0.31822332460062536,-8.53234,1.2041444989701195,0.08514587407502491,-18.41943,9.060787338587083,0.6406944170004136,34.87536,8.294263872122709,0.5864930228928559,0.63464508,0.08867570450059475,0.0062703191978865,-179.77590992,13.137873670972926,0.9289879563117156
R:A:TYR:157,96.33754,3.5344055792169633,0.24992021525278818,-14.321035000000002,0.9057801630500638,0.06404832955569568,-86.00013500000001,1.934908947928817,0.1368187238058995,-6.137185,0.7418368019820801,0.05245578332152709,0.114587064,0.0444609846885548,0.0031438663771508357,-10.006227935999998,4.196264023972332,0.2967206746999985
R:A:LYS:158,120.20914499999999,3.578489693149193,0.2530374328431962,-8.53011,1.172021300105079,0.0828744208999375,-160.750065,13.195634182591416,0.9330722412567395,33.978735,11.785957030075028,0.8333930138739314,0.509836356,0.11439894555311803,0.008089227016120039,-14.582458643999999,18.089385122943472,1.2791126887928377
R:A:ALA:159,81.922255,2.4776945796395085,0.17519946389722488,-5.219214999999999,0.5378931573974519,0.038034789914958116,-70.74797,2.721336276372327,0.19242753349118208,-5.416475,1.657004112660859,0.11716788445164913,0.40528566,0.04861060922568653,0.0034372891421092294,0.9438806599999998,4.072099732147323,0.28794093342692956
R:A:ALA:160,93.9654,2.113780116284567,0.14946682541621062,-6.558450000000001,0.7018343305225243,0.04962718143819977,-78.987315,1.606173828007106,0.11357364055481801,-3.2579549999999995,0.9757280783983825,0.06899439408296155,0.07664346,0.05224768477411798,0.0036944692205075954,5.238323459999999,2.9146538862812252,0.20609715278011786
R:A:PHE:161,112.17730999999999,3.041391555505473,0.2150588593141422,-14.003734999999999,0.9681240182822652,0.06845670583569588,-88.87607,1.680269872699026,0.11881302212089381,-1.9151549999999997,0.7597605879321458,0.05372318638050985,0.010891332,0.019118148226106416,0.001351857225440941,7.393241332000001,3.686222349281388,0.26065528201382754
R:A:THR:162,39.85182,4.55914713050588,0.3223803852407897,-6.147729999999999,1.058911458574323,0.07487634730340416,-52.72617,5.20362709089535,0.36795200027381286,-4.30467,2.3939906038036156,0.1692806990046414,0.47682428399999993,0.121909730143654,0.00862031968771998,-22.849925715999998,7.39803378805502,0.5231199858980906
R:A:GLU:163,85.14180499999999,3.024596278344434,0.21387125387689437,-6.765575,0.8343026815101339,0.05899410836579361,-28.19769,10.805014857643648,0.7640299276661222,-106.315015,10.197986854510797,0.7211065659275854,0.8307706680000001,0.07709492421045742,0.005451434370427738,-55.305704332000005,15.185436088481753,1.0737724833440367
R:A:CYS:164,84.14573,2.2964382132119296,0.1623827033138074,-7.97204,0.7850407367773979,0.05551076284829816,-74.538725,1.8926664125975825,0.13383172548717667,-0.014385000000000012,0.8212527118828893,0.058071336164023296,0.010296468000000001,0.011166845125754006,0.0007896151912880603,1.630876468,3.1853860503995532,0.22524080769345575
R:A:CYS:165,88.901025,2.301565229224451,0.162745238092778,-6.83115,0.6921789634913792,0.048944443887942994,-80.36861,2.270713222293824,0.1605636717613919,0.44115499999999996,1.3910559769380237,0.09836251143029542,0.13873968,0.06328031352503873,0.004474593880916568,2.28115968,3.5876864256550944,0.25368774003516437
R:A:GLN:166,27.336335,3.125801465668445,0.2210275413017007,-4.86616,0.9189898935244064,0.06498239855530111,-67.86476499999999,3.0435194561190175,0.21520932460949502,-12.505545,2.8695894598313187,0.20291061662681673,1.097279676,0.09854429792502772,0.006968134131005453,-56.802855324,5.303059735056596,0.37498294996958553
R:A:ALA:167,87.42560499999999,2.4504779368472187,0.17327495662926887,-4.6829,0.783867074190516,0.055427772370897244,-77.08559,2.974833820888152,0.21035251676530994,-0.50669,1.6462287641454938,0.11640595225116282,0.22909496399999998,0.05689668896077789,0.004023203459122783,5.379519964,4.264062892124095,0.3015147786426869
R:A:ALA:168,89.53478,2.5669083274632154,0.18150782850334585,-2.5718799999999997,0.34842484928604045,0.024637357366405998,-75.50933500000001,2.3992928818247683,0.16965562667909073,-3.87051,1.874239192285766,0.13252872424308626,0.797972508,0.054789397374611956,0.0038741954420712537,8.381027507999999,3.997849296551794,0.2826906347753642
R:A:ASP:169,99.950275,4.58249403811669,0.3240312609099237,-4.1467600000000004,0.9308998347835281,0.06582455857808694,-56.89454,10.325247971278946,0.7301052857923985,-95.68614,8.319193832962423,0.5882558373293035,0.733144608,0.06489574514211494,0.0045888221460143415,-56.044020392,14.06021938905338,0.9942076474970221
R:A:LYS:170,120.54746500000002,3.0814534085030396,0.21789166010629,-8.76248,1.085037303321872,0.07672372350192606,-154.415425,8.904828168716957,0.6296664383400746,30.26488,8.564972670452603,0.6056350255954488,0.5586998759999999,0.11118067276826411,0.007861660765132207,-11.806860124,12.780443801384488,0.9037138478532548
R:A:ALA:171,82.48531500000001,2.2715094201378525,0.1606199714508598,-5.09481,0.5133450144883069,0.03629897408329883,-73.27503,1.4197550701089254,0.10039184376980033,-2.1055850000000005,0.8341422017707771,0.05898276073459938,0.309205116,0.06616204883482482,0.004678363338830015,2.3190951159999997,2.8529201247591955,0.20173191664007983
R:A:ALA:172,90.49974,2.0973258193232636,0.14830333092011114,-4.0935500000000005,0.34662516858993375,0.02451010072398724,-76.87133,1.5213998327527185,0.10757921386355265,-3.4101150000000002,0.9943018112097555,0.07030775532524844,0.5592060719999999,0.04783664300089228,0.0033825614655130926,6.683951072,2.79723193303462,0.19779416684003343
R:A:CYS:173,87.25661499999998,2.366016062239435,0.1673026002005797,-6.35396,0.6833559895105917,0.04832056541473826,-72.695735,2.649256202177321,0.18733070256601028,-1.935555,2.0259182700629856,0.14325405468912564,0.270963468,0.06295850504905097,0.004451838585355143,6.542328467999999,4.146308532934207,0.29318828805294234
R:A:LEU:174,74.80973,3.0310424060214003,0.21432706393617207,-11.34501,1.0495820977417631,0.07421666187252024,-75.22387,1.5445158280509785,0.10921376156648024,-0.8024100000000002,0.6708352867135121,0.04743521802943463,0.004553748,0.00897029425892462,0.0006342955899724355,-12.557006252,3.62277107173212,0.25616859915082385
R:A:LEU:175,76.9605,3.424088617428001,0.24211962807670095,-8.1352,1.1003731548888314,0.07780813196575279,-67.78824,2.2440077188815555,0.15867530750561037,-3.1169,1.1616512127140401,0.08214114498836743,0.335134368,0.12161272714003817,0.008599318403931027,-1.7447056319999994,4.397157920498471,0.31092601835326067
R:A:PRO:176,93.82404500000001,2.4292622116550118,0.1717747783141489,-6.4048799999999995,0.5686028188463367,0.04020629090080307,-63.97488499999999,1.7466359499835677,0.12350581244975882,-3.5390599999999997,1.2685483066876089,0.08969991099215203,0.582255396,0.07019024060664833,0.00496319951060764,20.487475396,3.299924647113388,0.23333990953785014
R:A:LYS:177,123.30966999999998,3.455341414549364,0.24432953455425727,-8.406955,1.2411896764697166,0.08776536369704735,-154.04081000000002,12.326512866739725,0.8716160836454889,27.644719999999996,11.745398719992439,0.8305251082646449,0.605629008,0.08927843148375723,0.00631293843158633,-10.887745992,17.417956748364695,1.2316355331182662
R:A:LEU:178,63.584655000000005,3.1830966190134724,0.22507892044763986,-9.91736,1.0218844114673635,0.07225813969373969,-73.142805,2.007816930642582,0.14197409670385297,-1.563615,0.9188890231007224,0.06497526593924029,0.169085556,0.08014086705995427,0.005666815054826328,-20.870039444,4.007300869500332,0.28335896190784327
R:A:ASP:179,85.461325,3.6904894240974326,0.2609570097676531,-7.548240000000001,1.0933477545593624,0.07731136114440101,-98.828855,12.935518571513668,0.9146792900081837,-48.512299999999996,11.945090457171098,0.84464544641524,0.34731583200000005,0.09929290663801003,0.0070210687607459655,-69.080754168,18.02325740056604,1.2744367527010876
R:A:GLU:180,98.81025000000001,3.075190556290781,0.21744880957940427,-6.901675,0.9476134071313047,0.06700638661258343,-74.92281,16.20323333053931,1.1457416165172232,-71.210905,14.803355675520839,1.046755318247715,0.7462134,0.10936002696487597,0.007732921665760749,-53.478926599999994,22.182218945864,1.5685197438385146
R:A:LEU:181,78.382675,3.2542965291096317,0.23011351437252653,-9.851370000000001,0.8739594516337701,0.06179826547323153,-75.349305,1.7116019811787433,0.12102853675838188,-1.3453899999999999,0.6527460516157872,0.04615611594902673,0.06961626000000001,0.033995020184768236,0.0024038109299223177,-8.09377374,3.83550067575895,0.2712108537074739
R:A:ARG:182,-193.44296999999997,4.159647070257284,0.2941314650721681,-8.398765000000001,1.525018744073331,0.10783510953708443,11.082795,10.688919073179243,0.7558207160199268,13.737829999999999,9.535158544623156,0.6742375266591885,0.9077430599999999,0.19611695649803154,0.013867562984542524,-176.11336694,14.994633946968365,1.0602807345311338
R:A:ASP:183,79.10717500000001,3.551495665825175,0.2511286668659614,-6.57086,1.4485357401182752,0.10242694446287069,-105.20316999999999,14.10765499759262,0.9975618515438028,-40.666955,11.787513226417818,0.8335030535726159,0.27977058,0.11433652870102888,0.008084813478182783,-73.05403942000001,18.780198286776564,1.327960556060769
R:A:GLU:184,100.494955,2.8776369268854958,0.20347965847935512,-5.285205000000001,1.3366284835267428,0.09451390646288513,-91.77124500000002,7.574052465818744,0.5355663859643125,-62.82726,6.5283008396059685,0.4616205793311212,0.464930064,0.048332586999686906,0.003417630001976738,-58.923824936,10.49069533597707,0.7418041811431473
R:A:GLY:185,88.60860000000001,1.7283710163040806,0.12221428660349003,-5.539884999999999,0.7058248449686367,0.049909353420726665,-79.56699,2.0498126621474455,0.1449436433566508,-1.89556,0.9397517418978271,0.06645048293278237,0.014108580000000003,0.01567060464006415,0.0011080790806282737,1.6202735799999994,2.927552892079797,0.20700925022719133
R:A:LYS:186,118.23148,3.454616158070242,0.2442782511768086,-8.0508,1.2883809413368392,0.09110229003707865,-147.75474999999997,11.107480297416693,0.7854174640199313,25.405929999999998,10.993489515395009,0.7773570985239022,0.354100788,0.14909611704275016,0.010542687540951182,-11.814039211999997,16.057691558387752,1.1354502591137958
R:A:ALA:187,92.41937,2.071161841358613,0.14645325829594916,-6.5289449999999984,0.49221997315732735,0.03480520808550065,-85.94840500000001,1.5518025038564027,0.10972900735391258,-0.0022199999999999954,0.7195110086718618,0.050877111337024626,0.15379415999999999,0.03334897277775134,0.0023581284796753547,0.09359416000000008,2.7310970564290336,0.19311772486795886
R:A:SER:188,87.23782,4.790137313021412,0.33871385768521484,-6.970145,0.9772189539581189,0.06909981490478104,-82.32854999999999,4.3713647499951325,0.3091021657761395,-1.5675,1.3656518150685408,0.09656616591746821,0.08962005599999999,0.04052819286053677,0.002865776000092177,-3.538754944,6.69894391329645,0.4736868667880267
R:A:SER:189,63.86803,6.342618031940754,0.4484908220861381,-7.7273000000000005,1.1893777070384326,0.08410170420389826,-58.075810000000004,7.517068357671094,0.5315370010352054,-1.692745,1.0730629850922078,0.07587701133989792,0.05515974,0.02410437058088014,0.0017044363893973864,-3.5726652600000004,9.965028083937149,0.7046338932866346
R:A:ALA:190,96.45387,2.0990831172442883,0.1484275906477633,-6.86886,0.6815501231751043,0.0481928713815643,-78.508065,1.30864555582289,0.09253521466920041,0.3966549999999999,0.6630930070321961,0.04688775618298449,0.058500576,0.020650191887249474,0.0014601890716277532,11.532100576,2.6501570633973714,0.18739440307377084
R:A:LYS:191,128.303435,3.512832776517408,0.2483947877449827,-8.284805,1.2134070038428986,0.08580083207565647,-156.33566,11.188381416201361,0.791138036989753,24.46091,9.976776217391066,0.7054646117697896,0.5989678919999999,0.09636090200792195,0.006813744725105401,-11.257152107999998,15.444661812499675,1.0921025100751434
R:A:GLN:192,39.36823,3.068021234786357,0.21694186199417578,-11.066974999999998,1.0049950419653821,0.07106388092325806,-91.15059000000001,2.4058948650969767,0.17012245739319662,4.800525,1.1629947503643343,0.08223614744669767,0.0211644,0.012684607003829484,0.0008969371629094203,-58.0276456,4.190920796436607,0.2963428514576051
R:A:ARG:193,-191.37046999999998,3.9931500083392804,0.2823583449191824,-10.612614999999998,1.376922168016406,0.09736310021704835,-37.67354,7.189951579697877,0.5084063518407298,60.01329,5.502203359191661,0.38906453067518243,0.152194896,0.05685315521300453,0.004020125158296682,-179.491140104,9.990697645882028,0.7064490054187659
R:A:LEU:194,76.087925,3.0818267065776097,0.21791805626628322,-9.41197,0.9244674948855693,0.0653697234620126,-79.22435999999999,1.8736951327257052,0.13249025342265744,-2.7819950000000007,0.5995699083301296,0.042395994797563126,0.22696070399999996,0.03214122034209006,0.0022727274859502887,-15.103439296000001,3.771411749185585,0.2666790822495746
R:A:LYS:195,124.156515,3.1305829664417133,0.22136564446380333,-12.542725,0.9444159726386462,0.06678029385136756,-128.88523999999998,5.4954531180240265,0.38858721654475453,5.906495,5.175048912809907,0.36593121792199557,0.18745563599999998,0.0438088663852091,0.0030977546497076747,-11.177499363999997,8.226513640558737,0.5817023580762716
R:A:CYS:196,81.79801499999999,2.12946472729064,0.15057589489647738,-8.125845,0.7417145818810629,0.05244714105530443,-76.11485,1.5942187577305693,0.11272828942860792,-3.5021199999999997,0.6633037355540824,0.04690265693966601,0.030288563999999997,0.017801051176295855,0.0012587243999007567,-5.914511436000001,2.8401730081586547,0.200830559381198
R:A:ALA:197,97.94945,2.077200979082188,0.1468802898196351,-6.67154,0.6791030543297534,0.0480198374841065,-83.417365,1.2817063087053135,0.09063032223751057,-3.26558,0.8319623991503462,0.0588286254131439,0.078952032,0.033507993391030985,0.002369372935075203,4.673917032,2.6668333556666215,0.18857359500863438
R:A:SER:198,78.55855,2.4809941167806095,0.17543277640594981,-8.332654999999999,0.734515129847575,0.051938062919933775,-70.98083,2.092011771262294,0.14792757097816484,-1.814805,1.0256194991199221,0.07252225027448472,0.056848967999999986,0.014382379196022333,0.0010169877859103717,-2.512891032,3.4818758944542143,0.24620580562185504
R:A:LEU:199,60.852785,3.208794546052302,0.22689603829479923,-10.854969999999998,0.8850693527063288,0.06258385411190333,-58.18185,1.3095375051902867,0.09259828501381653,-5.898905,0.8050416175422237,0.056925038690149345,0.156043764,0.0434213865195701,0.003070355685651016,-13.926896236,3.6666846194017406,0.25927375588513857
R:A:GLN:200,39.94991,3.51679141290751,0.24867470560855198,-6.954644999999999,0.9046214561765601,0.06396639660692949,-77.663755,2.479456562429557,0.1753240548951426,-7.340325,2.1790447699336055,0.15408173333291328,0.615185748,0.09340251944720385,0.0066045554881026215,-51.393629252000004,4.908240703741421,0.3470650285311391
R:A:LYS:201,124.41815999999999,3.5459495941707915,0.2507365003783853,-6.058764999999999,0.9598262602028557,0.06786996573503629,-155.345485,7.6321763573554176,0.5396763657497659,27.763050000000003,7.809347580784198,0.5522042631015266,1.0600845479999998,0.16654883850649602,0.011776781310668652,-8.162955451999999,11.522100028946888,0.8147355063978059
R:A:PHE:202,101.53948499999998,2.9528947999844153,0.20880119371994738,-9.976435,0.959144554160112,0.0678217618384763,-77.40844499999999,2.1717179137666567,0.15356364636487047,-9.209635,1.323336193782593,0.09357399964132665,0.49245782400000004,0.10778533664107481,0.007621574245137885,5.437427824,4.014815192894291,0.283890304810633
R:A:GLY:203,77.86201499999999,1.843545753371746,0.13035837036368242,-2.560235,0.6681105370932269,0.04724254913608071,-78.74031,2.020862641027341,0.14289656773169887,-0.20023999999999997,1.437119807949219,0.10161971615784014,0.380533212,0.037517048206188286,0.0026528559196698333,-3.2582367880000005,3.1615881009005746,0.2235580385465495
R:A:GLU:204,103.606295,2.6929862045645536,0.1904228806889419,-6.428055,1.0496103810343151,0.07421866180331602,-34.088139999999996,12.49041844456782,0.8832059582011434,-112.48433999999997,11.45937258511128,0.8103000063075403,0.635286672,0.06618551821599357,0.004680022874687482,-48.758953328,17.195522967841704,1.2159070896609896
R:A:ARG:205,-199.31167500000004,4.104528914427941,0.29023402289682554,-6.221385000000001,1.3937377969959057,0.09855214474518047,-3.6580350000000004,11.439510900111726,0.8088955730926427,36.55241,9.572270133667352,0.6768617122865644,0.8870433839999999,0.18044283367494687,0.012759235130807125,-171.75164161600003,15.53425207140819,1.0984374980353904
R:A:ALA:206,86.672255,2.2675092811221305,0.1603371189084892,-6.0542300000000004,0.47817519498610545,0.03381209229698748,-80.28157999999999,1.3378714264083824,0.09460179579690862,0.10692,0.6694404705423777,0.047336589632122845,0.183109824,0.037423069770752694,0.0026462106407716527,0.6264748239999998,2.7585686216634286,0.1950602578746638
R:A:PHE:207,113.10798999999999,3.0838918252591156,0.218064082208648,-15.041034999999999,0.8834052149353658,0.06246618180163567,-86.58586,1.3878273669300518,0.09813421422725105,0.236775,0.5570133341087985,0.039386790575965946,0.0037623239999999996,0.0035833660605391685,0.00025338224408809703,11.721632324,3.539369302426963,0.2502712034869606
R:A:LYS:208,120.43859499999999,3.2157872956672677,0.2273905003619874,-9.82732,0.9119652940764796,0.06448568436482627,-172.24785,9.314401973154263,0.6586276797914737,46.80441,8.453305620400814,0.597738972762777,0.61994268,0.08446800200679071,0.005972789701228061,-14.21222232,13.015243505264818,0.9203166941366924
R:A:ALA:209,89.54977500000001,2.2479918915278585,0.15895703105517225,-6.62312,0.6364374325886246,0.045002922438437266,-79.648415,1.295420608441521,0.09160006967178028,-2.034405,0.5189616083825469,0.03669612724627763,0.118252476,0.054664305952903336,0.0038653501428154106,1.3620874760000004,2.721937552566244,0.19247005013859056
R:A:TRP:210,118.3573,3.3215060830894165,0.23486594751048945,-15.764720000000002,0.8087591616791737,0.05718790875700911,-85.03222000000001,1.447074822391711,0.10232364197974976,-5.3049800000000005,0.76627668606059,0.054183944097859836,0.35564032799999995,0.0610788445738622,0.004318926518521712,12.611020328,3.7909669172988676,0.2680618414475891
R:A:ALA:211,99.465965,2.020432325957739,0.14286613986132263,-7.7384450000000005,0.7121822287694352,0.05035888834034167,-87.22354500000002,1.2264948136763558,0.08672627998406823,0.013900000000000001,0.5448107836671371,0.03852393995945898,0.00014331600000000002,0.0005631139274995781,3.9818167671554156e-05,4.518018315999999,2.5279357084036556,0.17875204818158436
R:A:VAL:212,49.824310000000004,3.2609874814080473,0.23058663614680708,-8.882955,1.1053172996814082,0.07815773579675271,-55.794375,2.1935025608316483,0.1551040535314116,-1.1896699999999998,0.4291504411042822,0.030345518705403602,0.056595312,0.0186616404962119,0.0013195772542936924,-15.986094688000001,4.105086787045556,0.2902734704479209
R:A:ALA:213,95.23685499999999,2.336995634136915,0.16525054605015682,-8.23074,0.4813522435805197,0.034036743557514425,-74.4057,1.4012184840345208,0.09908110919847436,-3.094465,0.5349259937365168,0.037824979760404366,2.376e-05,0.0002645801625216827,1.8708642708652064e-05,9.50597376,2.8182987253221867,0.19928381400847212
R:A:ARG:214,-188.14002500000004,4.4853373724141425,0.3171612471943491,-11.789885,0.997470707226533,0.07053183011148229,18.44832,9.01590530771037,0.6375207781617789,15.267795,7.979412262377161,0.5642296520609981,0.542891628,0.11536192262480725,0.0081573197778719,-165.670903372,12.887361099151244,0.9112740424809563
R:A:LEU:215,69.998435,3.2946803874996733,0.2329690843843341,-10.929635000000001,1.002947761239338,0.07091911631482023,-78.36552,1.6758837189972344,0.11850287421830749,-1.5513,0.6228667835099252,0.044043332639572136,0.085154076,0.030689119039252723,0.0021700484181296784,-20.762865923999996,3.8805043691738588,0.2743930953866861
R:A:SER:216,80.40896500000001,2.8212525416514915,0.1994926803641552,-8.60367,0.8866602455845193,0.06269634722613432,-72.66412,1.8769796710673246,0.13272250535610006,-3.19682,0.6789604462706204,0.04800975357154002,0.000365976,0.0007602378739736661,5.375693560016232e-05,-4.055279024,3.567866707997459,0.25228627435947265
R:A:GLN:217,38.956075,3.0333887583649743,0.21449297610149148,-11.175165,1.0757236251821376,0.07606514700488654,-78.9381,2.9076526133635703,0.2056020880244167,-3.5946450000000003,1.926588920599047,0.1362304090314457,0.120643992,0.06616502035820389,0.0046785734572631936,-54.631191008,4.7464929238379785,0.33562773332997975
R:A:ARG:218,-192.93650000000002,3.9829656413280796,0.2816382014216111,-13.636310000000002,1.0660684986903983,0.07538242646333426,-8.13376,8.453717045915365,0.5977680649399063,43.274065,7.151849374866266,0.5057121190992707,0.220665312,0.07193526242557996,0.005086591186756144,-171.211839688,11.816089598469336,0.8355237082185497
R:A:PHE:219,104.18912,2.808016947171082,0.19855678250314193,-12.523674999999999,0.9104224565414675,0.06437658927649866,-74.160755,1.3516508665239704,0.09557614935157724,-1.89685,0.6690621103455193,0.04730983552602988,0.021882636,0.012013702069166854,0.000849497020026274,15.629722635999999,3.314902219747577,0.23439898385538505
R:A:PRO:220,91.24959500000001,2.5557742996937343,0.1807205338495739,-9.388115,0.9706057035557745,0.0686321874842628,-66.16698000000001,1.8672448017332914,0.1320341461440941,0.39405500000000004,0.8530521039039761,0.06031989273759528,0.017846855999999998,0.018110889584779206,0.0012806332838718193,16.106401856,3.418872145700472,0.24175076782346058
R:A:LYS:221,116.74580999999998,3.4260721145212343,0.24225988250120986,-6.514075,1.2067692444601825,0.08533147160851615,-193.581585,12.209984313780874,0.863376270645583,69.921425,10.636156720562884,0.7520898542872886,0.816264684,0.1526534963392511,0.010794232243332025,-12.612160315999999,16.596057120905844,1.1735184531151812
R:A:ALA:222,90.01085,2.4801851377467767,0.17537557294988373,-5.373855000000001,0.7839114835075449,0.05543091258381914,-89.03742999999999,1.9110251293742846,0.13512988279984559,1.5790950000000001,0.8150283712699823,0.05763120881844316,0.015667488,0.014187669914184499,0.0010032197605556222,-2.805672512000001,3.329012633278461,0.2353967407646885
R:A:GLU:223,102.498665,2.84690083999689,0.2013062889327479,-6.0202350000000004,0.7350049454085327,0.05197269811040216,2.85649,5.252373857590489,0.371398917202918,-153.15625,4.962239221107744,0.3508833003115137,0.8556366959999999,0.06659989525552412,0.004709323756149488,-52.965693304,7.80133074776336,0.5516373874022591
R:A:PHE:224,88.22394499999999,2.5850426383282348,0.18279011792182587,-11.088865,0.8863285941314316,0.06267289592698745,-67.72352,1.3580162957785153,0.09602625317068245,-3.3691700000000004,0.6627844227952253,0.046865935982331554,0.323260992,0.0677468760002285,0.004790427542396574,6.365650992000001,3.123476413974946,0.22086313531979243
R:A:ALA:225,91.42555,2.2006658509414825,0.1556105746326386,-4.658085,0.4033552748818342,0.028521525009630885,-79.893005,1.9326533613079713,0.13665922974638411,-2.0319149999999997,1.4274147532427288,0.1009334651583656,0.564018084,0.05195122664289789,0.0036735064650152333,5.406563083999999,3.2834412569702995,0.232174357843138
R:A:GLU:226,113.930665,3.0182865574320474,0.21342508923244005,-7.629964999999999,1.1643196871027304,0.08232983462193398,-11.232899999999999,6.119527469502854,0.43271593713428214,-147.093705,5.777464711097334,0.40852844752829026,0.236762892,0.05479471981754023,0.0038745717956199595,-51.78914210800001,9.01645226659826,0.6375594539956445
R:A:VAL:227,56.005525000000006,2.8482028946995683,0.2013983581037219,-9.384525,0.8801513786701695,0.06223610083283656,-61.75915,1.51560507306488,0.10716946247649095,-0.004019999999999992,0.5315986358146529,0.037589700025405896,0.002195496,0.0034249259143496807,0.00024217883390981957,-15.139974504,3.386235927393057,0.23944303869571482
R:A:SER:228,82.45416999999999,3.714343542417691,0.26264375065000123,-5.73085,0.8143892604277146,0.057586016857393424,-76.208415,4.85326077217936,0.34317736028746854,-0.670145,1.350211188657167,0.09547434875334317,0.29701512,0.04127130093224588,0.0029183216757581744,0.14177511999999956,6.311774038701849,0.44630982240832795
R:A:LYS:229,124.90941,3.483452309405139,0.24631727499203132,-8.582239999999999,1.1359125989265195,0.0803211501536177,-227.87529000000004,8.250069130370969,0.5833679827343115,100.41078499999999,7.758551456861969,0.5486124347331865,0.62921124,0.08176791422751592,0.005781864663375648,-10.508123759999998,11.90336863164256,0.841695267839769
R:A:LEU:230,75.37224,3.3826107790285302,0.23918670199657838,-11.05682,0.9861551843396655,0.06973170181488472,-82.56688,1.5119491875059823,0.10691095232949709,-0.49907,0.7563283976554099,0.053480493878609606,0.005817852,0.007173042825056602,0.0005072107223339033,-18.744712147999998,3.9080215164765106,0.27633885153234755
R:A:VAL:231,62.72751,2.8305570882601887,0.20015061116444283,-8.473835,1.0133634480160612,0.07165561658987382,-72.16925,1.6359508817504262,0.1156791962173838,0.305845,0.6959588572430125,0.04921172273833745,0.05375124,0.02281357837748388,0.0016131635973849643,-17.555978760000002,3.4928746592897353,0.24698353574184234
R:A:THR:232,33.29894,3.6359059141292422,0.257097372763706,-6.7953399999999995,0.7166710294130774,0.050676294477793066,-49.18419,3.848397543640729,0.2721227999810012,-0.9849450000000001,1.961900031085937,0.13872728159909642,0.5691942,0.05765033924800096,0.004076494581996644,-23.096340799999997,5.691745613455543,0.40246719200632003
R:A:ASP:233,75.22076500000001,3.5618003944318666,0.25185732121356924,-7.622304999999999,1.0249444433602244,0.07247451662394859,1.50048,8.350308536790722,0.5904559791364636,-131.778085,7.850268223301355,0.5550977894829658,0.228146652,0.06015852559744209,0.00425385013961358,-62.450998348000006,12.045535108384643,0.8517479558159415
R:A:LEU:234,83.78367,3.2893645451819413,0.23259319756927543,-10.714500000000001,0.8301812392483945,0.05870267838863913,-88.26247,2.0071502557357284,0.14192695566910465,-1.2082549999999999,0.8276856830796339,0.05852621591966287,0.16531063199999999,0.03328466925413825,0.002353581533915254,-16.236244368,4.027895680052098,0.2848152349276839
R:A:THR:235,57.87457500000001,2.8976514221650267,0.20489489701277336,-7.83252,1.0473830720419344,0.074061167274085,-72.05662000000001,2.434765045255907,0.1721638874096423,2.245555,0.8505604722622607,0.06014370777458769,0.08327106000000001,0.029321739786138203,0.002073360103896571,-19.68573894,4.018182271994899,0.28412839325711614
R:A:LYS:236,134.37688500000002,3.1374561099360414,0.2218516491010941,-6.234005000000001,1.5940447154879314,0.11271598278360971,-285.654855,8.322711873780985,0.5885046003812332,142.31248,6.576143332501202,0.46500355444663005,0.6624493559999999,0.04547913060377105,0.003215860165239515,-14.537045643999999,11.175861121705363,0.7902527184756958
R:A:VAL:237,55.428414999999994,2.9263780023734114,0.20692617297933819,-10.512089999999999,0.9692528369316233,0.06853652536786498,-59.935604999999995,2.018574229245732,0.14273475258280655,-1.8217599999999998,1.4990490860542227,0.10599877740804373,0.006587928,0.007833117955425923,0.0005538850824115774,-16.834452071999998,3.978063689005859,0.2812915810488016
R:A:HIS:238,113.04504499999999,2.820614431817117,0.19944755918505241,-13.35679,0.9554565065454315,0.06756097749070834,-89.84110499999998,2.325844544240866,0.16446204492184516,-6.577025,1.852345220085878,0.13098058662212123,0.075288744,0.032017037449209196,0.0022639464293839466,3.3454137439999987,4.2083872989438635,0.2975779196942544
R:A:THR:239,39.012305,3.4430930835478435,0.24346344676331802,-7.118154999999999,0.9034104443579342,0.06388076514002473,-54.80821,5.4103884736588,0.38257223785776723,-1.570175,3.000533228340423,0.21216973929350763,0.34086690000000003,0.0672761316520473,0.004757140890316157,-24.143368099999996,7.138001791896318,0.5047329471171614
R:A:GLU:240,88.1515,2.9739546381880144,0.21029034916039305,-11.028155000000002,1.1974870525291703,0.08467512152264678,37.136975,7.546289930447611,0.5336032782619266,-170.08760499999997,6.850298048915462,0.4843892203537099,0.19687391999999998,0.04208456320375917,0.0029758280024651963,-55.630411079999995,10.684251382983511,0.7554906604809389
R:A:CYS:241,85.91942999999999,2.3153630136762575,0.16372088878790025,-9.441225,0.5118815726073757,0.03619549311551094,-70.693255,1.4222404086422946,0.1005675837428493,-2.17455,1.015864246590065,0.07183244975287979,0.066035844,0.016054637639201452,0.0011352343144172131,3.6764358440000007,2.945833384348091,0.20830187623182522
R:A:CYS:242,92.322255,2.1436670123820543,0.15158014810612572,-7.50249,0.7259181633627857,0.05133016559003097,-83.37735500000001,1.392471288384432,0.09846258906242003,1.686405,0.9290765474249147,0.06569563269255423,0.026390016,0.022888778451628736,0.0016184810456223203,3.1552050160000005,2.8151285682902674,0.19905965005500248
R:A:HIS:243,111.080445,2.7908588690535754,0.1973435231642402,-8.786265,0.8552202843566095,0.0604732062476846,-88.359385,5.051382220419971,0.35718666224241213,-7.407215,4.447933959578874,0.3145164265088153,0.587560788,0.06861755532319011,0.0048519938677470805,7.115140788,7.336592000118212,0.5187753954082563
R:A:GLY:244,72.93492,1.5967632897834294,0.11290821501556031,-5.239884999999999,0.5196245488571533,0.03674300421678935,-72.881845,1.6498350738710217,0.11666095685736079,-0.9896449999999999,0.9133150600833209,0.06458112723447153,0.024679151999999996,0.015289462151668253,0.0010811282368139684,-6.151775848,2.5250735856560476,0.17854966554124216
R:A:ASP:245,101.00659,2.8726190683590467,0.20312484230024644,-9.92651,0.9207878691099269,0.06510953462819405,19.344350000000002,9.153902094598784,0.6472786245408542,-170.349205,8.125465750526244,0.5745571932496146,0.09051317999999998,0.026756364326051475,0.0018919606654848825,-59.83426182,12.606253358365718,0.8913967235056087
R:A:LEU:246,65.59442,2.7709000114764155,0.19593221881048556,-11.07958,0.9066203249431374,0.06410773797288437,-66.320405,1.528937794998541,0.10811222828558757,-0.5607100000000002,0.715559205027788,0.0505976766215604,0.037186703999999994,0.01660610098999714,0.0011742286619095617,-12.329088296,3.36894624573695,0.2382204735813558
R:A:LEU:247,70.452875,3.2640574656974106,0.23080371681772158,-11.21241,0.9507862545809126,0.06723074080731224,-76.13959,2.544272721604348,0.17990724946343875,-0.15826000000000004,1.153595883487801,0.08157154719631105,0.04476383999999999,0.014759244946541135,0.001043636218689252,-17.01262116,4.400271653078522,0.3111461924954762
R:A:GLU:248,97.98923500000001,2.671995566945237,0.18893861846873705,-10.241395,1.115518233367344,0.07887905073512864,38.03925,8.276759021350085,0.5852552430243577,-184.03457499999996,7.318343523938666,0.5174850332829686,0.22920174000000004,0.039701351698696596,0.002807309500842042,-58.018283260000004,11.421401370582846,0.8076150359792458
R:A:CYS:249,78.75605999999999,2.0528024518691512,0.14515505341530482,-9.8681,0.6299785551905717,0.04454621083773569,-71.421715,1.4424711414011029,0.1019981125750619,3.40502,1.464041314171154,0.10352335411876876,0.000174924,0.0010191695493017832,7.206616994901283e-05,0.8714399240000003,2.9723747893698684,0.21017863697913697
R:A:ALA:250,90.36338500000002,2.2121431569351473,0.15642214272242597,-7.458885,0.4949891228855438,0.03500101654059493,-79.887855,1.4570342322591463,0.10302787860513773,0.501285,1.0438541870275753,0.07381163742171691,0.051589008,0.0325528632119747,0.0023018350324225407,3.569519008,2.890022765516441,0.2043554695280175
R:A:ASP:251,105.353165,2.740277328624787,0.19376686814023442,-8.83913,0.8247574207607956,0.05831915650538852,4.822115,8.815897891977595,0.6233781181665546,-166.92385000000002,8.610964311707487,0.6088871257363716,0.19257177599999997,0.0702518335814534,0.004967554791623452,-65.395128224,12.651602348330094,0.8946033813379858
R:A:ASP:252,100.17147000000001,5.485832797224138,0.3879069571372754,-7.670965000000001,1.095889877576666,0.07749111638681558,19.60534,9.708609897117093,0.6865023894146326,-169.39356,6.360227902866374,0.4497360280008707,0.208300212,0.041731581453396366,0.0029508684235335326,-57.079414788,12.884358064667621,0.9110616958762057
R:A:ARG:253,-196.69343500000002,4.118730643751178,0.2912382368077292,-13.87013,0.9603690140253381,0.06790834422587551,-10.04528,7.416718252812358,0.5244411770713661,51.075465,6.379343838419042,0.45108772876667236,0.183882276,0.060206139209517694,0.004257216930411124,-169.349497724,10.65803044602747,0.7536365602478707
R:A:ALA:254,85.91021500000001,2.1853393395019918,0.15452682661555892,-6.813675000000001,0.7043301778108049,0.04980366449243469,-85.416135,1.3619951897033262,0.09630760345826801,4.350185,0.8440043724857117,0.059680121513574345,0.057147696,0.04335930056908649,0.0030659655459906784,-1.9122623039999995,2.8001863035601473,0.19800307238330722
R:A:ASP:255,105.936595,4.873651521290274,0.3446192039844486,-7.361675,0.5464147320259585,0.03863735623557854,-2.3047950000000004,9.028880410270977,0.6384382564624985,-159.929375,7.4013828136622575,0.5233567977698151,0.5659602119999999,0.07175518264037417,0.005073857623028781,-63.093289788,12.663228104789702,0.8954254464608871
R:A:LEU:256,70.6671,2.9267598961992083,0.2069531769507296,-10.802845,0.9075295868317461,0.06417203249761534,-74.822465,1.4049181964708837,0.09934271837369361,-0.65211,0.8246261564490907,0.05830987471689508,0.09166600800000001,0.020927173271895468,0.0014797746131623155,-15.518653991999999,3.470414215080263,0.24539534250094433
R:A:ALA:257,101.621045,2.2085178996274855,0.1561657983198466,-8.029815,0.6235560365957498,0.044092070192666165,-84.84688,1.4002265336723194,0.09901096771570307,-0.195195,0.9170220427966822,0.06484325049590743,0.015803423999999996,0.008786849302601245,0.0006213240727133626,8.564958423999999,2.840425043025368,0.20084838093753285
R:A:LYS:258,129.87129000000002,3.366607089623022,0.23805507026631456,-7.9063,1.0252436393365236,0.07249567297432308,-207.93747499999998,13.343503183174013,0.9435281585606626,73.29058,12.247481287334143,0.8660277070729319,0.8489755440000001,0.11453431395874367,0.00809879900787767,-11.832929456000002,18.451237384195917,1.3046995075647667
R:A:TYR:259,89.77550500000001,2.9501039507066524,0.2086038508749898,-10.88607,1.1363296111164225,0.08035063736834948,-99.00489999999999,2.672815292907462,0.18899658184739745,-2.397965,1.0547107583479935,0.07457931294182722,0.437007132,0.06102902281288941,0.004315403588018261,-22.076422867999998,4.272521412523933,0.30211288635603994
R:A:ILE:260,77.91183000000001,2.9200453457266726,0.2064783865335547,-10.786045,1.102017714456079,0.07792441988795938,-61.093590000000006,1.3658606304817487,0.09658093139693777,-2.7058500000000003,0.6665198327881925,0.04713006935598547,0.041018364,0.01895747841583115,0.0013404961542031815,3.3673633640000005,3.4714969680906953,0.24547190470054703
R:A:CYS:261,85.275525,2.226592694988241,0.15744387935666151,-7.62158,0.6098918048309881,0.043125863098609406,-77.396275,2.3367554748785757,0.1652335642261432,-2.03839,1.6258746378180575,0.11496669817603704,0.116105184,0.04012460298308438,0.002837237886175694,-1.6646148160000012,3.665404140611857,0.25918321236158937
R:A:GLU:262,94.25885,3.0660525252350133,0.2168026532067816,-5.651504999999999,0.7957102424720949,0.056265210831161025,8.39031,12.021426663832376,0.8500432313532648,-151.737475,11.622811853823283,0.821856907829383,1.009996488,0.09189067497979246,0.006497651940602026,-53.729823512,17.019010875985074,1.203425799949665
R:A:ASN:263,16.933925,2.6402082719692777,0.18669091728542928,-7.712035000000001,0.8368534661307199,0.05917447607604988,-77.80114999999999,2.268506380308418,0.16040762446810314,-10.288605,1.2626130202777888,0.08928022286528522,0.296326404,0.05619263476267316,0.003973419309342511,-78.57153859600001,3.796642449826764,0.26846316220132116
R:A:GLN:264,32.73514,3.166577587933067,0.22391084855808124,-9.506189999999998,1.0336633610126653,0.0730910372036134,-79.117345,4.9816432244767395,0.3522553705479521,-4.472855000000001,3.5913086046697518,0.25394386676955794,0.27111016800000004,0.0736694685939988,0.005209218080922594,-60.090139832000006,6.986799515146612,0.49404133159510516
R:A:ASP:265,86.62046000000001,6.1795167277385055,0.43695781826396013,-4.299205,0.7278158578754655,0.05146435285588462,-12.87163,12.620643069713207,0.8924142297529214,-134.18822,12.323144651492166,0.8713779148612845,0.933003144,0.10949160828067173,0.007742225869828412,-63.80559185599999,18.70477631297308,1.3226274171480774
R:A:SER:266,80.47168500000001,4.187647403468324,0.296111387621069,-4.4005849999999995,0.6446002658818875,0.045580121915973416,-71.01868499999999,4.746506184107949,0.33562867097266136,-6.235435,1.6593375502817382,0.11733288340816908,0.52870698,0.08880063939221833,0.006279153428793883,-0.6543130200000009,6.57590358001518,0.4649866013857628
R:A:ILE:267,80.92046,3.3336135766462194,0.23572207659020822,-9.797094999999999,1.0918856011391487,0.0772079712845442,-62.79211,1.7136897904521695,0.12117616716788826,-1.95128,1.0649833292591955,0.07530569339698027,0.017954064000000002,0.01491353280456056,0.0010545460177552803,6.3979290639999995,4.04676886507442,0.28614977063887115
R:A:SER:268,67.04163,2.434871572198418,0.17217142000198518,-7.30053,0.6812179747334917,0.04816938494002181,-60.52085,2.2375555183056353,0.15821906802752947,-3.388815,1.2361771680366047,0.08741092582666654,0.03337956,0.020323996958039527,0.0014371236069844512,-4.13518544,3.595533236576648,0.2542425933564963
R:A:SER:269,75.97465,4.96460656623463,0.3510506968907767,-4.063225,0.8326119950943537,0.058874558782847794,-63.120815,4.786326197698502,0.33844437113634346,-5.03769,2.654932208908544,0.1877320568509811,0.574035012,0.10219094133495715,0.007225990759378486,4.326955012,7.4369743568901,0.5258734999267453
R:A:LYS:270,120.20942,3.45185569709975,0.24408305710966505,-7.49087,1.4138338421115828,0.09997314972281307,-203.36517,21.157322242691773,1.4960486029556326,77.628125,18.14438581515988,1.2830018250364552,0.46885485600000004,0.13403539287467642,0.009477733522068675,-12.549640144,28.120868060280753,1.9884456498276715
R:A:LEU:271,75.101755,2.86663134270436,0.20270144615881508,-10.674475,0.8991757444320881,0.06358132663663915,-78.455655,1.9828922930847754,0.14021165868027877,-0.13454999999999998,0.7751713794381214,0.05481289389824259,0.001080648,0.0029082461523220484,0.00020564405756666053,-14.161844351999997,3.6822348167547223,0.2603733208848468
R:A:LYS:272,126.803995,3.1918266016459915,0.22569622343954937,-6.23757,0.9851902126493138,0.06966346801229466,-183.490255,14.961855464813679,1.0579629458302755,48.019775,13.938271102772218,0.9855846014786732,1.032546564,0.1592424593974619,0.011260142289276876,-13.871508436,20.71994776188637,1.465121556826088
R:A:GLU:273,90.13120500000001,3.0038780639325227,0.21240625488642043,-5.927429999999999,0.8581096404889063,0.0606775145791256,-17.359605,9.14517753731304,0.6466617051788942,-128.47343,8.297696179970679,0.5867357237082977,0.8466974999999999,0.10343168909827007,0.007313724875096546,-60.782562500000004,12.737989157494981,0.9007118511945418
R:A:CYS:274,84.969095,2.207678741568845,0.1561064608844714,-8.423645,0.7475783229702423,0.052861770164032526,-76.155175,1.5246505941936337,0.10780907740944173,1.3259199999999998,0.8091506247912066,0.05721558937911939,0.011166444,0.014692279113101003,0.0010389010191959194,1.727361444,2.900382527528142,0.20508801532501275
R:A:CYS:275,89.98575500000001,2.170272149979122,0.15346141542705452,-7.184665,0.5946615783578085,0.04204892345679019,-81.9675,2.3333472630536582,0.16499256725683126,-1.1606100000000001,1.8755536457003836,0.13262167013538925,0.16826796000000002,0.04235811057366936,0.0029951707224891203,-0.15875204000000015,3.7453582919637167,0.2648368246220809
R:A:GLU:276,107.369355,2.89883165412809,0.20497835201521888,-5.041895,0.8274408280807758,0.05850890205665288,-23.776459999999997,9.7829121195276,0.6917563499470026,-128.266195,9.603474454955093,0.6790681910050529,1.052321112,0.11311943880728659,0.007998752226464905,-48.66287388800001,14.036836197511214,0.9925542061664971
R:A:LYS:277,142.469035,3.1769068342925952,0.22464123657261814,-8.215095,1.1011920840502805,0.07786603900208999,-185.97896,16.527484895421928,1.168669664551108,51.32974,14.448352075665932,1.021652772967411,0.605811312,0.09490646501038934,0.00671090049872901,0.2105313120000009,22.208714572159522,1.5703932675410492
R:A:PRO:278,86.00494499999999,2.373922886695143,0.16786169711960797,-4.197115,0.6994830246510633,0.04946091900556438,-62.743815,1.4149783181289388,0.10005407639809086,-2.80962,0.8002308451940602,0.056584865715136226,0.733391208,0.04565672435563392,0.003228417939863375,16.987786208,2.9613179425053104,0.20939679983948997
R:A:LEU:279,67.985645,3.2090374411924523,0.22691321357487096,-6.367125000000001,1.1369158101526253,0.08039208789971188,-70.37481,2.4798086849392234,0.17534895371658196,-1.16275,0.8162173408473995,0.05771528166352478,0.51317802,0.10906040112944203,0.007711734919755346,-9.40586198,4.291626135958783,0.30346379430538756
R:A:LEU:280,70.14203,4.186202681321105,0.2960092303383461,-7.185829999999999,0.9663134952488245,0.06832868252425184,-76.33317,2.838935305902549,0.20074304061535977,-2.128195,1.2113171785189047,0.08565305910984733,0.489905568,0.18139395356229207,0.012826489463013442,-15.015259432000002,5.293184429496479,0.37428466041680075
R:A:GLU:281,109.870055,3.1718970021069413,0.2242869879415099,-7.80365,0.792251700850178,0.056020655007773694,-59.20528,11.423755594882097,0.8077815047758893,-94.83983,11.032152489024977,0.780090983607361,0.553730652,0.10794358964162946,0.007632764422121416,-51.424974348,16.21452514262196,1.146540068206776
R:A:LYS:282,133.001695,3.2197212786163645,0.22766867496402526,-12.377235,1.1650164590146355,0.08237910383631883,-182.82759,6.254047330481279,0.4422279277244937,49.55715,6.222533633296006,0.43999957282649715,0.28395086399999997,0.04185230810807815,0.002959405087153078,-12.362029136,9.4635433589562,0.6691735683170846
R:A:SER:283,79.00419,5.475823923748827,0.3871992229066324,-8.22933,0.8870603198768391,0.06272463675064209,-73.92567,5.5650366280106365,0.39350751372178394,-2.939125,1.1214323828813755,0.07929724425776093,0.028865664,0.018244088788095282,0.0012900518898631636,-6.061069335999999,7.937197223343432,0.5612445980241176
R:A:HIS:284,104.071205,2.9489779607475874,0.20852423136142953,-10.647960000000001,0.9835112802606791,0.06954474956457893,-80.780335,4.839744428456424,0.3422216104571349,-7.41029,3.603797300889716,0.2548269509480895,0.28742734799999997,0.11929026772311853,0.008435095723657584,5.520047348,6.7888494414019425,0.48004414764698183
R:A:CYS:285,87.19443500000001,2.1493541950490616,0.15198229264909446,-7.415145,0.7318742952003437,0.05175132771122881,-73.59811499999999,1.956720831333637,0.13836105687249933,-3.2236149999999997,1.3820888671771434,0.09772844101833916,0.17497112399999998,0.05217821695355087,0.00368955710380787,3.132531124,3.3010622615492204,0.23342035102604541
R:A:ILE:286,77.16917,3.0682947073415225,0.21696119942399839,-9.92475,1.1273970540585956,0.07971901020145696,-60.913385,1.7033059052251893,0.12044191560198221,-0.348785,0.931229095751953,0.06584784084444227,0.095381964,0.034146647386569355,0.002414532592182909,6.077631964,3.8019812147981145,0.26884066989276145
R:A:ALA:287,86.996105,2.5086136936513364,0.17738577541582923,-5.129794999999999,0.6637813743809027,0.04693643110500627,-81.58187,2.6176318024313505,0.1850945198148773,1.57681,1.4048308915666683,0.09933654498471345,0.24532578000000002,0.06100753633605278,0.0043138842646707615,2.1065757800000005,3.944998907913638,0.27895354795592575
R:A:GLU:288,110.28496,3.0211112605132566,0.21362482590279622,-6.41857,1.158237887957392,0.08189978648018566,-59.921355000000005,16.395988486485802,1.1593714643050668,-96.67839,14.443623731525964,1.0213184285468955,0.6950474280000001,0.09285417002278366,0.006565781328455897,-52.038307571999994,22.089000771815495,1.5619282235385619
R:A:VAL:289,48.045175,3.141019710917937,0.22210363374306824,-7.893579999999999,1.0092419053923594,0.07136417951605693,-57.67143,4.02097560488745,0.2843259117201596,1.8524450000000001,2.1240533413676315,0.15019325212829968,0.079190388,0.031837800159430864,0.002251272439079571,-15.588199611999999,5.618312478455518,0.39727468523408954
R:A:GLU:290,86.003945,2.9417499812144134,0.20801313602721105,-5.5008349999999995,0.8690643806847683,0.06145213168698869,-14.298855000000001,10.347095200778574,0.7316501182053311,-120.659125,9.64637770924273,0.6821019092092289,0.8597258640000001,0.07123700890925097,0.005037217207117786,-53.595144136,14.475124267671706,1.0235458528188621
R:A:ASN:291,14.41299,3.2298145844459865,0.2283823794636968,-6.56232,0.8569707565605725,0.060596983324254686,-79.81852500000001,3.807229059220761,0.26921174853054797,-5.8394200000000005,2.7017094891198057,0.19103971005526574,0.46238353200000004,0.09506074505703485,0.0067218097454474915,-77.344891468,5.741895588194356,0.4060133307277349
R:A:ASP:292,106.75658000000001,2.8132679206929443,0.1989280824016559,-7.54611,1.2853289881971852,0.09088648436098735,-62.064715,11.379838681359898,0.8046761100398563,-104.093565,10.261485154487874,0.7255965737783462,0.078542208,0.040428765315185376,0.0028587454109367067,-66.869267792,15.632241920982251,1.1053664267475172
R:A:GLU:293,100.443925,2.9976877137845763,0.21196853102966723,-4.48574,0.9703555649348335,0.0686145000127524,-27.3394,9.616084996504554,0.6799598909494589,-124.31216,9.140398054483187,0.6463237447069388,0.8754002639999999,0.08595179842299928,0.006077709952008199,-54.817974736,13.636387957147127,0.9642382395389305
R:A:MET:294,98.61140499999999,2.9391113896848147,0.20782655943087497,-7.545545,1.030058468231294,0.0728361327904976,-67.96775,1.9106299216488782,0.13510193739358436,-6.163525,1.379396567117303,0.09753806665540896,0.505702224,0.13208194373416915,0.009339603808673103,17.440287224,3.9076954123479988,0.2763157924882832
R:A:PRO:295,76.212575,2.3210506186584987,0.16412306319306558,-6.3831050000000005,0.9625879928479265,0.06806524972315167,-50.38315000000001,1.6431814377907268,0.11619047373816839,-4.906524999999999,1.2440079378263629,0.08796464486869142,0.276540552,0.11684638607222773,0.00826228719488136,14.816335552,3.2519387575972494,0.22994679475003713
R:A:ALA:296,82.12967,2.107906205479741,0.1490514771999929,-2.5132,0.36033327628738376,0.025479410314997484,-67.98921,1.3118247161492267,0.0927600152517236,-5.449075000000001,0.8028651439532047,0.05677113876676247,0.8341254720000001,0.06603501880317454,0.004669380959150589,7.012310471999999,2.634947018458499,0.18631889048192796
R:A:ASP:297,86.69651,4.5654693154044965,0.3228274312221624,-3.21391,0.8120800711136803,0.05742273251509371,-7.262645,7.554129802232352,0.5341576409121889,-137.67435,5.853494757621296,0.41390458367539246,0.9830241359999999,0.08232571298979138,0.0058213069921098926,-60.471370864,10.622525103820387,0.751125953423573
R:A:LEU:298,83.07053,4.349885589196571,0.3075833597506536,-7.997025,1.0734744824051479,0.07590610859393992,-72.39256,3.323465809422447,0.235004521088425,-4.19998,0.9654585385193919,0.06826822795415156,0.28337864399999996,0.11470126390044558,0.008110604151467282,-1.2356563560000005,5.662556283112369,0.4004031946639247
R:A:PRO:299,89.283485,2.4291210776276677,0.17176479863136976,-4.903235,0.8890315122508313,0.0628640211001094,-68.07331,1.8795816965218615,0.13290649634047236,-2.86308,1.0013200055926177,0.07080401660922916,0.533437344,0.06569679463551371,0.004645464898899174,13.977297344,3.3512372962646766,0.23696826175540237
R:A:SER:300,69.282775,6.437722200000168,0.4552157023015298,-4.997635,0.7099694090416854,0.05020241835683815,-52.15523,5.735551298445512,0.4055647216974129,-10.62317,1.888608342431008,0.1335447765938451,0.492322032,0.07961250132010535,0.005629453955066945,1.9990620320000003,8.855396772856452,0.6261711108184266
R:A:LEU:301,61.763465,2.9918777279118545,0.21155770298874726,-10.016715,0.9737641468933841,0.06885552315446453,-61.363705,1.743536253702515,0.1232866308237637,-5.762315000000001,0.9197096366652902,0.06503329208086424,0.075737808,0.04221389681039096,0.002984973269493662,-15.303532191999999,3.7131005170051505,0.26255585548016175
R:A:ALA:302,84.78496500000001,2.2774676449458067,0.16104128156741362,-4.86247,0.5355552530785223,0.03786947511519007,-68.866175,1.510401593740883,0.10680152092491471,-6.573675,0.9112362752738721,0.06443413495093264,0.360769788,0.06596206811229507,0.004664222566329278,4.843414788,2.9308179440310935,0.20724012426476016
R:A:ALA:303,90.87483,2.229619573178348,0.15765791196606654,-4.020565,0.6039597716528808,0.04270640500996308,-74.25807,1.7082532204272287,0.12079174361478515,-6.825754999999999,1.1872930493248077,0.08395429664332256,0.47859688799999994,0.06860159752363974,0.0048508654809195926,6.249036888000001,3.1094164848300383,0.21986894819565575
R:A:ASP:304,103.62224999999998,6.53425857213349,0.4620418546381918,-6.523155,1.3335431755196379,0.09429574224149782,-15.757125,8.937965741676067,0.6320096185952196,-145.372445,9.047208064755392,0.6397342173394158,0.42210738,0.09934219644001233,0.007024554076069881,-63.60836762000001,14.360499529153524,1.015440659829068
R:A:PHE:305,107.33045,3.0678107206116874,0.2169269763941313,-10.7682,0.9896054264200455,0.0699756707720619,-81.99631000000001,2.3453009047668063,0.1658378173683554,-3.9555700000000003,1.2662170213277026,0.08953506422346498,0.173749608,0.07445879449561842,0.005265031850682736,10.784119608000001,4.183308201480945,0.29580455970604763
R:A:VAL:306,51.51436999999999,2.8928925806362042,0.20455839610121113,-5.11982,1.017038690316155,0.07191549546516382,-57.132545,2.7418453782033367,0.19387774598925733,-2.526605,1.9812954875472262,0.14009874747789505,0.684152388,0.1833546072681847,0.012965128616112964,-12.580447612,4.56947064545298,0.3231103679832672
R:A:GLU:307,92.822135,2.8973111425552838,0.2048708356108185,-4.3831500000000005,0.82225368196196,0.05814211543709087,4.279635,9.873517236110697,0.6981630991816131,-149.38271,9.219382385273972,0.6519087802979033,1.03912758,0.09159551014634505,0.00647678063507218,-55.62496242,13.8406017531547,0.9786783355358106
R:A:SER:308,84.59239000000001,6.4125714099649604,0.45343727288292035,-5.188015,0.752200608066093,0.05318861507761788,-67.00322,5.725470790389206,0.40485192213697097,-7.620395000000001,2.8613280061843662,0.20232644363719487,0.3098445839999999,0.06658945329343187,0.0047085853979290555,5.090604583999999,9.091728423602408,0.6428822821035742
R:A:LYS:309,115.33006999999999,3.5440411757060617,0.25060155481461005,-4.66844,0.9274046077090625,0.0655774087014728,-161.10983,12.212070539065026,0.8635237890501336,39.22524,11.688744447219298,0.8265190462185368,1.226938212,0.15429262212448092,0.010910135939127399,-9.996021788,17.29755841089262,1.2231220850312572
R:A:ASP:310,89.87512000000001,7.189766848486813,0.5083932893715258,-5.077455,1.0232380211734706,0.07235385435396652,-49.844249999999995,15.711775741700873,1.1109903171438984,-104.176185,14.906417966459113,1.0540429227284225,0.48772097999999997,0.09295631021391286,0.006573003730633811,-68.73504902,22.843152098768215,1.6152547752714719
R:A:VAL:311,48.937084999999996,3.089373759805537,0.21845171351782752,-8.339155,1.0503262259769581,0.07426927968463812,-52.998755,2.4407688266148844,0.17258841886081172,-0.9947300000000001,0.8721961460015746,0.06167358093624854,0.059682455999999995,0.047964600548288355,0.003391609430459869,-13.335872544,4.16746860740795,0.2946845312680219
R:A:CYS:312,91.16348999999998,2.270484593627536,0.16054750527336134,-6.984365,0.5993135671541234,0.042377868739178,-71.334735,2.3759016761589695,0.16800161866444918,-4.585929999999999,1.3542586330166038,0.09576054628864646,0.16962145199999998,0.05226310062199234,0.0036955592855645652,8.428081451999999,3.6049873360716016,0.2549110991427857
R:A:LYS:313,123.64182000000001,3.5926158280005396,0.2540363014177305,-6.1498099999999996,0.9091932599288228,0.0642896719504774,-166.14231,18.093740679414523,1.27942067314449,37.53185499999999,16.487868050296104,1.1658683305673394,1.081362816,0.13193520377409415,0.009329227726589095,-10.037082184,24.758517168590082,1.7506915382033605
R:A:ASN:314,15.966849999999999,4.1393741975689995,0.29269795649696634,-7.9111,1.0903959693615892,0.07710263841140587,-80.03138500000001,5.041219564428334,0.3564680539457568,-9.44466,2.4401999332841564,0.17254819202761879,0.40095860400000005,0.09994025395320139,0.007066843128381436,-81.019336396,7.04995323268426,0.4985069737879062
R:A:TYR:315,83.856405,3.2263414963352837,0.22813679504822318,-12.641359999999999,1.3078158052264088,0.09247654244185387,-79.804805,4.343840543456332,0.307155910467103,-5.200275,2.848347826262621,0.20140860631282614,0.319011336,0.1490001021071781,0.010535898259747361,-13.471023663999999,6.254909964831865,0.4422889251843921
R:A:ALA:316,90.399465,2.219921419504528,0.1569721489432918,-4.30902,0.6592178468457904,0.04661374097838533,-77.991835,2.1889179422205394,0.15477987204050467,-2.818475,1.6804496301213554,0.11882573289012359,0.524390688,0.08112963787168445,0.005736731709427702,5.804525687999999,3.603397565307801,0.2547986853740241
R:A:GLU:317,94.443155,3.2765651925415735,0.23168814666459522,-4.35491,0.8846951915207858,0.0625573969207479,-19.97323,16.578080701851466,1.172247328333701,-125.07709499999999,16.10850867914144,1.1390435721823269,1.0243611719999999,0.10914717289803899,0.007717870610354393,-53.937718827999994,23.363374965344832,1.652040086939935
R:A:ALA:318,100.62538500000001,2.404804220050979,0.17004533714240738,-4.222759999999999,0.7859816934254894,0.05557729853096496,-84.484395,1.9484926094227302,0.13777923372146833,-0.37300999999999995,1.0164780666103916,0.07187585338275991,0.19981566,0.0535357406515199,0.0037855485250534037,11.74503566,3.3516514949464993,0.23699755002506992
R:A:LYS:319,124.15256000000001,3.4687657828685987,0.24527878074142492,-6.6745,1.2451543197531783,0.0880457063121195,-170.359945,12.253484009944886,0.8664521636592957,39.387855,11.151628081315078,0.788539183756822,0.959454828,0.17395039657209643,0.012300150500621856,-12.534575172,16.974088585924655,1.2002493143568498
R:A:ASP:320,86.768615,4.67816469320769,0.3307961978074642,-3.90495,1.1614439235279508,0.08212648742945239,-40.647915000000005,11.36420725909973,0.8035708015718808,-110.12239000000001,11.762140683051705,0.831708943825603,0.8632236599999998,0.15793787159414677,0.011167894001039137,-67.04341634000001,17.05145980059284,1.2057202854129012
R:A:VAL:321,52.470955,2.685757776303552,0.1899117536248744,-5.5898,0.8204044063752949,0.0580113519063295,-59.17333500000001,2.153604606880056,0.15228284215194765,0.06707999999999999,0.8771114772935079,0.06202114734507899,0.49574087999999994,0.09541625406619984,0.00674694802856284,-11.72935912,3.6473003483247752,0.2579030809324505
R:A:PHE:322,90.286155,3.054748772153775,0.2160033571611214,-12.729935000000001,0.8938720438491182,0.06320629837187905,-66.920325,1.7713766988912893,0.12525524758218717,-2.4017,0.8546365367804024,0.060431929060720875,0.15424991999999998,0.073684019994699,0.005210247020333681,8.38844492,3.7422059865709665,0.26461392297012243
R:A:LEU:323,74.717335,4.529384065496655,0.3202758187310978,-9.702925,0.9740824191899781,0.06887802840438306,-75.12578,2.7181862834618236,0.19220479535641144,-2.5539,0.8964401262772657,0.06338788922183795,0.115904556,0.04971883079881569,0.0035156522410509147,-12.549365444,5.44598660537152,0.38508940589093077
R:A:GLY:324,81.77648500000001,2.083959586886224,0.1473581955605965,-5.0898699999999995,0.5758865106077758,0.04072132568446169,-79.39708,1.5944708506586127,0.1127461150904988,-1.7453550000000002,0.9377279610713333,0.06630738001817746,0.094912848,0.031061503255793915,0.00219637995860199,-4.360907152000001,2.845552437126139,0.20121094245137996
R:A:MET:325,88.47894500000001,2.724434367345817,0.19264660160479086,-9.238430000000001,0.7746017332152053,0.054772613827532464,-72.13446,1.7777250710950778,0.12570414528566667,-3.9150799999999997,1.1929638148745334,0.08435528032079556,0.611305488,0.0807639907011253,0.005710876550045297,3.802280487999999,3.5514141382369036,0.25112290199490933
R:A:PHE:326,95.97489500000002,2.8705983024406256,0.20298195257183582,-14.386495,0.7328391637835686,0.05181955422304403,-70.34047500000001,1.268524335349937,0.08969821596260985,-2.841395,0.6474722766072691,0.0457832037419292,0.075970368,0.0356342120801313,0.0025197193004100433,8.482500368,3.287405054046515,0.23245464062232193
R:A:LEU:327,74.09468,3.063119217007395,0.2165952369928757,-11.856085,1.0221863517847418,0.07227949009833287,-77.25142,1.3505324259713278,0.09549706366166448,-1.4786450000000002,0.5337636171330901,0.0377427873225468,0.011979683999999997,0.011658196180445068,0.0008243589575595814,-16.479490316,3.540697900342273,0.2503651495464992
R:A:TYR:328,90.111645,2.963554762270304,0.20955496688190187,-15.331980000000001,1.0933196328613146,0.0773093726400622,-95.40176500000001,1.6394994326851717,0.11593011666031824,-0.5284599999999999,0.6563289711722317,0.0464094666205075,0.11761181999999999,0.04133042819412835,0.0029225026045411827,-21.032948179999998,3.619176558423851,0.2559144286772896
R:A:GLU:329,99.486465,2.7205766243160654,0.1923738179791496,-8.95199,1.264654502186269,0.08942457743540082,-42.611395,7.605857029879999,0.537815308256352,-106.72710500000001,6.979159886689443,0.49350112828632414,0.262284372,0.060941483526931114,0.004309213625746127,-58.541740628,10.74999236865029,0.7601392501576256
R:A:TYR:330,82.51497499999999,3.2821442829916845,0.2320826479336079,-13.76335,1.0344131174245617,0.0731440529879224,-75.73321,2.2722133957663395,0.16066975004492912,-4.412395,1.1343672240394642,0.08021187564740648,0.11401135200000001,0.053369803878876076,0.003773815023334938,-11.279968647999999,4.2772739733054355,0.3024489431517001
R:A:ALA:331,101.10352,2.2879554671365434,0.1617828825865085,-8.225729999999999,0.6664221913321915,0.04712316506241914,-80.01115,1.4706228331900748,0.10398873779164748,-1.226195,0.7928615370763045,0.05606377694086442,0.002532708,0.004136104531118139,0.00029246675616500416,11.642977708,2.910367124356598,0.20579403293749424
R:A:ARG:332,-172.82320500000003,4.250900917802602,0.3005840865130338,-14.10905,1.201384442008469,0.0849507085756205,-61.539629999999995,8.154484790782309,0.5766091492644736,81.621335,6.817291237931308,0.48205528636648615,0.23286168,0.0454414488861964,0.0032131956654371362,-166.61768832,11.510283669033829,0.8138999635754595
R:A:ARG:333,-189.657765,4.286874956162706,0.3031278351601433,-11.700679999999998,1.678417804838831,0.11868206114657766,-70.62638,11.277817520052361,0.7974621245413477,90.6539,8.499964285219086,0.6010382385921881,0.195450552,0.07385797996849423,0.005222547848046246,-181.13547444800002,14.853901813469081,1.0503294699383143
R:A:HIS:334,119.10608499999998,3.6713337232911694,0.2596024971738042,-9.650015,1.0454988640715972,0.07392793365078588,-87.22586500000001,3.3777311892415303,0.23884166289379877,-7.399935,1.9260737189357524,0.13619397877246628,0.36847735200000004,0.09655716244773194,0.0068276224338922305,15.198747352,5.449762419199572,0.3853563962471621
R:A:PRO:335,76.011335,2.631893092960844,0.18610294533906493,-6.729895,1.398306112399928,0.09887517342525878,-55.19173999999999,1.6644302485835807,0.11769299155854608,-1.7340250000000004,1.367500283135254,0.09669687234794619,0.44650699199999994,0.1721158763907291,0.012170430334575013,12.802181992000001,3.6813217990866742,0.26030876078640486
R:A:ASP:336,79.41501,6.416961847315286,0.45374772368519933,-6.03688,1.0347499870016912,0.07316787326415877,-40.76257,12.004817496950963,0.8488687859000942,-95.83652000000002,11.747879051965082,0.8307004942203898,0.44887518,0.15678218896895527,0.0110861748989219,-62.77208482,18.011135247256842,1.2735795870203357
R:A:TYR:337,97.98961499999997,3.343741715021512,0.23643824412280473,-11.549294999999999,1.084076666096545,0.07665579619229716,-88.39027,2.2300033580916416,0.15768504965753727,-7.616785,1.4313783283168011,0.10121373223962744,0.344063016,0.07979154646900224,0.005642114358959301,-9.222671984000002,4.40272148352731,0.31131942166778576
R:A:SER:338,83.13478500000001,3.8214797276415062,0.270219422958223,-7.767625000000001,0.5927754333430156,0.04191555286376406,-71.732315,4.228692525565674,0.2990137160380356,-3.4237650000000004,1.26257429475457,0.08927748455727792,0.07314206399999999,0.03297725774810125,0.0023318442578619007,0.2842220639999995,5.867888193228342,0.4149223532676239
R:A:VAL:339,55.42558,2.828429531312385,0.20000017016992758,-8.381495,0.8697557932977508,0.06150102194171247,-55.14914000000001,2.131574997601539,0.15072511354117468,-1.6702100000000002,0.6295307187897982,0.04451454402215078,0.128659068,0.035284028291817475,0.002494957567272213,-9.646605932,3.7010342625443897,0.2617026424448891
R:A:VAL:340,41.552164999999995,2.8978200871991686,0.20490682343171246,-9.568914999999999,0.7326323755984306,0.051804932090245996,-43.49816,1.8393364114266861,0.13006072494031393,0.16159500000000002,0.5788865441301948,0.04093346008921063,0.13475663999999998,0.02577282292487185,0.0018224137860496994,-11.218558360000001,3.557111715890649,0.25152578157443933
R:A:LEU:341,66.96569,3.2666466711139726,0.23098680128851515,-11.741999999999997,0.8606539897078269,0.060857427237766146,-70.44047499999999,1.791250722086386,0.12666055323925834,-0.077515,0.6600756015601545,0.04667439339589749,0.017224379999999997,0.024175002231420786,0.0017094308013037556,-15.27707562,3.880279518769606,0.2743771960621262
R:A:LEU:342,68.382395,3.055579488243597,0.2160620976591568,-12.49073,0.870285847925841,0.06153850246390466,-71.78303,1.4810812229921761,0.10472825762658329,-0.503875,0.48476513836599266,0.03427807166214284,0.0039061800000000004,0.004965196370859868,0.0003510924023757848,-16.39133382,3.5387267410362453,0.2502257675352901
R:A:LEU:343,80.34497,2.864077175828193,0.2025208392869731,-10.50018,0.8706940838204886,0.06156736910084757,-78.27376,1.327201741409346,0.09384733513531432,-1.13518,0.5873094819598949,0.04152905173489999,0.12231244799999999,0.030539639352803367,0.0021594786081358805,-9.441837551999999,3.326916863444561,0.2352485474585528
R:A:ARG:344,-188.758305,3.932181935258719,0.27804725112806816,-13.065795000000001,1.4839169427481447,0.10492877329348228,-0.875405,6.046713188251531,0.42756718993027865,28.641595,4.858016955608019,0.34351367324296567,0.05190134400000001,0.03477133971477176,0.0024587050103256226,-174.006008656,8.82203731759085,0.623812241114927
R:A:LEU:345,62.09219000000001,3.546171771629231,0.2507522106971342,-12.011790000000001,0.9707079663317904,0.06863941855450117,-70.001815,1.761056200345406,0.12452547813148518,-1.3994499999999999,0.4690107648018327,0.03316406922408648,0.0072459360000000006,0.008858112671709701,0.0006263631538680416,-21.313619064000004,4.103532221664051,0.29016354607561495
R:A:ALA:346,101.83804500000001,2.2097917714063016,0.1562558746571629,-7.01678,0.692227059280407,0.0489478447737998,-82.48257,1.4688883569216555,0.10386609179852684,-2.5195000000000003,0.5834103958621238,0.04125334471288358,0.04356662399999999,0.028018823158402352,0.001981229985617298,9.862761624000001,2.803773122798309,0.19825669880392668
R:A:LYS:347,141.729145,3.431974959695219,0.24267727668629174,-7.612909999999999,1.1311886632653283,0.07998711745962596,-159.87854,11.276130239953776,0.7973428158214007,13.051925,10.319780203539947,0.7297186562277787,0.832840128,0.11157346873717074,0.007889435634455868,-11.877539871999998,15.707306108705467,1.1106742663638518
R:A:THR:348,43.610344999999995,3.2734469013526093,0.23146765018005214,-7.5965,0.9581900907440026,0.06775427108308375,-60.81957500000001,2.724272096244243,0.1926351273051595,-3.39699,1.0579562703155552,0.07480880529389572,0.185623524,0.04413722143606939,0.0031209728580176913,-28.017096475999995,4.4918215552898015,0.3176197481625323
R:A:TYR:349,80.87290999999999,3.1610105238515103,0.22351719768174438,-15.180505,0.9713924078224001,0.06868781587643474,-76.08737500000001,1.5218137055418448,0.10760847908912663,-4.960895,0.9042468656152478,0.06393990905432224,0.033439428,0.025233696975196004,0.0017842918245567566,-15.322425572000002,3.7509741174377678,0.2652339234495471
R:A:GLU:350,106.38038,2.9630557530360444,0.2095196816005599,-8.281035,1.3641502973554636,0.09645999258176935,-90.20153999999998,12.585255687049031,0.8899119639278932,-67.686165,10.573545370772047,0.7476625632856542,0.20726488799999998,0.06534280708121633,0.004620434198889242,-59.581095112,16.758084542333208,1.184975521958127
R:A:THR:351,45.786880000000004,3.2231764977425605,0.22791299585148714,-6.872184999999999,0.8276405142179785,0.05852302199882538,-58.436274999999995,3.2462885437642477,0.22954726429839017,-3.187455,2.0276151651570866,0.14337404329192574,0.47313097200000004,0.09689818631880792,0.006851736463070662,-22.235904028,5.072756389009517,0.3586980441976013
R:A:THR:352,36.203224999999996,3.0669126682015255,0.21686347449922266,-7.70192,1.033243211252801,0.073061328129182,-47.21109499999999,2.5540035700787502,0.1805953243577336,-1.6461649999999997,0.9315640062684903,0.0658715225941757,0.105877152,0.05941641447576668,0.004201374958960516,-20.250077848,4.227034526950798,0.29889647783165796
R:A:LEU:353,62.223345,3.1404721501670734,0.2220649153510635,-11.352084999999999,1.027217585409732,0.07263525203972931,-68.956155,2.0212905261181526,0.142926823776627,-0.550605,0.6495546158522777,0.045930447362016846,0.002889432,0.006161118309704497,0.0004356568536484649,-18.632610568,3.927507586635426,0.27771672476715215
R:A:GLU:354,108.09468000000001,2.9068832910180626,0.20554768871967402,-6.5587800000000005,0.9209978401711918,0.06512438182432137,-42.741279999999996,10.783897497732442,0.7625367048267251,-110.81586999999999,10.538408638077193,0.7451780210899271,0.7994213640000001,0.11570796282198863,0.008181788514870909,-51.221828636,15.383825846861386,1.0878007576908568
R:A:LYS:355,120.941515,3.4124192825288926,0.2412944814927913,-6.521345,0.8290437599879755,0.058622246458789,-152.251235,11.265472817852563,0.7965892222776271,25.828495000000004,11.206282856950159,0.7924038600044014,1.1392228439999998,0.12471430669603734,0.008818633197574685,-10.863347156000001,16.27387863583217,1.1507369939603809
R:A:CYS:356,82.48926,2.1333885516707927,0.15085335117921647,-7.646635,0.811528349335376,0.05738371989401698,-76.40744000000001,1.7459076597575256,0.12345431455400818,-1.230785,0.6757996735534872,0.04778625318933259,0.006882371999999999,0.011594124591879112,0.0008198284120839433,-2.7887176279999992,2.952110796205836,0.20874575628111647
R:A:CYS:357,83.31838499999999,2.0726239906878914,0.14655664786653316,-5.989165000000001,0.6078784399655904,0.04298349670367686,-72.2363,1.5441997506799434,0.10919141152123639,-4.1396299999999995,0.9105583249303694,0.0643861966224128,0.274150548,0.0590901210832445,0.004178302531909636,1.227440547999999,2.807569657205255,0.19852515432634266
R:A:ALA:358,86.20338,2.1558725439134854,0.15244320951751184,-2.80548,0.5328873235497351,0.03768082400903675,-72.227565,1.4196061234634771,0.10038131165149719,-4.00609,0.8105799478768273,0.05731665778375428,0.707617908,0.06268172417481459,0.004432267222047614,7.871862908000001,2.758261358432252,0.19503853108322636
R:A:ALA:359,91.05652000000002,2.1933701715852707,0.1550946921980246,-4.45447,0.49234908256236243,0.03481433749908218,-74.18054000000001,1.7667941103592129,0.12493120963954528,-5.50849,1.1632810837884369,0.08225639427728401,0.3436236,0.0534855310526202,0.0037819981702671406,7.2566436,3.0872196778059027,0.2182993969189102
R:A:ALA:360,88.41689500000001,2.2749254084420003,0.16086151830029147,-2.4764999999999997,0.25861829014978815,0.01828707467037853,-72.47023499999999,1.6447343401823291,0.11630028051933068,-6.308835,1.3708166608905075,0.09693137566791778,0.81698436,0.034569983568616285,0.00244446698068761,7.97830936,3.1349088480032297,0.22167153048247915
R:A:ASP:361,97.05592,3.788637746420209,0.2678971441953049,-5.363605,0.9282614820054745,0.06563799886403454,-13.268690000000001,7.5376539648553775,0.5329926232786903,-130.07928,7.060662233926787,0.49926421452773884,0.530874648,0.0568575499942593,0.00402043591625939,-51.124780351999995,11.040283357281478,0.7806659228154716
R:A:PRO:362,83.88165000000001,2.6260771975515116,0.18569169943080385,-7.915445,0.8065746257941666,0.05703343874320572,-61.31639499999999,1.4389769313560936,0.10175103461329028,-1.467455,0.7421462241196137,0.052477662770697014,0.25845498,0.05013236557689652,0.0035448935656346575,13.440809980000001,3.189168066362031,0.22550823660681815
R:A:HIS:363,104.37956,2.6666501488571757,0.18856064033090253,-8.489035,1.0909836358878167,0.07714419270998304,-85.37302,2.800111970904021,0.1979978162707862,-6.23876,2.4454975613154883,0.17292279089813464,0.719075196,0.14135443032279385,0.009995267623200887,4.997820195999999,4.705564233664957,0.33273363789333704
R:A:GLU:364,91.38947,3.228892145783132,0.22831715320032347,-5.91882,0.8923503950803182,0.06309870155557878,-15.32184,10.205378269540036,0.7216292178965593,-128.42919,9.735212543334635,0.6883834805684256,0.832828248,0.10740568212608165,0.0075947286169319094,-57.447551752,14.496816153402545,1.0250797007685621
R:A:CYS:365,84.430765,2.3645252334824,0.16719718268821096,-6.325699999999999,0.7810738313373454,0.055230260274599464,-72.47834999999999,2.024403081774971,0.1431469146978027,-0.8895849999999998,1.42287286247753,0.10061230498241752,0.24520014,0.07642808213841559,0.005404281515315612,4.982330139999999,3.511363293905852,0.24829087963303598
R:A:TYR:366,83.59473,3.1232237107034133,0.22084526650009953,-13.457745,1.2232904887944644,0.08649969999875722,-76.62256000000001,2.038377819836156,0.14413507790263966,-5.5879199999999996,1.2788926239524567,0.09043136468062395,0.09921913199999999,0.07254374911848005,0.005129617693437287,-11.974275868,4.12877452067937,0.291948446156262
R:A:ALA:367,98.20005499999999,2.3438664897930943,0.16573638891286066,-4.67666,0.6789522033250941,0.04800917070727216,-77.075915,1.931389936748921,0.1365698921390619,-3.59596,1.3243074485934148,0.09364267772762587,0.362080296,0.13162681166853654,0.009307421111678676,13.213600296000003,3.384681541903171,0.23933312704366716
R:A:LYS:368,140.25053,3.24767366419411,0.22964520710326175,-6.198035,1.1258830950747063,0.07961195713506232,-183.81853999999998,9.12540887951877,0.6452638499807656,40.943565,8.933229322354544,0.6316747031731405,0.9316090080000001,0.13431438816687338,0.009497461468371835,-7.890870992000001,13.225305692947845,0.9351703338748473
R:A:VAL:369,53.20455,3.8026070106572933,0.2688849203423278,-9.029625,0.9559379134520192,0.06759501809952417,-59.96113999999999,2.993994495719723,0.21170738107586137,-1.285985,0.6536625771565938,0.04622092409153023,0.009663804,0.012415551350011968,0.0008779120551763256,-17.062536196,4.976451479012462,0.3518882587055535
R:A:PHE:370,88.68093499999999,3.4256261195254503,0.24222834589262043,-11.534854999999999,0.8637120955358909,0.06107366797462716,-68.897005,1.7298334963154687,0.12231769955683025,-1.3471600000000001,1.291762990799783,0.09134143704803423,0.323260524,0.09268256523616415,0.006553647037625624,7.225175524,4.141313620341226,0.2928350943963492
R:A:ASP:371,86.40459499999999,7.789109860630738,0.5507732401858999,-6.096430000000001,0.6576121768185258,0.04650020296192265,-37.26366,12.570650745462624,0.888879238604435,-108.98678500000001,12.047360733321428,0.851877046993212,0.6720896880000001,0.09656186708934877,0.006827955102291262,-65.270190312,19.08591551886956,1.3495780288546229
R:A:GLU:372,99.243905,2.727611221559077,0.19287123912049456,-7.707115,0.7528505374740726,0.05323457202678537,-35.772295,12.192919301298398,0.8621695920408438,-111.43440999999999,12.1792575895208,0.8612035631367883,0.59847102,0.10333848154089162,0.007307134105508533,-55.071443980000005,17.464790931167546,1.234947209943389
R:A:PHE:373,108.34332999999998,3.049396381433545,0.21562488598373794,-13.778325,1.0230202438735023,0.07233845517340691,-81.50636,1.6247574835648548,0.11488770344122994,0.09680499999999999,0.7007719222222021,0.049552057826845096,0.033963264,0.017422145299701295,0.001231931708423612,13.189413264,3.671050314146735,0.2595824571210162
R:A:LYS:374,140.91044,3.3733946146871094,0.23853502076634356,-5.925395,1.0512838289325104,0.07433699243899365,-166.49149999999997,13.350738167981573,0.9440397492425835,34.54873500000001,11.78305303963175,0.8331876707404371,0.997465824,0.10731219260182985,0.007588117909275074,4.039745823999999,18.154312253203948,1.2837037302018541
R:A:PRO:375,84.135255,2.5233903542605134,0.17843064310783335,-6.0922,0.6262511956076412,0.04428264671403461,-60.649359999999994,1.8629695140822893,0.1317318376551394,-1.9072499999999997,1.2490921052908788,0.08832414979777614,0.6145605359999999,0.06126329691412227,0.004331969268582075,16.101005536,3.434287281143467,0.24284078250392566
R:A:LEU:376,73.68684999999999,3.990885530493202,0.2821982221551015,-8.699265,1.0274601816007276,0.0726524061809036,-75.910545,2.482518053907161,0.17554053503357847,0.150685,0.6075423078066251,0.042959728570778934,0.33683565599999993,0.08644605570608334,0.006112659219660157,-10.435439344,4.849981258373289,0.34294546364234174
R:A:VAL:377,51.723155,3.0107174960422642,0.21288987576884674,-7.7117700000000005,0.9393615688860174,0.0664228935345337,-61.071175000000004,2.315335954969602,0.16371897544840364,0.061705,1.0065169486774677,0.07117149597890296,0.244592136,0.07093377526025739,0.005015775350169056,-16.753492864,4.040508452026512,0.28570709258695065
R:A:GLU:378,90.24305499999998,3.2528912557869196,0.2300141465429355,-6.91827,0.9118770844253078,0.0644794470005753,-52.281015,13.673194536931556,0.9668408577547158,-90.721975,13.494554617488308,0.9542091079118219,0.6757465679999999,0.13375878742322606,0.009458174563025303,-59.002458432000005,19.506152001905395,1.3792932355402854
R:A:GLU:379,107.31401000000001,3.0371828871340627,0.21476126151962321,-7.018670000000001,1.5549673119072311,0.10995279307730205,-85.26445,11.859501259222498,0.8385933761886627,-59.420215000000006,10.255294227801315,0.7251588091541568,0.38875888799999997,0.0881989039374541,0.006236604306739468,-44.000566111999994,16.045840959386663,1.1346122952223165
R:A:PRO:380,80.07839,2.7204067173678275,0.19236180374362263,-9.590325,0.849145829274925,0.06004367740965738,-59.854605,1.5439516277963503,0.10917386658388077,1.47187,0.9363342635512171,0.06620883072143775,0.018624744,0.0199266290334533,0.0014090254515743566,12.123954744,3.3738059961851143,0.23856410983103296
R:A:GLN:381,23.748759999999997,2.8668551589503086,0.20271727235734008,-8.01424,0.9592183496993789,0.06782697997109999,-69.673415,3.7101450217983394,0.26234687040991167,-5.54995,3.2902154621696127,0.23265336648649634,0.66798972,0.09542172485700727,0.006747334871890678,-58.820855279999996,5.808507340156306,0.41072349287963605
R:A:ASN:382,23.465615,7.81986173066858,0.5529477257696924,-7.097299999999999,0.9300643364843102,0.06576547992678226,-87.61675000000001,7.821372741884892,0.5530545703974428,-3.587835,3.0537505035243138,0.21593276890938762,0.495935208,0.09604194042537842,0.006791190735309949,-74.340334792,11.511895800274196,0.8140139584686821
R:A:LEU:383,76.885805,4.135227444406776,0.2924047367688748,-10.798409999999999,1.0744164843765196,0.07597271819212473,-84.138575,2.700529228572614,0.19095625303161715,2.08967,0.5746200841425576,0.040631775810318696,0.043199676,0.02806317625211772,0.001984366222950572,-15.918310324000002,5.0870729006189155,0.3597103744417955
R:A:ILE:384,94.830265,2.963736465135691,0.20956781521472947,-9.01749,1.1645746004013655,0.08234785971414194,-76.87529500000001,1.8390657296505204,0.1300415848483669,0.57387,0.8691652047223244,0.06145926102305494,0.237913128,0.08545124612567107,0.0060423155596302704,9.749263128,3.779534450327769,0.26725344395549355
R:A:LYS:385,123.31505999999999,3.176751801195681,0.22463027407720448,-6.695150000000001,1.0080108816376934,0.07127713299158432,-139.21026999999998,11.258798204830747,0.7961172558646749,8.717395,10.11679012676328,0.7153650902475427,1.008485316,0.08447109062243334,0.0059730080993346,-12.864479684,15.499192004589336,1.0959583769357437
R:A:GLN:386,22.321795,3.2191835600001126,0.22763065251603307,-7.4499499999999985,1.0108558638599274,0.07147830361375401,-70.10558499999999,4.508624401386191,0.3188078888043314,-6.805035,3.3558603179773443,0.23729515875566237,0.587028924,0.13051849185171205,0.009229051065858673,-61.451746076,6.556790366767894,0.46363509311602075
R:A:ASN:387,13.927649999999998,2.807703304749275,0.1985346046348092,-9.319535,1.0273397581983286,0.07264389096045862,-77.87052,2.37305759508698,0.16780051176322439,-2.727615,1.3417782628940595,0.09487805085410955,0.096335424,0.043068374361754404,0.0030453939565877382,-75.893684576,4.046263828214883,0.28611405914005833
R:A:CYS:388,92.79529000000001,2.015853143435801,0.14254234275996727,-7.28775,0.7429578369598103,0.05253505246499712,-82.60465499999998,1.8711231749874189,0.13230838854689067,-2.59034,1.271903618361077,0.0899371673558824,0.092623716,0.04975918364918122,0.003518505618464282,0.40516871600000054,3.120411346302348,0.22064640230618343
R:A:GLU:389,97.98266500000001,3.123696443762581,0.2208786937752824,-6.39609,1.1565476608856204,0.08178026937776618,-84.977265,14.278419434054141,1.009636720644547,-61.213969999999996,13.59395357646553,0.9612376757053896,0.5897846520000001,0.1264279032830352,0.008939802774263116,-54.014875348000004,19.994496776695293,1.4138244257213808
R:A:LEU:390,69.12935999999999,3.878241740840815,0.2742331034029261,-8.902995,1.0042998182689271,0.07101472118423757,-71.265745,2.787816034098197,0.19712836224114225,-1.77897,1.0212155987351546,0.0722108474919108,0.37562608799999997,0.1065000659701817,0.007530691884433015,-12.442723912000002,4.987536358614506,0.3526720780590777
R:A:PHE:391,98.732595,3.043940283739975,0.215239081615944,-13.152505000000001,1.003896438869568,0.07098619795336979,-80.12825,2.5330547008503395,0.17911401560877366,-2.7780899999999997,1.3217158665537763,0.0934594252042029,0.212431824,0.09751468844413247,0.006895329746413953,2.8861818240000003,4.294902626930249,0.30369547720382956
R:A:GLU:392,96.55804,3.179026171392743,0.22479109633613162,-5.570455000000001,0.9433161654371244,0.06670252573834817,-71.37895,16.985940176142737,1.201087348337955,-75.015985,16.83518933736045,1.1904276543007033,0.9386675639999998,0.14205863348415085,0.010045062306273741,-54.468682436,24.144605963527287,1.7072814605887299
R:A:GLN:393,28.199130000000004,2.9154848521472374,0.20615591093999705,-5.578809999999999,0.8035232379340376,0.056817673038412966,-66.083585,3.898512593640682,0.2756664691504482,-12.348889999999999,3.5060463071528307,0.24791491189418197,1.049587632,0.0835968540657014,0.005911190239571967,-54.762567368,6.053383442479477,0.4280388481299605
R:A:LEU:394,68.188835,3.536152492155139,0.25004374065126084,-7.366140000000001,1.1741333486448633,0.08302376528440517,-73.09890999999999,2.81017019091371,0.1987090398283379,-0.861845,1.6330059433373167,0.11547095762517516,0.47006568000000004,0.1072473508334523,0.007583532903862685,-12.667994319999998,4.945526309232497,0.34970151897947765
R:A:GLY:395,83.01691500000001,1.8881404152697432,0.13351168914696193,-3.9565750000000004,0.6048871087855981,0.04277197764746213,-84.59352999999999,1.8384903233631666,0.13000089747959437,-0.277995,1.2982438965675902,0.09179970628969898,0.21063978,0.035281884652059045,0.0024948059890512525,-5.600545219999999,2.9996151982562034,0.21210482476371914
R:A:GLU:396,93.20084999999999,2.861622361091694,0.20234725767229958,-6.399055000000001,1.1155763272743824,0.0788831585946899,-116.23144500000001,13.315911268365188,0.9415771155539385,-25.57357,12.078476172311637,0.8540772407841692,0.46228510799999994,0.12701515869310537,0.008981328002538026,-54.540934892,18.238766555940337,1.2896755512183824
R:A:TYR:397,96.94002,3.1110730784730856,0.2199860870555227,-12.299905,0.9803190837553863,0.06931902718500167,-82.472955,1.913153758320277,0.1352803995960797,-8.007895,1.014392411236894,0.07172837527697808,0.48306088799999997,0.09333368918372967,0.006599688453497277,-5.357674112,3.916332678675504,0.2769265394473925
R:A:LYS:398,125.80222499999999,3.5374647834819504,0.2501365336608689,-8.38855,0.6161932793369301,0.043571444634071976,-91.46618999999998,7.466040450861489,0.5279287831417228,-38.192789999999995,7.299221107481263,0.5161328742479983,0.948850164,0.08931581507791497,0.006315581850879736,-11.296454835999999,11.041816759777262,0.7807743507457774
R:A:PHE:399,96.89658000000001,3.024408111283926,0.21385794845644623,-14.684924999999998,1.059769927566828,0.07493705022800803,-81.159995,1.793414390199599,0.12681354767876732,-0.57488,0.8081381290348822,0.057143995117597435,0.018988056,0.02194195663114992,0.0015515306326387241,0.4957680560000011,3.7603271909517137,0.2658952856202118
R:A:GLN:400,28.748215000000002,2.7463570231808903,0.19419676746505077,-11.53237,1.1267220700332448,0.07967128162330514,-76.65171000000001,2.1384319923485995,0.1512099762895954,-2.1939949999999997,1.2821208113805032,0.09065963200275522,0.054462816,0.03533767924069355,0.0024987512622489496,-61.575397183999996,3.876848389391068,0.2741345785770569
R:A:ASN:401,11.742059999999999,2.653591256467356,0.1876372371945398,-9.739065,0.8984650025320965,0.0635310695949234,-72.153435,2.5627790649556585,0.18121584555130657,-7.61615,1.5735310125637818,0.11126544493911845,0.19760155199999999,0.04988393024635585,0.0035273265349434948,-77.568988448,4.110366249733327,0.2906467848346754
R:A:ALA:402,93.344355,2.2691704891821147,0.16045458405690685,-6.525684999999999,0.5462479434972731,0.03862556250561279,-79.51628,1.3397390236908082,0.09473385486720151,-0.32065,0.8907113435339196,0.0629828031092615,0.13259271600000003,0.08209859976711505,0.005805247662124736,7.114332716,2.835935304962671,0.20053090851454444
R:A:LEU:403,75.91365,3.875987840215704,0.27407372856131246,-9.974635000000001,1.0137327121953794,0.07168172751039835,-78.852785,3.2522655839852623,0.2299699048655606,1.013825,0.6532223774297693,0.046189797270338825,0.167319936,0.07995199365416665,0.005653459688224506,-11.732625064,5.202043730469235,0.36784003978437607
R:A:LEU:404,83.34357,4.279798502862021,0.30262745434857685,-11.126,1.0681369809158374,0.07552869024417146,-88.88718499999999,3.339294760989961,0.23612379698767128,-1.081095,0.6196273847845978,0.04381427255900752,0.001135512,0.0022710100699591803,0.0001605846620611072,-17.749574487999997,5.567084029304456,0.3936522868556509
R:A:VAL:405,66.860355,2.8679328616575037,0.20279347744657614,-9.563545,0.7923746007886674,0.056029345345765015,-63.29974,1.710155566724852,0.1209262598115066,-2.1253550000000003,0.9299742087687163,0.06575910693489533,0.047992212,0.03666635462763998,0.0025927027998594978,-8.080292788000001,3.555801586124664,0.25143314141026313
R:A:ARG:406,-196.22091,4.189880194217969,0.2962692697690735,-9.338685,1.2142716029682157,0.08586196846610844,46.288630000000005,20.04318446662356,1.4172671652922395,-14.769200000000001,16.01004438907026,1.1320810954609217,0.7097648759999999,0.1538240582415034,0.010877003469220147,-173.330400124,26.021221691374695,1.839978231272953
R:A:TYR:407,95.195405,3.4101682877792117,0.24113531212759984,-13.837345000000001,1.0309150333441646,0.07289670109048145,-93.442685,1.6933088512657701,0.1197350171373229,-5.429135,1.2877872210792436,0.09106030767505127,0.10437425999999998,0.06248114403886984,0.004418084064617829,-17.40938574,4.149894967690196,0.2934418872865666
R:A:THR:408,55.07562,2.8423230526454937,0.20098259048484768,-9.71529,0.9820184651522597,0.06943919159595681,-58.11685000000001,1.9505131651696177,0.13792210858850731,-2.8049850000000003,0.8805778186934986,0.0622662546960631,0.0008363520000000001,0.002439038171922695,0.00017246604309393779,-15.560668648,3.6909464169345783,0.260989324041063
R:A:LYS:409,133.163805,3.3176587523395167,0.23459390014421727,-10.896579999999998,1.0227652631958126,0.07232042531678032,-109.29373,8.264972423855992,0.5844218047228388,-17.326735,7.55307695345248,0.5340831932610078,0.237625452,0.07335324126017402,0.00518685743170819,-4.115614548,11.722501000659092,0.8289059950032133
R:A:LYS:410,137.60371999999998,3.18854197112097,0.22546396498775587,-12.055434999999997,1.194258998615878,0.0844468636414343,-132.82747,11.195970484915543,0.7916746651848219,-3.5655799999999997,9.981233474556138,0.7057797874464811,0.140645988,0.06374015859614922,0.004507109837724312,-10.704119012000001,15.380893798407582,1.0875934305564117
R:A:VAL:411,65.30084,2.716687386211376,0.1920988073154021,-8.086535,0.9749907942001299,0.06894226021733695,-62.257999999999996,1.4928276893198353,0.10555885822611001,0.38372500000000004,0.4423996602338207,0.031282379974595924,0.007531235999999999,0.010061931850867605,0.0007114860243585393,-4.652438763999999,3.2795351217851856,0.23189815237537545
R:A:PRO:412,77.94450499999999,2.7114253963505983,0.19172672844409303,-9.19115,0.7973326015534545,0.056379928941955926,-58.83502000000001,1.9131542174116547,0.13528043205874235,1.064105,0.9560792404267546,0.06760501142574417,0.015012936,0.013384398442152862,0.0009464198900548951,10.997452936,3.54429015081605,0.250619160013472
R:A:GLN:413,36.420245,3.236956869495638,0.22888741528287437,-6.818250000000001,1.0680668974834864,0.07552373459714502,-77.79408500000001,5.487023137164177,0.3879911268816273,-9.078845000000001,3.980950966914187,0.2814957424276165,0.6955005599999999,0.14122345097664762,0.009986005984815348,-56.57543444,7.589070710194415,0.5366283362082679
R:A:VAL:414,60.33539,3.4144148939313155,0.24143559252831795,-7.257029999999999,0.9496082819247103,0.06714744556198694,-68.210065,2.0542352301464892,0.14525636613888906,0.32278,0.6387760652998826,0.04516828874332079,0.04915378799999999,0.02786776845007608,0.001970548804758532,-14.759771212,4.145923155570226,0.2931610377582036
R:A:SER:415,76.80218,6.6383460769682685,0.46940195268873774,-5.03845,0.7334369553683534,0.051861824471377785,-68.65841499999999,5.530485006107059,0.39106434510688265,-5.710495000000001,1.0598713129314332,0.07494421925589058,0.51167196,0.050745356977709793,0.003588238603267068,-2.0935080399999997,8.736002237814779,0.6177286422819684
R:A:THR:416,46.768815,3.247900643611963,0.2296612569718171,-6.65413,1.1863961366676814,0.08389087534112395,-54.29233,3.454666681620674,0.24428182373132062,1.822375,1.204909666479193,0.08519997958846587,0.076122072,0.02762094717404919,0.0019530959049565589,-12.279147928000002,5.034251333224513,0.3559753255920471
R:A:PRO:417,87.18273,2.3326603111254753,0.16494399242015453,-6.08326,0.631837528483391,0.044677660099875414,-64.06979,1.5846992635512895,0.11205515953984446,-3.5500950000000002,0.9977147918994685,0.07054908950422392,0.637026192,0.07661692651578197,0.0054176348292980835,14.116611192,3.05828375151877,0.21625331794915567
R:A:THR:418,37.613820000000004,2.997196993459055,0.21193383186268303,-7.74708,0.7429719736302306,0.05253605207854888,-46.480195,2.6550123647499273,0.18773772472488048,-2.49974,1.2754677151539353,0.09018918705698595,0.17939743200000002,0.04944812710940401,0.0034965105996033925,-18.933797568,4.267733688721642,0.30177434315933516
R:A:LEU:419,72.09094999999999,3.8810746871839514,0.27443342295992307,-12.30699,1.0943680184928652,0.077383504698999,-76.894395,2.213182604073826,0.15649564273447042,0.615665,0.5486747331297478,0.03879716244617639,0.001253196,0.0032488954046543264,0.00022973159719968865,-16.493516804000002,4.632452249561927,0.32756383991881155
R:A:VAL:420,51.951875,2.7930111885517035,0.19749571513548084,-9.9649,0.7910783336686703,0.05593768541868711,-61.71168500000001,1.5559011555285251,0.11001882579302052,1.4990450000000002,0.7551755974440647,0.05339897859393005,0.04706737199999999,0.01875606724148791,0.0013262542334846964,-18.178597628,3.3790807637852285,0.23893709222495532
R:A:GLU:421,98.73135,2.8979579392220307,0.20491657104172906,-7.735815,1.1663291948566668,0.08247192827789952,-100.9094,11.742123695056188,0.8302935290305471,-48.21752000000001,10.313793709862535,0.7292953472002958,0.453733524,0.09587689543684977,0.006779520292251003,-57.677651476,15.937988767311689,1.1269859935841118
R:A:VAL:422,55.4625,3.6556347602023918,0.258492412848037,-9.30711,1.0249504075319937,0.07247493835457881,-62.581745,3.2435667774804635,0.2293548063587833,1.30329,0.5235591617954938,0.037021223365793846,0.011525256,0.015338586368556393,0.0010846018435021767,-15.111539744,5.0208827656107236,0.35503002511060094
R:A:SER:423,85.49158,2.669513540628704,0.18876311270478666,-8.53996,0.7458885093631621,0.05274228229798175,-76.34655000000001,1.9915708693139695,0.14082532669054953,1.1189049999999998,0.7541840796350715,0.05332886769728942,0.000929052,0.002122802678087627,0.00015010481687967246,1.7249040519999994,3.4953976700464584,0.2471619395433509
R:A:ARG:424,-199.07963,4.4262547885430195,0.3129834776238197,-12.322635,1.0027569654582311,0.07090562501575598,52.11706,9.381290179735407,0.6633573902369672,-11.94768,7.513938060537897,0.5313156556022042,0.358732404,0.09153677625096475,0.006472627521501289,-170.874152596,12.848093344161281,0.9084973928974188
R:A:ASN:425,13.946505,3.3128138960670577,0.2342513170718043,-8.326459999999999,1.1187161518454982,0.07910517771928711,-84.573355,3.462767944719224,0.24485466953863672,-2.7578300000000002,1.8776476669226312,0.13276973979600923,0.12634624800000002,0.07350668608519972,0.0051977076193395555,-81.584793752,5.267635861688736,0.37247810386215474
R:A:LEU:426,72.18342000000001,3.2372500326048343,0.22890814504512502,-10.749740000000001,1.027636867964555,0.07266489979350416,-76.096705,1.6464683470917385,0.11642289332375745,-0.7938249999999999,1.009171835900606,0.07135922485477963,0.053786231999999996,0.04352288485751577,0.0030775327019550705,-15.403063767999999,3.9073015445261357,0.27628794182751015
R:A:GLY:427,88.742595,1.8785269417751236,0.13283191391708166,-5.339765,0.6558778466871709,0.046377567302252926,-81.24764,1.732444417694259,0.12250231957803902,-1.1505699999999999,0.9705845120853722,0.06863068902102032,0.004545972,0.009123634335110981,0.0006451383707423392,1.0091659720000006,2.811142190810255,0.19877777060015386
R:A:LYS:428,137.08688999999998,3.3634367643676613,0.23783089441765132,-7.82076,1.2441741768739616,0.08797639974447692,-131.560045,11.966785351253485,0.846179507087518,-7.89783,10.83865623041436,0.7664087319475816,0.62608194,0.09410941909842394,0.006654540841802235,-9.56566306,16.53934561453802,1.169508344042782
R:A:VAL:429,49.77814,2.7133672863068132,0.1918640407997288,-9.99312,0.8145546977336758,0.05759771504148407,-59.81429,1.8402683950717622,0.13012662613585274,0.16945,0.6297471615656556,0.04452984883760554,0.004648248000000001,0.008077798379416017,0.000571186601114277,-19.855171752,3.4364365104315047,0.24299275596431527
R:A:GLY:430,78.15389,2.3414379936056395,0.16556466830063718,-5.039355,0.6768652369379002,0.04786159989882285,-75.56083000000001,1.8805286493696398,0.13297345601848515,-1.8359649999999998,0.9123087710720532,0.06450997185610144,0.004425012,0.009042359357416404,0.0006393913619554771,-4.277834987999999,3.210802934783253,0.22703805282389064
R:A:SER:431,84.34953000000002,4.783114543798841,0.338217272911216,-5.12072,0.8089250222363009,0.05719963686947671,-70.36238499999999,5.691985427491448,0.40248414941942123,-6.5019849999999995,2.2474782434486436,0.1589207106511766,0.410410296,0.10978906581297239,0.007763259293648893,2.7748502960000003,7.809894661979897,0.5522429475838604
R:A:LYS:432,118.25702000000001,3.48253171839109,0.24625217937715796,-7.442404999999999,1.1793719180033921,0.08339418807611834,-106.35709999999999,5.78035592762245,0.4087328874093691,-12.281624999999998,5.445973467101634,0.3850884768749579,0.883113372,0.10450894878400804,0.007389898637984968,-6.940996627999999,8.752200241386502,0.6188740140986934
R:A:CYS:433,80.59598499999998,2.245764189485397,0.15879950873310347,-8.15783,0.724702118873679,0.051244178259583786,-74.86785,1.515181849647098,0.10713953606162388,-0.9786100000000001,0.6603772920838511,0.04669572613741005,0.001458036,0.002816585060583827,0.00019916263961275468,-3.406846964,2.8810644030334354,0.20372201764201145
R:A:CYS:434,98.78922,2.647535667672865,0.18720904240447364,-7.367240000000001,0.8011864841595868,0.05665243959442522,-79.90354,2.278326370035689,0.1611020026008367,-3.31211,1.4777393707619757,0.10449195298921347,0.07178180399999999,0.050825715348480675,0.003593920798156787,8.278111804,3.876649693181045,0.27412052863330655
R:A:LYS:435,130.628915,3.0189920864048325,0.21347497766453805,-5.1811300000000005,1.1964068133791281,0.08459873707981697,-118.97636,14.90829430352111,1.0541755997944555,-16.223059999999997,12.936184073613052,0.9147263481129205,1.2338203679999997,0.17297830513363394,0.012231413255814835,-8.517814632,20.004442541638642,1.4145276975049337
R:A:HIS:436,122.83266500000002,3.396446886494032,0.2401650625379866,-8.425080000000001,1.0520751511180177,0.0743929473673412,-92.57933500000001,3.072395834324575,0.21725119289402073,-7.11056,1.5622732175903165,0.11046939862242394,0.4765991399999999,0.08579160858325248,0.006066382819811984,15.19428914,4.952816122737983,0.35021698663580914
R:A:PRO:437,80.95042,2.3521356409867185,0.16632110620122753,-4.630325,0.7538992501488512,0.053308727211170595,-62.766735,1.9248095736396886,0.1361045902013411,-0.85262,1.2271034209063227,0.0867693150140071,0.661036752,0.06043550566922805,0.004273435588314919,13.361776752,3.363812316954603,0.23785744999574318
R:A:GLU:438,86.148665,3.033072333917376,0.2144706015142285,-5.067125000000001,0.822564896755873,0.05816412164620901,-44.119274999999995,7.316379013513105,0.5173461214186059,-92.12504499999999,7.234651800396132,0.5115671347583569,1.011990996,0.1016930629016079,0.007190785437735707,-54.150789003999996,10.758999526607587,0.760776152404708
R:A:ALA:439,96.699985,2.1524857873572585,0.15220372966479823,-3.8835,0.6566255477819912,0.046430437753697734,-73.012275,2.2033155968619207,0.15579793996351496,-5.79529,1.7866183464579108,0.12633299481726853,0.5153441759999999,0.10113714333247614,0.00715147598802297,14.524264175999999,3.622317715470504,0.25613654202213565
R:A:LYS:440,143.997195,3.610145899679816,0.2552758646736407,-7.611015,1.0936166580548232,0.07733037549291352,-153.059245,15.410760746471116,1.0897053427073187,12.992275,14.362970400281935,1.0156153768021017,0.8154165239999999,0.13555738284415136,0.00958535446490004,-2.865373476,21.40172871802985,1.5133307505633784
R:A:ARG:441,-186.59006000000002,3.998173107357909,0.28271353165704677,-13.025685,1.0703487496022033,0.07568508590782598,7.58664,9.662061100531295,0.6832108924424435,15.24689,8.558466051104018,0.6051749381290504,0.528571404,0.08293818923145106,0.005864615602489214,-176.25364359599996,13.55509790609083,0.9584901649044397
R:A:MET:442,97.77153,2.716098967103371,0.1920571998012571,-9.833385,1.119269961526262,0.0791443379773626,-75.65147,2.048692809842412,0.14486445784076918,-0.511745,1.461408392604545,0.1033371784493606,0.217484784,0.15867078909379553,0.01121971909444433,11.992414784000003,3.871432807664579,0.2737516391207699
R:A:PRO:443,78.396975,2.4522304916901674,0.1733988809706539,-8.794345,0.7775490055134788,0.05498101745034371,-55.32023,1.81357335862104,0.12823900200601998,-2.98272,1.1541061873155347,0.08160763112601664,0.15643123199999998,0.06426361758008162,0.004544123977445474,11.456111232000001,3.3530815784281893,0.2370986721978265
R:A:CYS:444,77.402585,2.400008525562982,0.16970623033311122,-7.423625,0.5418302818918485,0.038313186657794464,-65.396565,1.3381109542093286,0.0946187329701418,-1.65417,0.7859729836960047,0.05557668266008686,0.186866748,0.037910630010493045,0.0026806863559473864,3.1150917479999998,2.9091841897502455,0.20571038682930903
R:A:ALA:445,94.08814000000001,2.008909069719184,0.14205132259855935,-7.953969999999999,0.6482783731546194,0.04584020337542145,-82.991375,1.1516124453890728,0.0814312969433436,-0.16598,0.5092054885800035,0.036006265399232955,0.005552604,0.007141430173178478,0.0005049753702824723,2.9823676040000002,2.4579530006694426,0.17380352346111855
R:A:GLU:446,102.53139999999999,2.6254058219635303,0.1856442260077054,-9.270545,1.4220262297071036,0.1005524390051032,-127.468655,5.052923624593489,0.3572956559767764,-35.807880000000004,4.316624597483547,0.3052314524717267,0.001106532,0.0030040066703281468,0.0002124153487318654,-70.014573468,7.285616543821536,0.5151708863261105
R:A:ASP:447,101.51267,2.743142001628789,0.1939694311109356,-8.456990000000001,0.5734785609767815,0.040551057933178515,-84.21144499999998,6.432467691094531,0.4548441524136317,-73.27168999999999,5.919718915109061,0.4185873387591889,0.4849281,0.046963254389034835,0.003320803564507542,-63.94252689999999,9.18017559086632,0.6491364412784795
R:A:TYR:448,88.19393500000002,3.056679016641263,0.21613984605776648,-13.230769999999998,0.9353943430981394,0.06614236830882304,-83.913185,1.4802165080740723,0.10466711304834485,-4.05227,0.8507226146635576,0.060155172973735176,0.321874308,0.031924488509799745,0.002257402231119142,-12.680415691999999,3.624091367324589,0.25626195814748437
R:A:LEU:449,72.666655,2.914386976016569,0.20607827937430717,-10.967825,0.987303283887479,0.06981288471245833,-77.521355,1.534195658635169,0.10848401538878896,0.01445499999999999,0.5839946386526164,0.041294656916785244,0.078584256,0.03535717856135107,0.002500130072435496,-15.729485743999998,3.4877608013417176,0.24662193137853555
R:A:SER:450,87.59608,2.7935969633431372,0.19753713566820794,-7.6910750000000005,0.6661320585101727,0.04710264957382971,-86.11093500000001,1.819539851384135,0.12866089675528847,1.5063050000000002,0.7193839808996305,0.05086812911711025,0.06977336399999999,0.022245176477113056,0.0015729715135658115,-4.629851636,3.475147384443068,0.24573002811623873
R:A:VAL:451,58.685045,3.2304935370582317,0.2284303886633191,-8.661405,0.7665187805755316,0.054201062765180164,-61.32014,2.4451586840939386,0.1728988286599999,0.63188,0.5885778245907672,0.04161873710241578,0.19417248,0.04139316891538506,0.0029269390434868985,-10.47044752,4.16540247447745,0.29453843360742293
R:A:VAL:452,43.67254500000001,2.8052067531600944,0.19835807177898002,-8.576745,0.812648361823858,0.057462916736578905,-45.337225,1.317566277033152,0.0931660049152855,-1.3413599999999999,0.5415162512796823,0.03829098134025818,0.089166168,0.02924654201788266,0.002068042818710212,-11.493618832000003,3.2495628002771397,0.2297787891967512
R:A:LEU:453,61.356480000000005,3.7544275648359497,0.26547811905691965,-9.906385,1.0362675652431663,0.0732751822507116,-65.61300999999999,2.5303253268898054,0.1789210197251849,-0.300385,0.4327056583579651,0.03059691052827066,0.035234568,0.018819471897302962,0.0013307376196932585,-14.428065432,4.6647305844574225,0.32984626286781304
R:A:ASN:454,31.238110000000002,2.8206766879420977,0.19945196135786683,-9.560640000000001,0.8618644211243437,0.06094301766404417,-97.02951999999999,2.422284634307042,0.17128138908824858,-1.4755250000000002,0.8556111145695806,0.060500842117073045,0.026952119999999996,0.012381435796740213,0.0008754997212700868,-76.80062288,3.911357026305243,0.27657470769420867
R:A:GLN:455,32.945795,2.695818672124481,0.19062316639085344,-8.847575,1.0938779933680904,0.077348854690131,-79.59544000000001,5.379119192432903,0.38036116577800105,-2.867975,2.67652941033253,0.18925920960913634,0.142472232,0.05134114700677981,0.003630367320238942,-58.222722768000004,6.675730391612664,0.4720454229282441
R:A:LEU:456,67.65812,4.665906728129057,0.3299294287843993,-10.286835000000002,1.0367696068920038,0.07331068195614471,-70.57374,3.72585085616695,0.26345744060853543,-2.91913,0.5941432765756085,0.04201227398630072,0.016591752,0.01785748100746844,0.0012627145915290914,-16.104993248,6.089406090786105,0.430586034019352
R:A:CYS:457,98.72006499999999,2.1470652204288068,0.15182043770149986,-8.699515,0.6179488245599307,0.04369558042725832,-84.36388500000001,1.5291983330408785,0.10813065110723696,-3.1640800000000002,0.7418165430886535,0.052454350801434964,0.043316891999999996,0.01552167227880862,0.0010975479723700828,2.5359018919999987,2.8072638027508807,0.19850352715046823
R:A:VAL:458,55.145645,3.086974508960999,0.2182820608636335,-9.522055,0.7472514248731815,0.05283865497791366,-52.548894999999995,1.949463983759382,0.13784792025952006,-4.26934,0.7975854715326752,0.05639780954966247,0.092795724,0.022232376068873606,0.0015720663880190045,-11.101849276000001,3.811147202335626,0.269488803087166
R:A:LEU:459,67.79824,4.214579918853124,0.2980158040473693,-9.250975,0.9751529030746923,0.0689537230457863,-66.72274,3.5480741511980836,0.25088672924648686,-5.044675,0.7081781974722182,0.05007576057210714,0.22855176,0.07025329009449166,0.004967657782648076,-12.991598239999998,5.639936980438621,0.3988037684332929
R:A:HIS:460,110.87666999999999,2.7173152469119226,0.1921432037713018,-13.375734999999999,0.9725996323128032,0.06877317953879258,-92.644155,1.5718276276281058,0.1111449974352197,-6.618469999999999,1.1329627659813009,0.08011256546572454,0.07314897599999999,0.03429102559242322,0.0024247416730243903,-1.6885410240000005,3.4763737990017964,0.24581674872134102
R:A:GLU:461,104.13608500000001,3.0454812949310655,0.21534804756225442,-5.82097,1.130288728201781,0.07992348244101978,-62.679905,10.766163435782266,0.76128271728043,-88.15487499999999,9.455172989923293,0.6685816938466644,0.6878099879999999,0.10402023200130951,0.007355341142872387,-51.831855012,14.692647839340959,1.0389270920783866
R:A:LYS:462,134.184375,2.8722818845606017,0.20310099980520777,-6.112805000000001,1.1322236249853648,0.08006030030467659,-187.7056,7.1584882726732175,0.5061815600651607,45.766245,7.020566992414145,0.49642905281104865,0.842892516,0.11281326920631696,0.007977102766361025,-13.024892483999997,10.491757509589801,0.7418792881595833
R:A:THR:463,54.86599999999999,4.208869737827484,0.2976120332748661,-4.37522,0.817052936840692,0.05777436722284372,-59.354564999999994,4.481773363945906,0.31690923373873947,-3.95195,2.4172363077489964,0.17092441849396475,0.656971992,0.07186292240447736,0.0050814759748088615,-12.158763008000001,6.657075041224299,0.47072629045174175
R:A:PRO:464,87.46811,2.7616429689407713,0.19527764705541695,-5.358685,0.5739626693217948,0.04058528956253731,-59.09982,1.2967977859327182,0.09169745082607259,-6.211385,0.9016023551294661,0.06375291392458073,0.7666729560000001,0.05827925995652024,0.004120965991778907,17.564892955999998,3.2332758636081573,0.22862712886041187
R:A:VAL:465,50.892574999999994,3.10143052709149,0.2193042557085361,-7.530330000000001,0.9376403794099313,0.06630118705950896,-49.510145,1.7393351413614917,0.12298956732127729,-5.568085,1.1238354762931273,0.07946716862248837,0.135395892,0.06514030314730455,0.004606115008400646,-11.580589108,3.8458519168474385,0.2719427969842106
R:A:SER:466,62.934695000000005,3.4093489073392003,0.24107737318104946,-6.62813,0.6439618335740093,0.04553497793455049,-62.093610000000005,3.1837764977931475,0.22512699513718917,-0.7985499999999999,1.3875754348863343,0.09811639994159997,0.147510288,0.051863598807829134,0.003667310241375452,-6.438084712,4.909463822390008,0.3471515160802003
R:A:ASP:467,89.49523500000001,6.165742839251001,0.43598385726867794,-4.94277,0.8257290215924351,0.058387859059054394,-59.55477,17.666083283996485,1.2491807287120227,-82.88664,13.977210338991112,0.9883380212771338,0.755792352,0.10853001991476136,0.00767423130440388,-57.13315264799999,23.370128356506683,1.65251762380859
R:A:ARG:468,-178.77991499999996,4.213954960340108,0.2979716128071179,-8.907684999999999,1.6059936194689568,0.1135608978868827,-10.979365,15.048625791140365,1.0640985344454126,26.998215000000002,12.131162296695852,0.8578027123668208,0.671224788,0.21022445725430866,0.014865113929578315,-170.997525212,19.849611157564972,1.4035794653430347
R:A:VAL:469,62.245505,2.8574449023515744,0.20205186673197303,-9.625845,0.9317044708355756,0.06588145493896594,-74.17885,1.9670265472280748,0.13908978103189323,1.03212,0.5701685940140863,0.040317007924695995,0.006480972000000001,0.011349429123934647,0.0008025258296130286,-20.520589028,3.636960140500778,0.25717191782532783
R:A:THR:470,48.68029500000001,3.3983485015482153,0.24029952702798854,-7.659020000000001,0.9981839457735233,0.07058226369280034,-58.777805,3.0007965120905813,0.21218835626601895,-0.38344500000000004,1.1386257493026406,0.0805129988565511,0.34697440799999996,0.0648624374546373,0.004586466936846233,-17.793000592,4.780230032887283,0.33801330718861905
R:A:LYS:471,115.35501500000001,3.5506198507830993,0.2510667373904297,-7.614870000000001,1.0533481965143339,0.07448296527059055,-132.24173499999998,15.512121684178956,1.0968726433473828,11.356095,13.397086901113056,0.9473170995922512,0.967828464,0.09151126170403676,0.0064708233705861205,-12.177666536000002,20.828650331686006,1.4728079892498607
R:A:CYS:472,80.03694999999999,2.3972408739006603,0.16951052780727222,-8.55582,0.7925191465195021,0.056039566272411495,-75.678195,1.416646500357446,0.10017203469469409,0.88322,0.6385547287429638,0.04515263788528861,0.010558836,0.014350754608796847,0.001014751589902435,-3.3032861639999997,2.9647421132086413,0.20963892527191652
R:A:CYS:473,99.42138500000001,2.4548704826884453,0.17358555652436927,-7.9444550000000005,0.7328273384467858,0.051818718045461135,-89.55682,1.8239217191535388,0.12897074159668928,0.95738,1.064526704972684,0.07527340518403561,0.040247136,0.022993298621413676,0.0016258717377048905,2.917737136000001,3.320220057425636,0.23477501176372556
R:A:THR:474,41.855025,3.0244664594561135,0.2138620742952686,-5.935105,0.7651487332375321,0.054104185788855556,-51.73179999999999,2.9513118269677974,0.2086892606244988,-3.894815,1.694035844005374,0.11978642328692762,0.52820784,0.10628100003597256,0.007515201583672389,-19.17848716,4.617807330334782,0.3265282877492672
R:A:GLU:475,90.66910000000001,3.014983918696748,0.2131915574078861,-5.377205,0.9942943492623298,0.07030722768588589,-54.055215,16.324981310518396,1.1543504987411208,-86.73542000000002,15.92080271260215,1.125770756001416,0.864483372,0.09692226254491182,0.006853438909345007,-54.634256628,23.023143074096698,1.627982059192187
R:A:SER:476,65.085405,3.706476054283233,0.2620874352289232,-6.4410050000000005,0.8985171534116642,0.06353475721898211,-57.837374999999994,3.7815560467055094,0.2673963924062458,-2.9998699999999996,1.249571651847144,0.08835805885995912,0.12200328,0.0337686500048314,0.0023878041409931424,-2.0708417199999993,5.514347974615689,0.38992328466730575
R:A:LEU:477,73.21898999999999,4.125165691205627,0.291693263376959,-9.121295,1.0096384293275489,0.07139221799240446,-68.99845499999999,2.8685236268810823,0.20283525085614432,-3.1784950000000003,0.8004535026939416,0.056600609977941044,0.19435445999999998,0.05436020276753574,0.003843846800360025,-7.88490054,5.187337503717097,0.36680015251816567
R:A:VAL:478,47.317095,2.8238653023781075,0.19967743044689604,-7.3169450000000005,0.9764565540642348,0.06904590509128691,-53.58764000000001,2.24593413313926,0.1588115255641101,-0.7797799999999999,0.9391491743061908,0.06640787496976544,0.18205894799999997,0.04995651690785994,0.003532459187000818,-14.185211052,3.8544000315913713,0.2725472399743902
R:A:ASN:479,28.521810000000002,7.0050366497185435,0.49533089174762757,-7.817575000000001,0.78409602369544,0.05544396154564534,-82.40584000000001,5.455774874790931,0.38578154105918544,-7.50339,2.3463697615465473,0.1659133969560626,0.41935586399999997,0.08131544497252108,0.005749870255527121,-68.785639136,9.217531544950962,0.6517779061235739
R:A:ARG:480,-171.66059,4.403061269378386,0.31134344815573045,-13.90857,0.9719887114056418,0.06872998090717035,1.295465,5.897039628387705,0.4169836710158744,21.109785000000002,4.4334701012609745,0.31349367727894445,0.138269808,0.03188641728678743,0.0022547101891231343,-163.025640192,8.646586659379377,0.6114060060964294
R:A:ARG:481,-173.32806,3.742951317663644,0.2646666258371086,-11.442784999999999,1.7516247168771626,0.1238585715397808,-14.753135,9.756065015505738,0.6898579730160947,32.6003,6.101731657488717,0.4314575831990904,0.051738587999999995,0.03616615307400907,0.002557333208806251,-166.871941412,12.226655941531117,0.8645551327491444
R:A:PRO:482,82.95032499999999,2.405491172167339,0.17009391199239024,-9.534265,0.788902100881345,0.05578380252255129,-60.60277,1.5458036120736685,0.10930482164799503,-3.8634399999999998,0.9973768527492504,0.07052519359774916,0.15893449199999998,0.046763627388691054,0.0033066878039424404,9.108784492000002,3.1297301056954647,0.22130533810209532
R:A:CYS:483,80.72301000000002,2.120232654663162,0.14992308878054772,-7.34053,0.5854098129515767,0.04139472485112082,-67.75059,1.6654807329717147,0.1177672720219841,-3.31005,1.223574079285762,0.08651975287470486,0.148425516,0.05034257855081466,0.003559757867569748,2.470265515999999,3.018540232233976,0.21344302674970603
R:A:PHE:484,104.99778999999998,3.2399214258836584,0.2290970410753923,-13.354995,0.9631979313593857,0.06810837888890764,-83.49745499999999,2.9703754978074746,0.2100372657170032,-1.4484700000000001,1.690261988302405,0.11951957139104874,0.08303198399999999,0.059021860870804,0.004173475805999445,6.7799019839999985,4.80712397052652,0.33991499575637035
R:A:SER:485,72.15892,2.8156446532898998,0.19909614277529336,-5.6186099999999985,0.6604813001894906,0.04670308062108965,-65.84826,2.9928854559438123,0.21162896012124618,-5.2835149999999995,1.8244146951214244,0.12900560026167468,0.348667632,0.07741786093036009,0.00547426944488147,-4.242797368000001,4.544880220519132,0.321371562360969
R:A:ALA:486,84.06380499999999,2.106489764270171,0.14895131968154898,-3.791485,0.40013976280169905,0.028294153969945803,-68.108045,1.7093888828979202,0.12087204707820165,-4.1421600000000005,1.0294201058848618,0.07279099375609595,0.619430904,0.04751634122556559,0.0033599127097771334,8.641545904,2.9294000865037995,0.20713986659752953
R:A:LEU:487,72.93128,3.806019134423788,0.26912619392768145,-8.093634999999999,1.613521785342547,0.11409321960079398,-75.93524000000001,2.8746615526701573,0.2032692677509318,-2.276595,1.6503275889880167,0.1166957829352672,0.26803432800000004,0.21378236124045316,0.015116695733119656,-13.106155672,5.30303661072857,0.3749813148326697
R:A:GLU:488,104.06945500000002,2.8873567147089743,0.20416695126752274,-5.670545,1.11486393697841,0.07883278499377654,-114.367195,18.195985703087782,1.286650488102684,-38.409575000000004,16.65038148945468,1.1773597660536372,0.658691676,0.1449160443328337,0.010247111765047705,-53.719168324,24.858194836053663,1.7577398136629963
R:A:VAL:489,48.98327999999999,3.854949676921866,0.2725861057684342,-5.78501,0.9315193502552698,0.06586836493719879,-54.19895,4.540111279197901,0.32103434728623664,-2.4358899999999997,1.7480969332105127,0.12360911956445608,0.4382020800000001,0.11902891709649718,0.008416615443622454,-12.99836792,6.2778170178817065,0.4439086984392464
R:A:ASP:490,93.864735,2.9185638856764813,0.20637363148879995,-6.686535,1.1738569839529005,0.08300422334962843,-89.35634,10.792157912780928,0.7631208043763451,-62.86247,9.591859833687105,0.6782469132591021,0.109735272,0.06362465087373302,0.0044989422083443215,-64.93087472799999,14.777498129022002,1.0449269136002977
R:A:GLU:491,102.94478000000001,3.2706118237418513,0.23126717991967644,-3.8083799999999997,0.9517152965041594,0.06729643399170568,-70.61239499999999,10.311985349047728,0.7291674767807975,-83.705195,9.980363234220235,0.7057182521622031,0.9593060760000001,0.13178493743152525,0.009318602291607638,-54.221883924,14.750075359227283,1.0429878309522214
R:A:THR:492,35.66459,4.493760287543162,0.3177568372348579,-3.5362,0.7847196314608167,0.05548805727361519,-48.81121,3.791211287425168,0.26807912102493175,-5.760689999999999,1.188974921476479,0.08407322296367611,0.7533967319999999,0.10148787045253524,0.007176276140516952,-21.690113268,6.0503645013791525,0.4278253767575563
R:A:TYR:493,89.69375,3.4747771147945583,0.24570384609830587,-12.514824999999998,0.8989886174891203,0.06356809476360763,-80.31817000000001,2.2536778232702206,0.15935908714441105,-8.82765,1.6279831840347738,0.11511579490886557,0.25084241999999995,0.07903301081950756,0.005588477788806358,-11.716052579999998,4.540693309096551,0.32107550301505555
R:A:VAL:494,64.030135,3.624686652219058,0.2563040511460461,-3.53954,0.7410962207432986,0.052403416319930896,-55.025864999999996,3.3343635564789573,0.23577510817275643,-3.326435,1.7108442581880445,0.12097495765188347,0.870881256,0.07077052124608992,0.005004231548121681,3.0091762559999995,5.266645403328616,0.3724080678798624
R:A:PRO:495,88.26103499999999,2.737261703559782,0.1935536312469363,-6.0339350000000005,0.6504474465896535,0.045993580028901866,-56.481785,1.9254998464749356,0.1361533998616083,-6.02722,1.5851963984314372,0.11209031228433615,0.501834456,0.055818556952211364,0.003946968013695616,20.219929456000003,3.7602122953664763,0.26588716127546685
R:A:LYS:496,124.60317,2.934010683535424,0.20746588504016758,-6.403995,0.8790259808304871,0.06215652318843935,-143.818085,11.7505842572944,0.8308917811236761,13.2331,12.16591411731975,0.8602600371689945,0.871763904,0.17948084259866506,0.012691212089459144,-11.514046096000001,17.190084800160527,1.2155225531365306
R:A:GLU:497,94.086135,2.436769976172351,0.1723056574343251,-6.238434999999999,0.7701906749467953,0.05446070490615229,-42.62902999999999,8.76401706519904,0.6197095897236866,-106.66794,8.370457294341808,0.5918807114461493,0.784018764,0.057882976855185196,0.004092944544956543,-60.665251235999996,12.38575562761754,0.8758051794407805
R:A:PHE:498,89.01521000000001,3.0209044119104465,0.2136101994978236,-13.903784999999997,0.9264448600834267,0.06550954429604132,-65.42282999999999,1.8444370065415625,0.13042139147969553,-3.649125,1.1244240656331579,0.07950878817385534,0.0048330000000000005,0.005740633044813089,0.0004059240554290913,6.044303,3.8275937415062424,0.2706517490246253
R:A:ASN:499,14.454595,3.418182812690831,0.24170202461889928,-6.874395,0.7793364157890994,0.05510740644300909,-76.445865,4.458892836430922,0.3152913361224424,-7.328539999999999,2.4599444807556123,0.1739443423684714,0.38999296799999994,0.08019123802968361,0.005670376820253384,-75.80421203200001,6.1831077784381,0.43721174389408696
R:A:ALA:500,92.79551500000001,2.1315327254759655,0.15072212445050986,-4.697855000000001,0.4622602989388122,0.032686739205295474,-76.50140499999999,1.4985480709590195,0.10596335029091423,-5.778905,1.144537586090994,0.08093102884478239,0.22036834799999996,0.0660780629872312,0.0046724246425943,6.037718348000001,2.883937457905102,0.20392517330025908
R:A:GLU:501,108.13275000000002,3.2081970852022166,0.22685379143294032,-4.376315,0.6353850059412797,0.04492850463653336,-48.75813,8.11978201512208,0.5741552924649392,-108.17697,8.368036313801463,0.5917095222704295,1.117209204,0.08317292382234968,0.00588121384458956,-52.06145579599999,12.110245748981816,0.8563236890940602
R:A:THR:502,33.95513,4.569111038604774,0.3230849399391745,-5.4176,0.8554239066100503,0.060487604515305445,-45.810095000000004,3.809180243303669,0.2693497180801847,-1.61925,1.7301174895075768,0.1223377809080253,0.516641652,0.13024722208300527,0.009209869396560327,-18.375173348,6.255289820258956,0.4423157850192288
R:A:PHE:503,102.99824000000001,3.5103119950226644,0.24821654157610043,-13.352965,0.7807031085982686,0.05520404621832534,-74.74199999999999,2.1449720091413784,0.15167242531192018,-7.588734999999999,1.098765595918893,0.0776944603808727,0.09277948800000001,0.032076700993067475,0.0022681652790291274,7.407319488000001,4.329088508646664,0.30611278408208137
R:A:THR:504,39.909259999999996,3.3858994731680974,0.23941924778931203,-7.193575000000001,0.6259487314269436,0.04426125926671088,-50.344719999999995,2.6159643521271465,0.18497661327313786,-0.8549000000000001,1.4416711483552689,0.10194154452430078,0.26307583199999995,0.06094347120351265,0.004309354175705088,-18.220859168,4.558675943194179,0.3223470672664584
R:A:PHE:505,90.09926,3.1507595453160175,0.2227923440381199,-11.228179999999998,0.8764630269440918,0.061975294981145505,-61.470274999999994,1.5485170097144556,0.10949668783518064,-4.41125,0.9665059997227126,0.06834229464614135,0.19611601199999998,0.05715460093580442,0.00404144058977183,13.185671012,3.7457680888281284,0.26486580163625434
R:A:HIS:506,109.525015,3.277933395414709,0.23178489321755852,-7.102435000000001,1.0018325986785417,0.07084026241393378,-86.83923,3.823590264018884,0.2703686604166614,-6.387265,2.49929943679724,0.17672715799750474,0.79961436,0.08958417811890669,0.006334557983490245,9.995699360000001,5.711644369828556,0.40387424656317367
R:A:ALA:507,84.32469499999999,2.0255664619989635,0.14322917810235103,-4.860795,0.5741621225533778,0.0405993930357955,-73.97801,1.9724521033221565,0.13947342578247654,-1.5312650000000003,1.2580790256478327,0.08895962103041469,0.32837821199999995,0.0542866182354644,0.0038386435881982164,4.283003212,3.147833986496816,0.22258547579013815
R:A:ASP:508,95.069115,8.355467916387148,0.5908208023663986,-4.91782,1.116526724982434,0.07895036186110864,-61.10791999999999,11.017659284693822,0.7790661593009928,-91.91994999999999,6.3487256475217135,0.4489226957255558,0.632823696,0.06922878625859899,0.004895214421676942,-62.243751304,15.256487214143425,1.0787965566206674
R:A:ILE:509,77.517345,3.2392279027532167,0.2290480015845478,-10.097495000000002,1.0346684058069038,0.07316210460255362,-66.840995,1.9322709915990044,0.13663219212497105,1.140625,0.9002265572482296,0.06365563032344429,0.06647634,0.030301962602201197,0.0021426723239277626,1.7859563400000003,4.013493909829383,0.2837968759891267
R:A:CYS:510,93.66107,1.965427023600724,0.13897667763153645,-6.002465000000001,0.5868501842676715,0.04149657448362455,-85.60681000000001,1.531533272214482,0.10829575623956829,-1.733325,1.060803492346721,0.07501013429447384,0.32897854800000004,0.05669012853441501,0.004008597431302185,0.6474485479999997,2.7715354062005497,0.19597714800230212
R:A:THR:511,38.56072,4.899528779546049,0.346449002463566,-3.900105,0.8670883484253493,0.06131240510594083,-47.084555,4.568391078593754,0.3230340310785769,-5.806229999999999,1.6029347170424628,0.11334460082200652,0.88167402,0.06094525504955738,0.00430948031266857,-17.34849598,6.942660552249625,0.49092023559720505
R:A:LEU:512,67.954575,3.0388313665577105,0.21487782661753402,-8.60894,1.0342984658211576,0.0731359458952983,-72.56469999999999,3.1469925230289313,0.22252597533771196,-2.2748249999999994,1.7110798883672849,0.12099161922164278,0.30681327599999997,0.073768503577767,0.005216220911782313,-15.187076724,4.810516345182719,0.3401548728687427
R:A:SER:513,71.75574,4.5561618784235485,0.3221692960416929,-4.752764999999999,0.9364564857883146,0.0662174731387041,-69.723305,5.4133232114824805,0.3827797551593801,-3.1381349999999997,3.4561374215697787,0.244385820750458,0.48867102,0.06735284450371787,0.004762565308078199,-5.36979398,7.9302618044165305,0.5607541898487595
R:A:GLU:514,99.53101500000001,2.9610101071720436,0.20937503259432577,-5.701524999999999,0.9737493924901828,0.06885447986060893,-95.28356499999998,14.447094669025153,1.0215638608911706,-48.547129999999996,13.461881309204148,0.9518987561266692,0.815743116,0.12224843405973322,0.008644269671307386,-49.185461884,19.991785967558155,1.4136327425690436
R:A:LYS:515,123.540735,3.3210250608471776,0.2348319341015506,-6.438305000000001,0.8409829558171795,0.05946647509206343,-101.815225,8.648175490493644,0.6115183534219353,-28.527555000000003,8.26453082739577,0.5843905791376818,1.072801548,0.1898047428427617,0.013421222076548561,-12.167548451999998,12.444512635636062,0.8799599273219935
R:A:GLU:516,106.30062999999998,2.9518705735685633,0.20872876997553547,-7.753920000000001,1.123390080782272,0.0794356744038848,-108.075865,17.810037239061995,1.2593598104925672,-46.574295,15.75667410458105,1.1141651108295731,0.481819608,0.13661254624433267,0.009659965784452844,-55.621630392,23.98883935164937,1.6962670978345973
R:A:ARG:517,-190.719175,4.180832643669799,0.29562951133449955,-11.94617,1.3008998582135367,0.091987511138741,7.780429999999999,13.087933308781032,0.9254566394356356,17.52422,10.748234083866986,0.7600149206482725,0.32717771999999995,0.09360939922430012,0.006619184097430135,-177.03351728,17.492827072025783,1.236929664475305
R:A:GLN:518,34.405950000000004,2.7467745643754604,0.1942262920860613,-10.238125,0.9623741161185706,0.06805012635458511,-83.943,3.07272490796036,0.21727446191395805,-5.33674,2.2858683388156895,0.16163530032762025,0.315845028,0.08053731807263026,0.005694848374773474,-64.796069972,4.810847443941383,0.3401782850864921
R:A:ILE:519,92.90147,3.250718226653919,0.22986049017936946,-7.919475,1.1799659314467517,0.0834361911695099,-73.95282999999999,1.7330996771969003,0.12254865342181447,-1.57877,0.6932371723299321,0.04901927055250822,0.39790594799999995,0.07061700486103113,0.00499337630043185,9.848300947999999,3.930481855708094,0.27792703735018787
R:A:LYS:520,140.4549,3.3836838135381377,0.23926257699439746,-11.094524999999999,0.9544206930777434,0.0674877344180037,-124.592945,8.332094375484173,0.589168043439115,-10.310809999999998,7.50784322584722,0.5308846857082054,0.44384061599999997,0.07481647274528615,0.005290323522265035,-5.099539383999999,11.754035013553601,0.8311357864387864
R:A:LYS:521,128.38794,2.907250380754984,0.20557364588390212,-9.86091,1.000868988379598,0.07077212487625335,-131.506035,10.060857057615669,0.7114100249988575,-2.93242,9.354331547128313,0.6614511270441678,0.34228965599999994,0.09197383622068216,0.006503532328338525,-15.569135344000001,14.07787860873307,0.9954563428956192
R:A:GLN:522,39.39523,2.763324518962621,0.19539655059775238,-11.920805,1.1204458652585585,0.07922748692767553,-96.38107,2.0946542519232145,0.14811442257761398,-1.8911649999999998,1.035824009074418,0.07324381809323569,0.003900924,0.004390390994959788,0.00031044752445964194,-70.793909076,3.7883886313950272,0.26787952910294477
R:A:THR:523,39.69728,3.056124312196741,0.21610062253033888,-9.141359999999999,0.8626737798264185,0.061000247966709116,-50.508525,2.2460642264581394,0.15882072455090676,-2.54418,0.8769095378657937,0.06200686807120643,0.076917564,0.02988433166142258,0.002113141356901975,-22.419867435999993,3.987326144454935,0.2819465355546496
R:A:ALA:524,82.18547500000001,2.2162078308170914,0.15670955856894941,-8.133475,0.6070302046644795,0.04292351741033113,-65.69249,1.451422209386366,0.10263104866218604,-2.775055,0.6285561486255623,0.04444563150496345,0.012250584,0.009840669817758545,0.0006958404359554853,5.596705584,2.7896001361140383,0.19725451730451524
R:A:LEU:525,86.78686000000002,2.853359241385494,0.20176296687449857,-11.343155000000001,0.914601148575159,0.06467206742385,-87.21735000000001,1.4261817477095975,0.10084627850099383,-2.12729,0.6137498398370463,0.04339866737009329,0.087455304,0.040240448658756076,0.002845429412459553,-13.813479696000002,3.3749750752388166,0.23864677620369457
R:A:VAL:526,51.52808999999999,2.7829604294527797,0.1967850191439887,-10.871965,0.9236876548785309,0.06531458044629085,-59.993714999999995,1.5025029896060107,0.10624300527034708,-0.018059999999999996,0.4648696767912487,0.03287125008270905,0.000137052,0.0005495337810326132,3.885790630592441e-05,-19.355512948,3.327414459882835,0.2352837328401326
R:A:GLU:527,88.6475,2.6185508129497888,0.18515950367183423,-10.835339999999999,1.048055458647108,0.07410871218689473,-75.50426499999999,14.65668634735611,1.0363842305939794,-60.0021,12.957465414964457,0.9162311661911529,0.131108436,0.07736240609655509,0.005470348195978161,-57.563096564000006,19.765514873411522,1.397632960063285
R:A:LEU:528,81.57202000000001,3.4531007065534594,0.24417109257240097,-12.015609999999999,0.8374699623867115,0.05921806894436865,-84.41688500000001,2.9715098925924845,0.21011747954150553,-0.893685,0.5945397343954397,0.042040307787586426,0.00505656,0.008457800772872342,0.0005980568280422856,-15.749103439999999,4.669976498810665,0.3302172050290832
R:A:VAL:529,64.67104499999999,2.962505833407759,0.20948079641073308,-10.264104999999999,0.9324196608689673,0.06593202651121077,-62.939525,1.4625238286520328,0.10341605168867646,0.025525000000000003,0.6485464434988445,0.0458591588112451,0.002185452,0.004968425192804658,0.00035132071456502533,-8.504874548,3.493631400269481,0.24703704540968033
R:A:LYS:530,123.52808499999999,3.13960593192442,0.22200366447172673,-11.901815,1.061840294382823,0.07508344726952139,-143.440585,7.412587636094092,0.5241490983621693,19.95057,6.834579067879748,0.48327772054534024,0.11732108399999999,0.044170488555642484,0.003123325198601759,-11.746423916,10.613411692216799,0.7504815379091089
R:A:HIS:531,117.06193499999999,2.8121048097066015,0.19884583803508438,-12.111059999999998,0.9688833605754616,0.06851039944417198,-93.17926,2.2283134816268566,0.15756555734677555,-4.02199,1.588282534658113,0.11230853506969093,0.24851232,0.05092174077388949,0.0036007108211040767,7.9981373200000005,4.041940602378818,0.2858083609095301
R:A:LYS:532,140.30127000000002,3.284023361229331,0.23221551883002986,-7.71939,1.3194407784739717,0.09329855218330026,-162.350265,10.365704288410653,0.7329659794109649,30.71478,9.933030895028969,0.7023713503610465,0.380240748,0.11343739360817003,0.008021235026046455,1.3266357480000004,14.786870176059693,1.0455896174016928
R:A:PRO:533,93.367195,2.3240442007360786,0.1643347414117751,-7.3249249999999995,0.7096515830849671,0.05017994466791489,-66.520915,2.499099441353825,0.1767130161840802,-1.353695,1.3054628726911386,0.09231016498671746,0.155324016,0.07092900154546478,0.005015437797558925,18.322984016,3.722841531593876,0.26324464922729424
R:A:LYS:534,116.27433500000001,3.3603021921807867,0.23760924669270556,-4.58536,0.9975561840818791,0.07053787423788725,-109.376445,11.514528950286026,0.8142001502916068,-13.060704999999999,11.248420032963518,0.7953834082943111,1.282865148,0.2279126901121719,0.016115860869678495,-9.465309852,16.475740455058133,1.165010780084114
R:A:ALA:535,98.77121,2.375430090720415,0.1679682725382981,-4.914905,0.7282110861384905,0.05149229971437477,-98.19673499999999,2.9827562295258057,0.21091271565241154,2.9656700000000003,1.5248593807626982,0.10782384084932235,0.09757601999999999,0.05246215722048417,0.0037096347126279153,-1.2771839800000004,4.171060133310262,0.2949384905000551
R:A:THR:536,54.96325500000001,3.4670295066490273,0.24515600747253774,-5.905195,0.7714581044846182,0.05455032570823936,-55.187855,3.14974886998551,0.22272087850014194,-7.585415,1.4447393061639182,0.10215849604352542,0.5484599280000001,0.06947611207025056,0.004912702997535072,-13.166750072,4.962706695327499,0.35091635573059565
R:A:LYS:537,117.62574500000001,3.2699729371930584,0.2312220038185704,-7.1426050000000005,1.236571724153112,0.08743882515722064,-85.77607499999998,19.618814388983218,1.3872596693290247,-37.52134,16.932087804060078,1.197279410589692,0.753587388,0.2279611718408761,0.016119289045591532,-12.060687612000002,26.15085609246076,1.8491447676812542
R:A:GLU:538,95.298945,3.0160547942593814,0.2132672797451006,-5.754194999999999,0.9665373489808865,0.06834451137344534,-118.84831999999999,20.750642713602875,1.4672920176767814,-32.031130000000005,19.634887104923724,1.3883961819723862,0.7906723199999999,0.10666151242775436,0.007542107872927832,-60.54402768,28.743001275056223,2.0324371113245836
R:A:GLN:539,29.795270000000002,2.6969671887325584,0.19070437877904112,-7.622755,0.7819417976902117,0.05529163476399481,-68.43228,3.525772755241041,0.24930978241537177,-11.23269,3.2061879660899484,0.2267117252580907,0.7356848399999998,0.11046099756266553,0.007810772043319149,-56.756770159999995,5.532448049422384,0.3912031532308855
R:A:LEU:540,79.138815,3.7374808669443373,0.26427980655713174,-10.6906,1.1107626614178208,0.07854278101773582,-72.37308499999999,2.0294246100249698,0.14350199036555208,-5.423565,0.8182237932100239,0.057857159270698726,0.021721608,0.01870113093204622,0.0013223696497907382,-9.326713391999998,4.47112525843586,0.3161562989774451
R:A:LYS:541,121.432675,3.284623258362365,0.23225793796310815,-6.8573949999999995,0.980585900864886,0.06933789400374804,-107.80078999999999,13.129017290562915,0.928361715647247,-20.64166,11.95186801108513,0.845124691848487,0.9285265439999999,0.1606439748043258,0.011359244394089965,-12.938643456,18.08298507203086,1.278660136852813
R:A:ALA:542,95.19470000000001,2.1444020565183206,0.15163212357544825,-4.445805,0.7091970861298008,0.05014780688001221,-80.428825,1.7995200177755735,0.12724528074500444,-7.32241,1.266156618234885,0.08953079307981138,0.516660948,0.0681327536347717,0.004817713211605946,3.514320948,3.1539637974092,0.22301891887649197
R:A:VAL:543,57.032685,3.1795755968014037,0.22482994657935362,-7.37977,1.0267170823065135,0.07259986112590024,-56.51748,2.494924505791708,0.17641780365938126,-4.194115,1.2049646433713315,0.08520386704178984,0.19293480000000002,0.06999281835553131,0.004949239649355445,-10.865745200000001,4.341121516252609,0.3069636462097047
R:A:MET:544,81.41947499999999,3.0384106140176312,0.21484807492010485,-10.471415,1.0095108532229855,0.07138319699953904,-66.74423999999999,2.209302164123323,0.15622125419417165,-3.2031400000000003,1.7205984221775865,0.12166468120206456,0.124848648,0.04457615827347278,0.0031520103794417426,1.1255286480000004,4.253764596076801,0.3007865791457161
R:A:ASP:545,91.533475,9.680212392782247,0.6844943826262382,-5.830445,0.8462483955523934,0.05983879790633331,-83.77553500000002,13.896687841668424,0.9826442208876389,-68.613435,17.328039522282232,1.225277425087427,0.629694576,0.10613514685928796,0.007504888206643262,-66.056245424,24.244850992330285,1.714369854553414
R:A:ASP:546,91.51298500000001,10.04245233271112,0.7101086144202695,-5.818464999999999,0.8056672382410743,0.05696927675401014,-46.805159999999994,13.204725436918405,0.9337150900151501,-102.10147500000001,8.690118451400705,0.6144841686299778,0.660386124,0.10140481116193562,0.007170402961754598,-62.551728876,18.745483830860483,1.3255058733424228
R:A:PHE:547,93.964905,3.3853958654749667,0.239383637347825,-13.066815000000002,0.9943155790668272,0.07030872885975822,-70.193215,2.0774920261639993,0.14690086995615442,-2.0790699999999998,1.175984015665179,0.08315462720438352,0.044999568,0.02690188672852103,0.0019022506532449608,8.670804568,4.260188243743996,0.3012407996282588
R:A:ALA:548,84.33099999999999,2.493709219215424,0.1763318699214637,-5.6243799999999995,0.8269550565780465,0.05847455282428417,-71.982085,2.1858388727843137,0.15456214895269474,-1.1626350000000003,1.7025821336355553,0.12039073722207617,0.11743379999999998,0.052387733192861094,0.003704372139166366,5.679333799999999,3.818620472073532,0.270017243058097
R:A:ALA:549,93.92361499999998,2.368223692300835,0.1674587032192564,-4.887885,0.7376650674764259,0.052160797145701286,-82.90243000000001,2.1592040721293575,0.1526787841368276,1.025535,1.2184107307369711,0.0861546489974569,0.3304543320000001,0.09309423231243585,0.00658275629574792,7.489289332000001,3.5082740312744725,0.24807243577748453
R:A:PHE:550,110.98913999999999,3.001264970041799,0.21222148124541962,-10.325384999999999,1.1334331461427267,0.08014582636591251,-86.40431500000001,2.7004274783402344,0.19094905820368685,-1.6803199999999998,1.90081727885665,0.1344080787676098,0.518068944,0.12524922184265444,0.008856457410327919,13.097188943999999,4.605796823365334,0.3256790166569087
R:A:VAL:551,53.382095,2.8598570743963765,0.20222243305299986,-9.755539999999998,0.8287559763887075,0.05860189708533333,-58.041975,1.9333786810594038,0.13671051759786076,-1.379905,0.7981627252478031,0.05643862755130567,0.035239031999999997,0.023002740972757486,0.001626539412771446,-15.760085968,3.638841153556618,0.2573049255340564
R:A:GLU:552,99.662785,2.91825637817773,0.20635188742503668,-7.629300000000001,1.0966255103726157,0.07754313348066351,-106.69298500000001,13.218623931967162,0.9346978620248764,-38.028130000000004,11.965755372858833,0.8461066766167846,0.305443332,0.10730414740536443,0.007587549027977406,-52.382186667999996,18.100874074936286,1.2799250803791222
R:A:LYS:553,121.19964,3.54449821419055,0.25063387231577455,-6.737240000000001,1.01868591940794,0.07203197215126073,-122.607155,20.227942206289175,1.4303315103516647,-5.783035000000001,19.116220904084965,1.3517209431938513,0.9916592040000001,0.15747471905030083,0.011135144170591412,-12.936130796,28.075354573623642,1.9852273603226027
R:A:CYS:554,82.086525,2.3746275559285084,0.16791152475894858,-7.924125,0.789801841840724,0.0558474238159201,-74.12924,1.6482625465622882,0.11654976238500014,-4.669565,0.8763077061027137,0.0619643121391257,0.08827542000000001,0.03537204838236541,0.0025011815275629234,-4.54812958,3.1222714133674807,0.22077792890970516
R:A:CYS:555,97.58983,2.291757493955239,0.16205172648108376,-6.052080000000001,0.5307285686676383,0.03752817698743172,-76.72822500000001,1.924111759845306,0.13605524731473975,-6.383705,1.8792611042574685,0.13288382704405755,0.301563036,0.05235224744790527,0.0037018629180769944,8.727383036,3.5735688526825453,0.2526894768768858
R:A:LYS:556,119.08418499999999,3.7366971995031917,0.26422439290094885,-4.30194,0.9453387680614818,0.06684554534148106,-107.694365,7.855520715507979,0.5554691967687092,-16.42765,7.8299701804987745,0.5536625011119138,1.4089957199999998,0.13947524122579463,0.009862388887838889,-7.9307742800000005,11.74281326724414,0.8303422891475689
R:A:ALA:557,86.78900000000002,2.6820091424154398,0.18964668518062744,-4.30661,0.8558947469753511,0.0605208979568215,-79.006845,3.2283581323909836,0.22827939275124023,-2.32299,2.450645343557488,0.17328679407127362,0.29165641200000003,0.1219196912471675,0.00862102404410423,1.4442114120000005,4.9364513671147225,0.34905982366844235
R:A:ASP:558,87.42509000000001,4.7093167659332495,0.3329989819946902,-3.69011,1.298721277988468,0.0918334622536905,-29.61224,7.4143860988216685,0.5242762688812073,-118.95915000000001,6.532388824733262,0.4619096435316111,0.895884624,0.20693580234855308,0.014632570911094097,-63.940525376000004,11.025079989097296,0.7795908823414806
R:A:ASP:559,94.08343,5.635250787240973,0.39847240453449223,-3.494875,0.8864448935918126,0.06268111954069581,-47.633255,18.500245650530562,1.308164915310709,-101.621655,16.446965992424712,1.1629761183188048,0.867914208,0.12332232053184183,0.008720204911972635,-57.798440792,25.40312626164674,1.796272284294848
R:A:LYS:560,126.89213500000001,3.5687225286893627,0.2523467900209452,-6.40741,1.3959868201025394,0.09871117469415505,-154.501755,13.87707492935651,0.9812573785581818,19.672919999999998,12.348631726778477,0.8731801232380406,0.7477692479999999,0.21265446482891276,0.015036941413012038,-13.596340752000001,18.96817586719033,1.3412525782429303
R:A:GLU:561,99.24074499999999,3.227936887545201,0.22824960624254095,-3.961435,0.7397285149127347,0.052306704913184884,-31.178289999999997,6.207640508752098,0.4389464698906918,-125.14308000000001,6.072531183419316,0.42939279787625684,1.1536259759999998,0.0821207046662766,0.005806810714534194,-59.888434024,9.294296869337932,0.6572060342669751
R:A:THR:562,33.92639,3.8913126921258847,0.2751573592319493,-5.270849999999999,1.0293019758554824,0.07278264070161236,-50.857420000000005,4.472296047177557,0.3162390862433042,-1.7661650000000002,1.7480369669360543,0.12360487930852487,0.45212270399999993,0.10479523570833353,0.007410142180540527,-23.515922296,6.266563989795538,0.4431129891923851
R:A:CYS:563,76.416625,2.3350893675349984,0.16511575264606038,-7.4421349999999995,0.6865313006520534,0.048545093818788736,-65.18777499999999,2.410477692154607,0.1704465122021422,-0.35192000000000007,1.4746512582980424,0.10427359046278209,0.025817219999999995,0.025218399619317638,0.001783210138149175,3.4606122199999994,3.7295579613144985,0.2637195725273757
R:A:PHE:564,93.12061,3.212539915378484,0.22716087589965836,-11.635365,0.9466145529068313,0.06693575695302922,-69.131965,2.193855764122837,0.1551290287756453,-3.9795100000000003,1.6721379368640614,0.11823800742358609,0.337187772,0.10575255811294976,0.007477835096949121,8.710957771999999,4.340129470061628,0.3068934979508154
R:A:ALA:565,89.70855,2.396524601897506,0.16945987972821175,-3.7500150000000003,0.5635491680190825,0.03984894382383303,-77.65018,2.7848794691332692,0.1969207157411327,-2.1044799999999997,2.319338077900676,0.1640019682747741,0.523368324,0.10177284044129173,0.007196426561665388,6.727243324000001,4.3824831226744605,0.3098883534478707
R:A:GLU:566,101.93188999999998,3.274655665547143,0.23155312271593315,-5.966125,0.996823243797515,0.0704860475333594,-57.948835,15.756111716656969,1.1141253439980956,-94.926365,14.856914685148293,1.0505425121378358,0.7006260599999998,0.14420842096948291,0.010197075237172568,-56.20880894,21.925345898423213,1.5503560764635709
R:A:GLU:567,98.06024000000001,3.0072391312298397,0.21264391823421613,-7.48346,1.262274026667744,0.08925625239724107,-66.966195,14.41316311629668,1.0191645377881213,-80.535375,13.051913140776527,0.9229096289300892,0.373591692,0.11737421543410774,0.00829961036699083,-56.551198308,19.716549070985995,1.394170554969152
R:A:GLY:568,88.78803499999998,1.9439516876134038,0.1374581420610471,-4.83597,0.6410531640199586,0.04532930393796048,-79.70974,1.714520473018622,0.12123490529546348,-1.698595,0.9839282702387405,0.06957423520869632,0.03364686,0.04386053889547186,0.003101408447948448,2.5773768600000007,2.845964926544633,0.20124010985787846
R:A:LYS:569,140.016135,3.2068758187330864,0.2267603637849327,-6.705525,1.0895422017411716,0.07704226792401038,-147.99443499999998,8.920211358806192,0.6307541941429126,10.501974999999998,8.857556892528267,0.6263238543452381,1.115877672,0.172600342227502,0.012204687242418548,-3.065972327999998,13.020269981626228,0.9206721196887551
R:A:LYS:570,127.598275,3.829011543384924,0.2707520027569048,-6.5585249999999995,1.03112560310323,0.07291159062093626,-165.92862000000002,15.341519385823558,1.0848092391420716,29.957524999999997,13.538840274904457,0.9573405767786483,0.945996984,0.12113012355297811,0.008565193177027516,-13.985348015999998,20.84230397462231,1.4737734476006767
R:A:LEU:571,77.995625,4.3795438648762275,0.3096805165357921,-9.240264999999999,1.094765410841519,0.07741160458145148,-84.865685,4.158887444470577,0.29407775141767356,-1.9289150000000002,0.9045618927276342,0.06396218483506486,0.23941997999999998,0.09223855227715361,0.006522250580200518,-17.79982002,6.204998042967152,0.43875961934313296
R:A:VAL:572,48.66771500000001,2.8725088326713637,0.2031170474600175,-8.98992,0.8821324467448185,0.062376183499794215,-53.450255,2.1345399925920807,0.15093477034757433,-2.0711700000000004,0.7077917921959819,0.05004843759299585,0.095341284,0.042023100687266564,0.002971481946245125,-15.748288716000001,3.7534598425241437,0.2654096907560213
R:A:ALA:573,78.51869,2.3248519187036405,0.16439185569699002,-5.353534999999999,0.555603400615043,0.03928709322252029,-65.46414499999999,1.5713759429159526,0.11111305850292752,-3.2418949999999995,0.9337956596466916,0.0660293243178741,0.39465680399999997,0.04689556892428947,0.003316017479396621,4.853771804000001,3.0094895688487995,0.21280304820431653
R:A:ALA:574,99.03235500000001,2.31109700553114,0.1634192364590993,-5.094755,0.5525207099964671,0.03906911407845077,-84.13362000000001,1.5117039642734296,0.10689361242843284,-3.42169,0.8891456089415276,0.06287208895447963,0.437687784,0.05139041375956166,0.0036338510057368507,6.819977784,2.953797262520971,0.20886500745788392
R:A:SER:575,82.65643,3.0231448898622104,0.21376862521310272,-7.473255,0.9315750050183829,0.06587230032323906,-75.843835,2.8764736202119083,0.2033974002756058,-2.25424,1.3618731190533133,0.09629897175982721,0.023743728000000002,0.021362695014019557,0.0015105706508833276,-2.891156272000001,4.4873703056454195,0.31730499728170264
R:A:GLN:576,21.550680000000003,3.070956485787449,0.21714941558291148,-8.431424999999999,0.9846960162278509,0.0696285230482092,-68.910275,4.187003680363202,0.29606586952378516,-7.290630000000001,2.8522596871778703,0.20168521665084926,0.3800363399999999,0.06349633345329792,0.004489868796530919,-62.70161366,6.005898509699611,0.42468115633267745
R:A:ALA:577,94.179585,2.3856153824066024,0.1686884814202647,-3.350265,0.5207150802262213,0.036820116429405816,-74.632325,1.4585016144574543,0.10313163819543934,-5.26676,0.7856317664147753,0.05555255495474533,0.6656009399999999,0.04216187216825648,0.0029812945717694523,11.595835939999999,2.9510213152042355,0.2086687183406959
R:A:ALA:578,130.48111,2.947006638591097,0.20838483783495376,-3.46456,1.0347760416631224,0.07316971560693673,-103.426715,8.460837347672806,0.5982715463055843,-79.97613,7.9616223650145574,0.5629717163548271,0.49475268,0.12683779473997803,0.008968786477138587,-55.89154232,12.030997328457417,0.8507199795389476

Ligand:
Total Energy Decomposition:
Residue,Internal,,,van der Waals,,,Electrostatic,,,Polar Solvation,,,Non-Polar Solv.,,,TOTAL,,
,Avg.,Std. Dev.,Std. Err. of Mean,Avg.,Std. Dev.,Std. Err. of Mean,Avg.,Std. Dev.,Std. Err. of Mean,Avg.,Std. Dev.,Std. Err. of Mean,Avg.,Std. Dev.,Std. Err. of Mean,Avg.,Std. Dev.,Std. Err. of Mean
L:B:UNL:579,599.857585,10.387230645979463,0.73448812275208,-11.86748,2.595447379470445,0.1835258442236406,-326.904895,3.3355368974087223,0.23585807590556448,-38.15364,5.432385331546355,0.3841276505954759,6.323963832,0.05101325867043367,0.003607182113628709,229.255533832,12.460743426028404,0.8811076175170377

DELTAS:
Total Energy Decomposition:
Residue,Internal,,,van der Waals,,,Electrostatic,,,Polar Solvation,,,Non-Polar Solv.,,,TOTAL,,
,Avg.,Std. Dev.,Std. Err. of Mean,Avg.,Std. Dev.,Std. Err. of Mean,Avg.,Std. Dev.,Std. Err. of Mean,Avg.,Std. Dev.,Std. Err. of Mean,Avg.,Std. Dev.,Std. Err. of Mean,Avg.,Std. Dev.,Std. Err. of Mean
R:A:SER:1,0.0,5.747482719573847,0.4064084005763167,-2.9999999999994475e-05,1.1407900707404497,0.08066603949308532,0.08925000000000026,27.36064739953991,1.9346899313868748,-0.08904999999999991,23.80687463916043,1.683400249620838,0.0,0.2543627901071564,0.017986165376630076,0.0001700000000003854,36.739242864176454,2.5978567764918647
R:A:GLU:2,0.0,3.8945525436434933,0.27538645132976314,-9.500000000000286e-05,1.808165101525577,0.12785658047935977,-0.1296499999999999,11.59795527418303,0.8200992822273104,0.12927500000000094,10.209173451591221,0.7218975777929824,0.0,0.12703970247805452,0.00898306351021538,-0.0004699999999989046,16.037235695162856,1.134003811153661
R:A:VAL:3,0.0,4.8287100206784,0.3414413600005131,-6.49999999999995e-05,1.174374420606563,0.08304081164629235,-0.0024800000000002953,3.7322471840367166,0.2639097292896759,0.002504999999999997,1.000028342085863,0.07071268220676542,0.0,0.004324221989698495,0.00030576866922717903,-4.000000000028869e-05,6.2948661757177815,0.44511425595118725
R:A:ALA:4,0.0,2.7384333798359966,0.19363648127096297,-2.4999999999999466e-05,1.1464724081176134,0.08106784142232354,-0.001454999999999629,2.4656254040050367,0.17434604430377823,0.0014999999999999972,1.6965867716536045,0.11996680111076563,0.0,0.08426365142384637,0.005958339932934125,2.0000000000250374e-05,4.216424080657836,0.298146205979141
R:A:HIS:5,0.0,4.382886663627066,0.30991688810227813,-6.500000000000394e-05,1.2656510686500446,0.08949504532584471,0.0019050000000002142,7.032381308694444,0.4972644511267369,-0.0018049999999999844,5.051074431640758,0.3571648982891166,0.0,0.14876785660391925,0.010519476022721921,3.5000000000309225e-05,9.787820993141604,0.6921034597290476
R:A:ARG:6,0.0,6.307769629080473,0.44602666788853557,-0.00016999999999995908,1.9262586127906087,0.13620705274232314,0.13520999999999966,17.16609005999619,1.2138258687882293,-0.13418499999999994,13.12852530665859,0.9283269271317487,0.0,0.07847702873479774,0.005549163918574703,0.0008550000000002455,22.595074977888746,1.5977130738283611
R:A:PHE:7,0.0,4.001791477519787,0.28296938906487745,-7.999999999997343e-05,1.1548723308660573,0.08166180565601033,-0.0017850000000000676,2.6395045274397617,0.1866411550325249,0.0015450000000000225,1.3592234170198068,0.09611160953222558,0.0,0.060108405325007504,0.004250306101162239,-0.00032000000000002914,5.115285974243349,0.36170534000959076
R:A:LYS:8,0.0,4.393471527795531,0.3106653510254241,-7.00000000000034e-05,1.3138695378727676,0.09290460598242693,0.08257999999999925,12.67104092068209,0.895977895970654,-0.08247000000000028,13.025826010451315,0.9210649902546237,0.0,0.17272573157524618,0.012213553608226393,3.999999999876991e-05,18.7426279020472,1.3253039286793769
R:A:ASP:9,0.0,10.810878177999696,0.7644445270245253,-0.00017499999999999184,1.1496858871339597,0.08129506870268946,-0.10589499999999986,16.290037507221246,1.1518795987139345,0.1057800000000011,17.280530825834024,1.2219180529450409,0.0,0.14070445633146425,0.009949307521514482,-0.00028999999999857807,26.11893431922389,1.8468875574489252
R:A:LEU:10,0.0,4.562760635054177,0.32263589859778463,-0.0003050000000000264,1.604460530357478,0.11345249211619371,0.0002200000000000557,2.97359676331543,0.21026504358547096,-0.00012999999999999888,1.5749500584939193,0.11136578663912,0.0,0.07899283767816705,0.005585637118740013,-0.00021499999999998742,5.892543039488931,0.4166657141656213
R:A:GLY:11,0.0,3.159914708690727,0.2234397118486327,-6.000000000000672e-05,0.8520426089110802,0.06024851066209023,-0.006985000000000241,2.3423887010432325,0.1656318934682418,0.006620000000000018,1.2940180786217788,0.09150089583714467,0.0,0.04380407298731021,0.0030974157052917517,-0.0004250000000003551,4.227791856866333,0.29895002914354496
R:A:GLU:12,0.0,4.0291743273033,0.28490564894189097,-0.00012000000000000011,1.3783487877710778,0.09746397746731865,-0.12129000000000005,17.13212393895602,1.2114241013364186,0.12112999999999957,15.799977839014522,1.1172271472564341,0.0,0.12336331888369553,0.008723103933233958,-0.00028000000000016456,23.691734424100233,1.6752586069352038
R:A:GLU:13,0.0,4.109075408014558,0.29055550854139733,-0.00028000000000001136,1.2656257501923702,0.08949325504053364,-0.14986000000000013,16.99820543782196,1.2019546333085953,0.15031000000000064,16.160013955815447,1.1426855452226348,0.0,0.19914082711389347,0.014081382926333196,0.00017000000000045646,23.845565740318964,1.6861361236209156
R:A:ASN:14,0.0,7.752656477746838,0.5481955967624603,-0.0005300000000000216,1.2164865179277573,0.08601858660487277,-0.014445000000000477,4.2913020938492545,0.3034408810680838,0.017219999999999975,4.273865640582305,0.30220793763359355,0.0,0.12660010371116776,0.008951979183308692,0.0022449999999987823,9.913664845602494,0.701001963873621
R:A:PHE:15,0.0,5.015887893404317,0.35467683430976993,-0.00023499999999994082,1.1908919906418887,0.0842087802243626,-0.007930000000000064,2.1163637507526913,0.14964951596146242,0.007635,0.8210613896506157,0.05805780763924005,0.0,0.002392519501553122,0.00016917667636692711,-0.0005300000000000815,5.63298305942771,0.3983120519630279
R:A:LYS:16,0.0,4.973805448869105,0.3517011561197944,-0.00019000000000001904,1.4159679923995456,0.10012405693688205,0.13886499999999954,23.528118837154725,1.6636892378315054,-0.1380149999999996,20.89953017953693,1.4778199513563466,0.0,0.13929917995245128,0.009849939475810346,0.0006600000000000961,31.89241050784474,2.2551339738482117
R:A:ALA:17,0.0,3.125995594934516,0.2210412683137472,-0.00035500000000002527,0.8304829098030856,0.05872400971812977,-0.006864999999999526,1.9334420738090399,0.13671500014217533,0.008675000000000002,0.7975459827966034,0.05639501727435678,0.0,0.049536024127293535,0.0035027258573429687,0.0014549999999999659,3.8520490635714046,0.27238100143146304
R:A:LEU:18,0.0,4.484017323227018,0.31706790562117754,-0.0008199999999999808,1.2328895386854413,0.08717845532584298,-0.00797999999999945,2.3151933683820016,0.1637088930541038,0.008579999999999997,0.8954688308366742,0.06331920826258017,0.0,0.021337309317513112,0.0015087756110688424,-0.00021999999999948284,5.271514773797841,0.3727523843677522
R:A:VAL:19,0.0,4.7859262255022275,0.3384160888311163,-0.0002450000000000374,1.2493841364748473,0.08834479952082634,-0.004519999999999769,4.356886226509707,0.3080783795623282,0.005169999999999999,0.6292291143534285,0.044493217367931485,0.0,0.0229733499992937,0.001624461157107254,0.0004049999999999709,6.621553080685466,0.4682145085339367
R:A:LEU:20,0.0,4.411140167978116,0.31191471255416925,-0.0005099999999999571,1.184394205554046,0.08374931743453196,-0.0007899999999999352,2.037113820261401,0.14404569963556704,0.003199999999999999,0.7667914993986306,0.05422034689809721,0.0,0.025638686008209385,0.001812928873711751,0.0019000000000005102,5.059585603403724,0.35776672901606027
R:A:ILE:21,0.0,4.621558968984384,0.3267935686622367,-0.001399999999999917,1.5728817087753295,0.11121953222793199,-0.001394999999999591,1.7849768606273302,0.126216924241066,0.0035750000000000005,0.6289981439360532,0.04447688529309353,0.0,0.0005145623854422319,3.638505520897282e-05,0.0007799999999998335,5.235890134105609,0.3702333419373818
R:A:ALA:22,0.0,3.0701889296588902,0.21709514116856693,-0.0002849999999999886,0.9079333341578555,0.06420058174483312,-0.004759999999999991,2.139199525289775,0.15126424906434432,0.004864999999999998,1.1537623016787295,0.08158331473944287,0.0,0.024143430377829248,0.001707198334126835,-0.00018000000000016337,4.019742276076964,0.2842387022036268
R:A:PHE:23,0.0,3.907687070115773,0.2763152026033855,-0.00035500000000006083,1.161838124471305,0.08215436164547198,-0.0011849999999992632,1.8835259674543912,0.13318539841279523,0.0014550000000000056,0.7015954178691591,0.04961028776246919,0.0,0.0032280533023554612,0.0002282578380127175,-8.499999999945579e-05,4.545305565768172,0.3214016388119631
R:A:ALA:24,0.0,3.182264087964731,0.22502005161262853,-0.0003300000000000081,0.7702508198632443,0.054464957793979786,0.001570000000000462,1.6449450371061032,0.11631517904168825,0.0021749999999999946,0.977210904500661,0.0690992457221857,0.0,0.00021251831552127455,1.5027314203143555e-05,0.003415000000000132,3.792212602582961,0.26814992469874976
R:A:GLN:25,0.0,4.1690064115985725,0.2947932704451545,-0.001359999999999939,1.2427154898648363,0.0878732549968988,0.0217800000000004,2.1037248610025028,0.14875581149655967,-0.004580000000000011,1.2205285665645027,0.08630440260496564,0.0,0.01423699754985327,0.001006707751123751,0.015840000000000423,4.984025201922562,0.35242380178840954
R:A:TYR:26,0.0,4.608579392822694,0.3258757740301509,-0.00047000000000001484,1.5377834045632046,0.1087377073362778,-0.0044199999999997176,2.940321526185529,0.20791212900345662,0.0028999999999999903,1.2025808030232314,0.08503530407424907,0.0,0.031184893694405823,0.0022051049801895964,-0.001989999999999752,5.804863958961031,0.41046586692467335
R:A:LEU:27,0.0,4.7946871780127625,0.33903558172410153,-0.0001900000000000146,1.516126843605112,0.10720635722521309,-0.0017899999999995942,2.1492103107653286,0.1519721184938211,0.002459999999999994,0.7238495176485233,0.051183890248788236,0.0,0.01078780591293707,0.0007628130715162136,0.0004800000000003646,5.516415974322133,0.3900695143288975
R:A:GLN:28,0.0,4.175746687665573,0.29526987993655907,-0.0006600000000000073,1.6133017782640666,0.11407766275108373,0.011315000000000026,3.5637711184607523,0.25199667244603646,-0.004844999999999989,1.4859709419685838,0.10507401297121473,0.0,0.03393348476737914,0.00239945971883042,0.005809999999999924,5.9117957283585545,0.4180270848511999
R:A:GLN:29,0.0,4.616473442569555,0.3264339676408538,-0.0001949999999999852,1.4262346491286069,0.10085001919620541,0.003984999999999772,4.702474767829702,0.33251517966910177,-0.003969999999999931,3.974525662906204,0.2810414048240935,0.0,0.20644600178159972,0.014597936780861923,-0.0001800000000001134,7.829349619167075,0.5536186207993352
R:A:CYS:30,0.0,5.421159289875185,0.38333384957631916,-0.000125000000000024,1.3307809711500238,0.09410042489742011,-0.006110000000000184,5.881206204423544,0.4158640788704284,0.006545000000000007,1.1640759859970482,0.08231260235149293,0.0,0.04102618865086992,0.002900989620126869,0.0003099999999995262,8.191781766359211,0.5792464436992912
R:A:PRO:31,0.0,3.3917186596104925,0.23983072640875266,-0.00011000000000000566,1.060362897290357,0.07497897951926259,0.0014449999999999364,2.701205920487181,0.19100410237577356,-0.001495000000000002,1.6514523160463943,0.11677531314826348,0.0,0.08092880655354487,0.005722530790734588,-0.00016000000000028437,4.760092707992164,0.33658938328978955
R:A:PHE:32,0.0,4.111379027619566,0.2907183990457949,-0.0002799999999999692,1.278159772778818,0.0903795442771759,0.003340000000000245,2.7793180703456737,0.19652746546157357,-0.004035000000000018,1.9765540573369096,0.13976347773247128,0.0,0.11913016492962161,0.008423774746560727,-0.0009749999999999392,5.493878119090481,0.3884758473021274
R:A:GLU:33,0.0,4.081077303598891,0.2885757435921287,-8.500000000000841e-05,1.23807054567783,0.08754480784361228,-0.1511499999999995,18.788017762977287,1.3285134765254547,0.15051000000000067,19.33572001812061,1.3672418743937558,0.0,0.12685671608942567,0.00897012441858895,-0.0007249999999987366,27.29585652331764,1.930108524593296
R:A:ASP:34,0.0,5.76428435356463,0.4075964555093064,-6.499999999998618e-05,1.2958856267337022,0.091632951430558,-0.14229499999999995,14.06536625548638,0.9945715859126857,0.1422749999999998,12.242264962186328,0.8656588571844425,0.0,0.1172918176134392,0.00829378396121586,-8.499999999997954e-05,19.560869876929146,1.3831623735884266
R:A:HIS:35,0.0,4.02492108702767,0.2846048994377996,-0.0002499999999999947,1.4266248310961085,0.10087760922771713,0.010685000000000002,2.8315314916798995,0.20021951189101173,-0.010925000000000065,1.7441761567212757,0.12333187880015045,0.0,0.007525113846261729,0.0005321059029892452,-0.0004900000000000237,5.412487953509772,0.3827206935017259
R:A:VAL:36,0.0,4.72499310348174,0.33410746645316086,-0.00011499999999999843,1.1642304918163757,0.08232352756275085,0.0021199999999999973,3.7868118459662083,0.26776803353602535,-0.0022699999999999665,1.1647566490473449,0.08236073249734972,0.0,0.15005348513198022,0.010610383687749799,-0.0002649999999998842,6.276950734447041,0.4438474429501383
R:A:LYS:37,0.0,4.700640304208567,0.3323854635024673,-6.000000000000672e-05,1.334800887679507,0.09438467592120026,0.13004999999999994,17.51324560204504,1.2383734725791526,-0.12976500000000024,15.760552590451104,1.1144393611955183,0.0,0.14454941425718265,0.010221187103779726,0.0002249999999995822,24.062572528438995,1.701480820765234
R:A:LEU:38,0.0,4.07156763726209,0.28790330863677127,-0.00010999999999999232,1.2576144535985583,0.08892677082577552,0.004645000000000295,2.2714975405390603,0.1606191314363734,-0.004215000000000016,0.900973076331918,0.06370841719408041,0.0,0.0526863155128209,0.003725485097484965,0.0003199999999999825,4.912584507923738,0.34737218187048535
R:A:VAL:39,0.0,3.723267757702903,0.2632747879644954,-0.00012999999999999012,1.4869237157130828,0.1051413842487819,0.003925000000000054,2.481337549704796,0.1754570607809073,-0.0036450000000000037,0.9717147052890576,0.06871060574885801,0.0,0.04256006667430529,0.0030094511753152864,0.00014999999999998793,4.8142228651388095,0.3404169634082982
R:A:ASN:40,0.0,8.886233743603078,0.6283516139310457,-6.0000000000011155e-05,1.1384734682898852,0.08050223096287457,0.0022600000000008434,9.401920012750056,0.6648161397189075,-0.002405000000000027,6.095607046281363,0.4310245077874053,0.0,0.1079768981560569,0.0076351196897637055,-0.0002049999999993446,14.346618283878273,1.0144591075625236
R:A:GLU:41,0.0,4.132199557566164,0.29219063283710855,-4.5000000000001704e-05,1.4926016186092659,0.10554287261286288,-0.10853000000000002,17.05369469878888,1.2058783165798694,0.10845499999999916,16.22054981863053,1.1469660771327872,0.0,0.12266700396046774,0.008673867032828382,-0.0001200000000008572,23.94269657468558,1.6930043107852097
R:A:VAL:42,0.0,4.6948024616537385,0.33197266569666545,-5.499999999998728e-05,1.1588579021929306,0.0819436281072238,0.0038549999999995775,4.152268307067235,0.29360970772332273,-0.0035550000000000048,0.7202204759481642,0.050927278249234965,0.0,0.04494718562788322,0.0031782459752726752,0.0002449999999994734,6.4145297309133165,0.4535757470851526
R:A:THR:43,0.0,4.332408097559601,0.3063475144651904,-9.500000000003616e-05,1.3661254753407537,0.09659965875651425,0.0009950000000003457,3.0592036671616025,0.2163183658080723,-0.000939999999999999,1.2985199986715645,0.09181922965670099,0.0,0.04186918827398534,0.0029605986951311315,-3.999999999958703e-05,5.62873813844868,0.3980118907220406
R:A:GLU:44,0.0,4.119108622481326,0.2912649639400524,-6.000000000000672e-05,1.369138028103814,0.09681267840525846,-0.09855000000000004,21.470045800079237,1.5181614977621782,0.09841000000000037,21.103607933146172,1.4922504277029878,0.0,0.17835678263304705,0.012611729047044261,-0.00019999999999914308,30.41707646009329,2.150812102880167
R:A:PHE:45,0.0,4.355460002565745,0.30797753030010155,-8.499999999998842e-05,1.411513835771722,0.09980910050128194,0.0032500000000003125,2.155997753002076,0.1524520631370727,-0.003130000000000018,0.9016240071947951,0.06375444495680281,0.0,0.13058821100276347,0.009233980954307375,3.5000000000287026e-05,5.142052954285662,0.3635980513195711
R:A:ALA:46,0.0,3.2061576280572983,0.22670958003522923,-2.4999999999986144e-05,1.0789439787009334,0.07629286038598239,0.003534999999999684,2.02443171121552,0.14314893910495807,-0.003554999999999999,0.8422336170416139,0.05955491019533989,0.0,0.002108477435117578,0.0001490918692350458,-4.500000000042359e-05,4.031284225882875,0.2850548413012143
R:A:LYS:47,0.0,4.772390877615748,0.3374589952034914,-6.000000000000672e-05,1.6315179918560507,0.11536574356692718,0.10126999999999939,21.1421477837364,1.4949756066728146,-0.10114500000000043,19.352495425703506,1.3684280748396591,0.0,0.15187802717553994,0.010739398292905903,6.499999999867612e-05,29.102751153333664,2.057875269170685
R:A:THR:48,0.0,4.629815750324196,0.32737741126985226,-1.000000000000778e-05,1.3086000106602476,0.09253199413986495,0.003305000000000078,4.318757148008556,0.3053822465654724,-0.003235000000000013,1.4041069291101018,0.09928535310847719,0.0,0.11708175934287819,0.008278930598460058,6.00000000002332e-05,6.6169868958666385,0.4678916305089823
R:A:CYS:49,0.0,2.982066778251285,0.2108639640852604,-3.0000000000014458e-05,1.13771949414168,0.08044891693957104,0.0022150000000002736,1.9747899778394156,0.13963873847494826,-0.0021949999999999834,1.192417785625072,0.08431667022229353,0.0,0.04753329444753737,0.003361111483599054,-9.999999999648069e-06,3.938406145058053,0.2784873692237319
R:A:VAL:50,0.0,4.430714454977887,0.3132988236616122,-3.0000000000001136e-05,1.2032626784497225,0.08508351994804869,0.002049999999999521,3.4610847472288224,0.2447356495026828,-0.002064999999999987,1.7623011483781654,0.12461350925110408,0.0,0.10176042711537392,0.007195548806972032,-4.500000000047688e-05,6.014502456937041,0.4252895472763333
R:A:ALA:51,0.0,3.140563698438546,0.2220713887914199,-1.5000000000000568e-05,0.5652088882660994,0.03996630376798685,0.0016899999999992587,1.678879825210846,0.11871473092038749,-0.0016899999999999726,1.0209106577707963,0.07218928490953487,0.0,0.04852448722122586,0.003431199396772878,-1.5000000000686687e-05,3.7477796221009423,0.2650080385180333
R:A:ASP:52,0.0,4.379894037782193,0.30970527749943166,-1.5000000000002789e-05,1.7201841005470897,0.12163538423861289,-0.0666,8.462582031507877,0.5983949140826649,0.06648499999999928,6.9687462723057285,0.4927647745515855,0.0,0.09412088354747139,0.006655351500768637,-0.00013000000000076283,11.930217228134184,0.8435937503042258
R:A:GLU:53,0.0,4.183956856254615,0.29585042652495874,-2.500000000000169e-05,1.977626500220656,0.1398393108960245,-0.0756549999999999,14.601679957548548,1.0324946914698276,0.07557499999999934,15.224731754897194,1.076551106563397,0.0,0.34989395851868027,0.024741239076476337,-0.00010500000000085663,21.599547261987528,1.5273186339510707
R:A:SER:54,0.0,7.681347017128572,0.5431532564458672,0.0,1.3125408826966114,0.09281065587393507,0.0003650000000003573,8.124597470679703,0.574495796592869,-0.00041999999999999373,2.1273759439741724,0.15042819561172702,0.0,0.06308905598472965,0.004461069930546007,-5.499999999962091e-05,11.457078522156513,0.8101377915603618
R:A:ALA:55,0.0,3.33281855404701,0.23566586000309847,-1.9999999999997796e-05,0.9001400572133206,0.06364951384731858,-0.0003199999999998937,3.986296981755123,0.28187376276225146,0.00036500000000001196,2.4603299287443137,0.17397159765713194,0.0,0.10730623485779514,0.007587696633154322,2.5000000000181544e-05,5.820071584599658,0.4115412084461553
R:A:GLU:56,0.0,4.599170351248147,0.32521045431996803,-9.999999999996679e-06,1.3916080358707332,0.09840154789178877,-0.07278500000000006,10.40501579067879,0.7357457223942079,0.07270999999999915,9.51972997158533,0.6731465617972806,0.0,0.1650558746414017,0.011671212823361185,-8.500000000154273e-05,14.899858946420554,1.053579129973702
R:A:ASN:57,0.0,5.4768548895830715,0.38727212319988896,-3.500000000000281e-05,1.401757915039184,0.09911925273061233,-0.001855000000000544,6.900858098814595,0.4879643557677906,0.0018700000000000162,4.468989814639322,0.31600530029850765,0.0,0.16015379352217757,0.011324583343228192,-2.0000000000734986e-05,9.978989249158932,0.7056210967467935
R:A:CYS:58,0.0,3.178019427851252,0.22471990881762122,-1.000000000000334e-05,0.9725207121187702,0.06876759903835526,-0.001985000000000241,2.4774821820499535,0.17518444511963668,0.0020149999999999916,1.7100116425846346,0.12091608283795419,0.0,0.06167800410132611,0.004361293495009938,1.9999999999764096e-05,4.484580914159084,0.31710775751816545
R:A:ASP:59,0.0,12.17951780128425,0.8612219628870362,-2.0000000000002238e-05,1.7125230502828277,0.12109366617932583,-0.08073499999999999,20.632941938957106,1.4589693160864883,0.08056499999999957,21.486608251926945,1.5193326399636373,0.0,0.15763518066186072,0.011146490519956823,-0.0001900000000003743,32.22872732746179,2.2789151642260426
R:A:LYS:60,0.0,4.960245006927582,0.3507422880745206,-4.4999999999997265e-05,1.5058748554826862,0.10648143219301195,0.08740000000000038,22.22926242500974,1.5718462201499703,-0.08735000000000018,19.116402483567615,1.3517337828022018,0.0,0.18573480183398833,0.013133433787915275,5.0000000002015095e-06,29.773866710580894,2.1053303053196153
R:A:SER:61,0.0,9.212415414417654,0.6514161410642202,-1.9999999999993358e-05,1.2556238536082371,0.08878601415059693,0.002040000000000468,10.06555474947854,0.7117422019760736,-0.0018599999999999966,3.59122000024365,0.253937601490504,0.0,0.08333109183367485,0.005892398011927042,0.00016000000000051306,14.165605762032069,1.0016595893948106
R:A:LEU:62,0.0,4.487041388125365,0.3172817393008145,-0.00010499999999997733,1.4876755204596868,0.10519454487222708,0.0009700000000004394,3.2356631338104407,0.2287959343552678,-0.0005850000000000008,1.177140021864434,0.0832363691866422,0.0,0.03226272333928629,0.0022813190452754826,0.00028000000000039994,5.848327479101805,0.4135392019072513
R:A:HIS:63,0.0,4.006840175094334,0.2833263858939897,-0.00013500000000000512,1.2494962624493922,0.08835272802452113,0.0032349999999996726,2.911061282311831,0.2058431173172302,-0.003330000000000002,1.906099676131865,0.13478160066103237,0.0,0.08061889417812457,0.005700616676511255,-0.00023000000000017562,5.452522560196198,0.38555156768873666
R:A:THR:64,0.0,5.406836355536387,0.3823210651765738,-4.500000000001059e-05,1.1112841728716378,0.07857965744628187,-0.0024350000000001515,3.895638633764045,0.27546324949868534,0.002349999999999981,1.8165149243262495,0.1284470021117659,0.0,0.11085652525205723,0.007838740074450741,-0.00013000000000018552,6.9969170277194905,0.4947567477700074
R:A:LEU:65,0.0,6.713301117151681,0.47470207440851786,-7.000000000000117e-05,1.4584358653537015,0.10312698903172729,0.0005099999999996996,5.093513493405117,0.3601657931251939,-0.0004049999999999977,1.0900422762328992,0.07707762853043028,0.0,0.12304873184386694,0.008700859270320337,3.4999999999554275e-05,8.62221896757345,0.609682950084646
R:A:PHE:66,0.0,4.662563081777018,0.32969299728345763,-0.00014499999999999957,1.5244636586927875,0.10779585907341245,0.0021200000000003174,1.6044456586466243,0.11345144052743446,-0.0024799999999999987,0.7668843696086132,0.0542269138136221,0.0,0.034898218463530306,0.0024676766926891858,-0.000504999999999749,5.217955474299961,0.368965169980697
R:A:GLY:67,0.0,2.5908926044029688,0.18320377298994142,-3.9999999999986715e-05,1.0517272832821254,0.07436834939676959,-6.000000000000227e-05,2.773868972284019,0.1961421560424989,-4.499999999999504e-05,0.916384000228616,0.06479813407325091,0.0,0.017331563014037946,0.001225526573578819,-0.0001449999999999385,4.043916895820376,0.28594810595894415
R:A:ASP:68,0.0,5.177213711635825,0.3660842923149667,-1.9999999999988916e-05,1.1239563780458741,0.07947571766741084,-0.10687499999999975,12.92651130017589,0.9140423797438906,0.10668499999999974,11.705057697669627,0.827672567220199,0.0,0.11946299509374922,0.008447309393164532,-0.00020999999999936846,18.225920038841572,1.2887671652828658
R:A:LYS:69,0.0,4.990985546517842,0.35291597247468126,-4.9999999999990055e-05,1.9527554887261231,0.13808066480774925,0.11585499999999925,12.56787850319118,0.8886832114735119,-0.11554999999999978,10.922331833207595,0.7723254905630785,0.0,0.13118893714625043,0.009276458707276943,0.0002549999999994412,17.49254995725908,1.2369100695022346
R:A:LEU:70,0.0,5.273579620788899,0.3728983910987012,-0.00015000000000001457,1.5048973897744657,0.10641231492994596,0.0013850000000001472,3.2039871441494583,0.22655610364626022,-0.0011400000000000036,0.7479713939382976,0.05288956447873247,0.0,0.011568605711266677,0.000818023954731009,9.500000000012499e-05,6.395348843434038,0.4522194535245752
R:A:CYS:71,0.0,2.934257321495509,0.207483324977575,-1.4999999999996128e-05,0.9485336590627663,0.06707145825069707,0.0006649999999999068,2.8607714840362553,0.2022870915787139,-0.0008350000000000092,1.3867211304999287,0.09805599149911749,0.0,0.05323321575067327,0.0037641567841667596,-0.0001850000000000232,4.429381997980548,0.31320460472376643
R:A:THR:72,0.0,5.806022110722625,0.4105477606211,-3.000000000000336e-05,1.098958814105424,0.07770812296986718,0.0017299999999997695,3.87290884061967,0.27385601041194985,-0.0017499999999999627,1.4667641894660506,0.10371589047730344,0.0,0.0956441999647303,0.006763066237622294,-5.000000000029203e-05,7.216479135529798,0.5102821333024354
R:A:VAL:73,0.0,4.298926909334468,0.30398003694157283,-4.999999999999893e-05,1.2103475634296126,0.0855844969693694,0.002999999999999794,2.8916465942089116,0.20447029155601062,-0.0028349999999999977,0.8212759918413541,0.05807298230567292,0.0,0.11489568055726083,0.008124351485108249,0.00011499999999974974,5.38470325032733,0.38075601829836986
R:A:ALA:74,0.0,3.205281758722625,0.22664764672063115,-2.0000000000002238e-05,0.9345320879188685,0.06608139766038547,0.0009700000000004394,1.6045025588948125,0.11345546398256898,-0.0009900000000000041,0.6605178488882795,0.04670566500436537,0.0,0.0007746348650248063,5.477495660025664e-05,-3.999999999970749e-05,3.7626977378483617,0.2660629085987859
R:A:THR:75,0.0,5.739686518338786,0.40585712590023604,-3.500000000000281e-05,0.9955628491335945,0.07039692417197645,0.0002599999999997493,4.782603637575457,0.3381811463857055,-0.00035999999999997866,1.7850726547538618,0.12622369790871285,0.0,0.07010220985439475,0.004956974796420494,-0.00013500000000027157,7.745956556300937,0.547721840773679
R:A:LEU:76,0.0,5.945272421411823,0.42039424451816654,-2.4999999999999466e-05,1.2470138616210327,0.08817719577858552,-0.00279000000000039,3.99075933710616,0.2821892989351297,0.0027099999999999984,1.1833394187214419,0.0836747327423279,0.0,0.0969197198012582,0.0068532591102169775,-0.00010500000000030984,7.364587798007527,0.5207549972614826
R:A:ARG:77,0.0,5.080794139890928,0.35926639901297475,-4.4999999999997265e-05,1.685484245543399,0.11918173396068293,0.097925,8.600118880578048,0.6081202379467198,-0.09775999999999975,6.629263886888197,0.46875974486937333,0.0,0.07082438540723125,0.0050080403194822775,0.00011999999999986244,12.106590220601683,0.856065204203419
R:A:GLU:78,0.0,3.715752974001367,0.2627434125130448,-3.0000000000001136e-05,1.0194072361426518,0.07208297694671052,-0.10504499999999997,7.385005034424485,0.5221987138938347,0.10494500000000023,7.559502755828255,0.5345375661044552,0.0,0.11672513926555275,0.00825371375096165,-0.00012999999999976808,11.249178517068993,0.7954370412197515
R:A:THR:79,0.0,4.6898389247393135,0.3316216906355795,-5.0000000000007815e-05,1.1015935270098494,0.07789442530598706,-0.001495000000000033,3.6825528553538787,0.2603958096098611,0.0015399999999999592,1.8342186059464123,0.1296988414443244,0.0,0.15191742423689036,0.010742184085829875,-5.000000000041638e-06,6.336933782943591,0.4480888849849535
R:A:TYR:80,0.0,4.047165718370079,0.28617783240452077,-0.0001250000000000373,1.5294806466820692,0.1081506136962477,-0.005159999999999982,2.3282603518399743,0.16463286831538226,0.00499499999999998,1.4776852144063026,0.1044881235565794,0.0,0.08654697866870686,0.0061197955507850095,-0.00028999999999997696,5.131345012651817,0.362840885505387
R:A:GLY:81,0.0,2.4074179428487272,0.17023015525385032,-2.000000000000668e-05,0.8805942814656474,0.06226741878984546,0.00015499999999974535,2.4381345288919154,0.17240214588245417,-0.00013000000000000565,1.6812436220102072,0.11888187659500501,0.0,0.0475104447946768,0.0033594957691505073,4.9999999998257e-06,3.9171985882757574,0.27698776850241585
R:A:GLU:82,0.0,3.988800548435582,0.282050791659942,-5.499999999999172e-05,1.2101809826116918,0.08557271792677267,-0.11559999999999998,9.018375635332008,0.6376954567030801,0.11541999999999937,8.830249114863635,0.6243929028686586,0.0,0.10712433963773872,0.007574834698797591,-0.00023500000000076682,13.29251450932132,0.9399227148561679
R:A:MET:83,0.0,4.122871336120012,0.29153102797301017,-9.500000000003616e-05,1.3644812634752446,0.09648339542053336,0.0018050000000001632,2.326498446351297,0.16450828278349694,-0.0017949999999999971,0.9644723757967358,0.0681984957192972,0.0,0.058231011104448185,0.004117554282730446,-8.49999999998452e-05,5.0205647100479895,0.3550075351860806
R:A:ALA:84,0.0,3.0498993328960875,0.21566045002271508,-1.9999999999993358e-05,0.7895231336382741,0.05582771616992764,0.0011099999999999,2.087404973334116,0.14760182117270776,-0.0012249999999999971,1.2022220073992158,0.08500993339236892,0.0,0.036895416852823985,0.0026088999451336268,-0.00013500000000021606,3.9660044464056945,0.2804388638269466
R:A:ASP:85,0.0,4.829094801119564,0.34146856808643455,-4.0000000000003364e-05,1.726899058182035,0.1221102034465179,-0.10041000000000018,8.31338148033037,0.5878448419332264,0.10016999999999954,7.421669909764244,0.5247913120922449,0.0,0.07497296435407291,0.005301389150042226,-0.0002800000000007685,12.267903398206803,0.8674717683813521
R:A:CYS:86,0.0,3.2141335609772024,0.22727356366062454,-3.0000000000001136e-05,0.9768066426371188,0.06907066009167713,0.0020199999999998396,1.6488358816449864,0.11659030329748696,-0.0020100000000000005,0.6928695080244187,0.04899327276014535,0.0,0.004961300599154218,0.0003508169297166828,-2.0000000000314522e-05,3.8057270394963463,0.269105539697287
R:A:CYS:87,0.0,2.9761542830975682,0.21044588754356783,-4.499999999998838e-05,0.7518244804972768,0.053162018842167764,0.00018500000000024386,1.977368742894203,0.13982108470068097,-0.0002600000000000258,1.1893250163012634,0.08409797840614246,0.0,0.04664459203416713,0.0032982707333039595,-0.00011999999999986133,3.8404936172341224,0.2715639079849901
R:A:ALA:88,0.0,3.631554581608267,0.2567896870904281,-1.5000000000000568e-05,0.733475027778724,0.051864516597332704,0.0020800000000006946,2.144734218732009,0.15165561099082356,-0.002110000000000005,1.1922374525026462,0.08430391874491955,0.0,0.059219711158733895,0.0041874659340249394,-4.49999999993711e-05,4.4442092977170535,0.3142530531428033
R:A:LYS:89,0.0,5.312233015427693,0.3756315988451983,-2.9999999999992255e-05,1.370168687187822,0.09688555700799784,0.10481499999999969,12.540717577566088,0.8867626440042314,-0.10464000000000037,12.481185508322115,0.8825530910181834,0.0,0.13443657194026082,0.009506101165843156,0.00014499999999916468,18.524709014903582,1.3098947363945892
R:A:GLN:90,0.0,4.189437124268605,0.2962379399924999,-2.9999999999992255e-05,1.3331370796358488,0.0942670269261739,-0.0038199999999996947,7.4480555063452645,0.5266570555190541,0.0038300000000000656,5.373972212186252,0.37999721931449704,0.0,0.09675686659439375,0.006841743649525795,-2.0000000000166552e-05,10.182883086114815,0.7200385682221584
R:A:GLU:91,0.0,4.59522455292448,0.3249314442447821,-3.499999999998949e-05,1.8850150699066044,0.1332906938569794,-0.10237500000000001,14.523643432419947,1.026976675859961,0.10229999999999968,13.05720997644405,0.9232841717720227,0.0,0.14461261298598088,0.010225655928749286,-0.00011000000000024102,20.152350588316857,1.4249863757847558
R:A:PRO:92,0.0,3.1174839095334566,0.22043940126710565,-4.0000000000004476e-05,1.3230274845973533,0.0935521706054969,-0.0033449999999999847,2.0954543744436434,0.1481709997836115,0.0032599999999999964,1.740872828324918,0.12309829820919538,0.0,0.1737341160287442,0.012284857156737548,-0.00012499999999995737,4.349811310165912,0.3075781074300257
R:A:GLU:93,0.0,4.419675829266214,0.31251827495204176,-6.99999999999923e-05,1.3933299560046788,0.09852330603212622,-0.0987749999999999,15.974188456049184,1.1295456981224243,0.09865999999999957,15.709091147548925,1.1108004876709408,0.0,0.14568208413602862,0.0103012789589975,-0.0001850000000001728,22.878950316461484,1.6177860915200022
R:A:ARG:94,0.0,5.7129332899614695,0.40396538697981277,-6.499999999997286e-05,1.8099089338624197,0.12797988804642316,0.11336000000000045,12.94366874255518,0.915255594129312,-0.11302999999999962,9.94265447325562,0.703051840103381,0.0,0.07520857715774179,0.00531804949116309,0.0002650000000019759,17.387178377932777,1.2294591736736382
R:A:ASN:95,0.0,4.029882298504511,0.284955710065617,-0.00012000000000000011,1.546612421584671,0.10936201311698683,-0.006840000000000188,4.580663634060025,0.32390183179784576,0.00753500000000001,2.4048083809058465,0.17004563135927658,0.0,0.08889754532654516,0.006286005713123856,0.0005749999999999034,6.738356385146164,0.4764737493988524
R:A:GLU:96,0.0,4.101851695880776,0.29004471495788364,-0.0001399999999999979,1.047345097735221,0.07405848208510621,-0.14864,11.812790058745648,0.8352903955272083,0.14816999999999972,11.037980262427995,0.7805030694166103,0.0,0.1268757983895786,0.008971473740972827,-0.0006099999999992178,16.712786536144026,1.1817724692230671
R:A:CYS:97,0.0,2.9220695860896266,0.2066215219422943,-5.9999999999993395e-05,1.1055119117178251,0.0781714969458178,-0.0031399999999996452,2.441897378269611,0.1726682195136094,0.003860000000000018,1.631367710894757,0.1153551170982458,0.0,0.08199577120242804,0.005797976584585749,0.0006600000000004414,4.288542173460008,0.3032457252258067
R:A:PHE:98,0.0,4.043009619553236,0.2858839518388537,-0.00016500000000002401,1.226615570329596,0.08673481876890618,-0.004750000000000583,1.899354045011093,0.13430461251014428,0.005545000000000009,0.974610963141191,0.06891540210558884,0.0,0.014207273574716859,0.0010046059486854733,0.0006299999999993189,4.733722288598311,0.3347247130521769
R:A:LEU:99,0.0,4.428126849673572,0.31311585233584066,-0.0003599999999999426,1.4675551624215015,0.10377182071135689,-0.007334999999999922,2.886376226044519,0.20409762024917144,0.008335000000000002,1.4232247058265255,0.10063718406421654,0.0,0.07130183368327657,0.005041801010848025,0.0006399999999999606,5.667790202943877,0.40077328868442935
R:A:GLN:100,0.0,4.280151130485931,0.3026523888869869,-0.00016499999999998848,1.0976561173131594,0.07761600839630314,-6.500000000013273e-05,4.001042673400898,0.28291644061785276,-3.999999999987569e-05,3.319047406824735,0.2346920928445396,0.0,0.10835892889763782,0.0076621333425630645,-0.0002699999999999747,6.82354031806597,0.4824971630604259
R:A:HIS:101,0.0,4.074221741633609,0.2880909821566791,-0.0002450000000000285,1.415415786783163,0.1000850101032867,0.0016299999999996118,2.818277883805995,0.1992823402907292,-0.0008449999999999802,1.9216029133187222,0.1358778450755494,0.0,0.0969830151303579,0.006857734765859361,0.0005399999999994254,5.499758025724747,0.3888916194875107
R:A:LYS:102,0.0,4.8938637735382455,0.346048426047208,-0.0006950000000000323,1.2482671378254735,0.08826581578887151,0.30276500000000056,6.982856604132367,0.4937625256835264,-0.2812399999999999,6.493072467822918,0.4591295572733256,0.0,0.05001185360356083,0.0035363720822786733,0.02083000000000048,10.7903128357384,0.7629903377274867
R:A:ASP:103,0.0,3.972676569870746,0.2809106542016518,-0.0007100000000000039,1.687297382650729,0.11930994211506434,-0.26779,10.034921423715783,0.7095760987383594,0.2703500000000004,8.756066259259919,0.6191473828441415,0.0,0.06169905829826344,0.004362782251552621,0.0018499999999999517,14.000045809810583,0.9899527329039374
R:A:ASP:104,0.0,3.8356376360391504,0.2712205382617622,-0.002464999999999955,1.5198228137763297,0.1074677017823262,-0.40963000000000016,7.651335775608073,0.5410311412067701,0.42044000000000037,7.237640803466279,0.5117784891923458,0.0,0.071652058268809,0.005066565628784847,0.008344999999999913,11.311653063492939,0.7998546587625441
R:A:ASN:105,0.0,4.283354971864929,0.3028789346834805,-0.0017650000000000166,1.2215364406250842,0.08637567006324755,-0.008689999999999998,4.795624273434065,0.3391018443768037,0.018999999999999993,3.258382581895502,0.23040244193584405,0.0,0.1452283406891203,0.010269194452174717,0.008544999999999697,7.3126904476850605,0.5170853004276196
R:A:PRO:106,0.0,3.748593407773108,0.2650655818547553,-0.0008899999999999464,1.1158941544340126,0.07890563236867189,-0.005770000000000017,2.1784179085634605,0.15403740754034392,0.004239999999999999,1.4853706460678426,0.10503156564100147,0.0,0.04551085531834356,0.003218103441320058,-0.002419999999999405,4.71710441682202,0.3335496520699865
R:A:ASN:107,0.0,4.822187669180866,0.3409801601031942,-0.0002700000000000147,0.8406211889727737,0.05944089431317465,0.0003299999999997638,6.6424315104749105,0.46969083646240106,1.9999999999975594e-05,4.789898280689267,0.3386969555469166,0.0,0.09282325266427949,0.006563595141070429,7.999999999952934e-05,9.541162191635,0.674662048610581
R:A:LEU:108,0.0,4.656647908506718,0.3292747313703254,-0.0006300000000000283,1.373653121825157,0.09713194374406392,0.0015200000000002234,2.9154637711263023,0.20615442028671127,0.0005400000000000093,1.7390505607802207,0.12296944443539622,0.0,0.07549613639440364,0.005338382999786732,0.001430000000000443,5.924628103367373,0.4189344707899463
R:A:PRO:109,0.0,3.4981928233803803,0.24735958673103814,-0.000499999999999986,0.9916340311828754,0.07011911479047635,-0.01635500000000029,4.217517772834515,0.298223541694607,0.016140000000000012,1.4833933594802156,0.10489175036555544,0.0,0.0947749857256059,0.006701603509343418,-0.0007149999999999767,5.763469909906209,0.40753886564593
R:A:ARG:110,0.0,6.171280853757184,0.4363754540298411,-0.0013900000000000002,1.3143268731559894,0.09293694447043113,0.2760349999999999,11.681384827402741,0.8259986425106126,-0.2637250000000001,9.546487021809384,0.6750385709630783,0.0,0.298953371347513,0.021139195613840655,0.010920000000000272,16.35517354133364,1.1564854118559817
R:A:LEU:111,0.0,5.445752038786747,0.3850728195286575,-0.002435000000000046,1.7189226123578105,0.12154618355331029,0.007039999999999722,4.378338444335933,0.3095952804319697,-0.0013049999999999995,2.5321849563124332,0.1790525153827083,0.0,0.3229797924899215,0.022838120145584742,0.0032999999999986152,7.6352494620481695,0.53989366706652
R:A:VAL:112,0.0,4.697961623406474,0.33219605216648795,-0.0007749999999999735,1.0465835021989407,0.0740046291482837,-0.015215000000000067,4.089885426154992,0.2891985719110228,0.019319999999999997,1.9627649088849126,0.13878843769475177,0.0,0.14033225369470795,0.009922988820671892,0.003330000000000581,6.615548538868642,0.46778992331027724
R:A:ARG:113,0.0,6.447898117336376,0.4559352483168524,-0.0030400000000000136,2.093230000358298,0.14801371278364717,0.44384500000000016,17.337501060402996,1.2259464568639917,-0.4171250000000001,14.71183101573951,1.040283547489998,0.0,0.40826684870421953,0.028868825725241586,0.023680000000000378,23.73079431120777,1.678020558039816
R:A:PRO:114,0.0,3.4329011229570825,0.24274276631858668,-0.0009499999999999953,1.0222706483852504,0.07228545076811793,-0.0010699999999992827,3.0710929679106105,0.2171590663263913,0.0019699999999999783,2.2190305438073628,0.15690915451862583,0.0,0.18964282296515833,0.013409772612202338,-4.9999999999710276e-05,5.217424687597531,0.36892763769303183
R:A:GLU:115,0.0,4.566003832039567,0.32286522725589395,-0.00036999999999998145,1.435348482947608,0.10149446456580771,-0.1970899999999998,14.231852258841784,1.006343924107211,0.1973749999999996,13.923056000055269,0.9845087312479128,0.0,0.1380939624410423,0.009764717728298141,-8.499999999990849e-05,20.47742154916819,1.4479723638632365
R:A:VAL:116,0.0,4.529807990279499,0.320305794739964,-0.0006350000000000278,1.5629772222508556,0.11051917926936936,0.0028349999999999296,3.6763260023119546,0.2599555046087214,-0.001575000000000002,1.9092778800046366,0.1350063336120754,0.0,0.25557759721437767,0.018072065210965053,0.000624999999999738,6.339407940227768,0.44826383432428984
R:A:ASP:117,0.0,12.352786632009394,0.8734739194044375,-0.0002499999999999841,1.6355263300540288,0.11564917587903512,-0.17080999999999996,14.337790457023006,1.0138348859392736,0.1698149999999994,12.836259104477245,0.9076605857843419,0.0,0.2501523190414784,0.017688440112377007,-0.001245000000001042,22.92750843684823,1.6212196691407161
R:A:VAL:118,0.0,4.5943943353613,0.3248727389979036,-0.00026500000000000856,1.5775241637055832,0.11154780336418552,0.004594999999999807,4.214611245236624,0.29801801915718956,-0.00417999999999999,1.6310971965520633,0.11533598884563309,0.0,0.12123364918435395,0.008572513544624762,0.0001499999999996926,6.635899743564888,0.4692289707948804
R:A:MET:119,0.0,3.9242084439795,0.27748344015274146,-0.0009949999999999902,1.3109679876621703,0.09269943539944027,1.9999999999349426e-05,2.3453463635036935,0.1658410317864671,0.0031550000000000154,1.2831367245445826,0.09073146791149694,0.0,0.13319987115726092,0.009418653214847361,0.0021799999999992685,4.9277662891848175,0.3484456959185054
R:A:CYS:120,0.0,3.3158648585248467,0.2344670526961091,-0.0004349999999999987,1.3616786841156763,0.09628522313353695,-0.0027150000000004584,3.4562839527988722,0.24439618207303276,0.002434999999999975,2.159137716282822,0.1526740920699219,0.0,0.1164469313608476,0.008234041481361979,-0.00071500000000014,5.428670456644827,0.3838649692720629
R:A:THR:121,0.0,5.248694022021097,0.3711387135344412,-0.00023000000000003017,1.2538268318830954,0.0886589455258182,0.0026549999999998875,5.285140837610196,0.3737158925800119,-0.002634999999999994,2.310026762913149,0.16334355887782964,0.0,0.11342216020001439,0.00802015786142571,-0.00021000000000020335,7.8995362247618335,0.5585815632757871
R:A:ALA:122,0.0,3.161286740521966,0.22353672914981998,-0.00018500000000000184,1.0907585793267913,0.07712827880793788,0.005745000000000182,3.3148716965178306,0.2343968255371113,-0.005604999999999991,2.1279580640546,0.15046935771736053,0.0,0.08950459745573189,0.006328930780832022,-4.499999999994619e-05,5.1679859804270665,0.36543179318369867
R:A:PHE:123,0.0,4.309989471164633,0.3047622781903134,-0.0009300000000000619,1.4659143416652969,0.10365579716301448,0.003680000000001229,2.509129529846955,0.17742225054301955,-0.0028249999999999443,2.281505532356869,0.1613268033244166,0.0,0.0884327632736141,0.00625314065898372,-7.499999999962536e-05,5.67747593072795,0.40145817306411385
R:A:HIS:124,0.0,4.6627363444173,0.3297052488022446,-0.00026999999999997913,1.3348088823123705,0.09438524122711134,-0.0008850000000001046,4.684833457271987,0.33126775063666397,0.0011299999999999687,3.972133464317381,0.2808722508396833,0.0,0.2657617814199984,0.01879219578222979,-2.4999999999737455e-05,7.830642571017944,0.5537100463014849
R:A:ASP:125,0.0,11.719270503713105,0.8286775643735023,-0.00010000000000001563,0.9222852840634507,0.06521541785498272,-0.13261,11.070832336491236,0.7828260618512263,0.1322900000000009,7.688652114834563,0.5436698048583809,0.0,0.07925039127365446,0.005603848908128826,-0.0004199999999987369,17.885102512274482,1.2646677268645843
R:A:ASN:126,0.0,11.512132499376474,0.8140306956227142,-0.00020999999999998797,1.61331139404332,0.11407834268935538,-0.006449999999999889,11.547237485420485,0.8165129929912321,0.006459999999999988,3.7465859942286124,0.26492363628175947,0.0,0.08526826639671647,0.0060293769389139235,-0.00019999999999996022,16.808177746902082,1.1885176464223288
R:A:GLU:127,0.0,4.285574985833289,0.3030359133766161,-0.0004900000000000038,1.5273873503142545,0.10800259529057622,-0.17171999999999982,18.525063937453766,1.3099198332087922,0.174,18.957175623752605,1.3404747435699784,0.0,0.19690822650967213,0.013923514223640587,0.0017900000000000914,26.894057697627503,1.9016970571614673
R:A:GLU:128,0.0,4.481245282145355,0.31687189271652033,-0.000314999999999972,2.054184067403649,0.14525274838664842,-0.1642349999999999,17.142167177412983,1.212134265538218,0.16349999999999973,16.002123265396687,1.1315209874345016,0.0,0.25362873029392197,0.017934259509456617,-0.0010499999999998976,23.964294346666676,1.694531503887845
R:A:THR:129,0.0,5.718772066409887,0.40437825082186357,-0.00023999999999999578,1.2771353110575245,0.09030710389415662,-0.007110000000000092,5.620449479369955,0.3974257940178896,0.0071350000000000025,2.367542213113633,0.16741051536380563,0.0,0.11302371309595169,0.007991983396503024,-0.00021500000000039597,8.458304285791982,0.5980924317822748
R:A:PHE:130,0.0,4.2763524262565165,0.3023837799349528,-0.001029999999999971,1.7482780351963472,0.12362192540868307,-0.01045499999999958,2.5367864358623096,0.17937788912202918,0.015124999999999993,1.430707784865589,0.10116631765748421,0.0,0.12037212687011078,0.008511594717570277,0.0036400000000011814,5.462633595407733,0.3862665258450259
R:A:LEU:131,0.0,4.365790644980586,0.3087080170306563,-0.001670000000000007,1.464490182111167,0.10355509387519281,-0.01481999999999978,3.011993722196314,0.21298011858563237,0.017184999999999995,1.5393338232414047,0.10884733849238115,0.0,0.0907612764748722,0.00641779140645292,0.0006950000000001282,5.714433643024682,0.40407147796232995
R:A:LYS:132,0.0,4.5167148917714535,0.3193799728657858,-0.00063499999999991,1.3153171848550447,0.09300697008222017,0.17594500000000024,17.847809786118717,1.2620307329092169,-0.17408499999999996,16.02197485687626,1.1329247069297566,0.0,0.15782532130404567,0.011159935493703638,0.0012250000000006134,24.44184268868081,1.7282992709861038
R:A:LYS:133,0.0,4.875282179397413,0.3447345089249841,-0.000649999999999995,1.1951027379685812,0.08450652502321934,0.2155600000000004,11.617710843449323,0.82149621192675,-0.21271499999999988,11.448707666648449,0.8095458826909534,0.0,0.13146388776251328,0.009295900651802032,0.0021950000000009328,17.066283781632446,1.20676849916463
R:A:TYR:134,0.0,4.346411306900211,0.3073376908935023,-0.007859999999999952,1.2715020400101607,0.08990877147837134,-0.019695000000000604,2.5754710791377566,0.1821133064808143,0.04389500000000001,1.3091758090397942,0.0925727092337423,0.0,0.09072472405630226,0.0064152067601489626,0.016340000000000247,5.372451232026689,0.37988966977600935
R:A:LEU:135,0.0,5.2704269241874515,0.3726754617841105,-0.0021250000000000257,1.3353039853063422,0.09442025029555365,-0.017845000000000156,3.334925333943026,0.2358148318381925,0.021215,0.8685290132603516,0.06141427549336555,0.0,0.03474758803382174,0.0024570255128591885,0.0012450000000000872,6.437213195249881,0.4551797102304714
R:A:TYR:136,0.0,4.244895456751556,0.3001594362896992,-0.0010800000000000499,1.3193230363902542,0.09329022656071749,-0.0064550000000001976,2.732634258362249,0.19322642145906183,0.006854999999999969,1.6954854088652604,0.11988892300114717,0.0,0.07053902577261674,0.004987862346210994,-0.000679999999999561,5.486956098685951,0.38798638654537193
R:A:GLU:137,0.0,4.03421632646912,0.28526217212197974,-0.0017499999999999404,1.7271733142623527,0.12212959627993535,-0.34788999999999987,14.411394389688668,1.0190394699302623,0.3512349999999999,11.739511530441758,0.8301088210993032,0.0,0.10325764048905305,0.007301417779913202,0.0015950000000004394,19.09903427912245,1.3505056652881808
R:A:ILE:138,0.0,5.892604547379706,0.4166700634302877,-0.00757000000000001,1.6940275993914622,0.1197858403046871,-0.002870000000000381,3.2085696933524757,0.2268801388079177,0.009640000000000004,1.1147254697906566,0.07882299388503332,0.0,0.0580818729418779,0.004107008622121731,-0.0008000000000009258,7.009523786489668,0.49564818023152496
R:A:ALA:139,0.0,3.1696939380325038,0.22413120778686757,-0.0013349999999999662,0.8031518745386828,0.05679141368089898,-0.008339999999999322,2.1722639807698325,0.15360225913296327,0.01217,1.0142903232063294,0.07172115656310905,0.0,0.0003022698748601985,2.1373707826205546e-05,0.0024950000000009396,4.054568823887698,0.2867013110158556
R:A:ARG:140,0.0,5.811657943323919,0.4109462741661007,-0.0012349999999999462,1.9391730899471042,0.13712024417960683,0.2823500000000003,11.361292539033576,0.8033646997394769,-0.2710050000000004,8.86618238743006,0.6269337689388529,0.0,0.06394691909193437,0.004521730012589429,0.010109999999999104,15.659757591230822,1.1073120784496828
R:A:ARG:141,0.0,6.066589137526127,0.4289726317817373,-0.003279999999999994,1.7652962501517984,0.12482529492855204,0.3905800000000001,10.770725469614383,0.7616053017862991,-0.35819,7.918336891715331,0.5599109711851519,0.0,0.19016834724216128,0.013446932790197031,0.029110000000001433,14.787309589210025,1.0456206886035269
R:A:HIS:142,0.0,4.367102150116253,0.3088007544481554,-0.011665000000000054,1.4404146881280402,0.10185269936960431,0.011760000000000374,3.304517981491401,0.23366470732654518,0.004914999999999909,1.5451954887246466,0.1092618208336059,0.0,0.0843877377602971,0.005967114161929815,0.0050100000000003675,5.870346254011282,0.4150961644124424
R:A:PRO:143,0.0,3.39674575550629,0.24018619576851202,-0.0017299999999999737,1.2231331605961797,0.08648857521516931,0.005170000000000207,1.7332708013319786,0.12256075372544832,-0.0020949999999999983,0.7885291851764271,0.055757433400175443,0.0,0.005351525938941902,0.00037841002811215245,0.0013450000000001406,4.081662779009907,0.28861714295546337
R:A:TYR:144,0.0,4.036215602046056,0.28540354225377096,-0.0037900000000000134,1.0959162660303932,0.07749298233227314,0.0010000000000002273,2.481728858830069,0.17548473051450938,0.003915000000000026,1.6948992258464808,0.11984747360238762,0.0,0.07821791739905,0.0055308419803157495,0.0011250000000003358,5.150713388015028,0.3642104364613763
R:A:PHE:145,0.0,4.497205118982233,0.3180004236019191,-0.026929999999999968,1.3116890750097754,0.09275042397477222,0.034964999999999476,2.5796273803739562,0.18240720135969138,-0.02969000000000001,1.134528257691275,0.08022326244612593,0.0,0.02093524528338104,0.0014803453905682417,-0.02165500000000092,5.466941757991398,0.3865711589427623
R:A:TYR:146,0.0,4.326256161804339,0.3059125069161933,-0.010524999999999975,1.2113878405263114,0.08565805566830828,-0.006510000000000104,2.495725560132764,0.1764744467550472,0.0021300000000000073,1.2699657733576917,0.08980014102160419,0.0,0.06458344446936994,0.004566739153667631,-0.014905000000000713,5.294297218330732,0.3743633464698736
R:A:ALA:147,0.0,2.9916170025506275,0.21153926692165217,-0.0021550000000000002,1.0558980418937238,0.07466326656646494,-0.005190000000000481,1.6356175786228264,0.11565562812721215,0.01225,0.9179414755582189,0.06490826420996021,0.0,0.005501639583152643,0.00038902466568915643,0.004904999999999537,3.6854558264769777,0.26060108066653426
R:A:PRO:148,0.0,3.324193772022022,0.23505599581748599,-0.003984999999999976,1.084104372454516,0.07665775532765749,0.009734999999999872,1.558309968611829,0.11018915459960202,0.00229000000000001,1.3697665424261174,0.09685712107919583,0.0,0.04931011309828441,0.0034867515352872505,0.008039999999999704,4.066026112877752,0.28751146368974373
R:A:GLU:149,0.0,3.940338504335636,0.27862400765861867,-0.04677499999999998,1.629652181655644,0.11523381086241571,-0.7501049999999989,16.864510289465123,1.1925009587071094,0.9406400000000004,15.251845521522961,1.078468339387856,-9.507600000000032e-05,0.12826633811079163,0.009069799747610725,0.14366492400000166,23.13501642816128,1.635892699921502
R:A:LEU:150,0.0,4.739987420737528,0.33516772479424384,-0.009145000000000127,1.4865226982374,0.10511302803113894,-0.001010000000000133,2.408386783461078,0.17029866263053853,0.007929999999999998,0.7126485385517884,0.050391861421265234,0.0,0.0023059090085708065,0.0001630523896759566,-0.002225000000000148,5.566455841609755,0.3936078672777728
R:A:LEU:151,0.0,4.5416508354562,0.32114321035326276,-0.004379999999999988,1.1791058997392896,0.0833753777442717,-0.0016799999999995664,2.881865442521562,0.2037786596874167,0.00844999999999999,1.154736609166783,0.08165220868261923,0.0,0.1237650044357805,0.008751507391012353,0.0023900000000005805,5.627678551203239,0.39793696658938954
R:A:PHE:152,0.0,4.232452156280092,0.29927956207532785,-0.049034999999999974,1.5448062925736028,0.10923430050984442,0.009704999999999232,2.452252124349167,0.17340041063064127,0.026225000000000005,1.0609656766714934,0.0750216024580587,-0.0013140719999999995,0.1809311157891726,0.012793761890217236,-0.014419072000001067,5.241374099783922,0.37062111686927474
R:A:PHE:153,0.0,4.4222121378276285,0.31269761905033755,-0.09045500000000004,1.0811589036654141,0.07644947923220276,-0.0005450000000003997,2.235262106101877,0.15805689929539612,0.04069,0.9728270507649341,0.06878926045175947,0.0,0.03063202059665852,0.0021660109485343235,-0.05031000000000004,5.1641642345384255,0.3651615549403157
R:A:ALA:154,0.0,3.0879187588973256,0.21834882941694464,-0.005425000000000026,1.0575090834952672,0.07477718441058742,-0.009355000000000047,2.1675189332448745,0.15326673360476822,0.013144999999999995,0.7921780150161958,0.05601544463248507,0.0,0.023412453882001173,0.0016555104904180339,-0.001635000000000133,3.9974742275181434,0.28266411338965347
R:A:LYS:155,0.0,5.007268471926586,0.35406734917208904,-0.008859999999999962,1.1880156513068336,0.0840053923194815,0.1617050000000009,12.870790570123308,0.910102329136606,-0.11109000000000012,12.035249271265636,0.8510206372982385,0.0,0.16271416567467503,0.011505628994367408,0.041755000000001236,18.357970191687485,1.2981045211362725
R:A:ARG:156,0.0,6.364466492012507,0.45003574151366016,-0.5403049999999999,1.6345526370768853,0.11558032538834193,0.1972849999999998,13.135269017004372,0.9288037794633347,0.13742000000000004,11.967223224374148,0.8462104693928101,-0.10783555199999999,0.11763977830798397,0.008318388497885758,-0.3134355520000012,18.945758338473556,1.3396674195856229
R:A:TYR:157,0.0,4.998404305055764,0.35344055792169626,-0.013705000000000007,1.2804207691907377,0.09053942086668658,0.01595999999999904,2.735051149640533,0.19339732148028838,-0.002665000000000002,1.0478967116443298,0.07409748707867898,0.0,0.06287732754301671,0.0044460984688554795,-0.0004100000000014914,5.933470216552784,0.41955970260928865
R:A:LYS:158,0.0,5.060748656863924,0.35784896931491933,-0.00403999999999995,1.6575526704753605,0.11720667334669982,0.19998500000000072,18.661176286728953,1.3195444297263639,-0.18208499999999986,16.663322091116015,1.1782748047723735,0.0,0.16178454032240078,0.011439894555311803,0.013860000000000898,25.579105449125606,1.8087158919762485
R:A:ALA:159,0.0,3.5039892779444974,0.24776945796395083,-0.006555,0.7607405575325927,0.05379248069549312,0.005845000000000269,3.8503285533152876,0.2722593429845429,0.005984999999999995,2.3440256822985113,0.1657476455228701,0.0,0.06874578284218459,0.004861060922568653,0.0052749999999999984,5.760284663645851,0.4073136347228852
R:A:ALA:160,0.0,2.9893365083242127,0.2113780116284567,-0.00970499999999997,0.9914493675801099,0.07010605710190097,0.02504000000000019,2.2717508281389494,0.1606370415743206,-0.015539999999999993,1.3837534509261395,0.09784614486401598,0.0,0.0738893844101519,0.005224768477411797,-0.00020500000000000962,4.123128628566359,0.29154922129636623
R:A:PHE:161,0.0,4.301177186282844,0.3041391555505473,-0.00392500000000008,1.3690053393522612,0.09680329589365745,0.00655999999999878,2.37767579055682,0.16812706749658127,-0.004515000000000004,1.075465769829519,0.07604691387804635,0.0,0.027037144508818823,0.0019118148226106417,-0.0018800000000013578,5.2139237241479846,0.3686800821934458
R:A:THR:162,0.0,6.447607704815795,0.455914713050588,-0.001955000000000018,1.4976259121940299,0.10589814381930875,0.009650000000000247,7.35751958343979,0.5202551990163098,0.00010500000000000342,3.384250746749567,0.2393026652262256,0.0,0.17240639375439962,0.0121909730143654,0.007800000000000304,10.460903402204679,0.7396975733036354
R:A:GLU:163,0.0,4.277425077537887,0.30245962783444336,-0.007864999999999997,1.1804756332830422,0.08347223253199232,-0.2881649999999999,15.289748261429125,1.0811484678291758,0.36321000000000064,14.438687120779022,1.0209693574533714,0.0,0.10902868740855477,0.007709492421045743,0.06718000000000071,21.493111988240045,1.5197925235686414
R:A:CYS:164,0.0,3.2476540662761484,0.22964382132119296,-0.0029400000000000493,1.110312491148325,0.07851094917271091,0.005829999999999842,2.676120907834697,0.1892303241205014,-0.0005050000000000016,1.1613876590850274,0.0821225089325393,0.0,0.015792303825761207,0.0011166845125754007,0.002384999999999802,4.504524899152531,0.3185180102214404
R:A:CYS:165,0.0,3.25490476185556,0.23015652292244512,-0.0008449999999999402,0.978893963856658,0.0692182559905622,0.002755000000000152,3.2111869459554985,0.22706520651428524,-0.0005399999999999997,1.967284940660605,0.13910805220672884,0.0,0.08949187761833136,0.006328031352503872,0.0013699999999998874,5.073714500936139,0.35876579294164634
R:A:GLN:166,0.0,4.420550826034013,0.31258014656684446,-0.0009600000000000053,1.2996602517581277,0.09189985772567877,0.008059999999999939,4.305802416246013,0.3044662086976977,-0.0016099999999999249,4.060434450763859,0.2871160734698599,0.0,0.13936268262010906,0.009854429792502773,0.005489999999999995,7.501791166751916,0.5304567405055622
R:A:ALA:167,0.0,3.4654991325853772,0.24504779368472185,-0.0006100000000000238,1.1085438827128136,0.07838588967090952,0.003939999999999841,4.207630949762586,0.29752443773075177,-0.0020350000000000116,2.3283500452627393,0.16463921059812878,0.0,0.08046406918245565,0.0056896688960777885,0.0012949999999996426,6.030787708662476,0.4264410884691718
R:A:ALA:168,0.0,3.630156570066917,0.25669083274632154,-0.0003050000000000097,0.4927498415778538,0.03484267544082974,-0.000644999999999456,3.3944717736895385,0.24002540097222003,0.0015949999999999615,2.6520505722317966,0.1875282943674767,0.0,0.07748390884142507,0.005478939737461195,0.0006450000000001221,5.65532083490887,0.39989157121496294
R:A:ASP:169,0.0,6.480625218198474,0.458249403811669,-0.0009799999999999898,1.3164275919320438,0.09308548771962254,-0.1913849999999998,14.621933403547391,1.0339268263706456,0.19994999999999996,11.784432244885624,0.8332851952792033,0.0,0.09177644292028685,0.006489574514211493,0.007584999999999482,19.910140319221764,1.40785952340974
R:A:LYS:170,0.0,4.3578332021258,0.308145340850304,-0.0010850000000000115,1.5344362402442795,0.10850102707751204,0.15276499999999948,12.59571754799126,0.8906517292095012,-0.14718000000000026,12.115276956206985,0.8566794491687074,0.0,0.15723321530264414,0.01111806727682641,0.0044999999999992555,18.07766476487752,1.278283934326201
R:A:ALA:171,0.0,3.212399429017196,0.22715094201378525,-0.0010849999999999716,0.7259642056430882,0.05133342127089329,-0.03161000000000016,2.008999096440812,0.1420576884490945,0.03240499999999998,1.1799945086206967,0.08343821188085826,0.0,0.0935672667766003,0.006616204883482482,-0.00029000000000017955,4.0353132917670775,0.28533973928207096
R:A:ALA:172,0.0,2.966066618402223,0.20973258193232636,-0.002145000000000008,0.49026218442278413,0.03466677151646804,-0.0329399999999999,2.1541303043687954,0.15232001457786168,0.04291,1.4095231018858825,0.09966833435826045,0.0,0.06765122931026185,0.004783664300089228,0.007824999999999355,3.958474153768367,0.27990639172812926
R:A:CYS:173,0.0,3.346052004011594,0.2366016062239435,-0.005109999999999941,0.9663808946269581,0.06833344837998445,-0.05888999999999953,3.7516610466765252,0.2652824966818392,0.07781499999999998,2.868186568090542,0.20281141720049933,0.0,0.08903677170710286,0.0062958505049050964,0.013815000000001023,5.868503931351758,0.41496589252787414
R:A:LEU:174,0.0,4.286541278723442,0.3031042406021401,-0.006669999999999941,1.484162796831938,0.10494615780246555,-0.0644000000000002,2.187034316191678,0.15464667956668193,0.063995,0.9527311030269768,0.06736826235977146,0.0,0.01268591179944871,0.000897029425892462,-0.007075000000000435,5.125246523722852,0.36240965721772084
R:A:LEU:175,0.0,4.842392561534019,0.34240886174280005,-0.006459999999999963,1.5559099955974318,0.11001945088028753,-0.06246000000000052,3.172859116380682,0.22435501969423371,0.068975,1.6399171836940425,0.11595965611744025,0.0,0.17198636807862056,0.012161272714003817,5.5000000000013094e-05,6.217359912935705,0.43963373555142393
R:A:PRO:176,0.0,3.435495566282978,0.24292622116550117,-0.028379999999999957,0.8049641656620498,0.056919562015180676,-0.13377500000000037,2.469870765075574,0.17464623666393445,0.162645,1.789109099293556,0.12650911763930298,-0.0001961279999999993,0.09920609133931324,0.007014929992104041,0.00029387199999973744,4.664934287624941,0.3298606668569232
R:A:LYS:177,0.0,4.8865906910851455,0.3455341414549364,-0.16039999999999993,1.7417802679873255,0.12316246388307599,1.195244999999999,17.54077850523388,1.2403203428342109,-0.79356,16.692436525145155,1.1803335061456148,-0.026940456000000005,0.12996700330162278,0.009190054936507187,0.2143445439999988,24.76380031864601,1.751065113326418
R:A:LEU:178,0.0,4.501578408952797,0.31830966190134724,-0.024019999999999993,1.4459629545738715,0.10224502105237203,-0.0868249999999997,2.846928297318884,0.20130823045860544,0.09593499999999999,1.2987098807566684,0.09183265634770127,0.0,0.11333630109652655,0.008014086705995427,-0.014910000000000112,5.670935570040118,0.4009956997247367
R:A:ASP:179,0.0,5.219140195353062,0.36904894240974323,-0.08035499999999994,1.5395518839503266,0.10886275771298005,-0.9110900000000001,18.3280390493896,1.2959880697675228,1.010135,16.918296937865083,1.1963042490892002,-0.0037973160000000002,0.13870531064216368,0.009807946574166053,0.01489268399999883,25.529877990680845,1.8052349850075615
R:A:GLU:180,0.0,4.348976191588085,0.3075190556290781,-1.67032,1.4662044824477927,0.10367631321449465,-2.8668150000000003,23.52526379444607,1.6634873558255185,5.168385000000001,21.578688633130028,1.5258437061599315,-0.354383172,0.1465932899231749,0.010365710938112256,0.2768668279999997,32.25155312253738,2.280529191674435
R:A:LEU:181,0.0,4.602270287450531,0.32542965291096315,-0.22027499999999997,1.2337016179267173,0.08723587799967969,-0.07901499999999992,2.4387840370920504,0.17244807304772933,0.12237,0.9204356672250376,0.06508463019407885,-0.00045791999999999984,0.04819860539186585,0.0034081560716322833,-0.1773779199999993,5.431399818045226,0.384057964267516
R:A:ARG:182,0.0,5.8826293014433615,0.41596470702572835,-0.09776500000000002,2.143880905944871,0.1515952726649977,0.9673350000000001,15.126721048729463,1.0696207030673888,-0.796365,13.48136702674751,0.9532766044277887,-4.788000000001125e-06,0.27734767940052574,0.019611442485046426,0.07320021200000099,21.209512516045574,1.4997390125756778
R:A:ASP:183,0.0,5.022573337319228,0.3551495665825175,-0.6840600000000001,1.9985339111458678,0.1413176881002516,-1.2123399999999993,20.045094503419033,1.4174022252892788,1.777145,16.69845523265176,1.1807590930348046,-0.10709150399999999,0.14479601431264957,0.01023862436092589,-0.22634650399999934,26.643677813252168,1.8839925257500172
R:A:GLU:184,0.0,4.069593169587103,0.28776369268854957,-2.4863299999999997,1.9166614755219558,0.1355284326580589,-0.7357300000000003,11.351663408917213,0.8026838174192562,2.6835649999999998,9.921583643974131,0.7015619074763645,-0.367612632,0.05839744294166038,0.004129322790800254,-0.9061076320000007,15.733298261736701,1.1125121891304541
R:A:GLY:185,0.0,2.4442857320698006,0.17283710163040805,-0.07974500000000001,0.9945851420944312,0.07032778984423582,0.015455000000000467,2.8994055767820757,0.20501893447526987,0.002019999999999993,1.3306007533441429,0.09408768157415721,0.0,0.022161581612565474,0.0015670604640064148,-0.06226999999999982,4.140202234680037,0.2927565075625952
R:A:LYS:186,0.0,4.885565023536172,0.34546161580702417,-0.09516499999999992,1.8231030480406203,0.12891285280713866,0.7763699999999996,15.541606245594437,1.0989575166791026,-0.53059,15.3817604356426,1.0876547110629824,-1.4328000000000395e-05,0.21084547374034346,0.014909026426428698,0.15060067199999977,22.480591294033434,1.5896178549094304
R:A:ALA:187,0.0,2.929065165918983,0.20711618413586128,-0.6215550000000001,0.7273248187536295,0.0514296311465968,0.07981999999999985,2.180951162623776,0.1542165356527957,0.14654999999999999,0.9920301924336778,0.07014712762116493,-0.122161428,0.03593533455490537,0.0025410118747980852,-0.5173464280000003,3.853620033539188,0.27249208578318906
R:A:SER:188,0.0,6.774277153704297,0.4790137313021412,-0.24491000000000007,1.3890158947794657,0.09821825583744602,0.00016500000000004177,6.177026571439936,0.43678173762346684,0.19412,1.9212002903393492,0.13584937533165178,-0.015559524,0.05713302124208241,0.004039914674995154,-0.06618452399999974,9.46943124549417,0.6695899047668702
R:A:SER:189,0.0,8.969816441722763,0.6342618031940754,-0.02503500000000001,1.6816521467815513,0.11891076365861503,0.03048500000000022,10.642701693333088,0.7525526537501378,0.007785000000000011,1.5153181970711629,0.10714917728043924,0.0,0.034088727787947734,0.002410437058088014,0.013235000000000418,14.101418778051631,0.9971208842311626
R:A:ALA:190,0.0,2.968551812955266,0.2099083117244288,-0.0336,0.9631821213041695,0.06810726094918221,0.0801300000000002,1.8445278397329767,0.1304278143562561,-0.021640000000000006,0.9385480119578328,0.06636536637245365,0.0,0.029203781432555063,0.002065019188724947,0.02489000000000026,3.7448668665454528,0.26480207559751073
R:A:LYS:191,0.0,4.967895754899654,0.3512832776517408,-0.25482999999999995,1.7203994677835726,0.12165061300194914,1.5800199999999978,15.886655956015414,1.1233562156876153,-0.92077,14.015711373751245,0.9910604555532926,-0.075341448,0.12807285219410083,0.00905611822723511,0.32907855199999775,21.828471499233956,1.5435060220045613
R:A:GLN:192,0.0,4.3388372398835156,0.30680212347863567,-0.01280499999999999,1.4213388568441379,0.10050383440384253,-0.018925000000000764,3.4016087284805407,0.240530059885194,0.05662999999999998,1.6428957697766466,0.11617027395917598,0.0,0.017938743258188405,0.0012684607003829482,0.02489999999999949,5.9258824651447215,0.4190231675618287
R:A:ARG:193,0.0,5.647166898383648,0.399315000833928,-0.006510000000000029,1.9472006101452415,0.1376878755764283,0.39365500000000025,10.134335669405024,0.7166057474657002,-0.3337450000000001,7.726514162536363,0.546347055926336,0.0,0.08040250316593364,0.005685315521300453,0.05340000000000103,14.074527676654565,0.9952193962160186
R:A:LEU:194,0.0,4.358361125325665,0.308182670657761,-0.012350000000000043,1.3076126975140614,0.09246218055778266,0.0509500000000002,2.6483363008311462,0.18726565571802,-0.03332500000000001,0.8414938577167393,0.059502601311833415,0.0,0.045454549719005775,0.003214122034209006,0.005275000000000882,5.33188764476664,0.37702139101392607
R:A:LYS:195,0.0,4.427312889276067,0.3130582966441713,-0.012735000000000012,1.3354923053971521,0.09443356653687819,0.7903699999999994,7.778310878686966,0.5500096368496646,-0.609925,7.310688465190881,0.5169437388878745,0.0,0.0619550929941535,0.00438088663852091,0.1677099999999993,11.63343300627325,0.8226079367215219
R:A:CYS:196,0.0,3.0115178979295476,0.212946472729064,-0.0015949999999999775,1.0489573954050755,0.07417248874667075,0.016944999999999835,2.2521651035115076,0.15925212170446898,-0.012555000000000021,0.9341466881464602,0.06605414578113171,0.0,0.025174487998015135,0.0017801051176295855,0.0027950000000000453,4.014357122905355,0.2838579143710895
R:A:ALA:197,0.0,2.937605796392702,0.2077200979082188,-0.0009150000000000436,0.9603646319888087,0.06790803436910098,0.020069999999999765,1.8109881804556316,0.1280562023048864,-0.012049999999999996,1.1735743848175963,0.08298424057313532,0.0,0.04738745870150406,0.0033507993391030987,0.007104999999999848,3.769751800724709,0.266561706168264
R:A:SER:198,0.0,3.5086555281189966,0.24809941167806096,-0.001065000000000036,1.0387696653132494,0.0734521074433879,0.02080499999999965,2.9579678388168795,0.2091599117359132,-0.011645000000000015,1.4506191279846685,0.10257426223168753,0.0,0.020339755718207432,0.001438237919602233,0.008095000000000092,4.923818571818794,0.3481665501465331
R:A:LEU:199,0.0,4.537920765895985,0.3208794546052302,-0.0009200000000000408,1.2516607835192408,0.08850578277717223,0.012240000000000285,1.8514579674948064,0.130917848389744,-0.008520000000000022,1.1375393533192597,0.08043617905986085,0.0,0.06140711371302032,0.00434213865195701,0.002800000000000518,5.185078862844283,0.3666404424904225
R:A:GLN:200,0.0,4.97349411217104,0.351679141290751,-0.0005299999999999639,1.2793180383899854,0.09046144602398305,0.0005599999999997607,3.507903992692787,0.24804627009844346,0.004420000000000004,3.083397660917255,0.21802913951293298,0.0,0.13209110976205243,0.009340251944720384,0.004449999999999648,6.942800439716539,0.49093012713485085
R:A:LYS:201,0.0,5.014730007567706,0.35459495941707914,-0.0005299999999999949,1.357387972449292,0.0959818240019953,0.1880450000000009,10.798828755757496,0.7635925042068412,-0.1828500000000002,11.051990961247661,0.781493775431065,0.0,0.23553562621337304,0.0166548838506496,0.004665000000000638,16.30357945027535,1.1528371586903345
R:A:PHE:202,0.0,4.176023874398948,0.2952894799984415,-0.0007549999999999679,1.3564930813222011,0.09591854564355633,-0.005085000000000548,3.071972964736995,0.21722129149872718,0.005085000000000064,1.8724086411024172,0.13239928472758078,0.0,0.1524314849027577,0.01077853366410748,-0.0007550000000004564,5.6785047549654,0.40153092192360884
R:A:GLY:203,0.0,2.607167407273648,0.1843545753371746,-0.0001250000000000001,0.9448163684944287,0.06680860611384584,-0.008224999999999554,2.8572256198408623,0.202036361116941,0.008055,2.0318903373890533,0.14367634361952214,0.0,0.05305711839339667,0.0037517048206188283,-0.0002949999999995867,4.4704732974694315,0.31611019837540205
R:A:GLU:204,0.0,3.8084576137788377,0.26929862045645536,-0.0003500000000000303,1.4843833376018474,0.10496175238985865,-0.14743499999999987,17.680780847993535,1.2502200034289463,0.14634499999999917,16.22310184888744,1.1471465329228323,0.0,0.09360045749374964,0.0066185518215993566,-0.0014400000000003744,24.341642289062854,1.7212140327813579
R:A:ARG:205,0.0,5.80468045793651,0.410452891442794,-0.0004850000000000021,1.9710483352457393,0.13937416438987177,0.08258999999999997,16.179051123312206,1.144031676245789,-0.07940999999999988,13.535975504259012,0.9571380069036544,0.0,0.2551847026161425,0.01804428336749469,0.002694999999997236,21.96881412579487,1.5534297442976368
R:A:ALA:206,0.0,3.206742378169784,0.22675092811221306,-0.0007100000000000329,0.676257401807921,0.04781861946459767,-0.0053450000000008656,1.891191146599148,0.13372740842802197,0.010674999999999999,0.9458993258137993,0.0668851827602721,0.0,0.05292421281543305,0.003742306977075269,0.00461999999999924,3.9005962638168716,0.27581380688158214
R:A:PHE:207,0.0,4.36128164417296,0.3083891825259116,-0.0023850000000000195,1.2493237080016533,0.08834052658250911,-0.005479999999999734,1.9630517809777714,0.13880872261497115,0.006295000000000003,0.7885301766419596,0.05575750350737557,0.0,0.005067644881761941,0.0003583366060539168,-0.0015699999999990034,5.005693270914095,0.3539559656403226
R:A:LYS:208,0.0,4.5478100072397485,0.3215787295667268,-0.000774999999999979,1.289688607212997,0.09119475597793439,0.12864500000000006,13.169158082446843,0.9312000982615793,-0.12708000000000008,11.95167285583905,0.8451108922886982,0.0,0.11945579402456123,0.008446800200679071,0.0007899999999993313,18.401884438984123,1.301209727341688
R:A:ALA:209,0.0,3.179140621103445,0.22479918915278585,-0.0008799999999999875,0.9000559402614929,0.06364356588061358,0.002364999999999924,1.8316788174445322,0.1295192512770785,0.0034649999999999946,0.7334291358918051,0.05186127155088853,0.0,0.07730700285630822,0.005466430595290334,0.004949999999999184,3.849152860655267,0.27217620895929373
R:A:TRP:210,0.0,4.697318950209789,0.33215060830894166,-0.01646000000000001,1.143492282090264,0.08085711469005061,0.037890000000000014,2.0452581310680573,0.14462158937551478,-0.034059999999999986,1.085734133202047,0.07677299681528656,0.0,0.08637853037043425,0.00610788445738622,-0.012630000000000235,5.361132399074747,0.37908930742246577
R:A:ALA:211,0.0,2.8573227972264523,0.2020432325957739,-0.001750000000000078,1.007191165544059,0.07121917031073867,-0.0022750000000003466,1.7354827096733059,0.12271715926419988,0.00048000000000000153,0.7726876572069727,0.05463726821501969,0.0,0.000796363353431083,5.6311392749957804e-05,-0.003545000000000606,3.5759858356640044,0.25286038338250605
R:A:VAL:212,0.0,4.611732722936141,0.3260987481408047,-0.0013549999999999506,1.5631703895848974,0.11053283826254982,0.0020049999999999456,3.103290951147668,0.2194358075551367,-2.0000000000009455e-05,0.6094600684212215,0.043095334724306295,0.0,0.026391545085873845,0.00186616404962119,0.0006299999999995353,5.806387275303122,0.41057358165621183
R:A:ALA:213,0.0,3.3050109210031366,0.23369956341369147,-0.0027499999999999946,0.6807350309040955,0.04813523565435199,0.019014999999999987,1.9829318863175813,0.14021445834461937,-0.008950000000000008,0.7578926781213815,0.05359110521112622,0.0,0.0003741728541730413,2.6458016252168268e-05,0.007314999999999156,3.9865922399438256,0.2818946406689947
R:A:ARG:214,0.0,6.343224943886982,0.4485337372414142,-0.07992000000000002,1.4093964093717566,0.09965937584467405,0.8190149999999999,12.767527387101037,0.9028005194404105,-0.5292049999999999,11.279264431463384,0.7975644366283987,-0.0295866,0.1611109586947481,0.011392265141652213,0.18030340000000009,18.23404561154111,1.2893417300385526
R:A:LEU:215,0.0,4.6593816876866825,0.32946803874996733,-0.0038700000000000266,1.4183111195185634,0.100289741044386,0.009734999999999801,2.369389129791685,0.1675411120945393,-0.010145,0.8808390982324752,0.06228472994944267,0.0,0.04340096836259357,0.0030689119039252724,-0.004280000000000328,5.487550469262657,0.38802841489190454
R:A:SER:216,0.0,3.989853607283105,0.28212525416514916,-0.0017199999999999794,1.2539446036408468,0.08866727324667203,0.021179999999999595,2.6542422481755508,0.1876832692596759,-0.008540000000000013,0.959175660658672,0.06782396140008337,0.0,0.0010751387120032463,7.60237873973666e-05,0.010919999999999486,5.045426631363621,0.35676553850164155
R:A:GLN:217,0.0,4.28985952202983,0.30333887583649743,-0.013785000000000013,1.5204945660129798,0.10751520183850746,-0.03036999999999985,4.112908766201848,0.2908265678982923,0.09004999999999999,2.7208604374259995,0.19239388659661202,0.0,0.09357146914526389,0.006616502035820389,0.04589499999999998,6.711382428599417,0.47456640263988875
R:A:ARG:218,0.0,5.632764028432223,0.39829656413280795,-0.05236000000000006,1.5038034761896248,0.10633496355855865,0.396635,11.945475821070293,0.8446726957578745,-0.21113999999999983,10.087100574007875,0.7132657218391685,-0.011988863999999997,0.09578339222814544,0.006772908616957249,0.12114613600000013,16.686600029219605,1.1799208035608824
R:A:PHE:219,0.0,3.9711356500628385,0.28080169471710814,-0.0035900000000000085,1.2873745586075562,0.09103112803184414,-0.00397500000000015,1.9115590762712518,0.1351676385470095,0.002524999999999982,0.9473733460864306,0.06698941173331051,0.0,0.01698994040052548,0.0012013702069166854,-0.005040000000000457,4.688188842439565,0.3315050121972127
R:A:PRO:220,0.0,3.6144106769914783,0.25557742996937344,-0.0015400000000000214,1.3726162966211644,0.09705862913079909,-0.006209999999999738,2.642120622435697,0.1868261408837103,0.007059999999999993,1.2076883512520937,0.08539646227303566,0.0,0.025612665677436385,0.0018110889584779205,-0.0006899999999994489,4.836115030227579,0.34196497324721065
R:A:LYS:221,0.0,4.845197650024197,0.3426072114521234,-0.0006800000000000095,1.7066269845370428,0.1206767513722092,-0.07731000000000009,17.300481547539363,1.2233287820057819,0.08288499999999985,15.076021894991895,1.0660357315265634,0.0,0.21588464486664052,0.01526534963392511,0.004895000000000138,23.516552044614535,1.6628713420873307
R:A:ALA:222,0.0,3.5075114589976746,0.24801851377467765,-0.0003399999999999914,1.1086179688918991,0.07839112835487189,0.0042650000000003276,2.702579361068792,0.19110121929065496,-0.0034349999999999997,1.1529054689674259,0.08152272751739235,0.0,0.020064395211112446,0.00141876699141845,0.0004900000000003963,4.707993122250199,0.3329053862522742
R:A:GLU:223,0.0,4.026125778654959,0.284690083999689,-0.00026000000000001575,1.0394421435318082,0.07349965883424223,-0.022339999999999974,7.4291808382485875,0.5253224149386736,0.02162500000000094,7.019723370751514,0.4963693997512084,0.0,0.09418647512298976,0.006659989525552412,-0.0009749999999992553,11.03486492788521,0.7802827819985234
R:A:PHE:224,0.0,3.6558023584365174,0.2585042638328235,-0.0003500000000000014,1.2534307502012227,0.08863093832150261,-0.005814999999999593,1.9205357696161247,0.13580238662068866,0.004725000000000014,0.9371080503735948,0.06626354571236737,0.0,0.09580855084793148,0.00677468760002285,-0.001439999999999637,4.417214953832968,0.3123442647813914
R:A:ALA:225,0.0,3.1122114926527726,0.22006658509414825,-0.00013499999999998734,0.5704214927358541,0.04033489056480754,-0.005225000000000222,2.733563244572,0.19329211070391622,0.005205000000000007,2.0191197249482262,0.14277332495384074,0.0,0.07347012930030468,0.005195122664289789,-0.00015500000000043146,4.643904756777899,0.3283736544702117
R:A:GLU:226,0.0,4.268501784648801,0.3018286557432047,-0.0003000000000000158,1.6466058115256363,0.11643261352709557,-0.06206000000000014,8.658089477962212,0.6122193781986975,0.062114999999997596,8.175299289315038,0.5780809565704226,0.0,0.0774914359123992,0.005479471981754022,-0.0002450000000021646,12.756780745353222,0.9020406171149243
R:A:VAL:227,0.0,4.027967162074438,0.2848202894699568,-0.0006700000000000461,1.2446992111952189,0.0880135252773686,-0.009830000000000148,2.143105724666891,0.15154045907116687,0.010955,0.7514910381202161,0.05313844090557231,0.0,0.004843576678196392,0.00034249259143496807,0.0004549999999998278,4.788680399944231,0.3386108383735674
R:A:SER:228,0.0,5.252875013000025,0.3714343542417691,-0.00024499999999998855,1.1517008871556018,0.08143755072062887,-0.008515000000000335,6.863410624308806,0.48531641945165527,0.008175000000000002,1.9096306457205277,0.13503127791506306,0.0,0.05836643351516349,0.004127130093224588,-0.0005850000000007571,8.926119653981022,0.63117197370125
R:A:LYS:229,0.0,4.926345499840627,0.34834523094051395,-0.0003650000000000242,1.6064477742444663,0.11359301147902981,0.09021500000000003,11.667091523394978,0.8249879532916676,-0.08775000000000084,10.973334613623608,0.7759319317522316,0.0,0.11563729326751297,0.008176791422751592,0.002099999999999227,16.83442970749512,1.1903739403578066
R:A:LEU:230,0.0,4.783734039931568,0.33826107790285304,-0.0008850000000000691,1.3946449424763996,0.09861628961725846,-0.010059999999999363,2.1389945329523403,0.1512497539171552,0.012705000000000001,1.0715605661254057,0.07577077427593702,0.0,0.010144214446678066,0.0007173042825056601,0.001760000000000277,5.527457683631485,0.3908502810817509
R:A:VAL:231,0.0,4.003012223288857,0.2830557088260189,-0.0007099999999999573,1.433154083045504,0.10133929706066644,-0.010629999999999811,2.313439790247414,0.16358489635507306,0.01126,0.9842836862155138,0.06959936691342816,0.0,0.03226327194769929,0.002281357837748388,-8.000000000004449e-05,4.939625131760179,0.34928424271871156
R:A:THR:232,0.0,5.14194745527412,0.36359059141292416,-0.0002900000000000036,1.0135762021180252,0.07167066057669623,-0.006555000000000604,5.4423610458949705,0.3848330401217845,0.006750000000000007,2.7746717407560126,0.19619892034552586,0.0,0.08152989163993289,0.005765033924800095,-9.500000000062236e-05,8.049329443895052,0.5691735433782733
R:A:ASP:233,0.0,5.037146424271385,0.35618003944318666,-0.00038499999999998204,1.4495414053675737,0.10249805573460895,-0.13286,11.811792995358497,0.8352198924989754,0.13202000000000055,11.105142513203061,0.7852521577128904,0.0,0.08507700279227161,0.006015852559744209,-0.0012249999999993121,17.03889364030362,1.2048317236975028
R:A:LEU:234,0.0,4.651863951385509,0.3289364545181941,-0.0023149999999999516,1.1741053874226963,0.08302178812742471,-0.0069149999999999065,2.8382025660398167,0.20069122808278142,0.014489999999999998,1.1719700677705043,0.08287079822681812,0.0,0.04707163067830508,0.003328466925413825,0.0052600000000003885,5.696444949880118,0.4027994852716094
R:A:THR:235,0.0,4.097897940255468,0.2897651422165027,-0.0006200000000000116,1.4811941196210576,0.10473624062376881,-0.011260000000000154,3.4432797579052443,0.24347664663371718,0.011650000000000004,1.2033679736265213,0.08509096544140277,0.0,0.04146720207793142,0.00293217397861382,-0.0002300000000001745,5.682666015942533,0.4018251675091306
R:A:LYS:236,0.0,4.437032982021882,0.3137456109936041,-0.0004350000000000132,2.2543182586704567,0.15940437276585293,0.15064000000000122,11.770457823413242,0.8322970544605753,-0.14689500000000075,9.30125041337857,0.6576977240814165,0.0,0.0643172033047903,0.004547913060377104,0.003310000000000386,15.806020556189685,1.117654431885569
R:A:VAL:237,0.0,4.1385234595867635,0.2926378002373411,-0.0010299999999999355,1.370691499754777,0.09692252543913617,-0.0012050000000002115,2.855845920716838,0.20193880165628153,0.008564999999999988,2.122533966601006,0.15008581610823524,0.0,0.01107770164823155,0.0007833117955425924,0.006330000000000227,5.627370672949651,0.39791519630930033
R:A:HIS:238,0.0,3.9889511837010487,0.2820614431817117,-0.003519999999999941,1.3512637010591235,0.0955487726190138,0.0064600000000006475,3.288921115343146,0.23256184234467617,-0.010075000000000021,2.6197308152508723,0.18524294243472542,0.0,0.04527892858767893,0.0032017037449209194,-0.0071350000000001065,5.951444107479213,0.4208306486251271
R:A:THR:239,0.0,4.86926893526636,0.34430930835478435,-0.0004550000000000209,1.277640332360794,0.09034281429297518,0.00026000000000006904,7.652750213054127,0.541131157037737,-7.500000000001384e-05,4.2448534099395,0.300156463131106,0.0,0.09514281780632314,0.006727613165204729,-0.00027000000000001025,10.096264815954468,0.7139137316016554
R:A:GLU:240,0.0,4.205806983207861,0.29739546381880144,-0.0004550000000000054,1.6935140061053526,0.11974952377514911,-0.17494499999999996,10.680159869752654,0.7552013468058535,0.17438999999999907,9.695443835521404,0.6855714082710495,0.0,0.059516560049303925,0.004208456320375917,-0.0010100000000021936,15.120442794475965,1.0691767634517224
R:A:CYS:241,0.0,3.274417775758005,0.23153630136762574,-0.0010649999999999783,0.723921902055049,0.05118900859925888,0.005084999999999553,2.0120907064729963,0.14227629829094868,0.001934999999999996,1.4380559218177156,0.10168590940427782,0.0,0.022704686288344263,0.0016054637639201451,0.0059549999999991025,4.166881812411345,0.29464303859589536
R:A:CYS:242,0.0,3.031602962122515,0.21436670123820545,-0.0009299999999999864,1.0266150999766173,0.07259264988619715,-0.006520000000000081,1.969129005004497,0.13923844724697987,0.006374999999999989,1.313762700252599,0.09289705142185622,0.0,0.03236962091244641,0.0022888778451628736,-0.0010750000000001119,3.9810858250900623,0.28150527834068245
R:A:HIS:243,0.0,3.946870463284804,0.2790858869053575,-0.00035999999999995145,1.2094416311463734,0.08552043788329197,-0.001775000000000091,7.143322470053763,0.5051091758777254,0.0012700000000000267,6.290077657767827,0.4447756565997626,0.0,0.09703987735494161,0.006861755532319011,-0.0008649999999994851,10.375070366162442,0.7336282611201059
R:A:GLY:244,0.0,2.2581643003112064,0.15967632897834294,-0.000244999999999993,0.7348741626122122,0.05196345037018808,0.00461500000000008,2.333903378050385,0.16503189052536177,-0.0029050000000000035,1.2923787782515619,0.09138497979632648,0.0,0.021622564736279368,0.0015289462151668253,0.0014650000000002272,3.5717168787476385,0.2525585225440905
R:A:ASP:245,0.0,4.062496846004929,0.28726190683590463,-0.0002849999999999708,1.3021806990103177,0.09207808026004342,-0.17467,12.952227708973465,0.9158608044487437,0.17367499999999936,11.498471359797136,0.8130647071791857,0.0,0.03783921330969765,0.0026756364326051474,-0.0012800000000009958,17.837489544213163,1.2613009816057266
R:A:LEU:246,0.0,3.9186443762097114,0.27709000114764154,-0.0008150000000000368,1.2821383905706123,0.09066087503920861,-0.00043999999999911666,2.1621818383174896,0.1528893440032692,0.0026900000000000045,1.0122109985077221,0.07157412610364167,0.0,0.023484573238191236,0.0016606100989997139,0.0014350000000007102,4.764431291602931,0.3368961674789814
R:A:LEU:247,0.0,4.616074336354432,0.32640574656974103,-0.00035499999999999865,1.3445659491728177,0.09507517004126262,-0.0018700000000002603,3.5991170264802443,0.25449600557081437,0.0014249999999999988,1.6321031800027228,0.11540712261760537,0.0,0.02087272437378504,0.0014759244946541134,-0.000800000000000205,6.223651637224145,0.44007862764239514
R:A:GLU:248,0.0,3.7787723693747415,0.2671995566945237,-0.00038499999999994203,1.5776109471523707,0.11155393988055734,-0.14728499999999997,11.710982454144274,0.8280915107682092,0.14686999999999956,10.35614671933292,0.7322901572203124,0.0,0.05614619001684084,0.00397013516986966,-0.0008000000000006935,16.160693494661775,1.1427335958752665
R:A:CYS:249,0.0,2.9031010683060963,0.20528024518691512,-0.0007899999999999307,0.8909118407003018,0.06299698039985725,-0.004074999999999491,2.041319051416265,0.14434305438217318,0.00877500000000001,2.0728018290649493,0.14656922293877045,0.0,0.0014413233989802566,0.00010191695493017833,0.003910000000000976,4.205379018633533,0.2973652021535399
R:A:ALA:250,0.0,3.128442854448519,0.2212143156935147,-0.0005099999999999882,0.6999938433657827,0.04949703934327789,0.001070000000000988,2.0613214409087197,0.1457574369071781,-0.0004099999999999986,1.4772116175924153,0.10445463520471458,0.0,0.04603670064845082,0.0032552863211974706,0.00015000000000069735,4.087843648918901,0.28905419645809155
R:A:ASP:251,0.0,3.875337362804688,0.27402773286247867,-0.00027999999999997363,1.1663620814309765,0.08247425370986997,-0.13427000000000008,12.46985797965438,0.8817521137846793,0.13257000000000005,12.180626062690703,0.8613003288026192,0.0,0.09935109583246904,0.00702518335814534,-0.001979999999999791,17.89562852019015,1.2654120280221837
R:A:ASP:252,0.0,7.758139142745509,0.5485832797224137,-0.0004450000000000109,1.5498152908250067,0.10958849017289635,-0.14807999999999993,13.735914172227488,0.9712758056978459,0.14752500000000113,9.000190949095192,0.6364096052078999,0.0,0.059017368470670656,0.004173158145339636,-0.000999999999998451,18.228354525590927,1.2889393094917836
R:A:ARG:253,0.0,5.8247647361545845,0.4118730643751178,-0.004495000000000058,1.3586115219130892,0.09606834201429211,0.3213300000000001,10.489549334890418,0.7417231466291854,-0.26905500000000016,9.022395551663372,0.6379797077128512,0.0,0.0851443386082225,0.00602061392095177,0.047779999999999774,15.073660000052975,1.0658687203337873
R:A:ALA:254,0.0,3.0905365323111784,0.21853393395019918,-0.0004650000000000043,0.9960521822550262,0.0704315252488188,0.0035249999999998494,1.9270030837222338,0.136259694786738,-0.0040449999999999965,1.194616336392149,0.08447213123791182,0.0,0.061319310919813574,0.004335930056908649,-0.0009850000000000115,3.960775825651672,0.28006914450780435
R:A:ASP:255,0.0,6.892384079688972,0.4873651521290273,-0.00027000000000001914,0.7727671456202055,0.054642888894621953,-0.10726999999999988,12.762806325168068,0.9024666899496901,0.10632000000000047,10.461241552815327,0.7397214841626206,0.0,0.10147715246057562,0.007175518264037417,-0.001219999999999004,17.90081632484596,1.2657788612073428
R:A:LEU:256,0.0,4.139063539014592,0.2926759896199208,-0.001015000000000037,1.2834514760500297,0.09075372420388599,0.011569999999999964,1.9875656297969133,0.14054211348827084,-0.008135000000000003,1.1670828860346638,0.08252522229218774,0.0,0.029595492263246308,0.0020927173271895467,0.002420000000000706,4.908408108558446,0.3470768658392713
R:A:ALA:257,0.0,3.1233159663969317,0.22085178996274854,-0.0006249999999999911,0.8818785728063699,0.062358231901449866,0.007884999999999991,1.980698109398552,0.14005650646390902,-0.005885000000000005,1.2976895547761027,0.09176050840571338,0.0,0.012426481454267254,0.0008786849302601246,0.0013750000000004147,4.017478069848836,0.2840785986458354
R:A:LYS:258,0.0,4.761101405326292,0.3366607089623022,-0.00039500000000003866,1.449909521996114,0.10252408551103978,0.09442999999999956,18.865324069104936,1.3339798578545892,-0.09385500000000008,17.31393781908018,1.2242802840913818,0.0,0.16197598015755338,0.011453431395874366,0.0001799999999992252,26.085809465440175,1.8445452765752974
R:A:TYR:259,0.0,4.172077017499797,0.2950103950706653,-0.00041000000000008364,1.6070075621166193,0.11363259445907235,0.008114999999999454,3.77966132593583,0.2672624154157763,-0.0069999999999999975,1.4916220223468142,0.10547360469686241,0.0,0.08630807176036522,0.00610290228128894,0.0007049999999994938,6.042096078698682,0.42724071098284855
R:A:ILE:260,0.0,4.129567730671093,0.29200453457266723,-0.0011000000000000788,1.558494118355921,0.11020217595288216,0.009744999999999955,1.9316316944166656,0.1365869869876885,-0.007040000000000006,0.9428014188576511,0.06666612765865436,0.0,0.02680992308406363,0.001895747841583115,0.001605000000000012,4.909483460548653,0.34715290470771504
R:A:CYS:261,0.0,3.14887758713323,0.22265926949882406,-0.00042499999999997764,0.8624950426379274,0.06098760933890589,0.005085000000000406,3.304829094412447,0.23368670633216382,-0.005834999999999999,2.299892230578424,0.16262693922402585,0.0,0.056744757723513874,0.004012460298308438,-0.0011749999999991247,5.184008809830871,0.36656477831622125
R:A:GLU:262,0.0,4.336053064135632,0.3066052525235013,-0.0002199999999999913,1.1252802803524107,0.07956933169726889,-0.04608000000000002,16.996240608764044,1.201815698913523,0.04562500000000035,16.43283684112013,1.161977036448817,0.0,0.12995303881204054,0.009189067497979247,-0.0006749999999998835,24.06231121805471,1.7014623433307619
R:A:ASN:263,0.0,3.7338183457085856,0.26402082719692777,-0.00024500000000000633,1.1835062802431595,0.08368653163368045,0.00800500000000035,3.2082164299615132,0.22685515931398822,-0.007160000000000007,1.7855625468602323,0.12625833851175927,0.0,0.07946838618685023,0.005619263476267316,0.0005999999999999517,5.369291205434209,0.3796662221527821
R:A:GLN:264,0.0,4.478216971161625,0.31665775879330665,-0.0004950000000000543,1.4618080823675177,0.10336544078353749,0.004389999999999503,7.043074550148537,0.49802057748124234,-0.002235000000000029,5.076559031063757,0.3589669315958992,0.0,0.10418436161845189,0.0073669468593998795,0.0016599999999993642,9.878183801008454,0.6984930751500183
R:A:ASP:265,0.0,8.739156365279204,0.6179516727738505,-0.0003100000000000058,1.02924799866213,0.07277882393766746,0.011714999999999885,17.833345910144708,1.2610079824308706,-0.011940000000000167,17.413958617040525,1.2313528225411268,0.0,0.15484451739656824,0.010949160828067172,-0.0005350000000001742,26.433508342840014,1.869131299977335
R:A:SER:266,0.0,5.92222775242138,0.41876474034683236,-0.0002249999999999952,0.9115962465230976,0.0644595887620686,0.002940000000000822,6.711754938594674,0.47459274307425936,-0.0019700000000000017,2.3460236927085796,0.16588892619385417,0.0,0.12558306857587767,0.008880063939221833,0.0007450000000010237,9.2989806913359,0.6575372304966385
R:A:ILE:267,0.0,4.714441531804165,0.33336135766462194,-0.0008400000000000318,1.5441245146522349,0.10918609153069816,0.005400000000000346,2.4233907369221335,0.1713596023542305,-0.0022599999999999894,1.5064196095377942,0.10651995212165653,0.0,0.021090920355105607,0.0014913532804560561,0.0023000000000008513,5.7230103096422456,0.40467793987485545
R:A:SER:268,0.0,3.4434284000397035,0.2434871572198418,-0.0009899999999999798,0.9633754505383662,0.0681209313904324,-0.0005349999999998545,3.165097270902586,0.22380617433702535,0.0040399999999999985,1.7493335974450386,0.12369656493108448,0.0,0.028742472139689026,0.0020323996958039525,0.002514999999999934,5.085678549026639,0.3596117788951698
R:A:SER:269,0.0,7.0210139378155345,0.49646065662346295,-0.0007799999999999762,1.177515095168635,0.08326289087432646,0.0004799999999994498,6.769658862420616,0.4786871687937227,0.006079999999999966,3.7533334759650656,0.2654007552909373,0.0,0.1445198151875697,0.010219094133495714,0.005779999999999999,10.517502450044015,0.743699730357225
R:A:LYS:270,0.0,4.881661142193301,0.345185569709975,-0.004640000000000073,1.9996112454674786,0.1413938671406932,-0.2150750000000008,29.88683437796775,2.1133183256860226,0.25433500000000053,25.6137781872916,1.8111676248041966,0.0,0.1895546704413735,0.01340353928746764,0.03461999999999982,39.71339186945804,2.8081608694812483
R:A:LEU:271,0.0,4.054028923176301,0.286663134270436,-0.0019399999999999995,1.2716225981595324,0.08991729622686614,-0.0032200000000005956,2.804170127747245,0.1982847712930824,0.0033450000000000003,1.0964182643840807,0.07752847897627684,0.0,0.004112881151333211,0.0002908246152322049,-0.0018150000000008814,5.207465273404747,0.3682234007617955
R:A:LYS:272,0.0,4.513924468790988,0.3191826601645992,-0.0008600000000000252,1.3933061832203286,0.09852162504242405,-0.039665000000000956,21.144480833153008,1.4951405781791471,0.04342499999999988,19.69468180002853,1.3926243054111453,0.0,0.22520284578553754,0.01592424593974619,0.0028999999999990856,29.28031921717811,2.0704312273773424
R:A:GLU:273,0.0,4.248125097728408,0.30038780639325224,-0.0034200000000000007,1.2139572614388037,0.08583974116340286,0.07890500000000006,12.972034323072654,0.9172613435629319,-0.03809999999999974,11.770673955819182,0.8323123373295628,0.0,0.14627449750193092,0.010343168909827005,0.037385000000000376,18.06554995455008,1.2774272878726685
R:A:CYS:274,0.0,3.122129217689428,0.2207678741568845,-0.0023700000000000145,1.0571358728895732,0.07475079443557774,-0.0019700000000001695,2.15626814157006,0.1524711824960704,0.007789999999999999,1.144463878634883,0.08092581694057838,0.0,0.020778020383918388,0.0014692279113101003,0.0034499999999995936,4.101822607046905,0.2900426580667149
R:A:CYS:275,0.0,3.0692283085410903,0.2170272149979122,-0.0006199999999999761,0.8410097957515121,0.059468372962020746,-0.0048599999999996155,3.3010566733093207,0.2334199558778126,0.005165000000000015,2.654399239917575,0.18769437025221347,0.0,0.05990341444978241,0.004235811057366936,-0.00031499999999948637,5.298477025602521,0.3746589034764671
R:A:GLU:276,0.0,4.099567040304377,0.28988316541280895,-0.0007049999999999934,1.1703167366038136,0.08275389005886671,0.005539999999999843,13.813244352142618,0.9767438751586823,-3.4999999999243414e-05,13.556205400999023,0.9585684766204109,0.0,0.1599750445292981,0.011311943880728658,0.0048000000000014255,19.818630316015085,1.4013887890283556
R:A:LYS:277,0.0,4.492824731452363,0.31769068342925955,-0.0020249999999999812,1.5573882629501867,0.1101239801672415,0.03397999999999939,23.409285748779265,1.6552864695695424,-0.00617500000000005,20.467229488090833,1.4472516763130296,0.0,0.13421800997458022,0.009490646501038934,0.02577999999999976,31.456813076494278,2.2243325840906767
R:A:PRO:278,0.0,3.3572339423921593,0.23739228866951428,-0.0006449999999999667,0.9891987485712869,0.06994691430560035,-0.0020749999999998534,2.0010346495438305,0.1414945170081689,-0.0010950000000000048,1.1315643681978502,0.08001368381017711,0.0,0.0645683587972675,0.0045656724355633916,-0.0038149999999999374,4.187873036415117,0.29612734227974263
R:A:LEU:279,0.0,4.538264271497419,0.3209037441192452,-0.0006399999999999784,1.6078548221621254,0.11369250479143292,-0.00409499999999948,3.5073358692710057,0.24800609770603424,0.004144999999999999,1.1542918593124532,0.0816207601188264,0.0,0.15423469839510692,0.010906040112944201,-0.0005899999999998417,6.069482899361282,0.429177251643415
R:A:LEU:280,0.0,5.920184606766923,0.4186202681321105,-0.0014099999999999913,1.3665877555063926,0.09663234690050738,-0.007630000000000195,4.014786647021233,0.28388828631259155,0.01053,1.7121254188142878,0.12106554938854407,0.0,0.2565297892602688,0.018139395356229205,0.0014900000000001024,7.485441915834223,0.5293006738864401
R:A:GLU:281,0.0,4.485739758830198,0.31718970021069415,-0.0030350000000000012,1.1205419953196756,0.07923428434948472,-0.11567500000000028,16.173733464001902,1.1436556609499533,0.13964999999999975,15.621444073730828,1.1046029036461473,0.0,0.15265528844242832,0.010794358964162946,0.02093999999999923,22.956915043132195,1.6232990302122239
R:A:LYS:282,0.0,4.5533734992805055,0.3219721278616364,-0.0017499999999999716,1.6474742712862012,0.11649402290568386,0.07439000000000007,8.84113131233215,0.6251623904310784,-0.06772000000000024,8.794726934510246,0.6218811054076172,0.0,0.05918810174306157,0.004185230810807815,0.004919999999999725,13.377731857994013,0.9459484913682877
R:A:SER:283,0.0,7.743984458132648,0.5475823923748827,-0.0021149999999999823,1.2546325868854993,0.08871592100843567,-0.011610000000000547,7.868711006429198,0.5564018911843309,0.023595000000000015,1.5874608179337844,0.11225043092289222,0.0,0.02580103779726327,0.0018244088788095282,0.009869999999999409,11.22411282287386,0.7936646289856988
R:A:HIS:284,0.0,4.170484627228591,0.29489779607475874,-0.02433999999999995,1.3929835492208802,0.09849881137353893,-0.02275999999999975,6.841422157618253,0.4837616000611768,0.07105000000000002,5.084151494428545,0.3595037998290143,-9.237599999999956e-05,0.1686406075685916,0.011924691719517051,0.023857624000000036,9.592467795407037,0.6782899026445888
R:A:CYS:285,0.0,3.0396458529818897,0.21493541950490616,-0.008095000000000012,1.0344790990517885,0.07314871859352698,-0.0001200000000000756,2.7688791435434665,0.1957893218685585,0.009780000000000011,1.955244415552695,0.13825665851144384,0.0,0.0737911420761574,0.005217821695355087,0.0015649999999994323,4.669551529501939,0.3301871551610836
R:A:ILE:286,0.0,4.339223988479968,0.30682947073415223,-0.00601,1.5942222303995135,0.11272853498338385,-0.00535499999999999,2.410688880626242,0.17046144548218234,0.016435000000000005,1.3169324873641017,0.09312118921800236,0.0,0.04829065184365819,0.003414664738656936,0.005070000000000008,5.377589923432754,0.3802530301299747
R:A:ALA:287,0.0,3.5477155083165846,0.25086136936513365,-0.017550000000000014,0.9376664593286891,0.06630303118824961,-0.04391000000000041,3.700691633289648,0.261678414897943,0.057529999999999984,1.9841176624131946,0.1402983053764371,0.0,0.08627768529341524,0.006100753633605278,-0.003930000000000827,5.57716675552019,0.3943652432636502
R:A:GLU:288,0.0,4.272496518055925,0.3021111260513257,-0.24523000000000003,1.5707374971967787,0.11106791357318278,-0.7169699999999996,23.307073719116904,1.6480589876402327,1.4834249999999998,20.676878110383953,1.4620760725620179,-0.076468644,0.15558172602267323,0.011001289349933979,0.44475635599999974,31.488071109475683,2.226542860799447
R:A:VAL:289,0.0,4.442072674861365,0.31410197109179366,-0.02535000000000009,1.4295252284237592,0.10108269828956884,-0.04739999999999938,5.6891764875243584,0.40228552736955375,0.07349499999999999,2.9974807411182813,0.2119538958520815,0.0,0.04502544878159141,0.003183780015943086,0.0007450000000002666,7.9453885504777535,0.5618238123204773
R:A:GLU:290,0.0,4.160262720544221,0.2941749981214413,-0.046774999999999976,1.2289217329329807,0.0868978890904434,0.39691000000000004,14.600154513084783,1.0323868262573626,-0.2082399999999999,13.626272892142959,0.9635229964332714,-0.004489127999999999,0.09986146493677231,0.007061271903601434,0.1374058720000001,20.436923241498565,1.4451087010652592
R:A:ASN:291,0.0,4.567647589273936,0.32298145844459863,-0.024415,1.2134368596573124,0.08580294320053945,0.007709999999999795,5.374959868701348,0.3800670571764278,0.06534999999999995,3.8074642741199822,0.26922838073557553,-0.0002476800000000001,0.13403138412930857,0.00947745006096531,0.0483973200000004,8.108068556256578,0.5733270258454446
R:A:ASP:292,0.0,3.9785616480331183,0.2813267920692944,-0.0028200000000000013,1.8176796178094752,0.1285293583777652,0.09966999999999979,16.094254137634024,1.138035623886067,-0.09250499999999981,14.50371746280501,1.025567697036317,0.0,0.05717490821873414,0.0040428765315185375,0.004345000000000106,22.10246632025383,1.562880381599876
R:A:GLU:293,0.0,4.239370620593345,0.29976877137845764,-0.001959999999999993,1.3722460976078599,0.09703245210752946,0.19368499999999997,13.591400806531128,0.9610571676122471,-0.17644999999999975,12.914963568369059,0.9132258317970973,0.0,0.121554199040164,0.008595179842299929,0.015275000000000531,19.271547885173348,1.3627042193567342
R:A:MET:294,0.0,4.1565311886175,0.2939111389684814,-0.0012199999999999989,1.4566641437716517,0.10300170939722308,0.0059549999999993376,2.70196848436006,0.19105802378433362,-0.0025350000000000272,1.951167052247193,0.13796834538717567,0.0,0.18679207617346205,0.013208194373416915,0.0021999999999989315,5.52640930312542,0.3907761493852407
R:A:PRO:295,0.0,3.2824612638613115,0.23210506186584987,-0.0003699999999999859,1.3613359149563342,0.0962609856938417,0.006409999999999805,2.3243809218585496,0.1643585511906819,-0.006929999999999944,1.7601389852366773,0.12446062122916629,0.0,0.16524574389762717,0.011684638607222773,-0.0008899999999999419,4.599557532548786,0.3252378321722911
R:A:ALA:296,0.0,2.981029543999858,0.2107906205479741,-0.00016999999999998795,0.5095765429255943,0.036032502903628555,0.001475000000000435,1.8557438214028898,0.13122090402590206,-0.001565000000000003,1.135537705131362,0.08029464115913963,0.0,0.09338761918301178,0.006603501880317454,-0.00025999999999974486,3.7266818556413788,0.2635162011448885
R:A:ASP:297,0.0,6.456548624443249,0.4565469315404497,-0.00011499999999999899,1.148467568664871,0.08120892057757573,0.07987000000000004,10.671587305239553,0.7545951749559163,-0.07983499999999964,8.258581825487653,0.5839699211786296,0.0,0.11642613984219785,0.008232571298979138,-8.000000000002672e-05,15.003549657455684,1.0609111704656016
R:A:LEU:298,0.0,6.151667195013072,0.4349885589196571,-0.0002850000000000241,1.518146448230539,0.1073491648378086,0.007244999999999919,4.700856299885692,0.33240073670326753,-0.0064100000000000025,1.3659760347458516,0.09658909171071027,0.0,0.16221208302934562,0.011470126390044556,0.0005500000000000905,8.008622300747533,0.566295113682039
R:A:PRO:299,0.0,3.4352959726273955,0.24291210776276675,-0.0001949999999999874,1.2572460995664294,0.08890072426237595,-0.003914999999999971,2.6576641771064677,0.1879252361748549,0.0037549999999999927,1.4152997466879587,0.10007680482946585,0.0,0.09290929797798349,0.006569679463551371,-0.0003549999999997677,4.738861737097397,0.33508812694070317
R:A:SER:300,0.0,9.104314046030597,0.6437722200000168,-0.0002100000000000035,1.0040393930269869,0.07099630633878076,-0.007045000000000173,8.109177616532703,0.5734054482496439,0.008470000000000023,2.6706470978210506,0.18884326730254378,0.0,0.11258907910133892,0.007961250132010534,0.0012150000000001615,12.521997571865597,0.8854389397067646
R:A:LEU:301,0.0,4.231154059774945,0.2991877727911854,-0.00030500000000001305,1.3771322098386196,0.09737795241673033,-0.0022050000000000836,2.4656176244249637,0.1743454942043958,0.0026549999999999786,1.3006660717397835,0.09197097993864695,0.0,0.05969946538987324,0.0042213896810390965,0.0001449999999998308,5.251068874728538,0.37130664097981625
R:A:ALA:302,0.0,3.2208256313482724,0.22774676449458064,-0.00011499999999997845,0.7574088670427618,0.0535568946016757,-0.00442500000000031,2.136245981710674,0.15105540199501308,0.0041550000000000285,1.2885692798507187,0.09111560758111092,0.0,0.09328445132658555,0.0065962068112295075,-0.0003850000000001952,4.144881857379567,0.2930874068570184
R:A:ALA:303,0.0,3.153158239321331,0.22296195731783477,-7.000000000001005e-05,0.8541353040063383,0.06039648655137151,-0.0024700000000005672,2.416195715065317,0.17085083747965646,0.002435000000000036,1.6791570571495091,0.1187343341787665,0.0,0.09701730961839186,0.006860159752363974,-0.00010500000000061238,4.397605770665509,0.31095768614226743
R:A:ASP:304,0.0,9.240837092763837,0.653425857213349,-0.00011499999999999843,1.8859268989213234,0.13335516990493843,0.04857000000000006,12.636319562528877,0.8935227251904396,-0.0485550000000017,12.78549392346557,0.9040709454101901,0.0,0.14049108152139764,0.009934219644001232,-0.00010000000000118803,20.30061464932496,1.4354702280792644
R:A:PHE:305,0.0,4.338539527882626,0.3067810720611687,-0.0001600000000000268,1.3994975707017143,0.09895942224972819,-0.002590000000000643,3.3170285292562682,0.23454933664263475,0.0024549999999999763,1.790718916210749,0.12662294888516457,0.0,0.10530063701365472,0.007445879449561841,-0.00029500000000050043,5.9162453811797295,0.4183417228195777
R:A:VAL:306,0.0,4.091167922024223,0.28928925806362044,-6.500000000000173e-05,1.4383011713041882,0.10170325116177456,-0.0022550000000001093,3.877431712870647,0.27417582577586047,0.0022549999999999727,2.8015465561855297,0.1980992567688607,0.0,0.2593025723222593,0.01833546072681847,-6.500000000016826e-05,6.461945747531307,0.4569285657738961
R:A:GLU:307,0.0,4.09741671221637,0.2897311142555284,-4.9999999999996716e-05,1.1628332414839198,0.08222472704424139,0.04386000000000002,13.958523096006612,0.9870166336535316,-0.04390499999999974,13.034312200598656,0.921665054514586,0.0,0.1295356127014436,0.009159551014634504,-9.499999999967201e-05,19.56761216654789,1.3836391254594402
R:A:SER:308,0.0,9.068745457658409,0.6412571409964961,-2.4999999999999466e-05,1.0637804957673365,0.0752206402251071,0.0011800000000001987,8.097115645709897,0.5725525381133159,-0.0011849999999999973,4.047142533019439,0.2861761929526546,0.0,0.09417170795858111,0.006658945329343187,-2.9999999999898997e-05,12.857888080557004,0.9091899853499539
R:A:LYS:309,0.0,5.012031096292201,0.35440411757060614,-2.4999999999995027e-05,1.3115537103660682,0.09274085224902238,-0.02443499999999986,17.272458526679834,1.2213472551978715,0.024454999999999904,16.532410786826432,1.1690179776726595,0.0,0.21820271878254796,0.01542926221244809,-4.999999999935057e-06,24.465213492878192,1.729951836399079
R:A:ASP:310,0.0,10.167865787430516,0.7189766848486813,-2.4999999999997247e-05,1.4470724472447811,0.10232347403149973,0.007394999999999961,22.218493570480312,1.5710847471436336,-0.007424999999999535,21.077878389645267,1.4904310742343554,0.0,0.13146007461267623,0.009295631021391285,-5.4999999998948116e-05,32.302247739749355,2.2841138424344596
R:A:VAL:311,0.0,4.369034270356551,0.30893737598055365,-3.4999999999993925e-05,1.4853726989799565,0.10503171080380916,-0.003240000000000265,3.451895684975141,0.24408588467945044,0.003314999999999999,1.2336660933473853,0.08723336603258525,0.0,0.06783218860919739,0.004796460054828836,3.99999999997469e-05,5.893802640576075,0.41675478141265226
R:A:CYS:312,0.0,3.210950105467227,0.2270484593627536,-2.9999999999992255e-05,0.8475686820252386,0.05993215625813909,-0.0018299999999995009,3.360177550450274,0.2376004331914191,0.0017849999999999993,1.9154513408267515,0.13544286321314608,0.0,0.07391118571129131,0.005226310062199234,-7.49999999997275e-05,5.098409862255902,0.36051201868695204
R:A:LYS:313,0.0,5.08072602835461,0.35926158280005394,-4.999999999999893e-05,1.2857993717139544,0.09091974549843394,-0.0012950000000006411,25.58778481351746,1.8093296157180352,0.0014100000000001423,23.316725508285895,1.6487414721974305,0.0,0.1865845545317819,0.013193520377409415,6.499999999969752e-05,35.01294461891366,2.4757890569342886
R:A:ASN:314,0.0,5.8539591299393265,0.41393741975689996,-4.000000000001336e-05,1.5420622524398941,0.10904026757120508,-0.0038100000000000733,7.12932517870731,0.5041194179147933,0.003884999999999994,3.4507798899343034,0.2440069860554714,0.0,0.14133686256762873,0.009994025395320138,3.499999999974079e-05,9.970051602005151,0.7049891096557643
R:A:TYR:315,0.0,4.562735900964464,0.3226341496335284,-9.000000000000341e-05,1.8495245437409042,0.13078113468501487,-0.0030699999999998086,6.142589216800193,0.43434664892427804,0.0029950000000000233,4.027555740269152,0.2847911975551123,0.0,0.21071796519494723,0.014900010210717808,-0.00016499999999958215,8.845129141399289,0.6254450796354182
R:A:ALA:316,0.0,3.1394429788658362,0.22199214195045278,-1.5000000000002789e-05,0.9322686862568108,0.06592135099400648,-0.0019400000000000261,3.0956921410485894,0.21889849054013596,0.0018999999999999928,2.376701698520452,0.1680581887881397,0.0,0.11473463418855404,0.008112963787168446,-5.500000000002725e-05,5.0961173409869,0.3603499129534194
R:A:GLU:317,0.0,4.633762933291905,0.32765651925415734,-2.0000000000004457e-05,1.2511534466243537,0.08846990864130017,-0.017209999999999833,23.44342982294826,1.6577008202077659,0.017070000000000078,22.779314486400814,1.6107407744114972,0.0,0.15435741220708785,0.010914717289803899,-0.00015999999999969817,33.038652218477424,2.336185502494936
R:A:ALA:318,0.0,3.400906742848148,0.24048042200509792,-5.000000000000559e-05,1.1115433083330581,0.07859798109048348,-0.0015049999999998676,2.7555742630121585,0.19484852474390202,0.0015000000000000035,1.437539964592289,0.1016494257189877,0.0,0.07571097050106808,0.0053535740651519895,-5.499999999986294e-05,4.739951267648141,0.3351651683847772
R:A:LYS:319,0.0,4.905575614828499,0.34687657828685986,-8.00000000000045e-05,1.7609096097187953,0.12451511260887169,0.03479000000000013,17.330032777318973,1.2254183695027383,-0.034579999999999986,15.772138928926221,1.1152586390460062,0.0,0.24600301001243713,0.017395039657209642,0.0001300000000002477,24.00659065139478,1.6975223042770826
R:A:ASP:320,0.0,6.615923956149285,0.467816469320769,-6.999999999999341e-05,1.6425342605559254,0.11614471139703264,-0.06012499999999985,16.071079884257156,1.136396956714895,0.059905000000000326,16.63527454109715,1.1762915434909726,0.0,0.22335788002078277,0.015793787159414676,-0.00028999999999946625,24.11493779873934,1.7051836045380382
R:A:VAL:321,0.0,3.798235072497488,0.2685757776303552,-0.00011999999999998457,1.1602412092319425,0.08204144268599864,-0.0015149999999997733,3.045722538294485,0.21536510604407344,0.0015450000000000025,1.240565656454748,0.08772123881862932,0.0,0.1349389605712568,0.009541625406619984,-8.999999999972363e-05,5.158137917977771,0.36473543000975417
R:A:PHE:322,0.0,4.3200671432224285,0.3054748772153775,-0.00019999999999996908,1.26414104733214,0.08938827069448205,0.001520000000000863,2.505378625347874,0.1771570215423312,-0.0012750000000000062,1.2089083895709385,0.08548273200989191,0.0,0.10420494040667362,0.0073684019994698985,4.500000000102478e-05,5.2924732337377165,0.3742343712824235
R:A:LEU:323,0.0,6.405516374621956,0.45293840654966544,-0.00033500000000002305,1.3775410599234421,0.097406862483477,0.00398499999999963,3.8421695114316603,0.2716824116001531,-0.003575000000000003,1.269697723623619,0.0897811870431384,0.0,0.0703130448210183,0.004971883079881569,7.499999999947437e-05,7.701142914239873,0.5445530377545744
R:A:GLY:324,0.0,2.9471639112119306,0.2083959586886224,-0.00019499999999997408,0.8144559127877947,0.0575907298909729,0.0012700000000000955,2.2558697186451173,0.15951407755273514,-0.0016650000000000107,1.3278522239221502,0.09389333119489904,0.0,0.043927599172039804,0.0031061503255793914,-0.0005899999999999883,4.025317739442319,0.2846329469990168
R:A:MET:325,0.0,3.852932032095817,0.27244343673458166,-0.0002100000000000346,1.0954375863096903,0.0774591345646206,0.0024599999999993117,2.5154821522722037,0.17787144878254066,-0.0024800000000000325,1.6890637613778823,0.11943484395267571,0.0,0.11421753100090594,0.00807639907011253,-0.00023000000000062359,5.023813416343997,0.35523725341127965
R:A:PHE:326,0.0,4.059639051436716,0.2870598302440625,-0.00048499999999999764,1.036399396745772,0.07328450414565825,0.005389999999999375,1.7948894554122263,0.12691785054022145,-0.004189999999999979,0.9166875813220118,0.06481960049822892,0.0,0.05039438600820087,0.0035634212080131304,0.0007149999999992951,4.649653407574175,0.3287801454662837
R:A:LEU:327,0.0,4.331904739857514,0.3063119217007395,-0.0011900000000000066,1.4456281565983693,0.10222134726049151,0.006895000000000451,1.9097766604959332,0.13504160271884733,-0.004514999999999993,0.7567874955197132,0.053512956999917316,0.0,0.01648717915119163,0.0011658196180445069,0.0011900000000009347,5.007542858106794,0.3540867512049579
R:A:TYR:328,0.0,4.191099337638038,0.2963554762270304,-0.0008250000000000312,1.546171011426291,0.10933080070535932,0.006359999999999957,2.3182724366972054,0.1639266160626455,-0.00772,0.9279042763130259,0.06561274060729365,0.0,0.058450052090823656,0.004133042819412834,-0.0021850000000000857,5.11808248271405,0.3619030830199186
R:A:GLU:329,0.0,3.847476359582992,0.2720576624316065,-0.0004699999999999971,1.788504067174576,0.12646633540788632,0.03210999999999995,10.746879482098514,0.7599191358386431,-0.03422499999999971,9.855143797280435,0.6968639008625538,0.0,0.08618427251492254,0.0060941483526931114,-0.002584999999999624,15.186458663312655,1.073844790303757
R:A:TYR:330,0.0,4.641652958672157,0.3282144282991684,-0.0013799999999999902,1.4628759737585413,0.10344095210795384,0.009579999999999913,3.2144677178344785,0.22729719211860053,-0.004220000000000007,1.6056832052898855,0.11353894828978293,0.0,0.07547630046669876,0.005336980387887607,0.003979999999999424,6.049931093825131,0.4277947302155097
R:A:ALA:331,0.0,3.2356576517301696,0.22879554671365432,-0.0015199999999999836,0.9424108788633544,0.06663851231082518,0.015300000000000225,2.079895323087199,0.14707080871131434,-0.008890000000000009,1.1208744999998885,0.0792577959809002,0.0,0.005849335123300083,0.0004136104531118138,0.004889999999999208,4.115820345723484,0.29103244766066355
R:A:ARG:332,0.0,6.011681730260676,0.42509009178026014,-0.0012849999999999628,1.6990237315220174,0.12013912019560906,-0.01778499999999969,11.512752364047227,0.814074526673925,0.02638000000000105,9.619339849831173,0.6801900438353607,0.0,0.06426391330874272,0.00454414488861964,0.007310000000001651,16.251347478261724,1.1491438005297763
R:A:ARG:333,0.0,6.062556703202866,0.4286874956162706,-0.0009300000000000086,2.3736685942860682,0.16784371593092187,-0.04909000000000002,15.932482305802194,1.1265966279567412,0.0551750000000003,12.00187048211132,0.8486604004823572,0.0,0.10445095696092492,0.007385797996849423,0.005155000000002019,20.983057305157775,1.4837262110502987
R:A:HIS:334,0.0,5.192049943476083,0.3671333723291169,-0.003170000000000024,1.4783747141878478,0.10453687855369512,-0.02070499999999946,4.783869815523308,0.3382706786870169,0.030185000000000028,2.73001189709404,0.19304099251551468,0.0,0.13655244867784463,0.009655716244773195,0.006310000000000002,7.713624073837792,0.5454355890134505
R:A:PRO:335,0.0,3.722058906781299,0.2631893092960844,-0.007284999999999922,1.9779120232141267,0.1398595004205113,-0.009554999999999864,2.3511215834947796,0.1662494015083212,0.03318000000000001,1.9300939317427015,0.13647825074622696,0.0,0.24340860669150027,0.01721158763907291,0.016340000000000375,5.203666160762189,0.36795476293059104
R:A:ASP:336,0.0,9.074954473703988,0.6416961847315286,-0.01275500000000001,1.4630861312222874,0.10345581248472703,0.414195,16.96819056527463,1.1998322613171286,-0.3596500000000003,16.612014099160284,1.1746467818682773,0.0,0.221723497978438,0.015678218896895527,0.04178999999999991,25.464152931658763,1.8005875215147216
R:A:TYR:337,0.0,4.728764882456095,0.3343741715021512,-0.013800000000000043,1.532881790599001,0.1083911108889931,-0.025184999999999392,3.155949206669049,0.22315930851159896,0.06860999999999998,2.0244435539550123,0.14314977651309835,0.0,0.11284228717918601,0.007979154646900223,0.029625000000000682,6.22752473921227,0.44035249731039816
R:A:SER:338,0.0,5.404388459164459,0.3821479727641506,-0.04114500000000001,0.832900006888582,0.05889492429212385,0.049435000000000145,5.963628670648014,0.4216922273493727,0.006230000000000008,1.7766712916434486,0.12562963182605447,-0.0012548879999999996,0.04483237596846422,0.003170127706400586,0.013265112000000516,8.283995097830816,0.5857669108992287
R:A:VAL:339,0.0,4.000003403398551,0.2828429531312385,-0.02093,1.230069081129186,0.08697901885943528,0.05929999999999989,3.0137625295965176,0.21310519215636206,-0.026484999999999995,0.8883053742238645,0.06281267538781483,0.0,0.04989915134544426,0.003528402829181747,0.011884999999999823,5.2333008818077715,0.3700502541515814
R:A:VAL:340,0.0,4.098136468634249,0.28978200871991683,-0.02003500000000001,1.0362559024077982,0.07327435756371392,0.028644999999999855,2.6007433406960785,0.18390032523319524,0.010169999999999997,0.8177141986965861,0.057821125497088,0.0,0.03644827572099399,0.002577282292487185,0.018780000000000085,5.030149075579474,0.3556852521721489
R:A:LEU:341,0.0,4.619736025770304,0.32666466711139724,-0.007080000000000011,1.21711626544057,0.08606311647854731,-0.006540000000000319,2.533604237869443,0.1791528737440458,0.022930000000000002,0.9344358311569607,0.06607459127947747,0.0,0.03418861602607511,0.0024175002231420785,0.009309999999999622,5.487879605964928,0.38805168837131593
R:A:LEU:342,0.0,4.321241953183136,0.30555794882435966,-0.004489999999999963,1.2306394714537643,0.08701935154607854,0.01422500000000106,2.0943264444863887,0.14809124309146368,-0.0006600000000000012,0.6861165412304239,0.048515765898829215,0.0,0.007021848047515697,0.0004965196370859868,0.009075000000001117,5.004459411087776,0.3538687185753002
R:A:LEU:343,0.0,4.050416785739462,0.2864077175828193,-0.0033299999999999884,1.2313604782922019,0.08707033442855265,0.01615499999999997,1.8772002054589172,0.13273809949247806,-0.002775000000000001,0.8320538627847359,0.05883509286875479,0.0,0.04318957216271761,0.0030539639352803365,0.010049999999999814,4.705335731570447,0.3327174803552827
R:A:ARG:344,0.0,5.560945022561364,0.39321819352587184,-0.004665000000000124,2.0986074219288846,0.14839395390943325,-0.015980000000000025,8.540094069022308,0.6038758428176689,0.1236200000000003,6.837141856049938,0.4834589370347289,0.0,0.04917410020651245,0.003477133971477176,0.10297500000000326,12.450317113027928,0.8803703658544967
R:A:LEU:345,0.0,5.0150442139426845,0.35461717716292307,-0.001120000000000001,1.3727767618225477,0.09706997573400335,-0.00025500000000015175,2.490390627165746,0.1760972100272318,0.002944999999999997,0.6628834343042523,0.04687293715327641,0.0,0.012527263077360832,0.0008858112671709702,0.0015699999999996095,5.803171663949827,0.41034620359685436
R:A:ALA:346,0.0,3.1251174931432577,0.22097917714063015,-0.00042999999999997484,0.9789561366578178,0.06922265227149274,0.006739999999999711,2.0772150457282947,0.14688128448172016,-0.004454999999999997,0.8251361905618976,0.058345939574875307,0.0,0.03962459971234596,0.002801882315840235,0.0018549999999998247,3.965092262675279,0.2803743626968001
R:A:LYS:347,0.0,4.853545533725835,0.34319749596952187,-0.0005300000000000116,1.5997511644940283,0.11311948966248034,0.07575499999999934,15.93144179279374,1.1265230525763221,-0.07149499999999995,14.580842069800873,1.0310212302966293,0.0,0.15778871268911737,0.011157346873717073,0.003729999999998972,22.193530552297265,1.5693195952000218
R:A:THR:348,0.0,4.629353003601043,0.3273446901352609,-0.0003250000000000286,1.3551037393406455,0.09582030432990181,0.001190000000000353,3.8522908705275616,0.2723980997653067,0.001979999999999986,1.4966312571238116,0.10582781108479945,0.0,0.06241945716035383,0.004413722143606939,0.0028450000000001196,6.352256420824586,0.44917235910008524
R:A:TYR:349,0.0,4.470343953634888,0.31610105238515107,-0.0002349999999999941,1.373726400115758,0.0971371253016837,0.004854999999999947,2.152362846727986,0.15219503644953405,-0.004610000000000014,1.2790138521337444,0.09043993680752989,0.0,0.03568583649113513,0.0025233696975196,9.999999999785735e-06,5.304801129451138,0.37510608514809557
R:A:GLU:350,0.0,4.190393632011198,0.29630557530360446,-0.00016999999999999904,1.9291950333623606,0.13641468903219328,-0.05773499999999967,17.790197356909086,1.257956918971741,0.05690500000000046,14.946107885338408,1.0568494238068518,0.0,0.09240868397778484,0.0065342807081216325,-0.000999999999999659,23.6889635600795,1.6750626772613233
R:A:THR:351,0.0,4.558259917029742,0.32231764977425603,-9.500000000000507e-05,1.1704630162354552,0.08276423359081504,0.00313499999999987,4.590932044778598,0.32462791808295693,-0.0028300000000000113,2.8671931800543193,0.20274117405882308,0.0,0.13703472926141325,0.009689818631880792,0.00020999999999972375,7.173837845402121,0.5072669387616531
R:A:THR:352,0.0,4.337269489984454,0.3066912668201526,-8.499999999998397e-05,1.4612261695490538,0.10332429333353797,0.0022999999999996847,3.612015172857113,0.2554080422475964,-0.0017750000000000044,1.3173955875799037,0.09315393534829862,0.0,0.08402749917921032,0.005941641447576667,0.0004399999999996851,5.977987446546565,0.42270754613011297
R:A:LEU:353,0.0,4.44129830702127,0.31404721501670735,-8.999999999999453e-05,1.4526943319742112,0.10272100131302263,0.001725000000000243,2.8584776658345605,0.20212489413819115,-0.0016600000000000005,0.9185281507662136,0.06494974841175291,0.0,0.008713137072969298,0.0006161118309704497,-2.4999999999630874e-05,5.55428806623159,0.3927474756295873
R:A:GLU:354,0.0,4.11095377439348,0.2906883291018062,-5.999999999999783e-05,1.3024841711130313,0.09209953897821639,-0.027634999999999934,15.239635509400316,1.0776049611508267,0.027399999999999737,14.894006084737578,1.0531652701551641,0.0,0.1636357702974182,0.011570796282198863,-0.0002949999999998809,21.74169014423892,1.5373696535448067
R:A:LYS:355,0.0,4.825889629855826,0.34124192825288924,-5.499999999999172e-05,1.172437800471735,0.08290387192330043,-0.012389999999998907,15.93107494754042,1.1264971126996952,0.012490000000000138,15.847306831280513,1.1205738123942348,0.0,0.1763726639514937,0.012471430669603734,4.500000000138727e-05,23.01371789218366,1.6273155981877245
R:A:CYS:356,0.0,3.0170670235843295,0.21333885516707926,-2.000000000000668e-05,1.1476588725531642,0.081151737127125,0.0013350000000001928,2.4692953084584675,0.17460554573631099,-0.0012849999999999995,0.9556904749316066,0.06757752155395312,0.0,0.016396568241678868,0.0011594124591879113,3.000000000017766e-05,4.175026558508353,0.29521895911551904
R:A:CYS:357,0.0,2.9311329573306635,0.20726239906878913,-2.9999999999996697e-05,0.8596745341988442,0.06078816927453893,0.0005299999999999728,2.1840825550102267,0.1544379585318972,-0.0005849999999999977,1.2880490952890733,0.09107882497801012,0.0,0.08356605063819274,0.00590901210832445,-8.499999999988184e-05,3.9707494358237048,0.28077438524635995
R:A:ALA:358,0.0,3.048864190350237,0.21558725439134852,-1.5000000000002789e-05,0.7536188622738951,0.0532889007943962,-0.00015499999999974535,2.007775803563486,0.14197118858020105,0.00018499999999998406,1.146490513643702,0.08106912167635097,0.0,0.08864534444095229,0.006268172417481459,1.5000000000238156e-05,3.9008943094008663,0.27583488188693667
R:A:ALA:359,0.0,3.1018938439604926,0.21933701715852708,-4.999999999997229e-06,0.6962901826645267,0.04923515098357067,-0.0012949999999997885,2.498578463081558,0.17667617745716316,0.0013149999999999729,1.6450050438448511,0.1163194221588768,0.0,0.07563996340534282,0.00534855310526202,1.500000000030033e-05,4.365916028989674,0.30871688301896416
R:A:ALA:360,0.0,3.2172303660058295,0.2274925408442,-4.999999999999449e-06,0.36573685892318814,0.025861501307445398,-0.0003649999999998954,2.3260170656671897,0.16447424402889047,0.00043999999999999595,1.9386415544782898,0.13708265894616284,0.0,0.0488893396137522,0.0034569983568616285,7.000000000007223e-05,4.433442377202829,0.3134917168919928
R:A:ASP:361,0.0,5.357942883906098,0.37886377464202087,-1.5000000000000568e-05,1.312766157613381,0.09282658521606296,0.02206500000000013,10.658838032744235,0.7536936652522528,-0.022075000000001666,9.984285419126149,0.705995592516607,0.0,0.0804087183251878,0.00568575499942593,-2.5000000002250998e-05,15.611987574700658,1.1039342281870956
R:A:PRO:362,0.0,3.713833988616077,0.2626077197551511,-1.4999999999991686e-05,1.1406667941932034,0.0806573225248334,0.0015949999999996932,2.0349643557013475,0.14389370953893363,-0.0015999999999999897,1.049531052399118,0.074213052421727,0.0,0.07089787131269315,0.005013236557689652,-2.0000000000286455e-05,4.510133645187986,0.3189146084570027
R:A:HIS:363,0.0,3.771212806618051,0.2666650148857176,-2.0000000000002238e-05,1.5428717431303227,0.10909750720685603,-1.9999999999953388e-05,3.9602065625419085,0.28002889152728505,4.999999999938387e-06,3.4587125520018285,0.24456790996955222,0.0,0.19990535246401772,0.014135443032279383,-3.499999999993175e-05,6.654952286370559,0.47057618901655407
R:A:GLU:364,0.0,4.56634306400647,0.3228892145783132,-9.999999999998898e-06,1.2619748684898602,0.08923509871961816,0.03554500000000008,14.431768328669047,1.020480124971513,-0.03553499999999978,13.766847936375088,0.9734631531374852,0.0,0.15189457233863818,0.010740568212608164,2.842170943040401e-16,20.500467816702525,1.449601981068693
R:A:CYS:365,0.0,3.3439436537642195,0.23645252334824002,-1.9999999999997796e-05,1.104598959622903,0.07810694148409601,0.0022450000000001323,2.862831324314271,0.20243274428158853,-0.0022349999999999983,2.012339529099153,0.14229389270757548,0.0,0.10808563030631223,0.007642808213841559,-9.999999999952269e-06,4.965792393614407,0.3511345475489325
R:A:TYR:366,0.0,4.416905330001991,0.31232237107034133,-7.999999999997343e-05,1.729986639933962,0.12232852844594347,0.002190000000000012,2.8824146768811736,0.2038174964214309,-0.0022549999999999957,1.8082576857226405,0.12786312717071718,0.0,0.10259235386874575,0.007254374911848005,-0.00014500000000009506,5.838710635670971,0.41285918838689606
R:A:ALA:367,0.0,3.3147277782572138,0.23438664897930944,-2.4999999999990586e-05,0.9601757756655809,0.06789468021041854,0.002544999999999149,2.731325804600213,0.19313389980626136,-0.002515000000000007,1.8728002263388905,0.13242697398519304,0.0,0.18614842223357356,0.013162681166853655,4.9999999991179325e-06,4.786599036672599,0.338463663765219
R:A:LYS:368,0.0,4.592904142065236,0.32476736641941106,-6.49999999999995e-05,1.592223361772776,0.11258719362731713,-0.043989999999999585,12.90558771065851,0.9125628585404404,0.044034999999999956,12.632741574012153,0.8932697231961213,0.0,0.1899492293674367,0.013431438816687338,-1.9999999999651407e-05,18.703111458658086,1.3225096941704952
R:A:VAL:369,0.0,5.377698406846557,0.38026070106572935,-0.000129999999999999,1.3519061244590915,0.09559419881326482,0.0026749999999998763,4.233468415988833,0.29935142248847757,-0.0018249999999999965,0.9244003941339488,0.06536497872236324,0.0,0.017558241103526516,0.001241555135001197,0.0007199999999997698,7.0373552940029,0.49761616500085004
R:A:PHE:370,0.0,4.844566917852409,0.342562611952545,-0.000279999999999978,1.2214590827162406,0.08637020003305537,0.004740000000000038,2.446485454636916,0.1729926455048017,-0.004899999999999991,1.82684921950335,0.12917774713161706,0.0,0.13107294075251247,0.009268256523616413,-0.00043999999999946306,5.856760211810578,0.414135486155482
R:A:ASP:371,0.0,11.015464803717999,0.7789109860630739,-0.00011500000000000288,0.9299832273084284,0.06575974464195401,0.09018500000000007,17.775278425211095,1.25690199119457,-0.09006999999999976,17.03545668811817,1.2045886944778081,0.0,0.13655910204582525,0.009656186708934877,-2.842170943040401e-16,26.988725232954252,1.9083910627802436
R:A:GLU:372,0.0,3.8574247824098915,0.2727611221559077,-0.00020000000000000906,1.0647092314571147,0.07528631175552432,0.053824999999999845,17.24476759707347,1.2193892107876694,-0.052939999999999966,17.225700981945554,1.218040997502547,0.0,0.14614268211017067,0.010333848154089163,0.0006850000000002865,24.701041945219828,1.7466274261838288
R:A:PHE:373,0.0,4.312497719674759,0.3049396381433545,-0.0005300000000000527,1.4467801779641578,0.1023028074724736,0.004844999999999473,2.297867959691113,0.16248380165688822,-0.006119999999999999,0.991252547411607,0.0700921398143187,0.0,0.024638634168472243,0.0017422145299701294,-0.001805000000000625,5.191742992557382,0.3671116676215064
R:A:LYS:374,0.0,4.770700415326871,0.3373394614687109,-0.00039500000000000976,1.4867673438958091,0.10513032709154384,-0.13439499999999996,18.87890968260548,1.3349405057978707,0.13587999999999978,16.66139824149072,1.1781387680607704,0.0,0.1517623581855015,0.010731219260182985,0.0010900000000001998,25.671161126185197,1.815225211325804
R:A:PRO:375,0.0,3.568612862156667,0.2523390354260513,-0.00030500000000001305,0.8856923788624356,0.06262790871388729,0.011294999999999859,2.6350325256389153,0.1863249367526392,-0.009794999999999991,1.7675299461324552,0.12498324108605521,0.0,0.0866393853716415,0.006126329691412227,0.0011949999999999062,4.857418414618261,0.3434713500036981
R:A:LEU:376,0.0,5.64396444310203,0.39908855304932017,-0.0009700000000000131,1.4530932607888596,0.1027492098400275,0.009744999999999351,3.51183941517476,0.2483245464908272,-0.002980000000000003,0.8605920890584575,0.060853050200873254,0.0,0.12225318439320314,0.008644605570608333,0.005794999999999376,6.859620639829093,0.48504842707903556
R:A:VAL:377,0.0,4.257797515376935,0.3010717496042264,-0.0012799999999999346,1.328463463780619,0.09393655237978452,0.017944999999999815,3.2747607136209202,0.23156055073646503,-0.012434999999999996,1.4237443959766796,0.10067393170714552,0.0,0.10031550700338113,0.007093377526025739,0.004229999999999912,5.714439945790432,0.40407192363517014
R:A:GLU:378,0.0,4.60028293085871,0.32528912557869194,-0.0008699999999999974,1.289581791706133,0.09118720298101045,0.21997999999999965,19.34841064735163,1.3681392373924335,-0.2185700000000002,19.09690095126301,1.3503548162285903,0.0,0.18916349126050608,0.013375878742322607,0.0005399999999999139,27.602790213831206,1.9518120139869717
R:A:GLU:379,0.0,4.2952252303924645,0.3037182887134062,-0.0018949999999999466,2.199144257859179,0.1555029817539683,0.2330350000000001,16.82992259252178,1.190055239201683,-0.23068999999999998,14.556597116591156,1.0293068532142151,0.0,0.12473208613478935,0.008819890393745408,0.00045000000000040786,22.769311966438764,1.6100334894420854
R:A:PRO:380,0.0,3.847236074872453,0.27204067173678276,-0.00440500000000013,1.200753287097312,0.08490607918385468,0.047714999999999785,2.1868949304607663,0.15463682350712912,-0.043934999999999995,1.3264679241787192,0.09379544642132155,0.0,0.028180509031487135,0.00199266290334533,-0.0006250000000004174,4.773453111125558,0.3375341064552904
R:A:GLN:381,0.0,4.054345447146802,0.2866855158950309,-0.0024350000000000938,1.3566381174709046,0.09592880124798286,0.04233499999999925,5.235945501662044,0.3702372570148431,-0.02891500000000001,4.640894570476149,0.3281608021555515,0.0,0.13494669743781357,0.009542172485700726,0.010984999999999374,8.200574510872661,0.5798681846263614
R:A:ASN:382,0.0,11.05895451539385,0.781986173066858,-0.0015349999999999487,1.3152781142309788,0.09300420737189796,0.021650000000000703,11.060391102375178,0.7820877551064842,-0.006139999999999982,4.319486957052886,0.3054338518578941,0.0,0.13582381470619898,0.009604194042537841,0.013975000000001004,16.28002145298391,1.1511713567267392
R:A:LEU:383,0.0,5.848094735377496,0.41352274444067755,-0.00985500000000001,1.519604194083117,0.10745224303556905,0.02136000000000074,3.81670795623008,0.2698820077658938,-0.009930000000000008,0.8121571667479147,0.05742818399967041,0.0,0.03968732445901144,0.0028063176252117717,0.0015750000000005393,7.1929022592412375,0.5086149963921517
R:A:ILE:384,0.0,4.191356304294589,0.29637364651356907,-0.006919999999999953,1.6474044348003922,0.11648908472041489,0.021095000000000468,2.6001511567551225,0.18385845150515928,-0.021184999999999992,1.2264883280630925,0.08672582138195636,0.0,0.12084631119260542,0.008545124612567106,-0.007009999999999292,5.344256031397529,0.3778959680198299
R:A:LYS:385,0.0,4.49260548154409,0.3176751801195681,-0.0014700000000000158,1.425513438414384,0.10079902189753627,-0.34659499999999943,15.940659643310719,1.1271748530371741,0.3547250000000002,14.326354502265223,1.0130262418234164,0.0,0.119460161986692,0.008447109062243333,0.0066600000000006385,21.944906618499243,1.5517392282446363
R:A:GLN:386,0.0,4.552613050320661,0.32191835600001123,-0.0021900000000000253,1.4296246213254724,0.10108972642904916,-0.00672500000000035,6.38001270270483,0.45113502461388977,0.033224999999999984,4.751566684544688,0.335986502390163,0.0,0.18458102131717347,0.013051849185171204,0.024309999999999297,9.27826117015632,0.6560721391037365
R:A:ASN:387,0.0,3.970692092696184,0.2807703304749275,-0.006919999999999984,1.453085756846443,0.10274867923117066,-0.04901000000000075,3.3507914421372154,0.23693673510770757,0.10272500000000001,1.8942025432025478,0.13394034632393256,0.0,0.06090787913175477,0.00430683743617544,0.04679499999999983,5.718161439209751,0.40433507295846427
R:A:CYS:388,0.0,2.8508468551993458,0.2015853143435801,-0.006044999999999971,1.0506275698243408,0.07429058791243343,0.02401499999999906,2.645921555219466,0.18709490741833404,-0.016295,1.7959236637939264,0.12699098011620746,0.0,0.07037011236928564,0.004975918364918122,0.0016749999999992637,4.411614298365153,0.31194823863535326
R:A:GLU:389,0.0,4.417573875505648,0.31236964437625814,-0.001499999999999959,1.6355876692491906,0.11565351321512027,0.4191599999999997,20.207995042773295,1.4289210328929132,-0.4124749999999996,19.239279759026196,1.360422518275251,0.0,0.1787960554852623,0.012642790328303519,0.005185000000000883,28.297261763174753,2.000918568175167
R:A:LEU:390,0.0,5.4846620680585225,0.3878241740840815,-0.0018150000000000332,1.420349604454833,0.10043388369656428,-0.02798499999999983,3.9447305189423267,0.2789345699897648,0.03868500000000001,1.4456775203602636,0.10222483780556955,0.0,0.1506138376886603,0.01065000659701817,0.008885000000000405,7.054961225104521,0.498861092327956
R:A:PHE:391,0.0,4.30478163231888,0.30439402837399754,-0.011244999999999932,1.4198973017352348,0.10040190106454659,-0.028635000000000445,3.5832096728038403,0.25337118580528256,0.031214999999999982,1.8701174699133207,0.13223727445911382,0.0,0.13790659492827906,0.009751468844413247,-0.008665000000000714,6.074784143399641,0.42955210620423984
R:A:GLU:392,0.0,4.495821926722632,0.31790261713927426,-0.00265000000000001,1.3339723655121196,0.09432609055690795,0.6089349999999998,24.004663654637508,1.6973860450296434,-0.5821349999999996,23.79288240420599,1.6824108491988141,0.0,0.2009012461254748,0.014205863348415084,0.02415000000000031,34.12268143994688,2.4128379438454783
R:A:GLN:393,0.0,4.123118218799941,0.2915484852147237,-0.0009249999999999759,1.136353799956246,0.08035234777761631,-0.031714999999999875,5.524230071491863,0.3906220544386543,0.03667499999999994,4.969215785883624,0.35137661793775493,0.0,0.11822380479143933,0.008359685406570139,0.004034999999999478,8.57412410000837,0.6062821293850923
R:A:LEU:394,0.0,5.000874813025217,0.3536152492155139,-0.0011400000000000342,1.6606055859234004,0.11742254706826964,-0.027770000000000225,3.973955828831015,0.2810011114702218,0.03279999999999998,2.3113121887685355,0.1634344522117353,0.0,0.1516706580772537,0.01072473508334523,0.003889999999999454,6.9945587966305345,0.49458999565054684
R:A:GLY:395,0.0,2.6702337829392384,0.1888140415269743,-0.0012149999999999882,0.8553335315974698,0.0604812140368809,-0.02200000000000024,2.6009926428577224,0.18391795355810153,0.028260000000000014,1.8348235009804075,0.1297416139823688,0.0,0.049896119781025046,0.003528188465205904,0.005044999999999979,4.242166137310536,0.29996644426122226
R:A:GLU:396,0.0,4.046945153445992,0.2861622361091694,-0.016465000000000004,1.5780337580593768,0.1115838371265077,0.5186900000000003,18.66243598895787,1.3196335041251983,-0.44099000000000005,16.903231355616594,1.195238951552157,0.0,0.17962656005076053,0.012701515869310535,0.06123500000000007,25.552024746017693,1.806800997095558
R:A:TYR:397,0.0,4.399721741110453,0.3111073078473085,-0.002484999999999964,1.3861917774518069,0.09801856058612061,0.0036149999999998527,2.705233593864863,0.1912889018915499,-0.002489999999999943,1.4337461807272582,0.10138116468925576,0.0,0.13199376906994556,0.009333368918372968,-0.0013599999999999968,5.538087964837079,0.3916019554743904
R:A:LYS:398,0.0,5.002730673217378,0.353746478348195,-0.0011199999999999654,0.8714541746988191,0.061621115642286124,-0.18860000000000085,10.60192487427637,0.7496692972231157,0.1948949999999997,10.367890334579885,0.7331205562179899,0.0,0.12631163701759474,0.008931581507791497,0.005174999999999201,15.674714103506673,1.1083696635749982
R:A:PHE:399,0.0,4.277158969128925,0.30244081112839255,-0.006570000000000107,1.4991408937621573,0.1060052691933283,-0.030050000000000736,2.534133893058928,0.17919032602166332,0.030550000000000008,1.136442095621242,0.0803585912239631,0.0,0.031030612652774483,0.0021941956631149916,-0.006070000000000904,5.315619473788696,0.3758710576123254
R:A:GLN:400,0.0,3.8839353493010154,0.274635702318089,-0.007565000000000071,1.5943193167853797,0.11273540002756455,-0.06214499999999973,3.014174681380461,0.21313433568849252,0.10335500000000002,1.8069708368911215,0.1277721332172043,0.0,0.049975025244978995,0.003533767924069355,0.03364499999999971,5.475371950819711,0.3871672635943233
R:A:ASN:401,0.0,3.7527447438907964,0.2653591256467356,-0.0011000000000000343,1.2706005975718728,0.08984502987227508,-0.015775000000000573,3.621265334337571,0.2560621274385867,0.018059999999999982,2.2198598940924175,0.15696779843967995,0.0,0.0705465306988699,0.004988393024635586,0.0011849999999999738,5.808944514747807,0.41075440579145733
R:A:ALA:402,0.0,3.2090916811381374,0.22691704891821146,-0.0006799999999999873,0.7724747876468203,0.05462221606407049,-0.02003500000000031,1.8941209748521872,0.13393457857056557,0.026985000000000002,1.2592858493110293,0.08904495635000896,0.0,0.11610495324249472,0.008209859976711503,0.006269999999999383,4.010232186958436,0.28356623735308684
R:A:LEU:403,0.0,5.48147457122625,0.3875987840215704,-0.004184999999999954,1.433767470468974,0.10138267010132945,-0.02438500000000012,4.601689523411483,0.3253885866919352,0.03529500000000001,0.9222093091999234,0.06521004562086273,0.0,0.11306919376449011,0.007995199365416665,0.006725000000000385,7.358060461616468,0.5202934448789622
R:A:LEU:404,0.0,6.0525490869715375,0.42797985028620206,-0.0015600000000000147,1.5105861631830209,0.10681457195532827,-0.0065099999999991805,4.723253572776927,0.3339844630574153,0.008554999999999997,0.8770729755128703,0.06201842485806133,0.0,0.003211693241222144,0.000227101006995918,0.00048500000000106346,7.873602265716657,0.5567477554454012
R:A:VAL:405,0.0,4.055869548931523,0.28679328616575034,-0.0004800000000000848,1.120574077136358,0.0792365528764976,-0.013229999999999685,2.4186614441670002,0.1710251908564934,0.015929999999999986,1.3156361629835203,0.0930295252419897,0.0,0.05185405599718995,0.003666635462763998,0.002220000000000064,5.028844260689861,0.3555929878264851
R:A:ARG:406,0.0,5.925385395381469,0.41898801942179686,-0.0011050000000000226,1.7172767574491308,0.12142980403663263,-0.225715,28.394998885030354,2.0078296263389417,0.23850999999999992,22.693539923376875,1.6046755968947433,0.0,0.21754006938440296,0.015382405824150338,0.011690000000000396,36.869760931717984,2.6070857975544626
R:A:TYR:407,0.0,4.822706242551997,0.34101682877792117,-0.003570000000000029,1.45787337713191,0.10308721510813064,-0.024704999999999658,2.395587260709783,0.16939359969719933,0.02583499999999999,1.8230820981993652,0.12891137142965703,0.0,0.08836168129235658,0.006248114403886983,-0.0024399999999993494,5.869767008397422,0.41505520556228914
R:A:THR:408,0.0,4.019651809696954,0.28423230526454935,-0.0005449999999999511,1.3887585044474076,0.098200055592525,-0.01516499999999997,2.7587538785246863,0.19507335751294946,0.018610000000000005,1.2464995624347408,0.08814082933436694,0.0,0.003449320861878756,0.0002439038171922695,0.002900000000000249,5.2202247915309545,0.3691256349409669
R:A:LYS:409,0.0,4.691878002884345,0.3317658752339516,-0.0003600000000000225,1.4463877730401344,0.1022750602541988,-0.08310000000000045,11.687120156745202,0.8264041915376518,0.0840749999999999,10.690773682441089,0.7559518566984772,0.0,0.1037371486341638,0.007335324126017402,0.0006149999999991529,16.58306176999084,1.1725995430395915
R:A:LYS:410,0.0,4.509279299755117,0.31885419711209695,-0.0008300000000000241,1.6889698607583261,0.11942820417619113,-0.12641500000000094,15.909938950570332,1.1250025720212264,0.14428500000000002,14.196075403137833,1.0038141183794314,0.0,0.09014219675448625,0.006374015859614922,0.017039999999998376,21.8597588932686,1.5457183748533168
R:A:VAL:411,0.0,3.8419761463080424,0.2716687386211376,-0.0006200000000000516,1.3788853178382894,0.09750191587220224,-0.005045000000000073,2.110564328082657,0.1492394348517676,0.007809999999999998,0.6250431090332891,0.04419722209313613,0.0,0.014229720487170786,0.0010061931850867604,0.002144999999999983,4.637614536010958,0.3279288686942653
R:A:PRO:412,0.0,3.834534568881861,0.2711425396350598,-0.000279999999999978,1.1275866940506172,0.07973241977389123,-0.0049199999999999374,2.705430343956392,0.19130281422394185,0.002664999999999991,1.3516361015728309,0.09557510531186979,0.0,0.018928397801097903,0.001338439844215286,-0.0025349999999999804,5.012159105003383,0.3544131691533789
R:A:GLN:413,0.0,4.577748305657488,0.3236956869495638,-0.0002449999999999664,1.510510588335944,0.10680922800664275,-0.0021800000000003904,7.756876885225781,0.5484940246372334,0.002920000000000049,5.626943442967061,0.3978849865875188,0.0,0.19972011969630699,0.014122345097664761,0.0004949999999995569,10.728883513047222,0.7586466286636239
R:A:VAL:414,0.0,4.828711850566359,0.3414414893931315,-0.00066500000000004,1.3430057226516199,0.09496484536593001,0.009265000000000008,2.905484197302577,0.20544875785430047,-0.004630000000000002,0.9032075780793692,0.0638664203279,0.0,0.03941097609517064,0.002786776845007608,0.003970000000000189,5.863386229968716,0.41460401639267047
R:A:SER:415,0.0,9.388039053774754,0.6638346076968268,-0.000455000000000001,1.0372406198539468,0.07334398760208637,0.0009350000000006631,7.82251788891371,0.553135544520396,-0.0019399999999999507,1.4991468726412365,0.10600569196392239,0.0,0.07176477206534136,0.005074535697770979,-0.001459999999999475,12.355384374001064,0.8736576075022459
R:A:THR:416,0.0,4.593225139436342,0.32479006436119623,-0.0005549999999999811,1.6778396403932647,0.11864117874656757,0.00169000000000036,4.8878037052954575,0.3456199145123151,0.0009299999999999986,1.7077087943645426,0.12075324687870714,0.0,0.03906191809913118,0.0027620947174049194,0.00206500000000025,7.121887619284692,0.5035935030444723
R:A:PRO:417,0.0,3.298879848403091,0.23326603111254754,-0.0010300000000000177,0.893491638629036,0.06317939966080716,-0.004354999999999763,2.2407438139767337,0.15844451457647563,0.00583499999999999,1.411208205182708,0.09978748915507896,0.0,0.10835269658596167,0.007661692651578197,0.00045000000000049666,4.3249413068396025,0.30581953263000916
R:A:THR:418,0.0,4.23867663725366,0.2997196993459055,-0.0020399999999999086,1.050745810936213,0.07429894882163543,-0.007049999999999948,3.7556132591029656,0.2655619603025817,0.017519999999999984,1.8018485297049807,0.1274099314025402,0.0,0.06993021199206785,0.0049448127109404,0.008429999999999983,6.035447432038429,0.4267705806689307
R:A:LEU:419,0.0,5.488668459198461,0.38810746871839513,-0.0016849999999999942,1.547680341438438,0.10943752645402306,0.0075650000000000266,3.134873930491464,0.221669061441544,-0.009139999999999995,0.7822720001061012,0.055314983600738776,0.0,0.004594631943993773,0.00032488954046543263,-0.003260000000000289,6.554403180087621,0.46346629352706287
R:A:VAL:420,0.0,3.9499143027096166,0.27930111885517034,-0.0026599999999999515,1.1187202315145641,0.07910546619545326,0.01880500000000005,2.2010433029304535,0.155637264518736,-0.015440000000000004,1.07461861232253,0.07598701079625386,0.0,0.02652508466969393,0.0018756067241487912,0.0007050000000001244,4.780529083542085,0.33803445326321196
R:A:GLU:421,0.0,4.098331420834581,0.28979579392220306,-0.01200999999999999,1.6486636361459546,0.11657812370144753,-0.42790500000000053,16.459595158204074,1.1638691351951365,0.4269599999999997,14.444367910919466,1.021371049976452,0.0,0.13559040584502005,0.009587689543684977,-0.012955000000000893,22.340340957476055,1.5797006585050886
R:A:VAL:422,0.0,5.16984825696074,0.3655634760202392,-0.011355000000000084,1.4495698074515075,0.1025000640652239,0.03544500000000003,4.600199638056483,0.32528323588816405,-0.03808500000000001,0.7419799585399864,0.05246590601881378,0.0,0.02169203687004353,0.0015338586368556391,-0.01399500000000002,7.109249266975281,0.5026998365823714
R:A:SER:423,0.0,3.7752622540957335,0.2669513540628704,-0.005800000000000032,1.0548545211544575,0.07458947850736053,0.06798999999999963,2.815434322427003,0.19908127013734864,-0.054625000000000014,1.0733783152155625,0.07589930854675157,0.0,0.0030020963375934494,0.00021228026780876268,0.007564999999999436,4.944101899441133,0.3496007979972115
R:A:ARG:424,0.0,6.259669552476394,0.4426254788543019,-0.023189999999999954,1.418593552131829,0.10030971204599283,0.23735999999999965,13.308080836844956,0.9410234204311813,-0.13523999999999997,10.66733378455929,0.7542944056242231,0.0,0.12945255043002576,0.009153677625096474,0.0789299999999956,18.22387593697792,1.2886226254539435
R:A:ASN:425,0.0,4.685026341436086,0.3312813896067058,-0.15771000000000007,1.5809864355838097,0.11179262295652606,0.22871000000000008,4.886586708322077,0.345533859831059,-0.0045700000000000055,2.6176216898360236,0.1850938047464042,-0.013487975999999999,0.09199832138746289,0.00650526369108544,0.052942024000000885,7.428871151772529,0.5253005167979473
R:A:LEU:426,0.0,4.578162900902501,0.3237250032604834,-0.040299999999999975,1.453592525710008,0.10278451320116275,0.1725949999999989,2.311257330085727,0.1634305731170732,-0.143855,1.4008287518376399,0.09905355097054824,0.0,0.06155065403910141,0.004352288485751577,-0.011560000000000792,5.511853308902791,0.3897468851630673
R:A:GLY:427,0.0,2.6566382783416334,0.18785269417751235,-0.015129999999999975,0.9280697461667415,0.06562444109285807,0.06958999999999975,2.43740618443049,0.17235064415168283,-0.026984999999999988,1.3877443792265922,0.09812834611046391,0.0,0.012902767414846784,0.000912363433511098,0.027474999999999628,3.973158724123913,0.280944747655851
R:A:LYS:428,0.0,4.756617888353027,0.33634367643676616,-0.42317499999999997,1.7506099403279418,0.12378681600184649,0.17113499999999995,16.85792432136516,1.1920352604366933,0.319895,15.263365715066747,1.0792829400853954,-0.095195016,0.14139777622106586,0.009998332641061362,-0.027340016000000196,23.299570545545368,1.6475284331489475
R:A:VAL:429,0.0,3.837280815994576,0.2713367286306813,-0.10798999999999989,1.1508302757140167,0.08137598919521653,0.2417900000000003,2.5970162352014667,0.1836367790762515,-0.23728000000000002,0.8787367857327926,0.06213607400697278,0.0,0.011423732022285539,0.0008077798379416016,-0.10347999999999942,4.8544759295369175,0.3432632848882423
R:A:GLY:430,0.0,3.3112933660127437,0.23414379936056395,-0.024155000000000006,0.9575229443073413,0.06770709670614299,0.173575,2.6278652783342986,0.18581813583548568,-0.143565,1.2695981855984988,0.08977414864188354,0.0,0.012787827239109543,0.0009042359357416403,0.005854999999999801,4.516551001278576,0.3193683840578972
R:A:SER:431,0.0,6.76434545822432,0.4783114543798841,-0.11762,1.1385650600646413,0.08050870747937766,0.06806000000000033,8.086803137590898,0.5718233336711173,0.17593499999999998,3.139182460812847,0.22197372054226375,-0.006038208000000001,0.15468520377472902,0.010937895653833383,0.120336792,11.060175355521801,0.78207249950018
R:A:LYS:432,0.0,4.9250435875431595,0.348253171839109,-1.9944149999999998,1.8897911759173287,0.13362841555176427,-25.69742,9.332651972488849,0.6599181496200873,27.0293,8.887139433684496,0.628415655890868,-0.685199952,0.1330599347683427,0.009408758217893479,-1.347734952000001,13.925685265988369,0.9846946484249965
R:A:CYS:433,0.0,3.17599017466207,0.2245764189485397,-0.36891000000000007,1.0125104313042903,0.07159529919973796,0.28326499999999966,2.135406354836241,0.15099603140935527,-0.18980999999999998,0.900138773467736,0.06364942307279776,-0.0007752960000000001,0.003332226541384004,0.00023562399838624248,-0.2762302959999998,4.0598413982024875,0.28707413832108536
R:A:CYS:434,0.0,3.744180848089473,0.26475356676728645,-0.024000000000000004,1.132940057902447,0.08011095976207,-0.09387000000000015,3.215654022170295,0.22738107650264122,0.13759,2.0807271847842044,0.14712963021601053,0.0,0.07187841596313575,0.005082571534848068,0.019720000000000112,5.475168153808738,0.3871528529694789
R:A:LYS:435,0.0,4.269499553290761,0.30189920864048325,-0.039804999999999965,1.6963704854409014,0.11995150736599769,-1.121215,21.069130835769542,1.4898125287679234,1.233675,18.256818310241655,1.29095200300626,-0.00022600799999999976,0.2446760872944452,0.017301212052009386,0.07242899200000034,28.255722511290852,1.9979812995059145
R:A:HIS:436,0.0,4.803301250759732,0.3396446886494032,-0.34756,1.4765330927547813,0.10440665625332514,-0.6559450000000007,4.158382220813161,0.29404202671025614,1.079275,2.084257076316403,0.1473792312399376,-0.068192316,0.12273324635051672,0.008678551077148945,0.007577684000000567,6.848590116502793,0.4842684512946292
R:A:PRO:437,0.0,3.3264221240245506,0.23521356409867183,-0.02170999999999999,1.0658544239951346,0.07536728909646413,0.09589499999999994,2.7204989871666925,0.19236832820367025,-0.11246999999999999,1.7350750005403224,0.12268832987493145,0.0,0.08546871176629839,0.0060435505669228055,-0.03828500000000055,4.756052427982264,0.3363036923505003
R:A:GLU:438,0.0,4.28941203028457,0.3033072333917376,-0.005205000000000002,1.163442633082955,0.08226781753744898,0.5956400000000004,10.331251731573962,0.730529815754121,-0.5706949999999993,10.215804616151143,0.7223664719357308,0.0,0.14381570875471414,0.010169306290160789,0.01974000000000128,15.194431992695042,1.074408589831249
R:A:ALA:439,0.0,3.044074593295965,0.21524857873572584,-0.0065649999999999875,0.9290812939538715,0.06569596832283546,-0.03127999999999993,3.1127333464898665,0.220103485732848,0.056875,2.5217575416116036,0.17831518581818823,0.0,0.1430295197604594,0.010113714333247615,0.019030000000000057,5.11843820016154,0.3619282360418492
R:A:LYS:440,0.0,5.105517293472815,0.3610145899679816,-0.08937999999999999,1.5474936587107555,0.1094243259917556,-1.1917649999999989,21.361721464219006,1.5105018105167483,1.400045,19.832148129665,1.4023446427982227,-0.005375268000000002,0.19066946381758954,0.013482367083062063,0.11352473200000059,29.633336660828164,2.095393330205552
R:A:ARG:441,0.0,5.654270633140936,0.3998173107357909,-0.03874999999999987,1.5137037066579444,0.10703501556850449,-0.889015,13.621229300792752,0.963166360668745,0.9462750000000001,12.060948647418869,0.85283785761326,0.0,0.11729231204978427,0.008293818923145105,0.01851000000000127,19.112305008325553,1.3514440475492613
R:A:MET:442,0.0,3.841143996025142,0.2716098967103371,-0.026800000000000004,1.5825595652454918,0.11190386002167217,0.03318000000000005,2.8851219930879872,0.20400893258629632,-0.027600000000000003,2.0483124141473144,0.1448375598032154,0.0,0.22439438188888663,0.015867078909379554,-0.02122000000000014,5.4615700558835,0.3861913222440614
R:A:PRO:443,0.0,3.467977619413078,0.24522304916901672,-0.16759500000000002,1.0883840371739195,0.076960373322087,-0.1669500000000004,2.5567206544126013,0.18078745123348577,0.34727,1.592686808226903,0.11261996424036014,-0.0067167,0.0885991799094368,0.006264908092152969,0.006008299999999793,4.721522018333243,0.33386202366850304
R:A:CYS:444,0.0,3.394124606662224,0.2400008525562982,-1.08351,0.7898646536907447,0.05585186528442895,0.12358500000000021,1.8993632262879576,0.13430526172445736,0.26009,1.0264069196473686,0.07257792931394501,-0.148933368,0.044600148114445716,0.0031537067173648976,-0.8487683680000003,4.099640108593293,0.2898883321210672
R:A:ALA:445,0.0,2.8410264519711874,0.2008909069719184,-0.12184,0.9163095726881827,0.06479287125139617,-0.017115000000000366,1.6219913021576289,0.11469210487812577,0.04053,0.6990612827928607,0.049431097352779854,0.0,0.010099507405649445,0.0007141430173178479,-0.09842500000000093,3.4685298031334306,0.24526209445432895
R:A:GLU:446,0.0,3.712884520154108,0.262540582196353,-0.07211000000000004,2.012329377599502,0.14229317488815124,0.1702300000000011,7.1101089309763745,0.5027606240068428,-0.27557999999999994,6.0467246294171515,0.42756799894285813,0.0,0.004248306974637308,0.00030040066703281465,-0.1774599999999983,10.244585242283463,0.7244015695262267
R:A:ASP:447,0.0,3.879388622218712,0.2743142001628789,-0.99357,0.8551144346226417,0.06046572154121706,-1.8279349999999999,8.929357576140346,0.6314009293728311,3.5343449999999996,8.09807034545113,0.5726200455794181,-0.17199377999999999,0.06578131820470307,0.004651441617793562,0.5408462199999986,12.692414033696455,0.8974892032854064
R:A:TYR:448,0.0,4.322796921155329,0.3056679016641263,-2.34526,1.3843938334881443,0.0978914267492307,-0.8148749999999996,2.129008869679739,0.15054366089568502,1.1594499999999999,1.0813377986087418,0.07646212901495746,-0.300361392,0.03653744890891645,0.002583587789075184,-2.3010463919999995,5.128978913467843,0.3626735770275922
R:A:LEU:449,0.0,4.121565587486144,0.29143869760165686,-0.09997499999999984,1.394715836425112,0.09862130257644643,-0.08917000000000001,2.171413237582842,0.15354210250530634,0.07167,0.8159283408179911,0.057694846275469,0.0,0.050002601448709924,0.003535717856135107,-0.11747499999999989,4.931106358838414,0.3486818745086747
R:A:SER:450,0.0,3.950742713364159,0.27935969633431373,-0.044479999999999985,0.9417459245199843,0.06659149293828755,0.019390000000000428,2.5811945429878005,0.1825180164908385,0.02567,1.0250697616991733,0.07248337796867638,0.0,0.03145943027131623,0.0022245176477113052,0.0005800000000004285,4.92032278965547,0.3479193610192094
R:A:VAL:451,0.0,4.568607773266382,0.32304935370582316,-0.47823499999999997,1.0764875481746177,0.07611916451771523,0.05233499999999989,3.4690642495311326,0.2452998855215285,0.045555000000000005,0.8217191499381039,0.05810431831520787,-0.07592256000000001,0.05387225936165663,0.0038093439912467867,-0.4562675600000001,5.894364577832265,0.4167945163770976
R:A:VAL:452,0.0,3.9671614355796008,0.28052067531600944,-0.41046,1.1385467284876805,0.08050741124113978,-0.0711900000000001,1.871183563189352,0.13231265863759975,0.07618,0.780915314230679,0.05521905142249367,-0.030824568,0.036599028317207766,0.002587942110793609,-0.43629456800000027,4.598603554659149,0.3251703757488046
R:A:LEU:453,0.0,5.3095623811383925,0.37544275648359493,-0.018820000000000045,1.4654105567212214,0.10362017418799295,-0.006914999999999658,3.585323969918897,0.25352068918803256,0.03226000000000001,0.6075350410881664,0.04295921473618902,0.0,0.02661475239386517,0.001881947189730296,0.006525000000000248,6.600245140858026,0.46670780965942693
R:A:ASN:454,0.0,3.989039227157337,0.28206766879420975,-0.013225000000000074,1.2188081543766436,0.08618275109251851,0.065745,3.423613963923941,0.2420860650055575,-0.005814999999999998,1.2058970991651816,0.08526980162328865,0.0,0.017509994425401736,0.0012381435796740212,0.04670499999999983,5.529335788377279,0.39098308314190383
R:A:GLN:455,0.0,3.8124633278170688,0.2695818672124481,-0.01267499999999997,1.5474162988268543,0.10941885582190576,-0.006884999999999479,7.615344613067422,0.5384861816972418,0.04472999999999999,3.7832043824448607,0.26751294734414255,0.0,0.07260734640477884,0.00513411470067798,0.025170000000000314,9.44673248428799,0.6679848599695278
R:A:LEU:456,0.0,6.5985885756879865,0.4665906728129057,-0.003150000000000026,1.466116152475649,0.10367006734226616,-0.0032850000000005154,5.272785177377796,0.3728422154663752,0.017534999999999995,0.8433659787275036,0.05963498025802474,0.0,0.02525429183058183,0.001785748100746844,0.011099999999999435,8.614234454892427,0.6091183597785238
R:A:CYS:457,0.0,3.0364087540299973,0.21470652204288065,-0.002034999999999938,0.8739420960652943,0.06179703824921547,0.022125000000000342,2.1641623400694785,0.15302938662516755,-0.005390000000000017,1.0507159762276388,0.07429683918916066,0.0,0.021950959447401656,0.001552167227880862,0.01470000000000077,3.9713520934715256,0.28081699957731077
R:A:VAL:458,0.0,4.36564121727267,0.3086974508960999,-0.0025649999999999727,1.0567894433495255,0.07472629816788062,0.016469999999999842,2.7559402294589046,0.19487440247952012,-0.004849999999999998,1.1262703087181158,0.0796393372743646,0.0,0.03144132776038009,0.0022232376068873605,0.009054999999999981,5.388905925998925,0.3810531923450211
R:A:LEU:459,0.0,5.960316080947386,0.42145799188531236,-0.0013849999999998276,1.3790957997089979,0.0975167991880117,0.004529999999999816,5.017124936485038,0.35476430646486967,-0.00043000000000000595,1.0004603757021064,0.07074323159674005,0.0,0.09935315565296152,0.007025329009449166,0.002715000000000001,7.9755631557127815,0.5639574791186088
R:A:HIS:460,0.0,3.8428640754260366,0.27173152469119227,-0.0006300000000000417,1.375514393436143,0.09726355552183973,0.006040000000000205,2.223290831796416,0.15721040237131256,-0.006199999999999979,1.6023031455376975,0.11329994197262415,0.0,0.04849483346048781,0.0034291025592423216,-0.0007899999999996599,4.916542829120109,0.34765207744649224
R:A:GLU:461,0.0,4.306960951245088,0.3045481294931065,-0.0007550000000000012,1.59842517137181,0.11302572778962762,-0.23926000000000033,15.181505465326882,1.0734945463153271,0.2407799999999999,13.328350978472542,0.942456735891229,0.0,0.14710682285744775,0.010402023200130952,0.0007649999999995316,20.7183388349659,1.4650077885124981
R:A:LYS:462,0.0,4.062019996104156,0.2872281884560602,-0.0005099999999999638,1.601222649337062,0.11322353935357259,0.23122999999999963,10.094204634001631,0.7137680547387225,-0.22418,9.892865612942995,0.6995312360279202,0.0,0.1595420553272205,0.011281326920631695,0.006539999999999413,14.793617925232759,1.0460667553214948
R:A:THR:463,0.0,5.952240665497322,0.4208869737827485,-0.0002349999999999919,1.1554920551760621,0.08170562678221738,-0.0055099999999996645,6.340145658827564,0.4483159989067421,0.006760000000000011,3.4200607891381116,0.24183481760697736,0.0,0.10162951949617724,0.007186292240447736,0.0010150000000004279,9.416417692804307,0.665841280506691
R:A:PRO:464,0.0,3.905552941108339,0.2761642968940771,-0.00018500000000000184,0.8117375246192577,0.05739851082018592,0.0006899999999998129,1.8334880721455487,0.12964718490387672,-0.0005350000000000499,1.2749445871782035,0.09015219632307911,0.0,0.08241931983557815,0.005827925995652024,-3.00000000002143e-05,4.572331652453937,0.3233126717284071
R:A:VAL:465,0.0,4.386085114170722,0.310143052709149,-0.0003850000000000131,1.3260339606793636,0.09376476056800337,0.004255000000000137,2.460393582717001,0.1739760986727056,-0.0020899999999999612,1.5888388880405717,0.1123478751946382,0.0,0.09212230016801291,0.006514030314730456,0.0017800000000000216,5.438983434966339,0.38459420696259994
R:A:SER:466,0.0,4.821547463620989,0.34093489073392,-0.0001699999999999946,0.9107060355021263,0.06439664133710701,-0.007880000000000074,4.502724198504723,0.3183906814575451,0.00696500000000001,1.962554057924265,0.13877352828034242,0.0,0.07334620482750905,0.005186359880782913,-0.0010850000000000991,6.943214581941683,0.4909594114124283
R:A:ASP:467,0.0,8.71967714537356,0.6165742839251,-0.00010999999999999454,1.1677640355397148,0.08257338683559008,-0.045490000000000495,24.995110611067517,1.767421220959367,0.04521999999999941,19.783262915757856,1.398887936172873,0.0,0.1534846260880776,0.010853001991476135,-0.0003800000000010684,33.06891358884044,2.3383253045141044
R:A:ARG:468,0.0,5.9594322561423585,0.4213954960340108,-0.00031999999999996474,2.271223212445223,0.16059973351083118,-0.0010449999999999227,21.240048942355923,1.501898263987403,0.0035499999999998666,17.11537629906366,1.2102398643627428,0.0,0.2973022785915663,0.02102244572543087,0.0021850000000016223,28.014950674120072,1.9809561596276943
R:A:VAL:469,0.0,4.041037334639461,0.28574449023515747,-0.0006250000000000532,1.3175563327899873,0.09316530175110795,-0.003230000000000217,2.7810452533355154,0.1966495957420203,0.006440000000000001,0.8055227942150364,0.0569590630189788,0.0,0.01605051659226057,0.0011349429123934645,0.0025849999999997576,5.142885836007627,0.363656944950924
R:A:THR:470,0.0,4.805990540559772,0.33983485015482157,-0.0002899999999999814,1.411630119223871,0.09981732298303736,-0.009079999999999942,4.243795547472804,0.3000816609587297,0.008454999999999992,1.609385798022028,0.11380076113266993,0.0,0.09172933873692468,0.00648624374546373,-0.0009150000000002922,6.760072650250152,0.47800932123055984
R:A:LYS:471,0.0,5.021334747808594,0.35506198507830994,-0.0004700000000000126,1.4896364313147017,0.10533320220851543,0.021439999999999983,21.936537049925402,1.5511474103752194,-0.01564000000000005,18.947168965150176,1.339767165954499,0.0,0.1294164674117224,0.009151126170403676,0.005330000000000554,29.45600851279391,2.0828543366085244
R:A:CYS:472,0.0,3.3902105561454445,0.23972408739006604,-0.0008149999999999879,1.1208212209692499,0.07925402858451423,-0.00455999999999996,2.003429884460646,0.14166388569339042,0.011845000000000003,0.9022575920295712,0.06379924617011552,0.0,0.0202950317980487,0.0014350754608796847,0.006469999999999842,4.192610138924878,0.2964623060105254
R:A:CYS:473,0.0,3.4717111304873858,0.24548704826884454,-0.0010249999999999205,1.036377632706824,0.07328296519570562,-0.008410000000000082,2.5785439233606247,0.18233058937956628,0.00925499999999999,1.5063481096263904,0.10651489631443575,0.0,0.03251743475409781,0.0022993298621413675,-0.00018000000000045272,4.695304840664021,0.33200818925715514
R:A:THR:474,0.0,4.277241485905373,0.3024466459456114,-0.00040499999999999315,1.082111553341429,0.07651684173680329,-0.007475000000000414,4.172938199802988,0.2950712898553077,0.007314999999999992,2.3956840966152027,0.16940044702973778,0.0,0.1503040316734478,0.010628100003597256,-0.0005650000000002464,6.530012783656116,0.4617416320558083
R:A:GLU:475,0.0,4.263831148157722,0.3014983918696748,-0.0003499999999999859,1.4061717569166292,0.099431358482875,-0.06536500000000009,23.085403349137632,1.6323845254601854,0.06559499999999964,22.512920294976727,1.5919038604890292,0.0,0.13706877818690014,0.009692226254491182,-0.00012000000000067957,32.55677795667522,2.302111846674976
R:A:SER:476,0.0,5.241748704578464,0.3706476054283233,-0.0007500000000000106,1.2707205672176711,0.08985351300728313,-0.012170000000000484,5.347855002928744,0.3781504537373319,0.016140000000000015,1.7681710014022964,0.1250285705388972,0.0,0.04775608281986285,0.00337686500048314,0.003219999999999513,7.798648774492688,0.5514477432535938
R:A:LEU:477,0.0,5.83386526753918,0.41251656912056267,-0.002505000000000033,1.4278472390192865,0.10096404652090266,-0.020119999999999968,4.056390172598045,0.28683009981825475,0.042195,1.1297324904485133,0.07988415049229103,0.0,0.0768769360072005,0.005436020276753574,0.019569999999999546,7.3354780684962755,0.5186966285478914
R:A:VAL:478,0.0,3.9935486089379206,0.28238653023781074,-0.003135000000000039,1.3809298916219461,0.09764648907090823,0.004175000000000075,3.177168013998473,0.22465970476673158,0.0015949999999999972,1.330514987655156,0.09408161702412964,0.0,0.07064918374001636,0.004995651690785994,0.002634999999999894,5.452068954648146,0.38551949293283555
R:A:ASN:479,0.0,9.906617834952552,0.7005036649718543,-0.0015699999999999603,1.1089004862249812,0.07841110534707439,0.009970000000000069,7.7081760882520065,0.545050358258299,0.005140000000000059,3.3261839494231222,0.2351967226110942,0.0,0.11499740511054242,0.008131544497252109,0.013539999999999424,13.033166917224383,0.9215840707505532
R:A:ARG:480,0.0,6.22686896311461,0.44030612693783866,-0.004540000000000033,1.374612717458994,0.09719979740205223,0.26850999999999997,8.271058792751385,0.5848521759947123,-0.19519000000000003,6.205651058490961,0.4388057945136435,0.0,0.04509420378246269,0.003188641728678743,0.06877999999999944,12.148498232576518,0.8590285481487643
R:A:ARG:481,0.0,5.293332516742172,0.37429513176636436,-0.010929999999999973,2.4772584286969335,0.1751686233683133,-0.22919499999999998,13.655511197969666,0.9655904568653186,0.3542700000000002,8.511658795152682,0.601865165319858,0.0,0.051146664176125026,0.0036166153074009065,0.11414499999999847,17.11958282083945,1.2105373103700299
R:A:PRO:482,0.0,3.4018782398478047,0.2405491172167339,-0.0022100000000000366,1.1157291401366194,0.07889396409580393,0.008625000000000008,2.1860732904170894,0.15457872478247128,-0.010875000000000003,1.4106417873347576,0.09974743736495187,0.0,0.0661337560788488,0.004676362738869105,-0.004460000000000122,4.4261526668025235,0.31297625652629857
R:A:CYS:483,0.0,2.998461775610955,0.21202326546631622,-0.0008400000000000318,0.827883876035764,0.05854023027798918,0.009995000000000047,2.3540018485283736,0.1664530670020081,0.0063049999999999825,1.730890769943326,0.12239246009201302,0.0,0.07119515735139496,0.005034257855081466,0.015460000000000161,4.26831829211228,0.3018156808615176
R:A:PHE:484,0.0,4.581940821507846,0.32399214258836584,-0.0025700000000000232,1.3622454517266702,0.09632529965564601,0.004370000000000119,4.19795948238546,0.2968405617141127,-0.0068200000000000075,2.387001410766236,0.1687864884254661,0.0,0.08346951611998892,0.0059021860870804,-0.0050199999999997556,6.795402936796413,0.48050754975037235
R:A:SER:485,0.0,3.9819228555058674,0.28156446532899,-0.0011249999999999804,0.9340479391738948,0.0660471631743181,0.003154999999999859,4.231118439180709,0.299185254034812,-0.004254999999999996,2.580733389344006,0.1824854080039689,0.0,0.10948538889762939,0.007741786093036008,-0.0022250000000001223,6.4267169148412835,0.4544375111250559
R:A:ALA:486,0.0,2.97902639363098,0.2106489764270171,-0.0003550000000000009,0.565888278881088,0.04001434393908014,0.003075000000000543,2.4174392116607613,0.17093876596715857,-0.0029500000000000086,1.457749855873771,0.10307848083620556,0.0,0.06719825419554268,0.00475163412255656,-0.00022999999999963715,4.143475641036995,0.29298797234585355
R:A:LEU:487,0.0,5.382523878553629,0.38060191344237876,-0.000485000000000011,2.2818621841327316,0.16135202241334007,0.013084999999999595,4.065389494670222,0.28746644798458654,-0.010650000000000017,2.334067230383478,0.16504347663494612,0.0,0.3023339146623931,0.021378236124045314,0.0019499999999995033,7.499675040017074,0.5303071077491565
R:A:GLU:488,0.0,4.083339025350455,0.2887356714708974,-0.0003249999999999731,1.5766491781861303,0.111485932544761,0.13414500000000104,25.697488364322204,1.817086828187463,-0.13366000000000003,23.51451721818141,1.6627274581303906,0.0,0.20494223530095412,0.01449160443328337,0.00016000000000076397,35.106906867245655,2.4824331912313977
R:A:VAL:489,0.0,5.451722115368684,0.38549496769218655,-0.00015999999999997573,1.3173510773518198,0.09315078799988759,0.0014650000000002805,6.420554636265858,0.4540017722282315,-0.0014300000000000068,2.4720560623699455,0.1748007605175103,0.0,0.16833230887244907,0.011902891709649718,-0.00012499999999968203,8.87804069956797,0.6277722782314672
R:A:ASP:490,0.0,4.1274726297759985,0.29185638856764806,-0.0001250000000000284,1.6600665628748144,0.11738443238298253,-0.01502000000000013,15.23020927350639,1.076938425618661,0.014484999999999885,13.5338502316922,0.9569877274392682,0.0,0.08997884416688642,0.006362465087373302,-0.0006600000000003092,20.85483934495295,1.4746598321372246
R:A:GLU:491,0.0,4.6253435983935285,0.3270611823741851,-9.500000000000286e-05,1.3459375969839762,0.0951721601881296,0.011475000000000008,14.581046422070502,1.0310356801841898,-0.011659999999998867,14.110114641665744,0.997735774644144,0.0,0.18637204583215275,0.013178493743152523,-0.000279999999998779,20.85527117831767,1.4746903673672782
R:A:THR:492,0.0,6.355136744697159,0.44937602875431615,-6.499999999999284e-05,1.1097715281872211,0.07847269731489417,-0.002144999999999868,5.361445479054599,0.3791114455201465,0.002275000000000019,1.6812758092219728,0.11888415257457571,0.0,0.14352552281033903,0.010148787045253524,6.500000000023043e-05,8.556386003203864,0.6050278565315113
R:A:TYR:493,0.0,4.914076921966117,0.34747771147945583,-0.00018499999999998628,1.2713280160033444,0.08989646612284044,0.005829999999999344,3.1869862229855963,0.22535395698212174,-0.006190000000000002,2.3016107516041893,0.16274845701111887,0.0,0.11176955577612716,0.007903301081950757,-0.0005450000000006838,6.421153524895147,0.4540441200493261
R:A:VAL:494,0.0,5.126081022920922,0.3624686652219058,-4.000000000000004e-05,1.0480580432399724,0.07410889494520884,-0.0024199999999999023,4.716071517751825,0.3334766150763049,0.0023849999999999826,2.419916369066295,0.17111392744711051,0.0,0.10008463096243363,0.007077052124608991,-7.500000000004114e-05,7.448655921891539,0.5266995113094841
R:A:PRO:495,0.0,3.8710726249387264,0.2737261703559782,-6.499999999999506e-05,0.9198843301062368,0.06504564477253647,-0.002270000000000003,2.7224232405616138,0.19250439346609727,0.0022399999999999907,2.241275471957876,0.15848210847284935,0.0,0.07893936027391232,0.005581855695221136,-9.499999999985853e-05,5.317191543745199,0.37598221974499973
R:A:LYS:496,0.0,4.149317700803351,0.29340106835354235,-0.00012999999999998345,1.243152273195042,0.08790414024236856,0.05174500000000165,16.60373854143021,1.1740616115693738,-0.05137499999999979,17.190462245366614,1.2155492425430057,0.0,0.2538242417891829,0.017948084259866506,0.00024000000000184762,24.290385288500882,1.7175896155132926
R:A:GLU:497,0.0,3.446113148686502,0.24367699761723507,-3.499999999999615e-05,1.0892055016731232,0.07701845963387609,-0.02865999999999996,12.371402234306343,0.874790241266442,0.028674999999999357,11.813217706923671,0.8353206348198725,0.0,0.08185889089913087,0.00578829768551852,-2.0000000000095496e-05,17.48349138961149,1.23626953204109
R:A:PHE:498,0.0,4.2722039899564725,0.30209044119104467,-0.00012000000000000454,1.310207519727314,0.09264566219607909,0.0007749999999996149,2.6086695637958823,0.18446079384350214,-0.000839999999999998,1.5901927849006232,0.11244361015971516,0.0,0.008118481108581826,0.0005740633044813089,-0.00018500000000050697,5.413160497575378,0.3827682495486695
R:A:ASN:499,0.0,4.834040492377986,0.3418182812690831,-6.499999999999062e-05,1.1021550332757184,0.07793412979481454,0.0002949999999999164,6.306002071191778,0.445901682671612,-0.0003200000000000147,3.4787398665033864,0.24598405495885295,0.0,0.11340753640506768,0.008019123802968361,-8.999999999979025e-05,8.744303725815652,0.618315646127904
R:A:ALA:500,0.0,3.0144424890101975,0.21315327254759653,-5.499999999998728e-05,0.6537493754299121,0.046227061656296094,-0.0014299999999998648,2.119136396919745,0.1498455716521179,0.001475000000000002,1.6186619570110985,0.11445668462512355,0.0,0.093448492851886,0.00660780629872312,-9.999999999767973e-06,4.078454362386109,0.28839027364030745
R:A:GLU:501,0.0,4.537075828658807,0.3208197085202217,-4.000000000000004e-05,0.8985798154588162,0.06353918809482853,-0.07148999999999985,11.470334898279997,0.8110751589054493,0.0714100000000002,11.820861948923183,0.8358611643553611,0.0,0.11762427689179121,0.008317292382234968,-0.00011999999999975585,17.10870240913858,1.2097679490804512
R:A:THR:502,0.0,6.461698798783489,0.45691110386047734,-0.00014000000000001124,1.2097595060176218,0.08554291503099483,-0.00540499999999998,5.387950512576651,0.3809856344140485,0.005865,2.4478388415651473,0.17308834441225385,0.0,0.18419738793120652,0.013024722208300525,0.00031999999999992034,8.8471986428796,0.6255914154884585
R:A:PHE:503,0.0,4.964330831522009,0.35103119950226647,-0.00023499999999996747,1.1041019580523348,0.07807179816601509,0.002270000000000394,3.0336386612614237,0.21451064690476324,-0.0024749999999999915,1.5537964508503037,0.10987000069798399,0.0,0.04536330558058255,0.003207670099306747,-0.00043999999999955186,6.122330153286671,0.432914116805188
R:A:THR:504,0.0,4.788384955786241,0.33858994731680975,-0.000129999999999999,0.8852007186791027,0.06259314308891989,0.0016100000000000847,3.6995508740251157,0.2615977510367778,-0.0015400000000000036,2.039170661420961,0.14419114026874189,0.0,0.08618708351410176,0.0060943471203512645,-5.9999999999797994e-05,6.4470561240317,0.45587571039930747
R:A:PHE:505,0.0,4.455846880762398,0.31507595453160175,-8.500000000000619e-05,1.239498560860399,0.08764578376553547,0.002279999999999731,2.190003366287367,0.15485662311231638,-0.0024850000000000184,1.36680939500539,0.09664801917977936,0.0,0.0808288117954366,0.005715460093580442,-0.00029000000000012794,5.297333675597212,0.3745780564222647
R:A:HIS:506,0.0,4.635697864351171,0.3277933395414709,-7.999999999999118e-05,1.4168246805974267,0.10018463394029047,-0.000560000000000187,5.4067628191922745,0.3823158653718152,0.0005450000000000033,3.5339681133783594,0.24988928174668676,0.0,0.1266911596698049,0.008958417811890669,-9.500000000015163e-05,8.076828110366932,0.5711179927318586
R:A:ALA:507,0.0,2.8645835620470206,0.20255664619989633,-3.0000000000001136e-05,0.8119890684916886,0.0574162976579821,-0.0010000000000000141,2.78967066152978,0.19725950420448693,0.0009799999999999935,1.7793936210265562,0.12582212958279634,0.0,0.07677287176396433,0.00542866182354644,-5.000000000003113e-05,4.451916819021766,0.31479805720087345
R:A:ASP:508,0.0,11.816416047327971,0.8355467916387148,-9.500000000000398e-05,1.5790104006544732,0.11165289618668653,-0.09009999999999951,15.586298409603224,1.102117729902754,0.08985499999999959,8.978401713750339,0.6348688736009784,0.0,0.09790428843353885,0.006922878625859899,-0.00034000000000009576,21.57950283823271,1.5259012791548698
R:A:ILE:509,0.0,4.580960031690956,0.3239227902753216,-0.00014000000000000235,1.463232518005939,0.10346616359346664,-0.0036849999999997605,2.732490644553976,0.19321626642929163,0.0037449999999999988,1.2730261495644934,0.09001654229848534,0.0,0.042853446478555254,0.0030301962602201195,-7.999999999976456e-05,5.6758419050943525,0.4013426300034989
R:A:CYS:510,0.0,2.7795335526307294,0.19654270236007243,-8.999999999999453e-05,0.8299571107894673,0.0586868301133227,0.0008899999999998443,2.1658895210744245,0.15315151676526093,-0.0009950000000000002,1.5001380526388228,0.10607577897368936,0.0,0.0801719486260437,0.005669012853441501,-0.00019500000000009898,3.9195094988750183,0.2771511745579612
R:A:THR:511,0.0,6.9289800492713205,0.48995287795460485,-0.00015000000000000403,1.2262363083639303,0.08670800089812934,-0.005605000000000189,6.4591435532410175,0.45673042071540954,0.005769999999999995,2.266625312110495,0.16027461286024058,0.0,0.08618960625337141,0.006094525504955739,1.499999999990287e-05,9.817330309317862,0.6941900834866886
R:A:LEU:512,0.0,4.29755653235068,0.30388313665577105,-0.0003049999999999553,1.4627263726941548,0.1034303737152438,0.009455000000000097,4.451096657563729,0.3147400630280089,-0.008699999999999973,2.4206920134023657,0.17116877378409298,0.0,0.10432441823564628,0.0073768503577767005,0.000449999999999795,6.803782437224915,0.4811000699079673
R:A:SER:513,0.0,6.443385920833859,0.45561618784235486,-0.0005450000000000166,1.3243477125268122,0.09364552481766013,0.004714999999999918,7.656160611159812,0.5413723086004445,-0.002629999999999957,4.887347965568852,0.3455876888472012,0.0,0.09525130616156398,0.006735284450371786,0.001539999999999825,11.215309056830554,0.7930421087187787
R:A:GLU:514,0.0,4.187500651886515,0.29610101071720435,-0.0008100000000000196,1.3770213550087014,0.0973701137965341,-0.026399999999999365,20.45338464727904,1.446272698230783,0.032025000000000074,19.06011324932449,1.3477535328780907,0.0,0.17288539342614773,0.012224843405973322,0.004815000000000573,28.3035351058412,2.001362160489182
R:A:LYS:515,0.0,4.696638682031011,0.3321025060847177,-0.004019999999999997,1.1894566538340101,0.08410728658534884,0.23380500000000004,12.229937620363195,0.8647871824847283,-0.19182500000000008,11.681085908535003,0.8259775057547724,0.0,0.2684244415309712,0.01898047428427617,0.03795999999999891,17.594442756798557,1.2441149784530794
R:A:GLU:516,0.0,4.17457539951071,0.29518705735685635,-0.0011500000000000466,1.5886728985854828,0.11233613796770832,-0.21051500000000012,25.215669764501104,1.7830171082639323,0.21629500000000015,22.31215922155395,1.5777079088474757,0.0,0.19319931568905688,0.013661254624433265,0.004629999999999974,33.96543446094621,2.4017189033282316
R:A:ARG:517,0.0,5.912590226689991,0.4180832643669799,-0.0006449999999999978,1.8396989976284164,0.13008636365651474,0.06061000000000005,18.487605546784582,1.3072711250033406,-0.0577049999999999,15.182135982508356,1.0735391306127946,0.0,0.1323836819486027,0.009360939922430011,0.0022600000000005593,24.7113243852843,1.7473545044935022
R:A:GLN:518,0.0,3.884525841721226,0.27467745643754604,-0.0017800000000000127,1.3608668984695014,0.09622782122000892,0.003574999999999946,4.340555719533502,0.30692363834001934,0.010185000000000033,3.228126862342154,0.22826303948925897,0.0,0.11389696749546949,0.008053731807263025,0.011980000000000005,6.798212944833713,0.4807062473242087
R:A:ILE:519,0.0,4.597209803587389,0.32507182266539186,-0.0021100000000000476,1.6686439530798653,0.11799094546087,0.013830000000000097,2.450706820715199,0.17329114116278418,-0.013225000000000004,0.9807839018229245,0.0693518947857591,0.0,0.099867526008637,0.007061700486103113,-0.0015050000000004715,5.558469674854409,0.39304316001093365
R:A:LYS:520,0.0,4.785251539887949,0.33836838135381375,-0.0005649999999999356,1.349708609765456,0.09543881105910215,0.15153499999999964,11.778039524210937,0.8328331616652731,-0.14740000000000006,10.614345738188483,0.7505475849331606,0.0,0.1058064704453007,0.007481647274528614,0.0035699999999987543,16.616801470925083,1.1749853001721724
R:A:LYS:521,0.0,4.111472917678043,0.2907250380754984,-0.00046500000000002204,1.4154324379054621,0.10008618751543591,0.004790000000000134,14.229694414805612,1.0061913414921388,0.0007000000000000473,13.233647608849193,0.9357601964050404,0.0,0.13007064656677053,0.009197383622068216,0.005024999999999764,19.913267162525674,1.4080806246201303
R:A:GLN:522,0.0,3.9079310119550477,0.2763324518962621,-0.0016700000000000382,1.5845660593203428,0.11204574057834595,-0.027564999999999742,2.962066668202288,0.20944974274124808,0.037904999999999994,1.4649259196884326,0.10358590517476303,0.0,0.006208950489192839,0.0004390390994959788,0.008670000000000257,5.357486335835694,0.37883149181836884
R:A:THR:523,0.0,4.322012450606778,0.3056124312196741,-0.0004849999999999799,1.2199514750083298,0.0862635960696921,-0.0009899999999997532,3.1763958489379123,0.2246051044516798,0.004209999999999987,1.240812200415518,0.08773867210928142,0.0,0.0422628271380395,0.002988433166142258,0.002735000000000074,5.6390570911263795,0.398741550863355
R:A:ALA:524,0.0,3.1341911713789883,0.22162078308170913,-0.00015500000000002513,0.8584421252915072,0.06070102480498166,0.0005349999999999611,2.0526619991793584,0.14514512191036597,0.0002450000000000074,0.8893065027733689,0.06288346586643423,0.0,0.013916808719109707,0.0009840669817758544,0.0006249999999997157,3.94519431682901,0.2789673654528422
R:A:LEU:525,0.0,4.035259337489972,0.2853359241385494,-0.0005200000000000226,1.29347512552426,0.0914625032554325,-0.00015999999999927184,2.016813699229555,0.14261026431151444,0.0033299999999999857,0.8681655742426097,0.061388576473966235,0.0,0.05690858824919107,0.004024044865875607,0.0026500000000009294,4.772932365984931,0.33749728421326974
R:A:VAL:526,0.0,3.935700382879774,0.27829604294527793,-0.0004749999999999677,1.3062578000436973,0.09236637483887196,0.005854999999999961,2.124618722071092,0.15023323058123658,-0.0030300000000000006,0.6570195950654745,0.04645830110432365,0.0,0.0007771581261184883,5.495337810326132e-05,0.002350000000000163,4.70549965576715,0.33272907154639164
R:A:GLU:527,0.0,3.703190073436685,0.26185508129497886,-0.00019000000000001015,1.4821614195154318,0.1048046390552441,-0.056454999999999665,20.702603826967636,1.4638951554267385,0.05462499999999942,18.29617049957108,1.2937346229991973,0.0,0.10940696391956323,0.007736240609655509,-0.002020000000000195,27.91540881382546,1.97391748718507
R:A:LEU:528,0.0,4.883421851448019,0.3453100706553459,-0.00014500000000000846,1.1843390362877515,0.08374541637830096,-0.001530000000000058,4.203349117614429,0.2972216664759653,0.0023299999999999927,0.8415974006316798,0.059509922901563234,0.0,0.011961136560845713,0.0008457800772872343,0.0006550000000001743,6.605076910238277,0.46704946734881747
R:A:VAL:529,0.0,4.1896159282146614,0.29625058334077586,-0.0001749999999999652,1.3186502779641764,0.0932426553561995,0.0001550000000002072,2.0685069669873006,0.14626553032883383,0.0015950000000000018,0.9172641794897475,0.06486037214567149,0.0,0.007026414291300507,0.0004968425192804658,0.0015750000000004528,4.94083638663261,0.3493698913721157
R:A:LYS:530,0.0,4.440073289434535,0.31396059319244196,-0.00021000000000000795,1.501648975343439,0.10618261734271764,0.06467500000000044,10.451312198220613,0.7390193727659478,-0.06025499999999995,9.626634222347654,0.6807058338624512,0.0,0.06246650397203519,0.004417048855564249,0.004210000000000615,14.962456871796439,1.0580054717258518
R:A:HIS:531,0.0,3.9769167607016875,0.28121048097066015,-6.500000000002615e-05,1.3702023813200004,0.09688793954293279,-0.0012599999999996926,3.1513378939745578,0.2228332394639543,0.0013599999999999795,2.246141957446145,0.15882622096177948,0.0,0.07201421642208154,0.005092174077388949,3.500000000021153e-05,5.7161693247919,0.4041942091970881
R:A:LYS:532,0.0,4.644310376600597,0.328402336122933,-6.499999999999062e-05,1.8659722173373858,0.13194416083849636,-0.01349000000000089,14.67280533332839,1.0375240150226643,0.013755000000000043,14.064014494815305,0.9944760019989799,0.0,0.16042470052092908,0.011343739360817002,0.0001999999999989921,20.93238943204376,1.4801434513835765
R:A:PRO:533,0.0,3.286694828235502,0.23240442007360784,-9.499999999998287e-05,1.0036153341669307,0.07096632084922397,0.00485000000000035,3.534169255786994,0.24990350466279976,-0.005214999999999982,1.8460947494305378,0.13053861160352134,0.0,0.10030875595117851,0.007092900154546478,-0.0004599999999992921,5.264796922187072,0.3722773605248543
R:A:LYS:534,0.0,4.752184933854111,0.3360302192180787,-5.999999999999117e-05,1.4107508227890564,0.09975514733586431,-0.021759999999999807,16.300699203713627,1.152633494502806,0.021654999999999962,15.92479391155424,1.1260529763858247,0.0,0.32231721739356994,0.022791269011217193,-0.00016499999999984195,23.323576560502108,1.6492259147454653
R:A:ALA:535,0.0,3.3593654507659623,0.23754300907204148,-0.00010999999999998789,1.0298597772269777,0.07282208321484632,0.0025200000000004507,4.217830217487424,0.2982456348678888,-0.002454999999999989,2.155560152228418,0.15242112008962208,0.0,0.07419269425255831,0.005246215722048417,-4.499999999971582e-05,5.898133879614421,0.4170610462621477
R:A:THR:536,0.0,4.903120149450755,0.34670295066490275,-7.999999999999563e-05,1.0910102961704806,0.07714607787664904,-0.008184999999999967,4.454733664583664,0.31499723826071074,0.008480000000000034,2.042887579763018,0.1444539660852204,0.0,0.09825405995070144,0.006947611207025056,0.0002149999999999741,7.018446139461481,0.4962790858605759
R:A:LYS:537,0.0,4.624440076371408,0.3269972937193058,-0.00021999999999998022,1.748759838671394,0.12365599405912356,-0.1715449999999997,27.796770665942024,1.965528503297491,0.17298499999999994,23.99667172449911,1.6968209302300803,0.0,0.3223857809118307,0.02279611718408761,0.0012200000000003452,37.05466573716978,2.620160541735357
R:A:GLU:538,0.0,4.265345594902012,0.30160547942593813,-0.0001349999999999718,1.3669189142282727,0.09665576335829643,0.12025000000000005,29.333612967766175,2.074199664620911,-0.12042000000000021,27.754556408103518,1.9625435044994544,0.0,0.15084215745855664,0.010666151242775436,-0.0003049999999999997,40.6307844481471,2.8730303208213726
R:A:GLN:539,0.0,3.814087575580823,0.2696967188732558,-8.00000000000045e-05,1.105817870514851,0.07819313149983186,-0.0030199999999997117,4.9848849516914635,0.3524845952775809,0.0032400000000000497,4.53278654818424,0.3205164105892239,0.0,0.15621544086638298,0.011046099756266551,0.00014000000000052637,7.822386613682239,0.5531262619597586
R:A:LEU:540,0.0,5.2855961311426345,0.3737480866944337,-0.000124999999999984,1.5708874114254656,0.11107851410995287,-0.005115000000000265,2.870233667800411,0.20295616900916066,0.005454999999999979,1.1573066809083061,0.08183394019827592,0.0,0.026447392995814768,0.0018701130932046223,0.00021499999999994302,6.323251793734872,0.4471214222499928
R:A:LYS:541,0.0,4.645158759262164,0.3284623258362365,-0.00018499999999999073,1.3867432612329507,0.09805755637825674,-0.11321499999999951,18.555912808074815,1.3121011777696012,0.11305500000000006,16.89399678031741,1.194585968470614,0.0,0.2271848878817993,0.01606439748043258,-0.00034500000000002194,25.559366132571768,1.8073201115171278
R:A:ALA:542,0.0,3.0326424715089653,0.21444020565183206,-4.000000000000225e-05,1.0029581586237784,0.07091985152092466,-0.002179999999999893,2.545063411655985,0.17996315969317167,0.002125000000000017,1.7907208480595183,0.12662308548750106,0.0,0.09635426423211892,0.006813275363477169,-9.499999999971199e-05,4.460511013013052,0.3154057584858806
R:A:VAL:543,0.0,4.496598931587073,0.3179575596801404,-7.500000000000728e-05,1.4519906639076576,0.1026712444668662,-0.0025949999999998496,3.528417511998119,0.24949679495912364,0.0027799999999999943,1.7042271722249942,0.12050705901626675,0.0,0.0989847929871089,0.0069992818355531315,0.00011000000000016997,6.139348273423874,0.4341174796203943
R:A:MET:544,0.0,4.296961498402098,0.30384106140176315,-0.00016999999999998573,1.427688553414224,0.10095282575416102,-0.0049100000000006005,3.123293394783781,0.2208501939086764,0.005064999999999999,2.431866032448128,0.1719588962481296,0.0,0.06304020758883486,0.004457615827347278,-1.5000000000635062e-05,6.014572372309427,0.4252944910397256
R:A:ASP:545,0.0,13.689887652524764,0.9680212392782247,-5.499999999999616e-05,1.196776928660893,0.08462490818237264,0.05625999999999987,19.67583401937895,1.391291566060382,-0.05631000000000041,24.542608530589206,1.7354244919986435,0.0,0.15009776413286524,0.010613514685928796,-0.00010500000000050135,34.32704336435666,2.4272885141021274
R:A:ASP:546,0.0,14.202172288405391,1.004245233271112,-7.000000000001227e-05,1.1393921263331601,0.0805671898960737,0.027700000000000138,18.6906987117336,1.3216319804181496,-0.02767500000000048,12.294720313487208,0.86936801064588,0.0,0.14340805923509195,0.01014048111619356,-4.5000000000179343e-05,26.52400505048641,1.8755303835425174
R:A:PHE:547,0.0,4.7876727469565,0.33853958654749666,-9.500000000002729e-05,1.4061720850148463,0.09943138168292241,-0.0026600000000002668,2.937187121745906,0.20769049314003277,0.002625000000000002,1.6623581178780342,0.1175464697912064,0.0,0.038045013064899214,0.002690188672852103,-0.0001300000000003698,6.024207863932744,0.4259758231864169
R:A:ALA:548,0.0,3.526637398429274,0.2493709219215424,-7.500000000000062e-05,1.16948986467391,0.08269542138398596,-0.004040000000000035,3.090963498191138,0.21856412499710465,0.004019999999999995,2.407559797502442,0.17024018589260878,0.0,0.07408744278332732,0.005238773319286109,-9.499999999958097e-05,5.400070958649819,0.38184267937498273
R:A:ALA:549,0.0,3.3491740643851284,0.23682236923008348,-3.500000000000281e-05,1.0432050639136103,0.07376573748614595,-0.0027499999999997726,3.0534345764564854,0.21591042949218545,0.0026049999999999975,1.7228035114820843,0.12182060456209778,0.0,0.1316551259149584,0.009309423231243584,-0.0001799999999998203,4.961259058241132,0.3508139923305489
R:A:PHE:550,0.0,4.244429624908393,0.30012649700417987,-3.4999999999998364e-05,1.6029071745971442,0.11334265327702099,-0.0008100000000001018,3.81851740668417,0.2700099552345246,0.0008949999999999713,2.6874425523115835,0.19003088527888035,0.0,0.1771291482065584,0.012524922184265442,5.0000000000038905e-05,6.513009415273741,0.4605393123471893
R:A:VAL:551,0.0,4.044448661059997,0.28598570743963764,-6.999999999999673e-05,1.172028423844746,0.0828749246244001,-0.001069999999999851,2.733588359162732,0.19329388657365754,0.0011699999999999937,1.1279981918203594,0.07976151706023402,0.0,0.03253078825542892,0.0023002740972757484,3.0000000000196536e-05,5.145596086804183,0.36384858862262004
R:A:GLU:552,0.0,4.127037748500734,0.291825637817773,-0.00017499999999997406,1.550877796402734,0.1096636206628023,-0.019189999999999863,18.692556799944466,1.3217633670955442,0.01854000000000033,16.9219847738083,1.1965650184695356,0.0,0.15175098055954814,0.010730414740536444,-0.0008249999999991786,25.59738149266788,1.8100082034084486
R:A:LYS:553,0.0,5.012677446315491,0.35444982141905496,-4.999999999999893e-05,1.4406456949229398,0.10186903401672169,-0.01130499999999941,28.632594301064913,2.024630159324629,0.011280000000000076,27.06070305902546,1.9134806636712454,0.0,0.22270288341182823,0.01574747190503008,-7.49999999991502e-05,39.741151194089795,2.8101237501500753
R:A:CYS:554,0.0,3.358230495178972,0.23746275559285082,-3.000000000001002e-05,1.1169524834790423,0.0789804675331186,0.00045999999999978057,2.330714813957297,0.16480642499611473,-0.0004999999999999661,1.2389462686291122,0.0876067308073415,0.0,0.05002363055125847,0.0035372048382365413,-7.000000000012996e-05,4.4153161464682835,0.3122099988250179
R:A:CYS:555,0.0,3.2410345296216754,0.2291757493955239,-5.0000000000007815e-05,0.7505819187137405,0.053074156455849585,-0.0021899999999989463,2.7212290765663227,0.19241995332020534,0.0021500000000000286,2.657901197364191,0.18794199603800638,0.0,0.07403725836153989,0.005235224744790527,-8.999999999895092e-05,5.0539772473395335,0.3573701583556305
R:A:LYS:556,0.0,5.284487858018976,0.3736697199503191,-4.499999999999949e-05,1.3369187264658238,0.0945344297379267,0.014639999999999915,11.106045555063693,0.7853160124152251,-0.014495000000000096,11.073346758838314,0.7830038583604648,0.0,0.1972477777567778,0.013947524122579463,9.999999999988019e-05,16.604677852978057,1.1741280309258866
R:A:ALA:557,0.0,3.792933703612549,0.26820091424154396,-4.999999999999449e-06,1.21041125022655,0.08558900030596805,-0.0009999999999999432,4.564758440700888,0.32277716478981283,0.0010149999999999988,3.4647563773337655,0.2449952729572042,0.0,0.17242048088208461,0.01219196912471675,1.000000000010326e-05,6.980166665139709,0.4935723182732577
R:A:ASP:558,0.0,6.659979639893804,0.4709316765933249,-2.000000000000002e-05,1.8366772827581876,0.12987269614895963,-0.013470000000000138,10.478885416794098,0.7409690937491927,0.013380000000000366,9.233254466578943,0.652889684573895,0.0,0.2926514182218819,0.020693580234855305,-0.00010999999999974363,15.58442763531235,1.1019854461840395
R:A:ASP:559,0.0,7.969448090689845,0.5635250787240973,-1.5000000000000568e-05,1.2536206791829019,0.08864436832859153,-0.0032450000000002355,26.165253002407123,1.850162782946375,0.0032899999999995797,23.25525537803767,1.6443948776035364,0.0,0.17440409823945272,0.012332232053184183,2.9999999999503758e-05,35.92410683433455,2.5402179550627957
R:A:LYS:560,0.0,5.046935800418903,0.3568722528689362,-5.00000000000167e-06,1.9742223797422112,0.13959860322859607,0.003944999999998728,19.634045962788083,1.3883367042415808,-0.003964999999999873,17.471062096122694,1.2353906482699613,0.0,0.30073882826024073,0.021265446482891272,-2.500000000115854e-05,26.836417988556114,1.8976213142464675
R:A:GLU:561,0.0,4.56499212485082,0.3227936887545201,-1.4999999999998349e-05,1.046142821642915,0.07397346832733341,-0.020900000000000158,8.76643265187157,0.6198803974953555,0.020824999999999535,8.573090273266402,0.6062090267951105,0.0,0.11613621429068388,0.00821207046662766,-9.000000000167319e-05,13.126129429381297,0.9281575130247822
R:A:THR:562,0.0,5.503147184638986,0.38913126921258845,0.0,1.4556528140322473,0.10293019758554825,-0.0004199999999995896,6.3248148461437195,0.4472319467457574,0.0004049999999999967,2.472078811481341,0.1748023691226037,0.0,0.14820284361081054,0.010479523570833352,-1.4999999999734115e-05,8.862278184633414,0.6266577001115893
R:A:CYS:563,0.0,3.3023150529212075,0.23350893675349982,-3.500000000000281e-05,0.9709174207289722,0.06865422921696085,0.00022000000000009124,3.408445860117189,0.2410135180996079,-0.000244999999999993,2.0849410786338782,0.147427597507641,0.0,0.0356642027629835,0.002521839961931764,-5.999999999992511e-05,5.273871420949577,0.3729190244859379
R:A:PHE:564,0.0,4.543217517993167,0.3212539915378484,-3.4999999999998364e-05,1.3387171328458451,0.09466159627259092,-0.0006199999999996209,3.102461920241729,0.21937718621759641,0.0005800000000000466,2.3647077800438683,0.1672100906793606,0.0,0.14955670193898243,0.010575255811294976,-7.499999999953655e-05,6.137790240487195,0.4340073100549106
R:A:ALA:565,0.0,3.3891975945642354,0.2396524601897506,-2.500000000000169e-05,0.7969896443336012,0.056355678204374406,-0.000855000000000885,3.938384178997143,0.27848581598866934,0.0008800000000000019,3.280044560611944,0.23193417514027553,0.0,0.14392853123330776,0.010177284044129173,-9.681144774731366e-16,6.197752053063512,0.4382472504834056
R:A:GLU:566,0.0,4.631062454318664,0.32746556655471426,-9.999999999998898e-06,1.4097198183149728,0.0996822443103585,-0.018024999999999753,22.26269089436798,1.5742099698867604,0.01800499999999911,20.9908835664956,1.48427961129663,0.0,0.20394150474345138,0.014420842096948291,-3.0000000000534045e-05,30.979351838275395,2.190570976160847
R:A:GLU:567,0.0,4.252878364684323,0.3007239131229839,-9.999999999994458e-06,1.7851253366360582,0.12622742308032753,-0.006520000000000419,20.362877930703952,1.4398729069274656,0.006515000000000057,18.437094724082073,1.3036994704777152,0.0,0.16599220733981662,0.011737421543410774,-1.5000000000462421e-05,27.854523147071152,1.9696122204011663
R:A:GLY:568,0.0,2.749162841220942,0.1943951687613404,-1.500000000000501e-05,0.9065900307608726,0.06410559585071338,0.0018849999999999768,2.4244484251835505,0.17143439220843346,-0.0019000000000000078,1.391360040014805,0.09838401193664546,0.0,0.062028168958968954,0.004386053889547186,-3.0000000000136027e-05,4.024609575163086,0.2845828722226128
R:A:LYS:569,0.0,4.535207275698654,0.32068758187330865,-1.5000000000000568e-05,1.5408449914819466,0.10895419422342124,0.03363999999999969,12.606837765226853,0.8914380473110568,-0.03349499999999998,12.51738639229352,0.8851128800722962,0.0,0.24409374484837096,0.0172600342227502,0.00012999999999964928,18.401608913633723,1.3011902447573223
R:A:LYS:570,0.0,5.415040055138096,0.38290115433849237,-1.9999999999995577e-05,1.4582202430874425,0.10311174223506263,0.009014999999998566,21.687552681309505,1.5335415568294442,-0.008934999999999981,19.13791730155805,1.353255110171905,0.0,0.17130386354055033,0.012113012355297811,5.999999999844796e-05,29.46333704853566,2.0833725423404403
R:A:LEU:571,0.0,6.193610330715843,0.43795438648762275,-4.500000000000615e-05,1.5482298726852546,0.10947638418113285,0.0021049999999998904,5.881513688615797,0.41588582128617346,-0.0020099999999999727,1.2791019338387382,0.09044616512461984,0.0,0.13044501160401034,0.009223855227715358,4.999999999978577e-05,8.775143622471507,0.6204963561335488
R:A:VAL:572,0.0,4.06234094920035,0.2872508832671364,-5.500000000000949e-05,1.2475169449650774,0.08821276914299311,0.002534999999999954,3.0185743972237953,0.21344544257930406,-0.002505000000000001,1.0006652089860024,0.0707577154971456,0.0,0.05942963892490251,0.004202310068726656,-2.5000000000119372e-05,5.308066187375374,0.375336959608015
R:A:ALA:573,0.0,3.287837113939801,0.23248519187036407,-3.000000000000336e-05,0.7857311782982777,0.05555958443644084,0.0010449999999999804,2.222179800100568,0.15713184056668783,-0.0009600000000000198,1.320481805232469,0.09337216389133327,0.0,0.06632034958793243,0.004689556892428947,5.499999999983851e-05,4.255984025233703,0.30094351648643697
R:A:ALA:574,0.0,3.2683847291819865,0.23110970055311403,-2.000000000000668e-05,0.7813839832950251,0.05525219132984682,0.0014250000000004804,2.1378758739868413,0.15117065278312125,-0.0014800000000000496,1.2575483430071386,0.08892209610102542,0.0,0.07267702011473702,0.005139041375956166,-7.499999999966534e-05,4.177334401760023,0.2953821482768362
R:A:SER:575,0.0,4.275372504262055,0.30231448898622104,-5.5000000000000605e-05,1.3174548052495008,0.09315812266987243,0.0033400000000004936,4.067725394830629,0.2876316210689464,-0.0032150000000000117,1.9259653502529583,0.1361863159494191,0.0,0.03021141301766655,0.0021362695014019556,7.000000000027262e-05,6.345954802996671,0.4487267674302287
R:A:GLN:576,0.0,4.342988311658229,0.3070956485787449,-2.9999999999987814e-05,1.3925711336768403,0.09846964919075318,0.002999999999999474,5.921783591009554,0.418733333392208,-0.002935000000000023,4.034151562457093,0.2852575926147716,0.0,0.08979737593061837,0.006349633345329791,3.4999999999385525e-05,8.494160649169466,0.6006278595515656
R:A:ALA:577,0.0,3.3737696284052947,0.23856153824066023,-2.000000000000002e-05,0.7363977991208285,0.052071187740918685,0.000985000000000298,2.0624964542454376,0.14584052289701588,-0.0009750000000000015,1.110943543648821,0.07855557132294946,0.0,0.059625891435389045,0.004216187216825647,-9.999999999741327e-06,4.173277567090341,0.2950952867463277
R:A:ALA:578,0.0,4.167696756699075,0.29470066385910965,-3.0000000000001688e-05,1.4633856082044814,0.10347698870521889,0.021809999999999833,11.964616862639186,0.8460261717871084,-0.021784999999999853,11.258352363506615,0.7960857301223122,0.0,0.17937572954277176,0.012683779473997804,-5.0000000001659824e-06,17.01311035516651,1.2030085701213311
L:B:UNL:579,0.0,14.6897624550416,1.0387230645979462,-18.581285,3.8986291769511756,0.27567471283539047,-29.5011,6.829824846139906,0.4829415463021896,29.245519999999996,6.282272441242898,0.44422374444642193,-3.396595644,0.2156626473773528,0.015249652040916935,-22.233460644000004,17.8086606817399,1.2592624731908528

