| Run on Wed Sep 17 13:42:59 2025
| GB non-polar solvation energies calculated with gbsa=2
idecomp = 1: Per-residue decomp adding 1-4 interactions to Internal.
Energy Decomposition Analysis (All units kcal/mol): Generalized Born model

Complex:
Total Energy Decomposition:
Residue,Internal,,,van der Waals,,,Electrostatic,,,Polar Solvation,,,Non-Polar Solv.,,,TOTAL,,
,Avg.,Std. Dev.,Std. Err. of Mean,Avg.,Std. Dev.,Std. Err. of Mean,Avg.,Std. Dev.,Std. Err. of Mean,Avg.,Std. Dev.,Std. Err. of Mean,Avg.,Std. Dev.,Std. Err. of Mean,Avg.,Std. Dev.,Std. Err. of Mean
R:A:SER:1,-2.290075,3.716050755758726,0.262764468863039,-4.0701350000000005,1.0312351316625128,0.0729193354596365,-171.31188000000003,17.010529785565176,1.2028260962948882,82.94248499999999,16.716705222913248,1.1820495622218534,0.591403248,0.19436363731041692,0.013743584595827845,-94.138201752,24.160227925974407,1.70838610014691
R:A:GLU:2,86.499105,2.7608575341685055,0.19522210843005205,-6.220255,1.2361019739386392,0.08740560880100888,10.98923,9.291170899682127,0.6569849948328348,-140.788815,9.747646571905188,0.6892626991603962,0.4109010839999999,0.1425650714136087,0.010080872875690712,-49.10983391600001,13.802647484863623,0.9759945634874513
R:A:VAL:3,42.709740000000004,3.546890807792087,0.2508030542318016,-8.786685,0.8967702525033934,0.06341123267115219,-45.459700000000005,2.004315277095896,0.1417264924070302,-1.012195,0.8187042121395248,0.05789113001898477,0.005137812,0.009494554450202284,0.0006713663836082947,-12.543702188,4.25115016809736,0.30060171117039747
R:A:ALA:4,82.64317,2.320608413994054,0.16409179460137546,-6.75844,0.6962796323317235,0.04923440496238378,-70.563835,1.6117676159344432,0.11396918109241197,-0.8279,1.238466721393837,0.08757282169714528,0.079298424,0.04944791705056366,0.003496495746200347,4.572293424,3.1629208813651406,0.22365228035698223
R:A:HIS:5,113.85837,2.8323488279341587,0.20027730629180135,-7.7083699999999995,0.8705955795316216,0.06156040379578419,-76.39741,5.341970871494901,0.3777343828135055,-11.47115,4.733092954665057,0.33468021242299345,0.872201916,0.09493049161968214,0.0067125994365649965,19.153641916,7.728387286739656,0.5464795058089513
R:A:ARG:6,-192.16595999999998,3.806788490105538,0.2691805955896524,-10.80562,1.446922639811818,0.10231288104632769,-113.63940500000001,8.592263611585425,0.6075647865494469,134.964775,7.197529925215664,0.50894222179131,0.195790644,0.056778468022965045,0.004014843976442213,-181.450419356,11.925597617049682,0.8432670944717962
R:A:PHE:7,105.49515500000001,3.1032160690121144,0.21943051258855273,-13.655435,0.8297083016187076,0.05866923664813614,-80.28731499999999,1.5490952668493314,0.10953757678931465,-4.1155550000000005,1.034626399709093,0.07315913432289231,0.129091032,0.054672426922043396,0.003865924382050285,7.565941032,3.7136912693121853,0.2625976279763923
R:A:LYS:8,122.04513500000002,3.0101229238645724,0.21284783316697167,-6.947829999999999,0.9430716362503965,0.06668523491373485,-184.00896999999998,13.89683346410613,0.9826545179489584,54.507020000000004,13.842550953837952,0.9788161648379127,1.132454412,0.15355881594203522,0.010858248006359001,-13.272190587999999,19.867360209059697,1.4048345128101896
R:A:ASP:9,97.70049499999999,3.01227726479071,0.21300016807475763,-6.0155449999999995,0.5793423322829085,0.04096568917856747,27.135785000000002,9.338957490468356,0.6603640170723076,-185.588115,8.386223820157378,0.5929955731781436,0.648185364,0.0699411383969485,0.00494558532443891,-66.11919463599999,12.921270084296678,0.9136717698149053
R:A:LEU:10,68.50206,3.0568862714206424,0.21615450118375973,-8.51435,0.9194036042457088,0.06501165232094935,-75.361375,2.1439628878259525,0.15160106965940243,-1.0250299999999999,1.2612632473437098,0.08918477950581029,0.22685824799999998,0.05120608375476585,0.0036208169061001244,-16.171836752,4.0472015727399215,0.2861803676913259
R:A:GLY:11,82.555985,1.9401604430497492,0.1371900605870374,-4.133179999999999,0.5041824150047283,0.035651080460485346,-82.58731,1.6593514497839206,0.11733386625139391,-2.566755,0.9957631219195658,0.07041108559648118,0.195062328,0.030155695405618087,0.0021323296712708563,-6.536197672000001,2.786453525041355,0.19703201830179015
R:A:GLU:12,93.74508,3.1080287761859604,0.2197708223764019,-6.346595,1.0150400390994436,0.07177416948230748,-41.477725,16.082750639097,1.137222203703777,-103.057455,15.257670513809602,1.0788802285424803,0.5175637559999999,0.11621345274210411,0.008217532049904419,-56.61913124400001,22.408815951507194,1.5845425717672013
R:A:GLU:13,92.25471000000002,3.092556698898179,0.21867678129947862,-5.80305,0.8860925106894878,0.06265620230671501,-27.884905,19.751143285794242,1.3966167353572256,-112.58485499999999,18.69399069631669,1.321864758880376,0.8729003879999999,0.1595218219879094,0.011279896207488404,-53.145199612,27.385168674577127,1.9364238473730904
R:A:ASN:14,17.296785,3.0651940246540677,0.21674194804853766,-7.621385,0.7795732209196261,0.05512415109437061,-84.319,3.4902717057558723,0.24679947913235156,-2.310775,2.105689481945284,0.14889473117566984,0.435580272,0.10730421941972465,0.007587554120161652,-76.518794728,5.160483289909026,0.3649012728494536
R:A:PHE:15,112.635125,3.0356486999280725,0.2146527781019267,-14.980709999999998,0.8383845811439997,0.05928274225691655,-86.48054500000002,1.4307155859831124,0.10116686927979437,-0.51974,0.63633540872719,0.044995708262010936,0.003617172,0.006679403316046726,0.00047230513790565517,10.657747171999999,3.5170962725064343,0.2486962624375229
R:A:LYS:16,120.16614,3.6055635371464474,0.2549518427115207,-9.84963,1.0436639464406154,0.07379818538080729,-178.87125500000002,16.413239918430946,1.1605913247564257,53.863335000000006,14.254860129891664,1.0079708262712146,0.411080076,0.0979974513005916,0.006929466235364677,-14.280329923999998,22.061151563250537,1.5599589871158657
R:A:ALA:17,86.58409,2.049569665051666,0.1449264608672274,-6.937125000000001,0.4759293533445904,0.03365328731156884,-77.99587500000001,1.2337528518204126,0.08723950078304554,0.6790549999999999,0.674416616028253,0.04768845625384617,0.10366621200000001,0.03820107102020905,0.0027012236366978724,2.4338112120000006,2.530946019663811,0.17896490933213818
R:A:LEU:18,80.92095499999999,3.083795181748457,0.21805724848047356,-11.936995,0.9047254417639641,0.06397374949832939,-84.67088,1.5703423752799894,0.11103997423450708,0.37333,0.5927581978344965,0.041914334129268954,0.017083007999999997,0.014334240625576786,0.0010135838749505044,-15.296506992,3.6257225176651766,0.2563772978941808
R:A:VAL:19,54.945865,3.125636024359683,0.22101584283456924,-10.206165,0.8912447238413251,0.06302051879249329,-58.03917499999999,1.7359323789753447,0.1227489556854762,-0.75662,0.49672489931550645,0.03512375446901997,0.010043495999999999,0.018991477471381316,0.0013429002504765275,-14.046051504,3.718127921513937,0.2629113466621548
R:A:LEU:20,73.36246000000001,3.103649205113232,0.21946113993598043,-11.6175,0.8869488260322578,0.06271675294528568,-75.171735,1.2689057706445346,0.08972518751094924,-1.814125,0.6256596274133405,0.044240816525862176,0.014901408,0.019489480163532736,0.00137811435854347,-15.225998592000002,3.5243819702732337,0.24921143906718085
R:A:ILE:21,77.752285,3.5070885722740157,0.24798861116768037,-11.405875000000002,1.0961908772540483,0.07751240027811679,-65.464335,1.368275002612779,0.09675165328755371,-0.278295,0.5424414604130109,0.038356403505477414,0.0005450040000000001,0.002623425122389431,0.0001855041693976715,0.604325004000001,3.9582484505472078,0.2798904321003075
R:A:ALA:22,87.52424500000001,2.5254712342402557,0.17857778354228446,-7.233685,0.716997584218385,0.05069938538951927,-75.019805,2.0318991502963426,0.14367696678617278,-0.86948,0.9926058127978096,0.07018783012745158,0.030260808,0.01739194094654004,0.0012297959381294442,4.431535808000001,3.465006988006646,0.24501299380782735
R:A:PHE:23,97.28793000000002,3.02766699210795,0.21408838612942085,-14.948935,1.0047524027216856,0.07104672373779808,-76.43997499999999,1.4411679584194899,0.10190596362271936,-1.6215650000000001,0.5216225510606304,0.03688428430747979,0.0021246119999999997,0.0054752181536680345,0.00038715638849343555,4.279579612,3.53912135339251,0.25025367084259553
R:A:ALA:24,89.39336500000002,2.000977653991918,0.14149048681404344,-8.726135,0.6832331203732736,0.04831187725471864,-76.81536,1.138835554590741,0.08052783433074555,0.103565,0.5919065853451877,0.04185411603265561,2.1132e-05,0.00017776284925709307,1.2569731615273255e-05,3.955456132,2.4734629421773495,0.1749002419427233
R:A:GLN:25,32.531555,3.0126987697038348,0.21302997297299503,-12.74424,0.9182233619332498,0.06492819658669105,-75.34721,2.0029008427528305,0.14162647679547774,-5.96453,1.0247513645270252,0.07246086388872272,0.017452116,0.01117346499536039,0.0007900832867569848,-61.506972884,3.8705736022836454,0.27369088412564085
R:A:TYR:26,85.71735499999998,3.53930863714582,0.2502669138037927,-13.65949,0.894848556963691,0.06327534827640224,-76.296035,2.2568120865005574,0.15958071302283053,-4.654235,1.180054002906223,0.08344241876213201,0.07283152799999999,0.03475228227474587,0.002457357445818186,-8.819573472,4.451336376140126,0.31475701369110354
R:A:LEU:27,70.837885,3.9692365892920773,0.2806674108422191,-9.88718,1.0496434097349443,0.07422099728513488,-74.899365,2.5811910761845973,0.1825177713508331,1.05924,0.6169323483170582,0.0436237047028333,0.032888808,0.023783922652681495,0.0016817772990927423,-12.856531192,4.888794223377249,0.34568995471756736
R:A:GLN:28,30.948729999999998,3.2252880518025053,0.22806230527095003,-10.808699999999998,1.070529887485632,0.07569789429039621,-82.05237000000001,2.4485540494544944,0.1731389172471054,-3.752285,1.1156421575823496,0.07888781350040702,0.06825279599999999,0.0219166221008253,0.0015497392108196526,-65.596372204,4.334636311422137,0.3065050729784036
R:A:GLN:29,27.736720000000002,2.9291494314220294,0.2071221426067237,-6.959924999999999,0.9843116068476486,0.06960134120025993,-69.096105,2.6752098242894893,0.18916590078519702,-10.03704,2.2937918232481342,0.16219557528490103,0.6575892839999998,0.11560119699631895,0.008174239030937907,-57.69876071600001,4.688323570328415,0.3315145388975948
R:A:CYS:30,101.23666499999999,4.105436029555814,0.2902981656226491,-6.9885850000000005,0.9377531992880643,0.06630916462959702,-78.60004500000001,5.150917245789821,0.3642248513828717,1.428655,1.1056341013079327,0.07818013705459334,0.070249068,0.04934462049339296,0.003489191576595484,17.146939068,6.744686515033271,0.47692135717574885
R:A:PRO:31,82.39732,2.438980153178783,0.17246194054921218,-6.6358500000000005,0.8349871421165719,0.05904250703942034,-56.20485500000001,1.677633265637934,0.11862658584767158,-4.609399999999999,1.0266607716280973,0.07259587935964411,0.472293324,0.06298370509000421,0.004453620497339565,15.419508324,3.24318984584342,0.22932815326712358
R:A:PHE:32,92.69913499999998,3.2575096771575374,0.23034071824988958,-12.18266,0.9569130286499394,0.06766396915641291,-69.3347,1.5842717885514466,0.1120249324927268,-5.514459999999999,1.0534378331918786,0.07448930354084404,0.23476608,0.06757632661268294,0.004778367879550506,5.90208108,3.8924628154284875,0.2752386852305964
R:A:GLU:33,94.501695,2.9645378024196285,0.20962447831747846,-5.6720700000000015,0.7922079872735442,0.05601756399112692,-30.633699999999997,10.871478145588116,0.7687295918266709,-115.654905,10.763054777152023,0.7610629019206461,0.91276866,0.07115548637352147,0.005031452693334401,-56.54621134,15.602997346224573,1.10329852303511
R:A:ASP:34,88.827675,7.206221660438636,0.5095568202829542,-7.31044,0.884734291411834,0.06256016170055828,-27.62143,12.887909017179627,0.9113127861362967,-116.05908500000001,10.31939381009248,0.7296913340850876,0.3802149,0.0927897202301699,0.006561224039915571,-61.7830651,18.03632675355019,1.2753608955131686
R:A:HIS:35,120.29966,2.992723648184042,0.21161751858482794,-13.242705,1.0758691128455171,0.07607543453622201,-93.76595499999999,1.9685822266227542,0.13919978417682624,-5.853354999999999,1.4603523954768587,0.10326250817637056,0.005566823999999999,0.010117368473957247,0.0007154059855698161,7.443211823999999,4.015213150689491,0.2839184446761942
R:A:VAL:36,64.74742,3.0194033903405493,0.21350406124474544,-7.6418550000000005,0.769912172897013,0.054441011837354746,-63.768315,1.7887543503161634,0.12648403309854964,-2.16562,0.9075791621671357,0.0641755380031987,0.340051752,0.08282407895610609,0.0058565467875392645,-8.488318248,3.7067186940749814,0.2621045924531363
R:A:LYS:37,121.88772,3.649276247641441,0.25804279811302616,-7.06045,1.076090009014116,0.07609105425409744,-178.83373,11.804258298474325,0.8346871089728772,53.52994499999999,10.553971389575349,0.7462784738017538,0.98577612,0.11095928492910902,0.007846006280898326,-9.490738879999999,16.285402201698517,1.1515518331171353
R:A:LEU:38,75.956705,3.858617753545303,0.2728454779538686,-10.911624999999999,0.992200768179001,0.07015918914778732,-81.43371499999999,2.1563496849479216,0.15247694848361507,-1.6989550000000002,0.7854676587708751,0.05554095079196069,0.08617892399999999,0.05704984395177802,0.004034033152393658,-18.001411076,4.598200889891058,0.32514190304999846
R:A:VAL:39,48.73843,2.8717955803120807,0.20306661290202285,-9.1684,1.0040763267799913,0.07099891794950117,-54.804695,1.7733525797130698,0.12539496345497692,-2.02921,0.669409766809538,0.047334418550352975,0.046314143999999995,0.03201389054247646,0.0022637239094748986,-17.217560856,3.5845910257883906,0.25346886221154136
R:A:ASN:40,20.197325,7.656261730725707,0.54137945883352,-7.0461149999999995,0.7344309237600225,0.05193210865038122,-82.878395,7.689551410126276,0.5437333946382868,-9.48045,3.6305476456727575,0.25671848596760616,0.624379428,0.07766350444462325,0.005491639064350467,-78.583255572,11.466204306026805,0.8107830819261945
R:A:GLU:41,110.32557000000001,2.8006707455714963,0.19803732760643888,-7.172974999999999,1.2546797855927225,0.08871925846102975,-34.552125000000004,11.713315076415173,0.8282564520707791,-124.14185499999999,10.980096817149429,0.7764100917491188,0.54845298,0.10692391513422804,0.007560662546242756,-54.992932020000005,16.346060287006548,1.1558410074626453
R:A:VAL:42,58.68061500000001,3.6438877352046672,0.2576617727445711,-9.29843,0.9708834971818194,0.06865183045993747,-61.44827,2.6126362140757364,0.18474127837465015,-1.96175,0.5690877414775335,0.040240580108890076,0.03825954,0.044151114895019355,0.0031219552739214567,-13.989575460000001,4.623008842455471,0.3268960901985635
R:A:THR:43,36.69351,3.1058567046629824,0.2196172337260899,-8.54404,1.0024090624091544,0.07088102455523622,-53.521195000000006,2.3842671341473043,0.16859314587157745,0.2684,0.9909532229121616,0.07007097437598539,0.06379516800000001,0.05397579616596105,0.003816665148889391,-25.039529832,4.161826671288312,0.29428558613910016
R:A:GLU:44,89.22231500000002,2.7609173286744757,0.19522633654011698,-6.208775,0.9842992707378179,0.06960046890556845,-4.05013,11.47876832866227,0.8116714924866463,-136.507245,11.793478525226346,0.8339248638965473,0.778317732,0.09568424269800006,0.006765897686445524,-56.765517268,16.716725848458655,1.1820510206681556
R:A:PHE:45,92.85545,3.280567627332197,0.2319711615427659,-11.447465,0.8310689013403161,0.05876544557709913,-69.007215,2.775097920574155,0.19622905580946717,-3.630125,1.0681696538354757,0.07553100056847518,0.35203917599999995,0.08507574554056298,0.006015763658623326,9.122684176,4.505795405575389,0.3186078485921548
R:A:ALA:46,100.86685,2.193858034946655,0.15512918934713735,-7.807345000000001,0.8148891372297217,0.05762136348503913,-81.16289,1.5791473990416467,0.11166258343554472,-1.832145,0.7225860045523993,0.051094546380949506,0.00111978,0.003986589542303044,0.0002818944499169857,10.06558978,2.9142598233936132,0.20606928832611343
R:A:LYS:47,140.612125,3.288344764372344,0.23252108817669642,-7.45653,1.2869933174263182,0.09100417020939204,-203.65446,12.842609126980388,0.9081096001816079,56.34567,11.589531658401905,0.8195036426432161,0.8240180760000001,0.12940957029522285,0.009150638470618928,-13.329176923999999,17.65605174366169,1.2484713916923746
R:A:THR:48,40.081095,3.6019889902628797,0.2546990840774167,-5.4874350000000005,0.9509666428298102,0.06724349618271643,-55.856385,3.937381014935563,0.27841488157761074,-4.998245000000001,1.4849591492613525,0.10500246842277089,0.5408333639999999,0.1265368508487749,0.008947506530515946,-25.720136636000003,5.621632035994772,0.39750941339874407
R:A:CYS:49,87.61454499999999,2.883259155534757,0.2038772100796825,-7.589234999999999,0.8425697121158581,0.05957867570595204,-71.90459,3.17090538047101,0.22421686970319607,-4.480495,1.5547643165364324,0.10993843913697791,0.07761830400000001,0.055861359974425824,0.003949994644421928,3.717843303999999,4.636610893870995,0.32785790047796004
R:A:VAL:50,47.057065,3.5801368005671237,0.2531539009256523,-6.08958,0.8335602279379698,0.05894160897023427,-47.83727499999999,3.109954160333396,0.21990696759510597,-4.292805,1.5252755577189978,0.10785326900411966,0.433905156,0.11962170390535518,0.008458531800856596,-10.728689844,5.052206638961852,0.3572449574365621
R:A:ALA:51,80.464085,2.4634109295395676,0.17418945731264845,-3.2041449999999996,0.5013981192375975,0.03545420101870863,-68.19911,1.3931023501164583,0.09850721186542635,-3.9601800000000003,1.0561073418928588,0.074678066311334,0.645555636,0.04753885975018231,0.0033615050099230132,5.746205636,3.0623765771760243,0.21654272442680153
R:A:ASP:52,106.58003500000001,7.114372541115275,0.503062106770998,-4.557195,1.1282636114734004,0.07978028506388656,-18.439165,11.567838667520176,0.8179697165475472,-148.95228,5.781893446925496,0.4088416064419079,0.544844268,0.1042064515000649,0.007368508849908297,-64.823760732,14.803490050817722,1.04676482001608
R:A:GLU:53,99.27243999999999,2.8748731913599253,0.20328423286620143,-3.8999599999999996,1.3249740180094098,0.09368981130304405,8.872155,9.025715738985745,0.6382144804098971,-158.92056499999998,9.088890948612763,0.6426816423229117,1.0918798920000001,0.305675123253511,0.02161449524925913,-53.584050108,13.197930617052283,0.9332346236947224
R:A:SER:54,66.13996,5.076814393731566,0.3589849884633061,-2.36882,0.9593450722237541,0.06783594060673147,-62.137005,5.325406935152937,0.3765631356424511,-6.21129,2.5354964397332527,0.17928667262097314,0.7264226880000001,0.06616884163014686,0.0046788436619935566,-3.8507323119999994,7.841394448213768,0.5544703188290501
R:A:ALA:55,89.210725,2.383390553261257,0.1685311622426992,-4.32377,0.7757454976343724,0.054853490185219754,-73.37262500000001,3.3977154904987263,0.24025476638742257,-5.111465000000001,2.5778127897066145,0.18227889042309586,0.271026,0.09310400394270485,0.006583447254350565,6.673891,4.947786302496821,0.34986132463574166
R:A:GLU:56,94.26487500000002,3.024218072390779,0.2138445106774429,-4.02844,0.8752416731394821,0.06188893222539875,20.136055000000002,10.038687363494043,0.7098423908938342,-163.09221,8.907855807426385,0.6298805247263165,1.082857572,0.09180523997706892,0.006491610773624376,-51.636862428,13.785699481917382,0.9747961587063655
R:A:ASN:57,19.2528,7.541893316667904,0.5332923907201377,-5.249235,1.2191426125663067,0.08620640085791192,-76.962385,6.959779499867435,0.49213072799193813,-11.715369999999998,3.7280816317645193,0.26361518026377007,0.7174943639999999,0.21764938290708635,0.01539013545746682,-73.956695636,10.988674083051597,0.7770165960374651
R:A:CYS:58,87.54395499999998,2.966039769284121,0.20973068341297849,-6.85832,0.7966641058815189,0.05633265915967397,-79.53694999999999,2.794260438380789,0.1975840504380351,0.23332500000000003,1.3729636154592737,0.09708318828136518,0.047622059999999994,0.04550328676968731,0.0032175682641122005,1.4296320599999996,4.373449056129138,0.3092495484762819
R:A:ASP:59,105.78253000000001,8.464183610904243,0.5985081628478428,-4.87361,1.077219168925247,0.07617089791711792,-6.7594650000000005,12.019327383792115,0.849894789838057,-152.663965,9.289809007389493,0.6568886945052981,0.6863507640000001,0.1065327750443116,0.007533004765245373,-57.828159236000005,17.423516772503437,1.2320286861954728
R:A:LYS:60,135.19225500000002,2.97110449327771,0.210088813481049,-7.916945000000001,1.1308859942430094,0.07996571552781229,-227.503025,11.430365443605686,0.8082488916613959,86.07227999999999,10.784931450018586,0.7626098162940207,0.5652522,0.12961930196413188,0.009165468739150442,-13.590182800000003,16.034062702926125,1.1337794467209366
R:A:SER:61,76.29656,4.597238838302834,0.32507387572981,-5.5647649999999995,0.8255436207584672,0.05837474924036076,-73.64833,4.569550246041726,0.3231159965948761,-3.4830050000000004,2.09150227945728,0.14789154446713643,0.33910189200000007,0.0705231285960651,0.004986738246076856,-6.060438108,6.861215049385712,0.48516116885998295
R:A:LEU:62,68.627095,3.8781667390630594,0.27422779997636093,-8.977965,1.1357819173481325,0.08031190957059232,-72.924565,3.6508417503056734,0.25815349586801056,1.51039,0.9272999341636987,0.06557000716409904,0.120107736,0.04762806803973371,0.003367812988570998,-11.644937264,5.524579342021454,0.39064675159464846
R:A:HIS:63,119.665615,2.9536775580240646,0.20885654307173382,-9.284345,0.7172854215547672,0.05071973856276272,-99.31226999999998,2.6820888980606146,0.18965232475638152,-5.85645,1.8557633301420737,0.131222283502079,0.5400333359999999,0.090552542124788,0.0064030316590118095,5.752583336,4.459189124744011,0.3153122868699796
R:A:THR:64,38.293475,4.650827408039885,0.32886315983532566,-9.613355000000002,0.9077688411567121,0.0641889503331765,-47.65986999999999,3.471443730366373,0.24546814022495872,-3.0861199999999998,1.7148749329324282,0.12125996939633459,0.10734822000000001,0.03729379375284311,0.002637069445880787,-21.95852178,6.119423852300352,0.4327086102916285
R:A:LEU:65,63.55567,4.2951088136507085,0.3037100568066523,-10.619135000000002,1.0765643718677484,0.0761245967731521,-67.148605,3.9789105769010438,0.2813514650661606,-0.81143,0.828463291341264,0.058581201127153405,0.091870884,0.06507858468223279,0.004601750853882978,-14.931629116,6.010762563446857,0.4250250968715508
R:A:PHE:66,101.694035,3.4922267343021987,0.24693772052660362,-12.519079999999999,0.9643837999468884,0.06819223246088955,-82.35343499999999,1.3367025158108294,0.09451914133589558,-0.25039999999999996,0.6091918663278426,0.04307636997241063,0.11768583599999999,0.05019330486361208,0.0035492026239223816,6.688805836,3.909743136192342,0.27646058842991644
R:A:GLY:67,75.79868,2.0440866145053644,0.14453875064493954,-5.273160000000001,0.7617806209139216,0.053866024282473265,-79.733845,1.458017040701171,0.10309737365653404,1.9660849999999999,0.5505948036215017,0.03893293193268393,0.006329376,0.008894276755454825,0.000628920340753199,-7.235910624000001,2.680978783748392,0.18957382782057505
R:A:ASP:68,110.75390999999999,3.014165621179434,0.213133695035534,-7.951025,0.7608105574812958,0.05379743043933418,-26.390375,8.993691339176312,0.6359500133830291,-137.30276,8.666572735078152,0.6128192350620205,0.43902705599999997,0.083837890306768,0.005928234075628957,-60.451222944,12.871170217385096,0.910129174251933
R:A:LYS:69,126.492795,3.0931614107535674,0.21871954088483953,-8.995245,1.4619465020906202,0.10337522853602306,-212.228105,8.035961877956801,0.5682283137259837,82.863955,7.30359464120066,0.5164421297830716,0.312119244,0.07531300499695696,0.005325433654488461,-11.554480756,11.38550767966109,0.805076968753987
R:A:LEU:70,62.925779999999996,3.9474915328091584,0.27912980315258346,-11.041185,0.978000291807216,0.06915506383393047,-72.824605,3.0037302457069943,0.212395802559455,-0.21186,0.7134444199795804,0.05044813873672645,0.009600624,0.01518207606908304,0.001073534894093862,-21.142269376000005,5.105957578866453,0.3610457228467315
R:A:CYS:71,98.666905,2.503018722657704,0.17699015122281525,-7.635245,0.7269536264267481,0.05140338388545058,-90.59927499999998,2.0638813917895087,0.14593845276990913,-0.51795,1.3813530929852802,0.09767641392629031,0.135460152,0.03422218949352154,0.0024198742257920103,0.049895152000000456,3.600344181613577,0.2545827785424491
R:A:THR:72,50.098635,4.14941663752569,0.29340806423626975,-5.34174,0.8075174564057424,0.057100106935101265,-59.03238999999999,3.71648970238046,0.2627955070763197,-4.18298,1.5127759482487815,0.1069694131422623,0.574316496,0.08357916413003652,0.0059099393722252275,-17.884158504000002,5.82902351413611,0.41217420545414823
R:A:VAL:73,40.292215,2.87897546164864,0.20357430718014244,-7.178865000000001,1.0736412002037738,0.07591789732253522,-43.16568,2.2549123835750247,0.15944638374074213,-1.072095,1.1697330532967767,0.0827126174164196,0.23717069999999998,0.12958226959203792,0.009162850155007337,-10.8872543,3.9888471985922975,0.2820540903241577
R:A:ALA:74,92.683155,2.2022624300875226,0.15572346982672522,-6.66488,1.0959328745867605,0.07749415673455644,-80.974965,2.5923693320541727,0.18330819340355461,-1.035405,1.6725057282338378,0.11826401420074917,0.06853266000000001,0.10592145577067376,0.0074897779648594376,4.07643766,3.9471384820040933,0.279104838690747
R:A:THR:75,41.28445,4.021470955695192,0.28436093831168163,-5.280854999999999,1.162051932563687,0.08216948016067158,-49.70289,4.555311985791972,0.32210919955738615,-5.185895,2.1235817464781053,0.150159905333864,0.693560196,0.16338070524615073,0.011552760459459372,-18.191629803999998,6.542916270150239,0.4626540463359027
R:A:LEU:76,74.77895500000001,4.1798067052167625,0.29555696653077734,-6.496154999999999,0.991490040784576,0.07010893313177002,-72.445205,2.974122477803327,0.21030221721340697,-1.3371600000000001,1.0291587945501899,0.07277251625442122,0.664791264,0.07806392463445265,0.005519953047505704,-4.834773735999999,5.325833541113948,0.37659330123924356
R:A:ARG:77,-191.548475,4.073453440187454,0.2880366550404219,-6.91336,1.2217511327598596,0.08639085108968425,-30.295905,18.20416981479724,1.2872291921914585,53.04486,15.545219744680356,1.099213029649849,1.1677923,0.18312361763586804,0.012948795182573473,-174.5450877,24.313882630618377,1.7192511285084067
R:A:GLU:78,100.46507,2.980116661323848,0.21072606999491067,-4.203924999999999,0.7504478725234685,0.05306467795883623,-30.324859999999997,8.318020688264726,0.5881728834721981,-127.53954,8.473410265554241,0.5991605858549108,1.1535243839999998,0.0797731264632078,0.005640811867858626,-60.449730616,12.265348783258498,0.8672911298260253
R:A:THR:79,37.15725,3.6077726033523785,0.2551080472809511,-5.152965,0.7336209673768873,0.0518748360852832,-45.128730000000004,3.871720156093413,0.27377195772302904,-6.398705,1.3776762965134444,0.09741642515446253,0.682719408,0.09234876186091037,0.0065300435746031334,-18.840430592,5.51823886037631,0.3901984118379215
R:A:TYR:80,80.57795000000002,3.5191510251053453,0.24884155538715796,-11.513865000000001,1.1169531712542833,0.07898051616617228,-74.2406,2.4101447425414104,0.1704229691092137,-6.719375,1.4452688173398747,0.1021959381378487,0.286458048,0.11532275955315367,0.008154550530518067,-11.609431952,4.641433754511741,0.32819892822433894
R:A:GLY:81,78.53763500000001,2.2924732586826395,0.16210233869033167,-3.9291499999999995,0.6279170466709755,0.04440044017236766,-76.616355,2.705758780633447,0.19132603820409544,-3.0453750000000004,1.5800409692077608,0.11172576838793725,0.22198384799999998,0.05410684691556972,0.003825931836262178,-4.831261152,3.9332303585612864,0.27812138585074814
R:A:GLU:82,94.83229500000002,3.1557938934561296,0.2231483262089926,-5.8963350000000005,1.1091216356987181,0.07842674297632792,-11.44939,11.966312195405065,0.8461460499166203,-132.27413,11.025610564639946,0.7796283996978944,0.8467367759999999,0.1095666032561648,0.0077475288154010185,-53.940823224,16.611980815733535,1.1746444283746018
R:A:MET:83,84.575335,2.8431341724890506,0.20103994531902109,-11.70754,0.9553803161045343,0.06755559001296635,-69.375365,2.11551720195677,0.1495896559220423,-1.8988399999999999,1.1139670032815154,0.07876936220384166,0.019162152,0.036045470583462996,0.0025487996680626903,1.612752152,3.835856913819855,0.27123604354233216
R:A:ALA:84,87.89057499999998,2.3399159994271157,0.1654570470601811,-7.004919999999999,0.7567125700026397,0.05350765896579666,-77.305505,1.6665340470494447,0.11784175257469232,-1.21346,1.0609662192548828,0.0750216408244981,0.095870664,0.0577202282449325,0.004081436480362707,2.4625606639999997,3.155017824212511,0.22309344982650933
R:A:ASP:85,94.49698000000001,10.232694070947298,0.7235607367374213,-6.198099999999999,1.117472433664473,0.07901723356331833,-41.829004999999995,14.851797180980322,1.0501806499478434,-113.759285,11.56725409739818,0.817928381197813,0.501833448,0.11156349725390692,0.007888730544112436,-66.78757655199999,21.455686096283884,1.517146113369226
R:A:CYS:86,87.03121999999999,2.038393414333945,0.14413618060015324,-8.790575,0.816234711571984,0.05771650995923956,-78.51826,1.263606090678579,0.08935044354674468,0.75709,0.5727770088786734,0.04050145070858573,0.009518183999999999,0.01180281929566593,0.0008345853561084809,0.48899318400000025,2.5973447935956298,0.18366001166310433
R:A:CYS:87,84.59859499999999,2.274482319336644,0.16083018716918474,-7.790254999999999,0.7201411389269468,0.050921668274664766,-73.70029000000001,1.3149816332937885,0.09298324300377997,-2.091875,0.9518259554009861,0.06730425875734017,0.17690979599999998,0.05589111331852305,0.003952098523559341,1.1930847960000002,2.88619927287999,0.20408510777091238
R:A:ALA:88,101.442475,2.411700051701082,0.17053294607457822,-3.887395,0.43263359667852885,0.030591814998051355,-81.148215,1.4706182403244563,0.10398841302700508,-3.1600750000000004,0.9367663259185826,0.06623938214442372,0.639975348,0.05465850147104012,0.003864939703966735,13.886765347999999,3.0077742066656303,0.21268175378112553
R:A:LYS:89,134.180525,3.4746174939660626,0.24569255920128105,-6.822005000000001,1.199038700365839,0.08478483959337896,-199.867235,12.98823354000747,0.918406801177384,58.41956999999999,12.113438426190147,0.8565494454644752,0.7938740160000001,0.1010973526062228,0.007148662358786762,-13.295270984000002,18.136992093617096,1.2824790099723447
R:A:GLN:90,30.06681,2.7463863300526383,0.19419883977382563,-6.0010200000000005,0.9351447960610164,0.06612472266860557,-76.55208,6.357458776398004,0.4495402211904959,-12.970100000000002,4.595270459940307,0.32493469036100164,0.9408673439999999,0.06690406813272916,0.004730832026561958,-64.51552265600002,8.363934630987544,0.5914194894972296
R:A:GLU:91,101.60853999999999,2.7238288764898577,0.19260378693577132,-8.177165,1.1333992137702409,0.08014342698484386,-7.885509999999999,10.642718194610811,0.7525538205666755,-128.85405,9.905652683569116,0.7004354184630444,0.38095473599999996,0.05777364234432779,0.004085213427552045,-42.927230264,14.835652361029654,1.0490390387810282
R:A:PRO:92,77.83130499999999,2.3594146396882003,0.1668358091354341,-5.49125,0.7762991353209148,0.05489263828146721,-53.733140000000006,1.330314921512948,0.09406747021154552,-5.515795000000001,1.1371915550930722,0.08041158601143868,0.526247172,0.07714883666764143,0.005455246556834262,13.617367172,3.039469058215459,0.21492291822708404
R:A:GLU:93,101.82699000000001,2.547159048803196,0.1801113436169416,-6.54539,0.7598013871400867,0.05372607132017006,-4.30124,11.699085692155606,0.8272502826605742,-140.718725,11.550019441515023,0.8167097069931732,0.733787244,0.09769076506161913,0.0069077802434372735,-49.004577755999996,16.65372078501238,1.1775958899069605
R:A:ARG:94,-198.67229,3.9797433479936877,0.28141035087483907,-14.18632,1.2292126494630617,0.08691845999556135,-51.11852999999999,8.09563976095157,0.5724481773012295,87.49307,7.09866808176717,0.5019516338010067,0.18798454800000003,0.03892179138879011,0.0027521862626941657,-176.296085452,11.54475237644987,0.8163372692507213
R:A:ASN:95,23.383605,5.0669092067033334,0.3582845859716477,-8.289539999999999,0.9279157819543754,0.06561355417899567,-89.83161,8.105826018852119,0.5731684545048689,-5.979285,3.0378402005001846,0.21480774059347815,0.195394932,0.07224438957973814,0.005108449777451559,-80.521435068,10.073366090382885,0.7122945471884359
R:A:GLU:96,98.29803,2.90527288547909,0.20543381585196724,-6.591019999999999,0.7936741394300307,0.05612123660433721,-3.1234299999999995,9.193704672497372,0.6500930918149338,-146.128215,8.703609545399827,0.6154381330352181,0.804436992,0.1070323622805212,0.007568330917497178,-56.740198008,13.01380074494574,0.9202146755761677
R:A:CYS:97,84.11799500000001,2.301071423266779,0.16271032073865196,-7.425149999999999,0.7135132497017838,0.050453005733058165,-70.525465,2.100175620936259,0.14850484232466968,-2.7285900000000005,1.3158866561752194,0.09304723778543886,0.154117872,0.05247063036172155,0.0037102338541906057,3.5929078719999996,3.456744038860927,0.2444287150704736
R:A:PHE:98,100.61227,3.1985714588078222,0.22617315686327588,-14.877059999999998,0.997548583478519,0.07053733679406955,-75.91590500000001,1.3536791887205035,0.09571957338953722,-0.709075,0.77171244604127,0.054568310372183966,0.019790712,0.01767592108709065,0.001249876366440009,9.130020711999999,3.6951674437075623,0.26128779570653776
R:A:LEU:99,72.37821000000001,4.3451052122934835,0.3072453360581735,-9.686209999999999,1.089826126453206,0.07706234443293299,-75.77751,3.4597729376217736,0.24464289055580582,0.29012499999999997,1.1614005077383944,0.0821234174695318,0.196613532,0.07816506436251029,0.005527104706261396,-12.598771468,5.778637381629149,0.4086113678568047
R:A:GLN:100,30.04009,2.86736569727337,0.2027533728683693,-6.246905000000001,0.8206814887488325,0.058030944588857075,-74.492805,4.175871518255201,0.29527870679220164,-10.449784999999999,3.4282878057092874,0.24241655552761862,0.986025528,0.11775627572817855,0.00832662610946679,-60.163379471999995,6.172538448976917,0.4364643794406272
R:A:HIS:101,106.8159,2.7119648338427984,0.19176487243496912,-9.683440000000001,1.0029525793376275,0.07091945700581752,-75.029255,3.789000010553576,0.26792276013783334,-6.37765,2.5133554379554037,0.1777210673710351,0.360184572,0.10030163240540811,0.007092396443794444,16.085739572,5.389267500443654,0.38107875951919823
R:A:LYS:102,123.132385,3.1748436161132405,0.22449534501604923,-10.965285,0.961977356165414,0.0680220711892471,-190.87940500000002,7.230343172421002,0.5112624687524745,67.47766,6.387188719178415,0.4516424456049276,0.09548474399999998,0.05353969374241941,0.003785828050791573,-11.139160256,10.202055726407842,0.7213942786186034
R:A:ASP:103,94.882795,3.0582745842999444,0.21625266972889604,-6.790194999999999,1.1207781167452369,0.0792509806556045,-72.59312,16.523700140271245,1.1684020419478904,-87.77046,14.72669230575556,1.0413343993847508,0.30438046799999996,0.08265317795346151,0.0058444622617511086,-71.966599532,22.372397081264577,1.5819673687560305
R:A:ASP:104,73.39869,2.728311557337248,0.19292076033827982,-6.73837,1.1936577788880698,0.08440435098678267,-57.261275000000005,7.645999091641,0.5406537806645534,-72.443585,7.350049121113069,0.5197269575593275,0.201563424,0.04877356240516602,0.003448811671931815,-62.842976576,11.016142968368726,0.7789589395454029
R:A:ASN:105,27.73942,2.8971531653676856,0.20485966493675614,-5.69333,0.8346267196178182,0.05901702132012425,-81.517685,3.3455088291282387,0.23656319795960443,-5.740455,2.3780536280696025,0.16815378464332878,0.48097778399999996,0.11066567976531,0.00782524526066696,-64.73107221599999,5.0941057606932265,0.36020767274676363
R:A:PRO:106,80.23949,2.72063710367627,0.19237809451572188,-7.41634,0.7920813622349664,0.05600861024878229,-57.138475,1.7483565309670106,0.12362747589785612,-0.6172949999999999,1.240907618630412,0.08774541919596145,0.16917516,0.03445579055573678,0.002436392315310488,15.236555159999998,3.553455869031276,0.25126727416391514
R:A:ASN:107,20.505455,6.906106618636509,0.48833548216351735,-3.6382299999999996,0.6862788989179254,0.04852724632101022,-75.81233,8.374417290838808,0.5921607254837997,-13.272045,3.059748424785116,0.21635688598904124,1.05535494,0.04720441264484921,0.003337856028310089,-71.16179506,11.298692003755264,0.7989381734393567
R:A:LEU:108,81.476085,3.228524786613075,0.22829117698429566,-8.091875,0.8838360477911048,0.06249664628502077,-72.47014000000001,2.0874432855529275,0.14760453025568016,-4.161335,1.0858844978979119,0.07678362920489627,0.256157136,0.04278438794845502,0.0030253130847268544,-2.9911078640000004,4.091812993549085,0.28933487150857845
R:A:PRO:109,96.31984,2.6503979803795508,0.18741143847695105,-3.20887,0.7092251568437206,0.05014979177922876,-71.3801,1.8956852270353322,0.13404518790318432,-1.8676400000000002,1.0200855603330536,0.07213094171019813,0.7690322159999999,0.048141894469725055,0.0034041460038709737,20.632262216,3.4877104882577536,0.24661837370625023
R:A:ARG:110,-192.40445,4.20422965803487,0.29728393008620563,-4.789165000000001,1.0266781373804548,0.07259710730376934,46.33121499999999,11.444843326528108,0.8092726325805629,-15.66338,9.25006200333814,0.654078156895642,1.362129552,0.24745167980771213,0.017497476080803553,-165.16365044799997,15.34076051515992,1.0847555788828414
R:A:LEU:111,76.43866499999999,4.485262643678182,0.3171559630747544,-6.794110000000001,0.9846927632007865,0.06962829302445954,-81.38788,3.7974507298449574,0.26852031622951733,-2.647835,1.5162850780031438,0.1072175460867996,0.40157657999999996,0.14227559731270714,0.010060403965718175,-13.989583419999999,6.150381748285279,0.4348976641098494
R:A:VAL:112,67.63049500000001,3.282337551193509,0.23209631405921768,-3.4822949999999997,0.7035773930243922,0.04975043456971004,-63.495194999999995,1.947942231426538,0.137740316120136,-4.219625,1.102268748706503,0.07794217069003788,0.931543992,0.08631600948525793,0.0061034635631988235,-2.635076008,4.035552841035966,0.28535667797331693
R:A:ARG:113,-181.74578000000002,4.616041466624838,0.32640342232887193,-6.903644999999999,1.4201223781685155,0.1004178163717724,22.137269999999997,8.020041307692873,0.5671025594065856,7.096924999999999,6.73447377672339,0.4761992075244088,0.5787669599999999,0.12172586629186749,0.008607318550078649,-158.83646304,11.533152353262942,0.8155170237449815
R:A:PRO:114,84.855255,2.531014417180392,0.17896974576691724,-5.4821100000000005,0.6038447382398889,0.04269827091932412,-65.84772,1.6115821485732589,0.11395606656953375,-1.4514250000000002,1.3727075997367393,0.09706508523601573,0.48325658400000004,0.0952330704427309,0.006733994990327118,12.557256584000001,3.355779337435039,0.23728943256660157
R:A:GLU:115,103.784555,2.7820277078014524,0.19671906576352738,-5.24176,0.7767880678795214,0.05492721103424057,-46.89086999999999,8.573534805615475,0.606240459978959,-105.89292999999999,8.161588200534256,0.5771114361849884,0.9393898319999999,0.0672079745950477,0.004752321458597143,-53.301615168,12.18460568912364,0.8615817308863511
R:A:VAL:116,43.10698,3.2912208007971753,0.23272445466259017,-6.3210500000000005,1.2081077052564477,0.0854261150790553,-47.257495,2.876507342242498,0.20339978478325635,-1.30228,1.5705273641678454,0.11105305492421179,0.303836508,0.18042691623848459,0.012758109598080965,-11.470008492000002,4.802610035259819,0.33959581233267816
R:A:ASP:117,89.97035,9.934571877413742,0.7024803142704427,-4.995475,1.1321923420404325,0.08005808826642688,-41.824884999999995,11.258674196004385,0.7961084871164701,-108.42263999999999,10.328383785007217,0.7303270213075783,0.788283504,0.1308046994711382,0.009249289000711022,-64.484366496,18.260009419999037,1.2911776485411555
R:A:VAL:118,53.685185000000004,3.225061322017769,0.22804627305412162,-5.49742,1.0289004585478616,0.07275424914051412,-57.79294,2.542850612285354,0.1798066911491338,-2.053445,1.2003258420008294,0.08487585425122389,0.568328616,0.06275262689272333,0.0044372808013113975,-11.090291384,4.401189150665072,0.3112110693719934
R:A:MET:119,80.24519500000001,2.5714104470066617,0.18182617642923418,-11.73094,1.096151703187109,0.07750963025327885,-65.56505999999999,1.5670375606219527,0.11080628854898082,-1.81477,0.9800308806869301,0.06929864815059525,0.026942795999999998,0.028204278326806803,0.001994343646335786,1.1613677960000006,3.3512032120107156,0.2369658516346916
R:A:CYS:120,95.68126000000001,2.1028391908084654,0.1486931851565498,-7.166169999999999,0.7394615278024949,0.05228782607357088,-85.13168000000002,2.42966135862593,0.17180300226713152,-2.3909900000000004,1.8994663618764085,0.1343125545118549,0.10662537600000001,0.05329049144610532,0.0037682067874304777,1.099045376,3.805627762600878,0.26909851976068694
R:A:THR:121,40.763475,3.4189770223525926,0.24175818372265084,-6.077395,0.9829497133500777,0.0695050407875213,-49.11460999999999,3.325003886899984,0.23511327958986067,-5.532419999999999,1.5831063494282374,0.11194252350201866,0.5090887080000001,0.10154360347475333,0.007180217060311594,-19.451861292,5.121306638276665,0.3621310652461111
R:A:ALA:122,82.59227999999999,2.0517447018574217,0.14508025919469542,-6.5166949999999995,0.774979323579023,0.05479931349820908,-67.60259500000001,1.4923274476384196,0.1055234857975939,-3.4715999999999996,1.0813917051651543,0.07646594078411642,0.12783168,0.04945963469995305,0.003497324309134627,5.129221680000001,2.865160512085606,0.2025974427283653
R:A:PHE:123,102.797335,3.1283541475950254,0.22120804317175038,-13.339400000000001,0.9866019359397183,0.06976329192347505,-75.52933499999999,2.0296871563802634,0.14352055519637247,-5.145565,2.0510561171686645,0.14503156890441127,0.193849092,0.07394071978383451,0.00522839843649637,8.976884092,4.3694291882770155,0.30896530089451096
R:A:HIS:124,106.31515999999999,3.0196498993095204,0.2135214920611037,-8.27082,0.9485305886475143,0.0670712411395525,-75.084765,3.3574780981824737,0.237409553091014,-15.967375000000002,2.6636567016744106,0.18834897165069683,0.863950176,0.10456746558887724,0.007394036400938605,7.856150175999999,5.328851316279117,0.37680669016758234
R:A:ASP:125,93.17451499999999,4.436958205772847,0.31374032351432773,-5.336024999999999,0.6980793037864681,0.04936166095133955,-20.297455,6.58152800404093,0.4653843082226504,-133.94651000000002,5.352612733039819,0.37848687605979153,0.7766777519999999,0.05550259970769744,0.003924626462679535,-65.62879724800001,9.599164927773629,0.6787634614156808
R:A:ASN:126,24.460695,6.74029342625193,0.4766107188889848,-5.983879999999999,0.9181687293738553,0.0649243334813689,-91.76705,8.396271686141416,0.5937060645955202,-5.713824999999999,4.013125803457325,0.28377084693793864,0.5361353640000001,0.0749107375545182,0.005296989050848559,-78.467924636,11.52747838202488,0.8151158133911123
R:A:GLU:127,101.145095,3.047096532106425,0.21546226207824656,-6.8800099999999995,1.3113216042985032,0.09272443987158942,-38.39057,18.01475222935636,1.2738353462773357,-113.17196,17.657089757329775,1.2485447903427414,0.6367466519999999,0.2157782680492484,0.015257827657031209,-56.660698348000004,25.44317272806867,1.7991039970917986
R:A:GLU:128,104.14622500000002,3.3320030138604317,0.23560819260347252,-4.891839999999999,1.2813966343018075,0.09060842495044266,-36.56218,14.880033379586218,1.0521772506987594,-117.119085,14.291330093024056,1.0105496420952682,0.898889184,0.16776641487056146,0.011862876961032965,-53.527990816,20.938717157316695,1.4805908891285744
R:A:THR:129,38.92447,4.941734489943789,0.3494333968662698,-6.199555,0.8477520374348858,0.05994512144349196,-52.409625,3.315887182093957,0.2344686312108189,-0.9266549999999999,1.7943543005702636,0.1268800093784478,0.41744019600000004,0.0839356881883075,0.005935149430151184,-20.193924803999998,6.273857158572917,0.4436286941022674
R:A:PHE:130,89.76637999999998,3.265314414508961,0.23089259652054672,-12.844899999999997,1.0915838309539034,0.0771866329101095,-66.62165,1.869425349539264,0.13218833415812456,-0.2587,0.8329001140593031,0.058894931870238205,0.19598147999999999,0.05449028594005357,0.0038530450697005863,10.23711148,4.005655553634365,0.28324262050724136
R:A:LEU:131,81.79963500000001,4.664002801433014,0.3297948008366339,-9.26187,1.166708786758718,0.08249876947870191,-79.57468,3.7694118609671725,0.26653766879748914,0.003829999999999956,1.2792836710831574,0.09045901588841214,0.24748851600000002,0.09219421120884838,0.00651911519319215,-6.785596484,6.24240849241344,0.4414049375922036
R:A:LYS:132,142.32477,3.078847962647717,0.2177074272630587,-9.76359,0.964564063139406,0.06820497899347232,-171.32276,13.292341963792534,0.9399105140448211,33.721475,12.030063022252834,0.8506539141136511,0.440326188,0.13257141073747633,0.009374214352393658,-4.599778812,18.21636722811988,1.2880916795587958
R:A:LYS:133,128.722085,3.5418603724278857,0.25044734873596686,-9.00824,0.9952963691283114,0.07037808119009781,-144.163135,6.032899375654711,0.4265904058741535,8.129785,5.807782824690934,0.4106722618997721,0.761142528,0.07481544435766466,0.0052902508042789505,-15.558362472,9.146977824748426,0.6467890047242587
R:A:TYR:134,84.95817,3.236480165411183,0.22885370721380066,-15.003175,0.8120370400265002,0.05741968975773902,-81.93134999999998,1.4258272256833924,0.10082121000811287,-2.9368199999999995,0.7790806810594137,0.05508932326685453,0.166194396,0.05488463785554555,0.003880929961062415,-14.746980604,3.711761081218393,0.2624611430673837
R:A:LEU:135,70.037075,3.9461978041369132,0.2790383227208674,-10.808045,0.9375054255709672,0.0662916443820411,-73.886915,2.905085130899782,0.20542053959834447,-0.71706,0.6557576354111326,0.046369067081406756,0.060911388,0.030151634951250256,0.0021320425537890374,-15.314033612000003,5.032081114967766,0.35582186798744697
R:A:TYR:136,90.565405,3.2200157143987664,0.2276894947178613,-16.531095,1.0235773424490207,0.07237784799146074,-88.33364000000002,2.0147201494004072,0.1424622279834202,-4.22511,1.0483072344975972,0.07412651542801672,0.074511432,0.0541151415377598,0.003826518354621977,-18.449928568,4.071509003280436,0.2878991625881677
R:A:GLU:137,102.41622,2.787762217550126,0.19712455683653415,-8.846365,1.313101245820367,0.09285027953040852,-106.928885,8.684508317214913,0.6140874722373637,-47.528999999999996,7.962755155723426,0.5630518167540177,0.246759444,0.07129873792400862,0.005041582107610896,-60.641270556,12.178960996537413,0.8611825908458076
R:A:ILE:138,75.49101999999999,2.996900957589356,0.21191289896558912,-10.410675000000001,0.9727659016305003,0.06878493655499728,-63.021485000000006,1.4629475963871705,0.10344601659259287,0.8421649999999999,0.591422461337917,0.041819883295807984,0.048927851999999994,0.03827294375659777,0.0027063058066261617,2.9499528519999996,3.524081421413074,0.24919018705347118
R:A:ALA:139,97.82798999999999,1.9794376297069833,0.1399673770901634,-8.386995,0.6789783464699003,0.04801101930676956,-78.20794,1.4408474542435088,0.10188330055509588,-0.46956500000000007,0.6985316068546934,0.04939364360800891,1.9152000000000002e-05,0.00013406399999999998,9.479756351299329e-06,10.763509152000001,2.634990082528425,0.186321935571515
R:A:ARG:140,-173.152075,4.0431289936601065,0.2858923928629003,-14.637179999999999,1.2634059116530998,0.0893362887521079,-17.922445000000003,7.72374580155089,0.546151303243776,38.752025,5.541334512946769,0.3918315210927715,0.170395596,0.0328416042731165,0.002322252108656577,-166.789279404,10.407055420208746,0.7358899459813819
R:A:ARG:141,-189.03488,4.0550784919160305,0.28673734998775435,-11.980045,1.3379494209330187,0.0946073108426352,4.956065,6.8817526925031975,0.48661339953177923,18.632925,5.971973903105655,0.4222823243955103,0.22517521199999999,0.037864342992866735,0.00267741336954294,-177.200759788,10.062713170770362,0.7115412720186908
R:A:HIS:142,116.410835,2.987231585896045,0.2112291711361738,-11.183845000000002,1.145480925626874,0.0809977330230606,-82.261705,2.695038407513889,0.1905679933511265,-8.258980000000001,1.5045846468710227,0.1063902006671667,0.191299536,0.055568897764953946,0.003929314443266092,14.897604536,4.445871565702703,0.31437059323928346
R:A:PRO:143,78.32147,2.412031411300442,0.1705563767365501,-10.09217,0.8771611659780658,0.06202466086565891,-58.112465,1.5179057509526075,0.10733214497006476,-0.62506,0.75981678475801,0.05372716009617482,0.005278212,0.006858114094578479,0.00048494189824274816,9.497053212,3.0771275061498407,0.2175857726174202
R:A:TYR:144,83.12206,3.2760248864134107,0.23164994125188118,-13.31391,0.7682655542844544,0.05432457831865793,-77.40772500000001,1.8035857865305438,0.12753277401074203,-5.148965,1.1792009089951552,0.0833820959131815,0.160251804,0.05054532347342911,0.00357409409853293,-12.588288195999999,3.996068357920699,0.2825647033970718
R:A:PHE:145,102.02992,3.3071458349458975,0.23385052462630906,-13.60272,1.0181208580517345,0.07199201627958478,-75.297505,1.7702155038229102,0.12517313869147403,-4.774719999999999,0.8229626368189505,0.058192246115784184,0.036819647999999996,0.021436005494403478,0.001515754484664479,8.391794648,3.9730559509156875,0.2809374804926049
R:A:TYR:146,81.656685,3.1189763265813673,0.22054493108859927,-14.42972,1.252654102935044,0.0885760210666521,-82.19664,2.3014258841857154,0.16273538491059653,0.5096050000000001,0.9330873533464057,0.06597923949906516,0.07059009599999999,0.04645893601154878,0.0032851428700478038,-14.389479904,4.179297449271267,0.2955209566975354
R:A:ALA:147,95.85755999999999,2.0404985631947894,0.14428503710364424,-6.529755,0.7794897273056266,0.05511824720430613,-71.52684,1.343868082960526,0.09502582344815538,1.77029,0.59973357909992,0.04240756806868321,0.001943964,0.002827099551466839,0.00019990612639316486,19.573198964,2.633801132235855,0.186237864090078
R:A:PRO:148,82.251365,2.413267789072527,0.17064380184722508,-9.48124,0.8521710229760221,0.06025759090770224,-62.439004999999995,1.3506955485878378,0.0955085981724944,-0.43217999999999995,1.0770225798932909,0.07615699697335761,0.060444648000000004,0.051584632607311415,0.0036475843521646596,9.959384647999999,3.0882153343106165,0.21836980046553178
R:A:GLU:149,92.15673999999999,2.7738939313535402,0.19614392091522997,-8.36694,1.021922020704124,0.07226079906837454,-53.556144999999994,8.655742046986786,0.6120533897625884,-83.18179999999998,7.552869388517188,0.5340685162036796,0.391231188,0.11207315856742799,0.007924769041202354,-52.556913812000005,11.86250727863407,0.8388059338596928
R:A:LEU:150,72.882015,2.821569494939829,0.19951509234610548,-12.071545,0.9652096342116566,0.06825062776176494,-76.63992,1.5038949609597072,0.1063414325086887,1.86529,0.5388996343476213,0.038105958582615396,0.00082818,0.0023172959723781507,0.0001638575696084865,-13.96333182,3.383046303571771,0.23921749823236826
R:A:LEU:151,69.30876500000001,3.6287809302539884,0.25659356032230235,-9.80115,1.0025706346687,0.07089244943927385,-76.274735,2.2330348821223103,0.15789941077747882,1.6749049999999999,1.0436349534080391,0.07379613526381311,0.21382876799999997,0.09979212080418662,0.00705636853296275,-14.878386231999999,4.500975014971712,0.31826699550377197
R:A:PHE:152,98.738335,3.202600582772538,0.22645805895104507,-11.521994999999999,1.4653776902133455,0.10361785017493365,-81.44348,1.7824846674235377,0.12604069956962313,0.6483099999999999,0.7984220086520661,0.05645696165664603,0.30440592,0.18878231204279705,0.013348925301353662,6.725575920000001,4.031668429148188,0.28508200857463994
R:A:PHE:153,93.29876,3.356145418839893,0.2373153184309854,-13.748845000000001,0.8338959473309605,0.058965347916170224,-73.6158,1.6046075034101015,0.1134628846804099,0.273705,0.6306343298417872,0.044592581108016165,0.034944552,0.02372483207367538,0.001677598964180796,6.242764552000001,3.864210435393875,0.27324094027988305
R:A:ALA:154,100.80189000000001,2.0935771631110236,0.14803826089730995,-7.169359999999999,0.7616642570056704,0.05385779611161229,-83.765345,1.767695979509769,0.12499498141875541,0.846275,0.6252738674972752,0.04421353918060621,0.024840360000000002,0.025639238352962047,0.001812967930383767,10.73830036,2.911970404072357,0.20590740193340945
R:A:LYS:155,146.05957,3.4020495506532527,0.24056123071995617,-8.006504999999999,0.8525088972996118,0.06028148223024215,-158.92943499999998,13.1860943165812,0.932397670861996,18.187359999999998,12.574601114564231,0.8891585718824286,0.801060444,0.13112973980725373,0.009272272823293667,-1.8879495559999995,18.55563483392341,1.312081522028856
R:A:ARG:156,-188.54520499999998,3.812634074098247,0.26959394079777643,-9.524469999999999,1.2485611435168082,0.08828660513067653,-23.328289999999996,10.26617430817829,0.7259281470155982,41.343424999999996,8.50041154617675,0.6010698647178004,0.5260408560000001,0.0976837455626025,0.006907283889901754,-179.52849914400002,13.919624887420534,0.9842661149468093
R:A:TYR:157,96.754905,3.4209104410923996,0.2418948970728299,-14.599834999999999,0.8702550245617661,0.06153632292292902,-87.31243500000001,1.663840967693427,0.11765132310720094,-4.718724999999999,0.7930047915208331,0.05607390655978055,0.12589686,0.06714071347929212,0.004747565379491049,-9.75019314,3.982675394041862,0.28161767783918057
R:A:LYS:158,120.087235,3.0903472975986044,0.21852055303534948,-8.97399,1.1568156940066123,0.08179922218150977,-153.348445,19.205265346695292,1.358017336113525,28.318455,18.116927138396704,1.2810602033822902,0.542991168,0.16226061900440222,0.01147355840175396,-13.373753832,26.607894758005653,1.8814622816483788
R:A:ALA:159,81.64186,2.1323363361346166,0.15077894830512648,-5.231835000000001,0.669041185410136,0.04730835590965934,-71.355025,2.1252428130392538,0.15027736047680304,-4.705335,1.199124135681957,0.08479088078251695,0.348041592,0.05097951875036813,0.003604796341001205,0.697706592,3.3093245499130215,0.23400458303906166
R:A:ALA:160,93.937945,2.1844492651409873,0.15446388885391626,-7.320630000000001,0.5476684152842849,0.038726005028920804,-78.831555,1.4172924387630805,0.10021770943737938,-2.7848800000000007,0.7927733570195205,0.056057541669252677,0.030274344,0.022777067626471675,0.0016105818974222702,5.031154344,2.7765960333580506,0.19633498838031468
R:A:PHE:161,111.74882000000001,3.267277011151641,0.23103137306002403,-14.42066,0.9350716573610816,0.06611955098153646,-89.826885,1.651738027586397,0.1167955160050034,-1.7441000000000002,0.915319135602441,0.0647228367734295,0.006432768,0.013300497728994054,0.000940487213732797,5.763607767999999,3.887889222575,0.2749152833784877
R:A:THR:162,38.270464999999994,3.858276039732642,0.2728213151384528,-5.820265000000001,0.7552715768351143,0.053405765361756584,-49.618154999999994,4.583419291421526,0.32409668619854015,-6.142720000000001,2.3156020538080373,0.16373779147771597,0.5997433679999999,0.0719470575812227,0.005087425230210158,-22.710931632,6.467739234479046,0.4573382271646423
R:A:GLU:163,82.955805,2.9109413918825298,0.2058346397836744,-5.711344999999999,1.1507735467827716,0.08137197785401924,-34.09245,12.243046538647969,0.8657141229860467,-99.11422999999999,11.881462188093687,0.8401462483612601,0.7588349999999999,0.07826041816559888,0.005533847238338984,-55.203385,17.34546962496552,1.2265099194678402
R:A:CYS:164,83.963055,2.1771969805176106,0.1539510748902878,-7.820435,0.7572169608342116,0.05354332478353394,-74.05548999999999,1.5676554468058346,0.11084997970004326,0.08563000000000001,0.7958457533341496,0.05627479289610936,0.0033096959999999996,0.008564307260834585,0.000605587974030132,2.1760696960000003,2.8990604733445733,0.204994531977183
R:A:CYS:165,87.73666499999999,2.2471046955527014,0.15889429682614475,-6.598845,0.7224621173286527,0.05108578623134814,-79.75484,2.380634590692154,0.1683362862605683,0.18821499999999997,1.6626049677463977,0.11756392471279188,0.137457576,0.04846212043248029,0.0034267893988485956,1.7086525759999995,3.742386395609332,0.26462667981556404
R:A:GLN:166,27.085995000000004,2.915364379451564,0.20614739223399117,-4.47201,1.274149057175023,0.09009594385709047,-70.37491,2.8596896076147846,0.20221059136331113,-9.01703,1.6023209288716165,0.11330119944422476,1.011226896,0.04127405834576949,0.0029185166543382822,-55.766728103999995,4.568343884140875,0.3230306939268104
R:A:ALA:167,87.64646499999999,2.457395566199101,0.17376410689171395,-4.8389999999999995,0.6629435873435989,0.04687719061547951,-74.88456000000001,3.0171965607828737,0.21334801483022992,-2.531305,1.8152672122789526,0.12835877554680475,0.240085728,0.05151485349788366,0.003642650224018507,5.631685728,4.345067443352394,0.30724266539073725
R:A:ALA:168,89.146705,2.5257277660062654,0.17859592307741798,-2.16531,0.2982968385685641,0.021092771735834053,-72.890825,2.180400654552965,0.15417760885379883,-6.33073,1.6031079836055961,0.11335685261818096,0.88186194,0.048120766088228475,0.003402652001687801,8.64170194,3.714121643333578,0.26262806001528965
R:A:ASP:169,115.81264500000002,8.556983516927856,0.60507010713212,-4.69491,0.7685320955561974,0.05434342563272949,-77.6138,11.92201087442886,0.8430134734688408,-89.951425,6.974644879445475,0.49318186906239253,0.6909896520000001,0.0713838641714309,0.005047601442291822,-55.756500348,16.26645992929359,1.1502124121902744
R:A:LYS:170,119.425,3.867780346658791,0.27349337112624866,-8.913035,1.0220165183474288,0.07226748106081324,-149.51846,9.24493403753645,0.6537155549564351,25.496394999999996,8.875016564997217,0.6275584396252472,0.582050556,0.11311119294609027,0.00799816915602804,-12.928049444,13.425787168844876,0.9493465149857551
R:A:ALA:171,82.56086499999999,2.381965219472149,0.16843037592392596,-5.316395,0.5393210351682938,0.0381357561204049,-75.141025,2.1315133366636485,0.15072075345444302,-0.544535,1.2120004904186301,0.08570137655764345,0.275464836,0.07030444279848254,0.004971274825034874,1.8343748360000007,3.4614827016146137,0.2447637891271624
R:A:ALA:172,90.20801999999999,2.09085618338517,0.14784585857574775,-4.19511,0.41493061817609944,0.029340025383424603,-78.51128,1.8871974940636183,0.13344501454906438,-2.0853550000000003,1.081515274499163,0.07647467845551885,0.519672204,0.05048246294562087,0.003569649187984713,5.9359472040000005,3.0459128594134235,0.21537856377945389
R:A:CYS:173,87.58885500000001,2.3580916551260263,0.16674225999990228,-6.709014999999999,0.6278343051912662,0.04439458946622887,-73.11113999999999,2.30374963275092,0.16289969874741939,-1.2418950000000002,1.430957041275174,0.10118394274723139,0.274756968,0.04748497486884642,0.003357694773423409,6.801561968000001,3.648551413364391,0.2579915445897723
R:A:LEU:174,75.35788000000001,2.5934474133091654,0.18338442526016216,-12.15991,1.0183787615126307,0.0720102528081939,-75.68002,1.365775340090749,0.09657490045555318,-0.590155,0.6987718733427956,0.049410633014311804,0.0017500319999999999,0.004592633746400425,0.0003247482465585919,-13.070454968000002,3.1806776464080313,0.22490787325435868
R:A:LEU:175,78.03413499999999,3.771558608423711,0.26668946676589045,-7.8947199999999995,1.229850060617147,0.08696353177050711,-70.93719,2.327496370330145,0.16457884666475212,-1.3000200000000002,0.8072832028476747,0.0570835427071586,0.36793717200000003,0.09005789273604403,0.006368054665302745,-1.7298578279999988,4.670571855342668,0.33025930309318347
R:A:PRO:176,94.23153000000002,2.735140160777871,0.19340361551816962,-6.32388,0.6063782693995555,0.042877418625658886,-64.09797,1.949801364011216,0.13787177664591108,-3.6006549999999997,1.2638580837954076,0.08936826215091685,0.59064858,0.046371177282096256,0.003278937390777384,20.79967358,3.640041099473675,0.25738977452355716
R:A:LYS:177,123.498225,3.461755478709466,0.24478307738051464,-8.984265,1.005403384107593,0.07109275507303821,-162.572125,11.369189146960965,0.8039230742408597,37.524260000000005,10.570493242152894,0.7474467452012885,0.606529728,0.10372183568258912,0.007334241336827558,-9.927375271999999,15.937350294830141,1.1269408467619815
R:A:LEU:178,63.52317,2.8733746764214376,0.20317827185873003,-11.50262,1.0416754463843334,0.0736575771933886,-73.7279,1.636419683333099,0.1157123454951977,-0.22640999999999997,0.8811777697491012,0.062308677642042766,0.02619306,0.025518204204520348,0.0018044095236719405,-21.907566940000002,3.577200663556047,0.25294628468654984
R:A:ASP:179,86.65646499999998,4.316512658243341,0.3052235371721437,-6.339759999999999,1.5222295432686883,0.10763788325677905,-113.462265,12.658572857742495,0.8950962707853691,-39.815315,10.137680334069278,0.7168422509721891,0.360061992,0.06698962281700603,0.004736881656303403,-72.600813008,16.851290196044047,1.191566156936513
R:A:GLU:180,98.92901000000002,2.9587882553335914,0.20921792394414965,-6.857864999999999,0.7794840388199107,0.05511784496762369,-57.068554999999996,14.358798298150687,1.0153203646312208,-88.44580500000001,13.909979830933437,0.9835841064621139,0.8303753159999999,0.11628041207465745,0.008222266789715637,-52.61283968400001,20.224692133747237,1.4301016955182895
R:A:LEU:181,79.74456,3.975325273031127,0.2810979457982573,-10.322359999999998,0.9091924880903933,0.06428961737325864,-76.94643,2.689162404002406,0.19015249715820193,-0.7201099999999999,0.7731293021868981,0.054668497231037914,0.083753136,0.03366489149830583,0.0023804673066361404,-8.160586864,4.945735403832233,0.349716304200416
R:A:ARG:182,-193.347475,4.19577666223728,0.2966862130212239,-8.864139999999999,1.4984664228470386,0.10595757689754895,30.841260000000002,14.515617461630766,1.0264091540228975,-4.015795,10.882199584320029,0.769487712029812,0.8478743400000001,0.24770432317468744,0.017515340664604556,-174.53827566,18.682524426235055,1.321053971147412
R:A:ASP:183,91.185785,10.767161852539182,0.7613533160063565,-6.2124250000000005,1.3309126922435595,0.09410973898526655,-120.86725,15.999271197385836,1.1313193157714139,-37.531614999999995,14.101338593083105,0.9971152142976633,0.42665425199999996,0.1285640337631785,0.009090850009063976,-72.99885074800001,23.927892941673793,1.6919575358563266
R:A:GLU:184,100.40177,2.9254102254384775,0.20685774081600142,-5.525354999999999,1.3276140399133325,0.09387648904211851,-88.3545,7.732683424271292,0.5467832886071043,-66.279835,7.515185735414328,0.5314038795387882,0.441899424,0.07282748170265002,0.005149680616868304,-59.316020576,11.251590885112254,0.7956076213999623
R:A:GLY:185,88.34108499999998,1.9522373646088735,0.1380440279000689,-5.492840000000001,0.6251427792112775,0.044204269839009894,-78.957015,2.3671329039103406,0.1673815728324806,-2.33911,1.0648271821755866,0.07529465213081205,0.013059144,0.012639853539786921,0.0008937726151188118,1.5651791440000005,3.307471708230852,0.23387356734726894
R:A:LYS:186,118.75858,3.458119525638175,0.24452597667323606,-8.789965,1.0502724950102236,0.07426548033154434,-108.00291499999999,17.215549868005233,1.2173232053521672,-10.526895000000001,17.387317327982917,1.2294689989259082,0.537556212,0.14997788154777442,0.010605037707042407,-8.023638788000001,24.734148811998335,1.748968435184121
R:A:ALA:187,93.054915,2.0884497019978716,0.14767569464497193,-6.14609,0.6560734500800959,0.04639139855080897,-87.265085,1.5062121025190973,0.1065052791596501,0.944065,1.0098467907435265,0.071406951369422,0.20556828,0.0562408220909332,0.003976826668000505,0.7933732799999995,2.843181844042772,0.2010433162069117
R:A:SER:188,86.15117000000001,4.858084435361329,0.34351844478208154,-6.717639999999999,0.9558043891926841,0.0675855765086013,-81.667375,5.429831014347959,0.38394703309424716,-2.08373,1.9680542007526114,0.13916244710948425,0.179214948,0.0745132780772749,0.0052688844216879985,-4.1383600519999995,7.607654094501458,0.5379423799143584
R:A:SER:189,63.07378499999999,4.852612947554647,0.3431315521689531,-7.877269999999999,0.9673708994486034,0.06840345229226373,-58.060435,6.088104897730902,0.4304940257760553,-1.72084,1.6443987364383372,0.11627654975101386,0.062353872,0.02165436849849046,0.001531195080759496,-4.522406127999999,8.01580914429261,0.5668033002626441
R:A:ALA:190,96.15387500000001,2.245937750556546,0.15881178135413943,-7.4193549999999995,0.6305749193989562,0.04458838015531625,-76.77051,1.379171501264437,0.09752215209633144,-0.8213749999999999,0.6516447608743586,0.046078242933894516,0.054808956,0.018990999973789266,0.0013428664862979935,11.197443955999999,2.7872884118269856,0.1970910537125544
R:A:LYS:191,129.85417,3.360269231936631,0.23760691605149034,-9.204445,0.7888799509272624,0.0557822362842778,-119.23426500000001,8.177026777794909,0.5782031084522764,-11.292860000000001,7.755870028591248,0.5484228291218374,0.7323144840000001,0.08391208965900054,0.0059334807621412855,-9.145085516000002,11.787199368469212,0.833480860464237
R:A:GLN:192,40.201605,2.6116603701429097,0.18467227578842202,-11.387105000000002,1.1599890490754643,0.08202361227033957,-89.9896,2.8531083049894903,0.2017452229917725,2.6932450000000006,1.621292498278765,0.11464269198197936,0.043825355999999996,0.022808496796020206,0.001612804275313753,-58.43802964400001,4.351514802393656,0.30769856252061933
R:A:ARG:193,-190.74779999999998,3.878615763387757,0.27425955079085207,-11.008425000000003,1.5845364225460392,0.11204364494193769,-34.260619999999996,9.678261912946974,0.6843564628744293,55.984759999999994,7.511833733010868,0.5311668571757843,0.12769203599999998,0.05189046184732127,0.003669209745114269,-179.904392964,12.948108287406532,0.9155695173562893
R:A:LEU:194,81.11297,3.311401638143582,0.23415145535635687,-10.231795,0.9390260981330604,0.06639917217010315,-83.68353499999999,2.5015817073953435,0.1768885388991469,-2.97592,0.6402322419247566,0.04527125597992616,0.20804965199999997,0.03525328000391022,0.0024927833349833034,-15.570230348,4.303045663039265,0.3042712768090428
R:A:LYS:195,124.75822500000002,3.223873109223594,0.22796225372169623,-12.48096,0.8501953707236943,0.060117891197213495,-130.96959,8.316098990626555,0.588036998929064,7.722849999999998,8.012423457824731,0.5665638960766033,0.211514544,0.07311569389818347,0.00517006029665654,-10.757960456000001,12.019898834302609,0.8499351974911652
R:A:CYS:196,81.41790999999999,2.2448925145538703,0.1587378720075962,-8.22981,0.7817156541223925,0.05527564399896215,-76.446595,1.730933756957498,0.12239549973293541,-2.82208,0.6340645184837266,0.04483513207296261,0.023440248,0.016808856284592836,0.001188565626282571,-6.057134752,3.008167845720148,0.21270958826560446
R:A:ALA:197,98.27932499999999,2.102200630143327,0.148648032098898,-6.80564,0.6331764765055632,0.04477233802248884,-84.35682500000001,1.4960080161466383,0.10578374129267219,-2.38117,0.7365439573440271,0.052081522687993674,0.066995064,0.03639076784690183,0.002573215871712966,4.802685063999999,2.7571763115975174,0.19496180668575178
R:A:SER:198,79.437135,2.544504568039719,0.1799236434821032,-8.417340000000001,0.7439205094632088,0.05260312369051861,-71.33541000000001,1.8487026320909485,0.13072301675489287,-1.796885,0.9059170612009688,0.06405800971677936,0.057900563999999995,0.015339025983115876,0.0010846329289457884,-2.054599436,3.356567242074574,0.23734514583795588
R:A:LEU:199,62.49421,3.5809862630147022,0.25321396699135695,-11.11143,0.9022609074430743,0.06379948060525258,-59.95134,2.2443130718328934,0.158696899219865,-4.162435,1.516126602818841,0.10720634019905258,0.111247452,0.041081121154833346,0.002904873934732879,-12.619747548,4.579825985743382,0.32384260111735097
R:A:GLN:200,40.48752,3.393823713689325,0.23997957621014335,-7.00459,0.9541408763384996,0.06746794838662282,-78.7693,2.849919295348555,0.201519725957535,-6.409414999999999,2.5887853991350847,0.18305477107651413,0.5814988200000001,0.10466085689069242,0.007400640163220341,-51.11428618,5.221420107522483,0.36921015654529393
R:A:LYS:201,123.335935,3.7072128197306133,0.26213953241332183,-6.230895,0.9091888824523758,0.06428936241614938,-149.96982500000001,7.558924036817343,0.5344966444907535,24.112675,7.051079606654218,0.49858662045513713,0.9887419439999999,0.16997820548560236,0.012019274175278984,-7.763368056000002,11.020617048007798,0.7792753047506386
R:A:PHE:202,95.17519,3.240114262475939,0.22911067668159854,-10.00106,0.8873846834377975,0.06274757271799444,-76.08118,2.0994318582892846,0.1484522503635428,-4.633719999999999,1.0724973620480378,0.07583701575088513,0.459619524,0.06220801688457062,0.004398771058324713,4.9188495240000005,4.104573859350652,0.29023720098278843
R:A:GLY:203,80.037015,1.801541704977989,0.12738823561803106,-3.39919,0.6167561381129498,0.04361124475980937,-78.511055,2.624568214387845,0.18558499820803134,-0.43548499999999996,2.2134648923746227,0.15651560353164473,0.28782648,0.04950026484409149,0.0035001972941787153,-2.02088852,3.9263438548660803,0.27763443650459346
R:A:GLU:204,103.68014,2.5645407464885404,0.18134041524712574,-6.50436,0.9985879582690751,0.07061083169032921,-36.61232,10.432818169967307,0.7377116474870109,-110.21177,9.537955742039275,0.674435318385314,0.61937118,0.06314193827646092,0.004464809273254794,-49.02893882,14.401191921499736,1.018318046486139
R:A:ARG:205,-200.02919999999997,4.104488284792636,0.2902311499477614,-6.597695000000001,1.439297266715601,0.10177368574378644,-24.989005,11.162905086713538,0.7893365884556948,55.272394999999996,9.126606959268871,0.6453485670123356,0.74192634,0.10338911090432493,0.007310714142129617,-175.60157866,15.061025681346491,1.0649753390904846
R:A:ALA:206,86.55725999999999,2.1265646127968925,0.15037082583400274,-6.270245,0.5464063094209289,0.038636760667465374,-79.65279500000001,1.6863614271486997,0.11924376006682696,-0.14160499999999998,0.7833065676827943,0.05538813857564632,0.15814458,0.025745995974574377,0.0018205168342023095,0.6507595800000001,2.8773049552721583,0.2034561845414599
R:A:PHE:207,112.43366000000002,2.70638151124338,0.19137007190780905,-14.94664,0.9140151970290211,0.06463063439267791,-86.416185,1.523885990084232,0.10775501173437364,0.21470000000000003,0.5953534076496078,0.042097843175155664,0.008168544,0.011994610047052968,0.0008481470101959447,11.293703544,3.291920826241904,0.23277395393648725
R:A:LYS:208,120.65551500000001,3.1650652725931265,0.22380391171486483,-9.919679999999998,1.0371883954229337,0.07334029477715508,-180.531045,10.734828392805122,0.7590669951426389,54.96074499999999,9.655844568445321,0.6827713172430979,0.549230328,0.08133916194913011,0.00575154729902607,-14.285234672000001,14.81795832628745,1.047787881585752
R:A:ALA:209,89.54496999999999,2.161376635179533,0.15283240754336105,-6.655310000000001,0.6326797640987105,0.04473721515137034,-79.11461,1.272334758583605,0.08996765357338159,-2.37189,0.6177635291112611,0.04368247806043059,0.06839967599999999,0.018831675789069437,0.0013316005651557528,1.4715596759999996,2.659446331628639,0.18805125352962987
R:A:TRP:210,117.446855,3.7312705522348546,0.263840670992694,-15.67962,0.8777430749370797,0.0620658080427541,-83.80424,1.5817964288744617,0.11184989813137962,-6.067665,0.9137097256651042,0.06460903430538951,0.346839624,0.09033960357211794,0.006387974629554904,12.242169624,4.24710719063265,0.3003158294922494
R:A:ALA:211,99.28329,1.9767164227324063,0.13977495869968987,-7.479965,0.720996188460799,0.0509821294070285,-86.87455999999999,1.2385654227371279,0.0875798009360606,-0.344425,0.5102986913318512,0.03608356650713729,0.0031873680000000003,0.008292757505810476,0.0005863865067094228,4.587527368,2.4943458361416226,0.17637688553601702
R:A:VAL:212,49.614230000000006,3.1422208558756655,0.222188567517548,-9.149424999999999,1.1082953642305826,0.07836831676050596,-54.211705,2.4141107302638374,0.17070340679047677,-1.33807,0.44723161236656783,0.03162405058653935,0.059029811999999994,0.019105014338645653,0.0013509285193522565,-15.025940188,4.138862435032466,0.2926617694209723
R:A:ALA:213,95.478685,2.324985601197349,0.16440130847677276,-7.946535,0.6513421825546077,0.04605684741572093,-75.049215,1.6490297719492517,0.11660401341238219,-2.9217150000000003,0.5610240135457661,0.03967038843867047,2.0375999999999996e-05,0.000287438852321672,2.0324996165313288e-05,9.561240375999999,2.9772221784275854,0.21052139914651308
R:A:ARG:214,-187.933195,3.9199732291145826,0.2771839652376649,-11.42437,1.0263396334060182,0.07257317145819107,11.42419,11.256718496697872,0.7959701982923104,20.66278,9.396477254886536,0.6644312786195424,0.5492138400000001,0.11391420168600577,0.008054950448562673,-166.72138116000002,15.213153378603689,1.0757323917241703
R:A:LEU:215,71.00952,3.134345236185701,0.221631677108666,-10.541055000000002,1.0020108143004247,0.07085286416140847,-80.506925,1.9589515025581925,0.13851878914744742,-0.5877600000000001,0.660504362135482,0.04670471134692944,0.011961648,0.013694066559473705,0.000968316732622379,-20.614258352,3.88614079271569,0.27479165071749295
R:A:SER:216,77.931935,4.140980118374755,0.29281151224614616,-9.136205,0.8727498112145313,0.06171273097890742,-70.872375,3.0751780784817977,0.21744792726506962,-2.4779549999999997,0.8735761975780933,0.061771165319062904,0.001340424,0.0021707053245026142,0.00015349204549135436,-4.553259576,5.303703316840188,0.37502845807392815
R:A:GLN:217,38.441705,3.0382391722797264,0.21483595215855977,-12.032865000000001,1.0191033248768253,0.07206148717501604,-82.337315,3.365756584450961,0.23799493046885473,-0.7455750000000001,1.8772051338026434,0.13273844797900494,0.042081624,0.03258264835555612,0.002303941160123044,-56.631968375999996,5.012259668440358,0.3544202800622014
R:A:ARG:218,-193.67436999999998,4.142395592299219,0.2929116013672043,-12.535464999999999,1.1729555271940193,0.08294048073091329,-13.527365,8.192688991520123,0.5793105942056256,48.63468000000001,7.410930009627672,0.5240318864706612,0.32511718799999995,0.09543731031435376,0.0067484369301484375,-170.777402812,11.856914046726072,0.8384104326386034
R:A:PHE:219,104.24775000000001,2.6643204119437285,0.1883959030539146,-12.578015,0.8265676165777365,0.05844715667913196,-73.8078,1.352874543333564,0.09566267636858168,-2.3531549999999997,0.6248540157308745,0.0441838511774947,0.010409472,0.011387868801334865,0.0008052439252686604,15.519189472,3.162698062858014,0.22363652470924594
R:A:PRO:220,91.680695,2.676775362628512,0.18927660106277003,-9.738064999999999,0.8371914481019259,0.059198375010425734,-65.41759,2.1350263492285055,0.15096916095514343,-0.82756,0.9716003892547594,0.06870252238455296,0.00797508,0.01047592846367328,0.0007407600055888546,15.70545508,3.6562918970081117,0.2585388794371862
R:A:LYS:221,116.29442499999999,3.506258402396349,0.2479299092926769,-8.247245,1.1501051277926728,0.08132471349396198,-192.90781499999997,10.734900122533745,0.759072067200391,71.036045,9.423282802345211,0.6663267170576871,0.660552264,0.13219206903784472,0.009347390843574025,-13.164037736000001,14.753657307468426,1.0432411129413384
R:A:ALA:222,90.34279999999998,2.1504486252872907,0.15205968055339322,-6.415030000000001,0.7097994217382824,0.050190398439342955,-86.20437999999999,2.464584935765047,0.17427247208896765,0.766095,1.4420825066462044,0.10197063194800256,0.017120664000000004,0.0163980398380021,0.001159516516761844,-1.4933943360000013,3.644488203628258,0.25770423227399203
R:A:GLU:223,102.78908,2.816618517584517,0.1991650053799613,-6.30701,0.870903800600273,0.06158219831655898,0.12718999999999994,9.890961774969105,0.6993966143537584,-151.65384,9.081885939847517,0.642186313402894,0.758154528,0.0679962612376623,0.004808061741648299,-54.286425472,13.748025816579712,0.9721322282831236
R:A:PHE:224,88.70280000000001,3.4026317726136632,0.24060240002959238,-10.526265,1.0438400427148788,0.07381063726777462,-68.656075,1.865521795470372,0.13191231120284036,-2.9072050000000003,0.8227666455168197,0.05817838743790515,0.29836537199999996,0.07763298744328223,0.005489481186491496,6.911620372,4.102517326942613,0.290091782181643
R:A:ALA:225,90.89435499999999,2.2287031316384422,0.15759310976332372,-4.390465,0.5972310849034903,0.04223061500706567,-80.2778,2.547839912553377,0.1801594879544233,-1.342975,1.9582377777928297,0.13846832118529853,0.49798400400000004,0.07904587920691111,0.005589387721205956,5.381099004,3.9567959617782407,0.2797877256344941
R:A:GLU:226,112.247745,3.1185178803359452,0.2205125140437045,-8.129795,1.1885985752031676,0.08404661126348284,-12.234805,14.50313007136649,1.025526162189378,-144.770485,13.01245784622471,0.9201197182969588,0.245457216,0.08289185841458582,0.005861339519010881,-52.641882783999996,19.768905697329114,1.397872727521879
R:A:VAL:227,55.28536,3.1607604180639823,0.22349951253190686,-9.28834,0.9560190711486879,0.06760075681529017,-59.892365,2.151939948459297,0.15216513302617984,-0.41255500000000006,0.7240835359093589,0.051200437838704066,0.009440172,0.010751206393294474,0.0007602250946634687,-14.298459828,4.007447689239239,0.2833693436311426
R:A:SER:228,77.663195,4.3171824014019835,0.3052708951650566,-5.830440000000001,0.8532041352454874,0.060330642976848835,-68.06853,5.592064721469165,0.3954186885384909,-3.2070900000000004,1.6550243538691507,0.11702789436497607,0.26643214800000004,0.05075895017745438,0.00358919978763881,0.8235671479999996,7.306085895703536,0.5166182880783361
R:A:LYS:229,122.95753,3.444853201386091,0.24358790588922924,-7.638979999999999,1.0161559031959613,0.07185307298926051,-201.03447,14.398354473657744,1.0181174086251052,76.290915,13.720669564484636,0.9701978491466959,0.9019841399999998,0.14936678696998607,0.010561826795052359,-8.523020859999999,20.211167251859173,1.4291453419485098
R:A:LEU:230,79.09578499999999,4.204404003990934,0.2972962582069862,-10.047225,0.9380682407879503,0.06633144142768947,-84.85501000000001,3.716245808595013,0.2627782611813618,-1.643465,1.0122800841540842,0.0715790111965442,0.034362036,0.028753562810258905,0.0020331839246407394,-17.415552964,5.778668159636724,0.4086135441905914
R:A:VAL:231,62.50178,2.915867077148752,0.20618293832904802,-8.51767,1.2440543923398206,0.08796792969883968,-71.681735,1.8229392241034805,0.12890126870545146,-0.04087499999999999,0.7786243634609695,0.055057056740031064,0.040783644,0.02267865427890429,0.0016036230228798536,-17.697716356,3.738961055990007,0.2643844717282948
R:A:THR:232,32.485150000000004,3.5390343227355117,0.2502475168458221,-6.971465,0.8002156264251531,0.05658378958566668,-48.042325,4.064506244228811,0.2874039927469258,-1.407845,2.4023736347568834,0.16987346880803664,0.538738776,0.09643450273267666,0.0068189490822628315,-23.397746224000002,5.955335312972922,0.42110579840428636
R:A:ASP:233,75.016395,4.114686859163768,0.2909522980573877,-7.843084999999999,0.8712993732208235,0.061610169524803284,19.342565,16.111502062991367,1.1392552363842245,-148.00963,15.285183101065556,1.0808256622441477,0.39367918799999996,0.11150377501255757,0.007884507543927857,-61.10007581199999,22.603529918963257,1.5983109284451933
R:A:LEU:234,83.84416999999999,3.8283658408125003,0.27070634469014576,-11.13962,1.103212262259625,0.07800888717319326,-87.10888999999999,2.608748220488133,0.18446635571154973,-1.3081800000000001,0.9376543806755236,0.06630217709849352,0.013874975999999999,0.02164197493970049,0.0015303187238131539,-15.698645024,4.853729874774583,0.34321053085008396
R:A:THR:235,57.648540000000004,2.9383404871457626,0.20777204838957522,-8.18034,1.1076667433844893,0.07832386655419918,-70.94331,2.9949949689273265,0.21177812521481057,2.19949,1.2232608920013752,0.08649760718944774,0.069194196,0.028341299850839306,0.002004032531216976,-19.206425804000002,4.508651210270898,0.31880978447874864
R:A:LYS:236,132.84305999999998,3.8671247906422668,0.27344701631577545,-7.370640000000001,1.1479893947245332,0.08117510857399576,-250.02748,30.376687828984913,2.1479561953862096,114.359535,28.44275585309509,2.0112065539356903,0.784340856,0.17295447239273595,0.012229728026544512,-9.411184144,41.80952010038737,2.9563795181139167
R:A:VAL:237,55.501225000000005,3.100765875453192,0.21925725774047938,-9.42763,1.1907453183195809,0.08419840892499098,-64.79807999999998,2.4642173977959008,0.17424648322993494,0.8543000000000001,1.537296188117306,0.10870325593099774,0.013849667999999999,0.013390912767043775,0.0009468805223854168,-17.856335332,4.4123066187222,0.31199719307727536
R:A:HIS:238,113.62256000000001,3.0110479166562594,0.21291324003452672,-13.398734999999999,0.9299327474473624,0.0657561751767467,-93.75182000000001,2.295569654268848,0.16232128692195608,-1.8447300000000002,1.8631957484655228,0.13174783484179162,0.046186344,0.05464028370523769,0.0038636515133930386,4.673461344,4.321493777211577,0.30557575547217736
R:A:THR:239,38.47563,3.4639256376400462,0.24493653079012123,-7.726909999999999,0.7751679959208841,0.054812654647444316,-54.78448,5.9221914820106925,0.41876217564149704,-1.4771499999999997,3.2266603133115828,0.22815933881281303,0.27841752,0.06690461741912884,0.004730870866975761,-25.23449248,7.621537325233801,0.5389240725739202
R:A:GLU:240,87.40737499999999,2.9954742503274834,0.21181201552762532,-9.682755,1.1353876100147473,0.08028402783166151,29.622884999999997,11.229136883651165,0.7940198837301714,-163.26885499999997,10.28468934503979,0.7272373578274668,0.26014319999999996,0.0659636549409203,0.004664334772057425,-55.6612068,15.56067711537236,1.100306030813412
R:A:CYS:241,86.42235999999998,2.437368218058158,0.1723479595237495,-9.33455,0.5282124170255751,0.03735025819857207,-71.30385,1.471978086623574,0.10408456868095285,-2.23562,1.0476713347228699,0.07408155052373025,0.051492779999999995,0.023554643932770455,0.0016655648453296557,3.5998327800000003,3.0797177991255626,0.21776893399025948
R:A:CYS:242,92.08118999999999,2.3840311121921207,0.16857645659907552,-7.927940000000001,0.5658260301541455,0.040009942289386015,-82.73105,1.4118612210483017,0.09983366434975732,1.395215,1.0799164036049271,0.07636162121036326,0.010650960000000001,0.013410859449505838,0.0009482909658285267,2.8280659599999995,3.027129801928912,0.2140504010475824
R:A:HIS:243,110.843135,3.175032944203099,0.22450873253367004,-8.77833,0.8808798902801676,0.06228761438279684,-89.48989499999999,4.682836500880103,0.33112654449602047,-4.871835000000001,3.8861014240206084,0.2747888669303671,0.510783444,0.14100739974514692,0.009970728855727563,8.213858444000003,6.9215177986051515,0.48942521714970866
R:A:GLY:244,72.69415,1.6947566130568719,0.11983738935532598,-4.457525,0.5508142694003124,0.038948450506727475,-72.746655,1.8490735101598856,0.13074924179464675,-0.999025,1.2507382917201344,0.08844055275649852,0.06594778800000001,0.04298743276309317,0.0030396705212583945,-5.443107212,2.8567224885523204,0.2020007843623455
R:A:ASP:245,86.86694500000002,8.24313031086947,0.5828773341020175,-7.813695,0.7706444393979625,0.05449279089820046,25.76755,11.474564790766577,0.8113742574715443,-164.480775,6.731162614613838,0.47596507300628166,0.31562514,0.06647946825185352,0.004700808281056142,-59.34434986,15.669131979006496,1.107974947766248
R:A:LEU:246,66.07471,3.08947641937918,0.21845897264589523,-10.894740000000002,0.8742367198876972,0.061817871299487494,-64.487155,1.5254372786106283,0.1078647043980328,-2.093095,0.902123958209181,0.06378979683205614,0.033144516,0.01757979321360021,0.0012430790993193956,-11.367135484,3.667458243031464,0.2593284593366049
R:A:LEU:247,70.432,3.0625520109869155,0.2165551294705346,-10.492375,0.8986805685976526,0.06354631241759824,-70.870485,1.8506034555719924,0.13085742527222136,-5.2121699999999995,1.2467321168157977,0.08815727341235094,0.033274296,0.023752646172996897,0.0016795657180050801,-16.109755703999998,3.894417786197344,0.2753769225393644
R:A:GLU:248,98.351085,2.595565327202342,0.18353418438774557,-8.046035,1.198042091821068,0.08471436872735935,35.13973,9.969945272021306,0.7049815909905024,-184.04204500000003,9.23112225858671,0.6527389147008741,0.31633740000000005,0.08575282775343564,0.0060636406010376315,-58.2809276,13.884993505547373,0.9818173064503719
R:A:CYS:249,77.26061,2.0558126368665013,0.14536790563773003,-9.265215000000001,0.7636238660328788,0.05399636139477363,-67.917395,1.5380695429579898,0.10875794037620884,1.113785,1.6126075650247336,0.11402857446217154,0.002883348,0.0074902917027640506,0.0005296436056089792,1.1946683479999995,3.126612254324925,0.22108487271741126
R:A:ALA:250,90.225025,2.0139655668295324,0.14240887093813712,-6.580299999999999,0.6293711782406309,0.04450326280173174,-77.76931,1.7890785795766484,0.12650695956942443,-1.22315,1.3541367277716088,0.09575192628610664,0.09989395200000001,0.04236369798699939,0.002995565812274616,4.752158952,3.08033253215982,0.21781240217997377
R:A:ASP:251,104.18844000000001,2.8182734548655852,0.19928202711734946,-7.422619999999999,0.7824030454950952,0.05532424990905887,57.55007,8.707473614952846,0.6157113640136098,-216.26486,8.138384340911898,0.5754706755361214,0.338222196,0.06389304687659202,0.004517920671710817,-61.610747804,12.272420240072417,0.8677911573326244
R:A:ASP:252,93.010315,3.4007656616966413,0.24047044606120513,-7.147325,0.74372143936759,0.05258904730906427,60.628225,11.334618258872903,0.8014785433009888,-199.69807500000002,10.240428644806574,0.7241076536999695,0.340847172,0.09892159434242462,0.006994813016531326,-52.866012828,15.667420465753999,1.1078539255035549
R:A:ARG:253,-196.7316,4.419490437821991,0.31250516579730336,-12.392270000000002,1.4902386309245912,0.1053757841512935,-19.992105,11.135973629816792,0.7874322468758026,60.20792,10.399129338728315,0.7353294873850769,0.223592868,0.1803552217200494,0.012753040030065022,-168.68446213200002,15.935401927804541,1.1268030764083774
R:A:ALA:254,85.15063999999998,2.3075948107065942,0.16317159388815203,-5.01525,0.5317585236740451,0.037601005804366455,-84.067765,2.213374602225073,0.15650921905394263,3.58163,1.7536368675127698,0.12400085207570147,0.302363388,0.07470786366127634,0.005282643700284855,-0.048381611999998846,3.686137761352366,0.2606493007440058
R:A:ASP:255,92.406525,9.73333186783308,0.6882504967283896,-6.359405000000001,0.8092969918237679,0.057225939091246014,21.099474999999998,17.341231689801475,1.2262102521985676,-168.33713500000002,11.23240814904689,0.7942511971246092,0.611357436,0.062051775658064,0.00438772313524834,-60.579182564,22.85348705645076,1.6159855671375323
R:A:LEU:256,66.15759,4.342182636865934,0.30703867876783864,-10.276575000000001,1.0943191282139777,0.07738004763422546,-70.62185500000001,2.419269183860077,0.17106816454231047,-0.41765,0.9005492532338251,0.06367844837541191,0.08397054000000001,0.04707901793840224,0.0033289892835847335,-15.07451946,5.16896055137588,0.36550070575636406
R:A:ALA:257,101.599155,2.37642455823344,0.16803859201051108,-7.770855,0.6149439193739539,0.04348310154387563,-84.02116999999998,1.4385052523713637,0.10171768187242572,-0.79322,1.1620437089886078,0.08216889866610115,0.00446796,0.008178210154012919,0.0005782867857871214,9.01837796,3.073314095690729,0.21731612377791165
R:A:LYS:258,130.297955,3.3064668957929997,0.23380251637840635,-6.803540000000001,0.9850731132256123,0.06965518783263741,-207.070345,16.32644632845663,1.1544540911529895,70.59593500000001,15.198799506236504,1.0747174196754583,0.95804856,0.11145309872735526,0.007880924189436667,-12.02194644,22.57148356469598,1.5960449090037234
R:A:TYR:259,89.46769,3.3024323072396204,0.23351722788586715,-9.99999,1.208002123301114,0.08541864930739657,-95.273405,4.178837868471927,0.29548845942756374,-3.789265,1.768374291482151,0.12504294531829854,0.525154644,0.11246254580355036,0.007952302876719317,-19.069815356,5.741760153799409,0.4060037540698276
R:A:ILE:260,78.04164,3.3433861398887204,0.2364131011640429,-10.521514999999999,1.2041783961585593,0.0851482709682058,-60.710865000000005,1.6466284422343131,0.1164342137598524,-2.9983750000000002,0.7855930080996139,0.05554981432799753,0.003503844,0.006904688466575737,0.0004882352036696248,3.8143888440000002,3.9946045819389706,0.28246119880479
R:A:CYS:261,85.394875,2.0897333392983426,0.14776646150894662,-7.645930000000001,0.6107747335147385,0.043188295584567805,-76.78479,2.368382960143903,0.16746996515644225,-2.41427,1.5228504513247518,0.10768178808647264,0.12243632399999999,0.038799489236481244,0.0027435381945690347,-1.3276786760000006,3.5594729873732724,0.25169274868219793
R:A:GLU:262,94.35601500000001,3.2124792426994766,0.22715658569338246,-5.658474999999998,0.8770923379981153,0.06201979399252307,0.7962700000000001,13.393594394228161,0.9470701420620862,-144.71485,12.83963755709249,0.9078994784597576,0.9280194839999999,0.09890912310843396,0.00699393116711887,-54.293020516000006,18.850563924280465,1.3329361580049213
R:A:ASN:263,17.059955000000002,3.0394616551249665,0.21492239474953512,-7.426875,0.9509934644228634,0.06724539275574944,-78.596505,2.939827379281818,0.207877187540805,-9.68271,1.878210756518022,0.1328095562431409,0.296617356,0.06276180774784347,0.0044379299858026515,-78.349517644,4.724078262765847,0.3340427774457695
R:A:GLN:264,32.551895,2.868231474964146,0.20281459259598408,-9.311225,1.1013108164251362,0.07787443464883068,-79.44255,4.249915610632757,0.30051441477489893,-4.895315,2.8948188174348664,0.20469460161146164,0.328997196,0.09155251048417615,0.006473740099801344,-60.768197804,5.990807779740638,0.42361408058397293
R:A:ASP:265,91.149205,9.818522208712213,0.6942743635011124,-4.35958,0.7653350466299058,0.0541173601351729,-9.932905,11.717484290408713,0.8285512600194842,-141.308295,13.629395518803282,0.9637437994819343,0.886566456,0.15150961257546686,0.010713347446705922,-63.565008544,20.49565640722999,1.4492617630421838
R:A:SER:266,79.85447500000001,4.790110609304861,0.3387119694473092,-4.64229,0.7988550781587359,0.05648758429513516,-70.717765,4.6019204740819895,0.3254049173704586,-5.821545000000001,2.203220884971591,0.15579124282152385,0.48329420400000006,0.1113826984183234,0.007875946135845262,-0.8438307959999998,7.04468519584317,0.49813446733051875
R:A:ILE:267,80.907025,3.2816976482264475,0.23205106608648662,-9.760304999999999,1.1751107062634565,0.08309287490438032,-63.85185499999999,1.830991246285738,0.12947063265418532,-0.765,0.9945568711742933,0.07032579078830183,0.022829112,0.024028830773424163,0.001699094918387222,6.552694112,4.061117373954283,0.2871643634317578
R:A:SER:268,66.842585,2.5996035145335146,0.18381972735230298,-7.615385,0.7178165202717196,0.050757292913186376,-60.89286,1.809575944910851,0.1279563421718517,-3.2943500000000006,1.0474207308908872,0.07406383015683161,0.013649363999999999,0.015054069736582994,0.0010644834795193018,-4.946360636,3.412488960050367,0.24129940843758438
R:A:SER:269,72.57515000000001,3.022043316615432,0.21369073222182566,-3.6536,1.1236422562363877,0.0794535059012502,-67.319005,4.367493787628668,0.308828447402235,-0.40495000000000003,3.1510710762374115,0.2228143726008266,0.44697175200000006,0.1010851293674203,0.0071477980452822314,1.644566752,6.277721469080499,0.44390194211871964
R:A:LYS:270,119.606855,3.2879316878510414,0.2324918792557602,-8.282655,1.2416737196119598,0.08779959071587407,-192.27783499999998,13.936390476654095,0.9854516211305732,69.42613999999999,12.833972019620427,0.9074988644632015,0.564529608,0.09802968172839048,0.00693174527077039,-10.962965392,19.269034110370576,1.3625264686357927
R:A:LEU:271,75.97604,3.037506409606406,0.21478413801302926,-10.854334999999999,0.9372959899492797,0.06627683504720937,-78.792945,1.8269796966510057,0.12918697325920675,0.11228499999999998,0.68150164620124,0.04818944354186921,0.000402408,0.001756114950205709,0.00012417607898335332,-13.558552592000002,3.729245413064783,0.26369747202869354
R:A:LYS:272,126.68109499999998,3.944700923514355,0.27893247727698367,-6.552815000000001,0.8869434146409793,0.06271637030213882,-179.81574,11.30907227814908,0.7996721696808011,45.289205,10.716437859800942,0.7577665880829498,1.04350338,0.12853313619543094,0.00908866522109633,-13.35475162,16.096614891312562,1.1382025543795473
R:A:GLU:273,90.689205,3.1328083651853014,0.22152300391804686,-6.20565,0.9066925209242658,0.0641128429996674,-16.029265,10.339503256674133,0.7311132866894672,-129.538085,10.151270975980053,0.7178032544777677,0.792760356,0.10429776467687725,0.007374965666561866,-60.29103464399999,14.852645812337329,1.0502406572465703
R:A:CYS:274,84.569945,2.3138945809986673,0.16361705491749626,-8.294704999999999,0.8627508377132994,0.061005696782144854,-76.098035,1.581882898249741,0.11185601243954212,1.035395,0.8102574090836813,0.057293850846971354,0.010037304,0.017599062691824926,0.0012444416571916579,1.2226373040000003,3.042634950122612,0.21514678059068917
R:A:CYS:275,90.02015500000002,2.156500814044595,0.1524876349245243,-7.04597,0.5605130677334829,0.039634259113802035,-81.609635,2.5186455133215953,0.17809513218747727,-1.2431450000000002,2.0929257449740066,0.14799219867910268,0.20342196,0.059879494390370394,0.004234119653745274,0.32482696000000005,3.9613343218760835,0.2801086361545592
R:A:GLU:276,107.29248500000001,2.6747564711156415,0.189133843874847,-5.02794,0.788979097568497,0.055789247010512695,-14.886795,8.313908920776976,0.5878821376048731,-136.58038500000004,7.9493087162831335,0.5621010099029132,1.0622199239999999,0.07261249953548647,0.005134479082044751,-48.140415076,11.836159570613003,0.8369428695586508
R:A:LYS:277,142.290785,3.221673620771509,0.22780672640173516,-8.396754999999999,1.0893962387373108,0.07703194678102715,-195.75368500000002,11.52385150050863,0.8148593541396423,60.81557000000001,10.5292489117268,0.7445303306283095,0.564923628,0.0823669591203804,0.005824223533973613,-0.4791613719999981,15.976138001738084,1.1296835518201098
R:A:PRO:278,85.38715499999998,2.5325330542709605,0.1790771296254075,-4.456575,0.7326834202948774,0.05180854149534611,-61.71387,1.5483105350994677,0.10948208787514056,-3.3225,0.7734663017869622,0.054692326701284155,0.70275366,0.05874590400994099,0.0041539627092363265,16.59696366,3.1542852406984285,0.22304164834945
R:A:LEU:279,67.58311499999999,4.150279740183184,0.29346909481046723,-5.764359999999999,1.0213147557927478,0.07221785895469347,-68.299205,4.286606035428845,0.3031088195926918,-2.3212849999999996,1.3476420532823248,0.09529268344880944,0.658664064,0.16192722515546762,0.011449983896615204,-8.143070935999999,6.203648651009464,0.438664202922757
R:A:LEU:280,69.05993000000001,3.5657262072542806,0.25213491810040906,-7.1376800000000005,2.2232129109916574,0.15720489253836853,-72.79988999999999,2.4427947248796817,0.17273167150091495,-4.1297950000000005,1.0131594706535592,0.07164119321225046,0.606903444,0.36582273124535225,0.025867573397577247,-14.400531556,4.978417769158269,0.3520272964151416
R:A:GLU:281,109.16442500000001,3.019594710283981,0.21351758960768313,-7.870865,1.1353472714438522,0.08028117546395917,-55.694585,13.3737159769742,0.945664525698133,-98.31858,12.887451909264298,0.9112804637256304,0.507367728,0.14184771403696717,0.01003014804913497,-52.212237272,18.851254127020372,1.3329849627086994
R:A:LYS:282,132.13969,3.3995857635747333,0.2403870146648941,-12.10183,1.0701270490460468,0.07566940931116088,-180.18941999999998,6.855391800881989,0.48474940300943126,47.249210000000005,6.978218873459043,0.49343458860268397,0.28085025599999996,0.06303245463822636,0.004457067610952331,-12.621499743999998,10.411448686174165,0.7362005967969523
R:A:SER:283,80.134855,3.3810663146372923,0.23907749187214383,-7.40187,0.8519391369693026,0.06024119409092087,-76.106565,3.8164713408821767,0.2698652765341903,-4.072579999999999,1.585979855988089,0.11214571109944418,0.05557589999999999,0.05624384903863888,0.003977040705525403,-7.3905841,5.407527964514348,0.3823699693163984
R:A:HIS:284,103.67274000000002,2.8857130700054006,0.2040507280359469,-9.731670000000001,1.0343645494215277,0.073140618711493,-80.165875,6.106188265962245,0.4317727130063629,-7.29491,4.547498446607761,0.32155669890316385,0.44848879199999997,0.1369497594090911,0.00968381035600345,6.9287737919999985,8.208610262485191,0.5804363980720765
R:A:CYS:285,87.54949500000001,2.0620318426190707,0.14580766989385366,-7.287385,0.7402079415779055,0.052340605497787275,-74.957405,1.8638669000159318,0.13179529242304142,-2.9684799999999996,1.0906243668651459,0.07711878855376296,0.12393867599999998,0.05543870346960708,0.003920108316354935,2.460163676000001,3.0767544421301145,0.21755939300760369
R:A:ILE:286,76.384135,3.3206126071517286,0.23480276922105284,-10.27127,1.1828853313402783,0.08364262391568068,-60.42131499999999,2.7515614686528447,0.19456477733360422,-1.011285,1.0107695601743258,0.07147220102162098,0.0009723959999999999,0.0026529251936652865,0.00018759013944213588,4.681237395999999,4.5845870535346025,0.3241792594494371
R:A:ALA:287,86.635895,2.1362887922692004,0.15105842915863713,-5.598015,0.6404479094938167,0.0452865059799826,-79.28572,2.282186835383992,0.1613749787234688,0.91193,1.3955333586482266,0.09867911012721993,0.16669630800000002,0.07455929859252389,0.005272138563528625,2.8307863080000004,3.4835832880034037,0.24632653657753364
R:A:GLU:288,109.79210499999999,3.161464284785612,0.22354928342509847,-5.86953,0.87077629681796,0.061573182437648935,-42.44173999999999,9.754594519117644,0.6897539932193215,-114.261695,9.566656309911787,0.6764647550019698,0.8615611440000001,0.0747610804276561,0.00528640669392285,-51.919298856000005,14.051039968151708,0.9935585644203283
R:A:VAL:289,52.519815,3.2684165785246835,0.23111195264173376,-7.404365,0.9439307717068026,0.0667459849644531,-63.55353499999999,3.2692916478612,0.2311738293879197,1.70922,1.456347541488638,0.10297932223509727,0.10702331999999998,0.04423337829588873,0.003127772174781277,-16.62184168,4.938089191648979,0.349175635351899
R:A:GLU:290,86.08111000000001,3.08740661039326,0.2183126150489247,-5.22733,0.8598533253410142,0.06080081171744338,-16.792849999999998,10.035479998859048,0.7096155959655198,-118.38928499999999,9.17957057403967,0.6490936601283939,0.8694351,0.06876057713577162,0.004862107037100478,-53.4589199,13.973243362485427,0.9880575136783359
R:A:ASN:291,23.608565,3.5205787231327466,0.24894250888282418,-6.825500000000001,1.053219696929373,0.0744738789778,-84.29698499999999,6.350150772601782,0.4490234672863714,-9.124970000000001,3.4725756793913076,0.24554818110810758,0.37502971199999996,0.08813962703841363,0.006232412797011545,-76.26386028799999,8.117555762266402,0.5739978726158507
R:A:ASP:292,106.73125,2.9478945482326875,0.20844762252781873,-7.13091,1.3263837574020574,0.09378949493146872,-62.52174999999999,10.58237787255303,0.7482871154760717,-104.87592500000001,9.058974524159728,0.6405662316629521,0.08166427200000001,0.05265138573063786,0.0037230151889002653,-67.715670728,14.300485627232886,1.0111970361277132
R:A:GLU:293,99.81207500000001,3.361436755224617,0.23768947241490315,-4.90404,1.1868238910638764,0.08392112214454714,-14.961409999999999,12.20349044584786,0.8629170848404266,-133.88544000000002,11.37534557349358,0.8043583993357687,0.9331260839999999,0.14675184269899763,0.010376922312408275,-53.005688916,17.06027579171599,1.2063436701235073
R:A:MET:294,98.48684499999999,3.081198478023608,0.21787363379921626,-8.71644,1.2072953269188116,0.08536867125591215,-68.298795,2.1581166912321956,0.15260189469621602,-5.6605799999999995,1.9005534492878646,0.13438942319989322,0.318706092,0.20629637088187355,0.01458735627847478,16.129736091999998,4.38901758102984,0.31035040942931774
R:A:PRO:295,75.61695,2.5832837799010777,0.18266574784972686,-6.333510000000001,1.3913907394761547,0.09838618271637538,-53.20686,2.7671821968204404,0.1956693296150421,-2.464985,1.8888115111823625,0.1335591427940259,0.310298364,0.19673479747668104,0.013911250939112324,13.921893363999997,4.457906918399395,0.31522162118986374
R:A:ALA:296,82.838205,2.024836860829781,0.14317758750892196,-2.9297750000000002,0.47164788176668404,0.03335054155294933,-68.51325,1.734044067346617,0.12261543188970953,-5.149269999999999,1.086723624984752,0.07684296445023447,0.748617444,0.08052673436806726,0.005694099993846817,6.994527444,2.9183518733864124,0.20635863995599968
R:A:ASP:297,86.987945,4.527888960870728,0.32017009886914016,-3.299975,0.934866094355229,0.06610501548199652,-5.026324999999999,10.231815481104759,0.7234986110538671,-140.63979,8.731179396043812,0.6173876158698843,1.0082277,0.06429392405425259,0.004546266968785489,-60.9699173,14.223340973565081,1.0057420853536339
R:A:LEU:298,79.75933500000001,3.5919576657826853,0.2539897623209939,-6.01906,1.0676589513510388,0.07549488844948378,-72.96734,3.020943892957961,0.21361299122946617,-2.7690550000000003,1.707756502542151,0.12075662035629764,0.509179716,0.13902725579039293,0.009830711533914354,-1.486940284,5.109199385755327,0.36127495321017344
R:A:PRO:299,87.380755,2.638318003003997,0.18655725508506762,-4.33431,0.7682463627639248,0.054323221273227154,-62.958085000000004,3.4863544810840734,0.24652248951946554,-4.27187,2.384051877183045,0.1685779249056649,0.6433738560000001,0.11238185336047125,0.00794659705935014,16.459863856000002,5.04003223806304,0.3563840972933187
R:A:SER:300,67.915215,4.712179579427656,0.3332014134782069,-3.949155,0.5951620711831358,0.0420843136438626,-55.58954500000001,4.529985738164635,0.32031836341345615,-8.13527,1.616447839275985,0.11430012285863914,0.6292729079999999,0.09990048542276227,0.0070640310686263036,0.870517908,6.760363066567704,0.4780298567653107
R:A:LEU:301,62.605745000000006,4.916136499322918,0.347623345590993,-5.888735,1.0598433869091226,0.07494224458791583,-57.774589999999996,3.7284602508140003,0.26364195267350754,-8.14901,1.6218338323946753,0.11468097008440414,0.5507892,0.15384100308346926,0.010878201650486167,-8.6558008,6.468932984718555,0.4574226380535823
R:A:ALA:302,80.88411,2.4230436392892307,0.1713350588452346,-5.669715,0.6107235739473301,0.0431846780568641,-64.158545,1.8225166440872358,0.1288713877859434,-6.75654,2.0200997966437204,0.14284262648803403,0.107255052,0.042409862399103535,0.0029988301291594493,4.4065650519999995,3.6943595472664423,0.2612306688013365
R:A:ALA:303,94.27026,2.398763784202188,0.1696182138274071,-5.555750000000001,0.630992684188969,0.044617920586912156,-80.70478,2.49887813060181,0.1766973671507303,-2.100285,1.6336192193332568,0.11551432278672198,0.07651385999999999,0.049744168726888985,0.003517443903127099,5.985958859999999,3.8817261118730833,0.2744794856414348
R:A:ASP:304,88.40650000000001,4.037381867002426,0.28548600963970194,-3.7905399999999996,1.4348618603893548,0.1014600551547258,-16.480385000000002,13.732387598912835,0.9710264393073317,-132.20733,10.945094218009272,0.7739350342280028,0.48118715999999995,0.08902452346685603,0.006294984423531483,-63.590567840000006,18.075971975859375,1.278164236066816
R:A:PHE:305,106.48321,3.1890963572617244,0.22550316600770817,-11.68509,0.9318953760481914,0.06589495397600639,-79.913155,1.7792084253889424,0.12580903427367607,-5.840540000000001,1.2105298626634535,0.0855973874718148,0.320159484,0.08785901414268284,0.0062125704688655815,9.364584484,3.9594758420201437,0.27997722178367584
R:A:VAL:306,49.878614999999996,2.823112409518084,0.19962419288221306,-4.17711,0.7953795181546983,0.056241825090407586,-54.13118,2.1292991071242198,0.15056418378219966,-4.056405000000001,1.3178427223971,0.09318555255443303,0.7790582159999999,0.11038290602561858,0.007805250137779231,-11.707021783999998,3.8581602829836736,0.2728131299002365
R:A:GLU:307,92.96182499999999,3.043218269262821,0.21518802748265292,-4.245080000000001,0.7361189873926633,0.052051472774552694,6.512515,7.87696281949934,0.5569853824822291,-152.289805,7.09841402828653,0.5019336695071123,1.104678432,0.09548734252822715,0.006751974741919202,-55.955866568000005,11.056499961891562,0.7818126099242327
R:A:SER:308,83.38751,4.389652892872054,0.3103953327604975,-4.842985,0.904881575000287,0.06398478978534664,-72.68274,4.453756339585721,0.3149281309473639,-3.95952,2.596085295131884,0.18357095167264345,0.23793235199999999,0.055489482874974565,0.003923698962542931,2.1401973519999995,6.831291727000446,0.48304527044255763
R:A:LYS:309,113.594445,3.133207732815525,0.2215512434739986,-4.6961,0.7321603649474615,0.05177155589703674,-160.109395,9.178177961827444,0.6489951875745111,38.524989999999995,8.869807789343577,0.6271901235666103,1.389406176,0.1169331818354851,0.008268424582159112,-11.296653824,13.163554375048713,0.9308038563114791
R:A:ASP:310,95.935765,4.427945851043687,0.31310305379998293,-5.695475,0.7049895172092987,0.049850286828412534,-28.337940000000003,10.28814089893796,0.7274814195441694,-128.04892,9.834928276993177,0.6954344477145202,0.622283076,0.10849978980861034,0.007672093713098343,-65.524286924,14.922705661291403,1.0551946366750034
R:A:VAL:311,41.864055,2.8915180376361134,0.20446120123357145,-7.88598,0.8446785658462039,0.059727794183277845,-42.883950000000006,1.8078392731379633,0.1278335409331213,-3.046255,0.676763969176108,0.04785443918671496,0.03384378,0.022347460652441028,0.0015802040969640598,-11.91828622,3.5778694998626777,0.25299357855534205
R:A:CYS:312,91.45452999999998,2.253055012444215,0.15931504776856453,-5.8402449999999995,0.636114930633608,0.04498011810650345,-71.109555,1.4353693799768057,0.10149594220891295,-4.95225,0.852266781882293,0.060264362084900554,0.21951806399999998,0.0436272765535955,0.0030849143095748248,9.771998064,2.8756645071721216,0.20334018734388784
R:A:LYS:313,122.791585,3.3693710693206524,0.23825051314504023,-5.195060000000001,0.7831941307236667,0.05538018808202081,-158.68565999999998,13.175802784817327,0.9316699496720928,31.76154,12.623357875715955,0.8926061955263364,1.2812229359999998,0.12095828741496925,0.008553042527183618,-8.046372064,18.57233502926515,1.3132624041661844
R:A:ASN:314,22.065205000000002,7.25364614128474,0.5129102374830073,-6.961375,0.6489039793182039,0.045884440411483714,-82.239735,5.895265995252038,0.4168582562141177,-12.16914,2.6326385320434706,0.1861556558420936,0.58555854,0.09497217908619555,0.006715547185591208,-78.71948646000001,9.732955626495244,0.6882238924482549
R:A:TYR:315,85.568685,3.5514063659028094,0.251122352407895,-13.607399999999998,1.28771883188839,0.09105547182899004,-83.952765,2.9106877880966557,0.20581670728800178,-4.026125,1.3162906933405707,0.09307580752738598,0.07464484799999999,0.06405076816219533,0.004529073250769574,-15.942960152000001,4.94767966382497,0.3498537841429414
R:A:ALA:316,90.51377000000001,2.159808548714446,0.15272152708606604,-4.681575,0.6895730014835267,0.048760174547216296,-77.63722,2.155780652478354,0.15243671181182042,-4.024275,1.718932025815739,0.12154684918530385,0.47280671999999996,0.07776875880337553,0.005499081671432785,4.6435067199999995,3.5704970805611667,0.25247226978715714
R:A:GLU:317,94.18292,3.046511410384015,0.215420887724473,-4.451325,0.8765466213356823,0.06198120599726178,-8.67888,12.513571788885859,0.8848431468785867,-136.39568500000001,11.891588347473814,0.8408622759577664,1.063111284,0.09838950782756127,0.0069571888182475465,-54.279858716,17.551598177647545,1.241085409207603
R:A:ALA:318,100.61093,2.295045105243032,0.16228419570463415,-4.56041,0.8460996701925844,0.059828281435287775,-84.422485,1.8781080026918047,0.13280229045040975,-0.11175999999999998,0.753129080835417,0.05325426801675148,0.1608399,0.048258547524197205,0.003412394620457312,11.677114900000001,3.174891912582875,0.22449876009216785
R:A:LYS:319,124.584875,3.1078717845778323,0.21975972139333222,-7.049335,0.9474140608915407,0.0669922907047893,-187.284605,11.81293826272596,0.8353008751311559,56.17606,11.077381772169812,0.7832891768893528,0.799576992,0.13996669162544043,0.009897139678859527,-12.773428007999998,16.517564845711657,1.1679682111091243
R:A:ASP:320,88.95385999999999,7.958351240074794,0.5627404128921256,-4.08596,1.0791006989155367,0.07630394217863189,-33.57779,11.47687082814388,0.8115373189382605,-119.38843000000001,9.021504228514223,0.637916681648552,0.8145006479999999,0.1198147029371842,0.00847217889327347,-67.283819352,16.66194079010125,1.1781771320409336
R:A:VAL:321,51.589285,2.970462893855939,0.21004344555085502,-5.83903,0.8407093249750476,0.059447126469662104,-58.98959000000001,2.517932846979839,0.17804473906717938,0.45944,0.8396728448628072,0.059373836258069086,0.471846744,0.07744743163722903,0.0054763604096166206,-12.308048256000001,4.072035901836108,0.28793641994233904
R:A:PHE:322,91.88548,3.1997947324164406,0.22625965536966594,-12.804544999999997,0.9591271229482565,0.06782052926566556,-66.63078999999999,1.7979680074739925,0.12713553704413252,-2.23272,1.0935717816403274,0.07732720225121299,0.15092391599999996,0.05852175323276075,0.004138112855781089,10.368348916,3.948496443037075,0.2792008610362478
R:A:LEU:323,77.268415,2.928602283133542,0.2070834533802133,-9.747905000000001,1.1696630523253264,0.08270766760025938,-76.415415,1.3218774802435358,0.09347085301779906,-2.4257050000000002,0.7992913035777381,0.0565184300903254,0.090093564,0.03321534028085674,0.002348679235201248,-11.230516436,3.5117165187882073,0.24831585640399573
R:A:GLY:324,81.27159,1.901185443848127,0.1344341119638167,-5.375455,0.5548340634595176,0.039232692870551214,-78.814995,1.3583160953824405,0.09604745220397569,-2.0532549999999996,0.7873547040406883,0.05567438504262978,0.05864209199999999,0.020381140691873356,0.0014411642791540733,-4.913472908,2.5273924043806297,0.1787136307856916
R:A:MET:325,88.33198,2.9086157617670985,0.2056701929011591,-9.56324,0.7663253306527196,0.05418738378995613,-70.68668,2.1270022702385627,0.1504017728884869,-5.1474649999999995,1.3273959125954093,0.09386106511155197,0.567292644,0.06729831478119243,0.004758709474420803,3.5018876439999995,3.916369210320624,0.27692912262479175
R:A:PHE:326,96.83210500000001,3.246441949885289,0.22955811174923657,-15.206045,0.7930734221842264,0.05607875948052882,-70.810065,1.3555254039578162,0.0958501205209206,-2.9781999999999997,0.7819040286377862,0.0552889640886859,0.036136836,0.024628019561375697,0.0017414639639043697,7.873931836,3.690227683635864,0.2609385019221245
R:A:LEU:327,74.239385,2.987647063622978,0.21125854984798842,-11.5952,0.981177114490549,0.06937969912013167,-77.630695,1.3960062005503417,0.0987125450987614,-1.24051,0.47396349004960286,0.033514279784891694,0.00161766,0.0024076439284080194,0.0001702461348459929,-16.225402340000002,3.473071264083029,0.2455832242377244
R:A:TYR:328,91.16887999999999,3.0475883999647984,0.21549704238805692,-15.73268,0.9150602480711312,0.06470453066053412,-93.52771000000001,2.0938995811404135,0.14806105929480579,-0.97652,1.2182410063694293,0.08614264767233475,0.13999788000000002,0.05270010074469308,0.0037264598605786696,-18.92803212,3.999554252578467,0.28281119337217275
R:A:GLU:329,97.874795,2.7902275163461137,0.19729887978616353,-9.898335,0.9341585319286015,0.06605498326299841,-12.3169,13.615884517356923,0.9627884274076002,-130.246815,13.001570390178834,0.919349858896968,0.29996290800000003,0.08946091811546501,0.006325842185061976,-54.287292092,19.05516121192353,1.3474033709553999
R:A:TYR:330,83.55781,3.488059872464921,0.24664307890046297,-12.852649999999999,1.0359920837052763,0.07325570276435822,-76.69994000000001,1.6282430827121608,0.11513417252058575,-4.162039999999999,0.8288699948725373,0.058609959409642996,0.263314008,0.08513327302172716,0.006019831465826903,-9.893505992,4.07250413755166,0.2879695292073051
R:A:ALA:331,101.38991999999999,2.200887458185902,0.15562624463116753,-8.17661,0.7653525513774682,0.05411859790774332,-81.88502,1.293773206400565,0.09148358075633022,0.29583,0.6415235935645702,0.04536256833006702,1.0728000000000001e-05,0.00010736209208095752,7.591646335281959e-06,11.624130728,2.741363123288598,0.19384364541721014
R:A:ARG:332,-172.92863999999997,4.246902571333605,0.30030136072285774,-14.23994,1.3267291458319592,0.09381391758156142,-73.15783,10.9355006639431,0.7732566675144159,92.93601999999998,8.171571952176643,0.5778173940337898,0.10475881199999999,0.05756746983063139,0.004070634829299145,-167.285631188,14.358254372697353,1.0152819032935696
R:A:ARG:333,-188.70143499999998,4.090536908007921,0.28924463863462535,-10.939784999999999,1.6219686337210715,0.11469050197760491,-39.56155999999999,8.99763098467591,0.6362285883878528,66.39752,8.954994932974557,0.6332137642597482,0.503521668,0.22111488735883564,0.01563518362727323,-172.30173833199999,13.437316094516852,0.9501617331380001
R:A:HIS:334,116.55248500000002,2.93589546812808,0.2075991594368219,-8.949285,0.9971161084723283,0.07050675619311245,-86.443815,1.938535050179645,0.1370751279549831,-6.381505,1.4248659305264477,0.10075323617569312,0.554541444,0.07473583816247506,0.005284621796234647,15.332421443999998,3.9252349279763936,0.27755602353223974
R:A:PRO:335,75.848845,2.558960259749065,0.18094581524554526,-7.89478,0.7029539683364765,0.04970635178727161,-54.85274999999999,1.6890293270100432,0.11943240907517522,-1.5127899999999999,1.2325505977038023,0.08715448857918909,0.23386093199999997,0.06507345780254324,0.004601388328743497,11.822385932,3.379150409627452,0.2389420169296871
R:A:ASP:336,83.94003500000001,7.393765137179771,0.52281814670005,-4.59105,0.9002438600179399,0.06365685381402383,-56.06251,17.500211348720907,1.237451811687833,-87.57278500000001,12.273792549117612,0.8678881942357984,0.666053352,0.11621586583904668,0.008217702681625595,-63.620256647999994,22.636145626573065,1.6006172072476024
R:A:TYR:337,96.96620999999999,3.408381081378665,0.2410089375510792,-11.59424,0.7063782573097788,0.04994848558264805,-88.534665,2.174464677288413,0.15375787187612544,-7.664115000000001,1.4992515471978007,0.10601309357279881,0.361689228,0.06317155833523197,0.00446690372769641,-10.465120772,4.36990552742648,0.30899898315878405
R:A:SER:338,72.09575,3.1854085024530208,0.2252423952933816,-7.354555,1.1717905900693177,0.08285810723686005,-68.255225,3.7892886237887713,0.26794316817540803,-0.9220000000000002,1.3782655331974314,0.09745809047995964,0.004885451999999999,0.015399395445812019,0.0010889016945906916,-4.431144547999999,5.270529556906981,0.3726827190133056
R:A:VAL:339,55.188975000000006,3.2483469941456375,0.22969281872073186,-9.333105,0.9674203812071565,0.06840695118096551,-57.179694999999995,2.7157642703252063,0.19203353316510896,-0.58765,0.7303678371204472,0.051644805038842,0.053361648,0.03621345261654149,0.002560677791533421,-11.858113352,4.404291606146828,0.31143044610294124
R:A:VAL:340,44.367855,3.5510578767425063,0.25109771050305296,-9.50602,0.8752917339950149,0.061892472062440675,-48.074925,2.716634476585873,0.19209506603990378,0.80065,0.7807416650211515,0.055206772569133214,0.102790836,0.026407076689681196,0.001867262299858678,-12.309649164000001,4.622391742826357,0.3268524546653221
R:A:LEU:341,67.218105,3.152782814272971,0.22293541075808251,-12.0111,0.949481447949353,0.06713847704558094,-70.973935,2.244542842267663,0.15871314644311918,0.32935499999999995,0.6455677028592741,0.045648530040681486,0.000271584,0.0014995123451789249,0.00010603153477489607,-15.437303415999999,4.036865983936334,0.2854495311982686
R:A:LEU:342,68.93533,3.282934617244151,0.23213853300454018,-11.94382,0.9732205236224727,0.0688170831843373,-72.61894000000001,1.611996196149358,0.11398534415441311,-0.142555,0.5180836486273235,0.0366340461166249,0.007316171999999999,0.011030146861579677,0.0007799491643306504,-15.762668828,3.819932192620019,0.27010999570744126
R:A:LEU:343,82.06735499999999,3.9180772745027634,0.277049901001381,-11.0231,0.7986215937476271,0.05647107445409552,-79.97574,2.810050745520443,0.19870059376358187,-0.8924950000000001,0.6811206721095756,0.048162504605501984,0.095336964,0.027462908651581387,0.0019419208938639902,-9.728643036000001,4.934591244743744,0.34892829315420676
R:A:ARG:344,-190.369185,3.9580662779664273,0.2798775505535859,-13.316790000000001,1.436129654975483,0.10154970176962608,5.3579,6.890999839645914,0.4872672715769037,23.85433,5.487291002954008,0.388010067853271,0.043302348,0.026383818294471627,0.0018656176829614578,-174.43044265199998,9.76348782421747,0.6903828448536464
R:A:LEU:345,61.205135,3.5654809530798226,0.2521175760114217,-11.800245,1.0157924320327454,0.07182737169683294,-69.99236,1.9175684812803948,0.13559256765029562,-1.24965,0.5541264183379095,0.03918265480413495,0.011475612000000001,0.01796789693843595,0.0012705221768829066,-21.825644388,4.210574367585779,0.2977325688010163
R:A:ALA:346,101.73110499999999,2.3447491452125537,0.16579880207611575,-7.71541,0.7732312344312017,0.05467570492915477,-82.11915499999999,1.3912708797983953,0.09837770735728193,-2.64814,0.5908661103837315,0.04178054334256556,0.0026485199999999997,0.005424328512617945,0.00038355794746556876,9.251048520000001,2.8949131145148064,0.2047012694219288
R:A:LYS:347,142.27019500000003,3.3190490696847186,0.23469221042649663,-7.818695,1.1082320072868317,0.0783638367480498,-148.00188999999997,12.315585761866952,0.8708434206500615,1.20289,11.242623318331892,0.7949735186718486,0.8329912919999998,0.1111189851340604,0.007857298790686128,-11.514508708000001,17.03898013595905,1.2048378398639525
R:A:THR:348,43.34213,3.280647596603451,0.23197681622416494,-7.65203,1.0565719942815066,0.07471092219682474,-61.653364999999994,3.194331249538,0.22587332879044175,-2.9046299999999996,0.9843203914884625,0.0696019623681689,0.19903708799999997,0.04330100025531345,0.0030618430912692563,-28.668857912,4.801406749453551,0.3395107271773464
R:A:TYR:349,81.424965,3.3228808079398515,0.23496315523689026,-15.228175,0.9061415586844033,0.06407388408606894,-76.60366,1.7718982883901664,0.12529212952935234,-4.77086,0.8236017668752296,0.05823743943546968,0.043163495999999996,0.02090804464970323,0.0014784220153156267,-15.134566503999999,3.9599254979457728,0.28000901725909716
R:A:GLU:350,106.85492500000001,2.843731029716946,0.20108214949834557,-8.610505,1.4030081254130355,0.09920765595393835,-69.934775,9.832299431688142,0.6952485602803322,-87.43266,8.804756725452442,0.6225903187265283,0.204607404,0.05727250202908883,0.004049777456028901,-58.918407595999994,13.574106645286594,0.9598342857431528
R:A:THR:351,49.798460000000006,3.762492010410122,0.26604836147212035,-6.316109999999998,0.7946800915462775,0.05619236816063192,-61.622845,4.196090482934681,0.2967084034955448,-2.60129,2.154940149029666,0.1523772792430026,0.5564589839999999,0.07881974466239118,0.005573397594216899,-20.185326016,6.086461822382824,0.43037784280399266
R:A:THR:352,36.7545,3.0748555787223566,0.21742512308838643,-7.39308,1.044030202436692,0.0738240835906549,-47.922214999999994,2.441573619364159,0.17264532630185792,-1.2779449999999999,0.7682539957429444,0.0543237610063497,0.093272112,0.05222585430819735,0.003692925573458701,-19.745467888,4.135088798829866,0.29239493304611336
R:A:LEU:353,64.789135,4.140673284234703,0.2927898157960331,-11.473514999999999,0.8966354218828296,0.06340169870654097,-71.78741,2.9765836510839065,0.21047624844504426,-0.049510000000000005,0.5948320182202703,0.04206097537504331,0.0023203800000000004,0.005063147862545592,0.00035801861877561613,-18.51897962,5.211816509031786,0.3685310795836375
R:A:GLU:354,109.21080000000002,3.306379040582008,0.2337963040768609,-6.184134999999999,1.332772046066018,0.0942412151549151,-54.85497,13.658539178444377,0.9658045674180155,-101.350825,12.40272412997947,0.8770050337494506,0.660421944,0.0850772733252404,0.006015871689313885,-52.518708055999994,18.790926538164275,1.3287191579914215
R:A:LYS:355,120.93346000000001,3.420444685768212,0.24186196319801923,-6.8511500000000005,0.7668162605865892,0.0542220977784888,-151.06310000000002,9.070577665176568,0.6413866976325593,24.24438,9.278772371149106,0.6561082864725913,1.097495604,0.11745852239689031,0.008305571769499311,-11.638914396,13.4414374761773,0.9504531588299961
R:A:CYS:356,83.218145,2.2955415426375976,0.16231929912944734,-7.547885,0.8868759167859955,0.06271159748304136,-78.73971,1.5324098100377714,0.10835773682344972,-0.22484499999999996,0.6477036212458596,0.045799562278203046,0.001851768,0.003938504865221827,0.0002784943497934563,-3.292443231999999,2.9705008305747995,0.21004612808197123
R:A:CYS:357,83.008505,1.9506224186077115,0.13792983397320172,-5.927840000000001,0.5398959662749853,0.038176409888830566,-72.66284999999999,1.297303494753637,0.09173320983973034,-3.51908,0.6601520306717233,0.046679797750204526,0.327991716,0.042428957047819876,0.003000180324718619,1.226726716000001,2.4933938220568295,0.17630956797450278
R:A:ALA:358,86.43609500000001,2.3676916978303995,0.16742108552949653,-2.909025,0.5169702741696084,0.03655531865371987,-72.57581,1.2885934905547212,0.09111731953640867,-3.306885,0.5437534384029218,0.03844917435882077,0.6913086480000001,0.036888881027378646,0.0026084377924843216,8.335683648,2.7983430839638754,0.19787273707573325
R:A:ALA:359,91.191525,2.2889794536812693,0.16185528936947044,-4.423039999999999,0.522260824109946,0.03692941702762176,-73.361165,1.6280821563345629,0.11512279330729862,-6.461835000000001,0.9130291823238729,0.06456091262424192,0.34471645199999995,0.0476526254998368,0.0033695494632277594,7.290201451999999,2.9997879718476814,0.21211704170153356
R:A:ALA:360,88.35634999999998,2.143768916534615,0.1515873538178564,-2.07505,0.22737127676995614,0.01607757716510793,-71.222555,1.0358502338538134,0.07324567246517025,-7.502155,0.5858327500020803,0.04142463101676344,0.8928569519999999,0.030090831103219733,0.0021277430724625755,8.449446952,2.4626274669682537,0.17413405814295027
R:A:ASP:361,115.89389999999999,5.04258786933852,0.3565648077138292,-5.2253050000000005,0.8126275050568987,0.05746144194044385,-32.525439999999996,9.534121955188112,0.6741642287173059,-129.15203499999998,6.997361539450067,0.49478817949590814,0.526913244,0.04924013439238833,0.0034818032935394726,-50.481966756,12.882275825450446,0.9109144593291539
R:A:PRO:362,83.07034,2.6833611580255083,0.1897422871212424,-7.72375,0.718836913006003,0.05082944557537491,-60.090900000000005,1.355818476050537,0.09587084384733453,-1.8507549999999997,0.6670293284219218,0.04716609613774495,0.301116168,0.04720655116140318,0.0033380072442657878,13.706051167999998,3.162681447023641,0.2236353497923299
R:A:HIS:363,107.17725999999999,2.9702436520258737,0.21002794281237913,-11.248479999999999,1.2538244133849046,0.08865877451217109,-89.25594,2.9508116301112817,0.20865389136558177,-4.7950800000000005,1.9201895723079012,0.13577790677426133,0.27310014000000005,0.0859619865156198,0.006078430358946132,2.15086014,4.774539741705551,0.3376109428404662
R:A:GLU:364,93.285445,2.9536260167758206,0.2088528985551194,-6.51107,0.7931682829639622,0.056085467150590804,-13.307215000000001,9.968980593259023,0.7049133779010546,-132.130035,9.78217787273238,0.6917044308582061,0.860223924,0.10885366158956998,0.007697116226697055,-57.802651076000004,14.298127489089838,1.0110302905805209
R:A:CYS:365,84.03018,2.3859856700324085,0.16871466470938443,-7.42332,0.5747077062298712,0.040637971627530814,-73.268945,1.5781163366415678,0.1115896763140525,-0.6246400000000001,1.0556669789284876,0.07464692794750498,0.20642356799999997,0.06106216756951047,0.004317747276235013,2.919698568,3.103518824799245,0.2194519206555651
R:A:TYR:366,84.058335,3.5009099749600816,0.24755171836179,-13.50578,1.162001958518143,0.08216594646202281,-86.47226500000001,3.179898986567812,0.224852813689033,0.6452850000000001,1.4808457731225761,0.10471160880664092,0.020246544,0.01694913058749811,0.0011984845173636245,-15.254178456,5.090340680735689,0.35994144138979517
R:A:ALA:367,97.91891500000001,2.0548855364168106,0.1453023497362483,-5.564355000000001,0.5874193297594147,0.04153681914729388,-79.5197,1.8704943223650798,0.1322639219515284,-1.822605,1.3278877170058467,0.09389584093491574,0.280283544,0.05496766607376435,0.0038868009426756495,11.292538544000001,3.1357092148409733,0.22172812496431968
R:A:LYS:368,140.80491,3.3522572532399715,0.23704038360477733,-6.113239999999999,1.2447687706558195,0.08801844387399722,-193.23828,14.180526474062942,1.002714643060527,48.982715,11.696271594990217,0.8270512959417178,0.919824444,0.10687354339799379,0.007557100726615618,-8.644070556,18.726681506448315,1.3241763482330315
R:A:VAL:369,51.04754500000001,3.6761829848329097,0.25994539174579534,-9.19659,1.0277624588882392,0.07267378041288342,-58.181000000000004,3.085047265440191,0.2181457841673774,-0.57168,0.8994502029573399,0.06360073378507515,0.008888364,0.014395435088398823,0.0010179109769137575,-16.892836636,4.989724595208275,0.35282680975250724
R:A:PHE:370,89.22035500000001,3.13697174660133,0.22181739944124085,-9.92571,1.3043543214556388,0.092231778577126,-69.44355999999999,2.062285335834981,0.14582559457104916,-1.22535,1.3087572110594081,0.09254310988669011,0.522280908,0.1834364347573762,0.01297091469336244,9.148015908,4.188251079432977,0.2961540739578935
R:A:ASP:371,91.813665,10.544194322601182,0.745587130765999,-5.922845,0.9325500206289206,0.06594124433823645,-46.559195,20.143459173810612,1.4243576578355854,-105.82898500000002,15.549378305410638,1.0995070842990848,0.597925224,0.12752679793659458,0.009017506360397264,-65.89943477599999,27.56098800314843,1.9488561513227338
R:A:GLU:372,98.47264500000001,2.7361025874361875,0.19347166935981866,-7.7905999999999995,0.8972785019156538,0.06344717133174654,-38.707705000000004,12.115411129547978,0.8566889366566344,-107.971245,11.358606817958576,0.8031747905810261,0.536114808,0.09827001578768539,0.0069487394550781425,-55.460790192000005,16.8553302773315,1.1918518338240034
R:A:PHE:373,108.542415,3.001611309409497,0.21224597113696878,-13.345555,1.1820786509259864,0.08358558299656108,-81.425655,1.669216015372187,0.11803139637348617,0.17180999999999996,0.8966475137421617,0.06340255373011405,0.061362360000000005,0.038395873086799315,0.002714998222925385,14.004377360000001,3.7414854673906053,0.2645629745702816
R:A:LYS:374,140.891495,3.137246947560074,0.22183685908765255,-5.868875,1.017112235387521,0.0719206958870324,-165.749185,11.687512602379302,0.8264319416345637,33.363045,10.200264399660186,0.7212676126895445,0.9753540119999999,0.1160285563886126,0.008204457903367369,3.611834011999999,15.859812199045663,1.1214580754290318
R:A:PRO:375,84.191915,2.5688928058163496,0.18164815231340775,-6.128055,0.6194539627567168,0.04380200976981535,-61.20256499999999,1.5833305611195034,0.11195837766275021,-1.456835,0.9878628942191321,0.06985245513849174,0.6112128960000001,0.05360794818547324,0.0037906543687445207,16.015672896,3.235524074305221,0.22878610136335484
R:A:LEU:376,73.285045,4.034110126530385,0.28525466265229565,-8.699919999999999,0.997427387632804,0.07052876695363389,-76.32172,2.3840127310062758,0.16857515685295982,0.357725,0.6000080744248364,0.04242697781924845,0.337298724,0.07117288038774758,0.005032682635875535,-11.041571275999999,4.828819511687374,0.34144910218400554
R:A:VAL:377,51.315005,3.124615517943768,0.22094368213387547,-7.7703,0.910498303128567,0.06438195244010544,-61.72812,2.541562064085786,0.1797155770321538,1.2380499999999999,1.110578514784074,0.07852975988439032,0.25957580399999997,0.05993452861383981,0.00423801116100653,-16.685789196,4.276534087996395,0.3023966253597678
R:A:GLU:378,90.46511999999998,3.036873113187313,0.21473935719378504,-7.11716,1.0077777753056476,0.07126064988477161,-56.383984999999996,12.348364337221954,0.873161215941177,-86.84775499999999,11.82612361574895,0.8362332203846454,0.6675486839999999,0.12012288283278978,0.008493970502674277,-59.21623131599999,17.39517017556109,1.2300242791033233
R:A:GLU:379,107.31697499999999,2.8196066275945295,0.1993762966650624,-6.540865000000001,1.3065403999781253,0.09238635767187166,-88.398805,5.830216679247436,0.4122585749682776,-56.5356,5.431918574500174,0.3840946458882238,0.4721712840000001,0.044738861743260125,0.003163515252122664,-43.686123716000004,8.553151281479538,0.604799127164859
R:A:PRO:380,80.692595,2.730609514554397,0.19308325045139207,-9.976220000000001,0.8231839719042153,0.05820789686975471,-59.767325,1.222580189343423,0.08644947424290676,1.064845,0.5966789681017758,0.04219157445361573,0.00346698,0.004304083515128395,0.00030434466403405204,12.01736198,3.1598428454687277,0.22343463035147332
R:A:GLN:381,24.86964,3.1968213291330496,0.22604940400717713,-8.899305,0.975044810239509,0.06894607972811072,-70.98869,3.797881316457901,0.2685507633009074,-4.563935,3.2322482331614015,0.2285544644146664,0.5141758319999999,0.14416928178657956,0.010194307679008462,-59.068114168,6.005205650838351,0.42463216381275726
R:A:ASN:382,26.1039,7.230778465697867,0.5112932486352622,-6.775715,0.7670153673656089,0.0542361767538513,-87.11041499999999,7.615612886877524,0.5385051515202757,-7.25527,2.8172923432082797,0.19921265204675126,0.6274955879999999,0.10662857091150689,0.0075397785559757164,-74.41000441199999,10.900391517545811,0.7707740759644964
R:A:LEU:383,82.706725,3.298678304923807,0.23325177983645698,-8.990485000000001,0.956420284067104,0.06762912685282133,-86.96770000000001,2.544630069381402,0.17993251776707844,0.7882999999999999,0.8938168940001078,0.06320239868865737,0.304570512,0.10814460439766126,0.00764697831183228,-12.158589487999997,4.3682678952429566,0.3088831850765782
R:A:ILE:384,94.97929499999998,3.137339316678226,0.2218433905706343,-9.819885,1.0996435475984934,0.07775654093949266,-75.846915,2.0716602901477357,0.14648850394783544,0.15554500000000002,0.7094857912425027,0.050168221414307684,0.058735044,0.0522213941692221,0.003692610194007258,9.526775043999999,3.9812042700053683,0.2815136536609634
R:A:LYS:385,124.286375,3.489140356072682,0.24671948062906382,-7.512429999999999,1.1586644014122467,0.08192994553580515,-140.63611,10.619870686025324,0.7509382577412739,10.612305000000001,9.465816429763205,0.6693342986952596,0.9175707719999999,0.19941689705728152,0.014100904019238343,-12.332289228,14.69488702876555,1.0390854266810357
R:A:GLN:386,25.0904,2.9657739175466493,0.20971188485634285,-7.383525,0.813035921331278,0.0574903213321599,-70.86359,3.728531794406479,0.26364701156944675,-9.624085000000001,2.8613884248341748,0.20233071588089385,0.7663483799999998,0.10744136790336763,0.007597251982442992,-62.01445162,5.61763998905118,0.3972271330522812
R:A:ASN:387,21.401735,6.502201302234114,0.45977506334497414,-9.029325,0.8468089332163425,0.0598784339046622,-83.55311499999999,4.136203986963772,0.29247378875529173,-4.883425,2.5950106636341594,0.1834949637507117,0.16148631600000002,0.06104656678560838,0.004316644134226114,-75.902643684,8.175677194802661,0.5781076785237172
R:A:CYS:388,92.58909,2.2048415684352474,0.15590584244825467,-7.876855000000001,0.8409342566306833,0.05946303153956246,-83.98313999999999,1.9959836548428946,0.141137357747692,-1.76377,1.396440609943724,0.09874326248154859,0.036362628,0.038812499793741906,0.002744458179895638,-0.9983123719999992,3.391754752855112,0.23983327858655523
R:A:GLU:389,99.87146000000001,2.848997734011032,0.20145456173043086,-7.093065,0.8588674582116848,0.0607311003841936,-57.926669999999994,11.591001018510006,0.8196075420928605,-89.32688,11.123120892339523,0.7865234210931038,0.701844696,0.10710845029213513,0.0075737111523950995,-53.773310304000006,16.338330288496405,1.1552944140261368
R:A:LEU:390,72.45882499999999,2.928217740260276,0.20705626209287895,-9.12415,1.0461606270071533,0.07397472735671284,-75.36335000000001,2.166523181851512,0.15319632334850597,-1.57424,0.7161673215108324,0.050640676950451595,0.393732756,0.09430692700595679,0.006668506759877679,-13.209182244,3.858046567663006,0.27280508901279954
R:A:PHE:391,99.37956,3.0223165529772027,0.21371005295025314,-14.085275000000001,0.8956402343435672,0.06333132832078449,-81.529485,1.6654114415888344,0.11776237238131285,-1.82185,0.9258555165359226,0.06546787141415245,0.16941398399999996,0.06922606079964787,0.004895021702626324,2.1123639840000004,3.6840419013013186,0.2605011010585544
R:A:GLU:392,96.51919000000002,2.992294924284704,0.2115872032271801,-5.90629,0.7295967351215328,0.05159027989360011,-60.64015500000001,11.379817942786916,0.8046746436012975,-87.210075,10.64945723684428,0.7530303428128743,0.9495182879999998,0.13006293152738738,0.009196838086401721,-56.287811712,15.887550236783122,1.1234194508871285
R:A:GLN:393,28.214425000000002,3.105490800883976,0.21959136042175018,-5.911385,0.7350550093530415,0.051976238165867675,-69.093395,3.9585202726492383,0.27990965282546976,-9.92351,3.4144262153252045,0.2414363930717571,1.009490904,0.0757726474497096,0.005357935284014722,-55.704374096,6.125219147436811,0.4331183995406252
R:A:LEU:394,67.44886999999999,2.627603608442491,0.18579963297999272,-8.055085,0.8680300730821485,0.06137899509502416,-71.94023999999999,2.0868280385312055,0.1475610257215637,-1.0417399999999999,1.4669269996833516,0.10372740289817343,0.402186096,0.07759329344477385,0.005486674396939727,-13.186008904,3.7643756102257657,0.2661815520923887
R:A:GLY:395,82.4761,1.9839701686265347,0.1402878759907641,-3.5020599999999997,0.5836612171457,0.04127108045593184,-85.337785,2.1568006534622057,0.15250883677307026,-0.012284999999999968,1.2788961309563025,0.09043161266324404,0.223056756,0.03913313279065278,0.0027671303565344222,-6.152973244000001,3.2504913199441106,0.2298444454520492
R:A:GLU:396,93.414455,3.0081076190813056,0.2127053295991311,-5.37531,1.1931428430410165,0.08436793952384992,-111.68948499999999,15.94795508332573,1.1276907185478096,-30.756245,14.695446630333322,1.039124996487369,0.556034436,0.1202706245863698,0.00850441742225636,-53.850550564,21.926700374651983,1.5504518523962028
R:A:TYR:397,96.21350999999999,3.3213148856891,0.23485242781265855,-8.025205000000001,1.1216770760673502,0.07931454667887222,-82.94398000000001,2.89334047246431,0.2045900668361003,-7.970369999999999,1.707602773803088,0.12074575009291216,1.0303549920000001,0.24839914851510408,0.01756447223559944,-1.6956900079999997,4.861925595127719,0.3437900557939251
R:A:LYS:398,126.30134000000002,3.3463944514058706,0.23662582091141277,-7.943689999999999,0.8159104631636979,0.057693582134410754,-92.77193,6.578038535543858,0.46513756553894886,-37.282505,6.436120548900168,0.4551024484661393,0.954256032,0.11244062975202769,0.007950753177854465,-10.742528968000002,9.827051811127996,0.6948774974720149
R:A:PHE:399,97.10078,3.177789938243244,0.2247036814518178,-14.85673,0.9445599277441321,0.06679047301449512,-81.044985,1.6541402131545555,0.11696537617549473,-0.8787600000000001,0.7858694245229293,0.055569359920733294,0.005406407999999999,0.00983075196081846,0.0006951391375657681,0.3257114079999999,3.7874014296822454,0.26780972340039405
R:A:GLN:400,28.27043,3.198203271385357,0.2261471220809586,-10.76923,0.9642763022598865,0.06818463122654547,-69.57509499999999,2.4305372340235816,0.17186493601044692,-6.7491200000000005,1.6820578157720978,0.11893944878802827,0.143103924,0.06056908173862159,0.004282880842762161,-58.679911075999996,4.460810611025497,0.31542694326450355
R:A:ASN:401,20.30211,6.70880268288612,0.47438398707112783,-8.485339999999999,0.7859532202364209,0.055575285172457724,-78.907005,5.605042755856105,0.3963363741506386,-9.08089,2.39225496297949,0.16915797066499705,0.3048633,0.10727993543177587,0.007585836982906369,-75.8662617,9.098167562191918,0.6433375979597384
R:A:ALA:402,92.85627000000001,2.2571992816541475,0.15960809185470515,-6.132854999999999,0.5874208406032254,0.04153692598008427,-79.454165,1.4968380198855848,0.10584243141989413,-0.510185,0.848965559239596,0.0600309303932148,0.234206496,0.08237837706934742,0.005825030904887795,6.993271496,2.89966629401274,0.20503736996744734
R:A:LEU:403,71.478285,3.1768655847824285,0.2246383197917822,-10.058085,0.945351467854681,0.06684644335247014,-74.25162999999999,1.4872573862986862,0.10516497832215817,0.04970000000000002,0.5439559908669083,0.03846349698090385,0.041473548000000006,0.03121221365638291,0.0022070367932271718,-12.740256451999999,3.673548855933637,0.25975913070507584
R:A:LEU:404,85.259815,3.123101056766335,0.2208365935570348,-10.544544999999998,1.0730718792210518,0.07587764024977976,-90.10617500000001,1.5812809947555178,0.1118134514353036,-1.5085399999999998,0.6224933561091235,0.04401692733483336,0.043110468,0.02074824340520845,0.001467122360953196,-16.856334531999998,3.7139765105785734,0.26261779757976605
R:A:VAL:405,67.07797,3.0593519067116164,0.21632884792717777,-8.91187,0.7622410531452632,0.05389858175777912,-64.17085,1.7465951670321316,0.12350292865960709,-1.853775,0.7286917622527375,0.05152628864836861,0.128903976,0.06279693475199107,0.004440413840086204,-7.729621023999999,3.6777949003566324,0.26005937138554774
R:A:ARG:406,-195.63698,4.004152639398254,0.2831363484224518,-9.620275,1.272268674209579,0.08996298070248117,34.34017,12.633305308631625,0.8933095852533431,-2.6892300000000002,9.31560428512826,0.6587126960864652,0.680040432,0.13443347148158816,0.009505881930307934,-172.926274568,16.24964198114622,1.1490232036722097
R:A:TYR:407,94.80744,3.1462431797939585,0.2224729887694234,-13.623624999999999,1.004214595778711,0.07100869504416342,-95.06107499999999,1.5923722395768525,0.1125977208778002,-5.505974999999999,0.7861729990116679,0.05559082587869153,0.20342844,0.04755534555719262,0.0033626707325160455,-19.179806560000003,3.7501029246430106,0.2651723208162577
R:A:THR:408,55.01986999999999,3.0709008341364594,0.21714548041693155,-9.700525,0.9407235297232657,0.06651919870890659,-57.893449999999994,1.8644326073902484,0.13183529397509605,-2.359235,0.6482193608455398,0.04583603057502908,0.000406116,0.0010244039200159281,7.243629585173444e-05,-14.932933883999999,3.769839655629055,0.2665679184481264
R:A:LYS:409,131.9222,3.2284197047472,0.22828374657430164,-10.422930000000001,1.0011896698927731,0.07079480048351008,-106.70136000000001,7.529009976112397,0.5323814009730242,-20.05724,7.307109165901382,0.5166906442079244,0.32081072400000005,0.08902157754680728,0.006294776115527153,-4.938519276000001,11.023286033173997,0.779464030501629
R:A:LYS:410,136.73032,3.4673801014022105,0.24518079826528016,-10.891645,1.1457888893574593,0.08101950934728622,-144.696295,6.620820438433216,0.46816270290346174,9.83251,6.656780701653015,0.47070547750105907,0.138703392,0.04701056648135114,0.0033241490346384408,-8.886406608,10.074014072246023,0.7123403664253869
R:A:VAL:411,64.89527,2.697046739880494,0.19071000389465678,-7.887535000000001,0.9655685727979136,0.06827600855260213,-63.28489,1.4175487532709414,0.10023583361004187,0.266745,0.45706902101870783,0.032319660423262495,0.017458272,0.014922161564693502,0.0010551561632356037,-5.992951728,3.2287711307331404,0.22830859614407603
R:A:PRO:412,77.183045,2.3448768246914384,0.16580783037864952,-9.731164999999999,0.7844075967091344,0.05546599308472715,-57.7566,2.051707086793824,0.14507759940804094,0.46990499999999996,1.0610079811080593,0.0750245938334557,0.015578352,0.012395241390828014,0.0008764759241898661,10.180763352000003,3.3836572150166364,0.23926069619490514
R:A:GLN:413,36.67431,2.687547745417744,0.19003832355475037,-7.6288149999999995,1.173456872141026,0.08297593117208749,-81.98315500000001,2.2233727220092896,0.15721619288379612,-6.197405,1.1666362333542535,0.0824936391782724,0.444023964,0.04925319048698778,0.003482726498842181,-58.69104103600001,3.8609281466246097,0.273008847415227
R:A:VAL:414,59.627485,3.0968706801826578,0.2189818258414953,-7.53826,0.9346477691622658,0.06608957755955171,-68.02852,2.356024178483744,0.166596067324532,0.6661549999999999,0.9132320028202033,0.06457525419907381,0.05301558,0.026890903668616267,0.001901474033631277,-15.220124419999998,4.10484350535439,0.29025626783456476
R:A:SER:415,77.71791499999999,7.2652654189489185,0.5137318444858904,-4.5245999999999995,0.6493296389354177,0.04591453909166463,-70.58257499999999,6.326869671043888,0.44737724480786345,-5.316854999999999,1.2873508666929152,0.09102945276049394,0.551625228,0.04254529279125501,0.0030084065040263553,-2.1544897720000007,9.741358877387883,0.6888180920172746
R:A:THR:416,47.284455,3.055627760047843,0.21606551099116905,-6.137785000000001,1.167645189590999,0.08256498315796472,-55.865824999999994,3.353959071660684,0.23716072033934074,2.778505,1.2884449891147856,0.09110681889888922,0.105026292,0.029059311634371796,0.002054803631327743,-11.835623707999998,4.859036188864275,0.34358574391767666
R:A:PRO:417,86.765515,2.6776931246457276,0.1893414966373589,-5.330989999999999,0.6365710328784998,0.04501236940553119,-63.004755,1.628560507004575,0.1151566178075537,-3.53874,1.1607072164848462,0.08207439437485968,0.736162524,0.06798127013239326,0.004807001710428978,15.627192523999998,3.4028422194011307,0.2406172808646421
R:A:THR:418,37.903695,3.375779200714259,0.2387036364613556,-7.184414999999999,0.8138989143468616,0.05755134415350348,-47.790155,2.793957397845393,0.1975626222362798,-1.7024000000000001,1.4028069325463144,0.09919342946989987,0.283784724,0.06370267352825172,0.004504459243153956,-18.489490276,4.672947668906603,0.3304272984813728
R:A:LEU:419,76.17416,2.9519876074265623,0.2087370455189974,-11.608470000000002,1.0646813040060392,0.07528433698652064,-82.783475,1.507523502097065,0.10659800911309271,1.029025,0.674192112364866,0.047672581447567954,0.002173608,0.004649175745950673,0.0003287463696889746,-17.186586392000002,3.546119124068609,0.25074848795242133
R:A:VAL:420,52.222165000000004,3.167203837421109,0.22395513108405218,-9.551995,1.1093186895455247,0.0784406767874615,-62.28270500000001,2.653906090647331,0.1876594993329008,1.94325,0.9142019785036565,0.06464384183740939,0.089413992,0.06268871093261956,0.004432761260429855,-17.579871008,4.375463492328944,0.3093919906259969
R:A:GLU:421,98.948305,3.1694805855179173,0.22411612148588284,-6.91721,1.3235533898940381,0.09358935772565168,-120.45502499999999,18.44615237778261,1.304339943313044,-30.293239999999997,15.940759648536202,1.1271819244744834,0.43782818399999995,0.1389454754511184,0.00982492879066748,-58.279341816,24.620825784684772,1.74095528707632
R:A:VAL:422,56.190025000000006,3.0536106536975205,0.2159228800333003,-8.816185,0.9720776721924026,0.06873627138472817,-62.12598,2.424626156668281,0.17144695972224178,1.38707,0.6872942783844487,0.048599044491635844,0.061206084,0.03389865242620927,0.0023969967003658384,-13.303863916000001,4.076985107709655,0.2882863816458064
R:A:SER:423,85.309915,2.5632663396094832,0.18125030107250853,-8.38726,0.7494808085601659,0.05299629621020699,-74.76172000000001,1.8335695600658295,0.12965294696997826,-0.495775,0.8454539930563933,0.059782625167142,0.007491384,0.005626331861216862,0.0003978417412272372,1.672651383999999,3.3479631497016533,0.23673674463167113
R:A:ARG:424,-198.39516500000002,4.397878161997556,0.31097694711807017,-9.836314999999999,1.2292640057265973,0.08692209143178159,57.50578,16.52676805311916,1.1686189761457753,-19.928125,13.683105343063575,0.9675416575770135,0.7074659159999999,0.17354290146180495,0.01227133624504311,-169.946359084,21.937273613035256,1.5511994932521942
R:A:ASN:425,18.259425,5.749819313193677,0.4065736226956626,-8.46411,1.0298551441343584,0.07282175560572542,-87.02979500000001,5.568174730822929,0.3937294110996472,-2.328885,2.604606584836758,0.18417349784612064,0.18631864799999998,0.07041575361008427,0.00497914568800517,-79.377046352,8.480243358853652,0.5996437585157602
R:A:LEU:426,72.96964,3.0362063468084646,0.21469220969098998,-11.194205000000002,0.8482867457263493,0.05998293102937702,-76.332785,1.8369040635740888,0.1298887319742363,-1.1132849999999999,0.7302800858403575,0.05163860008632108,0.024121907999999997,0.022606595950410934,0.0015985277296079916,-15.646513092,3.7210450123729313,0.263117616134928
R:A:GLY:427,89.15022499999999,1.9345163670475887,0.1367909641455714,-5.2447799999999996,0.6748690847860791,0.04772045062653956,-83.27658,1.4532025198161467,0.10275693561993755,-0.40557000000000004,0.6047932664142351,0.04276534198974679,0.001765692,0.0029183783170000422,0.00020636050980185136,0.22506069200000034,2.58367622422141,0.18269349785374137
R:A:LYS:428,137.284635,3.4037782362802362,0.24068346725289416,-8.620225,1.1441261444329467,0.08090193552613559,-121.91973,14.882390640522106,1.0523439342180387,-16.47737,13.750542818489022,0.9723102071949569,0.501315444,0.12028978901205398,0.008505772551792242,-9.231374556,20.578439676751263,1.4551154241669122
R:A:VAL:429,50.63799,2.835138231180272,0.20047454688688038,-9.432235,0.8510678820017825,0.06017958706135328,-59.87618500000001,1.8706299315404422,0.13227351096827739,-0.44775999999999994,0.5133599248090953,0.03630002840219274,0.04070887199999999,0.028508350839114068,0.002015844819878276,-19.077481128,3.5391994587643074,0.25025919372640004
R:A:GLY:430,78.190935,1.8346295949795968,0.1297279027575602,-5.114245,0.6633889997392179,0.04690868602801618,-75.828465,1.5311546554071533,0.10826898398837495,-2.054235,0.7231171065429167,0.051132100962849154,0.0009567,0.0024632313267738378,0.00017417675747929173,-4.8050533,2.583271126267734,0.18266485310273248
R:A:SER:431,84.72438,4.90983324213766,0.34717763800106716,-5.249745000000001,1.110270034710025,0.0785079470491682,-73.98146000000001,6.742563654753286,0.4767712482858,-4.3735,2.5696826827450896,0.18170400504666925,0.247885056,0.08236000770023315,0.0058237319943411124,1.3675600560000003,8.798373651695147,0.6221389672526686
R:A:LYS:432,116.38085,3.4249634592941276,0.24218148873830134,-7.82397,0.9703637972946023,0.06861508212849417,-105.90838500000001,12.552457472414515,0.8875927799300054,-13.200435,11.585756934951425,0.8192367293883223,0.728462448,0.1290002120294354,0.009121692470051622,-9.823477552000002,17.449429045211012,1.2338609605702209
R:A:CYS:433,80.61416,2.274176612402828,0.16080857042458904,-8.181475,0.7832015573113985,0.055380713221075434,-75.040915,1.600161238055403,0.11314848624208367,-0.8518549999999999,0.6661375938760701,0.04710304098330595,0.002485872,0.004337357224810518,0.0003066974706091982,-3.457599128,2.9647188801288897,0.2096372824450925
R:A:CYS:434,98.68128499999999,2.4786754353434417,0.17526882086918655,-7.73122,0.8158628448458723,0.05769021501086644,-79.99022,1.8132345605574582,0.12821504536519882,-3.638105,1.0642418634760615,0.07525326384865309,0.040820724,0.04038672547463862,0.0028557727453036455,7.362560724,3.35134681860063,0.23697600615404676
R:A:LYS:435,130.810635,3.19317712345792,0.22579171975268486,-5.80414,1.0425280429801396,0.07371786487683972,-115.21565999999999,6.67421694541015,0.4719384061209682,-18.953689999999998,6.440466698454391,0.4554097676483235,1.2435126839999997,0.14148364586190496,0.0100044045415949,-7.919342316,9.865497737697849,0.6975960350106692
R:A:HIS:436,121.651705,3.460316836356897,0.24468135000419425,-8.354355,0.9538909890417249,0.06745027868641464,-91.553505,2.973406028441961,0.21025155659322708,-7.33412,1.748681779398413,0.12365047443499762,0.5350065839999999,0.06520085994572573,0.004610397020681702,14.944731584000001,4.978652744936391,0.3520439117117541
R:A:PRO:437,81.35456,2.5375362689821794,0.179430910330411,-4.52923,0.6964974997083623,0.04924981051232583,-62.773225000000004,1.498856562308415,0.10598516392342372,-0.7895699999999999,0.942651900279207,0.06665555509858125,0.6909721919999999,0.05541183740140671,0.003918208598454104,13.953507192000002,3.1721338487994477,0.22430373553174718
R:A:GLU:438,85.93069,2.8913152515594005,0.20444686209257407,-5.1335500000000005,0.9156400261565678,0.06474552716211368,-49.35434,10.221221511365458,0.7227495042696327,-86.542105,9.876534225829172,0.6983764325704835,0.960538644,0.15142030114016172,0.010707032174551746,-54.138766356,14.534109059291263,1.0277167074329685
R:A:ALA:439,96.58264000000001,2.2733482510165484,0.1607499964292379,-3.44816,0.4121808636994202,0.02914558837971881,-73.93599,1.7265219894052897,0.12208354065761688,-5.023475,1.1492345580319971,0.08126315491583501,0.628709004,0.06320215823621203,0.004469067467445073,14.803724003999998,3.105417539861703,0.21958618008518557
R:A:LYS:440,143.972905,3.0074403462038948,0.21265814628147922,-7.303275,0.9770623006620406,0.06908873784398582,-160.01688,12.940543496530584,0.9150346058636252,19.090014999999998,11.589646778688943,0.8195117828767777,0.7297201440000001,0.11149491350681816,0.007883880940847871,-3.527514855999999,17.657558090842087,1.2485779065229827
R:A:ARG:441,-186.84967,3.8980281875712492,0.27563221646879377,-13.482305000000002,1.1377998031178422,0.08045459564173449,-2.898915,13.311659163596964,0.9412764463423459,25.343815,10.69528993205771,0.7562712037714215,0.363317112,0.14214592511449162,0.01005123475664922,-177.523757888,17.552746623410584,1.2411666165862898
R:A:MET:442,98.40547999999998,2.7106242232371494,0.1916700769499506,-10.890949999999998,0.9675287528027269,0.0684146142099771,-73.76744500000001,1.6741509779512125,0.11838035092393925,-1.749435,1.029974390834549,0.0728301876207593,0.061758864000000004,0.045082669887883786,0.0031878261591717196,12.059408864,3.485578396331693,0.24646761204034717
R:A:PRO:443,78.43098,2.460936014934155,0.17401445442261398,-9.233195,0.6958589203100007,0.049204656130035086,-53.905460000000005,1.8334959417462589,0.12964774136867946,-4.22315,1.2485396058996288,0.0882850821911607,0.08089603199999999,0.0376316977723272,0.0026609628682375255,11.150071032000001,3.385616689342169,0.23939925195321962
R:A:CYS:444,76.13713,2.1252835535758514,0.15028024126777276,-7.49376,0.6326186310882727,0.04473289239474684,-65.25707,1.5271018777737129,0.10798240933365026,-1.1453499999999999,1.0705863942251461,0.07570188992026552,0.21421090799999998,0.045701620204674755,0.003231592555793765,2.4551609080000003,2.8978130592205793,0.2049063264785806
R:A:ALA:445,93.684895,2.081544365122925,0.1471874135919067,-7.2976350000000005,0.7466127589152225,0.05279349447493508,-84.25283500000002,1.2635694590227322,0.08934785329751913,0.5766549999999999,0.5585751122051537,0.03949722496423008,0.004932288,0.00990574667700805,0.0007004420648028502,2.716012288,2.6074833869685974,0.18437691847567617
R:A:GLU:446,102.75718,2.9240692480856194,0.20676291939803906,-9.454865,1.447440422530406,0.10234949381347717,-130.089755,5.978046564303009,0.42271172638675997,-31.317719999999998,4.828322233612831,0.34141393931414105,0.0056950920000000006,0.00698641197236006,0.0004940139281818681,-68.09946490799999,8.348356117877474,0.5903179222711362
R:A:ASP:447,85.47262,7.394589221559235,0.5228764182653488,-7.2603,1.092590458497602,0.07725781222633735,-89.492575,10.344577765398403,0.7314721086424794,-53.732235,8.152649933596743,0.5764794052686313,0.33418403999999996,0.09165098843887282,0.006480703542757683,-64.67830596,15.1445730759712,1.0708830320194447
R:A:TYR:448,87.51822,2.9905509394758685,0.2114638848787187,-13.546910000000002,0.9911450862008044,0.07008454115923139,-85.521805,1.7349605664034562,0.12268023815951372,-1.542935,0.869517889853337,0.06148419962783121,0.2582397,0.061229548847225715,0.004329582919886625,-12.835190299999999,3.700765068050394,0.26168360751967285
R:A:LEU:449,73.25686999999999,3.289469789054157,0.23260063943484766,-10.19218,0.9487566535208066,0.0670872263400418,-80.07763500000001,1.4408924914007282,0.1018864851630234,1.02902,0.4648262681906004,0.032868180631121034,0.09383767200000001,0.02505715226305687,0.001771808228243136,-15.890087328,3.7434760815256363,0.26470373224564225
R:A:SER:450,84.31220499999999,4.625596836406627,0.3270790890058167,-7.359310000000001,0.7729602020156018,0.05465654004325557,-79.60558,4.550586491167924,0.32177505662807365,-0.09637499999999999,1.1695794818544825,0.08270175827559531,0.086697252,0.03310538451900077,0.0023409041887173594,-2.6623627480000005,6.638558812824825,0.469416995385415
R:A:VAL:451,57.418815,2.8091847466435875,0.19863935839574942,-9.147920000000001,0.7920095602958338,0.056003533084975986,-60.552755,1.6354530702453676,0.11564399562828584,0.28525,0.6823220921969331,0.0482474578345844,0.077326956,0.033429344776607035,0.0023638116382161925,-11.919283043999998,3.4147014200281394,0.24145585298292305
R:A:VAL:452,45.702995,2.9148377184630707,0.2061101516783562,-10.365185000000002,0.8377235288417055,0.05923599880034943,-48.11929,2.0724116810855895,0.14654163531058328,-0.58598,0.6039178748803516,0.04270344246076656,0.032672052,0.01839322340673586,0.0013005972998782057,-13.334787947999999,3.7226341375318217,0.2632299842525286
R:A:LEU:453,57.416615,3.057506416473234,0.2161983520609604,-10.859705000000002,1.0289585501734266,0.07275835683875083,-61.168330000000005,1.5768151765822143,0.1114976704039147,-1.034405,0.5430945598834516,0.03840258461191121,0.022084199999999995,0.011687377567204716,0.0008264223932057989,-15.6237408,3.6316023435419513,0.2567930643691472
R:A:ASN:454,32.70684,3.1621782025053555,0.22359976503118245,-10.717235,0.9555173885257138,0.06756528249681931,-95.92282999999999,2.6538735032212815,0.18765719505390668,-2.304165,1.1388569435073923,0.0805293467555462,0.04124973600000001,0.011285307660524989,0.0007979917574533711,-76.19614026400001,4.387772958029959,0.3102624012929941
R:A:GLN:455,34.22384,2.8942416717337203,0.2046537912475603,-10.520109999999999,0.8600731119503736,0.06081635297763258,-74.788385,2.5137685089870545,0.1777502759037943,-5.382664999999999,2.217705749817816,0.15681547743725746,0.200642832,0.10645545514196901,0.007527537422518661,-56.266677167999994,4.512753514848722,0.31909986121729583
R:A:LEU:456,70.84337,2.835603878030216,0.20050747309140374,-10.463545,0.94873317006153,0.06708556580871179,-72.3108,1.74782572929912,0.12358994255197306,-2.9660400000000005,0.6354793139040799,0.04493517321653495,0.02066868,0.01278391165319911,0.0009039590620066818,-14.876346319999998,3.521311708422325,0.24899433876970128
R:A:CYS:457,97.90428,1.994302886123369,0.14101850945177372,-8.278545,0.7112715290063282,0.05029449214252988,-85.940215,1.5776417555246824,0.11155611836145522,-2.5942250000000002,0.764448078272815,0.054054642001173214,0.08476091999999999,0.020810472464526126,0.0014715226199362348,1.1760559200000011,2.748985019691667,0.19438259488042126
R:A:VAL:458,53.27186,2.8454572884511906,0.20120421442405229,-8.75269,0.8042065244077543,0.056865988688318776,-50.261945,2.288644123050808,0.16183157791319655,-4.226075,0.8444907278206197,0.05971451202911232,0.094016628,0.033618145525522614,0.002377161867201323,-9.874833372000001,3.833479099376776,0.2710679066706217
R:A:LEU:459,64.07522,3.521871736960334,0.2490339387673897,-8.782119999999999,0.9376568272027885,0.06630235009409546,-61.90398499999999,2.620923807510436,0.1853272997263895,-5.814310000000001,0.8606228000117124,0.06085522179320358,0.24088377599999997,0.07144979228745892,0.005052263264083248,-12.184311224000004,4.571411066475309,0.3232475764695918
R:A:HIS:460,110.48741,2.497674945204039,0.17661228909535145,-12.913595,1.1331605142145573,0.08012654837739486,-91.557225,1.5304776850300694,0.10822111495394511,-6.568119999999999,1.4424279689468031,0.10199505982154232,0.100217808,0.04159433639417674,0.002941163732327678,-0.4513121919999999,3.456461103740366,0.24440870853623514
R:A:GLU:461,104.429715,2.9663769035264216,0.20975452240386858,-5.412389999999999,1.2124359562055227,0.0857321686387321,-67.76034,10.906564831531512,0.7712105951826647,-84.010805,9.751880418512883,0.6895620773250767,0.626663016,0.1110787582455248,0.007854454320119171,-52.127156984,14.97778553370235,1.0590893718038705
R:A:LYS:462,135.230635,3.497893053221467,0.24733838977982164,-5.565354999999999,1.1045990399122207,0.07810694716140812,-191.71376500000002,14.509788897147159,1.0259970122758033,50.62129999999999,15.350106808097461,1.0854164615943505,0.8964027719999998,0.16613333635712976,0.011747400871927206,-10.530782228,21.439280491564407,1.5159860619345649
R:A:THR:463,55.74254,4.5361672013275705,0.3207554588654728,-4.32081,0.7386827423867435,0.05223275762871418,-57.422200000000004,4.088218289181731,0.28908068752512683,-6.461615000000002,2.03723038136952,0.1440539417505644,0.7334934479999999,0.057091593271914355,0.004036985275131491,-11.728591552000001,6.47993525655136,0.4582006161557257
R:A:PRO:464,87.426275,2.592512048067473,0.18331828494963345,-5.463145000000001,0.5968989562522287,0.04220712996491233,-59.040945,1.3115345256511548,0.09273949568482134,-6.424855,0.8522495256525521,0.060263141885193806,0.719845632,0.06392291295509439,0.004520032522374465,17.217175632,3.0867369969112475,0.21826526622553422
R:A:VAL:465,51.493359999999996,3.1218230684008983,0.22074622613308703,-7.743965,0.8432901302487774,0.059629616960659736,-51.36497,1.463668609726942,0.1034969999347807,-4.12089,0.9216500734552132,0.06517050168212608,0.128174724,0.048319029673177666,0.0034166713542257937,-11.608290275999998,3.6675628010715173,0.2593358527065199
R:A:SER:466,63.213770000000004,3.1297909046931554,0.22130963724045094,-7.302630000000001,0.6951082384060773,0.04915157490355726,-59.29072,2.721773469927282,0.1924584477439221,-2.2352100000000004,0.8722402913761781,0.061676702485622556,0.105788412,0.019481660703416843,0.0013775614392161535,-5.509001588,4.295113508721715,0.30371038879830703
R:A:ASP:467,91.25210500000001,5.1398494077137125,0.3634422370472026,-4.935694999999999,1.1340039823453003,0.08018619058089117,-79.20381499999999,10.406415627908343,0.7358447058339653,-67.222505,10.83256570762324,0.7659780669509245,0.7187292,0.06124175940746313,0.004330446336881222,-59.3911808,15.916838051252368,1.125490412108862
R:A:ARG:468,-177.91276000000002,3.8182229220410906,0.26998913202571695,-9.19826,1.542094462865359,0.1090425451922322,-18.630395,8.785306863108142,0.6212150057708483,31.801765,7.376235657147553,0.5215786252799044,0.48144149999999997,0.10630444437899104,0.007516859349065273,-173.45820850000004,12.188463865411618,0.8618545451479754
R:A:VAL:469,62.160205000000005,3.220003393317312,0.2276886234858365,-8.919885,0.9531643519220596,0.06739889768293691,-74.228475,1.9918880765181055,0.1408477566270581,0.8529300000000001,0.5685509608645473,0.04020262398774487,0.035059788,0.024951183540021824,0.0017643151079779597,-20.100165212,3.945685618594701,0.27900210573385503
R:A:THR:470,47.485825000000006,3.1168516285468257,0.22039469224977945,-7.66222,0.9421153706420461,0.06661761672410683,-57.253645,2.8843672666591886,0.2039555653687219,-0.8897400000000001,1.05150572152509,0.07435268261468446,0.331732296,0.04177802871629517,0.0029541527409898626,-17.988047704,4.47541390946507,0.31645955239993484
R:A:LYS:471,113.96472000000001,3.5288509052664723,0.24952744049102094,-7.13003,1.0181084171639088,0.07199113657597023,-131.90173000000001,14.974820375119698,1.0588797034297617,11.611044999999999,13.528628723302855,0.9566185110402553,0.976412952,0.07931264811969962,0.005608251131930208,-12.479582048,20.51254894831276,1.4504562460772934
R:A:CYS:472,81.05689000000001,2.386274122539152,0.16873506138174127,-7.8621550000000004,0.7488476754153678,0.05295152693619892,-76.75579499999999,1.4087515227942078,0.09961377547746594,0.2909,0.7537005439828208,0.05329467656342423,0.041273423999999996,0.022449988415164584,0.001587453904592231,-3.228886576,2.9678656293420422,0.20985979121582385
R:A:CYS:473,98.67483,2.3600969325644234,0.16688405452738736,-7.978479999999999,0.6450982480211832,0.045615334570733995,-88.54135500000001,1.6615868827644853,0.11749193523333845,0.038565,0.9554066284964743,0.06755745058004335,0.06473116799999999,0.022689473171754695,0.0016043880341297988,2.2582911679999995,3.1081179011811657,0.2197771244652502
R:A:THR:474,41.202844999999996,3.8493776303416896,0.27219210257624116,-5.671945000000001,0.8277587160368655,0.05853138012959373,-50.00148,3.1488355942474993,0.22265630015339788,-4.924365,1.3785414000946798,0.09747759721533455,0.582189804,0.10378759657494332,0.0073388913341196115,-18.812755196,5.227734355294635,0.3696566412870721
R:A:GLU:475,90.073735,2.8052133635028547,0.1983585392007992,-5.407629999999999,0.855685884597847,0.060506129156474714,-56.867955,13.747640618774373,0.9721049906850983,-83.33926500000001,13.141229479191626,0.9292252477864961,0.886740516,0.08844475198464262,0.0062539883888703155,-54.654374484,19.243148849130144,1.3606961042602033
R:A:SER:476,63.91749,3.6149601546766736,0.2556162839091047,-7.108129999999999,0.7243052002436542,0.051216111874096804,-55.834945,3.3472670586577045,0.2366875235619212,-2.7010750000000003,1.4346497410082364,0.1014450560494448,0.114085944,0.04292112371155331,0.003034981763258606,-1.6125740560000004,5.182356009307993,0.36644790767045365
R:A:LEU:477,76.80885500000001,3.2339538453686996,0.2286750694104519,-9.34648,0.9094224923543512,0.0643058811307333,-73.285105,1.8831909526054438,0.13316170928564636,-1.24841,0.8981711317449476,0.06351028979228483,0.16511425200000002,0.04096810367782839,0.002896882392294599,-6.906025747999999,3.9547825066581037,0.27964535285758774
R:A:VAL:478,48.83134499999999,3.1641249115632273,0.2237374181487643,-7.38815,0.8317338020665026,0.05881246115832937,-54.62076999999999,2.264150208599244,0.16009959661254614,-0.6500100000000001,1.070459770332356,0.07569293625894032,0.1528263,0.050488614572329074,0.0035700841736807827,-13.674758700000002,4.120470478073644,0.2913612616724849
R:A:ASN:479,29.781589999999998,6.614024077057779,0.4676821275818652,-7.472004999999999,0.9339820581654661,0.06604250468353695,-83.724195,5.941438692520104,0.42012315894851,-7.72596,3.5478131205575076,0.250868271592882,0.440893152,0.0974878210033689,0.006893429931458249,-68.699676848,9.618462066645272,0.6801279751910445
R:A:ARG:480,-170.78808,4.191931043516818,0.2964142867137142,-14.879559999999996,1.2198826568158103,0.08625872988863215,8.32779,5.743778129062787,0.40614644646912773,15.18558,4.7205652811501295,0.33379437213350377,0.051417036,0.016558104522785933,0.0011708347991657576,-162.10285296400002,8.621797811960414,0.6096531698856547
R:A:ARG:481,-172.02628,4.2163399058425055,0.29814025392086846,-10.951189999999999,1.7257127900957332,0.122026321625705,-16.454845,6.24554290362135,0.4416265739342176,32.407885,4.847565788287458,0.34277466411459734,0.030911436,0.017027665036836497,0.001204037741532017,-166.99351856399997,9.124779285529408,0.6452193309628385
R:A:PRO:482,83.2775,2.6221142690584633,0.1854114780697247,-9.67586,0.7200214860682977,0.050913207539890856,-59.874775,1.643362800593649,0.11620329802494853,-4.715235,1.1112789072843055,0.0785792851130309,0.19391119199999998,0.04359632629843868,0.0030827257960447407,9.205541192,3.366214034225501,0.23802727705261767
R:A:CYS:483,80.626075,2.17565460479714,0.15384201245717957,-6.926445,0.6486418248733271,0.04586590329291466,-67.17109,1.7786931190905302,0.12577259661587653,-3.72595,1.1970755730111613,0.08464602552689642,0.177362712,0.04359395184969878,0.0030825578971641846,2.979952712,3.122955130703589,0.22082627502618285
R:A:PHE:484,104.06059,3.1498145583351413,0.22272552336788887,-12.018215,0.7691394924036862,0.054386375075702556,-81.970105,2.5159930413208613,0.17790757409361466,-2.614605,1.0166532048712578,0.07188823752795027,0.13532835599999998,0.04208198518911939,0.0029756457093018177,7.592993356000002,4.228295510853335,0.298985642858503
R:A:SER:485,71.17892,3.3792727077878757,0.23895066471554333,-5.582204999999999,0.7628958139713443,0.053944880339796844,-65.3873,3.1436961128582386,0.22229288393918503,-6.3006150000000005,1.435001950094494,0.10146996099277363,0.290036124,0.06587304457170796,0.004657927651405839,-5.8011638759999995,4.893658055213007,0.3460338795649289
R:A:ALA:486,82.81739499999999,2.1770263064499247,0.15393900641122446,-3.6197000000000004,0.39182705368567905,0.027706356671348905,-64.38099,1.4512903189575819,0.10262172260052936,-5.9232949999999995,0.8313180125409289,0.05878306039902141,0.59911992,0.051951472389559855,0.0036735238419283466,9.492529920000003,2.7736265362037194,0.1961250132228605
R:A:LEU:487,76.030705,5.036100229143081,0.3561060622762198,-5.097905,1.1502317835875515,0.08133366941110551,-83.043835,4.02070008552926,0.28430642955950713,-0.365275,1.1578325264799743,0.08187112309523426,0.693950436,0.16597899398040555,0.01173648721780659,-11.782359563999998,6.649773908753796,0.47021002242371834
R:A:GLU:488,102.51777000000001,2.995366953663607,0.21180442850776274,-5.240225000000001,1.0606624695797433,0.07500016247899066,-101.272875,12.341214302465337,0.8726556321349648,-50.325095000000005,11.78983826589555,0.833667458690739,0.708760152,0.1310228222795376,0.009264712612406089,-53.611664848000004,17.36145880497325,1.227640525228748
R:A:VAL:489,49.89275,3.233114252156889,0.22861570120510097,-6.64973,0.8203201003876475,0.05800539057277349,-53.65361499999999,2.931733583867231,0.2073048697784859,-2.7983000000000002,1.3591784025653144,0.0961084265296233,0.379316196,0.09337026777345336,0.006602274950381263,-12.829578804,4.645115561348187,0.32845927128244595
R:A:ASP:490,94.091515,2.9536615343967556,0.20885541003018088,-6.37624,1.3288176558128657,0.0939615975385689,-114.32627499999998,7.862606540414889,0.5559702402529069,-43.983265,6.467138301039727,0.4572957347536439,0.07064125199999999,0.03417922980530275,0.002416836517106293,-70.523623748,10.683421757848704,0.7554319971250724
R:A:GLU:491,103.78765,3.2170847265031735,0.22748224257620633,-4.572305,0.8323507926199145,0.058856088978753926,-67.563115,15.648098710762756,1.1064876711056817,-86.87125,14.630494056165704,1.0345321559224245,0.988761672,0.14356709525249722,0.010151726660829578,-54.230258328,21.678962223307398,1.5329341197187654
R:A:THR:492,39.480675,4.644211626247775,0.3283953534185205,-4.430185,0.6503114644345431,0.045983964638501976,-48.89976500000001,3.8322616050806086,0.2709818168233341,-5.949860000000001,1.4096417915201012,0.0996767269827817,0.7027583759999999,0.05901599618624957,0.00417306111017765,-19.096376624,6.218392759236977,0.43970676881377924
R:A:TYR:493,90.151785,3.413265831835399,0.24135434156831523,-12.570405000000001,0.9447089927459144,0.0668010135018549,-82.36534,2.158314104665955,0.15261585393398686,-8.19823,1.2717373066400153,0.08992540734130705,0.261763668,0.0828203780692951,0.005856285095323218,-12.720426332000002,4.3388193654810685,0.3068008595675177
R:A:VAL:494,64.397575,3.5556689728340856,0.2514237642345588,-3.6262350000000003,0.6411325134283863,0.045334914788438714,-54.675385,2.6095715197662237,0.18452457176179812,-3.7730799999999998,1.3181691710854109,0.09320863596255444,0.9006184440000001,0.05728233659710176,0.0040504728650021,3.2234934440000003,4.648069221796404,0.3286681266156716
R:A:PRO:495,88.77838,2.55841814322835,0.18090748181874622,-5.93119,0.7876928360090626,0.055698294583407124,-56.02989,1.3969501236264663,0.09877929053956602,-7.363659999999999,1.3117799946637394,0.09275685296515833,0.49119436799999994,0.09738712154211242,0.0068863094042666195,19.944834368,3.293582252387551,0.23289143450589003
R:A:LYS:496,124.600005,3.4318686899377426,0.24266976227967707,-6.180975000000001,1.4223913893071063,0.10057825968804093,-137.857265,16.037573997172235,1.1340277327181532,7.457225000000001,15.646171662562539,1.106351408220677,0.8911646999999999,0.30466171810065734,0.02154283668369191,-11.0898453,22.7134366871457,1.6060825105532033
R:A:GLU:497,95.56676499999999,3.013044022209931,0.21305438601182328,-3.8865950000000002,0.818658641299901,0.057887907674012536,-52.30120000000001,11.121336865233424,0.7863972713266495,-98.53285,10.676524547693411,0.7549442907178648,1.1367280800000001,0.08378272731935145,0.005924333463381682,-58.017151919999996,15.729843161444652,1.1122678766458354
R:A:PHE:498,90.51530999999999,3.2261520119021054,0.2281233964754602,-10.303490000000002,1.1238836015798077,0.0794705715941442,-63.508535,2.6411645535208517,0.18675853660241343,-7.65379,1.6928695094129376,0.1197039509769832,0.34373865600000003,0.14084717342362843,0.009959399143880533,9.393233656,4.6403196500603725,0.3281201491430876
R:A:ASN:499,25.422834999999996,3.346317539889931,0.23662038244596553,-6.24951,1.1828500496259027,0.08364012912173201,-88.92263999999999,4.88998245501965,0.3457739753827636,-6.901544999999999,2.507075311588186,0.17727699537693828,0.362169288,0.17943664637106507,0.01268808694423526,-76.288690712,6.544198030019485,0.4627446804454423
R:A:ALA:500,91.195875,2.3219760914735965,0.16418850400340151,-3.5924800000000006,0.9533667917438703,0.06741321234001536,-77.69674,3.074421715119772,0.21739444429883667,-3.668835,1.98935793103579,0.1406688483242647,0.525887388,0.1537571153903814,0.010872269894822114,6.763707388,4.4422670248064975,0.31411571370820635
R:A:GLU:501,108.402225,3.0150503717807107,0.21319625635051617,-4.61409,0.8856711307816237,0.06262640624768437,-55.732505,10.332348274713498,0.7306073530631039,-102.278205,10.754707979437425,0.7604726941941276,1.015814232,0.1262380601318278,0.008926378836305059,-53.206760768,15.241786074376284,1.0777570290586158
R:A:THR:502,39.303175,3.3157914627393263,0.2344618628303439,-6.847,1.1121271420120993,0.07863926436583699,-51.06464,4.062009677536477,0.28722745882314243,-0.8702850000000001,2.1146979698706385,0.14953172746569537,0.166064616,0.09512989064415739,0.006726699076801839,-19.312685384,5.763004392211059,0.4075059485740297
R:A:PHE:503,100.70828499999999,2.78501511194733,0.1969303071364969,-12.527535,1.0194057674817225,0.07208287309670029,-75.43924,1.791362286752738,0.12666844205247016,-4.1376599999999994,1.0024303838172504,0.07088253220646112,0.06986286,0.03730171029871418,0.0026376292302076874,8.673712859999998,3.607039537756858,0.2550562117155864
R:A:THR:504,39.314715,4.124723853032466,0.29166202070011615,-6.142525000000001,0.9719202690421679,0.06872514130123705,-51.92956,5.167906303949405,0.36542615920593313,-2.3133350000000004,2.929649824258012,0.20715752572348176,0.36421491599999994,0.1213101120039024,0.0085779202824459,-20.706490084,7.298136452245833,0.516056177540776
R:A:PHE:505,91.84624,3.423339273633275,0.24206664146883186,-11.77411,1.0117968511020383,0.07154484145974468,-63.909295,2.9385517739143205,0.20778698862025743,-4.59117,1.7451676025814828,0.12340198460924363,0.129721212,0.04848908480918005,0.0034286960682100823,11.701386211999997,4.9422699572889215,0.3494712601253545
R:A:HIS:506,107.72057000000001,3.4364526702837046,0.24299389863842263,-7.346975,0.8918089506026501,0.06306041564939927,-84.04844500000002,4.93030393657176,0.34862513468606215,-8.250665,2.5400968372829804,0.17961196985132977,0.788934564,0.07767291276169,0.005492304332830212,8.863419563999999,6.58563224683871,0.4656745220140451
R:A:ALA:507,83.860555,1.9599115992755896,0.13858667823739407,-4.50842,0.6115039358826728,0.04323985797849017,-73.37528,1.6461575658484215,0.11640091777129595,-1.99913,0.9837499748919947,0.06956162782382252,0.358703208,0.07048202793459292,0.004983831990433033,4.336428208,2.8102948246646244,0.19871785276538154
R:A:ASP:508,96.48748499999999,4.129341184713974,0.2919885153544143,-5.02707,1.0357929981902756,0.07324162529258892,-68.68979999999999,8.371313367686101,0.5919412449728436,-85.76997,7.625942520705227,0.5392355669329499,0.598661496,0.08052242219292949,0.005693795077018659,-62.400693504,12.09812780741098,0.8554668212281842
R:A:ILE:509,77.67721499999999,3.08961323449635,0.21846864693560716,-9.65505,1.05575944584929,0.07465346634617846,-64.70392,2.1931421006400837,0.15507856514683127,-0.6530400000000001,1.001214416795923,0.07079655035381315,0.063341964,0.05305171525586241,0.003751322761099812,2.7285469640000004,4.058996798812065,0.28701441612545
R:A:CYS:510,93.100705,2.0867684988936843,0.14755681563341966,-5.73976,0.5095510105965839,0.036030697495330284,-84.240485,1.269127400923564,0.08974085913827103,-2.85033,0.6411851145340166,0.04533863424828763,0.37943539200000004,0.04845799639712661,0.0034264977855121516,0.649565392,2.5765084685800717,0.18218666099175354
R:A:THR:511,38.18556,4.888226960401901,0.34564984316790887,-3.82913,0.8655745335324971,0.06120536222832114,-44.965885,3.812072836630355,0.26955425531583616,-7.129560000000001,1.1405041106458145,0.0806458190608788,0.859135608,0.04995667103451886,0.0035324700854013863,-16.879879392,6.3623208577260435,0.4498840222582697
R:A:LEU:512,67.868255,3.0085544834646085,0.21273692768270153,-8.652339999999999,1.058557204122668,0.0748512977309011,-72.428815,3.3084013784265958,0.2339393049572367,-2.29784,1.9467082715188735,0.13765306197829383,0.34927236,0.08041141394291733,0.005685945608383534,-15.161467640000001,4.991352742998866,0.3529419371868573
R:A:SER:513,72.20721999999999,3.4900893443578203,0.24678658423423264,-4.672655,1.1909150834442395,0.08421041313207647,-75.39693,6.02210280260143,0.4258269728721984,0.37952500000000006,3.5027571396508494,0.24768233262967101,0.401816412,0.06114951788102222,0.0043239238759958856,-7.081023587999999,7.882751510455413,0.5573947047451523
R:A:GLU:514,99.47856,2.7820819338042506,0.19672290012095692,-5.604170000000002,0.9997669383911433,0.07069419817424907,-73.57433,12.415304208560498,0.877894579636701,-69.38279,11.92898630881518,0.8435067111644696,0.890795808,0.10818771314622347,0.00765002656067596,-48.191934192000005,17.469737014213347,1.2352969508295888
R:A:LYS:515,123.99701499999999,3.2102939405566895,0.22700206149697183,-6.09234,0.796633808220565,0.056330516791522504,-107.68881000000002,13.655904499662409,0.9656182674947177,-23.72286,12.751125492692791,0.901640730364373,1.201873572,0.14024779611624852,0.009917016768026766,-12.305121428000001,18.974593831958313,1.341706396883816
R:A:GLU:516,104.98323,3.0362198746302944,0.21469316625244503,-7.559729999999999,1.3439914200246965,0.09503454469560003,-87.61879,10.933527019489182,0.7731171097767141,-66.60415,9.996225273947163,0.7068398677476392,0.5529918239999999,0.10580723189898611,0.007481701117435066,-56.246448176,15.18231444964575,1.0735517501451015
R:A:ARG:517,-191.39578999999998,4.258182413413027,0.301098966005365,-12.233805,1.2789182604744527,0.09043317745647887,-2.3386700000000005,12.52349164854195,0.8855445868817108,30.307064999999998,10.24660672568119,0.7245445099880855,0.288875412,0.11459739711276454,0.008103259660476349,-175.372324588,16.781289414349988,1.1866163541940904
R:A:GLN:518,34.208265000000004,2.9890836714242375,0.21136013335980602,-8.501055,1.063255421794312,0.07518351188841209,-82.71941999999999,4.27886684340609,0.30256157607667233,-5.659109999999999,3.096742841745178,0.21897278629889147,0.48029975999999996,0.14311655159644393,0.010119868413387991,-62.19102024,6.163126911364949,0.4357988832339457
R:A:ILE:519,93.85622500000001,3.090540925853434,0.21853424462055143,-6.683105,1.2569260574811074,0.08887809386949633,-74.815225,2.346408790977182,0.16591615675356935,-0.72962,0.7728663115959965,0.054649900988016434,0.604713924,0.20390174897481733,0.014418030939589049,12.232988924,4.156421393646221,0.2939033752916083
R:A:LYS:520,139.071525,3.4361382305394828,0.24297166439088125,-9.828339999999999,1.1795896211818753,0.08340958201549747,-150.90994999999998,10.767235385998582,0.7613585156071351,17.3945,11.702261765146087,0.8274748649354855,0.39633897599999995,0.19317338823314412,0.013659421276443783,-3.875926023999998,16.312942157967598,1.15349920210028
R:A:LYS:521,128.72491000000002,3.4087527237832904,0.2410352166375279,-10.52508,1.093177690771267,0.07729933581862135,-113.567785,10.255210762279585,0.7251529072505157,-17.770010000000003,10.041587901816127,0.7100474899254979,0.40918672799999994,0.10541825729516693,0.007454196459428077,-12.728778272,14.792855740969902,1.0460128607554167
R:A:GLN:522,40.34785,3.0973763231967797,0.21901758020190984,-10.386040000000001,1.0560720753812214,0.07467557259238124,-87.91403999999999,3.6808505699634155,0.26027543985554996,-6.980274999999999,2.6156638964849823,0.18495536785093586,0.178005348,0.10081327772904765,0.0071285752315852335,-64.754499652,5.577593582418988,0.3943954244831035
R:A:THR:523,38.710875,3.211338186702702,0.2270759008500792,-8.40215,0.9353273584686806,0.06613763178025048,-49.9538,2.647782475959836,0.18722649438581065,-2.6606,0.9491462795586358,0.0671147770613894,0.18255941999999997,0.06062352499882203,0.004286730562609924,-22.12311558,4.370679138149847,0.3090536856976332
R:A:ALA:524,82.162615,2.0216375136940345,0.14295135950341636,-7.908019999999999,0.7390212781781049,0.05225669572408879,-66.51729999999999,1.3328270517962935,0.0942451046474033,-1.962175,0.6011389892321076,0.04250694557216503,0.0010341360000000002,0.003740940779309932,0.00026452445930673406,5.776154136,2.60211081919812,0.1839970205653873
R:A:LEU:525,87.524215,2.85978487106548,0.20221732750650973,-10.899405000000002,0.9559411911697289,0.06759524986916611,-87.652225,1.6072689925382744,0.11365108038146843,-2.102715,0.6247501450780143,0.04417650641319432,0.08677972799999999,0.053218435387594916,0.0037631116546706493,-13.043350272000003,3.473996492480254,0.24564864776510684
R:A:VAL:526,51.73533499999999,2.9920516878514984,0.21157000381404495,-10.398975,1.003523539522118,0.0709598299876416,-60.49184999999999,1.586247139477326,0.11216461089621806,0.4450449999999999,0.5998170329150382,0.042413469144541804,0.0006057,0.001162674257907175,8.221348520772004e-05,-18.7098393,3.5826518962126968,0.2533317450442841
R:A:GLU:527,89.22382499999999,3.110764115836332,0.21996424009796453,-9.763505,1.2644604936394812,0.08941085895949664,-80.59213,13.662739564710291,0.9661015795792385,-55.747895,12.3023142641527,0.8699049840470365,0.15215155199999997,0.07421195366102752,0.005247577567881439,-56.727553448,18.689532091668084,1.32154948792221
R:A:LEU:528,80.06473,4.427417448931149,0.31306569012828606,-10.97936,1.0283923815353748,0.07271832267042468,-82.39329,3.690366268529453,0.26094830135392716,-1.15614,0.7653832963946888,0.05412077190875977,0.036060912,0.03446005689495384,0.0024366939910496106,-14.427999088000002,5.904694610165812,0.41752495996839034
R:A:VAL:529,64.79834499999998,2.9872939503796747,0.2112335809711018,-10.280245,0.8104499768492809,0.05730746744426069,-63.408829999999995,1.6193738299416849,0.11450702164277964,0.12942,0.6992240439229761,0.049442606302661674,0.00289206,0.0045442647528065525,0.00032132804222165235,-8.75841794,3.562591869130135,0.2519132869261976
R:A:LYS:530,124.19671999999998,3.272858859101627,0.23142606931372275,-11.25269,1.2529338425870697,0.08859580164714352,-142.08797,8.864643130950057,0.6268249270693533,17.65951,7.85588059099042,0.5554946438081109,0.138257892,0.07397844969579408,0.005231066344156388,-11.346172108000001,12.352476627604661,0.8734519987827591
R:A:HIS:531,117.03308000000001,3.08335018666385,0.21802578257628152,-11.215340000000001,0.8952570772688703,0.0633042350242067,-91.69318000000001,3.0268193450551353,0.21402844843151106,-5.506005,2.63245678121693,0.1861428041179003,0.284288616,0.09164000847084063,0.006479927141772406,8.902843616,5.138909957542312,0.3633758078885242
R:A:LYS:532,140.21587,3.296214831151027,0.2330775859354562,-7.34524,1.2783081601867368,0.0903900368514141,-148.415005,14.479796068141809,1.0238761989981382,17.420075,13.040637456404307,0.9221123176418775,0.539352828,0.16163535821229963,0.011429345787143377,2.415052828000001,19.805250551277418,1.4004426967906871
R:A:PRO:533,94.00263500000001,2.739750485313398,0.1937296146924238,-7.235125,0.80339151686771,0.05680835895249043,-68.57186,2.4731427193754913,0.17487759877125486,-0.39947999999999995,1.4226628938719108,0.10059745795993057,0.1766952,0.06470605119923792,0.004575408758678507,17.9728652,4.036862908771092,0.28544931375124905
R:A:LYS:534,116.62737000000001,3.143097776573296,0.22225057517473376,-3.9635000000000002,0.7391981466426982,0.052269202213157985,-104.228505,13.022323566475185,0.920817330065999,-19.591725,12.126007219170498,0.8574381933392489,1.3897011600000002,0.17377624742118009,0.012287836296066773,-9.76665884,18.08526023773553,1.2788210153626225
R:A:ALA:535,98.60069,2.5318987053000357,0.17903227437950953,-5.149405000000001,0.7414783617712657,0.05243043777115541,-96.22302500000002,3.3498839717779783,0.23687256726323336,2.16247,2.1063610395893675,0.14894221747207875,0.090724644,0.06231961127933697,0.004406661973652882,-0.5185453559999984,4.756328878694156,0.3363232403678046
R:A:THR:536,56.467360000000006,3.857036466044883,0.27273366404241334,-5.181165000000001,1.0750106082151003,0.07601472909163723,-59.991885,5.887517215412197,0.4163103347370504,-6.50936,2.0338357923883628,0.14381390806177266,0.5396432400000001,0.08500104164894923,0.006010481295789215,-14.675406760000001,7.405332556842494,0.5236360867884842
R:A:LYS:537,117.393145,3.089335115194692,0.21844898093118906,-5.661040000000001,1.0826843161328237,0.07655734218218394,-84.82778,11.668066565271214,0.8250568991639303,-38.70529,10.57475005358992,0.7477477472246239,1.1865193920000001,0.25265642264801885,0.017865506976474852,-10.614445608,16.085681462648086,1.1374294442245203
R:A:GLU:538,95.169815,2.97851839859602,0.21061305575361416,-4.969405,1.2306803488213338,0.08702224201245909,-99.43890999999999,18.835078206153007,1.3318411523749745,-51.063230000000004,18.40256773515859,1.3012580436775405,0.874529172,0.10437873598541426,0.007380691202696674,-59.427200828,26.529449884444944,1.8759153914439688
R:A:GLN:539,29.926914999999997,3.147130378261282,0.22253572317467368,-7.7993,1.0539663894071765,0.07452667810925158,-69.456975,4.47241968450804,0.31624782872278345,-10.371690000000001,3.29863207313274,0.23324851075515998,0.6334275599999999,0.16209143919845242,0.011461595582951267,-57.06762244000001,6.4749563543479915,0.4578485546046391
R:A:LEU:540,78.13577500000001,3.3452442832138582,0.23654449173860506,-10.233855,1.0840088163732802,0.07665099849235493,-72.70620500000001,1.759282667161534,0.12440007039738765,-4.530654999999999,1.1645000154465435,0.08234258576140902,0.065116296,0.045197276837282835,0.0031959300942808366,-9.269823703999998,4.101086808534234,0.2899906292549253
R:A:LYS:541,122.24124499999999,3.259354539625139,0.23047116972600934,-6.11069,1.0685788196946446,0.07555993296384003,-125.361345,11.045382932971359,0.7810265172706204,-5.87472,10.333918552107908,0.730718388442497,0.970293816,0.08522688292511316,0.006026450685573949,-14.135216184,15.51008939716413,1.0967289389544326
R:A:ALA:542,95.89298500000001,2.339006428972567,0.16539273071654328,-4.979195,0.7670811215086706,0.0542408262738963,-80.780435,2.58597773110578,0.18285623896622993,-6.883814999999999,1.7412575400482835,0.12312550143603476,0.447608124,0.06793001045594373,0.004803377103947088,3.6971481240000004,3.972812310520161,0.2809202525150202
R:A:VAL:543,56.506229999999995,3.1113265590580492,0.22000401083957538,-8.210375,0.8789622713034958,0.06215201824458318,-57.417,2.2989208598818704,0.16255825294336793,-3.3109450000000002,0.9476462905404104,0.06700871182074014,0.114592824,0.06935829511869669,0.004904372080996824,-12.317497176000002,4.079314748404659,0.28845111211912294
R:A:MET:544,82.31574,2.794392819987913,0.19759341123124524,-11.692404999999999,1.0461392502793305,0.07397321579379254,-69.432555,2.4463962530577503,0.17298633800064964,-0.847345,1.9580952622318968,0.1384582438133425,0.090268776,0.056595619794661,0.004001914654226039,0.4337037759999997,4.327266262954585,0.3059839318534957
R:A:ASP:545,83.73222,6.087520829664569,0.43045272592701744,-5.88913,0.9476655122457501,0.06701007100055931,-95.34038000000001,15.369036746836153,1.086755010399308,-49.80851,17.56196593294441,1.2418185202152126,0.511039044,0.0950517423406918,0.006721173157269965,-66.79476095599999,24.137003802541898,1.7067439066302859
R:A:ASP:546,87.30022500000001,6.9916508490037605,0.4943843727019241,-7.746814999999999,0.8343406023771108,0.058996789776012394,-41.573359999999994,11.875671250518854,0.8397367672384008,-101.11048000000001,7.955525919108051,0.5625406325306643,0.397946592,0.06681722777508159,0.004724691485984632,-62.732483408,15.93441968435241,1.1267336213077994
R:A:PHE:547,91.87485999999998,3.246014744328805,0.22952790375464152,-12.539645,0.9314585599880437,0.06586406641618023,-67.95056500000001,1.6569049869485573,0.11716087520531328,-3.65128,1.5717413214648268,0.11113889466788843,0.141358536,0.06193362165648561,0.004379368385674299,7.874728535999999,4.077225461050871,0.2883033771935518
R:A:ALA:548,84.38647499999999,2.169966280700002,0.15343978720291226,-4.66123,0.5539410953341519,0.03916955048886826,-73.40953,1.6335868018259698,0.11551203052279879,-1.044365,1.0757229995565774,0.07606510276647893,0.35078507999999997,0.06611358628294187,0.004674936518923011,5.6221350800000005,2.9741824445788785,0.21030645750477078
R:A:ALA:549,94.35274,2.301866968875482,0.1627665743081177,-4.814965,0.6397042158490125,0.04523391889804596,-77.60772499999999,1.8277094844025403,0.12923857704600047,-3.54208,1.0452260920968248,0.07390864575947796,0.239005224,0.04538781132615478,0.003209402917193963,8.626975224,3.184790828699269,0.22519871916339773
R:A:PHE:550,107.52357,3.074608436061411,0.21740764746323893,-8.803289999999999,0.9356935694446126,0.06616352680669313,-79.327425,1.81305059895608,0.12820203731561758,-5.398725,1.2174022052612685,0.08608333547717002,0.65553102,0.12005804633251532,0.00848938586977303,14.649661019999998,3.8874637013403968,0.274885194483435
R:A:VAL:551,49.69433,2.9583693567740994,0.20918830334294503,-7.38312,0.893410160900356,0.06317363831536062,-53.281490000000005,2.1655902751674887,0.15313035688425727,-2.977365,1.2536915177885666,0.08864937737443505,0.14028886799999998,0.058268545521756206,0.004120208366831085,-13.807356132,3.9768140328373693,0.28120321701371254
R:A:GLU:552,98.87854500000002,3.0699603854080917,0.21707898064961284,-5.82451,1.0026211098415991,0.0708960185729777,-69.90383,14.74960189195288,1.0429543517601811,-73.9545,13.807135575491392,0.9763119194191987,0.651231216,0.1428392582324052,0.01010026081157901,-50.153063784000004,20.460646560719123,1.4467861930545702
R:A:LYS:553,120.07770000000001,3.400711071232015,0.2404665859324326,-6.506890000000001,0.8775705315813652,0.062053607385066656,-122.469315,21.465367524591212,1.5178306937299941,-2.5206150000000003,20.66694344833737,1.4613735858718244,1.0309756319999999,0.190482350314065,0.013469136160342685,-10.388144367999999,30.004263094037672,2.1216217898299297
R:A:CYS:554,80.31809,2.2800050837443324,0.16122070558554197,-6.700015,0.6272212486634999,0.04435123982342545,-72.54866,1.6500819114213696,0.11667841090793105,-5.121775,1.1241222906672566,0.07948744946137723,0.142197444,0.057784311768379344,0.004085967869761865,-3.9101625560000004,3.0954143409463857,0.21887884710652772
R:A:CYS:555,98.099045,2.59208641695739,0.18328818828521112,-5.750819999999999,0.6149240746628807,0.04348169831089858,-78.41096000000002,1.8822858917815857,0.1330977118210527,-5.41357,1.5376059687384152,0.1087251607287844,0.308800764,0.06232222423888531,0.004406846737794443,8.832495764,3.606682681316598,0.2550309781547046
R:A:LYS:556,124.67919,4.06100679190518,0.28715654410007796,-5.1529050000000005,0.954620535068778,0.06750186538070632,-128.847265,10.716430441372491,0.7577660635208435,-1.1499950000000003,9.877043695609279,0.6984124575241158,1.119934008,0.12114355958232008,0.008566143247773508,-9.351040992,15.159671034084258,1.071950618875826
R:A:ALA:557,83.15888999999999,2.3346110313925963,0.16508192917306247,-1.916925,0.5006768412609075,0.03540319896386483,-73.37309499999999,2.6862596013741866,0.18994723801591593,-5.128534999999999,1.9357048118902325,0.13687499988630136,0.8346031199999999,0.08898766790038269,0.006292378341433706,3.574938119999999,4.083129747762537,0.2887208733107407
R:A:ASP:558,104.33606500000002,5.751182897524213,0.4066700426683468,-4.2453899999999996,1.056422561241476,0.07470035568523084,-66.321595,15.686000056450816,1.1091677009608938,-96.924145,14.03730946207196,0.9925876710245171,0.5559169679999999,0.1685625150157999,0.011919169742153136,-62.599148032,21.84759028760594,1.5448579244951512
R:A:ASP:559,95.69724000000002,10.072472255231085,0.7122313434987257,-2.733555,0.9136981323035525,0.06460821453093252,-37.2337,15.26179112686319,1.0791715998857643,-115.133545,10.84786138268622,0.7670596345069104,1.0311489360000001,0.12106415800214655,0.008560528708195746,-58.372411064,21.28150753865202,1.5048298294453475
R:A:LYS:560,127.15847999999998,3.7194703936985434,0.26300627378068375,-5.3206999999999995,1.224851154222422,0.08661005570948443,-163.576165,15.472739956380542,1.0940879346692727,26.773360000000004,13.830695581220779,0.9779778634008031,0.927280152,0.22306699107558717,0.015773218204842676,-14.037744848000003,21.12056583665036,1.4934495325592396
R:A:GLU:561,98.66334,3.018224931048049,0.21342073158903752,-3.76329,0.9434346855506214,0.06671090637594425,-30.836255,7.384330917556107,0.5221510466329403,-123.84351999999998,6.543849162350857,0.46272001177601996,1.142324892,0.1662435698844642,0.011755195559396435,-58.637400108,10.362320812655964,0.7327267315459528
R:A:THR:562,35.708465000000004,3.925406320213871,0.27756814279357606,-5.046625000000001,1.1291660880379821,0.07984409979375433,-49.01841,5.363882395420317,0.3792837615288848,-3.906975,2.953027614902204,0.2088105851528485,0.48052537199999995,0.12197683202770933,0.008625064507444572,-21.783019628,7.361407177094371,0.520530093399875
R:A:CYS:563,76.18178,2.4555488127096967,0.1736335217001602,-6.76808,0.7303127299999638,0.05164090837698345,-64.075335,2.558211934686999,0.1808929006729534,-1.0427549999999999,1.3877681848835561,0.0981300294246109,0.102766104,0.04923174945840117,0.0034812103891712605,4.3983761040000005,3.8776087035832703,0.27418834090917077
R:A:PHE:564,93.61107,2.927137324264101,0.2069798651451392,-11.545495,1.1437513715729482,0.08087543508306462,-70.29260000000001,3.4545652056373175,0.2442746482957247,-3.4854049999999996,2.388071374765629,0.1688621463054257,0.33366779999999996,0.12161676118227124,0.008599603653792887,8.6212378,5.246712914068242,0.37099862804766853
R:A:ALA:565,90.02609000000001,2.256734258148265,0.15957520972726308,-3.52555,0.7794108528241058,0.05511266993623154,-78.429085,2.885838309360904,0.2040595837957017,-2.234195,2.3641197700148355,0.16716851209146713,0.558827532,0.11815538169217758,0.008354847162822362,6.396087531999999,4.430735437641569,0.31330030735998987
R:A:GLU:566,101.56477999999998,3.1286790905428448,0.22123102010794057,-5.845515000000001,1.232699541565178,0.08716502050062858,-62.73912,14.14633457103288,1.000296910411104,-89.89805,13.073853280402835,0.9244610310810834,0.6838318440000001,0.1419260535614841,0.010035687490037056,-56.234073156,19.5543536177792,1.382701604485137
R:A:GLU:567,97.70057000000001,3.032743832752776,0.21444737297411687,-7.3444,1.2541624416318646,0.0886826767187369,-68.47388,15.3809611967393,1.0875981963381514,-78.98846,14.384469401698487,1.01713558577114,0.406448964,0.20441940738109263,0.014454634916530597,-56.69972103599999,21.31429504307412,1.5071482561168528
R:A:GLY:568,88.194625,1.9774889568275722,0.1398295851094288,-4.785080000000001,0.7650218843928583,0.05409521622103011,-79.62368000000001,2.2267320242004875,0.15745373141974123,-2.19083,1.108469273863737,0.07838061402859767,0.047659643999999994,0.038991286305138276,0.002757100295354944,1.642694644,3.2686818470268304,0.2311307099574041
R:A:LYS:569,137.89368000000002,3.882166464437092,0.27451062326984715,-6.2618100000000005,1.5533030367252876,0.10983511105061076,-144.57937,17.03365776317876,1.2044614912754579,8.99118,16.07259516187725,1.1365041030229497,1.040974884,0.28744934110732095,0.020325737834459165,-2.915345116000001,23.791603685668246,1.6823204301438874
R:A:LYS:570,125.55147500000001,3.499842153494211,0.24747621198182862,-5.564885,0.975232193774898,0.06895932974496635,-152.57279,18.550865897469585,1.3117443072983013,19.238205,16.8593594888114,1.1921367421000306,1.103961096,0.14960725518593937,0.0105788304656684,-12.244033904000002,25.32972528830167,1.7910820516950487
R:A:LEU:571,74.86173,5.109115573864032,0.3612690268145056,-9.002650000000001,1.244935559577282,0.08803023763173652,-77.06058999999999,4.353844946929094,0.30786332862083465,-4.347315,1.5143550263313421,0.10708107082428248,0.22599144,0.14160444864272873,0.010012946588145569,-15.32283356,6.9944417419941685,0.49458171863783246
R:A:VAL:572,47.26343500000001,3.0226215121604296,0.2137316168208976,-7.943355,1.137275177331766,0.08041749899664251,-51.722605,3.5887514610202533,0.2537630494080551,-2.55854,1.5788423095420265,0.11164101035013971,0.09767465999999998,0.0694304146149193,0.004909471699480301,-14.86339034,5.079993730763711,0.35920980154081683
R:A:ALA:573,76.726375,2.3385316876995703,0.16535916143919877,-4.080105,0.8995947498596242,0.06361095479455563,-64.973495,2.8939434894232123,0.2046327065741813,-2.8110199999999996,1.5870750044027535,0.11222314978648568,0.38164013999999996,0.10285249383624881,0.007272769585355911,5.2433951400000005,4.145153289495255,0.2931066000059819
R:A:ALA:574,98.541365,2.1009273599472684,0.1485579982999064,-4.31355,0.9478887368779102,0.06702585536567214,-84.56686499999999,1.9713175281458337,0.13939319920238216,-2.24388,1.214265212216837,0.08586151657174476,0.37139947199999995,0.1278669224422439,0.0090415567948365,7.788469472,3.2694451488753944,0.23118468354872526
R:A:SER:575,79.31678,4.4803293016920085,0.3168071231175208,-6.949075000000001,0.7749763798819936,0.05479910534739596,-70.18540499999999,4.676529364921705,0.33068056263541556,-4.309715,2.146419246972734,0.1517747604803743,0.055072475999999995,0.0496369119335422,0.003509859702536715,-2.072342524,6.866836633323332,0.48555867487231297
R:A:GLN:576,19.768645,3.3441813211868463,0.23646932897286066,-6.47715,1.3037863657440203,0.0921916180436161,-63.401095000000005,3.8153750622940072,0.26978775793181387,-8.8535,3.775017834394958,0.266934070980083,0.6220631879999999,0.23044268783264932,0.016294758724132104,-58.341036812,6.460987381571452,0.4568607990669889
R:A:ALA:577,93.91463499999998,2.422796267079632,0.17131756698854617,-3.192495,0.5908234846170216,0.04177752924569618,-74.34112999999999,2.153360451271454,0.15226557774329694,-5.09605,1.3031514752706226,0.09214672450771107,0.606497904,0.09608447666298851,0.006794198501515975,11.891457904,3.5444902833842846,0.2506333115230855
R:A:ALA:578,130.003075,2.6001917370407512,0.18386132096467434,-3.3508750000000003,1.1041758009370608,0.07807701964646831,-101.78524499999999,13.938554620009027,0.9856046491747464,-80.717015,13.111220432315788,0.9271032877322111,0.5662422359999999,0.24431184953518792,0.017275456553055884,-55.283817764,19.344955302825678,1.36789490763787
L:B:UNL:579,354.666425,6.927105401563844,0.4898203203439756,-15.62234,2.633873885439468,0.18624300851844075,-193.73509,9.979774404359048,0.7056766156034221,-12.547270000000001,6.1163392038947615,0.4324904927111115,0.298054188,0.11363493279426998,0.008035203155850589,133.059779188,13.854259135938165,0.9796440583337555

Receptor:
Total Energy Decomposition:
Residue,Internal,,,van der Waals,,,Electrostatic,,,Polar Solvation,,,Non-Polar Solv.,,,TOTAL,,
,Avg.,Std. Dev.,Std. Err. of Mean,Avg.,Std. Dev.,Std. Err. of Mean,Avg.,Std. Dev.,Std. Err. of Mean,Avg.,Std. Dev.,Std. Err. of Mean,Avg.,Std. Dev.,Std. Err. of Mean,Avg.,Std. Dev.,Std. Err. of Mean
R:A:SER:1,-2.290075,3.716050755758726,0.262764468863039,-4.0700400000000005,1.0312288971901438,0.07291889461586756,-171.23818500000002,16.973724774508835,1.20022358900493,82.86764500000001,16.679499323989763,1.1794187078789595,0.591403248,0.19436363731041692,0.013743584595827845,-94.139251752,24.108572622638476,1.7047335186196015
R:A:GLU:2,86.499105,2.7608575341685055,0.19522210843005205,-6.219829999999999,1.2361492835009855,0.08740895409224389,10.843085,9.279877887007727,0.6561864582486253,-140.64659,9.733591680972651,0.6882688682916728,0.4109010839999999,0.1425650714136087,0.010080872875690712,-49.113328916,13.785124764917333,0.9747555200775657
R:A:VAL:3,42.709740000000004,3.546890807792087,0.2508030542318016,-8.786485,0.8967975801567487,0.06341316502805235,-45.45142,2.003861051470386,0.1416943738050315,-1.0212350000000001,0.820345987845982,0.0580072210925071,0.005137812,0.009494554450202284,0.0006713663836082947,-12.544262188,4.251258296329948,0.3006093569910475
R:A:ALA:4,82.64317,2.320608413994054,0.16409179460137546,-6.7582949999999995,0.6962753320167245,0.049234100884194075,-70.552475,1.612900278806783,0.11404927245219494,-0.8394749999999999,1.2396655957858151,0.08765759491838114,0.079298424,0.04944791705056366,0.003496495746200347,4.572223424,3.1639668051870644,0.22372623833969094
R:A:HIS:5,113.85837,2.8323488279341587,0.20027730629180135,-7.707774999999999,0.8705656864217657,0.0615582900337152,-76.381685,5.33562505858264,0.3772856660792655,-11.493125,4.726047864693606,0.33418204933370516,0.872201916,0.09493049161968214,0.0067125994365649965,19.147986916,7.719683897729503,0.5458640832701129
R:A:ARG:6,-192.16595999999998,3.806788490105538,0.2691805955896524,-10.804015,1.4468510617112598,0.10230781971029877,-113.456185,8.608982996891967,0.6087470256221996,134.766375,7.221946044825799,0.5106687021659688,0.195790644,0.056778468022965045,0.004014843976442213,-181.463994356,11.952377726325253,0.8451607341587635
R:A:PHE:7,105.49515500000001,3.1032160690121144,0.21943051258855273,-13.65496,0.829668710028286,0.058666437099929636,-80.26980499999999,1.5480761567103216,0.10946551482030768,-4.13303,1.0339152281981343,0.07310884690309374,0.129091032,0.054672426922043396,0.003865924382050285,7.566451032,3.7130593450301257,0.26255294418188824
R:A:LYS:8,122.04513500000002,3.0101229238645724,0.21284783316697167,-6.947460000000001,0.9430087849007559,0.06668079065218109,-184.049385,13.92086358336921,0.9843537039773229,54.544785000000005,13.863507274091035,0.9802980004538798,1.132454412,0.15355881594203522,0.010858248006359001,-13.274470588,19.898767869912916,1.4070553698072414
R:A:ASP:9,97.70049499999999,3.01227726479071,0.21300016807475763,-6.013724999999999,0.5793041769010474,0.04096299118564219,27.266339999999996,9.372908680575096,0.6627647287476905,-185.745,8.432762993230629,0.5962863896652345,0.648185364,0.0699411383969485,0.00494558532443891,-66.143704636,12.976024362129962,0.917543481930394
R:A:LEU:10,68.50206,3.0568862714206424,0.21615450118375973,-8.511015,0.9194881754405546,0.0650176324074862,-75.32578,2.1437909346762334,0.15158891073558114,-1.0649100000000002,1.2612405606782555,0.08918317531631177,0.22685824799999998,0.05120608375476585,0.0036208169061001244,-16.172786752,4.047122628200003,0.28617478546937447
R:A:GLY:11,82.555985,1.9401604430497492,0.1371900605870374,-4.1327,0.5041669763084448,0.03564998877980187,-82.57362,1.6584043643213195,0.11726689719609706,-2.5802449999999997,0.9957758758751891,0.070411987437332,0.195062328,0.030155695405618087,0.0021323296712708563,-6.535517671999998,2.785891397975771,0.19699226991579383
R:A:GLU:12,93.74508,3.1080287761859604,0.2197708223764019,-6.346215,1.0150017481635192,0.07177146190426248,-41.298874999999995,16.086224425556637,1.1374678374999772,-103.23639999999999,15.262238896374278,1.0792032619715342,0.5175637559999999,0.11621345274210411,0.008217532049904419,-56.618846244,22.41441789091004,1.5849386887011563
R:A:GLU:13,92.25471000000002,3.092556698898179,0.21867678129947862,-5.802375,0.8861615735152366,0.0626610857859565,-27.551050000000004,19.85771350225146,1.4041523876301674,-112.92431499999999,18.802304548266815,1.329523704801413,0.8729003879999999,0.1595218219879094,0.011279896207488404,-53.150129612,27.53597788975798,1.9470876692450707
R:A:ASN:14,17.296785,3.0651940246540677,0.21674194804853766,-7.619165000000001,0.779641441801935,0.05512897503922052,-84.283835,3.483787356853888,0.24634096642433428,-2.3619749999999997,2.097891046831317,0.14834329854049694,0.435580272,0.10730421941972465,0.007587554120161652,-76.53260972800001,5.152930290058782,0.3643671951082128
R:A:PHE:15,112.635125,3.0356486999280725,0.2146527781019267,-14.979804999999999,0.8383776577265164,0.059282252697371404,-86.47841,1.4310545523843594,0.10119083782388599,-0.522195,0.6354597524430639,0.04493379001236152,0.003617172,0.006679403316046726,0.00047230513790565517,10.658332172,3.517074205878184,0.24869470209127553
R:A:LYS:16,120.16614,3.6055635371464474,0.2549518427115207,-9.84914,1.04366717415084,0.07379841361438605,-179.07591499999998,16.402313320619594,1.1598186976156553,54.065470000000005,14.249025655079016,1.0075582666007459,0.411080076,0.0979974513005916,0.006929466235364677,-14.282364924,22.049252764620764,1.5591176149959571
R:A:ALA:17,86.58409,2.049569665051666,0.1449264608672274,-6.93641,0.4758917649003815,0.033650629407189395,-78.011055,1.2357411144633004,0.08738009218280213,0.688,0.6734640896142867,0.047621102465188685,0.10366621200000001,0.03820107102020905,0.0027012236366978724,2.428291212000001,2.5316552070931957,0.17901505645618318
R:A:LEU:18,80.92095499999999,3.083795181748457,0.21805724848047356,-11.933084999999998,0.9046792900111067,0.06397048607658848,-84.68104,1.5684836653277585,0.11090854359335893,0.37882,0.5905917181945578,0.04176114088479863,0.017083007999999997,0.014334240625576786,0.0010135838749505044,-15.297266991999999,3.6245527168471847,0.25629458048507686
R:A:VAL:19,54.945865,3.125636024359683,0.22101584283456924,-10.205585,0.8911691156985861,0.06301517248944892,-58.047064999999996,1.7355558132122975,0.12272232846501485,-0.7495750000000001,0.4964858148779278,0.03510684864631116,0.010043495999999999,0.018991477471381316,0.0013429002504765275,-14.046316504000002,3.7179020658049278,0.2628953762518138
R:A:LEU:20,73.36246000000001,3.103649205113232,0.21946113993598043,-11.616945000000001,0.8869722723822883,0.06271841085259575,-75.190325,1.2686914713101054,0.08971003425969137,-1.79889,0.623867251825258,0.044114076432585546,0.014901408,0.019489480163532736,0.00137811435854347,-15.228798592,3.523992967854369,0.24918393244235312
R:A:ILE:21,77.752285,3.5070885722740157,0.24798861116768037,-11.403985,1.096173592445558,0.07751117805758728,-65.48019500000001,1.3667640787549986,0.0966448148369844,-0.2673,0.5417755531583166,0.03830931675193385,0.0005450040000000001,0.002623425122389431,0.0001855041693976715,0.6013500040000005,3.9576304119869974,0.27984673017461154
R:A:ALA:22,87.52424500000001,2.5254712342402557,0.17857778354228446,-7.23322,0.7169482000814285,0.05069589340370677,-75.02541500000001,2.0304598944020045,0.14357519602589786,-0.8644799999999999,0.9908093507834895,0.07006080108020461,0.030260808,0.01739194094654004,0.0012297959381294442,4.431390808,3.4636386515570425,0.2449162378095814
R:A:PHE:23,97.28793000000002,3.02766699210795,0.21408838612942085,-14.948635,1.0047608032636424,0.07104731774581641,-76.450715,1.4415253739615548,0.10193123671806892,-1.61072,0.5215879040008501,0.036881834390387905,0.0021246119999999997,0.0054752181536680345,0.00038715638849343555,4.279984612000001,3.5392641905152873,0.25026377095240765
R:A:ALA:24,89.39336500000002,2.000977653991918,0.14149048681404344,-8.72588,0.6832528489512503,0.04831327227584569,-76.82453,1.1384255834704347,0.08049884499481963,0.109975,0.5921434913726571,0.04187086781850837,2.1132e-05,0.00017776284925709307,1.2569731615273255e-05,3.952951132,2.4733363666209316,0.17489129169929574
R:A:GLN:25,32.531555,3.0126987697038348,0.21302997297299503,-12.74287,0.918157912943084,0.06492356864421424,-75.396455,2.002031777463834,0.14156502459956338,-5.928904999999999,1.0228038648611961,0.07232315486671609,0.017452116,0.01117346499536039,0.0007900832867569848,-61.519222884,3.8695932163917433,0.2736215603744065
R:A:TYR:26,85.71735499999998,3.53930863714582,0.2502669138037927,-13.658945,0.8948514915755575,0.06327555578479734,-76.295935,2.2572570125652502,0.15961217404657763,-4.65381,1.1810018221408467,0.08350943970294616,0.07283152799999999,0.03475228227474587,0.002457357445818186,-8.818503472,4.451813907470561,0.31479078025530155
R:A:LEU:27,70.837885,3.9692365892920773,0.2806674108422191,-9.88706,1.049682550297946,0.07422376494088669,-74.894635,2.5816067829503,0.18254716625813447,1.05428,0.6165056135997465,0.04359353000159542,0.032888808,0.023783922652681495,0.0016817772990927423,-12.856641192,4.888968294694366,0.34570226341844174
R:A:GLN:28,30.948729999999998,3.2252880518025053,0.22806230527095003,-10.808470000000002,1.0705381539674332,0.07569847881893003,-82.06177,2.4488064249956554,0.17315676289276144,-3.7451300000000005,1.1166101616499824,0.07895626172445096,0.06825279599999999,0.0219166221008253,0.0015497392108196526,-65.598387204,4.335030156149357,0.30653292200613885
R:A:GLN:29,27.736720000000002,2.9291494314220294,0.2071221426067237,-6.959880000000001,0.9842913265898464,0.06959990716947831,-69.088005,2.6747321202271834,0.18913212200701132,-10.04499,2.2932011642897794,0.1621538093894189,0.6575892839999998,0.11560119699631895,0.008174239030937907,-57.698565716000004,4.687757773053337,0.33147453098859636
R:A:CYS:30,101.23666499999999,4.105436029555814,0.2902981656226491,-6.98856,0.9377582611739552,0.06630952255898093,-78.59568,5.152015683943518,0.364302522689591,1.42418,1.1061823527791428,0.07821890428790217,0.070249068,0.04934462049339296,0.003489191576595484,17.146854067999996,6.745616016787989,0.47698708287513747
R:A:PRO:31,82.39732,2.438980153178783,0.17246194054921218,-6.63581,0.8349888884889427,0.05904263052659493,-56.20829,1.6771678556125502,0.11859367638917347,-4.60592,1.026337665488313,0.07257303230539565,0.472293324,0.06298370509000421,0.004453620497339565,15.419593324,3.2428472979939813,0.22930393147640168
R:A:PHE:32,92.69913499999998,3.2575096771575374,0.23034071824988958,-12.182505,0.9568900511422406,0.06766234440126205,-69.33832000000001,1.5842018171937564,0.11201998477057565,-5.510470000000001,1.05310319014805,0.07446564070428724,0.23476608,0.06757632661268294,0.004778367879550506,5.902606080000001,3.8923381345109864,0.2752298689583715
R:A:GLU:33,94.501695,2.9645378024196285,0.20962447831747846,-5.672034999999999,0.7921945744417844,0.056016615560697695,-30.52964,10.864993761176304,0.7682710766077296,-115.758645,10.755852070337104,0.7605535936374732,0.91276866,0.07115548637352147,0.005031452693334401,-56.54585633999999,15.59351028211307,1.1026276862984306
R:A:ASP:34,88.827675,7.206221660438636,0.5095568202829542,-7.310395,0.8847343832896967,0.06256016819730426,-27.546670000000002,12.902006211868756,0.9123096083323357,-116.133885,10.31873280164648,0.7296445937296288,0.3802149,0.0927897202301699,0.006561224039915571,-61.7830601,18.046024670364535,1.2760466417874492
R:A:HIS:35,120.29966,2.992723648184042,0.21161751858482794,-13.242580000000002,1.0758639335901172,0.07607506830756053,-93.76858,1.9675142549928326,0.139124267178663,-5.85049,1.4583731998017517,0.10312255790805423,0.005566823999999999,0.010117368473957247,0.0007154059855698161,7.443576823999999,4.013968750830633,0.2838304523183236
R:A:VAL:36,64.74742,3.0194033903405493,0.21350406124474544,-7.641779999999999,0.769900351733911,0.054440175954895656,-63.770485,1.7890067355309207,0.12650187942823224,-2.16334,0.907473429032498,0.06416806154154885,0.340051752,0.08282407895610609,0.0058565467875392645,-8.488133248,3.7068121529732165,0.26211120099520674
R:A:LYS:37,121.88772,3.649276247641441,0.25804279811302616,-7.060385,1.0760798375469174,0.07609033502275436,-178.909195,11.801802401200208,0.8345134508112346,53.60509,10.552317393440173,0.7461615186134299,0.98577612,0.11095928492910902,0.007846006280898326,-9.49099388,16.28254953010007,1.1513501187739592
R:A:LEU:38,75.956705,3.858617753545303,0.2728454779538686,-10.911495,0.992168146019111,0.0701568824127398,-81.437485,2.1563368126929983,0.1524760382777405,-1.6958199999999999,0.7855095146463854,0.05554391044930128,0.08617892399999999,0.05704984395177802,0.004034033152393658,-18.001916076,4.5981949643332785,0.3251414840497896
R:A:VAL:39,48.73843,2.8717955803120807,0.20306661290202285,-9.168239999999999,1.0040599496046039,0.07099775990832385,-54.810905000000005,1.7734468968579242,0.12540163268424778,-2.02346,0.6687666621475685,0.04728894418360385,0.046314143999999995,0.03201389054247646,0.0022637239094748986,-17.217860855999998,3.5845130591284873,0.25346334913614893
R:A:ASN:40,20.197325,7.656261730725707,0.54137945883352,-7.046035000000001,0.7344247570547986,0.051931672598473075,-82.87548500000001,7.689588669738779,0.5437360292907534,-9.48334,3.6266876711953016,0.2564455445547846,0.624379428,0.07766350444462325,0.005491639064350467,-78.583155572,11.465007300793472,0.8106984408744339
R:A:GLU:41,110.32557000000001,2.8006707455714963,0.19803732760643888,-7.172905000000001,1.2546761239359743,0.08871899954279805,-34.511235,11.710903248245842,0.8280859100654201,-124.18271,10.973395424657767,0.7759362317416941,0.54845298,0.10692391513422804,0.007560662546242756,-54.99282702000001,16.339830585424615,1.15540050103931
R:A:VAL:42,58.68061500000001,3.6438877352046672,0.2576617727445711,-9.29829,0.9708393718324366,0.0686487103265604,-61.45237499999999,2.6126962748040574,0.18474552530947805,-1.95842,0.5692779054205424,0.04025402673025395,0.03825954,0.044151114895019355,0.0031219552739214567,-13.99021046,4.6230569314682315,0.32689949060526585
R:A:THR:43,36.69351,3.1058567046629824,0.2196172337260899,-8.54392,1.0024264080719343,0.0708822510788138,-53.5207,2.383320274323197,0.16852619277133152,0.267845,0.9901796660076393,0.07001627564270325,0.06379516800000001,0.05397579616596105,0.003816665148889391,-25.039469832000005,4.16110433191079,0.2942345090318838
R:A:GLU:44,89.22231500000002,2.7609173286744757,0.19522633654011698,-6.208729999999999,0.9842877460885104,0.06959965398980084,-3.984485,11.476615047555399,0.8115192325193994,-136.572695,11.789179369743044,0.8336208676969855,0.778317732,0.09568424269800006,0.006765897686445524,-56.765277268,16.712213662436394,1.181731960934724
R:A:PHE:45,92.85545,3.280567627332197,0.2319711615427659,-11.447350000000002,0.8310749168997943,0.058765870941389096,-69.00866,2.7740739796191445,0.19615665225018494,-3.6287700000000003,1.0676337935359672,0.07549310952332008,0.35203917599999995,0.08507574554056298,0.006015763658623326,9.122709176,4.505038925356726,0.31855435736290977
R:A:ALA:46,100.86685,2.193858034946655,0.15512918934713735,-7.807284999999999,0.8149011619668977,0.05762221376235904,-81.16738,1.5794136493015374,0.11168141017197086,-1.8277100000000002,0.7226116632742652,0.051096360726572296,0.00111978,0.003986589542303044,0.0002818944499169857,10.065594780000001,2.9144138288292516,0.20608017815490137
R:A:LYS:47,140.612125,3.288344764372344,0.23252108817669642,-7.4564449999999995,1.2869937284132351,0.09100419927055564,-203.76260499999998,12.847720279838558,0.9084710132661772,56.45363499999999,11.592161824775179,0.8196896234910351,0.8240180760000001,0.12940957029522285,0.009150638470618928,-13.329271924,17.66149606188513,1.248856363125848
R:A:THR:48,40.081095,3.6019889902628797,0.2546990840774167,-5.4874,0.9509704148920722,0.06724376290779688,-55.85562,3.938406597292869,0.2784874012015624,-4.999085,1.485941949665262,0.10507196290578662,0.5408333639999999,0.1265368508487749,0.008947506530515946,-25.720176636,5.622610692016007,0.3975786148296505
R:A:CYS:49,87.61454499999999,2.883259155534757,0.2038772100796825,-7.589165,0.8425734732205851,0.05957894165621776,-71.90894,3.170318497627643,0.2241753708193654,-4.4762699999999995,1.5546988863120728,0.10993381252144399,0.07761830400000001,0.055861359974425824,0.003949994644421928,3.7177883039999995,4.636188295441438,0.32782801825643415
R:A:VAL:50,47.057065,3.5801368005671237,0.2531539009256523,-6.089504999999999,0.8335959752631967,0.05894413668784199,-47.839275,3.1093041680374403,0.21986100619908705,-4.290775,1.5245889296380843,0.10780471706690295,0.433905156,0.11962170390535518,0.008458531800856596,-10.728584844,5.051605183161608,0.35720242808906844
R:A:ALA:51,80.464085,2.4634109295395676,0.17418945731264845,-3.204115,0.5013964317533582,0.03545408169555376,-68.19966000000001,1.3930292582713406,0.09850204349149314,-3.9595949999999998,1.0560927094602064,0.07467703164209863,0.645555636,0.04753885975018231,0.0033615050099230132,5.746270635999999,3.062338005203107,0.21653999697644016
R:A:ASP:52,106.58003500000001,7.114372541115275,0.503062106770998,-4.55715,1.1282647240342134,0.0797803637338161,-18.425215,11.539518248123489,0.8159671604874028,-148.96625,5.762793321601947,0.4074910236281285,0.544844268,0.1042064515000649,0.007368508849908297,-64.82373573199999,14.773909610935227,1.0446731670529408
R:A:GLU:53,99.27243999999999,2.8748731913599253,0.20328423286620143,-3.8999149999999996,1.3249917764933488,0.09369106701748572,8.858535,9.033092768192686,0.6387361151476211,-158.90697,9.104059174846132,0.6437541978857304,1.0918798920000001,0.305675123253511,0.02161449524925913,-53.58403010800001,13.213424793482803,0.9343302274170145
R:A:SER:54,66.13996,5.076814393731566,0.3589849884633061,-2.368805,0.9593457442314528,0.06783598812485155,-62.13915,5.325642825753525,0.37657981562678045,-6.209110000000001,2.5357628749352727,0.17930551243478265,0.7264226880000001,0.06616884163014686,0.0046788436619935566,-3.8506823119999996,7.8416408886391675,0.5544877447986459
R:A:ALA:55,89.210725,2.383390553261257,0.1685311622426992,-4.32376,0.7757526618710373,0.054853996773252534,-73.37549999999999,3.398047593839733,0.24027824963987063,-5.108555,2.5779575708252067,0.1822891279941703,0.271026,0.09310400394270485,0.006583447254350565,6.673936,4.948090921183661,0.3498828644296557
R:A:GLU:56,94.26487500000002,3.024218072390779,0.2138445106774429,-4.028395000000001,0.8752427200354197,0.06188900625212042,20.105215,10.070188071172009,0.7120698272949606,-163.06132999999997,8.937654389776995,0.6319876026913027,1.082857572,0.09180523997706892,0.006491610773624376,-51.636777428,13.82789668569708,0.977779951600339
R:A:ASN:57,19.2528,7.541893316667904,0.5332923907201377,-5.249200000000001,1.2191375968281841,0.08620604619166801,-76.96663,6.960052081206002,0.4921500024032307,-11.71116,3.7300684155119725,0.2637556670898276,0.7174943639999999,0.21764938290708635,0.01539013545746682,-73.956695636,10.989520366757587,0.7770764373321964
R:A:CYS:58,87.54395499999998,2.966039769284121,0.20973068341297849,-6.85827,0.7966752205886662,0.056333445088153446,-79.539215,2.792096577623167,0.1974310423765093,0.23554000000000003,1.3719271840735572,0.09700990151525771,0.047622059999999994,0.04550328676968731,0.0032175682641122005,1.42963206,4.371743515619008,0.3091289485502518
R:A:ASP:59,105.78253000000001,8.464183610904243,0.5985081628478428,-4.873555,1.0772375443582534,0.07617219725644653,-6.8285800000000005,12.028811414416639,0.8505654120748152,-152.59494999999998,9.26968306079016,0.6554655751734793,0.6863507640000001,0.1065327750443116,0.007533004765245373,-57.82820423599999,17.419343335767095,1.2317335796537607
R:A:LYS:60,135.19225500000002,2.97110449327771,0.210088813481049,-7.9168650000000005,1.1308627886596145,0.0799640746452743,-227.445395,11.423361213275847,0.8077536177850738,86.01451499999999,10.780839443650711,0.7623204677488824,0.5652522,0.12961930196413188,0.009165468739150442,-13.5902378,16.026315678874596,1.1332316493968515
R:A:SER:61,76.29656,4.597238838302834,0.32507387572981,-5.56462,0.8255601041717072,0.05837591479368867,-73.63595000000001,4.568875692935845,0.3230682984873322,-3.4967099999999998,2.091202920785068,0.14787037661242364,0.33910189200000007,0.0705231285960651,0.004986738246076856,-6.061618108,6.860676547328767,0.48512309101436807
R:A:LEU:62,68.627095,3.8781667390630594,0.27422779997636093,-8.97753,1.1357795116570821,0.08031173946254681,-72.91381,3.652370013279049,0.2582615603792016,1.4976099999999999,0.9282290869715298,0.06563570818921663,0.120107736,0.04762806803973371,0.003367812988570998,-11.646527264000001,5.525744903607133,0.39072916924476087
R:A:HIS:63,119.665615,2.9536775580240646,0.20885654307173382,-9.2841,0.7173063850266496,0.05072122090407525,-99.2966,2.6780772897733924,0.18936866121404564,-5.87231,1.8512107643107523,0.13090036848496645,0.5400333359999999,0.090552542124788,0.0064030316590118095,5.752638335999999,4.454887046105688,0.31500808397214397
R:A:THR:64,38.293475,4.650827408039885,0.32886315983532566,-9.61327,0.9077726626749674,0.06418922055532378,-47.65470499999999,3.4720211978003532,0.2455089733388069,-3.091205,1.7141248679646999,0.12120693179383346,0.10734822000000001,0.03729379375284311,0.002637069445880787,-21.958356780000003,6.119541884363362,0.4327169564188436
R:A:LEU:65,63.55567,4.2951088136507085,0.3037100568066523,-10.619005,1.0765455517417737,0.07612326598928214,-67.14429999999999,3.9818955912981946,0.28156253745837706,-0.8161750000000001,0.829796429478339,0.05867546822885182,0.091870884,0.06507858468223279,0.004601750853882978,-14.931939115999999,6.01291941428074,0.4251776092566154
R:A:PHE:66,101.694035,3.4922267343021987,0.24693772052660362,-12.518695000000001,0.9643827518029342,0.0681921583459198,-82.34755999999999,1.3373774584611482,0.09456686698839081,-0.255925,0.6099819090555063,0.043132234429426444,0.11768583599999999,0.05019330486361208,0.0035492026239223816,6.689540836000001,3.910096855498356,0.2764856001619083
R:A:GLY:67,75.79868,2.0440866145053644,0.14453875064493954,-5.2730999999999995,0.7617952349549056,0.0538670576512213,-79.72864,1.4574844494539216,0.10305971376828098,1.9609649999999998,0.5500548552417295,0.03889475181660117,0.006329376,0.008894276755454825,0.000628920340753199,-7.235765623999999,2.680582481464431,0.18954580501733617
R:A:ASP:68,110.75390999999999,3.014165621179434,0.213133695035534,-7.950975000000001,0.7607965919843489,0.053796442929574806,-26.41011,8.959963862533153,0.6335651206383602,-137.28304500000002,8.62848710916201,0.6101261746269168,0.43902705599999997,0.083837890306768,0.005928234075628957,-60.45119294399999,12.82196462516572,0.9066498134588709
R:A:LYS:69,126.492795,3.0931614107535674,0.21871954088483953,-8.99518,1.461915605498484,0.10337304381704157,-212.24148499999998,8.02144694614226,0.5672019530545315,82.87715499999999,7.2880712469744005,0.5153444600506296,0.312119244,0.07531300499695696,0.005325433654488461,-11.554595756,11.365302917654533,0.8036482763312774
R:A:LEU:70,62.925779999999996,3.9474915328091584,0.27912980315258346,-11.041044999999999,0.9780120259868996,0.06915589356573307,-72.818955,3.002730977456189,0.21232514362381813,-0.217695,0.7124913206313463,0.050380744435498365,0.009600624,0.01518207606908304,0.001073534894093862,-21.142314375999998,5.105238939066297,0.36099490733913936
R:A:CYS:71,98.666905,2.503018722657704,0.17699015122281525,-7.635205,0.7269829041834479,0.051405454135480616,-90.59937999999998,2.064519952821963,0.14598360585353412,-0.517695,1.3819896533530922,0.09772142554156175,0.135460152,0.03422218949352154,0.0024198742257920103,0.050085152000000265,3.6009604364361927,0.25462635433885017
R:A:THR:72,50.098635,4.14941663752569,0.29340806423626975,-5.341705000000001,0.8075271438007517,0.05710079193737158,-59.03087000000001,3.717633745152957,0.2628764031165597,-4.18449,1.5127670078039117,0.10696878095734288,0.574316496,0.08357916413003652,0.0059099393722252275,-17.884113504,5.829752025551917,0.41222571899037713
R:A:VAL:73,40.292215,2.87897546164864,0.20357430718014244,-7.17884,1.0736417905428235,0.07591793906580974,-43.165544999999995,2.2553685126770304,0.1594786369388546,-1.07232,1.170254099586923,0.08274946095292705,0.23717069999999998,0.12958226959203792,0.009162850155007337,-10.8873193,3.9892580454694357,0.28208314158544306
R:A:ALA:74,92.683155,2.2022624300875226,0.15572346982672522,-6.664845000000001,1.0959233782409241,0.07749348524150271,-80.97639,2.591851191310952,0.1832715553202406,-1.03395,1.6718391900837832,0.11821688283616685,0.06853266000000001,0.10592145577067376,0.0074897779648594376,4.07650266,3.9465131562105022,0.27906062147983707
R:A:THR:75,41.28445,4.021470955695192,0.28436093831168163,-5.28083,1.162041845675103,0.08216876690993968,-49.70353,4.555573543375192,0.32212769447146267,-5.18521,2.123698416889743,0.15016815517778728,0.693560196,0.16338070524615073,0.011552760459459372,-18.191559803999997,6.543134449821946,0.46266947396844077
R:A:LEU:76,74.77895500000001,4.1798067052167625,0.29555696653077734,-6.4961400000000005,0.99149697952137,0.07010942377455401,-72.445025,2.9740930608128253,0.21030013711806037,-1.3374150000000002,1.0293181640168407,0.0727837853774795,0.664791264,0.07806392463445265,0.005519953047505704,-4.834833736,5.325849204291681,0.3765944087931626
R:A:ARG:77,-191.548475,4.073453440187454,0.2880366550404219,-6.9133249999999995,1.2217326300688707,0.08638954275185741,-30.275730000000003,18.180321150549016,1.2855428369702424,53.024694999999994,15.521233839549451,1.097516970032753,1.1677923,0.18312361763586804,0.012948795182573473,-174.5450427,24.28069119376878,1.7169041395010392
R:A:GLU:78,100.46507,2.980116661323848,0.21072606999491067,-4.203924999999999,0.7504478725234685,0.05306467795883623,-30.310315,8.310074985568722,0.5876110374464344,-127.55402999999998,8.464556955275333,0.5985345622814944,1.1535243839999998,0.0797731264632078,0.005640811867858626,-60.44967561600001,12.253844367832315,0.8664776448098812
R:A:THR:79,37.15725,3.6077726033523785,0.2551080472809511,-5.152950000000001,0.7336390307910288,0.051876113361546274,-45.12798999999999,3.8714299954797067,0.27375144026927056,-6.3994349999999995,1.3771010296180162,0.09737574764218758,0.682719408,0.09234876186091037,0.0065300435746031334,-18.840405592,5.517894085110029,0.39017403254504424
R:A:TYR:80,80.57795000000002,3.5191510251053453,0.24884155538715796,-11.513815000000001,1.1169748120593408,0.07898204640217293,-74.243715,2.4102143667680265,0.1704278922854912,-6.716220000000001,1.4451014156798825,0.10218410105295248,0.286458048,0.11532275955315367,0.008154550530518067,-11.609341952,4.6414229932770565,0.328198167290137
R:A:GLY:81,78.53763500000001,2.2924732586826395,0.16210233869033167,-3.9291449999999997,0.6279200219574146,0.04440065055688937,-76.61827,2.704868524919464,0.1912630876188607,-3.0434500000000004,1.5793143757656358,0.11167439047292803,0.22198384799999998,0.05410684691556972,0.003825931836262178,-4.831246152,3.932326586288726,0.27805747950049053
R:A:GLU:82,94.83229500000002,3.1557938934561296,0.2231483262089926,-5.8962900000000005,1.109132884689657,0.07842753840010536,-11.482314999999998,11.955036021935483,0.8453487040440026,-132.241335,11.014177067887323,0.778819929389249,0.8467367759999999,0.1095666032561648,0.0077475288154010185,-53.940908224,16.596270619117238,1.173533549718486
R:A:MET:83,84.575335,2.8431341724890506,0.20103994531902109,-11.707429999999999,0.9554091401593351,0.06755762818142745,-69.38159,2.11479382255103,0.14953850527372536,-1.8926500000000002,1.1116471191434807,0.07860532162328451,0.019162152,0.036045470583462996,0.0025487996680626903,1.612827152,3.8347920482373725,0.2711607461748896
R:A:ALA:84,87.89057499999998,2.3399159994271157,0.1654570470601811,-7.0049,0.7567232321000856,0.053508412889937226,-77.30811,1.666629094279828,0.11784847342880603,-1.210835,1.0608267331543828,0.07501177766774361,0.095870664,0.0577202282449325,0.004081436480362707,2.4626006640000004,3.1550236852991524,0.22309386426792024
R:A:ASP:85,94.49698000000001,10.232694070947298,0.7235607367374213,-6.198085000000001,1.117465837408464,0.07901676713758289,-41.87982,14.845268972895035,1.0497190359272333,-113.7086,11.567929261972516,0.817976122542706,0.501833448,0.11156349725390692,0.007888730544112436,-66.787691552,21.451531473274688,1.5168523371589182
R:A:CYS:86,87.03121999999999,2.038393414333945,0.14413618060015324,-8.790515,0.8162585434621802,0.05771819512835618,-78.52297,1.2634419452828056,0.08933883671449948,0.76177,0.5727765507595435,0.04050141831467139,0.009518183999999999,0.01180281929566593,0.0008345853561084809,0.48902318400000006,2.5972723296024087,0.1836548876850045
R:A:CYS:87,84.59859499999999,2.274482319336644,0.16083018716918474,-7.790225,0.7201503762236051,0.05092232145017546,-73.70134,1.3151306909961455,0.09299378297499244,-2.09072,0.9519032679847255,0.06730972558256347,0.17690979599999998,0.05589111331852305,0.003952098523559341,1.1932197960000002,2.886294989757281,0.204091875976213
R:A:ALA:88,101.442475,2.411700051701082,0.17053294607457822,-3.887395,0.43263359667852885,0.030591814998051355,-81.14899,1.4707134730803277,0.10399514699975186,-3.1592700000000002,0.9369422912324964,0.06625182477109592,0.639975348,0.05465850147104012,0.003864939703966735,13.886795348,3.0078755787321154,0.21268892186868898
R:A:LYS:89,134.180525,3.4746174939660626,0.24569255920128105,-6.82197,1.1990288316383388,0.08478414176896526,-199.76423499999999,13.002359079020044,0.9194056276197545,58.316765,12.127054726097965,0.8575122632644241,0.7938740160000001,0.1010973526062228,0.007148662358786762,-13.295040984,18.15620157116375,1.2838373251559734
R:A:GLN:90,30.06681,2.7463863300526383,0.19419883977382563,-6.000985000000001,0.9351701261134254,0.0661265137737882,-76.55581000000001,6.353317450269584,0.44924738521164487,-12.96638,4.591309901934305,0.32465463661866895,0.9408673439999999,0.06690406813272916,0.004730832026561958,-64.515497656,8.358613906175336,0.5910432574376756
R:A:GLU:91,101.60853999999999,2.7238288764898577,0.19260378693577132,-8.177085,1.1334172566954326,0.08014470281231942,-7.949204999999999,10.615899422704372,0.7506574470188616,-128.79066999999998,9.874592995718862,0.6982391668729991,0.38095473599999996,0.05777364234432779,0.004085213427552045,-42.927465264000006,14.79567922077252,1.0462125109269143
R:A:PRO:92,77.83130499999999,2.3594146396882003,0.1668358091354341,-5.49119,0.7762909595634874,0.05489206016811538,-53.74143,1.3307360012789915,0.0940972450473445,-5.5075400000000005,1.137389338968851,0.08042557144341592,0.526247172,0.07714883666764143,0.005455246556834262,13.617392172,3.0397252922549054,0.21494103670977036
R:A:GLU:93,101.82699000000001,2.547159048803196,0.1801113436169416,-6.5453399999999995,0.759777213662005,0.053724361997142416,-4.444990000000001,11.697648477788174,0.8271486562580513,-140.57537,11.549988523072221,0.8167075207291163,0.733787244,0.09769076506161913,0.0069077802434372735,-49.004922756,16.652688639162093,1.1775229061739696
R:A:ARG:94,-198.67229,3.9797433479936877,0.28141035087483907,-14.18623,1.2292173555152888,0.08691879276370558,-51.05317000000001,8.062768764580813,0.5701238468574175,87.42734,7.055270649266404,0.49888297192026904,0.18798454800000003,0.03892179138879011,0.0027521862626941657,-176.29636545200003,11.49503942639367,0.8128220328409685
R:A:ASN:95,23.383605,5.0669092067033334,0.3582845859716477,-8.289259999999999,0.9279819677127352,0.06561823421885109,-89.83431499999999,8.091076966373205,0.5721255390024772,-5.979304999999999,3.024424512527135,0.21385910819947557,0.195394932,0.07224438957973814,0.005108449777451559,-80.523880068,10.057465326857995,0.7111701934169865
R:A:GLU:96,98.29803,2.90527288547909,0.20543381585196724,-6.590794999999999,0.7936725540013337,0.05612112449759894,-3.33812,9.219805293258638,0.6519386844082808,-145.91487,8.733224002228502,0.6175321913596894,0.804436992,0.1070323622805212,0.007568330917497178,-56.741318008,13.052049406409338,0.9229192643653895
R:A:CYS:97,84.11799500000001,2.301071423266779,0.16271032073865196,-7.425075,0.713506670869306,0.05045254053935243,-70.52085,2.1006233973513675,0.14853650489862755,-2.7341599999999993,1.316422544018447,0.09308513077822901,0.154117872,0.05247063036172155,0.0037102338541906057,3.592027872,3.4572187670583645,0.24446228342323645
R:A:PHE:98,100.61227,3.1985714588078222,0.22617315686327588,-14.876869999999998,0.9975852710921507,0.07053993100010801,-75.90752,1.3535204171345179,0.09570834654302621,-0.7186549999999999,0.7710705259410451,0.054522919766599065,0.019790712,0.01767592108709065,0.001249876366440009,9.129015712000001,3.694985177772879,0.26127490755869837
R:A:LEU:99,72.37821000000001,4.3451052122934835,0.3072453360581735,-9.685665000000002,1.0898263222986497,0.07706235828129711,-75.764195,3.4584584133649776,0.24454993965420435,0.275275,1.1599373557977173,0.0820199570036159,0.196613532,0.07816506436251029,0.005527104706261396,-12.599761468000002,5.777556556392312,0.4085349419713802
R:A:GLN:100,30.04009,2.86736569727337,0.2027533728683693,-6.246714999999999,0.8206809512685183,0.05803090658325958,-74.482365,4.175781091218146,0.2952723126350912,-10.459995,3.4290154775058976,0.24246800969380475,0.986025528,0.11775627572817855,0.00832662610946679,-60.162959472000004,6.172881391449085,0.4364886291353899
R:A:HIS:101,106.8159,2.7119648338427984,0.19176487243496912,-9.68329,1.002972948737901,0.07092089733992374,-75.01808,3.7868054192947387,0.2677675791017277,-6.389359999999999,2.511334491938499,0.17757816490773856,0.360184572,0.10030163240540811,0.007092396443794444,16.085354572,5.386786113014252,0.38090329893139013
R:A:LYS:102,123.132385,3.1748436161132405,0.22449534501604923,-10.96472,0.9619232514083439,0.06801824540518521,-190.825805,7.304869710472254,0.5165322907959143,67.40155,6.46396422387222,0.45707129360472853,0.09548474399999998,0.05353969374241941,0.003785828050791573,-11.161105256,10.302997127130338,0.728531913513938
R:A:ASP:103,94.882795,3.0582745842999444,0.21625266972889604,-6.790055,1.1207800328231226,0.07925111614277112,-72.556685,16.557207301830072,1.1707713560635464,-87.80708999999999,14.762764724193772,1.0438851045538968,0.30438046799999996,0.08265317795346151,0.0058444622617511086,-71.966654532,22.420891124138016,1.5853964154123266
R:A:ASP:104,73.39869,2.728311557337248,0.19292076033827982,-6.737945,1.1936518177320385,0.08440392946939733,-57.239704999999994,7.697336999116968,0.5442839189153718,-72.46683999999999,7.403470219052685,0.5235043996204808,0.201563424,0.04877356240516602,0.003448811671931815,-62.844236576,11.087435936168458,0.7840001136436133
R:A:ASN:105,27.73942,2.8971531653676856,0.20485966493675614,-5.693175,0.8345950601189777,0.059014782655492336,-81.507445,3.345859726135422,0.23658801012493216,-5.75138,2.377978798391609,0.16814849338605445,0.48097778399999996,0.11066567976531,0.00782524526066696,-64.73160221600001,5.09429609889609,0.36022113169016
R:A:PRO:106,80.23949,2.72063710367627,0.19237809451572188,-7.4161850000000005,0.7920662603437922,0.056007542383816486,-57.13477499999999,1.7473925301359738,0.12355931074538656,-0.6205799999999999,1.2398172541144925,0.08766831878164426,0.16917516,0.03445579055573678,0.002436392315310488,15.23712516,3.552597625703314,0.25120658719620415
R:A:ASN:107,20.505455,6.906106618636509,0.48833548216351735,-3.6382000000000003,0.686269808457286,0.048526603528374,-75.81067,8.37251998869516,0.5920265659626264,-13.273755000000001,3.057741600425876,0.21621498207773435,1.05535494,0.04720441264484921,0.003337856028310089,-71.16181506,11.296741910419268,0.7988002810171738
R:A:LEU:108,81.476085,3.228524786613075,0.22829117698429566,-8.091815,0.883829158138042,0.06249615911298069,-72.472915,2.086733334131364,0.1475543291092301,-4.158645,1.0849797044069533,0.07671965064359325,0.256157136,0.04278438794845502,0.0030253130847268544,-2.991132864,4.091209326000335,0.2892921857668482
R:A:PRO:109,96.31984,2.6503979803795508,0.18741143847695105,-3.2088099999999997,0.7092388341736513,0.05015075891250301,-71.37439,1.8963891525475456,0.13409496295349796,-1.8731150000000003,1.0214127577894259,0.07222478874233557,0.7690322159999999,0.048141894469725055,0.0034041460038709737,20.632557216,3.4884842926374393,0.24667308993866896
R:A:ARG:110,-192.40445,4.20422965803487,0.29728393008620563,-4.78905,1.026673067485458,0.07259674880805612,46.183094999999994,11.439892055258868,0.8089225248315656,-15.515915,9.248095278908787,0.6539390884775699,1.362129552,0.24745167980771213,0.017497476080803553,-165.164190448,15.33588058973431,1.084410516046828
R:A:LEU:111,76.43866499999999,4.485262643678182,0.3171559630747544,-6.793920000000001,0.9846838901901462,0.06962766560786021,-81.39149499999999,3.7971645987466753,0.26850008370552697,-2.644435,1.5165712036614043,0.10723777822612236,0.40157657999999996,0.14227559731270714,0.010060403965718175,-13.989608420000001,6.150274213213235,0.4348900602319837
R:A:VAL:112,67.63049500000001,3.282337551193509,0.23209631405921768,-3.4822100000000002,0.7035759347078323,0.04975033145115718,-63.489025,1.9485216920463062,0.13778129017350288,-4.225785,1.1022018321410103,0.07793743897431452,0.931543992,0.08631600948525793,0.0061034635631988235,-2.6349810079999996,4.0358140458299685,0.28537514794142865
R:A:ARG:113,-181.74578000000002,4.616041466624838,0.32640342232887193,-6.903575000000001,1.4201374878422863,0.10041888478705088,21.844594999999998,8.040036080203558,0.5685164033296445,7.3880799999999995,6.7575571335801525,0.4778314473410054,0.5787669599999999,0.12172586629186749,0.008607318550078649,-158.83791304000002,11.560545189439576,0.8174539897666245
R:A:PRO:114,84.855255,2.531014417180392,0.17896974576691724,-5.482075,0.6038477203525736,0.04269848178653428,-65.842175,1.6111959857121665,0.11392876073176166,-1.456915,1.3721215717912898,0.09702364680259652,0.48325658400000004,0.0952330704427309,0.006733994990327118,12.557346584000001,3.3553547501279124,0.23725940971019405
R:A:GLU:115,103.784555,2.7820277078014524,0.19671906576352738,-5.24171,0.776771443797981,0.054926035534161755,-46.722535,8.56622992504725,0.605723926920404,-106.06093999999999,8.154599401957157,0.576617253498367,0.9393898319999999,0.0672079745950477,0.004752321458597143,-53.30124016800001,12.174783591091021,0.8608872036739168
R:A:VAL:116,43.10698,3.2912208007971753,0.23272445466259017,-6.32098,1.2081103631705177,0.08542630302196157,-47.25238,2.876499272657652,0.20339921417743972,-1.3073649999999999,1.570579721559845,0.1110567571509046,0.303836508,0.18042691623848459,0.012758109598080965,-11.469908492,4.802622992561287,0.3395967285522516
R:A:ASP:117,89.97035,9.934571877413742,0.7024803142704427,-4.995465,1.1321916705112258,0.08005804078214131,-41.65065,11.249094659460377,0.7954311115913809,-108.59658500000002,10.326802574019464,0.7302152128063857,0.788283504,0.1308046994711382,0.009249289000711022,-64.48406649600001,18.253209808029755,1.2906968433678638
R:A:VAL:118,53.685185000000004,3.225061322017769,0.22804627305412162,-5.497395,1.0289110549386666,0.07275499841849355,-57.790569999999995,2.54282577167607,0.17980493465280645,-2.0558549999999998,1.2005147287622089,0.08488921056220866,0.568328616,0.06275262689272333,0.0044372808013113975,-11.090306383999998,4.401228794439904,0.31121387261019495
R:A:MET:119,80.24519500000001,2.5714104470066617,0.18182617642923418,-11.73087,1.0961462279732572,0.07750924309719454,-65.55710499999999,1.5662513827527813,0.11075069737872983,-1.8228050000000002,0.9774340627249493,0.06911502539155288,0.026942795999999998,0.028204278326806803,0.001994343646335786,1.161357796,3.3500752920406036,0.23688609564874144
R:A:CYS:120,95.68126000000001,2.1028391908084654,0.1486931851565498,-7.166130000000001,0.7394565119734898,0.05228747140090061,-85.12625500000001,2.4303378983127017,0.17185084084715732,-2.3963850000000004,1.9001545060270757,0.13436121365139198,0.10662537600000001,0.05329049144610532,0.0037682067874304777,1.099115376,3.8064022276591536,0.26915328271013683
R:A:THR:121,40.763475,3.4189770223525926,0.24175818372265084,-6.0773649999999995,0.9829474460900746,0.06950488046802901,-49.11121,3.3251809132587056,0.23512579724373078,-5.535755,1.5826511381144615,0.11191033520133428,0.5090887080000001,0.10154360347475333,0.007180217060311594,-19.451766292000002,5.121280444911374,0.3621292130954892
R:A:ALA:122,82.59227999999999,2.0517447018574217,0.14508025919469542,-6.516655000000001,0.7749706871714568,0.05479870281197356,-67.601805,1.4930405811547787,0.10557391195212477,-3.472515,1.0805920875959625,0.07640939928356329,0.12783168,0.04945963469995305,0.003497324309134627,5.12913668,2.8652280153226295,0.20260221592803043
R:A:PHE:123,102.797335,3.1283541475950254,0.22120804317175038,-13.339250000000002,0.9865885350540011,0.0697623443377586,-75.524555,2.02784742694686,0.14339046668058167,-5.150270000000001,2.047872097348855,0.1448064247038093,0.193849092,0.07394071978383451,0.00522839843649637,8.977109092000001,4.367077873634972,0.3087990378417017
R:A:HIS:124,106.31515999999999,3.0196498993095204,0.2135214920611037,-8.270765,0.9485096150145237,0.06706975807974112,-75.083035,3.355681449985233,0.23728251087864646,-15.969075,2.662988296890356,0.18830170829515858,0.863950176,0.10456746558887724,0.007394036400938605,7.856235176,5.327381629110558,0.37670276759127125
R:A:ASP:125,93.17451499999999,4.436958205772847,0.31374032351432773,-5.3359950000000005,0.6980771626224425,0.04936150954817933,-20.11511,6.564539165691679,0.4641830159425267,-134.12850999999998,5.337427332517044,0.3774131060913227,0.7766777519999999,0.05550259970769744,0.003924626462679535,-65.628422248,9.579055035394896,0.6773414772886875
R:A:ASN:126,24.460695,6.74029342625193,0.4766107188889848,-5.983845,0.918155254287095,0.06492338064884638,-91.76463,8.392338923274012,0.5934279762662863,-5.71625,4.009506520446126,0.28351492498191344,0.5361353640000001,0.0749107375545182,0.005296989050848559,-78.467894636,11.523353301107752,0.8148241261221679
R:A:GLU:127,101.145095,3.047096532106425,0.21546226207824656,-6.879859999999999,1.3112972700345258,0.09272271917928206,-38.076645,17.967660059367077,1.2705054270033145,-113.48532999999999,17.609717761540075,1.2451950843966177,0.6367466519999999,0.2157782680492484,0.015257827657031209,-56.659993348,25.3769546186577,1.7944216696716135
R:A:GLU:128,104.14622500000002,3.3320030138604317,0.23560819260347252,-4.891715,1.2813831174847747,0.09060746916714427,-36.298985,14.833070810684314,1.0488564956055118,-117.381895,14.242981281107372,1.0071308648184083,0.898889184,0.16776641487056146,0.011862876961032965,-53.527480816,20.872346245615475,1.4758977569548277
R:A:THR:129,38.92447,4.941734489943789,0.3494333968662698,-6.19945,0.8477615156988432,0.05994579165796377,-52.40613999999999,3.3151513178737404,0.23441659775280416,-0.9302000000000001,1.7959677335631616,0.12699409631947461,0.41744019600000004,0.0839356881883075,0.005935149430151184,-20.193879803999998,6.273931217088025,0.44363393083009117
R:A:PHE:130,89.76637999999998,3.265314414508961,0.23089259652054672,-12.84468,1.0915615546546151,0.07718505773788085,-66.620445,1.869560851369915,0.13219791558445618,-0.26049,0.8336057460814436,0.058944827589026,0.19598147999999999,0.05449028594005357,0.0038530450697005863,10.236746479999999,4.005859503444526,0.28325704193662005
R:A:LEU:131,81.79963500000001,4.664002801433014,0.3297948008366339,-9.26134,1.166672865202581,0.08249622944110839,-79.57299,3.7685710129835686,0.26647821186637377,0.0005499999999999971,1.2750602015199124,0.09016037149158158,0.24748851600000002,0.09219421120884838,0.00651911519319215,-6.786656483999999,6.241029840992224,0.44130745221532014
R:A:LYS:132,142.32477,3.078847962647717,0.2177074272630587,-9.763245000000001,0.9645382029629516,0.06820315040285896,-171.56717,13.304761271105168,0.9407886916866613,33.963564999999996,12.040923285852084,0.8514218507173015,0.440326188,0.13257141073747633,0.009374214352393658,-4.601753811999999,18.232600471624853,1.2892395432150978
R:A:LYS:133,128.722085,3.5418603724278857,0.25044734873596686,-9.00809,0.9953174528259815,0.07037957203265731,-144.3594,6.048272628610585,0.42767745901555293,8.32546,5.818810103311501,0.4114520082488357,0.761142528,0.07481544435766466,0.0052902508042789505,-15.558802472,9.164124720276861,0.6480014733347041
R:A:TYR:134,84.95817,3.236480165411183,0.22885370721380066,-15.0024,0.8119645127713403,0.05741456130634458,-81.959465,1.4271512704597928,0.1009148341121116,-2.914425,0.7795991818716848,0.05512598681089528,0.166194396,0.05488463785554555,0.003880929961062415,-14.751925604000002,3.71236288470329,0.26250369699989495
R:A:LEU:135,70.037075,3.9461978041369132,0.2790383227208674,-10.80692,0.9374465870650978,0.06628748387139158,-73.88997499999999,2.9062584717080826,0.2055035073225637,-0.7168700000000001,0.652160856767715,0.046114736424488,0.060911388,0.030151634951250256,0.0021320425537890374,-15.315778611999999,5.032280240759673,0.35583594830722365
R:A:TYR:136,90.565405,3.2200157143987664,0.2276894947178613,-16.530815,1.0236042256531575,0.07237974892105525,-88.337855,2.014868634421361,0.14247272745994233,-4.220265,1.0488492288098419,0.074164840213372,0.074511432,0.0541151415377598,0.003826518354621977,-18.449018568,4.071728819438206,0.2879147059377451
R:A:GLU:137,102.41622,2.787762217550126,0.19712455683653415,-8.84605,1.3130512166324664,0.09284674193260634,-106.735105,8.735295865852226,0.6176786942414924,-47.72101500000001,8.017959232546335,0.56695533446108,0.246759444,0.07129873792400862,0.005041582107610896,-60.639190555999996,12.251280313007273,0.8662963387544691
R:A:ILE:138,75.49101999999999,2.996900957589356,0.21191289896558912,-10.40972,0.9727487093797658,0.06878372087928945,-63.04769,1.4634312535613012,0.10348021631935259,0.8644999999999999,0.5917693554080002,0.041844412410738906,0.048927851999999994,0.03827294375659777,0.0027063058066261617,2.947037852,3.5243357137656166,0.24920816823815986
R:A:ALA:139,97.82798999999999,1.9794376297069833,0.1399673770901634,-8.386495,0.6789848746290303,0.048011480917328514,-78.22092,1.4394283426416195,0.10178295421140023,-0.45876999999999996,0.6975318896652684,0.04932295292761779,1.9152000000000002e-05,0.00013406399999999998,9.479756351299329e-06,10.761824151999999,2.633951119240476,0.1862484697728837
R:A:ARG:140,-173.152075,4.0431289936601065,0.2858923928629003,-14.636875,1.2634153313043974,0.0893369548220388,-18.08081,7.733713162116889,0.5468561020684509,38.908049999999996,5.557593021938544,0.39298117128877813,0.170395596,0.0328416042731165,0.002322252108656577,-166.791314404,10.423116060042757,0.7370256047150643
R:A:ARG:141,-189.03488,4.0550784919160305,0.28673734998775435,-11.979605000000001,1.3378781667158637,0.09460227240862136,4.740925,6.926006740494482,0.48974263327473844,18.841335,6.022500759881646,0.4258551127013447,0.22517521199999999,0.037864342992866735,0.00267741336954294,-177.207049788,10.12299847106554,0.7158040864831495
R:A:HIS:142,116.410835,2.987231585896045,0.2112291711361738,-11.18247,1.1454894364855575,0.08099833483164946,-82.25791,2.6874853379879116,0.19003391068306727,-8.266185,1.493711378002792,0.10562134445212766,0.191299536,0.055568897764953946,0.003929314443266092,14.895569536,4.437627476698423,0.3137876481153203
R:A:PRO:143,78.32147,2.412031411300442,0.1705563767365501,-10.091225,0.8771357901573734,0.062022866524169926,-58.12236999999999,1.5183904185353647,0.10736641614350365,-0.6179350000000001,0.7618874593895085,0.05387357890353118,0.005278212,0.006858114094578479,0.00048494189824274816,9.495218212,3.077871297029643,0.2176383665749095
R:A:TYR:144,83.12206,3.2760248864134107,0.23164994125188118,-13.31004,0.7682332708233873,0.05432229553323386,-77.42549,1.810612128507925,0.12802961141665625,-5.136210000000001,1.185669931262491,0.08383952486446951,0.160251804,0.05054532347342911,0.00357409409853293,-12.589428195999998,4.00115054832045,0.2829240685265663
R:A:PHE:145,102.02992,3.3071458349458975,0.23385052462630906,-13.591669999999999,1.019809811239331,0.0721114433047904,-75.381,1.7676214951170968,0.12498971457684029,-4.705455,0.8171713394233794,0.057782739549756545,0.036819647999999996,0.021436005494403478,0.001515754484664479,8.388614648,3.9711383600935584,0.2808018863452181
R:A:TYR:146,81.656685,3.1189763265813673,0.22054493108859927,-14.05759,1.1802475045091179,0.08345610139168975,-82.158745,2.3103290912714143,0.16336493672105712,0.34665999999999997,0.956964223155704,0.06766758915463147,0.092585772,0.0662550942176616,0.004684942640946213,-14.120404227999998,4.168787385986456,0.2947777829955964
R:A:ALA:147,95.85755999999999,2.0404985631947894,0.14428503710364424,-6.519975,0.7796088342078994,0.05512666933413445,-71.434775,1.3429159148565486,0.09495849499584018,1.65074,0.6032390922345799,0.042655445279588866,0.001943964,0.002827099551466839,0.00019990612639316486,19.555493963999997,2.6341512617998752,0.18626262198897925
R:A:PRO:148,82.251365,2.413267789072527,0.17064380184722508,-9.41462,0.8561529393747358,0.06053915491646708,-62.29988,1.3470500828105834,0.09525082481532639,-0.65173,1.099249742824623,0.07772869473688594,0.060783012000000004,0.05230231585743653,0.0036983322214554065,9.945918012,3.095559518458505,0.21888911270685726
R:A:GLU:149,92.15673999999999,2.7738939313535402,0.19614392091522997,-8.127650000000001,0.9569043617310979,0.06766335631270444,-48.312055,9.498348743964657,0.6716346806932135,-88.814855,8.59417622486152,0.6077000287311785,0.48230128800000005,0.09425537891246025,0.006664861759230815,-52.615518712000004,13.141443277749364,0.9292403656274945
R:A:LEU:150,72.882015,2.821569494939829,0.19951509234610548,-12.063535000000002,0.9653888277657867,0.06826329865949197,-76.594905,1.5009690656289356,0.10613454046574564,1.8036149999999997,0.5303980927331846,0.03750480881000461,0.00082818,0.0023172959723781507,0.0001638575696084865,-13.971981820000002,3.3804534675337012,0.23903415703786587
R:A:LEU:151,69.30876500000001,3.6287809302539884,0.25659356032230235,-9.79312,1.002502601293383,0.07088763875317049,-76.306815,2.226235261776033,0.15741860501184415,1.675245,1.0418048353578515,0.07366672637544715,0.21382876799999997,0.09979212080418662,0.00705636853296275,-14.902096231999998,4.497165966305847,0.3179976550896217
R:A:PHE:152,98.738335,3.202600582772538,0.22645805895104507,-11.498875,1.4665813476841303,0.10370296161091543,-81.50741,1.780754941562707,0.12591838948104442,0.7148400000000001,0.8026018155972486,0.056752518640144946,0.30440592,0.18878231204279705,0.013348925301353662,6.7512959200000005,4.032171615865355,0.2851175892486311
R:A:PHE:153,93.29876,3.356145418839893,0.2373153184309854,-13.74242,0.8339204420087086,0.05896707995144409,-73.64020000000001,1.5946915595186424,0.11276172156365828,0.29174000000000005,0.6245848560443968,0.04416481871354166,0.034944552,0.02372483207367538,0.001677598964180796,6.242824551999999,3.859124985804026,0.2728813446908466
R:A:ALA:154,100.80189000000001,2.0935771631110236,0.14803826089730995,-7.1681799999999996,0.7616420337665195,0.053856224691301934,-83.78751999999999,1.7679227527242247,0.1250110167065287,0.8632150000000002,0.6315552222688053,0.04465769803600495,0.024840360000000002,0.025639238352962047,0.001812967930383767,10.73424536,2.913457422791403,0.2060125500354083
R:A:LYS:155,146.05957,3.4020495506532527,0.24056123071995617,-8.003585000000001,0.852543361228624,0.060283919198033234,-159.79306,13.206603445488927,0.9338478852746843,19.01774,12.586199043094782,0.8899786692735955,0.801060444,0.13112973980725373,0.009272272823293667,-1.9182745559999992,18.578071677527163,1.3136680464549195
R:A:ARG:156,-188.54520499999998,3.812634074098247,0.26959394079777643,-9.51714,1.2481400403800849,0.08825682864232093,-24.596895,10.34313448834419,0.7313700535432628,42.573299999999996,8.586600840262694,0.6071643681491857,0.5260408560000001,0.0976837455626025,0.006907283889901754,-179.559899144,14.029031302677215,0.9920023167601403
R:A:TYR:157,96.754905,3.4209104410923996,0.2418948970728299,-14.598980000000001,0.8702771050648178,0.06153788425027301,-87.32612,1.662364838295132,0.11754694499645663,-4.70644,0.7963333701409229,0.05630927261117835,0.12589686,0.06714071347929212,0.004747565379491049,-9.75073814,3.9827279662288637,0.2816213952541736
R:A:LYS:158,120.087235,3.0903472975986044,0.21852055303534948,-8.973465,1.1567976438318848,0.08179794584141463,-153.83437,19.20327956790454,1.3578769203486374,28.796934999999998,18.117614651514558,1.2811088179010692,0.542991168,0.16226061900440222,0.01147355840175396,-13.380673832,26.60692884458679,1.881393981255527
R:A:ALA:159,81.64186,2.1323363361346166,0.15077894830512648,-5.2314,0.6690298797512709,0.047307556478854415,-71.38291,2.128629110930319,0.150516807896992,-4.67847,1.2017596761000096,0.08497724163268656,0.348041592,0.05097951875036813,0.003604796341001205,0.6971215919999998,3.312453222723608,0.23422581361510963
R:A:ALA:160,93.937945,2.1844492651409873,0.15446388885391626,-7.320415000000001,0.547629585372266,0.038723259339510666,-78.844465,1.4169740960141088,0.10019519920572544,-2.772615,0.7944982547337659,0.05617951035631229,0.030274344,0.022777067626471675,0.0016105818974222702,5.030724344,2.776918906829953,0.19635781898245944
R:A:PHE:161,111.74882000000001,3.267277011151641,0.23103137306002403,-14.42036,0.9351072828290881,0.0661220700825375,-89.839785,1.6519486186849157,0.1168104070443854,-1.7310949999999996,0.9165624724889188,0.06481075396780228,0.006432768,0.013300497728994054,0.000940487213732797,5.764012768,3.888280160429523,0.27494292685928323
R:A:THR:162,38.270464999999994,3.858276039732642,0.2728213151384528,-5.820130000000001,0.7552688945666967,0.05340557569673788,-49.629794999999994,4.585431020414003,0.32423893691978917,-6.13183,2.3161658492215103,0.16377765783372283,0.5997433679999999,0.0719470575812227,0.005087425230210158,-22.711546632,6.469366535066984,0.4574532946927182
R:A:GLU:163,82.955805,2.9109413918825298,0.2058346397836744,-5.711120000000001,1.1508061894167931,0.08137428603680649,-33.621125,12.232972404913493,0.8650017741582239,-99.58736,11.871509809219718,0.839442508902188,0.7588349999999999,0.07826041816559888,0.005533847238338984,-55.204965,17.331544027448956,1.2255252310242364
R:A:CYS:164,83.963055,2.1771969805176106,0.1539510748902878,-7.8203700000000005,0.7572463358115376,0.05354540190810037,-74.06168,1.5675246976044754,0.11084073433535169,0.09176999999999998,0.7965956358780784,0.056327817599299904,0.0033096959999999996,0.008564307260834585,0.000605587974030132,2.1760846959999993,2.8992033969926743,0.2050046382052594
R:A:CYS:165,87.73666499999999,2.2471046955527014,0.15889429682614475,-6.5987599999999995,0.7224622705719655,0.05108579706728671,-79.76302,2.381109600501414,0.16836987452629407,0.19633999999999996,1.6629384337371,0.11758750431912396,0.137457576,0.04846212043248029,0.0034267893988485956,1.7086825759999997,3.742836756564707,0.26465852514411675
R:A:GLN:166,27.085995000000004,2.915364379451564,0.20614739223399117,-4.47192,1.2741439964148478,0.09009558600730669,-70.379335,2.861376924275269,0.2023299026685749,-9.01266,1.6040685784591628,0.11342477693167395,1.011226896,0.04127405834576949,0.0029185166543382822,-55.766693104,4.570012017888173,0.32314864879527444
R:A:ALA:167,87.64646499999999,2.457395566199101,0.17376410689171395,-4.83899,0.6629402988957603,0.04687695808710288,-74.88842000000001,3.0163577462893887,0.21328870168857983,-2.52738,1.8144978246335817,0.12830437162466446,0.240085728,0.05151485349788366,0.003642650224018507,5.631760728,4.344163095235481,0.307178718322135
R:A:ALA:168,89.146705,2.5257277660062654,0.17859592307741798,-2.16528,0.29830038819954624,0.021093022732647872,-72.89379,2.1793175665560995,0.1541010229670783,-6.3277600000000005,1.6020313456359088,0.11328072281725608,0.88186194,0.048120766088228475,0.003402652001687801,8.641736940000001,3.713021541279274,0.2625502710530301
R:A:ASP:169,115.81264500000002,8.556983516927856,0.60507010713212,-4.694885,0.7685204758332728,0.054342603994241935,-77.408305,11.927502652775852,0.8434018008398338,-90.15648999999999,6.983123169463646,0.493781374698864,0.6909896520000001,0.0713838641714309,0.005047601442291822,-55.756045348,16.274121021385124,1.1507541332071964
R:A:LYS:170,119.425,3.867780346658791,0.27349337112624866,-8.912965,1.0219988178931518,0.07226622944968832,-149.718015,9.245027909356194,0.6537221926964655,25.695585,8.874796962904277,0.6275429114123391,0.582050556,0.11311119294609027,0.00799816915602804,-12.928344443999999,13.425705296679748,0.9493407257494398
R:A:ALA:171,82.56086499999999,2.381965219472149,0.16843037592392596,-5.316385,0.5393328626877839,0.03813659245232851,-75.1308,2.131012632529427,0.15068534832557542,-0.554635,1.2120286060052379,0.0857033646298382,0.275464836,0.07030444279848254,0.004971274825034874,1.834509836,3.4611860886121404,0.2447428154206187
R:A:ALA:172,90.20801999999999,2.09085618338517,0.14784585857574775,-4.195085000000001,0.4149176397491434,0.02933910767005363,-78.50365,1.887394330154671,0.13345893296254094,-2.09292,1.0818460073411555,0.07649806479905226,0.519672204,0.05048246294562087,0.003569649187984713,5.936037203999999,3.046150496534939,0.2153953672614624
R:A:CYS:173,87.58885500000001,2.3580916551260263,0.16674225999990228,-6.7089300000000005,0.6278185606526777,0.04439347615922862,-73.094385,2.303458755171232,0.16287913059651016,-1.25881,1.4306219185724787,0.10116024599367085,0.274756968,0.04748497486884642,0.003357694773423409,6.801486968000001,3.6482336181484185,0.257969073074548
R:A:LEU:174,75.35788000000001,2.5934474133091654,0.18338442526016216,-12.159759999999997,1.0184117548418223,0.07201258578887443,-75.663135,1.3665936875220077,0.09663276635735414,-0.6068199999999999,0.6999628401565329,0.04949484708532798,0.0017500319999999999,0.004592633746400425,0.0003247482465585919,-13.070084968000002,3.1813015205509405,0.22495198781806447
R:A:LEU:175,78.03413499999999,3.771558608423711,0.26668946676589045,-7.894639999999999,1.2298565771666223,0.08696399256013951,-70.92169,2.328238523841576,0.16463132484281356,-1.315295,0.8077123547247498,0.05711388832740247,0.36793717200000003,0.09005789273604403,0.006368054665302745,-1.7295528279999988,4.671017644271327,0.3302908251306268
R:A:PRO:176,94.23153000000002,2.735140160777871,0.19340361551816962,-6.32377,0.6064062888031423,0.04287939989668699,-64.08436999999999,1.9509334953042352,0.1379518304173598,-3.61459,1.2657514731968516,0.08950214499943562,0.59064858,0.046371177282096256,0.003278937390777384,20.79944858,3.641310048222003,0.25747950275004927
R:A:LYS:177,123.498225,3.461755478709466,0.24478307738051464,-8.983825000000001,1.005449608073423,0.07109602360100739,-163.014345,11.384386596825275,0.8049976962264394,37.96012,10.585787817899998,0.7485282350239034,0.606529728,0.10372183568258912,0.007334241336827558,-9.933295272,15.95833951385677,1.1284250086725354
R:A:LEU:178,63.52317,2.8733746764214376,0.20317827185873003,-11.502305,1.0416755886431246,0.0736575872526042,-73.70839,1.6380940107026822,0.11583073831889355,-0.24639499999999998,0.8844913391181397,0.06254298237912068,0.02619306,0.025518204204520348,0.0018044095236719405,-21.907726940000003,3.578784452673257,0.25305827548902465
R:A:ASP:179,86.65646499999998,4.316512658243341,0.3052235371721437,-6.339569999999998,1.5222353481311621,0.10763829372254097,-113.15397999999999,12.674366566404808,0.8962130546348899,-40.122170000000004,10.157395301508158,0.7182363096888795,0.360061992,0.06698962281700603,0.004736881656303403,-72.599193008,16.875017533743193,1.19324393307517
R:A:GLU:180,98.92901000000002,2.9587882553335914,0.20921792394414965,-6.85704,0.779515367648387,0.055120060250329915,-56.53226999999999,14.433858367640303,1.0206279130444649,-88.98961,13.989170117555222,0.9891837053295509,0.8303753159999999,0.11628041207465745,0.008222266789715637,-52.619534684,20.33245536666765,1.4377217067943504
R:A:LEU:181,79.74456,3.975325273031127,0.2810979457982573,-10.32095,0.9090975401462706,0.06428290353974375,-76.93181,2.6911592639418433,0.19029369647862754,-0.73809,0.7768955218689318,0.05493480917869834,0.083753136,0.03366489149830583,0.0023804673066361404,-8.162536864000002,4.947394013480188,0.34983358561335703
R:A:ARG:182,-193.347475,4.19577666223728,0.2966862130212239,-8.86353,1.4983472057904337,0.1059491469786331,30.55887,14.515142371437491,1.0263755600731634,-3.7370700000000006,10.88837721495265,0.7699245364810112,0.8478743400000001,0.24770432317468744,0.017515340664604556,-174.54133065999997,18.68574483445588,1.3212816883965253
R:A:ASP:183,91.185785,10.767161852539182,0.7613533160063565,-6.211635,1.3308425683659957,0.09410478047833169,-120.49607499999998,16.008959551431662,1.1320043858558477,-37.906504999999996,14.13873460497703,0.999759511657616,0.42665425199999996,0.1285640337631785,0.009090850009063976,-73.00177574800001,23.956419748382217,1.693974685703239
R:A:GLU:184,100.40177,2.9254102254384775,0.20685774081600142,-5.519805,1.3277692521575426,0.09388746420515894,-87.21603999999999,7.802422919093786,0.5517146155776553,-67.444165,7.598638596997162,0.5373048879722526,0.441899424,0.07282748170265002,0.005149680616868304,-59.336340576000005,11.355325268451853,0.8029427499901258
R:A:GLY:185,88.34108499999998,1.9522373646088735,0.1380440279000689,-5.491525,0.6251268746222642,0.04420314521473557,-78.94239499999999,2.3650393800051193,0.16723353833748478,-2.35425,1.0579360743920212,0.0748073772264474,0.013059144,0.012639853539786921,0.0008937726151188118,1.5659741440000008,3.303757574266385,0.233610938416018
R:A:LYS:186,118.75858,3.458119525638175,0.24452597667323606,-8.788605,1.0501208163706688,0.07425475503208531,-108.232065,17.23306590687725,1.2185617763387604,-10.3091,17.409451205020797,1.2310341003806518,0.537556212,0.14997788154777442,0.010605037707042407,-8.033633788,24.761893900877286,1.750930309233214
R:A:ALA:187,93.054915,2.0884497019978716,0.14767569464497193,-6.1429,0.6558746374117541,0.04637734037221194,-87.31029500000001,1.5107615721797398,0.10682697524443438,0.9817300000000002,1.0075861685731895,0.07124710124278741,0.20556828,0.0562408220909332,0.003976826668000505,0.7890182799999994,2.8447472898167008,0.20115400993914417
R:A:SER:188,86.15117000000001,4.858084435361329,0.34351844478208154,-6.705259999999999,0.9558645209442601,0.0675898284655317,-81.670195,5.394883852964307,0.3814758956144871,-2.1140250000000003,1.9771483440488224,0.13980550014886756,0.179214948,0.0745132780772749,0.0052688844216879985,-4.1590950520000005,7.58512366105259,0.5363492376868818
R:A:SER:189,63.07378499999999,4.852612947554647,0.3431315521689531,-7.873099999999999,0.9675105322424145,0.06841332582180171,-58.096985000000004,6.084427401553494,0.430233987527572,-1.6846949999999998,1.6405323928453837,0.1160031579737164,0.062353872,0.02165436849849046,0.001531195080759496,-4.518641128,8.012240716378914,0.5665509743050491
R:A:ALA:190,96.15387500000001,2.245937750556546,0.15881178135413943,-7.416335,0.6304426800074691,0.0445790294182702,-76.83161,1.3822261059247865,0.09773814526324916,-0.77399,0.6513447857317967,0.046057031488145224,0.054808956,0.018990999973789266,0.0013428664862979935,11.186748955999999,2.788701139962832,0.19719094867703738
R:A:LYS:191,129.85417,3.360269231936631,0.23760691605149034,-9.1653,0.7851526412106119,0.0555186756866552,-120.31362999999999,8.241891514276318,0.5827897379548648,-10.390340000000002,7.851942179129951,0.5552161560347465,0.7329336839999999,0.08304443503522282,0.005872128315321176,-9.282166316,11.89523190512864,0.8411199143903035
R:A:GLN:192,40.201605,2.6116603701429097,0.18467227578842202,-11.326545000000001,1.160164203022572,0.08203599752471472,-89.91070499999998,2.862063727098857,0.20237846696196463,2.570245,1.6787153704469975,0.11870310221251591,0.044734824,0.02309806952264678,0.0016332801591781858,-58.420665176,4.37912987483994,0.30965124301959185
R:A:ARG:193,-190.74779999999998,3.878615763387757,0.27425955079085207,-11.004124999999998,1.5842844029324405,0.11202582446416093,-34.206685,9.736417392232884,0.6884686762510513,55.908765,7.5719773540188955,0.5354196534017732,0.12769203599999998,0.05189046184732127,0.003669209745114269,-179.92215296400002,13.026472070939073,0.9211106736298188
R:A:LEU:194,81.11297,3.311401638143582,0.23415145535635687,-10.224585,0.9398282357830073,0.0664558918672754,-83.72643499999998,2.503625015008238,0.1770330225660597,-2.9404049999999997,0.6404662762199115,0.045287804703639585,0.20804965199999997,0.03525328000391022,0.0024927833349833034,-15.570405348,4.304443748311277,0.30437013636669447
R:A:LYS:195,124.75822500000002,3.223873109223594,0.22796225372169623,-12.218854999999998,0.794850749496407,0.05620443550001191,-129.826235,7.629508250193783,0.5394877020830734,5.865540000000001,7.190197671024072,0.5084237531252842,0.27176886,0.058631013757454345,0.004145838741573773,-11.14955614,10.997132436335358,0.777614691933927
R:A:CYS:196,81.41790999999999,2.2448925145538703,0.1587378720075962,-8.224035,0.7819719072799227,0.05529376383350115,-76.492945,1.7298683683954104,0.12232016538525034,-2.784665,0.6323978042142462,0.04471727757673761,0.023440248,0.016808856284592836,0.001188565626282571,-6.060294752,3.0072706160361746,0.21264614454622252
R:A:ALA:197,98.27932499999999,2.102200630143327,0.148648032098898,-6.80412,0.6331375961037222,0.04476958876290914,-84.36416,1.4943707486430535,0.10566796899723208,-2.3757,0.7364019350870826,0.05207148019789719,0.066995064,0.03639076784690183,0.002573215871712966,4.802340064000001,2.756241414927126,0.19489569950821756
R:A:SER:198,79.437135,2.544504568039719,0.1799236434821032,-8.413475,0.7439967267233103,0.052608513064664734,-71.34235499999998,1.8446609333357171,0.13043722549515915,-1.7949950000000001,0.9107066569291125,0.06439668527863061,0.057900563999999995,0.015339025983115876,0.0010846329289457884,-2.0557894360000004,3.3556564910339244,0.2372807460142743
R:A:LEU:199,62.49421,3.5809862630147022,0.25321396699135695,-11.1026,0.9022700094760991,0.06380012421618002,-59.939125000000004,2.24146138253038,0.15849525433550057,-4.18308,1.5139388275620649,0.10705164112707473,0.111247452,0.041081121154833346,0.002904873934732879,-12.619347548,4.577706996673153,0.32369276596326907
R:A:GLN:200,40.48752,3.393823713689325,0.23997957621014335,-7.00297,0.954150522244787,0.06746863045519746,-78.73081499999999,2.855711456148012,0.20192929357543693,-6.461574999999999,2.59488203477056,0.18348586831654096,0.5814988200000001,0.10466085689069242,0.007400640163220341,-51.12634118,5.2276091293071145,0.3696477864725764
R:A:LYS:201,123.335935,3.7072128197306133,0.26213953241332183,-6.230275000000001,0.9091270479833938,0.06428499005891655,-149.712515,7.541144067697886,0.5332394108173879,23.848525,7.0341071970346745,0.49738648986163164,0.9887419439999999,0.16997820548560236,0.012019274175278984,-7.769588056,10.997561065056203,0.7776450005614391
R:A:PHE:202,95.17519,3.240114262475939,0.22911067668159854,-10.00016,0.8873062968332862,0.06274202994803403,-76.08051999999999,2.1048311190211915,0.14883403575123536,-4.63732,1.0776989225196432,0.07620482161910754,0.459619524,0.06220801688457062,0.004398771058324713,4.9168095240000005,4.108682482604942,0.2905277245192333
R:A:GLY:203,80.037015,1.801541704977989,0.12738823561803106,-3.39851,0.6167452147361988,0.04361047236043196,-78.524035,2.6240573857625527,0.18554887716953453,-0.42688499999999996,2.21307309228028,0.1564878990812868,0.28782648,0.04950026484409149,0.0035001972941787153,-2.0245885200000004,3.925779811253382,0.2775945525982511
R:A:GLU:204,103.68014,2.5645407464885404,0.18134041524712574,-6.50143,0.9985708212740846,0.07060961992179252,-37.50029,10.435759769460967,0.7379196499819611,-109.33923,9.540919771023127,0.6746449068847254,0.61937118,0.06314193827646092,0.004464809273254794,-49.04143882,14.405284859136568,1.0186074608819367
R:A:ARG:205,-200.02919999999997,4.104488284792636,0.2902311499477614,-6.595609999999999,1.439277442990058,0.10177228399471046,-24.480074999999996,11.140066132181397,0.787721630493206,54.761264999999995,9.104614486334663,0.6437934643376515,0.74192634,0.10338911090432493,0.007310714142129617,-175.60169366000002,15.03077214651009,1.0628360911267163
R:A:ALA:206,86.55725999999999,2.1265646127968925,0.15037082583400274,-6.267495,0.5464789016741635,0.038641893714917754,-79.6879,1.6878754811892962,0.11935081985474583,-0.10493999999999999,0.7800121834945913,0.05515519043571512,0.15814458,0.025745995974574377,0.0018205168342023095,0.6550695800000004,2.8773115481441556,0.20345665072790955
R:A:PHE:207,112.43366000000002,2.70638151124338,0.19137007190780905,-14.846775000000001,0.9101635920948498,0.0643582847959375,-86.45790500000001,1.5188140195478177,0.10739636925834593,0.153005,0.6058373255049576,0.042839168116047724,0.009101772000000001,0.01218020556145158,0.0008612705948748511,11.291086771999998,3.290422753558047,0.23266802420114072
R:A:LYS:208,120.65551500000001,3.1650652725931265,0.22380391171486483,-9.90785,1.0369004086699938,0.0733199310385655,-179.525085,10.728819366443588,0.7586420928137819,53.899335,9.633509055519438,0.6811919579779807,0.549230328,0.08133916194913011,0.00575154729902607,-14.328854672000002,14.799036401640873,1.0464498994626823
R:A:ALA:209,89.54496999999999,2.161376635179533,0.15283240754336105,-6.650145,0.6326364943433156,0.04473415551762434,-79.15455,1.2760638022841961,0.09023133678218449,-2.3196299999999996,0.6122128821741666,0.0432899880515114,0.06839967599999999,0.018831675789069437,0.0013316005651557528,1.4890446760000007,2.659939090597381,0.18808609685045866
R:A:TRP:210,117.446855,3.7312705522348546,0.263840670992694,-15.238339999999999,0.8473100226009369,0.05991386627484493,-83.92380999999999,1.5771680994427955,0.11152262581870998,-6.094919999999999,0.9208550882739368,0.06511428774086375,0.430086564,0.07638133103838597,0.005400975713329724,12.619871564,4.24046950509094,0.29984647424645666
R:A:ALA:211,99.28329,1.9767164227324063,0.13977495869968987,-7.388295,0.7213967341033642,0.051010452261031757,-86.90040499999999,1.2058114284476658,0.08526374378875819,-0.30457500000000004,0.4805671902814423,0.03398123190637738,0.004133628,0.008649254219273242,0.0006115946310654467,4.694148627999999,2.472412162003648,0.17482594056408723
R:A:VAL:212,49.614230000000006,3.1422208558756655,0.222188567517548,-9.129014999999999,1.108809435735014,0.07840466710518577,-54.263490000000004,2.4327857098190955,0.17202392725868107,-1.29322,0.45869250222779967,0.032434457880470266,0.059029811999999994,0.019105014338645653,0.0013509285193522565,-15.012465187999998,4.151170966721063,0.2935321140433179
R:A:ALA:213,95.478685,2.324985601197349,0.16440130847677276,-7.930715,0.6525756460173794,0.04614406645360809,-75.00849,1.6447022617787086,0.11629801223365771,-2.93622,0.552106893273395,0.039039852817345504,2.0375999999999996e-05,0.000287438852321672,2.0324996165313288e-05,9.603280375999999,2.9734291068850274,0.21025318848558625
R:A:ARG:214,-187.933195,3.9199732291145826,0.2771839652376649,-10.977260000000001,1.0176543285418678,0.07195902766157974,11.732345,11.39089089035511,0.8054576192326167,20.00598,9.698570823043982,0.6857925196792395,0.6435940680000001,0.11830323171241677,0.008365301738013331,-166.528535932,15.499370225579606,1.0959709790628207
R:A:LEU:215,71.00952,3.134345236185701,0.221631677108666,-9.796395,0.9540386622013804,0.0674607207556738,-80.23812,1.9482548769604042,0.13776242349784645,-0.9034899999999999,0.6858700896671323,0.04849833914166546,0.157217868,0.03584977835716388,0.0025349621380385307,-19.771267132000002,3.873204084564,0.27387688731146387
R:A:SER:216,77.931935,4.140980118374755,0.29281151224614616,-9.118825000000001,0.8726495770783368,0.06170564335516647,-70.787675,3.082041639786036,0.21793325433920127,-2.61178,0.8841421670749563,0.0625182921871671,0.001340424,0.0021707053245026142,0.00015349204549135436,-4.585004576,5.309418647845224,0.37543259300496673
R:A:GLN:217,38.441705,3.0382391722797264,0.21483595215855977,-12.009275,1.0186864283846133,0.07203200814134643,-82.26515,3.371445587207363,0.2383972037115788,-0.8894299999999999,1.8821884616318314,0.13309082246909437,0.042081624,0.03258264835555612,0.002303941160123044,-56.680068376,5.017864056441133,0.3548165701381762
R:A:ARG:218,-193.67436999999998,4.142395592299219,0.2929116013672043,-12.059270000000001,1.2197299156370645,0.08624792945630638,-13.732000000000001,8.42800367940119,0.5959498553569754,48.06961999999999,7.631083767434348,0.5395991079755414,0.41693270399999993,0.10861579247892261,0.007680296340579699,-170.979087296,12.162387314428686,0.8600106545449766
R:A:PHE:219,104.24775000000001,2.6643204119437285,0.1883959030539146,-12.248400000000002,0.8198851504936531,0.05797463497082151,-73.806605,1.3501105617596654,0.09546723335718384,-2.414255,0.618720203302753,0.043750125141249596,0.047800224,0.027666887626869488,0.00195634438552856,15.826290224,3.1586695922683896,0.22335166882207252
R:A:PRO:220,91.680695,2.676775362628512,0.18927660106277003,-9.732395,0.8372143566464922,0.059199994889146734,-65.44943500000001,2.1332353095181507,0.15084251532268678,-0.803245,0.9674672681672493,0.0684102665897086,0.00797508,0.01047592846367328,0.0007407600055888546,15.70359508,3.6541551372071184,0.2583877877026812
R:A:LYS:221,116.29442499999999,3.506258402396349,0.2479299092926769,-8.244415,1.1500450655409118,0.08132046645141063,-192.76628499999998,10.71414275823199,0.757604299894658,70.8744,9.404291290150471,0.6649838143518984,0.660552264,0.13219206903784472,0.009347390843574025,-13.181322736,14.726421021213588,1.041315216670825
R:A:ALA:222,90.34279999999998,2.1504486252872907,0.15205968055339322,-6.410215000000001,0.7097248049596407,0.05018512223632618,-86.17901999999998,2.4566263939801676,0.17370971820252315,0.7308699999999999,1.4372967484482806,0.10163222774051546,0.017120664000000004,0.0163980398380021,0.001159516516761844,-1.4984443360000006,3.637202588141816,0.2571890614624339
R:A:GLU:223,102.78908,2.816618517584517,0.1991650053799613,-6.304385,0.8709104183410599,0.06158266626149764,-0.4504599999999999,9.876120596590544,0.6983471845665304,-151.08176,9.07685981341565,0.6418309125945867,0.758154528,0.0679962612376623,0.004808061741648299,-54.289370472,13.734030378323665,0.9711426013534707
R:A:PHE:224,88.70280000000001,3.4026317726136632,0.24060240002959238,-10.522975,1.043783437488352,0.07380663467382184,-68.733565,1.8676997124203347,0.13206631318725834,-2.819515,0.8228189592948136,0.05818208658062205,0.29836537199999996,0.07763298744328223,0.005489481186491496,6.925110372000002,4.103504231832151,0.29016156689562084
R:A:ALA:225,90.89435499999999,2.2287031316384422,0.15759310976332372,-4.388755,0.5971014109638327,0.042221445674858166,-80.32102,2.5524218204677696,0.18048347777012724,-1.304685,1.9642872029759293,0.13889608014222357,0.49798400400000004,0.07904587920691111,0.005589387721205956,5.377879004,3.962723477653291,0.28020686430157804
R:A:GLU:226,112.247745,3.1185178803359452,0.2205125140437045,-8.119015,1.1887569325875664,0.08405780882151877,-13.20489,14.482439480553682,1.0240631164823288,-143.82648,12.991418371740632,0.9186320027889296,0.245457216,0.08289185841458582,0.005861339519010881,-52.657182784,19.73988785409992,1.3958208561496017
R:A:VAL:227,55.28536,3.1607604180639823,0.22349951253190686,-9.263874999999999,0.9564468722176888,0.0676310069189791,-60.091195000000006,2.1611442633417606,0.15281597637313646,-0.214155,0.728500282069266,0.05151274895474906,0.009440172,0.010751206393294474,0.0007602250946634687,-14.274424828,4.013299118700712,0.28378310217632685
R:A:SER:228,77.663195,4.3171824014019835,0.3052708951650566,-5.82354,0.853332864947788,0.06033974554139252,-68.158275,5.607408534196077,0.39650365994133646,-3.136775,1.66562371031845,0.11777738204712736,0.26643214800000004,0.05075895017745438,0.00358919978763881,0.8110371480000002,7.320256153315136,0.5176202766031683
R:A:LYS:229,122.95753,3.444853201386091,0.24358790588922924,-7.62426,1.0145358014382735,0.07173851449535318,-200.11109499999998,14.214648914974124,1.0051274639964203,75.36151,13.534565905114947,0.9570383331923021,0.9019841399999998,0.14936678696998607,0.010561826795052359,-8.51433086,19.95393006213124,1.4109559258255107
R:A:LEU:230,79.09578499999999,4.204404003990934,0.2972962582069862,-9.696485000000001,0.9613097210446797,0.06797486225712414,-84.97428,3.687742295985445,0.26076275847597563,-1.4984899999999999,1.0257684679790073,0.0725327839635292,0.06267618000000001,0.043636552778930644,0.003085570237758654,-17.01079382,5.7666868953315324,0.4077663408668525
R:A:VAL:231,62.50178,2.915867077148752,0.20618293832904802,-8.458725,1.2435380409842716,0.08793141814434133,-71.81947,1.8173273092924125,0.12850444640361672,0.04963999999999999,0.7780281359950938,0.05501489709160602,0.040783644,0.02267865427890429,0.0016036230228798536,-17.685991356,3.735932055302252,0.2641702890356418
R:A:THR:232,32.485150000000004,3.5390343227355117,0.2502475168458221,-6.954605,0.8002348336426002,0.05658514774103713,-48.052569999999996,4.05416679295512,0.28667288313598827,-1.403435,2.398959757014486,0.16963207119785753,0.538738776,0.09643450273267666,0.0068189490822628315,-23.386721224000002,5.946908074005123,0.4205099026222053
R:A:ASP:233,75.016395,4.114686859163768,0.2909522980573877,-7.758625,0.8665325639437909,0.06127310520836201,17.756365000000002,16.27898436425857,1.1510980234797012,-146.42649,15.462015395798183,1.0933295937179695,0.393942456,0.11086036147342866,0.007839011336265328,-61.018412544,22.842352520805978,1.6151982365715534
R:A:LEU:234,83.84416999999999,3.8283658408125003,0.27070634469014576,-9.541200000000002,0.9943590649257441,0.07031180377433081,-86.82537,2.577041298291512,0.18222433774197125,-1.667385,0.9777802139412517,0.06913950197878922,0.255995784,0.05202342112276493,0.0036786113856430553,-13.933789216000001,4.821310755108026,0.34091815291445193
R:A:THR:235,57.648540000000004,2.9383404871457626,0.20777204838957522,-8.14341,1.1051452311348042,0.07814556871313945,-70.88812,2.9936834945598374,0.21168538997295017,2.092305,1.2287287707118282,0.08688424460093441,0.069194196,0.028341299850839306,0.002004032531216976,-19.221490804,4.508648277161597,0.31880957707660096
R:A:LYS:236,132.84305999999998,3.8671247906422668,0.27344701631577545,-7.34392,1.1469347294419157,0.08110053247667368,-248.95067500000002,30.376912067545227,2.1479720514468696,113.27427,28.457330558523932,2.012237141239943,0.784340856,0.17295447239273595,0.012229728026544512,-9.392924144,41.819570489735966,2.957090187960113
R:A:VAL:237,55.501225000000005,3.100765875453192,0.21925725774047938,-9.061214999999999,1.244898103771951,0.08802758910634209,-64.55216999999999,2.5060554744657995,0.17720488200244375,0.656135,1.5893712362991221,0.11238551790099559,0.044376804,0.03889901823990914,0.002750575957893895,-17.411648196,4.4690545314020325,0.31600987646468454
R:A:HIS:238,113.62256000000001,3.0110479166562594,0.21291324003452672,-12.94739,0.8256344577959426,0.05838117238887894,-92.77528999999998,2.03031459037756,0.143564921479796,-2.959715,1.7158011201112442,0.12132546071981347,0.125257392,0.04992005529767706,0.0035298809618194886,5.065422391999999,4.1008199967684416,0.2899717628140361
R:A:THR:239,38.47563,3.4639256376400462,0.24493653079012123,-7.7176,0.7750644360309664,0.05480533185740234,-54.692845,5.947315239751043,0.420538693588206,-1.58519,3.2461269543719324,0.22953583820288279,0.27841752,0.06690461741912884,0.004730870866975761,-25.24158748,7.649305896341641,0.5408876070673416
R:A:GLU:240,87.40737499999999,2.9954742503274834,0.21181201552762532,-9.67444,1.1354393450995082,0.08028768605458747,29.054740000000002,11.320551863862468,0.800483898971116,-162.711805,10.383778743645061,0.7342440363972151,0.26014319999999996,0.0659636549409203,0.004664334772057425,-55.6639868,15.692169868884392,1.1096039725819369
R:A:CYS:241,86.42235999999998,2.437368218058158,0.1723479595237495,-9.320640000000001,0.5270849840395759,0.03727053664759873,-71.19588,1.4761576526916085,0.10438010863186528,-2.351275,1.0450690691887308,0.07389754256316647,0.051492779999999995,0.023554643932770455,0.0016655648453296557,3.6060577800000004,3.0806408435625534,0.21783420308833276
R:A:CYS:242,92.08118999999999,2.3840311121921207,0.16857645659907552,-7.922,0.5662220589132854,0.040037945751499285,-82.681925,1.4118139004043697,0.09983031827493588,1.332905,1.0786589386710705,0.07627270501217982,0.010650960000000001,0.013410859449505838,0.0009482909658285267,2.8208209599999994,3.0267334224211377,0.21402237278379535
R:A:HIS:243,110.843135,3.175032944203099,0.22450873253367004,-8.776545,0.8808751432382457,0.06228727871624349,-89.46060000000001,4.700936315246145,0.33240639464366506,-4.91162,3.903411678980325,0.27601288679697544,0.510783444,0.14100739974514692,0.009970728855727563,8.205153444,6.943492152881927,0.490979038641839
R:A:GLY:244,72.69415,1.6947566130568719,0.11983738935532598,-4.4565850000000005,0.5507839982924341,0.03894631001616199,-72.717525,1.8478821172831883,0.13066499759642974,-1.0361699999999998,1.2503706294935113,0.0884145551111354,0.06594778800000001,0.04298743276309317,0.0030396705212583945,-5.450182212,2.855784645263988,0.2019344688274585
R:A:ASP:245,86.86694500000002,8.24313031086947,0.5828773341020175,-7.811485,0.7706022578314964,0.05448980821103154,25.460985,11.52135834807576,0.8146830616404609,-164.179,6.766929550394329,0.4784941772895465,0.31562514,0.06647946825185352,0.004700808281056142,-59.34692986,15.718793796160826,1.1114865685338353
R:A:LEU:246,66.07471,3.08947641937918,0.21845897264589523,-10.88977,0.8742704713645543,0.061820257889303565,-64.49593,1.5254560646246096,0.10786603276982057,-2.09436,0.8921756835960057,0.06308634758804793,0.033144516,0.01757979321360021,0.0012430790993193956,-11.372205484,3.6650397143318156,0.2591574435322034
R:A:LEU:247,70.432,3.0625520109869155,0.2165551294705346,-10.489049999999999,0.898830472057996,0.06355691219293146,-70.8671,1.8501320709614217,0.1308240933467532,-5.220750000000001,1.2452945946642506,0.08805562524620446,0.033274296,0.023752646172996897,0.0016795657180050801,-16.111625703999998,3.8937684231602963,0.2753310056386696
R:A:GLU:248,98.351085,2.595565327202342,0.18353418438774557,-8.038925,1.1978400433175542,0.08470008174066304,34.72733,10.054404917800953,0.7109537898172426,-183.63981,9.334574450070019,0.6600540893135197,0.31633740000000005,0.08575282775343564,0.0060636406010376315,-58.2839826,14.014437987290739,0.9909704135331632
R:A:CYS:249,77.26061,2.0558126368665013,0.14536790563773003,-9.22847,0.7648882003927109,0.05408576333472607,-68.047825,1.5251940808877407,0.1078475077221305,1.191375,1.598584077981199,0.11303696418373504,0.0035650079999999997,0.01000139798747835,0.000707205633829143,1.1792550079999997,3.1133916592217723,0.22015003547253517
R:A:ALA:250,90.225025,2.0139655668295324,0.14240887093813712,-6.557284999999999,0.6312430148326396,0.04463562163647998,-77.71978500000002,1.7854388560729268,0.1262495922523119,-1.31856,1.3460366289221106,0.0951791628036305,0.099951264,0.042364525615726,0.002995624334463105,4.729346264000001,3.0750489941390606,0.21743879962366017
R:A:ASP:251,104.18844000000001,2.8182734548655852,0.19928202711734946,-7.4080449999999995,0.7810117687813674,0.055225871789180474,57.41121500000001,8.757580902211238,0.6192544842743369,-216.16326,8.20048103481741,0.5798615748711067,0.338222196,0.06389304687659202,0.004517920671710817,-61.633427804,12.34908253401803,0.8732120001236503
R:A:ASP:252,93.010315,3.4007656616966413,0.24047044606120513,-7.040970000000001,0.7262120758428628,0.05135094834080477,60.12388,11.525743436134608,0.8149931341907121,-199.30059999999997,10.428564393529916,0.7374108600705579,0.340951284,0.09879875613909794,0.006986127043875219,-52.86642371599999,15.927965008898333,1.1262772068294058
R:A:ARG:253,-196.7316,4.419490437821991,0.31250516579730336,-10.926449999999999,1.503503261552831,0.10631373517800982,-19.793499999999998,10.511578686381984,0.7432808570116682,58.566565,10.007335895020962,0.7076255072980869,0.441758052,0.21214370577705788,0.015000825294100137,-168.44322694800002,15.247212234870211,1.078140716546722
R:A:ALA:254,85.15063999999998,2.3075948107065942,0.16317159388815203,-4.924670000000001,0.5332166361808304,0.03770410992849453,-83.978455,2.182693177699284,0.15433971472007776,3.52028,1.7215223413014424,0.1217300121498392,0.30243898799999996,0.07461523405930356,0.0052760937983155,0.07023398800000136,3.6527619555931543,0.2582892748860154
R:A:ASP:255,92.406525,9.73333186783308,0.6882504967283896,-6.301750000000001,0.8065109345197993,0.057028935090004965,21.037214999999996,17.51628475216063,1.2385883729447305,-168.29397,11.359727264732195,0.8032540181321846,0.611357436,0.062051775658064,0.00438772313524834,-60.540622563999996,23.048984676284817,1.6298093364065815
R:A:LEU:256,66.15759,4.342182636865934,0.30703867876783864,-9.01068,1.1183351991241268,0.0790782402940278,-70.74753500000001,2.3388269193711193,0.1653800374708961,-0.5549149999999999,0.9056245401793174,0.06403732535697443,0.19710684,0.06744985760145088,0.004769425170005291,-13.95843316,5.138096955035049,0.3633183199299235
R:A:ALA:257,101.599155,2.37642455823344,0.16803859201051108,-7.24721,0.5485726532557014,0.038789944309060305,-84.223575,1.4267131506981356,0.10088385436666764,-0.636055,1.141385181249082,0.08070812016070625,0.048472776,0.019654148353796048,0.0013897581579415605,9.540787775999998,3.0474550806816683,0.2154876152911405
R:A:LYS:258,130.297955,3.3064668957929997,0.23380251637840635,-6.7627500000000005,0.9821183215376851,0.06944625250868472,-207.174975,16.231965765561945,1.147773306481674,70.652145,15.09975015634282,1.0677135729772638,0.95804856,0.11145309872735526,0.007880924189436667,-12.029576440000001,22.436329221199287,1.5864880537243906
R:A:TYR:259,89.46769,3.3024323072396204,0.23351722788586715,-9.93871,1.2051350488223302,0.08521591652678508,-95.16264500000001,4.221833062660697,0.29852867876449496,-3.9127199999999998,1.812314272304889,0.12814997115879503,0.525188088,0.11241039729539014,0.00794861542034443,-19.021196912,5.786138881654597,0.40914180401051115
R:A:ILE:260,78.04164,3.3433861398887204,0.2364131011640429,-9.823435,1.1912593990290274,0.08423475992056366,-60.783705,1.6536095391521544,0.116927851856925,-3.0139,0.785482189486178,0.05554197826869331,0.084873816,0.025941809513658525,0.0018343629423357634,4.505473815999999,3.993671192227878,0.2823951981853696
R:A:CYS:261,85.394875,2.0897333392983426,0.14776646150894662,-7.621585,0.6106128010245118,0.04317684522837443,-76.783305,2.3710666190503806,0.16765972849755845,-2.44512,1.528491356076311,0.10808066028665812,0.12243632399999999,0.038799489236481244,0.0027435381945690347,-1.332698675999999,3.5636472272224164,0.25198791201256077
R:A:GLU:262,94.35601500000001,3.2124792426994766,0.22715658569338246,-5.651714999999999,0.8769525550307724,0.062009909844112816,0.7291399999999997,13.371063840637364,0.9454769913392922,-144.675395,12.822837623902712,0.9067115437915604,0.9280194839999999,0.09890912310843396,0.00699393116711887,-54.313935516,18.82310719946521,1.3309946743743173
R:A:ASN:263,17.059955000000002,3.0394616551249665,0.21492239474953512,-7.41797,0.9507084143416424,0.06722523667120853,-78.59531999999999,2.9577785088812854,0.20914652408777917,-9.729890000000001,1.902894266085218,0.13455494394298562,0.296617356,0.06276180774784347,0.0044379299858026515,-78.386607644,4.7450577427558,0.33552625070243586
R:A:GLN:264,32.551895,2.868231474964146,0.20281459259598408,-9.303275,1.1015191824816308,0.07788916835398232,-79.45999,4.252941092926164,0.30072834867950177,-4.9097800000000005,2.893369872933635,0.20459214576322327,0.328997196,0.09155251048417615,0.006473740099801344,-60.792152804,5.992292994090488,0.4237191010978024
R:A:ASP:265,91.149205,9.818522208712213,0.6942743635011124,-4.35756,0.7653529750383152,0.054118627865089114,-9.971475,11.69523052484965,0.8269776811661093,-141.27539000000002,13.533966264473248,0.9569959321959001,0.886566456,0.15150961257546686,0.010713347446705922,-63.56865354400001,20.419568031164438,1.4438815023736413
R:A:SER:266,79.85447500000001,4.790110609304861,0.3387119694473092,-4.63956,0.7987638489566238,0.056481133416389585,-70.72645,4.594416763583818,0.3248743249127269,-5.834009999999999,2.193970175253073,0.1551371188642486,0.48329420400000006,0.1113826984183234,0.007875946135845262,-0.862250796,7.036885672560123,0.4975829577501722
R:A:ILE:267,80.907025,3.2816976482264475,0.23205106608648662,-9.72733,1.1778973219682605,0.0832899183905231,-63.86687,1.837139622647119,0.1299053885160273,-0.772535,1.0020203335137465,0.07085353727143762,0.022829112,0.024028830773424163,0.001699094918387222,6.563119112000001,4.066532390385983,0.2875472629156669
R:A:SER:268,66.842585,2.5996035145335146,0.18381972735230298,-7.605544999999999,0.7182877960643631,0.0507906171440651,-60.86439,1.8070989729121094,0.12778119380213976,-3.336025,1.0441280258545884,0.07383100075087022,0.013649363999999999,0.015054069736582994,0.0010644834795193018,-4.949725635999999,3.4102657444898097,0.24114220335769343
R:A:SER:269,72.57515000000001,3.022043316615432,0.21369073222182566,-3.651205,1.1233501114857292,0.07943284814782232,-67.28333,4.363389218382885,0.3085382105274807,-0.4558449999999999,3.1444596993720557,0.2223468776593793,0.44697175200000006,0.1010851293674203,0.0071477980452822314,1.6317417520000004,6.271496771579273,0.4434617895373244
R:A:LYS:270,119.606855,3.2879316878510414,0.2324918792557602,-8.273905,1.240390098305771,0.08770882498286589,-192.44393,13.914209103470451,0.9838831611911548,69.53295999999999,12.815333451315263,0.9061809186591825,0.564529608,0.09802968172839048,0.00693174527077039,-11.013490392000001,19.24049528057814,1.3605084686284568
R:A:LEU:271,75.97604,3.037506409606406,0.21478413801302926,-10.799005,0.9399345163228128,0.06646340703631586,-78.70588,1.8285889848733095,0.12930076712069422,0.037555,0.6750478182877121,0.04773308899364255,0.000450216,0.0017960374975328325,0.0001269990293770783,-13.490839784,3.7295244390807647,0.26371720214749633
R:A:LYS:272,126.68109499999998,3.944700923514355,0.27893247727698367,-6.548995,0.8866751462486134,0.06269740086219683,-180.039865,11.307725066819364,0.7995769074541078,45.493204999999996,10.711899145015089,0.7574456524826549,1.04350338,0.12853313619543094,0.00908866522109633,-13.37105662,16.092632116524637,1.1379209296734993
R:A:GLU:273,90.689205,3.1328083651853014,0.22152300391804686,-6.200945000000001,0.9064390999813502,0.06409492343294436,-15.439845,10.339091364862533,0.7310841615401574,-130.160395,10.153430489690416,0.7179559551566341,0.792760356,0.10429776467687725,0.007374965666561866,-60.31921964400001,14.853819679752968,1.0503236622075516
R:A:CYS:274,84.569945,2.3138945809986673,0.16361705491749626,-8.27201,0.8625844769644304,0.06099393330078,-76.07317,1.5801148189609517,0.11173099035406428,0.96328,0.8082459660276691,0.05715162034448367,0.010037304,0.017599062691824926,0.0012444416571916579,1.198082304,3.0411337066269595,0.21504062664509035
R:A:CYS:275,90.02015500000002,2.156500814044595,0.1524876349245243,-7.03559,0.5604523636313794,0.039629966685577715,-81.60157,2.5117186317539626,0.17760532769458237,-1.25387,2.079838535343549,0.14706679321145205,0.20342196,0.059879494390370394,0.004234119653745274,0.3325469599999995,3.9500186056426934,0.27930849418629794
R:A:GLU:276,107.29248500000001,2.6747564711156415,0.189133843874847,-5.025214999999999,0.7889232781297558,0.0557852999801471,-14.433785000000002,8.291919204187591,0.5863272298332006,-137.04663,7.928227534770935,0.5606103452626432,1.0622199239999999,0.07261249953548647,0.005134479082044751,-48.150925076,11.806553715014122,0.834849419432971
R:A:LYS:277,142.290785,3.221673620771509,0.22780672640173516,-8.388879999999999,1.0888387785159013,0.0769925283907471,-196.693425,11.519717860450186,0.8145670616480113,61.66386000000001,10.522142434428456,0.7440278267995089,0.564923628,0.0823669591203804,0.005824223533973613,-0.5627363719999995,15.96843499266928,1.1291388668253004
R:A:PRO:278,85.38715499999998,2.5325330542709605,0.1790771296254075,-4.451095,0.7327749968271298,0.051815016934041426,-61.604524999999995,1.5470334997584894,0.1093917878401985,-3.39489,0.7779453694829734,0.055009044615408474,0.70275366,0.05874590400994099,0.0041539627092363265,16.63939866,3.1547813863187004,0.22307673114270501
R:A:LEU:279,67.58311499999999,4.150279740183184,0.29346909481046723,-5.7261750000000005,1.0144628255263965,0.07173335431913803,-68.115445,4.245065014457964,0.3001714258300996,-2.49372,1.329164599137368,0.0939861301363132,0.6586783919999999,0.16191645541898925,0.01144922236124566,-8.093546607999999,6.169880808675354,0.43627645589270825
R:A:LEU:280,69.05993000000001,3.5657262072542806,0.25213491810040906,-7.108344999999999,2.2127376292671936,0.15646417826414774,-72.57635,2.4622331058411184,0.1741061726002269,-4.32736,1.0236127638907206,0.07238035266562329,0.606903444,0.36582273124535225,0.025867573397577247,-14.345221556000002,4.985460102103999,0.3525252645532715
R:A:GLU:281,109.16442500000001,3.019594710283981,0.21351758960768313,-7.850135,1.134397605240332,0.0802140239227219,-54.48933,13.328978005124773,0.9425010733710067,-99.48291499999999,12.859115185259638,0.9092767547555997,0.507367728,0.14184771403696717,0.01003014804913497,-52.150587271999996,18.800091194566118,1.3293671970603202
R:A:LYS:282,132.13969,3.3995857635747333,0.2403870146648941,-11.9909,1.057354297291121,0.07476623937312883,-180.962975,6.749789274812586,0.47728217678002083,47.847215,6.889334814680951,0.4871495365325467,0.28085025599999996,0.06303245463822636,0.004457067610952331,-12.686119743999997,10.281135346224548,0.7269860521612082
R:A:SER:283,80.134855,3.3810663146372923,0.23907749187214383,-6.877104999999999,0.7561795381885178,0.05346996792476128,-73.65248500000001,3.259219472477268,0.2304616190363918,-5.981135,1.4788496802498217,0.10457046372602063,0.148983696,0.0607264451775434,0.0042940081182394054,-6.226886304,4.981627501694993,0.35225425877939287
R:A:HIS:284,103.67274000000002,2.8857130700054006,0.2040507280359469,-9.510195,1.013002298603019,0.07163007946997546,-79.62814999999999,6.137902279891722,0.43401523243718065,-7.884735000000001,4.574088796118304,0.32343692054846646,0.451537632,0.13608878884692513,0.009622930543712495,7.101197631999998,8.244280832801598,0.5829586882880288
R:A:CYS:285,87.54949500000001,2.0620318426190707,0.14580766989385366,-7.204775,0.7398318284414371,0.052314010282858266,-75.02697500000001,1.8846812819081644,0.1332670914812618,-2.9590549999999998,1.121536014568859,0.07930457212465748,0.12393867599999998,0.05543870346960708,0.003920108316354935,2.482628676,3.1003655382135813,0.21922894962279035
R:A:ILE:286,76.384135,3.3206126071517286,0.23480276922105284,-9.104295,1.1215039536154119,0.0793023050728981,-59.70152,1.7049799851024643,0.12056029092532912,-1.38261,0.7986822008158189,0.05647536002098614,0.12490844400000001,0.033816359020445476,0.002391177677839587,6.320618444000001,3.9787225033152787,0.28133816625537494
R:A:ALA:287,86.635895,2.1362887922692004,0.15105842915863713,-4.58083,0.5752357004741622,0.04067530645858738,-79.38288,2.2847446456004663,0.1615558432183745,0.801985,1.5146099843771663,0.1070990990805945,0.444363336,0.06661749836494842,0.004710568483953876,3.9185333359999994,3.5232322243273155,0.2491301397516808
R:A:GLU:288,109.79210499999999,3.161464284785612,0.22354928342509847,-5.749605,0.890482503463712,0.06296662167271641,-40.72494499999999,9.673542440697462,0.6840227457913041,-116.12877,9.464016261984126,0.6692070076108737,0.8622786600000001,0.07356958116830352,0.005202154973316154,-51.94893634,13.926171590042191,0.9847290367286278
R:A:VAL:289,52.519815,3.2684165785246835,0.23111195264173376,-7.282025,0.9266766611796156,0.06552593510874148,-63.585215,3.2511391324849512,0.22989025271610583,1.70976,1.4362212024615149,0.10155617515444346,0.10869667199999998,0.04433896620315381,0.00313523836730512,-16.528968328,4.91689734591327,0.3476771455693411
R:A:GLU:290,86.08111000000001,3.08740661039326,0.2183126150489247,-5.213959999999999,0.8583318696168749,0.060693228551461975,-16.398784999999997,10.155629205459157,0.7181114278396319,-118.811145,9.293024023641335,0.6571160304846283,0.8694351,0.06876057713577162,0.004862107037100478,-53.4733449,14.134024241383555,0.9994264386537359
R:A:ASN:291,23.608565,3.5205787231327466,0.24894250888282418,-6.817184999999999,1.0532054171789091,0.07447286924696134,-84.23191500000001,6.341559834754774,0.44841599624553424,-9.21912,3.462898574258276,0.2448639064419254,0.37502971199999996,0.08813962703841363,0.006232412797011545,-76.284625288,8.106696766487534,0.5732300256606393
R:A:ASP:292,106.73125,2.9478945482326875,0.20844762252781873,-7.126704999999999,1.3259516084589964,0.09375893738665662,-62.55085999999999,10.581896421265895,0.7482530717290774,-104.8457,9.067629663258199,0.6411782424178163,0.08166427200000001,0.05265138573063786,0.0037230151889002653,-67.71035072800001,14.305573797799735,1.0115568241188784
R:A:GLU:293,99.81207500000001,3.361436755224617,0.23768947241490315,-4.902825,1.186750881345786,0.08391595957787172,-14.979385,12.161947959795544,0.8599795874809325,-133.87534,11.340148090055967,0.8018695614138249,0.9331260839999999,0.14675184269899763,0.010376922312408275,-53.012348916,17.007089924448,1.2025828613826588
R:A:MET:294,98.48684499999999,3.081198478023608,0.21787363379921626,-8.715395000000001,1.2073410201658024,0.08537190225639231,-68.28736,2.1575406486089665,0.15256116233170222,-5.675275,1.8984003632993225,0.13423717702959562,0.318706092,0.20629637088187355,0.01458735627847478,16.127521092,4.387814966741878,0.31026537175750074
R:A:PRO:295,75.61695,2.5832837799010777,0.18266574784972686,-6.33297,1.3912233677954091,0.09837434775133201,-53.20982,2.762179914053391,0.19531561480844276,-2.4603400000000004,1.8824984739436046,0.133112743649885,0.310298364,0.19673479747668104,0.013911250939112324,13.924118364000002,4.45207822360953,0.31480947022872574
R:A:ALA:296,82.838205,2.024836860829781,0.14317758750892196,-2.9296,0.47167768656149084,0.0333526490702013,-68.516095,1.734020122713402,0.12261373874845757,-5.146085,1.0865106201850951,0.07682790273640822,0.748617444,0.08052673436806726,0.005694099993846817,6.995042444000001,2.9182631515463076,0.20635236637452195
R:A:ASP:297,86.987945,4.527888960870728,0.32017009886914016,-3.29985,0.9348579343943122,0.06610443848562667,-5.1708549999999995,10.23178755613969,0.7234966364606507,-140.4966,8.716727093926941,0.6163656837868248,1.0082277,0.06429392405425259,0.004546266968785489,-60.9711323,14.214453184421846,1.00511362375634
R:A:LEU:298,79.75933500000001,3.5919576657826853,0.2539897623209939,-6.018725,1.0676512489455534,0.07549434380716875,-72.952805,3.021968177690658,0.21368541909750177,-2.7843099999999996,1.708352561358457,0.12079876807939724,0.509179716,0.13902725579039293,0.009830711533914354,-1.4873252839999997,5.110002718284757,0.36133175739808426
R:A:PRO:299,87.380755,2.638318003003997,0.18655725508506762,-4.33411,0.7682542534213527,0.054323779226964686,-62.969409999999996,3.4836272320528208,0.2463296438910672,-4.260845,2.382328029674965,0.16845603047939542,0.6433738560000001,0.11238185336047125,0.00794659705935014,16.459763856,5.03733180331758,0.35619314772125205
R:A:SER:300,67.915215,4.712179579427656,0.3332014134782069,-3.949015,0.5951207732679141,0.04208139344027239,-55.59528,4.528276229604374,0.3201974829039104,-8.130305,1.6131919699697865,0.11406989813213214,0.6292729079999999,0.09990048542276227,0.0070640310686263036,0.8698879080000002,6.7584361485563145,0.4778936030860463
R:A:LEU:301,62.605745000000006,4.916136499322918,0.347623345590993,-5.88862,1.0598779248573864,0.07494468678965839,-57.77821,3.7272108815976592,0.2635536089289995,-8.14635,1.6198048084568708,0.114537496425843,0.5507892,0.15384100308346926,0.010878201650486167,-8.6566458,6.467710176191008,0.45733617243339014
R:A:ALA:302,80.88411,2.4230436392892307,0.1713350588452346,-5.669525,0.6106886599364688,0.04318220926348026,-64.16709,1.822241872502111,0.12885195850083148,-6.748525,2.021130010507736,0.1429154736089658,0.107255052,0.042409862399103535,0.0029988301291594493,4.406225052,3.6947816816394865,0.2612605182091116
R:A:ALA:303,94.27026,2.398763784202188,0.1696182138274071,-5.5556600000000005,0.6309588927973041,0.04461553117469296,-80.70145,2.4984316335453327,0.1766657950410888,-2.103475,1.6328876995601993,0.11546259652751188,0.07651385999999999,0.049744168726888985,0.003517443903127099,5.9861888599999995,3.8811253736509634,0.2744370070343769
R:A:ASP:304,88.40650000000001,4.037381867002426,0.28548600963970194,-3.7904950000000004,1.4348692588438154,0.10146057830445773,-16.71971,13.706407095803772,0.969189340314626,-131.96851,10.923622471959565,0.7724167525044365,0.48118715999999995,0.08902452346685603,0.006294984423531483,-63.59102784000001,18.043235599014753,1.275849424660985
R:A:PHE:305,106.48321,3.1890963572617244,0.22550316600770817,-11.685049999999999,0.9318792934173395,0.06589381676227292,-79.90783499999999,1.7787365790849976,0.12577566970155635,-5.845674999999999,1.2102612938431931,0.08557839678841267,0.320159484,0.08785901414268284,0.0062125704688655815,9.364809484,3.9591779471142896,0.27995615743287483
R:A:VAL:306,49.878614999999996,2.823112409518084,0.19962419288221306,-4.17709,0.7953792377853474,0.056241805265300655,-54.125945,2.128801484867718,0.1505289965749955,-4.061705000000001,1.317518663235933,0.09316263811139634,0.7790582159999999,0.11038290602561858,0.007805250137779231,-11.707066783999998,3.85777492663422,0.2727858810914493
R:A:GLU:307,92.96182499999999,3.043218269262821,0.21518802748265292,-4.245030000000001,0.7361075458789973,0.05205066373736266,6.352105,7.849247569925094,0.5550256183906063,-152.12976999999998,7.074182766023225,0.5002202605208029,1.104678432,0.09548734252822715,0.006751974741919202,-55.956191567999994,11.021202239643962,0.7793166840480611
R:A:SER:308,83.38751,4.389652892872054,0.3103953327604975,-4.842944999999999,0.9048739260112427,0.0639842489201444,-72.67391,4.453590938995184,0.3149164353594458,-3.968345,2.5951466328465913,0.18350457822592603,0.23793235199999999,0.055489482874974565,0.003923698962542931,2.140242352,6.8308262108225035,0.48301235347794014
R:A:LYS:309,113.594445,3.133207732815525,0.2215512434739986,-4.696075,0.7321506466397473,0.051770868708908103,-159.976495,9.178355317265453,0.6490077284978008,38.392305,8.8694331730937,0.6271636341975473,1.389406176,0.1169331818354851,0.008268424582159112,-11.296413824000002,13.163425077741513,0.930794713611208
R:A:ASP:310,95.935765,4.427945851043687,0.31310305379998293,-5.695445000000001,0.7049815578970843,0.049849724020048496,-28.523760000000003,10.288786159814967,0.727527046378346,-127.86341999999999,9.834462070881152,0.6954014819641959,0.622283076,0.10849978980861034,0.007672093713098343,-65.52457692399999,14.922842910355202,1.0552043416493757
R:A:VAL:311,41.864055,2.8915180376361134,0.20446120123357145,-7.88589,0.8446811871351225,0.059727979536394825,-42.891634999999994,1.8074693861238704,0.1278073859715275,-3.0387,0.676521633061353,0.047837303435707995,0.03384378,0.022347460652441028,0.0015802040969640598,-11.918326219999999,3.5776374020640507,0.2529771667626113
R:A:CYS:312,91.45452999999998,2.253055012444215,0.15931504776856453,-5.840215000000001,0.6361314319973507,0.04498128492912357,-71.117015,1.4353904886040592,0.1014974348142602,-4.94486,0.8521299023036335,0.06025468323707295,0.21951806399999998,0.0436272765535955,0.0030849143095748248,9.771958064,2.8756381295826294,0.2033383221666477
R:A:LYS:313,122.791585,3.3693710693206524,0.23825051314504023,-5.19497,0.7832142549136858,0.05538161107714364,-158.49616,13.165616117918674,0.9309496435479203,31.57232,12.612692343334155,0.8918520284991227,1.2812229359999998,0.12095828741496925,0.008553042527183618,-8.046002064,18.557860135025518,1.312238874578804
R:A:ASN:314,22.065205000000002,7.25364614128474,0.5129102374830073,-6.96131,0.6489258924561417,0.045885989904327004,-82.251715,5.901468041409273,0.417296807103619,-12.157424999999998,2.627914344946387,0.1858216053688994,0.58555854,0.09497217908619555,0.006715547185591208,-78.71968645999999,9.73543865061176,0.6883994687673187
R:A:TYR:315,85.568685,3.5514063659028094,0.251122352407895,-13.60724,1.2877484818084624,0.09105756839494451,-83.971165,2.911549746745708,0.2058776569685865,-4.007645,1.3157594799107473,0.09303824506553743,0.07464484799999999,0.06405076816219533,0.004529073250769574,-15.942720152000001,4.948053229890233,0.3498801992527383
R:A:ALA:316,90.51377000000001,2.159808548714446,0.15272152708606604,-4.68153,0.6895967220774762,0.04876185184649984,-77.644415,2.155896607626395,0.1524449110789697,-4.01711,1.7188563459172497,0.12154149780836172,0.47280671999999996,0.07776875880337553,0.005499081671432785,4.64352172,3.570535240929687,0.2524749681326925
R:A:GLU:317,94.18292,3.046511410384015,0.215420887724473,-4.45125,0.8765512919960816,0.061981536262825876,-8.96397,12.499686799640221,0.8838613298733574,-136.11137,11.878179547519055,0.839914130620208,1.063111284,0.09838950782756127,0.0069571888182475465,-54.280558715999994,17.53261457651284,1.2397430658982338
R:A:ALA:318,100.61093,2.295045105243032,0.16228419570463415,-4.560225,0.8460370880611559,0.059823856210336354,-84.43688,1.8778989977099405,0.13278751156641197,-0.09728499999999998,0.7530584198951632,0.053249271533749636,0.1608399,0.048258547524197205,0.003412394620457312,11.6773799,3.1747348403070053,0.22448765340502744
R:A:LYS:319,124.584875,3.1078717845778323,0.21975972139333222,-7.0491600000000005,0.9474143361803219,0.0669923101706457,-186.99095,11.818482198129335,0.8356928905629747,55.88230000000001,11.082988227910377,0.7836856131766105,0.799576992,0.13996669162544043,0.009897139678859527,-12.773358008,16.525289744995078,1.1685144439758532
R:A:ASP:320,88.95385999999999,7.958351240074794,0.5627404128921256,-4.085585,1.0790828850347873,0.07630268254704417,-34.087669999999996,11.519666629338714,0.8145634390613783,-118.88584999999999,9.02959414301108,0.6384887249885467,0.8145006479999999,0.1198147029371842,0.00847217889327347,-67.290744352,16.69582042113579,1.1805727837257955
R:A:VAL:321,51.589285,2.970462893855939,0.21004344555085502,-5.838395,0.8406054716542118,0.059439782930920934,-59.00672,2.5191006275256256,0.1781273136214657,0.47430000000000005,0.8397608885867452,0.05938006188949284,0.471846744,0.07744743163722903,0.0054763604096166206,-12.309683255999998,4.07275481572574,0.28798725483098386
R:A:PHE:322,91.88548,3.1997947324164406,0.22625965536966594,-12.804215,0.9590456969169925,0.06781477157577838,-66.63995999999999,1.798662794522642,0.12718466590749058,-2.225255,1.0936590099180823,0.07733337022188416,0.15092391599999996,0.05852175323276075,0.004138112855781089,10.366973916000001,3.9488172472718253,0.27922354532123034
R:A:LEU:323,77.268415,2.928602283133542,0.2070834533802133,-9.747015,1.16962548055991,0.08270501087524867,-76.41011,1.322519121941154,0.09351622393734686,-2.43487,0.8012238595423878,0.05665508243308803,0.090093564,0.03321534028085674,0.002348679235201248,-11.233486435999998,3.5123859209061825,0.24836319028169182
R:A:GLY:324,81.27159,1.901185443848127,0.1344341119638167,-5.374655000000001,0.554825978100341,0.039232121149321,-78.81618,1.3565306438116318,0.0959212017126558,-2.0524,0.7890156525697066,0.05579183183943685,0.05864209199999999,0.020381140691873356,0.0014411642791540733,-4.913002908,2.5269496307546184,0.1786823219623433
R:A:MET:325,88.33198,2.9086157617670985,0.2056701929011591,-9.562445,0.7662850885766994,0.054184538245471835,-70.68251500000001,2.132493953045354,0.15079009350376768,-5.153009999999999,1.3345273882165176,0.09436533658870719,0.567292644,0.06729831478119243,0.004758709474420803,3.501302644,3.921767632002486,0.27731084868268663
R:A:PHE:326,96.83210500000001,3.246441949885289,0.22955811174923657,-15.205305000000001,0.7931081275431492,0.0560812135199926,-70.80421,1.3566651156051739,0.09593071030436498,-2.987075,0.782573382741197,0.05533629457123959,0.036136836,0.024628019561375697,0.0017414639639043697,7.871651836,3.690795809926704,0.2609786745174068
R:A:LEU:327,74.239385,2.987647063622978,0.21125854984798842,-11.592534999999998,0.9812149044806647,0.06938237127595885,-77.601555,1.395846365820752,0.09870124307664521,-1.2706449999999998,0.4752233464119792,0.033603365082607424,0.00161766,0.0024076439284080194,0.0001702461348459929,-16.223732339999998,3.473189854909934,0.24559160987551354
R:A:TYR:328,91.16887999999999,3.0475883999647984,0.21549704238805692,-15.728649999999998,0.9150142772110171,0.06470128002984175,-93.51662,2.094352753382295,0.14809310341133378,-0.9809850000000001,1.2202515948668127,0.0862848177484023,0.13999788000000002,0.05270010074469308,0.0037264598605786696,-18.91737712,4.000393842372711,0.28287056133586524
R:A:GLU:329,97.874795,2.7902275163461137,0.19729887978616353,-9.897425,0.9341152361325663,0.06605192178790108,-12.694769999999998,13.568558169426108,0.9594419492525329,-129.87404,12.960383037487741,0.9164374732582686,0.29996290800000003,0.08946091811546501,0.006325842185061976,-54.29147709200001,18.99324204549397,1.343025024708624
R:A:TYR:330,83.55781,3.488059872464921,0.24664307890046297,-12.851505,1.0359331831614431,0.07325153786696222,-76.67406,1.6291563756742329,0.11519875208525486,-4.194355000000001,0.8284434977564855,0.058579801509351326,0.263314008,0.08513327302172716,0.006019831465826903,-9.898795992,4.072767613481696,0.2879881597689859
R:A:ALA:331,101.38991999999999,2.200887458185902,0.15562624463116753,-8.174005,0.7652749799745187,0.05411311278123815,-81.83573,1.2938404179418725,0.09148833332999348,0.23446,0.6386437726933537,0.045158934243403046,1.0728000000000001e-05,0.00010736209208095752,7.591646335281959e-06,11.614655728,2.7407006960997435,0.19379680474148198
R:A:ARG:332,-172.92863999999997,4.246902571333605,0.30030136072285774,-14.236815000000002,1.3267280507982788,0.09381384015098732,-72.677685,10.920146306518745,0.7721709504888635,92.425925,8.142702606590456,0.5757760230305488,0.10475881199999999,0.05756746983063139,0.004070634829299145,-167.312456188,14.33013970203737,1.0132938958661195
R:A:ARG:333,-188.70143499999998,4.090536908007921,0.28924463863462535,-10.93877,1.6220150884316706,0.11469378682169318,-39.34452,8.968210798124673,0.6341482670464376,66.17311500000001,8.938902672127883,0.6320758695828176,0.503521668,0.22111488735883564,0.01563518362727323,-172.30808833199998,13.406905043210447,0.948011347077823
R:A:HIS:334,116.55248500000002,2.93589546812808,0.2075991594368219,-8.947804999999999,0.9971283803879019,0.07050762394858447,-86.44582,1.9424660866022865,0.13735309420613723,-6.387655,1.4198292594445996,0.10039708974803503,0.554541444,0.07473583816247506,0.005284621796234647,15.325746444000002,3.9253563246959944,0.27756460757660406
R:A:PRO:335,75.848845,2.558960259749065,0.18094581524554526,-7.89077,0.7029231943107297,0.04970417573504261,-54.847705000000005,1.6861363017191107,0.11922784129503897,-1.5300299999999998,1.2260367812998108,0.08669389220412242,0.23386093199999997,0.06507345780254324,0.004601388328743497,11.814200931999999,3.375327391537061,0.23867168872805566
R:A:ASP:336,83.94003500000001,7.393765137179771,0.52281814670005,-4.58878,0.9000886020831504,0.06364587542017157,-55.99595,17.532418790842865,1.2397292217607438,-87.64948,12.298749365264745,0.8696529076292449,0.666053352,0.11621586583904668,0.008217702681625595,-63.628121648,22.674575478494578,1.6033346081369722
R:A:TYR:337,96.96620999999999,3.408381081378665,0.2410089375510792,-11.592094999999999,0.7063072886322214,0.04994346733933278,-88.54089,2.1684390556112016,0.15333179608124337,-7.665080000000001,1.4893373202871134,0.10531205186492189,0.361689228,0.06317155833523197,0.00446690372769641,-10.470165772,4.363504992452455,0.30854639699044856
R:A:SER:338,72.09575,3.1854085024530208,0.2252423952933816,-7.35288,1.1718557912985708,0.0828627176599947,-68.286655,3.7909379559648557,0.26805979357202186,-0.8964650000000001,1.376946578039613,0.0973648262663422,0.004885451999999999,0.015399395445812019,0.0010889016945906916,-4.435364548,5.271385295084214,0.3727432288401098
R:A:VAL:339,55.188975000000006,3.2483469941456375,0.22969281872073186,-9.321605,0.9659693209284651,0.0683043457246682,-57.19508,2.718139000051322,0.1922014519143911,-0.575925,0.7282828841700181,0.05149737660187167,0.053361648,0.03621345261654149,0.002560677791533421,-11.850273352000002,4.405092725525242,0.311487093797443
R:A:VAL:340,44.367855,3.5510578767425063,0.25109771050305296,-9.50364,0.8753042330527141,0.061893355879286426,-48.10134,2.722025621554654,0.19247627755648225,0.82351,0.7785323627826913,0.05505055130968264,0.102790836,0.026407076689681196,0.001867262299858678,-12.310824164000001,4.625192212478773,0.32705047777349516
R:A:LEU:341,67.218105,3.152782814272971,0.22293541075808251,-12.01024,0.9495449080480607,0.06714296435219404,-70.98684999999999,2.243469635965684,0.15863725929774503,0.339565,0.6431120242811512,0.04547488734318096,0.000271584,0.0014995123451789249,0.00010603153477489607,-15.439148416,4.035892260478129,0.2853806785522389
R:A:LEU:342,68.93533,3.282934617244151,0.23213853300454018,-11.941855,0.9730877164855181,0.06880769230162424,-72.61003500000001,1.6076923660249807,0.11368101740781088,-0.1569,0.5135112656992055,0.03631072981915951,0.007316171999999999,0.011030146861579677,0.0007799491643306504,-15.766143827999999,3.8174663892416643,0.26993563707845053
R:A:LEU:343,82.06735499999999,3.9180772745027634,0.277049901001381,-11.020099999999998,0.7984573689308654,0.056459462005938384,-79.96639,2.8061114656941197,0.1984220446157634,-0.9059999999999999,0.6798014415989422,0.048069220921500275,0.095336964,0.027462908651581387,0.0019419208938639902,-9.729798036000002,4.932140455038422,0.3487549961522172
R:A:ARG:344,-190.369185,3.9580662779664273,0.2798775505535859,-13.316040000000001,1.4361683739729127,0.10155243961619041,5.5423800000000005,6.916642993215712,0.48908051635492494,23.659135000000003,5.506943516759092,0.3893997104311648,0.043302348,0.026383818294471627,0.0018656176829614578,-174.440407652,9.792647321200628,0.6924447326589243
R:A:LEU:345,61.205135,3.5654809530798226,0.2521175760114217,-11.79985,1.0157986993002108,0.07182781485956537,-69.98593,1.9167530396741257,0.13553490722135017,-1.258955,0.5530468813536515,0.0391063200119239,0.011475612000000001,0.01796789693843595,0.0012705221768829066,-21.828124387999996,4.210062628711166,0.2976963833981728
R:A:ALA:346,101.73110499999999,2.3447491452125537,0.16579880207611575,-7.715045,0.7732624541350758,0.05467791249558637,-82.104075,1.3913520795884127,0.09838344904949715,-2.666305,0.5906233164843732,0.04176337522129887,0.0026485199999999997,0.005424328512617945,0.00038355794746556876,9.24832852,2.8949109332827176,0.20470111518552866
R:A:LYS:347,142.27019500000003,3.3190490696847186,0.23469221042649663,-7.818239999999999,1.1082210710864506,0.07836306344190481,-147.66708500000001,12.304708236596877,0.8700742634619617,0.8665050000000004,11.228374535968017,0.7939659776085338,0.8329912919999998,0.1111189851340604,0.007857298790686128,-11.515633707999998,17.021716353117338,1.2036171060723218
R:A:THR:348,43.34213,3.280647596603451,0.23197681622416494,-7.65193,1.056589610539494,0.07471216785437294,-61.643465,3.193665555247606,0.22582625709574825,-2.9161799999999998,0.9844103451305253,0.0696083230511984,0.19903708799999997,0.04330100025531345,0.0030618430912692563,-28.670407912,4.800986215476786,0.33948099093467743
R:A:TYR:349,81.424965,3.3228808079398515,0.23496315523689026,-15.2279,0.9061261280859304,0.06407279297798715,-76.58964999999999,1.7716120589734083,0.12527189005319586,-4.7854,0.823248577283921,0.058212465159963804,0.043163495999999996,0.02090804464970323,0.0014784220153156267,-15.134821503999996,3.9597204544773197,0.27999451849639906
R:A:GLU:350,106.85492500000001,2.843731029716946,0.20108214949834557,-8.610235,1.4029983748297787,0.09920696648358421,-70.33932,9.814339814149498,0.6939786235454231,-87.03006500000001,8.784457746541616,0.6211549641626275,0.204607404,0.05727250202908883,0.004049777456028901,-58.920087596,13.54793174757733,0.9579834409764443
R:A:THR:351,49.798460000000006,3.762492010410122,0.26604836147212035,-6.31604,0.794713261749167,0.056194713648171565,-61.615835000000004,4.195652380473745,0.29667742497344657,-2.60846,2.153003123174697,0.15224031083126438,0.5564589839999999,0.07881974466239118,0.005573397594216899,-20.185416015999998,6.085478551036365,0.4303083150203099
R:A:THR:352,36.7545,3.0748555787223566,0.21742512308838643,-7.39302,1.0440286775754772,0.07382397576668435,-47.908395,2.442429738800074,0.17270586308772204,-1.29227,0.7675984543366408,0.05427740722897511,0.093272112,0.05222585430819735,0.003692925573458701,-19.745912888000003,4.135472242142754,0.2924220465827877
R:A:LEU:353,64.789135,4.140673284234703,0.2927898157960331,-11.47343,0.8966114460009977,0.06340000335567815,-71.77530499999999,2.976766793347272,0.210489198558679,-0.06176,0.593690350603747,0.04198024728369284,0.0023203800000000004,0.005063147862545592,0.00035801861877561613,-18.519039619999997,5.211786808928035,0.3685289794691611
R:A:GLU:354,109.21080000000002,3.306379040582008,0.2337963040768609,-6.18408,1.3327673703989005,0.09424088453532256,-55.104855,13.654859084002846,0.9655443454445141,-101.1014,12.397888373025463,0.8766630940960157,0.660421944,0.0850772733252404,0.006015871689313885,-52.51911305600001,18.785059544223206,1.3283042988713303
R:A:LYS:355,120.93346000000001,3.420444685768212,0.24186196319801923,-6.8511,0.7668180814247927,0.05422222653119291,-150.895675,9.066937043973283,0.6411292668385018,24.077225,9.273384517228592,0.6557273076682676,1.097495604,0.11745852239689031,0.008305571769499311,-11.638594395999998,13.435261667962914,0.9500164632432262
R:A:CYS:356,83.218145,2.2955415426375976,0.16231929912944734,-7.54785,0.8868828882665399,0.06271209044115815,-78.7321,1.5327838268979748,0.10838418380926251,-0.232395,0.6475796545406596,0.04579079650841422,0.001851768,0.003938504865221827,0.0002784943497934563,-3.2923482319999993,2.9706688493116453,0.21005800880079023
R:A:CYS:357,83.008505,1.9506224186077115,0.13792983397320172,-5.9278200000000005,0.5398992198549653,0.03817663995167726,-72.66072,1.297157816767104,0.09172290885051564,-3.5210900000000005,0.6603500298326638,0.04669379840514155,0.327991716,0.042428957047819876,0.003000180324718619,1.2268667160000006,2.493371165204082,0.17630796589308098
R:A:ALA:358,86.43609500000001,2.3676916978303995,0.16742108552949653,-2.909015,0.5169652258856489,0.03655496168613776,-72.572715,1.2885364503090317,0.09111328618195591,-3.309975,0.5437424798330548,0.03844839947091426,0.6913086480000001,0.036888881027378646,0.0026084377924843216,8.335698648,2.79831375625455,0.19787066329351918
R:A:ALA:359,91.191525,2.2889794536812693,0.16185528936947044,-4.42302,0.5222653249067949,0.03692973528201902,-73.36317,1.62828879536156,0.11513740489302336,-6.45978,0.9132926757617188,0.06457954442391181,0.34471645199999995,0.0476526254998368,0.0033695494632277594,7.290271451999998,2.9999811156725684,0.21213069903236575
R:A:ALA:360,88.35634999999998,2.143768916534615,0.1515873538178564,-2.0750450000000003,0.22738221780737386,0.01607835081328306,-71.223305,1.0358139900459928,0.07324310964094166,-7.501435,0.5858561903530592,0.0414262884998765,0.8928569519999999,0.030090831103219733,0.0021277430724625755,8.449421952,2.462618808573808,0.17413344590200758
R:A:ASP:361,115.89389999999999,5.04258786933852,0.3565648077138292,-5.225295,0.8126136461904883,0.05746046197060201,-32.654174999999995,9.541887717552276,0.6747133510401843,-129.02346,7.002537395715927,0.4951541678023118,0.526913244,0.04924013439238833,0.0034818032935394726,-50.482116756,12.890834307428861,0.9115196353935139
R:A:PRO:362,83.07034,2.6833611580255083,0.1897422871212424,-7.723725000000001,0.71884812677992,0.05083023850893285,-60.09258,1.3555588381180657,0.09585248467306416,-1.8491150000000003,0.6669569189797794,0.047160976016988876,0.301116168,0.04720655116140318,0.0033380072442657878,13.706036168,3.1625574283517057,0.223626580347938
R:A:HIS:363,107.17725999999999,2.9702436520258737,0.21002794281237913,-11.248455,1.253823471615921,0.08865870791904763,-89.252255,2.9512774928791425,0.20868683283780742,-4.79876,1.9201790730033488,0.13577716436131665,0.27310014000000005,0.0859619865156198,0.006078430358946132,2.1508901399999996,4.774823203625,0.3376309866250113
R:A:GLU:364,93.285445,2.9536260167758206,0.2088528985551194,-6.511044999999999,0.793189216375891,0.05608694736634363,-13.42118,9.965770794956104,0.7046864108864311,-132.01622500000002,9.777469391124423,0.6913714909307983,0.860223924,0.10885366158956998,0.007697116226697055,-57.80278107600001,14.292669454358988,1.010644349243507
R:A:CYS:365,84.03018,2.3859856700324085,0.16871466470938443,-7.423299999999999,0.5747180352137907,0.04063870199698804,-73.27014,1.5785040165929265,0.11161708942630608,-0.623555,1.055756168333863,0.07465323459084007,0.20642356799999997,0.06106216756951047,0.004317747276235013,2.9196085679999997,3.103748224853828,0.2194681416889851
R:A:TYR:366,84.058335,3.5009099749600816,0.24755171836179,-13.505705,1.1619948183942128,0.08216544157901787,-86.47738000000001,3.180233214026921,0.22487644713931246,0.65042,1.481270715838263,0.10474165679422871,0.020246544,0.01694913058749811,0.0011984845173636245,-15.254083456000004,5.090671479576901,0.3599648324001782
R:A:ALA:367,97.91891500000001,2.0548855364168106,0.1453023497362483,-5.56434,0.5874288675235496,0.0415374935690636,-79.51911,1.8713177303440487,0.1323221456880896,-1.8231950000000001,1.3284783727915936,0.09393760660606061,0.280283544,0.05496766607376435,0.0038868009426756495,11.292553544000002,3.1364523783031686,0.22178067455668452
R:A:LYS:368,140.80491,3.3522572532399715,0.23704038360477733,-6.113225,1.2447727681689538,0.08801872654086174,-193.113675,14.168733552416567,1.0018807575739115,48.85821,11.687454376206137,0.826427824422375,0.919824444,0.10687354339799379,0.007557100726615618,-8.643955556000002,18.71224492587216,1.323155527830777
R:A:VAL:369,51.04754500000001,3.6761829848329097,0.25994539174579534,-9.196530000000001,1.0277309176530598,0.07267155011075518,-58.178795,3.084154964163604,0.21808268893902377,-0.57431,0.8995751630075166,0.06360956979496088,0.008888364,0.014395435088398823,0.0010179109769137575,-16.893201636,4.989188984444405,0.3527889363521863
R:A:PHE:370,89.22035500000001,3.13697174660133,0.22181739944124085,-9.9256,1.3043370116653135,0.092230554590114,-69.44165,2.062592288238274,0.14584729938363616,-1.22701,1.3087684936229171,0.09254390768440675,0.522280908,0.1834364347573762,0.01297091469336244,9.148375908,4.188400365529959,0.2961646300790448
R:A:ASP:371,91.813665,10.544194322601182,0.745587130765999,-5.922814999999999,0.9325403695149074,0.06594056190141998,-46.676705,20.1622016359319,1.425682950041795,-105.71172,15.563397990528932,1.1004984257408095,0.597925224,0.12752679793659458,0.009017506360397264,-65.899649776,27.58259705606629,1.9503841421080577
R:A:GLU:372,98.47264500000001,2.7361025874361875,0.19347166935981866,-7.790529999999999,0.8972640074693735,0.0634461464196211,-38.855735,12.1319944289789,0.8578615530048396,-107.82377500000001,11.374736521096874,0.8043153328277878,0.536114808,0.09827001578768539,0.0069487394550781425,-55.461280192,16.87811946910046,1.1934632730277628
R:A:PHE:373,108.542415,3.001611309409497,0.21224597113696878,-13.345355,1.1820850811066859,0.08358603767899876,-81.42251,1.6692217048373175,0.11803179867942368,0.16951,0.896867264370821,0.06341809244608355,0.061362360000000005,0.038395873086799315,0.002714998222925385,14.005422360000003,3.741542706507584,0.26456702198705806
R:A:LYS:374,140.891495,3.137246947560074,0.22183685908765255,-5.868834999999999,1.0171109023970788,0.07192060163037431,-165.658015,11.676428598024954,0.8256481841703976,33.27202,10.188644233145055,0.720445942835408,0.9753540119999999,0.1160285563886126,0.008204457903367369,3.6120190119999984,15.844170907246063,1.1203520690792304
R:A:PRO:375,84.191915,2.5688928058163496,0.18164815231340775,-6.127999999999999,0.6194699427736586,0.043803139727649654,-61.197755,1.583237210583114,0.11195177678301939,-1.4616300000000002,0.9877223512202202,0.06984251724773385,0.6112128960000001,0.05360794818547324,0.0037906543687445207,16.015742896000003,3.235438544920712,0.22878005352257716
R:A:LEU:376,73.285045,4.034110126530385,0.28525466265229565,-8.6998,0.9974070583267396,0.07052732945461639,-76.31641499999999,2.3839430116458318,0.16857022694970483,0.351875,0.6002407511782252,0.04244343055026302,0.337298724,0.07117288038774758,0.005032682635875535,-11.041996275999999,4.828809809262287,0.3414484161189482
R:A:VAL:377,51.315005,3.124615517943768,0.22094368213387547,-7.770145,0.9104813803560181,0.06438075581938286,-61.722495,2.541171830076628,0.1796879833207413,1.232345,1.1104947347804042,0.07852383574351804,0.25957580399999997,0.05993452861383981,0.00423801116100653,-16.685714196000003,4.276276821327189,0.30237843385913094
R:A:GLU:378,90.46511999999998,3.036873113187313,0.21473935719378504,-7.117115000000001,1.007779406306261,0.07126076521393102,-56.44273499999999,12.337643332288991,0.8724031264122538,-86.7889,11.815907693867619,0.8355108456208094,0.6675486839999999,0.12012288283278978,0.008493970502674277,-59.21608131599999,17.380614625758493,1.228995046306392
R:A:GLU:379,107.31697499999999,2.8196066275945295,0.1993762966650624,-6.540799999999999,1.3065555135546287,0.092387426363115,-88.47391999999999,5.839095220460101,0.4128863826381296,-56.460589999999996,5.442008346364419,0.38480810049880704,0.4721712840000001,0.044738861743260125,0.003163515252122664,-43.68616371600001,8.56561487843255,0.605680436557204
R:A:PRO:380,80.692595,2.730609514554397,0.19308325045139207,-9.976085000000001,0.8231740507177081,0.05820719533592904,-59.75580999999999,1.2227758804866902,0.086463311696349,1.053345,0.5970172493111066,0.04221549454732231,0.00346698,0.004304083515128395,0.00030434466403405204,12.01751198,3.15997987553084,0.22344431984008795
R:A:GLN:381,24.86964,3.1968213291330496,0.22604940400717713,-8.89917,0.9750368101256485,0.06894551403463461,-70.974965,3.7953980995114334,0.2683751733467069,-4.577535,3.2298849637061378,0.22838735602890758,0.5141758319999999,0.14416928178657956,0.010194307679008462,-59.067854168,6.002362183829034,0.42443110033232045
R:A:ASN:382,26.1039,7.230778465697867,0.5112932486352622,-6.775684999999999,0.7670163269285732,0.0542362446051992,-87.10273000000001,7.6147174981807435,0.5384418379783465,-7.263095000000001,2.8158845228409137,0.19911310411390556,0.6274955879999999,0.10662857091150689,0.0075397785559757164,-74.410114412,10.899402237782796,0.7707041233216045
R:A:LEU:383,82.706725,3.298678304923807,0.23325177983645698,-8.990385,0.9564183900234249,0.0676289929237084,-86.96129,2.5452711478151,0.17997784885785248,0.781375,0.8946692821232882,0.06326267163086775,0.304570512,0.10814460439766126,0.00764697831183228,-12.159004488,4.3688154334882725,0.30892190187720037
R:A:ILE:384,94.97929499999998,3.137339316678226,0.2218433905706343,-9.819705,1.0996047871735555,0.07775380016356115,-75.84056000000001,2.0734714554099845,0.14661657267171402,0.149035,0.7107412002796798,0.050256992238642766,0.058735044,0.0522213941692221,0.003692610194007258,9.526800044,3.9823601896531122,0.2815953895231061
R:A:LYS:385,124.286375,3.489140356072682,0.24671948062906382,-7.512355,1.158671398186302,0.08193044028244324,-140.629165,10.628863652233713,0.7515741564801672,10.605415,9.475918217923526,0.670048602986287,0.9175707719999999,0.19941689705728152,0.014100904019238343,-12.332159228,14.707894327290088,1.0400051815801976
R:A:GLN:386,25.0904,2.9657739175466493,0.20971188485634285,-7.383495,0.8130383877622261,0.05749049573516478,-70.85914999999999,3.727903229363659,0.26360256530902726,-9.628585,2.8619288797548763,0.20236893181482923,0.7663483799999998,0.10744136790336763,0.007597251982442992,-62.01448162,5.617498500025341,0.39721712826731775
R:A:ASN:387,21.401735,6.502201302234114,0.45977506334497414,-9.029225,0.8467918955534471,0.059877229159965316,-83.54582500000001,4.133878624775406,0.2923093608180809,-4.8910149999999994,2.597096471980777,0.1836424526733266,0.16148631600000002,0.06104656678560838,0.004316644134226114,-75.902843684,8.175161621742797,0.5780712220030345
R:A:CYS:388,92.58909,2.2048415684352474,0.15590584244825467,-7.87682,0.8409256789990421,0.059462425009412456,-83.978095,1.9958714652940457,0.14112942474861506,-1.7686399999999998,1.3959771382082158,0.09871049008084196,0.036362628,0.038812499793741906,0.002744458179895638,-0.9981023719999992,3.391495809523468,0.23981496852798037
R:A:GLU:389,99.87146000000001,2.848997734011032,0.20145456173043086,-7.0930349999999995,0.8588734154548038,0.060731521624894265,-57.893665,11.578390127421644,0.8187158174323218,-89.359805,11.110549937648226,0.7856345203622833,0.701844696,0.10710845029213513,0.0075737111523950995,-53.773200304,16.320826011940973,1.1540566747609258
R:A:LEU:390,72.45882499999999,2.928217740260276,0.20705626209287895,-9.124130000000001,1.046164983690431,0.07397503542074176,-75.36112999999999,2.166232169713117,0.1531757456828593,-1.576535,0.7157929231104482,0.05061420298567389,0.393732756,0.09430692700595679,0.006668506759877679,-13.209237244,3.8578148511600836,0.27278870418174667
R:A:PHE:391,99.37956,3.0223165529772027,0.21371005295025314,-14.0852,0.8956290861735119,0.0633305400261201,-81.528695,1.6657226035492823,0.11778437485454085,-1.82257,0.92578281205691,0.06546273043113922,0.16941398399999996,0.06922606079964787,0.004895021702626324,2.112508984,3.684161595393019,0.2605095647089453
R:A:GLU:392,96.51919000000002,2.992294924284704,0.2115872032271801,-5.906269999999999,0.7295703167618595,0.05158841183347283,-60.56127000000001,11.372941150691847,0.8041883809689742,-87.28866,10.642483147010381,0.7525372001914589,0.9495182879999998,0.13006293152738738,0.009196838086401721,-56.28749171199999,15.87794873649167,1.1227405222905633
R:A:GLN:393,28.214425000000002,3.105490800883976,0.21959136042175018,-5.91135,0.7350653151251255,0.05197696689400027,-69.093565,3.958229176762634,0.2798890692379304,-9.92338,3.4142331709477602,0.241422742772921,1.009490904,0.0757726474497096,0.005357935284014722,-55.704379096000004,6.1249246515652365,0.43309757553784306
R:A:LEU:394,67.44886999999999,2.627603608442491,0.18579963297999272,-8.055055,0.8680482544046731,0.06138028070866897,-71.93971499999999,2.0868842166672787,0.1475649981156609,-1.042335,1.467014966786297,0.10373362311167485,0.402186096,0.07759329344477385,0.005486674396939727,-13.186048904,3.7644452261671457,0.26618647468281154
R:A:GLY:395,82.4761,1.9839701686265347,0.1402878759907641,-3.502035,0.5836716832046934,0.041271820518060505,-85.34300999999999,2.157122845342842,0.1525316191794344,-0.007120000000000002,1.278846482420779,0.09042810198162958,0.223056756,0.03913313279065278,0.0027671303565344222,-6.1530082440000005,3.2506874598086184,0.22985831463487466
R:A:GLU:396,93.414455,3.0081076190813056,0.2127053295991311,-5.375274999999999,1.193150472226785,0.08436847898874911,-111.52247000000001,15.93945977312594,1.127090009402754,-30.922690000000003,14.687130478548218,1.0385369557553068,0.556034436,0.1202706245863698,0.00850441742225636,-53.849945564,21.914948415944046,1.5496208634267423
R:A:TYR:397,96.21350999999999,3.3213148856891,0.23485242781265855,-8.025139999999999,1.1216952038767036,0.0793158285085644,-82.94645,2.893725739855109,0.20461730935456068,-7.9679150000000005,1.7083157781203684,0.1207961671116886,1.0303549920000001,0.24839914851510408,0.01756447223559944,-1.6956400080000003,4.862409515102366,0.3438242741034875
R:A:LYS:398,126.30134000000002,3.3463944514058706,0.23662582091141277,-7.94368,0.8159231566759213,0.05769447970126778,-92.841385,6.579004827234511,0.46520589267965534,-37.21321,6.435949325926984,0.455090341173596,0.954256032,0.11244062975202769,0.007950753177854465,-10.742678968,9.827587575793666,0.6949153817548365
R:A:PHE:399,97.10078,3.177789938243244,0.2247036814518178,-14.856705000000002,0.9445639353558868,0.06679075639543992,-81.050275,1.6540262843664244,0.11695732019362874,-0.87348,0.7858130182174382,0.055565371392621854,0.005406407999999999,0.00983075196081846,0.0006951391375657681,0.32572640799999975,3.7873409685733495,0.26780544815438423
R:A:GLN:400,28.27043,3.198203271385357,0.2261471220809586,-10.769200000000001,0.9642968422638332,0.0681860836241531,-69.590715,2.430695773595495,0.17187614645108554,-6.7337,1.6819364108074955,0.11893086416065428,0.143103924,0.06056908173862159,0.004282880842762161,-58.68008107599999,4.460855659235979,0.31543012865401476
R:A:ASN:401,20.30211,6.70880268288612,0.47438398707112783,-8.48533,0.7859574041256943,0.05557558101810542,-78.91042499999999,5.606623174815211,0.39644812664694856,-9.077494999999999,2.391820532559874,0.16912725179543064,0.3048633,0.10727993543177587,0.007585836982906369,-75.8662767,9.099027439671575,0.643398400479424
R:A:ALA:402,92.85627000000001,2.2571992816541475,0.15960809185470515,-6.132809999999999,0.587402386699271,0.04153562109202172,-79.45785,1.4967235808592048,0.10583433935873555,-0.50648,0.8489582849586897,0.06003041602387909,0.234206496,0.08237837706934742,0.005825030904887795,6.9933364959999995,2.8996013527912043,0.20503277792963473
R:A:LEU:403,71.478285,3.1768655847824285,0.2246383197917822,-10.058045,0.9453478158725497,0.06684618511833716,-74.25713,1.4872404523479046,0.10516378091101516,0.055104999999999994,0.5439150521680752,0.03846060217774808,0.041473548000000006,0.03121221365638291,0.0022070367932271718,-12.740311452,3.6735349986227614,0.2597581508452269
R:A:LEU:404,85.259815,3.123101056766335,0.2208365935570348,-10.544515,1.073073678633019,0.07587776748742019,-90.11044999999999,1.5812243950496083,0.11180944923171743,-1.5042899999999997,0.6223336451615001,0.04400563406542394,0.043110468,0.02074824340520845,0.001467122360953196,-16.856329532,3.7139261669497956,0.2626142377476362
R:A:VAL:405,67.07797,3.0593519067116164,0.21632884792717777,-8.911859999999999,0.7622376469317165,0.05389834090210941,-64.173395,1.7463791595684484,0.12348765462537135,-1.8512300000000002,0.7287478007513986,0.05153025116860969,0.128903976,0.06279693475199107,0.004440413840086204,-7.729611024,3.6777027205293864,0.2600528532874543
R:A:ARG:406,-195.63698,4.004152639398254,0.2831363484224518,-9.620245,1.2722693680879846,0.08996302976709376,34.32397,12.638332174345633,0.8936650383367921,-2.6732299999999998,9.317244846364186,0.6588287012839528,0.680040432,0.13443347148158816,0.009505881930307934,-172.926444568,16.254490817587293,1.1493660681850444
R:A:TYR:407,94.80744,3.1462431797939585,0.2224729887694234,-13.623534999999999,1.0042195222036863,0.07100904339501413,-95.062435,1.5925109876465529,0.11260753184789637,-5.50438,0.785864775645276,0.055569031195441945,0.20342844,0.04755534555719262,0.0033626707325160455,-19.17948156,3.750098558363641,0.26517201207368263
R:A:THR:408,55.01986999999999,3.0709008341364594,0.21714548041693155,-9.700484999999999,0.9407391135564631,0.06652030065231966,-57.895975,1.8641978232942447,0.13181869223245615,-2.35675,0.6479814252739039,0.04581920598941015,0.000406116,0.0010244039200159281,7.243629585173444e-05,-14.932933883999999,3.7696865273061357,0.2665570906405736
R:A:LYS:409,131.9222,3.2284197047472,0.22828374657430164,-10.42289,1.0012178323921324,0.07079679187293729,-106.71217,7.526907578222281,0.5322327389925389,-20.04649,7.3060053777628715,0.516612594600151,0.32081072400000005,0.08902157754680728,0.006294776115527153,-4.938539276,11.021120997891682,0.7793109393886658
R:A:LYS:410,136.73032,3.4673801014022105,0.24518079826528016,-10.8916,1.1457909189725672,0.08101965286274683,-144.663445,6.631631033688093,0.4689271274248004,9.79954,6.668435508303278,0.471529596782641,0.138703392,0.04701056648135114,0.0033241490346384408,-8.886481608,10.088822224934678,0.7133874609436862
R:A:VAL:411,64.89527,2.697046739880494,0.19071000389465678,-7.8875,0.9655980944471669,0.06827809604844001,-63.282965000000004,1.4175003505378756,0.100232411019964,0.264735,0.4570547284242884,0.03231864978421902,0.017458272,0.014922161564693502,0.0010551561632356037,-5.993001728,3.2287566858708576,0.22830757473806867
R:A:PRO:412,77.183045,2.3448768246914384,0.16580783037864952,-9.73114,0.7844163756577243,0.055466613850135106,-57.75409,2.0516385188185566,0.14507275092001257,0.46754000000000007,1.061006365862147,0.07502447961832191,0.015578352,0.012395241390828014,0.0008764759241898661,10.180933352,3.383617167423665,0.2392578644024491
R:A:GLN:413,36.67431,2.687547745417744,0.19003832355475037,-7.62879,1.1734626776766275,0.08297634168544671,-81.980445,2.2229214959091554,0.1571842863802708,-6.200105,1.1662453446745242,0.08246599917465985,0.444023964,0.04925319048698778,0.003482726498842181,-58.691006036,3.860551980937848,0.27298224848443114
R:A:VAL:414,59.627485,3.0968706801826578,0.2189818258414953,-7.53821,0.9346148061634805,0.06608724672355477,-68.028265,2.356023680860403,0.16659603213724813,0.6658700000000001,0.9131627254219261,0.06457035554726333,0.05301558,0.026890903668616267,0.001901474033631277,-15.22010442,4.104820302309239,0.2902546271315077
R:A:SER:415,77.71791499999999,7.2652654189489185,0.5137318444858904,-4.52456,0.6493264636529148,0.04591431456528563,-70.580705,6.3284126467839465,0.4474863496687636,-5.318779999999999,1.2869509087762439,0.0910011714649872,0.551625228,0.04254529279125501,0.0030084065040263553,-2.154504772000001,9.742308034325783,0.6888852075479945
R:A:THR:416,47.284455,3.055627760047843,0.21606551099116905,-6.137760000000001,1.1676639038696024,0.08256630645729528,-55.864645,3.3539394313217707,0.2371593315576577,2.777245,1.2884721203716438,0.09110873736845988,0.105026292,0.029059311634371796,0.002054803631327743,-11.835678708,4.8590343235994595,0.3435856120235367
R:A:PRO:417,86.765515,2.6776931246457276,0.1893414966373589,-5.330955,0.6365824243371788,0.04501317490329914,-62.999624999999995,1.6291752927094738,0.11520008972164474,-3.5438099999999997,1.1611076711054837,0.0821027107926407,0.736162524,0.06798127013239326,0.004807001710428978,15.627287523999998,3.4032752260306265,0.24064789905704362
R:A:THR:418,37.903695,3.375779200714259,0.2387036364613556,-7.184315000000001,0.8138710867053823,0.05754937644210404,-47.783789999999996,2.794426092402517,0.19759576394624453,-1.7089950000000003,1.403783578396257,0.09926248876023107,0.283784724,0.06370267352825172,0.004504459243153956,-18.489620276,4.673516332403221,0.33046750906284
R:A:LEU:419,76.17416,2.9519876074265623,0.2087370455189974,-11.608415,1.0646738292899849,0.07528380844427969,-82.779985,1.5071535571317878,0.10657185005373138,1.025535,0.6738430594544994,0.047647899679576645,0.002173608,0.004649175745950673,0.0003287463696889746,-17.186531392000003,3.545893276109719,0.2507325180900965
R:A:VAL:420,52.222165000000004,3.167203837421109,0.22395513108405218,-9.55197,1.1093026994918924,0.078439546119926,-62.280424999999994,2.6543403388365627,0.18769020531683317,1.94088,0.9138341674505283,0.06461783366842315,0.089413992,0.06268871093261956,0.004432761260429855,-17.579936008,4.375646011885376,0.3094048967076022
R:A:GLU:421,98.948305,3.1694805855179173,0.22411612148588284,-6.917095000000001,1.3235180452018778,0.09358685847850112,-120.31572,18.44757120819974,1.3044402697739748,-30.43218,15.945844490261404,1.1275414770809984,0.43782818399999995,0.1389454754511184,0.00982492879066748,-58.27886181600001,24.62517924873438,1.741263123471433
R:A:VAL:422,56.190025000000006,3.0536106536975205,0.2159228800333003,-8.81606,0.9720572135424952,0.06873482473971983,-62.119490000000006,2.424499601959134,0.1714380109529389,1.3803050000000001,0.6862683381702817,0.0485264995633829,0.061206084,0.03389865242620927,0.0023969967003658384,-13.304013915999999,4.076732137544274,0.28826849395386855
R:A:SER:423,85.309915,2.5632663396094832,0.18125030107250853,-8.387184999999999,0.7495001005837157,0.05299766036227448,-74.763375,1.8337233990913135,0.12966382503179136,-0.49399999999999994,0.8457011647148183,0.059800102842720936,0.007491384,0.005626331861216862,0.0003978417412272372,1.6728463839999994,3.3481141480742878,0.23674742182899494
R:A:ARG:424,-198.39516500000002,4.397878161997556,0.31097694711807017,-9.836165,1.2292556234465635,0.08692149871507622,57.36368,16.535005052542317,1.1692014199606497,-19.787255000000002,13.695176229971448,0.9683951981757627,0.7074659159999999,0.17354290146180495,0.01227133624504311,-169.947439084,21.95100824362682,1.552170678295033
R:A:ASN:425,18.259425,5.749819313193677,0.4065736226956626,-8.463825,1.0298619443279764,0.07282223645202748,-87.00807,5.565570030562907,0.3935452309779652,-2.3535399999999997,2.6046187760207826,0.18417435989301006,0.18631864799999998,0.07041575361008427,0.00497914568800517,-79.379691352,8.478537896984744,0.5995231641505042
R:A:LEU:426,72.96964,3.0362063468084646,0.21469220969098998,-11.194045000000001,0.8483156505540846,0.05998497490934708,-76.32554,1.8354378574062373,0.12978505554184577,-1.120735,0.7292588324970771,0.05156638656988678,0.024121907999999997,0.022606595950410934,0.0015985277296079916,-15.646558092,3.720127693336677,0.2630527518838233
R:A:GLY:427,89.15022499999999,1.9345163670475887,0.1367909641455714,-5.244685,0.6748135488970268,0.04771652364616475,-83.27625,1.4531473144523237,0.10275303201122583,-0.406105,0.6051406150433137,0.04278990324685252,0.001765692,0.0029183783170000422,0.00020636050980185136,0.2249506920000004,2.583711999925108,0.18269602757801004
R:A:LYS:428,137.284635,3.4037782362802362,0.24068346725289416,-8.61992,1.1441182646911987,0.08090137834425319,-122.160955,14.909179124048883,1.0542381660539875,-16.240650000000002,13.775610466237058,0.9740827575660601,0.501315444,0.12028978901205398,0.008505772551792242,-9.235574556,20.614563987365596,1.4576697986670206
R:A:VAL:429,50.63799,2.835138231180272,0.20047454688688038,-9.432,0.8511016919264113,0.060181977784050926,-59.867515000000004,1.8702938084095235,0.13224974347375876,-0.45681499999999997,0.512658356778664,0.03625042005101458,0.04070887199999999,0.028508350839114068,0.002015844819878276,-19.077631127999997,3.53892824546042,0.25024001604976737
R:A:GLY:430,78.190935,1.8346295949795968,0.1297279027575602,-5.1141499999999995,0.6633652368793529,0.04690700574008108,-75.825185,1.5307507049728908,0.10824042037924192,-2.05734,0.7221728770869202,0.051065333857716035,0.0009567,0.0024632313267738378,0.00017417675747929173,-4.804783300000001,2.5827614370976213,0.18262881263588407
R:A:SER:431,84.72438,4.90983324213766,0.34717763800106716,-5.249585,1.110278335722624,0.07850853401939817,-73.97597999999999,6.7449303962012825,0.47693860217851936,-4.37981,2.5702138070401848,0.18174156120574073,0.247885056,0.08236000770023315,0.0058237319943411124,1.3668900559999997,8.800343668445194,0.6222782684729694
R:A:LYS:432,116.38085,3.4249634592941276,0.24218148873830134,-7.823125,0.9703476693304313,0.06861394170921097,-106.29537,12.565988913456035,0.8885495973019738,-12.82906,11.598742848102116,0.8201549721131975,0.728462448,0.1290002120294354,0.009121692470051622,-9.838242551999999,17.467784730213463,1.2351589035040766
R:A:CYS:433,80.61416,2.274176612402828,0.16080857042458904,-8.181075,0.7832493468717353,0.055384092453293836,-75.03458,1.6002716468150024,0.1131562933203452,-0.8587,0.6669803220485594,0.04716263086385237,0.002485872,0.004337357224810518,0.0003066974706091982,-3.4577091280000003,2.9649805581222113,0.209655785873449
R:A:CYS:434,98.68128499999999,2.4786754353434417,0.17526882086918655,-7.731095,0.8158165945695148,0.05768694462246202,-79.99731,1.813447805672939,0.12823012407191997,-3.63096,1.0646504771050451,0.07528215719544705,0.040820724,0.04038672547463862,0.0028557727453036455,7.362740724,3.351580716564135,0.23699254523765678
R:A:LYS:435,130.810635,3.19317712345792,0.22579171975268486,-5.803935,1.0425460089487657,0.07371913526266433,-115.413405,6.675531067336516,0.4720313285735122,-18.757270000000002,6.44099342470554,0.4554470128187251,1.2435126839999997,0.14148364586190496,0.0100044045415949,-7.920462315999999,9.866732553012238,0.697683349638901
R:A:HIS:436,121.651705,3.460316836356897,0.24468135000419425,-8.353890000000002,0.9538873507390692,0.06745002141956664,-91.574785,2.9737941503700287,0.2102790009579535,-7.31687,1.748427660242196,0.12363250549713857,0.5350065839999999,0.06520085994572573,0.004610397020681702,14.941166584000003,4.978794610132824,0.3520539430959953
R:A:PRO:437,81.35456,2.5375362689821794,0.179430910330411,-4.52905,0.6964720148720981,0.04924800846227185,-62.772675,1.4985318613146004,0.10596220409596528,-0.7896199999999999,0.9427641675413848,0.06666349359282037,0.6909721919999999,0.05541183740140671,0.003918208598454104,13.954187192,3.1720082078391916,0.22429485137424798
R:A:GLU:438,85.93069,2.8913152515594005,0.20444686209257407,-5.1334550000000005,0.9156220388211502,0.06474425526542876,-49.317280000000004,10.226946729185597,0.7231543383040717,-86.57915000000001,9.88217146924197,0.6987750458749223,0.960538644,0.15142030114016172,0.010707032174551746,-54.138656356,14.54196506867529,1.0282722111838196
R:A:ALA:439,96.58264000000001,2.2733482510165484,0.1607499964292379,-3.44802,0.41218241059026284,0.029145697761419266,-73.94386,1.7265578792499254,0.12208607845286865,-5.01706,1.1499709371979798,0.08131522478601409,0.628709004,0.06320215823621203,0.004469067467445073,14.802409004000001,3.105710287455305,0.2196068804660468
R:A:LYS:440,143.972905,3.0074403462038948,0.21265814628147922,-7.302635,0.9770704436093642,0.06908931363731297,-160.14071500000003,12.866302600350073,0.9097849817505647,19.205835,11.517068209304615,0.8143797030187301,0.7297201440000001,0.11149491350681816,0.007883880940847871,-3.534889856,17.555523288840977,1.2413629564817816
R:A:ARG:441,-186.84967,3.8980281875712492,0.27563221646879377,-13.48205,1.1377846489999766,0.08045352408378392,-2.97677,13.310978228030425,0.9412282969266808,25.420749999999998,10.691630023410836,0.7560124091491488,0.363317112,0.14214592511449162,0.01005123475664922,-177.52442288799998,17.549999346644622,1.240972354783189
R:A:MET:442,98.40547999999998,2.7106242232371494,0.1916700769499506,-10.890574999999998,0.9675289734033808,0.06841462980879894,-73.767055,1.6718702228268196,0.11821907718247084,-1.7526599999999999,1.0272382364378772,0.0726367122879333,0.061758864000000004,0.045082669887883786,0.0031878261591717196,12.056948864,3.4836757710031248,0.24633307611315836
R:A:PRO:443,78.43098,2.460936014934155,0.17401445442261398,-9.232334999999999,0.6958399548567185,0.04920331506997267,-53.90753500000001,1.8319382382534077,0.12953759509839216,-4.22296,1.2472083740899114,0.08819094988716246,0.08089603199999999,0.0376316977723272,0.0026609628682375255,11.149046032000001,3.3842786372027978,0.23930463737908658
R:A:CYS:444,76.13713,2.1252835535758514,0.15028024126777276,-7.4929,0.6325668027963529,0.044729227581079466,-65.248365,1.5277256271251718,0.10802651507326799,-1.160295,1.0685481168272208,0.0755577619432643,0.21421090799999998,0.045701620204674755,0.003231592555793765,2.4497809080000006,2.8973781684376876,0.20487557505641477
R:A:ALA:445,93.684895,2.081544365122925,0.1471874135919067,-7.297145,0.7466720324044553,0.05279768574355319,-84.24787500000001,1.2628518754687739,0.08929711247781194,0.5716249999999999,0.5578082236530759,0.03944299775467123,0.004932288,0.00990574667700805,0.0007004420648028502,2.7164322880000005,2.606988505060433,0.1843419250403612
R:A:GLU:446,102.75718,2.9240692480856194,0.20676291939803906,-9.453949999999999,1.4474566651544356,0.10235064234043673,-130.18592,5.987095902321927,0.4233516112146026,-31.221345,4.842397570003417,0.34240921589506756,0.0056950920000000006,0.00698641197236006,0.0004940139281818681,-68.098339908,8.362983447587782,0.5913522306740172
R:A:ASP:447,85.47262,7.394589221559235,0.5228764182653488,-7.25636,1.0927244439473294,0.0772672864283456,-89.56313,10.291366240354096,0.7277094856228685,-53.67700999999999,8.172311488183743,0.577869687126345,0.33418403999999996,0.09165098843887282,0.006480703542757683,-64.68969596,15.11890507023183,1.0690680299276603
R:A:TYR:448,87.51822,2.9905509394758685,0.2114638848787187,-13.545250000000001,0.9911328758042485,0.07008367775381083,-85.51483,1.7381446174297464,0.1229053845667471,-1.553735,0.8719574959681234,0.061656705830550176,0.2582397,0.061229548847225715,0.004329582919886625,-12.837355299999999,3.702829315891705,0.2618295718843369
R:A:LEU:449,73.25686999999999,3.289469789054157,0.23260063943484766,-10.19155,0.9486564117213355,0.06708013817442537,-80.07467999999999,1.4399252402815914,0.10181809018047822,1.02566,0.46665080563522016,0.032997194911082973,0.09383767200000001,0.02505715226305687,0.001771808228243136,-15.889862328000001,3.7433054929406357,0.2646916698111175
R:A:SER:450,84.31220499999999,4.625596836406627,0.3270790890058167,-7.3579099999999995,0.7728638961033178,0.054649730186891135,-79.60806000000001,4.548441361213751,0.3216233730343614,-0.10380000000000003,1.181225689696935,0.08352526952964594,0.086697252,0.03310538451900077,0.0023409041887173594,-2.6708677480000005,6.639139523142976,0.46945805780580196
R:A:VAL:451,57.418815,2.8091847466435875,0.19863935839574942,-9.144835,0.7918831086561956,0.055994591603787953,-60.576995000000004,1.6358942584944174,0.11567519234855414,0.30404000000000003,0.6792762975402571,0.04803208762900067,0.077326956,0.033429344776607035,0.0023638116382161925,-11.921648044,3.414276150667545,0.24142578189805236
R:A:VAL:452,45.702995,2.9148377184630707,0.2061101516783562,-10.364565,0.8377429353775536,0.059237371049659183,-48.124165000000005,2.0728413899222966,0.14657202031382044,-0.58146,0.604627718848549,0.04275363600911623,0.032672052,0.01839322340673586,0.0013005972998782057,-13.334522947999998,3.7229929583054933,0.26325535671275796
R:A:LEU:453,57.416615,3.057506416473234,0.2161983520609604,-10.85924,1.028973960992211,0.07275944654819745,-61.16681500000001,1.5759735787046052,0.11143816044728574,-1.0386099999999998,0.5418961412484868,0.038317843617562825,0.022084199999999995,0.011687377567204716,0.0008264223932057989,-15.6259658,3.6310623297658213,0.2567548796288436
R:A:ASN:454,32.70684,3.1621782025053555,0.22359976503118245,-10.716194999999997,0.9553722138386692,0.06755501709625274,-95.96249,2.647502052860394,0.18720666547828899,-2.276185,1.139152861022172,0.08055027128368344,0.04124973600000001,0.011285307660524989,0.0007979917574533711,-76.206780264,4.383967469110486,0.30999331259092505
R:A:GLN:455,34.22384,2.8942416717337203,0.2046537912475603,-10.519324999999998,0.8599950286920268,0.060810831657485166,-74.802185,2.5160679722088193,0.1779128725075142,-5.37641,2.2211692983426543,0.15706038730214564,0.200642832,0.10645545514196901,0.007527537422518661,-56.273437168,4.515722551306655,0.31930980379859525
R:A:LEU:456,70.84337,2.835603878030216,0.20050747309140374,-10.463310000000002,0.9487382167384215,0.06708592266265703,-72.30847,1.7476787373828178,0.12357954865389337,-2.96994,0.6341959763353912,0.04484442754679783,0.02066868,0.01278391165319911,0.0009039590620066818,-14.87768132,3.5210087320109213,0.24897291510219696
R:A:CYS:457,97.90428,1.994302886123369,0.14101850945177372,-8.278315,0.711294907738696,0.050296145268549156,-85.94174,1.577579913158126,0.11155174544577956,-2.5951800000000005,0.7653319656201484,0.05411714227488366,0.08476091999999999,0.020810472464526126,0.0014715226199362348,1.17380592,2.749201506463139,0.19439790280683578
R:A:VAL:458,53.27186,2.8454572884511906,0.20120421442405229,-8.752284999999999,0.8041921186973917,0.05686497005077026,-50.267385,2.289349459295151,0.1618814527173357,-4.222265,0.8440565589905691,0.05968381165672146,0.094016628,0.033618145525522614,0.002377161867201323,-9.876058372,3.833801604860843,0.27109071125209705
R:A:LEU:459,64.07522,3.521871736960334,0.2490339387673897,-8.78198,0.9376764685113943,0.0663037389443461,-61.906985000000006,2.6209732876881824,0.18533079850331136,-5.8113150000000005,0.8602537159321081,0.060829123607651955,0.24088377599999997,0.07144979228745892,0.005052263264083248,-12.184176223999998,4.5713739941693605,0.32324495506169876
R:A:HIS:460,110.48741,2.497674945204039,0.17661228909535145,-12.91346,1.1331445178793391,0.08012541726568417,-91.54924999999999,1.5309805183280425,0.10825667063742542,-6.5762,1.443893309770497,0.10209867506486066,0.100217808,0.04159433639417674,0.002941163732327678,-0.4512821920000002,3.4572902621301664,0.2444673388882457
R:A:GLU:461,104.429715,2.9663769035264216,0.20975452240386858,-5.41215,1.2124261699171623,0.08573147664364587,-67.89058,10.92908583476221,0.7728030705930198,-83.882215,9.773550264810378,0.6910943668514995,0.626663016,0.1110787582455248,0.007854454320119171,-52.12856698399999,15.008294693408155,1.0612466951754982
R:A:LYS:462,135.230635,3.497893053221467,0.24733838977982164,-5.565264999999999,1.1046067511902142,0.0781074924311042,-191.70266,14.5143449991517,1.0263191773381222,50.609764999999996,15.353741433597708,1.0856734684281804,0.8964027719999998,0.16613333635712976,0.011747400871927206,-10.531122228000001,21.444966750642774,1.5163881411699547
R:A:THR:463,55.74254,4.5361672013275705,0.3207554588654728,-4.32078,0.7386736434989406,0.05223211424018752,-57.420125,4.087445474789235,0.28902604129537357,-6.463744999999999,2.036043169968407,0.1439699932273215,0.7334934479999999,0.057091593271914355,0.004036985275131491,-11.728616551999998,6.479073496988001,0.45813968055262533
R:A:PRO:464,87.426275,2.592512048067473,0.18331828494963345,-5.4631050000000005,0.5968963343621738,0.04220694456928859,-59.035255,1.3116820384433872,0.09274992641439127,-6.430575,0.8524405752748986,0.06027665113354424,0.719845632,0.06392291295509439,0.004520032522374465,17.217185632,3.086851923319398,0.2182733927497883
R:A:VAL:465,51.493359999999996,3.1218230684008983,0.22074622613308703,-7.743930000000001,0.8432924967649126,0.05962978429862043,-51.362455,1.463808398655712,0.1035068845047275,-4.1236,0.9216573332860755,0.06517101502968939,0.128174724,0.048319029673177666,0.0034166713542257937,-11.608450276000001,3.66762095943727,0.2593399651240005
R:A:SER:466,63.213770000000004,3.1297909046931554,0.22130963724045094,-7.302605,0.6951097244140669,0.0491516799801899,-59.295519999999996,2.721810121885801,0.19246103942876333,-2.2303300000000004,0.8725367276510485,0.06169766369563762,0.105788412,0.019481660703416843,0.0013775614392161535,-5.508896588,4.295197184283716,0.30371630555403806
R:A:ASP:467,91.25210500000001,5.1398494077137125,0.3634422370472026,-4.9356599999999995,1.1340023872990743,0.0801860777940909,-79.275975,10.405107928530825,0.7357522375242056,-67.150445,10.834095342342849,0.7660862284592218,0.7187292,0.06124175940746313,0.004330446336881222,-59.3912458,15.917024118622814,1.1255035690588022
R:A:ARG:468,-177.91276000000002,3.8182229220410906,0.26998913202571695,-9.198225,1.5420709239120618,0.10904088073688234,-18.587405,8.78545480103193,0.6212254665617588,31.758719999999997,7.3781190923974656,0.5217118042636183,0.48144149999999997,0.10630444437899104,0.007516859349065273,-173.45822850000005,12.189707422831965,0.8619424779364476
R:A:VAL:469,62.160205000000005,3.220003393317312,0.2276886234858365,-8.919825000000001,0.953174215122818,0.06739959511655096,-74.23542,1.9920497342185006,0.14085918755267615,0.859605,0.5684451151826357,0.04019513956780098,0.035059788,0.024951183540021824,0.0017643151079779597,-20.100375212,3.9457543627911065,0.2790069666825996
R:A:THR:470,47.485825000000006,3.1168516285468257,0.22039469224977945,-7.662169999999999,0.9421030151209581,0.0666167430568322,-57.26013999999999,2.884459164280195,0.20396206351182075,-0.8832800000000001,1.051473600048998,0.07435041128332781,0.331732296,0.04177802871629517,0.0029541527409898626,-17.988032704000002,4.475462989586488,0.31646302288860245
R:A:LYS:471,113.96472000000001,3.5288509052664723,0.24952744049102094,-7.129955,1.0180803863030659,0.07198915449479178,-131.79005,14.963579541256163,1.058084856444652,11.499119999999998,13.518454100806053,0.9558990565839052,0.976412952,0.07931264811969962,0.005608251131930208,-12.479752047999998,20.497631103223288,1.449401395134948
R:A:CYS:472,81.05689000000001,2.386274122539152,0.16873506138174127,-7.86205,0.7488327099559687,0.05295046871841646,-76.765065,1.407541065395607,0.09952818321397715,0.29966000000000004,0.7517816401056892,0.05315898956902773,0.041273423999999996,0.022449988415164584,0.001587453904592231,-3.2292915760000005,2.9668006509630604,0.20978448587246434
R:A:CYS:473,98.67483,2.3600969325644234,0.16688405452738736,-7.978305000000001,0.6451271285374689,0.04561737673162497,-88.55102000000001,1.6620847420032465,0.11752713919771889,0.04725000000000002,0.9556044252199756,0.06757143692049178,0.06473116799999999,0.022689473171754695,0.0016043880341297988,2.2574861679999993,3.1084508782298315,0.2198006694981593
R:A:THR:474,41.202844999999996,3.8493776303416896,0.27219210257624116,-5.67182,0.8277227721888532,0.058528838515726586,-50.011900000000004,3.148556361255107,0.2226365553991527,-4.9142399999999995,1.3784053984223945,0.09746798044486199,0.582189804,0.10378759657494332,0.0073388913341196115,-18.812925196,5.227524614593202,0.3696418103798446
R:A:GLU:475,90.073735,2.8052133635028547,0.1983585392007992,-5.40752,0.8557067076983795,0.0605076015720339,-57.03459,13.75119079432396,0.97235602600565,-83.17325499999998,13.14381361553697,0.9294079738198264,0.886740516,0.08844475198464262,0.0062539883888703155,-54.654889483999995,19.24745082031394,1.3610002995598562
R:A:SER:476,63.91749,3.6149601546766736,0.2556162839091047,-7.1079,0.7243191837857119,0.051217100659838206,-55.830774999999996,3.3466411959418365,0.23664326838487298,-2.706995,1.4336782571326803,0.10137636176582289,0.114085944,0.04292112371155331,0.003034981763258606,-1.614094056,5.181684867117131,0.36640045075102373
R:A:LEU:477,76.80885500000001,3.2339538453686996,0.2286750694104519,-9.345215000000001,0.9093577012237813,0.06430129970595462,-73.26031499999999,1.8814262557365888,0.13303692637337575,-1.2796049999999999,0.8955873765161052,0.06332759070796078,0.16511425200000002,0.04096810367782839,0.002896882392294599,-6.911165748000001,3.9533414718461843,0.27954345630884436
R:A:VAL:478,48.83134499999999,3.1641249115632273,0.2237374181487643,-7.387215000000001,0.831737740381546,0.058812739639256734,-54.604705,2.263824354488439,0.16007655524740338,-0.6678299999999999,1.069559545373702,0.07562928074165455,0.1528263,0.050488614572329074,0.0035700841736807827,-13.6755787,4.120058440608147,0.29133212622388927
R:A:ASN:479,29.781589999999998,6.614024077057779,0.4676821275818652,-7.47183,0.9339725590722674,0.06604183299621535,-83.718835,5.943490049438545,0.4202682117872764,-7.732505000000001,3.559231623535479,0.2516756816815542,0.440893152,0.0974878210033689,0.006893429931458249,-68.70068684799999,9.623945491636679,0.6805157118905998
R:A:ARG:480,-170.78808,4.191931043516818,0.2964142867137142,-14.87896,1.219861151279112,0.0862572092175489,8.53328,5.737755195335542,0.40572056074101054,14.967550000000001,4.720765982073249,0.33380856383187657,0.051417036,0.016558104522785933,0.0011708347991657576,-162.114792964,8.617893443987654,0.6093770893786761
R:A:ARG:481,-172.02628,4.2163399058425055,0.29814025392086846,-10.950819999999998,1.7256534088860371,0.12202212274009988,-16.370585000000002,6.25699221054134,0.4424361621905188,32.318805000000005,4.857474143726861,0.3434752906467582,0.030911436,0.017027665036836497,0.001204037741532017,-166.997968564,9.137871656481426,0.6461451013910366
R:A:PRO:482,83.2775,2.6221142690584633,0.1854114780697247,-9.67574,0.7200229388012579,0.05091331026362359,-59.864174999999996,1.6425811895839428,0.1161480297804272,-4.724645,1.1108463885591922,0.07854870142067912,0.19391119199999998,0.04359632629843868,0.0030827257960447407,9.206851192000002,3.3656900593216723,0.23799022643185078
R:A:CYS:483,80.626075,2.17565460479714,0.15384201245717957,-6.9263650000000005,0.6486170455476791,0.045864151129994764,-67.16257,1.7777538342245254,0.12570617914605473,-3.7353549999999998,1.196006822294505,0.08457045343898185,0.177362712,0.04359395184969878,0.0030825578971641846,2.9791477119999996,3.122005521754065,0.22075912753341448
R:A:PHE:484,104.06059,3.1498145583351413,0.22272552336788887,-12.018115,0.7691679477038809,0.05438838716927539,-81.96636500000001,2.5167256687559334,0.17795937867635692,-2.618055,1.016448297738257,0.07187374840562444,0.13532835599999998,0.04208198518911939,0.0029756457093018177,7.593383356,4.228687409930232,0.2990133543079845
R:A:SER:485,71.17892,3.3792727077878757,0.23895066471554333,-5.582165,0.7628834562205422,0.053944006514857604,-65.385385,3.1436649402846673,0.22229067970536912,-6.302195,1.4338390903358018,0.1013877343906796,0.290036124,0.06587304457170796,0.004657927651405839,-5.8007888759999995,4.893295234617073,0.346008224274555
R:A:ALA:486,82.81739499999999,2.1770263064499247,0.15393900641122446,-3.6196849999999996,0.39182540215636863,0.027706239890591434,-64.37806,1.451253274380458,0.10261910315336031,-5.9262049999999995,0.8315923478333601,0.05880245883358111,0.59911992,0.051951472389559855,0.0036735238419283466,9.492564920000001,2.77368915699082,0.19612944118118072
R:A:LEU:487,76.030705,5.036100229143081,0.3561060622762198,-5.09786,1.1502302423428101,0.08133356042864469,-83.04415499999999,4.0212379251885855,0.2843444605665371,-0.36495999999999995,1.1580211433302934,0.08188446032062494,0.693950436,0.16597899398040555,0.01173648721780659,-11.782319564,6.650131696003677,0.4702353218027796
R:A:GLU:488,102.51777000000001,2.995366953663607,0.21180442850776274,-5.240209999999999,1.0606637053750827,0.07500024986291713,-101.279905,12.337813847921964,0.8724151836882912,-50.31815,11.785221098371467,0.8333409756441236,0.708760152,0.1310228222795376,0.009264712612406089,-53.611734848,17.355906330308226,1.2272479059799473
R:A:VAL:489,49.89275,3.233114252156889,0.22861570120510097,-6.649715000000001,0.8203231093752021,0.05800560334032393,-53.656665,2.9317934157738677,0.2073091005331773,-2.7953200000000002,1.3590592546316733,0.0961000014984391,0.379316196,0.09337026777345336,0.006602274950381263,-12.829633804,4.64511899401448,0.32845951400860723
R:A:ASP:490,94.091515,2.9536615343967556,0.20885541003018088,-6.376205,1.3288017621056198,0.09396047368375172,-114.35743500000001,7.86028307796704,0.5558059466476362,-43.952105,6.4683434837657625,0.45738095404145873,0.07064125199999999,0.03417922980530275,0.002416836517106293,-70.52358874800001,10.682439622682173,0.7553625496814428
R:A:GLU:491,103.78765,3.2170847265031735,0.22748224257620633,-4.5723,0.8323512900212265,0.058856124150337995,-67.59629,15.642782868655438,1.1061117843055015,-86.838075,14.625216704697916,1.0341589908214668,0.988761672,0.14356709525249722,0.010151726660829578,-54.230253327999996,21.671563715007142,1.5324109661797878
R:A:THR:492,39.480675,4.644211626247775,0.3283953534185205,-4.43017,0.650308466114351,0.045983752625247974,-48.899719999999995,3.832673600973607,0.2710109493323101,-5.949915,1.4097475262524846,0.09968420355740923,0.7027583759999999,0.05901599618624957,0.00417306111017765,-19.096371624,6.218670327140349,0.43972639582845063
R:A:TYR:493,90.151785,3.413265831835399,0.24135434156831523,-12.570374999999999,0.9447217073694242,0.06680191256150529,-82.366075,2.15815460043413,0.15260457528159171,-8.19759,1.2715642028226495,0.08991316705299619,0.261763668,0.0828203780692951,0.005856285095323218,-12.720491332000002,4.338692056305511,0.3067918574493833
R:A:VAL:494,64.397575,3.5556689728340856,0.2514237642345588,-3.62623,0.6411427899462022,0.04533564144798218,-54.675395,2.6095495720478277,0.1845230198237472,-3.7731100000000004,1.3180361140348167,0.09319922740827845,0.9006184440000001,0.05728233659710176,0.0040504728650021,3.2234584440000003,4.648020584553819,0.3286646874432666
R:A:PRO:495,88.77838,2.55841814322835,0.18090748181874622,-5.931185,0.7877098074640178,0.055699494646495665,-56.031634999999994,1.3968728151750256,0.09877382400654035,-7.361895,1.3117796590796031,0.09275682923577648,0.49119436799999994,0.09738712154211242,0.0068863094042666195,19.944859368,3.2935533886013233,0.2328893935279928
R:A:LYS:496,124.600005,3.4318686899377426,0.24266976227967707,-6.180969999999999,1.4223967024357165,0.1005786353829679,-137.86472500000002,16.045368255025345,1.1345788699763781,7.46455,15.654987360822112,1.1069747722227008,0.8911646999999999,0.30466171810065734,0.02154283668369191,-11.0899753,22.725013213492886,1.6069010945814715
R:A:GLU:497,95.56676499999999,3.013044022209931,0.21305438601182328,-3.886585,0.8186619587931273,0.057888142256208225,-52.295315,11.11969430990686,0.7862811251256607,-98.538755,10.67523826361618,0.7548533366985105,1.1367280800000001,0.08378272731935145,0.005924333463381682,-58.01716192,15.727808962430114,1.112124037054089
R:A:PHE:498,90.51530999999999,3.2261520119021054,0.2281233964754602,-10.303485,1.1238763987979283,0.07947006228055317,-63.50940000000001,2.6409415385426467,0.18674276706207393,-7.652885,1.6927493794933142,0.1196954565089043,0.34373865600000003,0.14084717342362843,0.009959399143880533,9.393278656,4.640147148713221,0.3281079514558542
R:A:ASN:499,25.422834999999996,3.346317539889931,0.23662038244596553,-6.2495,1.1828467821319886,0.08363989807502159,-88.92161499999999,4.890081789374795,0.3457809993823764,-6.90269,2.507216644787602,0.17728698914330968,0.362169288,0.17943664637106507,0.01268808694423526,-76.288800712,6.544325810082419,0.4627537158603424
R:A:ALA:500,91.195875,2.3219760914735965,0.16418850400340151,-3.5924800000000006,0.9533667917438703,0.06741321234001536,-77.696085,3.0738804690122548,0.21735617241954505,-3.6695699999999998,1.988832993265146,0.1406317296185324,0.525887388,0.1537571153903814,0.010872269894822114,6.763627388,4.441657378995274,0.3140726052394825
R:A:GLU:501,108.402225,3.0150503717807107,0.21319625635051617,-4.61408,0.8856800401951035,0.06262703623835317,-55.695730000000005,10.33436227723317,0.7307497645470026,-102.314925,10.756923321255712,0.7606293425163633,1.015814232,0.1262380601318278,0.008926378836305059,-53.206695768,15.244715049559826,1.0779641388800367
R:A:THR:502,39.303175,3.3157914627393263,0.2344618628303439,-6.846995,1.1121304037634256,0.07863949500648514,-51.0624,4.061442277073503,0.28718733755164066,-0.8726199999999998,2.114443062747257,0.14951370281014378,0.166064616,0.09512989064415739,0.006726699076801839,-19.312775384,5.762511569710206,0.4074711007608023
R:A:PHE:503,100.70828499999999,2.78501511194733,0.1969303071364969,-12.527535,1.0194057674817225,0.07208287309670029,-75.43984,1.7912054528724504,0.12665735222244304,-4.136975,1.0022423880354492,0.07086923889724651,0.06986286,0.03730171029871418,0.0026376292302076874,8.67379786,3.6069094095799263,0.2550470102639532
R:A:THR:504,39.314715,4.124723853032466,0.29166202070011615,-6.142525000000001,0.9719202690421679,0.06872514130123705,-51.92861,5.1675418941601245,0.36540039154262005,-2.31426,2.9292131592630812,0.20712664884557952,0.36421491599999994,0.1213101120039024,0.0085779202824459,-20.706465084,7.297703130213259,0.516025537046009
R:A:PHE:505,91.84624,3.423339273633275,0.24206664146883186,-11.774104999999999,1.0117962858080671,0.07154480148742463,-63.91057000000001,2.9385716011525056,0.20778839061771473,-4.58989,1.745181955527847,0.12340299951581403,0.129721212,0.04848908480918005,0.0034286960682100823,11.701396211999999,4.942286698555703,0.3494724439116812
R:A:HIS:506,107.72057000000001,3.4364526702837046,0.24299389863842263,-7.346975,0.8918089506026501,0.06306041564939927,-84.04678,4.9311471212690465,0.34868475684778655,-8.25239,2.5409917784007092,0.17967525174464063,0.788934564,0.07767291276169,0.005492304332830212,8.863359564,6.5866087169614,0.4657435688785831
R:A:ALA:507,83.860555,1.9599115992755896,0.13858667823739407,-4.50842,0.6115039358826728,0.04323985797849017,-73.373725,1.6460710007089612,0.11639479669158327,-2.0007,0.9836060898550801,0.06955145361529118,0.358703208,0.07048202793459292,0.004983831990433033,4.336413208000001,2.8101937542119355,0.19871070600513416
R:A:ASP:508,96.48748499999999,4.129341184713974,0.2919885153544143,-5.027065,1.0357867786253114,0.0732411855029327,-68.63276,8.372862648604718,0.5920507956771953,-85.827035,7.6285688417798925,0.5394212758770969,0.598661496,0.08052242219292949,0.005693795077018659,-62.400713503999995,12.1008548556373,0.8556596526575295
R:A:ILE:509,77.67721499999999,3.08961323449635,0.21846864693560716,-9.655045,1.0557758109442554,0.07465462353314094,-64.701425,2.1929518654943156,0.155065113490672,-0.655565,1.0011647096132585,0.07079303552521958,0.063341964,0.05305171525586241,0.003751322761099812,2.7285219640000005,4.0588860105195845,0.28700658221016107
R:A:CYS:510,93.100705,2.0867684988936843,0.14755681563341966,-5.73976,0.5095510105965839,0.036030697495330284,-84.23948499999999,1.2692017569224372,0.08974611690137355,-2.85129,0.6412098532461896,0.04534038353940116,0.37943539200000004,0.04845799639712661,0.0034264977855121516,0.649605392,2.5765512518606775,0.1821896862265373
R:A:THR:511,38.18556,4.888226960401901,0.34564984316790887,-3.82913,0.8655745335324971,0.06120536222832114,-44.962939999999996,3.812415850402471,0.2695785100522666,-7.1324700000000005,1.1399983899550032,0.0806100592078929,0.859135608,0.04995667103451886,0.0035324700854013863,-16.879844392,6.362435752444251,0.4498921465417064
R:A:LEU:512,67.868255,3.0085544834646085,0.21273692768270153,-8.652325000000001,1.0585521996458183,0.07485094386094941,-72.43026,3.3086884656008335,0.23395960508600622,-2.2964550000000004,1.9470339385781135,0.13767609011689358,0.34927236,0.08041141394291733,0.005685945608383534,-15.161512639999998,4.9916689949572275,0.35296429957728936
R:A:SER:513,72.20721999999999,3.4900893443578203,0.24678658423423264,-4.672645,1.1909230533392994,0.0842109766887607,-75.39922,6.020463528799091,0.42571105871001286,0.38183999999999996,3.501000694715726,0.24755813321723039,0.401816412,0.06114951788102222,0.0043239238759958856,-7.080988588,7.880719991226188,0.5572510546428426
R:A:GLU:514,99.47856,2.7820819338042506,0.19672290012095692,-5.604165,0.9997649312588436,0.07069405624856308,-73.48210499999999,12.42125486752345,0.8783153547672242,-69.47496,11.934879567821369,0.8439234275051262,0.890795808,0.10818771314622347,0.00765002656067596,-48.19187419200001,17.477990078033166,1.2358805305688445
R:A:LYS:515,123.99701499999999,3.2102939405566895,0.22700206149697183,-6.092295,0.796619016829877,0.05632947088225664,-107.836685,13.640057136089094,0.9644976896700557,-23.575309999999998,12.737420912174489,0.9006716701825921,1.201873572,0.14024779611624852,0.009917016768026766,-12.305401428,18.953978702550565,1.3402486871038903
R:A:GLU:516,104.98323,3.0362198746302944,0.21469316625244503,-7.559715,1.343974673784815,0.09503336055762207,-87.51547499999998,10.919939782772385,0.7721563470547108,-66.707315,9.982161096965676,0.7058453802560976,0.5529918239999999,0.10580723189898611,0.007481701117435066,-56.246283176,15.163268752031902,1.0722050159515835
R:A:ARG:517,-191.39578999999998,4.258182413413027,0.301098966005365,-12.233799999999999,1.2789209631560507,0.09043336856492741,-2.419395,12.530924381264736,0.8860701604528137,30.387625000000003,10.255165939875132,0.725149737827902,0.288875412,0.11459739711276454,0.008103259660476349,-175.37248458800002,16.792063100246946,1.1873781688297016
R:A:GLN:518,34.208265000000004,2.9890836714242375,0.21136013335980602,-8.501035,1.0632635956219887,0.07518408986530993,-82.72442,4.278805831490838,0.30255726188277154,-5.654114999999999,3.0969911788339015,0.21899034638283713,0.48029975999999996,0.14311655159644393,0.010119868413387991,-62.191005239999996,6.1632107477568745,0.4358048113620698
R:A:ILE:519,93.85622500000001,3.090540925853434,0.21853424462055143,-6.68308,1.2569102010883673,0.08887697265321315,-74.81885,2.346755135820523,0.16594064703230493,-0.72604,0.7723506447203887,0.05461343783355888,0.604713924,0.20390174897481733,0.014418030939589049,12.232968924000001,4.156516278942018,0.2939100846952176
R:A:LYS:520,139.071525,3.4361382305394828,0.24297166439088125,-9.828325,1.1795873894608233,0.08340942420898852,-150.971075,10.771403959994027,0.7616532783011407,17.45558,11.705646242459235,0.8277141836213754,0.39633897599999995,0.19317338823314412,0.013659421276443783,-3.875956023999999,16.318121384817754,1.1538654287429848
R:A:LYS:521,128.72491000000002,3.4087527237832904,0.2410352166375279,-10.525055,1.09316868413571,0.07729869895331355,-113.63719,10.262601573865176,0.7256755165495801,-17.70064,10.049317668399183,0.7105940669622847,0.40918672799999994,0.10541825729516693,0.007454196459428077,-12.728788272000001,14.803226086807772,1.0467461549419375
R:A:GLN:522,40.34785,3.0973763231967797,0.21901758020190984,-10.386005,1.0560667663433974,0.07467519718671654,-87.91565,3.6805759817588335,0.26025602353740057,-6.9788049999999995,2.6153037313044543,0.184929900326786,0.178005348,0.10081327772904765,0.0071285752315852335,-64.754604652,5.57724247132187,0.39437059717933126
R:A:THR:523,38.710875,3.211338186702702,0.2270759008500792,-8.402145,0.9353386627179484,0.06613843111138183,-49.955909999999996,2.6479457343193418,0.18723803849511986,-2.658480000000001,0.9492768930085679,0.0671240128270055,0.18255941999999997,0.06062352499882203,0.004286730562609924,-22.12310058,4.370808827509307,0.30906285612018536
R:A:ALA:524,82.162615,2.0216375136940345,0.14295135950341636,-7.908019999999999,0.7390212781781049,0.05225669572408879,-66.51997999999999,1.3328279857505991,0.09424517068794558,-1.9595099999999999,0.6012346629228891,0.0425137107237183,0.0010341360000000002,0.003740940779309932,0.00026452445930673406,5.776139136,2.6021334017518996,0.18399861739307868
R:A:LEU:525,87.524215,2.85978487106548,0.20221732750650973,-10.89939,0.9559381872799099,0.06759503746208001,-87.65581999999999,1.6072579219279028,0.11365029757110186,-2.099155,0.6249762163274695,0.04419249206454643,0.08677972799999999,0.053218435387594916,0.0037631116546706493,-13.043370272000002,3.47403120698636,0.24565110245137417
R:A:VAL:526,51.73533499999999,2.9920516878514984,0.21157000381404495,-10.398954999999999,1.003526279165125,0.07096002370965641,-60.495329999999996,1.5863544720837144,0.11217220045760001,0.44848,0.6002345538204211,0.04244299233089015,0.0006057,0.001162674257907175,8.221348520772004e-05,-18.7098643,3.582770112393682,0.25334010419060615
R:A:GLU:527,89.22382499999999,3.110764115836332,0.21996424009796453,-9.76348,1.264462925356058,0.08941103090782478,-80.56581,13.659267713677039,0.9658560826383503,-55.774115,12.299525074236607,0.8697077585366679,0.15215155199999997,0.07421195366102752,0.005247577567881439,-56.72742844800001,18.685158249630003,1.3212402105857135
R:A:LEU:528,80.06473,4.427417448931149,0.31306569012828606,-10.979355,1.0283843342714822,0.07271775364293782,-82.395985,3.690215824958616,0.2609376633870147,-1.1535000000000002,0.7654905877932139,0.054128358556305774,0.036060912,0.03446005689495384,0.0024366939910496106,-14.428049088,5.904613092859786,0.41751919582440283
R:A:VAL:529,64.79834499999998,2.9872939503796747,0.2112335809711018,-10.280235,0.810453261931248,0.05730769973463427,-63.41155,1.6194336872808346,0.11451125419582128,0.13212500000000002,0.6994963612307072,0.049461862044154786,0.00289206,0.0045442647528065525,0.00032132804222165235,-8.758422939999997,3.5626732818162186,0.251919043672438
R:A:LYS:530,124.19671999999998,3.272858859101627,0.23142606931372275,-11.25266,1.2529614417052106,0.08859775319950275,-142.109345,8.869376610899721,0.6271596346464551,17.680795,7.861216145926469,0.5558719245157782,0.138257892,0.07397844969579408,0.005231066344156388,-11.346232108000002,12.359269843156973,0.8739323516610693
R:A:HIS:531,117.03308000000001,3.08335018666385,0.21802578257628152,-11.215340000000001,0.8952570772688703,0.0633042350242067,-91.69464499999998,3.0267543241853976,0.21402385076172004,-5.50453,2.6322282156188512,0.18612664208946553,0.284288616,0.09164000847084063,0.006479927141772406,8.902853616,5.138754578419516,0.3633648209253858
R:A:LYS:532,140.21587,3.296214831151027,0.2330775859354562,-7.345235,1.2783103026163092,0.09039018834406198,-148.42507,14.48154308646354,1.0239997318483534,17.430155,13.042919517538051,0.9222736837321528,0.539352828,0.16163535821229963,0.011429345787143377,2.4150728280000022,19.80803057191639,1.4006392739352527
R:A:PRO:533,94.00263500000001,2.739750485313398,0.1937296146924238,-7.235119999999999,0.8033822910669615,0.05680770658986331,-68.570825,2.4731355855219506,0.1748770943316334,-0.40049999999999997,1.422602882044037,0.10059321448288648,0.1766952,0.06470605119923792,0.004575408758678507,17.972885199999997,4.036835553352624,0.2854473794310589
R:A:LYS:534,116.62737000000001,3.143097776573296,0.22225057517473376,-3.9634800000000006,0.7391832314115357,0.05226814754704819,-104.21880500000002,13.01819434472289,0.9205253499957918,-19.601445,12.122238397135035,0.8571716973774127,1.3897011600000002,0.17377624742118009,0.012287836296066773,-9.76665884,18.079759440347036,1.278432050249089
R:A:ALA:535,98.60069,2.5318987053000357,0.17903227437950953,-5.149395000000001,0.741472021707495,0.05242998946094687,-96.22335,3.349928434683344,0.23687571126542287,2.16288,2.106356637799022,0.14894190621849848,0.090724644,0.06231961127933697,0.004406661973652882,-0.5184503559999992,4.756357256338616,0.3363252469702877
R:A:THR:536,56.467360000000006,3.857036466044883,0.27273366404241334,-5.18116,1.0750139042821725,0.07601496215877503,-59.991005,5.888359354266263,0.41636988294649147,-6.5102199999999995,2.034168506196082,0.14383743448073594,0.5396432400000001,0.08500104164894923,0.006010481295789215,-14.67538176,7.406093961627574,0.52368992623716
R:A:LYS:537,117.393145,3.089335115194692,0.21844898093118906,-5.6610249999999995,1.0826977068300274,0.0765582890474637,-84.85581,11.672952824538443,0.8254024098701797,-38.677330000000005,10.579841177498839,0.7481077440486097,1.1865193920000001,0.25265642264801885,0.017865506976474852,-10.614500607999998,16.092573691962865,1.1379167984331178
R:A:GLU:538,95.169815,2.97851839859602,0.21061305575361416,-4.969405,1.2306803488213338,0.08702224201245909,-99.414755,18.831292129988718,1.3315734363619887,-51.08741,18.398348053069874,1.300959667095602,0.874529172,0.10437873598541426,0.007380691202696674,-59.427225828,26.523834852056194,1.8755183486961022
R:A:GLN:539,29.926914999999997,3.147130378261282,0.22253572317467368,-7.7993,1.0539663894071765,0.07452667810925158,-69.45624,4.472450305190657,0.31624999393201575,-10.372395000000001,3.298728623117549,0.2332553378700582,0.6334275599999999,0.16209143919845242,0.011461595582951267,-57.06759244,6.475026692131194,0.45785352823698666
R:A:LEU:540,78.13577500000001,3.3452442832138582,0.23654449173860506,-10.23384,1.0840163948944683,0.07665153437472728,-72.705305,1.75946487091246,0.1244129541481714,-4.53156,1.1644780016814402,0.08234102915315063,0.065116296,0.045197276837282835,0.0031959300942808366,-9.269813703999999,4.101160726060795,0.28999585601335326
R:A:LYS:541,122.24124499999999,3.259354539625139,0.23047116972600934,-6.110685000000001,1.0685779175029775,0.07555986916925544,-125.405105,11.038509969827222,0.780540525386014,-5.831,10.327534991468196,0.7302670025408514,0.970293816,0.08522688292511316,0.006026450685573949,-14.135251184000001,15.500941769979594,1.0960821040330375
R:A:ALA:542,95.89298500000001,2.339006428972567,0.16539273071654328,-4.979195,0.7670811215086706,0.0542408262738963,-80.779475,2.5856521555257586,0.18283321729618773,-6.88476,1.7409875307996896,0.12310640889896837,0.447608124,0.06793001045594373,0.004803377103947088,3.697163124000001,3.972482052803454,0.2808968997679179
R:A:VAL:543,56.506229999999995,3.1113265590580492,0.22000401083957538,-8.210370000000001,0.8789573898090851,0.062151673070803166,-57.416194999999995,2.298745091778338,0.16254582426157554,-3.31184,0.9475984404799324,0.06700532831051571,0.114592824,0.06935829511869669,0.004904372080996824,-12.317582176,4.079203528224201,0.2884432476647423
R:A:MET:544,82.31574,2.794392819987913,0.19759341123124524,-11.692395,1.0461430872375919,0.07397348710771312,-69.430545,2.445859079745806,0.1729483541114948,-0.8492999999999999,1.9574790905652095,0.13841467389695356,0.090268776,0.056595619794661,0.004001914654226039,0.43376877599999986,4.3266847219932645,0.3059428106977669
R:A:ASP:545,83.73222,6.087520829664569,0.43045272592701744,-5.88913,0.9476655122457501,0.06701007100055931,-95.29341000000001,15.36865544092586,1.0867280479998205,-49.85553,17.56200286439733,1.241821131663292,0.511039044,0.0950517423406918,0.006721173157269965,-66.794810956,24.13678788238862,1.7067286387698282
R:A:ASP:546,87.30022500000001,6.9916508490037605,0.4943843727019241,-7.74681,0.8343386026668069,0.058996648375140764,-41.53723,11.879857682527177,0.840032792684607,-101.14658500000002,7.9590095145548725,0.5627869599270002,0.397946592,0.06681722777508159,0.004724691485984632,-62.732453408,15.939279094428253,1.127077233489519
R:A:PHE:547,91.87485999999998,3.246014744328805,0.22952790375464152,-12.539645,0.9314585599880437,0.06586406641618023,-67.94958999999999,1.6566810410878734,0.11714503984164246,-3.6522949999999996,1.5713832530528635,0.11111357540766564,0.141358536,0.06193362165648561,0.004379368385674299,7.874688536000001,4.076996436439636,0.28828718270798553
R:A:ALA:548,84.38647499999999,2.169966280700002,0.15343978720291226,-4.66123,0.5539410953341519,0.03916955048886826,-73.40843000000001,1.6335798649285567,0.11551154001007867,-1.045485,1.0756644317699642,0.0760609613985716,0.35078507999999997,0.06611358628294187,0.004674936518923011,5.6221150799999995,2.974157451723294,0.21030469024300427
R:A:ALA:549,94.35274,2.301866968875482,0.1627665743081177,-4.814965,0.6397042158490125,0.04523391889804596,-77.607205,1.8275305149230752,0.12922592199274494,-3.5425549999999997,1.0449786825457255,0.0738911512623467,0.239005224,0.04538781132615478,0.003209402917193963,8.627020224,3.1846069317173162,0.22518571568309986
R:A:PHE:550,107.52357,3.074608436061411,0.21740764746323893,-8.803289999999999,0.9356935694446126,0.06616352680669313,-79.32733,1.8129986130993039,0.12819836136043236,-5.398844999999999,1.2173159002391287,0.08607723279052946,0.65553102,0.12005804633251532,0.00848938586977303,14.649636019999997,3.887412429568565,0.2748815690216804
R:A:VAL:551,49.69433,2.9583693567740994,0.20918830334294503,-7.383115,0.8934105449204189,0.06317366546967969,-53.28084499999999,2.1655290094974484,0.15312602474718331,-2.978005,1.2535004886217636,0.08863586957250998,0.14028886799999998,0.058268545521756206,0.004120208366831085,-13.807346132,3.9767205386124655,0.2811966059736694
R:A:GLU:552,98.87854500000002,3.0699603854080917,0.21707898064961284,-5.82451,1.0026211098415991,0.0708960185729777,-69.831215,14.753349946665503,1.0432193792505366,-74.02712000000001,13.811067933566905,0.9765899791253236,0.651231216,0.1428392582324052,0.01010026081157901,-50.153068784000006,20.46600207724856,1.4471648852600425
R:A:LYS:553,120.07770000000001,3.400711071232015,0.2404665859324326,-6.506890000000001,0.8775705315813652,0.062053607385066656,-122.516985,21.465291253201645,1.5178253005283167,-2.47298,20.666881945992724,1.4613692369993285,1.0309756319999999,0.190482350314065,0.013469136160342685,-10.388179368,30.00416616585197,2.12161493597219
R:A:CYS:554,80.31809,2.2800050837443324,0.16122070558554197,-6.70001,0.6272202483179254,0.04435116908831153,-72.54959,1.6500242882757812,0.11667433633623116,-5.120915,1.1241095265920487,0.07948654690496372,0.142197444,0.057784311768379344,0.004085967869761865,-3.910227555999999,3.0953787858938275,0.21887633298465078
R:A:CYS:555,98.099045,2.59208641695739,0.18328818828521112,-5.750815,0.6149199872950951,0.04348140929035074,-78.411115,1.8820327924281761,0.13307981499414173,-5.413425,1.5371343644506164,0.10869181326979048,0.308800764,0.06232222423888531,0.004406846737794443,8.832490764000001,3.6063488640915042,0.25500737371235055
R:A:LYS:556,124.67919,4.06100679190518,0.28715654410007796,-5.1529050000000005,0.954620535068778,0.06750186538070632,-128.913665,10.72186970415025,0.7581506774803244,-1.083655,9.882645715392968,0.6988085801418547,1.119934008,0.12114355958232008,0.008566143247773508,-9.351100992,15.167166135460283,1.0724806025766926
R:A:ALA:557,83.15888999999999,2.3346110313925963,0.16508192917306247,-1.916925,0.5006768412609075,0.03540319896386483,-73.37315000000001,2.6856856121854618,0.1899066508511484,-5.1285050000000005,1.9351107720166822,0.1368329949240131,0.8346031199999999,0.08898766790038269,0.006292378341433706,3.5749131199999997,4.082470536303765,0.28867426002146734
R:A:ASP:558,104.33606500000002,5.751182897524213,0.4066700426683468,-4.2453899999999996,1.056422561241476,0.07470035568523084,-66.277355,15.68518477637337,1.1091100519537611,-96.96837500000001,14.03578663682143,0.9924799910183958,0.5559169679999999,0.1685625150157999,0.011919169742153136,-62.59913803199999,21.846026518648497,1.5447473493317496
R:A:ASP:559,95.69724000000002,10.072472255231085,0.7122313434987257,-2.733555,0.9136981323035525,0.06460821453093252,-37.19467,15.259456345856496,1.0790065059375222,-115.17255499999999,10.844722140607153,0.7668376565707209,1.0311489360000001,0.12106415800214655,0.008560528708195746,-58.372391064000006,21.278233113155867,1.5045982925980654
R:A:LYS:560,127.15847999999998,3.7194703936985434,0.26300627378068375,-5.3206999999999995,1.224851154222422,0.08661005570948443,-163.61066499999998,15.475640514459329,1.0942930350979463,26.80781,13.833401427121965,0.9781691955993606,0.927280152,0.22306699107558717,0.015773218204842676,-14.037794848,21.124462682368573,1.4937250811624982
R:A:GLU:561,98.66334,3.018224931048049,0.21342073158903752,-3.763285,0.9434332534816652,0.06671080511337724,-30.797534999999996,7.3830410779552755,0.5220598412001013,-123.88222,6.541714599522056,0.4625690753909085,1.142324892,0.1662435698844642,0.011755195559396435,-58.63737510799999,10.360053591708779,0.7325664148153325
R:A:THR:562,35.708465000000004,3.925406320213871,0.27756814279357606,-5.046625000000001,1.1291660880379821,0.07984409979375433,-49.018454999999996,5.363788678534511,0.37927713474433833,-3.90698,2.9530083998525978,0.20880922644366076,0.48052537199999995,0.12197683202770933,0.008625064507444572,-21.783069628,7.361331182488431,0.5205247197697556
R:A:CYS:563,76.18178,2.4555488127096967,0.1736335217001602,-6.76808,0.7303127299999638,0.05164090837698345,-64.075985,2.5582411056769065,0.18089496337343117,-1.04208,1.3876849763545038,0.09812414569309635,0.102766104,0.04923174945840117,0.0034812103891712605,4.3984011039999995,3.8775981700957276,0.2741875960791237
R:A:PHE:564,93.61107,2.927137324264101,0.2069798651451392,-11.54549,1.1437552753539544,0.0808757111220668,-70.29329,3.454447914775963,0.24426635457938123,-3.484715,2.3880115669265507,0.16885791725256769,0.33366779999999996,0.12161676118227124,0.008599603653792887,8.6212428,5.24660931662302,0.37099130260206553
R:A:ALA:565,90.02609000000001,2.256734258148265,0.15957520972726308,-3.52555,0.7794108528241058,0.05511266993623154,-78.429715,2.8857701352975083,0.20405476316144888,-2.23359,2.3640443422025736,0.16716317853971308,0.558827532,0.11815538169217758,0.008354847162822362,6.396062531999999,4.4306507884618735,0.31329432175909144
R:A:GLU:566,101.56477999999998,3.1286790905428448,0.22123102010794057,-5.845515000000001,1.232699541565178,0.08716502050062858,-62.711484999999996,14.14132991093041,0.9999430275015048,-89.92568999999999,13.068834359035238,0.9241061397477563,0.6838318440000001,0.1419260535614841,0.010035687490037056,-56.234078155999995,19.547377501080025,1.3822083185427034
R:A:GLU:567,97.70057000000001,3.032743832752776,0.21444737297411687,-7.3444,1.2541624416318646,0.0886826767187369,-68.441845,15.379935586372753,1.0875256747336473,-79.020485,14.383804400080495,1.0170885630557818,0.406448964,0.20441940738109263,0.014454634916530597,-56.699711036,21.313106144810614,1.507064188314426
R:A:GLY:568,88.194625,1.9774889568275722,0.1398295851094288,-4.785080000000001,0.7650218843928583,0.05409521622103011,-79.62393,2.226753463026385,0.1574552473736585,-2.190625,1.1084773179343816,0.07838118283028779,0.047659643999999994,0.038991286305138276,0.002757100295354944,1.6426496439999994,3.2686991797743836,0.23113193556773723
R:A:LYS:569,137.89368000000002,3.882166464437092,0.27451062326984715,-6.2618100000000005,1.5533030367252876,0.10983511105061076,-144.6068,17.039472708977822,1.204872670036133,9.018624999999998,16.07865274406954,1.1369324387675261,1.040974884,0.28744934110732095,0.020325737834459165,-2.9153301160000002,23.799859204826777,1.6829041835018086
R:A:LYS:570,125.55147500000001,3.499842153494211,0.24747621198182862,-5.564885,0.975232193774898,0.06895932974496635,-152.600515,18.554593660055588,1.3120078999186229,19.265845,16.86342983147186,1.1924245587897269,1.103961096,0.14960725518593937,0.0105788304656684,-12.244118904000002,25.3351646300691,1.791466671239943
R:A:LEU:571,74.86173,5.109115573864032,0.3612690268145056,-9.00264,1.2449407698360593,0.08803060605266784,-77.061015,4.354184307625826,0.3078873250458274,-4.34687,1.5144838140765982,0.1070901774930829,0.22599144,0.14160444864272873,0.010012946588145569,-15.32280356,6.994681800857736,0.49459869336286366
R:A:VAL:572,47.26343500000001,3.0226215121604296,0.2137316168208976,-7.943340000000001,1.1372805961591008,0.08041788216559796,-51.723065,3.5888921258203066,0.2537729959114543,-2.55805,1.5789391018972199,0.11164785460321212,0.09767465999999998,0.0694304146149193,0.004909471699480301,-14.86334534,5.08012440014254,0.3592190412612032
R:A:ALA:573,76.726375,2.3385316876995703,0.16535916143919877,-4.080105,0.8995947498596242,0.06361095479455563,-64.97423,2.893957423166416,0.20463369183861196,-2.81024,1.5871138183507822,0.11222589434707125,0.38164013999999996,0.10285249383624881,0.007272769585355911,5.243440140000001,4.1451778783712445,0.29310833870207725
R:A:ALA:574,98.541365,2.1009273599472684,0.1485579982999064,-4.313545,0.9478938010004074,0.06702621345320799,-84.567865,1.9713382426095725,0.13939466393616,-2.242855,1.2143437173942968,0.08586706772607877,0.37139947199999995,0.1278669224422439,0.0090415567948365,7.788499472000001,3.269488264293794,0.23118773226919767
R:A:SER:575,79.31678,4.4803293016920085,0.3168071231175208,-6.949075000000001,0.7749763798819936,0.05479910534739596,-70.1867,4.676342328144935,0.3306673371380971,-4.30837,2.1462393932411175,0.15176204290104953,0.055072475999999995,0.0496369119335422,0.003509859702536715,-2.072292524,6.86665303966214,0.4855456928400318
R:A:GLN:576,19.768645,3.3441813211868463,0.23646932897286066,-6.47715,1.3037863657440203,0.0921916180436161,-63.40148,3.8151942269824217,0.26977497094430386,-8.85307,3.774822970034489,0.26692029198901307,0.6220631879999999,0.23044268783264932,0.016294758724132104,-58.34099181199999,6.46076674037614,0.45684519737844753
R:A:ALA:577,93.91463499999998,2.422796267079632,0.17131756698854617,-3.192495,0.5908234846170216,0.04177752924569618,-74.34157,2.153563336681789,0.15227992390824208,-5.0955900000000005,1.3034170291583582,0.0921655020031899,0.606497904,0.09608447666298851,0.006794198501515975,11.891477904,3.5447111822270654,0.2506489314300542
R:A:ALA:578,130.003075,2.6001917370407512,0.18386132096467434,-3.3508750000000003,1.1041758009370608,0.07807701964646831,-101.77114999999999,13.937381307745728,0.9855216834689635,-80.731115,13.110167466198707,0.9270288317840363,0.5662422359999999,0.24431184953518792,0.017275456553055884,-55.283822764,19.343396244141008,1.3677846655410502

Ligand:
Total Energy Decomposition:
Residue,Internal,,,van der Waals,,,Electrostatic,,,Polar Solvation,,,Non-Polar Solv.,,,TOTAL,,
,Avg.,Std. Dev.,Std. Err. of Mean,Avg.,Std. Dev.,Std. Err. of Mean,Avg.,Std. Dev.,Std. Err. of Mean,Avg.,Std. Dev.,Std. Err. of Mean,Avg.,Std. Dev.,Std. Err. of Mean,Avg.,Std. Dev.,Std. Err. of Mean
L:B:UNL:579,354.666425,6.927105401563844,0.4898203203439756,-0.347805,2.1161913682309073,0.14963732667645127,-184.95114499999997,7.429750766612229,0.5253627149597457,-33.84093,2.3923606239653754,0.1691654420249597,3.604881564,0.04303132539558948,0.0030427741990666215,139.13142656399998,10.648450246650462,0.7529591378534106

DELTAS:
Total Energy Decomposition:
Residue,Internal,,,van der Waals,,,Electrostatic,,,Polar Solvation,,,Non-Polar Solv.,,,TOTAL,,
,Avg.,Std. Dev.,Std. Err. of Mean,Avg.,Std. Dev.,Std. Err. of Mean,Avg.,Std. Dev.,Std. Err. of Mean,Avg.,Std. Dev.,Std. Err. of Mean,Avg.,Std. Dev.,Std. Err. of Mean,Avg.,Std. Dev.,Std. Err. of Mean
R:A:SER:1,0.0,5.25528937726078,0.3716050755758726,-9.500000000000398e-05,1.4583823007617036,0.10312320144310397,-0.07369499999999896,24.03051094559529,1.6992137245007983,0.07483999999999963,23.614697355857643,1.6698112635994973,0.0,0.2748716919165569,0.01943636373104169,0.0010500000000009636,34.13121573187904,2.413441409415264
R:A:GLU:2,0.0,3.904442168601041,0.27608575341685054,-0.0004250000000000287,1.7481456292526087,0.12361256289461438,0.14614499999999997,13.131716958755812,0.9285526110158621,-0.1422250000000001,13.775319259555292,0.9740621661441198,0.0,0.20161745751381424,0.014256507141360869,0.0034949999999986403,19.507504770619672,1.3793888907334095
R:A:VAL:3,0.0,5.016061084636032,0.3546890807792087,-0.00020000000000000906,1.2682439771392569,0.08967839164341652,-0.008279999999999638,2.8342086803197817,0.20040881771518934,0.009040000000000006,1.158984092535355,0.08195255111190866,0.0,0.013427327672165895,0.0009494554450202283,0.0005600000000001626,6.012110682100624,0.42512042325574306
R:A:ALA:4,0.0,3.2818358920275092,0.2320608413994054,-0.00014500000000000846,0.9846850584704736,0.06962774821775439,-0.011359999999999601,2.280184676106301,0.16123340468324168,0.011574999999999995,1.7523043712138024,0.12390663035881089,0.0,0.06992991492400694,0.004944791705056365,7.00000000003692e-05,4.473785248098223,0.31634438865025943
R:A:HIS:5,0.0,4.005546125836027,0.28323488279341585,-0.0005950000000000166,1.2311869384764444,0.08705806331049985,-0.015725000000000194,7.55020182231409,0.5338798907885322,0.021975000000000026,6.688624472705505,0.47295717214603583,0.0,0.13425198873129993,0.009493049161968213,0.005654999999999415,10.923437624424983,0.7724036818099177
R:A:ARG:6,0.0,5.383611911793048,0.38067884901055377,-0.0016049999999999498,2.046207008192231,0.14468868512041638,-0.1832200000000001,12.163123867319202,0.8600627366993352,0.19840000000000002,10.196123856581481,0.7209748320806698,0.0,0.08029687952884426,0.005677846802296505,0.013574999999999306,16.884288905267436,1.1938995180427392
R:A:PHE:7,0.0,4.388610251771055,0.3103216069012114,-0.000475000000000092,1.1733567378146343,0.08296885060596539,-0.017510000000000615,2.1900310346545324,0.15485857956132107,0.01747499999999999,1.4626798987047713,0.10342708750793962,0.0,0.0773184876410057,0.00546724269220434,-0.0005100000000013039,5.251505740592987,0.3713375320613383
R:A:LYS:8,0.0,4.256956663339434,0.3010122923864572,-0.00037000000000002585,1.3336602563996576,0.09430402110991876,0.040415000000000985,19.670089558410126,1.3908853713298501,-0.03776499999999979,19.591147257074432,1.385303307670156,0.0,0.21716496012718003,0.01535588159420352,0.0022800000000008504,28.11890759644135,1.9883070241001601
R:A:ASP:9,0.0,4.260003361495152,0.3012277264790709,-0.0018199999999999772,0.8192868040863346,0.057932325490610156,-0.13055499999999984,13.231309237682225,0.935594848594131,0.1568849999999999,11.892865157806801,0.8409525600822408,0.0,0.0989117064887782,0.00699411383969485,0.02451000000000036,18.312193446933946,1.2948676164726851
R:A:LEU:10,0.0,4.323090023675195,0.30568862714206424,-0.0033349999999999413,1.3002928486594856,0.09194458908154954,-0.03559499999999964,3.031899806387902,0.2143876912975066,0.039880000000000006,1.7836795482933587,0.12612519040619918,0.0,0.07241633812200249,0.005120608375476585,0.0009500000000005304,5.723551531879222,0.404716210066245
R:A:GLY:11,0.0,2.743801211740748,0.1940160443049749,-0.0004800000000000226,0.7130106924864451,0.050417469571568146,-0.013690000000000068,2.3460077300597284,0.16588779746412935,0.01349000000000002,1.4082307303670092,0.09957694989177968,0.0,0.04264659342541713,0.0030155695405618085,-0.0006800000000002271,3.94024290222453,0.27861724756851275
R:A:GLU:12,0.0,4.395416447528038,0.310802877618596,-0.000380000000000007,1.4354563141210532,0.10150208938120436,-0.1788499999999999,22.746900544662118,1.6084487626106554,0.17894499999999958,21.580835146906963,1.5259954876046895,0.0,0.16435064099808838,0.01162134527421041,-0.00028500000000089895,31.694812852214024,2.2411617096239076
R:A:GLU:13,0.0,4.373535625989573,0.3092556698898179,-0.0006750000000000367,1.2531728818782348,0.08861270427751881,-0.333855,28.007792605513828,1.9804500077425269,0.33946000000000026,26.5139952568403,1.8748225842459731,0.0,0.2255979241497681,0.01595218219879094,0.004929999999999772,38.83526157605071,2.7460676809578826
R:A:ASN:14,0.0,4.334838960970753,0.3065194024654067,-0.002220000000000044,1.1025312623912304,0.07796073321070038,-0.03516500000000001,4.931406587148843,0.3487031038560956,0.051200000000000016,2.972385412215246,0.21017938812773718,0.0,0.15175108240323304,0.010730421941972464,0.013815000000000098,7.292686635228169,0.5156708172838345
R:A:PHE:15,0.0,4.293055562038534,0.30356486999280724,-0.0009050000000000135,1.1856499495529866,0.08383811194424048,-0.00213499999999982,2.023577085231744,0.14308850792210742,0.0024549999999999975,0.8992951959034363,0.06358977313118046,0.0,0.009446102758113105,0.0006679403316046727,-0.0005850000000004996,4.973909645312459,0.3517085239209615
R:A:LYS:16,0.0,5.099036854230414,0.36055635371464473,-0.0004900000000000481,1.475965989953698,0.10436655602969756,0.2046599999999998,23.20410151002943,1.6407777529082819,-0.20213499999999962,20.15529135095484,1.4251943191050738,0.0,0.13858932470729354,0.00979974513005916,0.0020350000000002844,31.190767155920483,2.2055202966362017
R:A:ALA:17,0.0,2.898529217344548,0.20495696650516662,-0.0007149999999999767,0.6730391677123999,0.0475910559493588,0.015180000000000006,1.746196495629859,0.12347473833440588,-0.008945000000000003,0.953095825179714,0.0673940521105164,0.0,0.05402447273395745,0.003820107102020905,0.0055199999999998705,3.579799693007163,0.2531300638214886
R:A:LEU:18,0.0,4.361144969609471,0.30837951817484566,-0.003910000000000133,1.2794423561653725,0.09047023661818288,0.01015999999999977,2.219485567423226,0.15694132954706352,-0.00549,0.8367561524721525,0.05916759496126237,0.0,0.02027167749901009,0.0014334240625576784,0.0007599999999990903,5.126718850523073,0.36251376644417665
R:A:VAL:19,0.0,4.420316856691385,0.31256360243596826,-0.0005799999999999628,1.2603569139533453,0.08912069205717604,0.007890000000000015,2.4547128559466986,0.17357441063057072,-0.007045000000000006,0.7023060515010532,0.049660537148474335,0.0,0.02685800500953055,0.0018991477471381316,0.0002650000000001196,5.258067231565045,0.37180149953744196
R:A:LEU:20,0.0,4.389222798719609,0.3103649205113232,-0.0005550000000000122,1.2543516380883792,0.0886960549284747,0.01859000000000087,1.794352224104844,0.12687986255016986,-0.015235000000000009,0.8835498385914627,0.06247640823843028,0.0,0.027562287170869403,0.0019489480163532736,0.0028000000000008417,4.983953722685844,0.3524187474431098
R:A:ILE:21,0.0,4.959772223353608,0.3507088572274016,-0.001889999999999832,1.5502357834052214,0.10961822348838719,0.015860000000000412,1.9339649763503994,0.13675197493546484,-0.010995000000000001,0.7666573471734293,0.0542108609032821,0.0,0.00371008338795343,0.0002623425122389431,0.0029750000000004556,5.597371639809505,0.3957939443330566
R:A:ALA:22,0.0,3.5715556708456893,0.2525471234240256,-0.0004649999999999954,1.0139527885335688,0.0716972892575096,0.005609999999999786,2.872521808402853,0.2031179649827902,-0.004999999999999995,1.4024868873540317,0.09917079885732494,0.0,0.024595918762588886,0.0017391940946540037,0.00014500000000044756,4.899292411715673,0.3464322887339947
R:A:PHE:23,0.0,4.281767722588417,0.30276669921079497,-0.00030000000000003803,1.4209404148485607,0.10047566030014432,0.01073999999999998,2.038372019075517,0.14413466772692127,-0.010845000000000014,0.7376611873855097,0.05216052278184144,0.0,0.007743127769868711,0.0005475218153668034,-0.00040500000000033066,5.0051744189691,0.3539192772674488
R:A:ALA:24,0.0,2.8298097362808687,0.2000977653991918,-0.000254999999999983,0.9662514954063461,0.06832429847334695,0.009169999999999448,1.6102668193501348,0.11386305874821737,-0.00641,0.8372498552702174,0.05920250502090262,0.0,0.0002513946323054651,1.777628492570931e-05,0.0025049999999998043,3.4979153375652565,0.24733996552088242
R:A:GLN:25,0.0,4.260599459459901,0.3012698769703835,-0.0013700000000000756,1.2985176531337568,0.09181906380213205,0.049245000000000164,2.831915080625653,0.20024663572548473,-0.035624999999999934,1.4478408424529956,0.1023778077777357,0.0,0.015801665735139695,0.001117346499536039,0.012250000000000228,5.473124488903938,0.38700834403821316
R:A:TYR:26,0.0,5.005338276075854,0.353930863714582,-0.0005449999999999643,1.2655090406136973,0.08948500242708272,-9.999999999976694e-05,3.1919288861987507,0.22570345604963604,-0.0004249999999999732,1.6695187191747807,0.11805280076463667,0.0,0.049147148916363716,0.0034752282274745864,-0.001069999999999719,6.295477948519605,0.44515751482085875
R:A:LEU:27,0.0,5.613348216844383,0.3969236589292077,-0.00011999999999996458,1.4844476225182215,0.10496629801988827,-0.004729999999999706,3.6506493879240165,0.2581398937935591,0.004959999999999988,0.87217239924226,0.061671901786794284,0.0,0.03363554598185485,0.0023783922652681495,0.00011000000000040533,6.913922182455737,0.4888881259810546
R:A:GLN:28,0.0,4.561246105419,0.3225288051802505,-0.0002299999999999658,1.5139637311045464,0.10705340207345115,0.009399999999999764,3.4629568059968645,0.24486802404764904,-0.007154999999999991,1.5784409006595717,0.11161262645585847,0.0,0.030994784216393054,0.00219166221008253,0.0020149999999999222,6.130379956171038,0.4334833238258631
R:A:GLN:29,0.0,4.142442852134474,0.29291494314220295,-4.499999999999283e-05,1.3920124837712482,0.09843014667709785,-0.008099999999999632,3.7829802430028634,0.2674970982922058,0.007950000000000058,3.2434938736338013,0.22934965127834836,0.0,0.16348478061875815,0.011560119699631895,-0.00019499999999951002,6.629890710933248,0.46880406802266
R:A:CYS:30,0.0,5.805963312452983,0.4105436029555814,-2.4999999999995027e-05,1.3261868718906096,0.09377557302344251,-0.004365000000000485,7.285273782128918,0.5151466494143925,0.004475000000000005,1.5639904614718723,0.11059082610178386,0.0,0.06978383153190969,0.004934462049339295,8.499999999957097e-05,9.539084423151852,0.6745151281921641
R:A:PRO:31,0.0,3.4492388109842436,0.24389801531787828,-3.999999999999559e-05,1.1808513756607986,0.0834988015303214,0.003435000000000059,2.372202645196021,0.1677400576766772,-0.003480000000000017,1.4516891346290364,0.10264992312710225,0.0,0.08907240994679129,0.00629837050900042,-8.499999999987295e-05,4.586320853831395,0.32430185764414554
R:A:PHE:32,0.0,4.606814364997792,0.32575096771575374,-0.00015500000000003843,1.3532631356742855,0.09569015399650581,0.0036200000000000897,2.2404491731793423,0.15842368032589066,-0.003989999999999987,1.489549461246588,0.10532705249602309,0.0,0.09556735759101012,0.006757632661268293,-0.0005249999999997756,5.504685542595683,0.38924004754689573
R:A:GLU:33,0.0,4.192489566349569,0.29645378024196284,-3.4999999999993925e-05,1.1203417955583912,0.07922012808860511,-0.1040600000000001,15.370007368261085,1.0868236436984613,0.1037399999999996,15.216165807947478,1.0759454026458544,0.0,0.10062905386668802,0.007115548637352147,-0.00035500000000084243,22.059263113364807,1.5598254535438527
R:A:ASP:34,0.0,10.191136405659083,0.7206221660438635,-4.4999999999997265e-05,1.2512032989786273,0.08847343373507666,-0.07475999999999994,18.23622666908371,1.2894959540964057,0.07480000000000012,14.593359285632284,1.0319063311162258,0.0,0.13122448079831142,0.00927897202301699,-4.999999999526495e-06,25.5140762945523,1.8041176363588871
R:A:HIS:35,0.0,4.232350371696559,0.2992723648184042,-0.0001249999999999929,1.521505028442233,0.10758665232209337,0.002624999999999531,2.7832406160041216,0.19680483132503382,-0.0028650000000000142,2.06385113534746,0.1459363133163744,0.0,0.014308119711396323,0.0010117368473957246,-0.00036500000000035284,5.677489038132497,0.4014590998975777
R:A:VAL:36,0.0,4.270081224894909,0.3019403390340549,-7.500000000000284e-05,1.0888118779545894,0.07699062623381497,0.0021699999999997034,2.5298591315624672,0.17888805473745306,-0.0022799999999999826,1.283435997625125,0.09075262971396476,0.0,0.1171309357507853,0.00828240789561061,-0.0001850000000002927,5.242157934899985,0.3706765423818647
R:A:LYS:37,0.0,5.1608559622605235,0.3649276247641441,-6.49999999999995e-05,1.521813892785514,0.10760849232925346,0.07546500000000066,16.69200568817525,1.1803030413713143,-0.07514499999999984,14.924399969977856,1.0553144423911647,0.0,0.15692012561796653,0.011095928492910901,0.00025500000000079127,23.029019607253126,1.6283975928366647
R:A:LEU:38,0.0,5.4569095590773715,0.38586177535453026,-0.000129999999999999,1.40316071579488,0.09921844572331295,0.0037699999999999535,3.0495298676271396,0.2156343248830065,-0.003135000000000001,1.1108486128068935,0.07854885869874238,0.0,0.08068066304787316,0.005704984395177802,0.0005050000000000487,6.502833870999231,0.4598197927113123
R:A:VAL:39,0.0,4.061332258040458,0.2871795580312081,-0.00015999999999998237,1.4199667786254717,0.10040681382256882,0.006209999999999915,2.5079659622789943,0.1773399738912522,-0.005749999999999992,0.9462337366105692,0.0669088291744819,0.0,0.04527447818949798,0.0032013890542476465,0.0003000000000002068,5.069322113776686,0.3584552042670418
R:A:ASN:40,0.0,10.8275891766704,0.7656261730725707,-7.999999999998231e-05,1.0386378124976963,0.07344278404138829,-0.0029100000000004656,10.874694239322318,0.7689570039955095,0.0028899999999999417,5.131641031083527,0.36286181716942884,0.0,0.10983278128700935,0.007766350444462325,-0.00010000000000083275,16.214815250097526,1.1465605819031006
R:A:GLU:41,0.0,3.960746552128778,0.28006707455714963,-6.999999999999673e-05,1.7743825800401674,0.12546779547656842,-0.040890000000000114,16.56342370915959,1.1712109224412783,0.040855000000000245,15.523463958146552,1.097674663231039,0.0,0.15121325092485513,0.010692391513422803,-0.00010499999999986188,23.112415504806723,1.6342945733049936
R:A:VAL:42,0.0,5.153235454891422,0.3643887735204667,-0.00013999999999996237,1.3730054082195016,0.09708614347578134,0.004105000000000096,3.6948680370853566,0.2612666244612484,-0.003330000000000004,0.8049460796227285,0.05691828313907579,0.0,0.06243910547842914,0.004415111489501935,0.0006350000000001143,6.537955808126722,0.4623032887024379
R:A:THR:43,0.0,4.392344674521798,0.3105856704662982,-0.00012000000000000899,1.4176327563935591,0.10024177352780626,-0.0004949999999995924,3.371193452914709,0.23837937512476828,0.0005549999999999942,1.400872606975738,0.09905665199710215,0.0,0.07633330297778783,0.005397579616596105,-5.999999999965588e-05,5.885200973874511,0.416146551727234
R:A:GLU:44,0.0,3.9045267308023397,0.2760917328674476,-4.499999999999283e-05,1.3920012289775465,0.09842935084300312,-0.06564499999999995,16.231907321472576,1.1477691738604827,0.0654500000000003,16.67545759303024,1.1791329143420386,0.0,0.13531795372891048,0.009568424269800006,-0.00023999999999929855,23.63783003135972,1.671446990770948
R:A:PHE:45,0.0,4.639423230855319,0.3280567627332197,-0.0001150000000000162,1.1753131651925797,0.0831071909125498,0.0014450000000000428,3.9238571473965504,0.2774585997331403,-0.0013550000000000018,1.510241148451134,0.10679017572967563,0.0,0.12031527317246653,0.008507574554056298,-2.4999999999992805e-05,6.371622082004203,0.450541718134312
R:A:ALA:46,0.0,3.102583786942747,0.2193858034946655,-6.000000000002004e-05,1.152435772505349,0.08148951496204895,0.004490000000000122,2.2334399440101356,0.157928052978247,-0.004435,1.0219090712362817,0.07225988340272214,0.0,0.0056378889983397145,0.0003986589542303044,-4.999999999939498e-06,4.121494666248806,0.2914336827128717
R:A:LYS:47,0.0,4.650421763533928,0.32883447643723435,-8.500000000000619e-05,1.8200836947995,0.1286993522919793,0.10814499999999853,18.165806493997863,1.284516495762851,-0.10796499999999971,16.391932766848303,1.1590846816192402,0.0,0.18301276941237857,0.012940957029522285,9.499999999926345e-05,24.9732778449054,1.7658774112588378
R:A:THR:48,0.0,5.0939816815483345,0.36019889902628793,-3.4999999999998364e-05,1.344872590907778,0.09509685288628114,-0.0007649999999997093,5.569022875009134,0.39378938395019614,0.0008400000000000119,2.100744428232525,0.1485450630743075,0.0,0.17895013061031892,0.012653685084877488,4.000000000026205e-05,7.950880312399089,0.5622121385300012
R:A:CYS:49,0.0,4.07754420159365,0.28832591555347564,-6.99999999999834e-05,1.1915761736246657,0.084257159267032,0.004349999999999454,4.483922424429307,0.31706119526283877,-0.004224999999999968,2.198722517070992,0.1554731601768453,0.0,0.07899989288843857,0.005586135997442582,5.499999999963423e-05,6.556859194153202,0.46363995994710905
R:A:VAL:50,0.0,5.063078018513047,0.35801368005671236,-7.499999999998286e-05,1.1788574568517605,0.08335781017922077,0.0019999999999998864,4.397679761959708,0.31096291811685517,-0.002029999999999972,2.1565799153636758,0.15249322823243658,0.0,0.16917063601713192,0.011962170390535517,-0.00010500000000021492,7.144473867914658,0.5051905920012537
R:A:ALA:51,0.0,3.483789146252969,0.24634109295395673,-3.000000000000336e-05,0.7090828271436279,0.050139727549618776,0.0005500000000002814,1.970092554247135,0.13930658046732752,-0.0005849999999999988,1.493550979570165,0.10561000257018743,0.0,0.06723010019846026,0.0047538859750182304,-6.499999999975747e-05,4.330827214118301,0.30623572912502944
R:A:ASP:52,0.0,10.061242135419961,0.7114372541115275,-4.499999999999949e-05,1.5956064879772205,0.1128264167753944,-0.013950000000000039,16.339381042026957,1.1553687135208177,0.013970000000000055,8.163337473062105,0.5772351284316469,0.0,0.14737017699816593,0.010420645150006489,-2.4999999999195665e-05,20.9143903300274,1.4788707226744728
R:A:GLU:53,0.0,4.065684657324028,0.2874873191359925,-4.5000000000003926e-05,1.8738087832473729,0.1324982897281131,0.013619999999999948,12.769507021014947,0.9029405006968898,-0.01359499999999926,12.86436287325863,0.9096478223325636,0.0,0.43228990498518266,0.030567512325351095,-1.9999999999384954e-05,18.675651724787333,1.3205679977675364
R:A:SER:54,0.0,7.179699769266123,0.5076814393731566,-1.4999999999998349e-05,1.3567192873159135,0.09593454082276623,0.002145000000000188,7.531429514539387,0.5325524881759308,-0.002180000000000072,3.5859218555066144,0.2535629660833774,0.0,0.09357687323987114,0.006616884163014686,-4.999999999988125e-05,11.089580637646105,0.7841517669394598
R:A:ALA:55,0.0,3.3706232448539843,0.2383390553261257,-1.000000000000334e-05,1.0970748695964192,0.07757490797609753,0.0028750000000000854,4.805330166010968,0.3397881546226634,-0.002910000000000024,3.645680185610087,0.25778851812823234,0.0,0.13166894508701132,0.009310400394270486,-4.499999999981075e-05,6.997441893969205,0.4947938614184463
R:A:GLU:56,0.0,4.2768902135488585,0.3024218072390779,-4.500000000000004e-05,1.237779384775413,0.08752421965876074,0.030839999999999926,14.21913962835832,1.0054450053850532,-0.03087999999999866,12.618698866246076,0.8922767538073599,0.0,0.12983221547248752,0.009180523997706892,-8.499999999941111e-05,19.52578390119202,1.3806814204515998
R:A:ASN:57,0.0,10.665847814402754,0.7541893316667905,-3.499999999998949e-05,1.7241244704994474,0.12191401046998249,0.004244999999999983,9.84280730583887,0.6959915791871156,-0.004209999999999966,5.273708660658076,0.37290751559535507,0.0,0.3078027091493364,0.021764938290708632,-7.105427357601002e-17,15.540930345217742,1.0989097233051257
R:A:CYS:58,0.0,4.19461366825957,0.2966039769284121,-5.0000000000007815e-05,1.1266610425056864,0.07966696632544759,0.002264999999999375,3.950151224481792,0.2793178717543419,-0.002215000000000005,1.9409310363263812,0.13724454976018172,0.0,0.06435136528224401,0.00455032867696873,-7.79445952225899e-16,6.183785087865982,0.43725963690302866
R:A:ASP:59,0.0,11.970163256956857,0.8464183610904243,-5.50000000000056e-05,1.523430951791055,0.10772283566809313,0.06911500000000005,17.00460334151829,1.2024070334175008,-0.06901499999999829,13.123550412951328,0.92797514902414,0.0,0.15066009530490748,0.010653277504431161,4.500000000199123e-05,24.637622835229905,1.7421430179107598
R:A:LYS:60,0.0,4.20177626962098,0.29711044932777103,-8.00000000000134e-05,1.5992979018150433,0.11308743915108344,-0.05763000000000105,16.160025853424553,1.1426863865106427,0.057764999999999456,15.249303114941842,1.0782885640944517,0.0,0.18330937478300888,0.012961930196413188,5.499999999866389e-05,22.670111623022684,1.6030189658895309
R:A:SER:61,0.0,6.5014775145962,0.4597238838302834,-0.00014500000000000846,1.1675066403986745,0.08255518625062266,-0.01237999999999989,6.461842968426268,0.4569212981936824,0.013705000000000007,2.95761921837058,0.20913526054774934,0.0,0.09973476492153713,0.007052312859606511,0.0011799999999998379,9.702842606215148,0.6860945803640485
R:A:LEU:62,0.0,5.484555999527219,0.3878166739063059,-0.00043500000000002537,1.6062364903322923,0.11357807145032442,-0.010754999999999484,5.164150675539492,0.3651605961743065,0.01278,1.312057318031495,0.09277646268855047,0.0,0.06735625977141997,0.004762806803973371,0.0015900000000003433,7.81375925186017,0.552516215354945
R:A:HIS:63,0.0,4.1771308614346765,0.29536775580240643,-0.00024499999999997077,1.0144095947766858,0.07172959033672922,-0.015670000000000073,3.7902109211889514,0.26800838445000186,0.01586,2.6212284966023085,0.18534884449869113,0.0,0.1280606331802362,0.0090552542124788,-5.5000000000202666e-05,6.303204442487608,0.44570386044881594
R:A:THR:64,0.0,6.577263196706514,0.4650827408039885,-8.500000000002839e-05,1.2837817088878467,0.09077707519178506,-0.005164999999999935,4.909771152617503,0.34717324760899276,0.005084999999999999,2.424669069909335,0.17144999414661696,0.0,0.052741388917615734,0.003729379375284311,-0.00016500000000002401,8.65425566750717,0.6119482868616432
R:A:LEU:65,0.0,6.074201136133047,0.4295108813650708,-0.000129999999999999,1.5224786276825037,0.10765549618458872,-0.004305000000001051,5.629140420967929,0.39804033639177194,0.004745000000000002,1.1725670724845552,0.0829130128349887,0.0,0.09203501707765958,0.00650785846822328,0.0003099999999989533,8.502027198072732,0.6011841085589691
R:A:PHE:66,0.0,4.938754410532073,0.34922267343021984,-0.00038500000000005305,1.363843908068295,0.09643832758750537,-0.0058750000000001275,1.8908601434730705,0.13370400297251764,0.0055249999999999995,0.8620862250233442,0.06095870156815186,0.0,0.07098405247844763,0.005019330486361207,-0.0007350000000001938,5.529461891575098,0.39099199998453454
R:A:GLY:67,0.0,2.890775012898791,0.20440866145053643,-6.000000000000227e-05,1.0773308193865057,0.07617879279694578,-0.005204999999999984,2.0615709086458804,0.14577507694004144,0.005120000000000011,0.7782769311434073,0.0550324895652559,0.0,0.012578406815063982,0.0008894276755454824,-0.00014500000000014946,3.7911963387357046,0.2680780639929628
R:A:ASP:68,0.0,4.26267390071068,0.3014165621179434,-5.000000000000338e-05,1.0759387337344073,0.07608035747648666,0.019735000000000016,12.695173741318984,0.8976843440828046,-0.01971500000000155,12.229483748931308,0.8647550889280009,0.0,0.11856468151257915,0.0083837890306768,-3.000000000206171e-05,18.167823194150206,1.2846590979981851
R:A:LYS:69,0.0,4.374390817696791,0.30931614107535677,-6.500000000001283e-05,2.0674827236460764,0.14619310538761734,0.013379999999999797,11.35430730664579,0.8028707692205203,-0.013200000000000357,10.317871737134068,0.7295837072740522,0.0,0.10650867308976922,0.007531300499695697,0.00011499999999955434,16.087258794886974,1.1375409784567505
R:A:LEU:70,0.0,5.582596063051669,0.3947491532809158,-0.00013999999999999346,1.3831095740215233,0.09780061589146562,-0.0056500000000006875,4.247209520608797,0.30032306531425457,0.005835,1.0082890569548992,0.07129680295689983,0.0,0.021470697881877242,0.001518207606908304,4.499999999897142e-05,7.220406319740083,0.5105598271610415
R:A:CYS:71,0.0,3.5398030244563055,0.2503018722657704,-4.0000000000004476e-05,1.0280883804177539,0.07269682654524887,0.00010500000000014609,2.9192206211547282,0.20642006969981136,-0.00025499999999999747,1.9539784465226324,0.1381671409828509,0.0,0.04839748451584021,0.0034222189493521545,-0.00018999999999983256,5.092091347458083,0.3600652322208954
R:A:THR:72,0.0,5.868161284725395,0.4149416637525689,-3.5000000000005025e-05,1.1420089887452725,0.08075223001177738,-0.0015200000000001879,5.256719164174552,0.3717061767781106,0.001510000000000018,2.1393819410053925,0.15127714780329513,0.0,0.11819878744450456,0.008357916413003652,-4.5000000000063876e-05,8.243999260539654,0.5829387781224473
R:A:VAL:73,0.0,4.071486143602849,0.28789754616486396,-2.5000000000003908e-05,1.518358363883507,0.10736414953733392,-0.00013499999999964983,3.1892502231049544,0.22551404596582228,0.0002250000000000041,1.6546208247133238,0.1169993605447269,0.0,0.18325700310014673,0.01295822695920379,6.50000000003792e-05,5.641372326576242,0.3989052627320191
R:A:ALA:74,0.0,3.1144693965345045,0.22022624300875224,-3.500000000000725e-05,1.549876419775138,0.10959281264241282,0.0014249999999999118,3.6657975055470535,0.2592110274629052,-0.0014549999999999969,2.3648090173362837,0.1672172492369582,0.0,0.14979555929718877,0.010592145577067376,-6.500000000001283e-05,5.581654619220018,0.3946825831491691
R:A:THR:75,0.0,5.687218766233633,0.40214709556951916,-2.4999999999999466e-05,1.6433824707215907,0.11620468891303397,0.000639999999999894,6.442368942943271,0.4555442766460797,-0.0006849999999999978,3.003280606249606,0.21236400824851417,0.0,0.23105520918918743,0.01633807052461507,-6.999999999995232e-05,9.253235204329537,0.6543025360895504
R:A:LEU:76,0.0,5.911139330615547,0.41798067052167626,-1.500000000000501e-05,1.4021835690718245,0.09914935101590429,-0.0001799999999997226,4.2060235433661095,0.2974107769344447,0.0002549999999999886,1.4555630206813446,0.10292384823681536,0.0,0.11039906095011409,0.0078063924634452645,6.0000000000314244e-05,7.5318771003322045,0.5325841372708572
R:A:ARG:77,0.0,5.760733100808439,0.4073453440187454,-3.4999999999998364e-05,1.7278039384649522,0.12217418814493919,-0.02017500000000005,25.727725818328267,1.8192249390648134,0.02016499999999988,21.967306544325705,1.553323142189633,0.0,0.2589759036514695,0.018312361763586804,-4.500000000135174e-05,34.361560695385286,2.4297292579860073
R:A:GLU:78,0.0,4.214521399898214,0.2980116661323848,0.0,1.0612935591767247,0.07504478725234685,-0.014545000000000075,11.757840551571322,0.8314048786126258,0.014490000000001401,11.976953117446023,0.8468984767299442,0.0,0.11281623735717253,0.00797731264632078,-5.499999999884153e-05,17.337689654796467,1.2259597925014434
R:A:THR:79,0.0,5.102160945619023,0.3607772603352378,-1.5000000000000568e-05,1.0375094945469174,0.07336299991395527,-0.0007399999999999096,5.47523398376727,0.38715750785048714,0.0007300000000000195,1.9479217704389467,0.13773886930982845,0.0,0.13060087149206268,0.009234876186091038,-2.499999999985292e-05,7.803724447637775,0.5518066475435915
R:A:TYR:80,0.0,4.97683110774316,0.35191510251053454,-4.9999999999990055e-05,1.5796256257575718,0.11169639917092225,0.0031149999999998813,3.4085086143025953,0.24101795549061275,-0.0031550000000000232,2.043800395335856,0.14451851189337306,0.0,0.16309101061036133,0.011532275955315367,-9.000000000026099e-05,6.56397095514917,0.4641428373897517
R:A:GLY:81,0.0,3.2420467738066336,0.22924732586826396,-4.999999999999449e-06,0.8880109072950625,0.06279185343159573,0.0019150000000005463,3.82589131001849,0.2705313689396758,-0.0019249999999999766,2.234001647688515,0.15796777142624693,0.0,0.07651863672524356,0.005410684691556971,-1.4999999999384395e-05,5.561788690227389,0.3932778498386433
R:A:GLU:82,0.0,4.462966524179852,0.3155793893456129,-4.5000000000001704e-05,1.5685428137845012,0.11091272602084488,0.032925000000000024,16.914949418892004,1.1960675437525987,-0.032794999999999914,15.584485387906621,1.1019895299091433,0.0,0.15495057630802037,0.010956660325616478,8.500000000044138e-05,23.4817824086093,1.6604127575474616
R:A:MET:83,0.0,4.020798906380422,0.2843134172489051,-0.00010999999999999232,1.3511321820976658,0.09553947282406366,0.006225000000000449,2.9912816556912523,0.2115155543178208,-0.006189999999999994,1.5737476932151482,0.11128076657491176,0.0,0.05097599336125381,0.0036045470583462996,-7.49999999994616e-05,5.423967949437402,0.383532451798568
R:A:ALA:84,0.0,3.3091409412036223,0.23399159994271157,-1.9999999999997796e-05,1.0701607185838957,0.07567179010701412,0.0026049999999994355,2.35690226099323,0.16665815713422188,-0.0026249999999999963,1.5003341881644237,0.10608964784970774,0.0,0.08162872960725413,0.00577202282449325,-4.0000000000512404e-05,4.461873140946221,0.3155020754757193
R:A:ASP:85,0.0,14.471214734748427,1.02326940709473,-1.4999999999996128e-05,1.5803400070158953,0.11174691355413356,0.05081500000000018,20.9989973661262,1.4848533435706286,-0.05068499999999929,16.359045044371477,1.1567591684611256,0.0,0.1577746108822487,0.011156349725390691,0.00011500000000086886,30.339984647510356,2.1453608885350315
R:A:CYS:86,0.0,2.8827236120030646,0.2038393414333945,-5.999999999998007e-05,1.154347050998962,0.08162466276040593,0.0047100000000001785,1.7868928063820733,0.12635240206462245,-0.004679999999999997,0.810028690232636,0.05727767798191542,0.0,0.01669170712216962,0.001180281929566593,-2.9999999999898025e-05,3.6731489938384816,0.25973085618517344
R:A:CYS:87,0.0,3.216603743383695,0.22744823193366442,-3.0000000000001136e-05,1.018439897269348,0.07201457575900867,0.0010499999999998267,1.8597702627744102,0.13150561642568728,-0.001154999999999996,1.346139844509106,0.09518646124777935,0.0,0.07904197047118681,0.005589111331852304,-0.00013500000000017776,4.081769838032391,0.2886247131715419
R:A:ALA:88,0.0,3.4106589214915646,0.24117000517010817,0.0,0.6118362999610272,0.043263359667852885,0.0007750000000000767,2.079835601357713,0.14706658574732398,-0.000804999999999996,1.3249120749978092,0.09368543127068904,0.0,0.07729879407933471,0.0054658501471040125,-2.999999999987679e-05,4.2537067571021066,0.30078248931259377
R:A:LYS:89,0.0,4.913851184025622,0.34746174939660623,-3.4999999999998364e-05,1.695689813637801,0.1199033766012242,-0.10300000000000012,18.37812700221516,1.2995298228773935,0.10280500000000017,17.14061979144497,1.2120248488271084,0.0,0.14297324717573523,0.010109735260622279,-0.0002300000000000324,25.66316694596865,1.8146599374216894
R:A:GLN:90,0.0,3.8839767954765123,0.2746386330052638,-3.49999999999917e-05,1.3225123645452241,0.09351574611729833,0.0037300000000001178,8.987876541069086,0.6355388450657442,-0.0037200000000000523,6.495893873486543,0.45932906078104835,0.0,0.09461664053123917,0.0066904068132729155,-2.5000000000225952e-05,11.824628067890357,0.8361274691814055
R:A:GLU:91,0.0,3.8520757387154267,0.27238288764898577,-7.999999999999563e-05,1.6028812980224083,0.11334082352687402,0.06369499999999996,15.032124637684289,1.0629317266947935,-0.06337999999999909,13.986763096535238,0.989013503240982,0.0,0.08170426855104089,0.005777364234432779,0.0002350000000012642,20.95253456222718,1.4815679271996347
R:A:PRO:92,0.0,3.3367161827086824,0.23594146396882004,-5.999999999999117e-05,1.0978469845110475,0.07762950474529642,0.0082899999999999,1.8816471761464741,0.133052547805369,-0.008255000000000054,1.6083715806289913,0.11372904513304857,0.0,0.10910493113668523,0.007714883666764142,-2.5000000000110488e-05,4.298639553186955,0.3039597177935206
R:A:GLU:93,0.0,3.6022268723388318,0.2547159048803196,-5.0000000000007815e-05,1.0745043333090842,0.07597893004971837,0.14374999999999993,16.543989420399786,1.1698367107043188,-0.1433550000000009,16.334172277237528,1.1550003982303967,0.0,0.13815560486874548,0.009769076506161913,0.0003449999999989828,23.551187972117916,1.6653204720083632
R:A:ARG:94,0.0,5.6282070174967815,0.3979743347993688,-9.00000000000123e-05,1.7383725275958546,0.12292150024914275,-0.06536000000000002,11.425743883450217,0.8079220980088366,0.06573000000000072,10.008393101267554,0.7077002630686948,0.0,0.05504372525388331,0.0038921791388790107,0.00028000000000020006,16.291630944994115,1.151992271779394
R:A:ASN:95,0.0,7.165691719432954,0.5066909206703333,-0.00027999999999998247,1.3123178848129746,0.09279488754236409,0.0027049999999997,11.452944683515897,0.8098454850268507,2.0000000000023332e-05,4.286678984452883,0.30311397786764965,0.0,0.10216899554903118,0.007224438957973814,0.002444999999999666,14.234651846526722,1.0065418848508656
R:A:GLU:96,0.0,4.108676317039345,0.290527288547909,-0.00022500000000002629,1.1224236110199213,0.0793673346716078,0.21468999999999996,13.020330842597664,0.9206764232093162,-0.21334500000000126,12.32972102652266,0.8718429347992532,0.0,0.15136661834994355,0.010703236228052119,0.0011199999999988107,18.431359242782413,1.3032939107056793
R:A:CYS:97,0.0,3.2542064147730394,0.2301071423266779,-7.500000000000728e-05,1.0090554627348292,0.07135099602931273,-0.004615000000000151,2.97041348910804,0.2100399521076288,0.005570000000000009,1.8613237242081238,0.13161546273709634,0.0,0.07420467708381212,0.005247063036172155,0.0008799999999997848,4.888909996461493,0.34569814111086217
R:A:PHE:98,0.0,4.523463137265518,0.3198571458807822,-0.00018999999999993021,1.410772678180294,0.09975669274539928,-0.008384999999999962,1.9142792026177895,0.1353599805255416,0.00958,1.0909123958182894,0.07713915527635755,0.0,0.02499752732880018,0.001767592108709065,0.0010050000000000091,5.225627034241685,0.36950763118640423
R:A:LEU:99,0.0,6.144906721163471,0.43451052122934836,-0.0005449999999999821,1.5412470271423073,0.10898262243759324,-0.013315000000000268,4.891928390407508,0.34591157379361415,0.014849999999999999,1.64143407078993,0.11606691623261989,0.0,0.11054209412522795,0.00781650643625103,0.0009899999999998866,8.171463134021568,0.5778096994282529
R:A:GLN:100,0.0,4.055067457367386,0.28673656972733697,-0.0001899999999999813,1.1606185117212289,0.08206812200087193,-0.010439999999999863,5.905510194619091,0.4175826304981447,0.010210000000000058,4.848845679514867,0.34286516609120554,0.0,0.1665325221893358,0.011775627572817854,-0.00041999999999980275,8.729530089128323,0.6172709922594644
R:A:HIS:101,0.0,3.8352974486993827,0.2711964833842798,-0.00014999999999997903,1.4184035435305429,0.10029627640894752,-0.011175000000000636,5.35690361716309,0.3787902873858766,0.01170999999999998,3.552992610166815,0.2512345168154646,0.0,0.14184792887588887,0.010030163240540811,0.000384999999999458,7.619820786521254,0.5388026949575391
R:A:LYS:102,0.0,4.489906900320984,0.317484361611324,-0.0005649999999999888,1.3604031664822749,0.09619503041672683,-0.053600000000000564,10.278082694644464,0.7267701970979203,0.07611000000000075,9.087299556078252,0.6425691138776435,0.0,0.07571656101583146,0.005353969374241941,0.021944999999999625,14.499437604486149,1.0252650653523385
R:A:ASP:103,0.0,4.325053394577921,0.3058274584299944,-0.00014000000000003788,1.5850209679843352,0.1120779074784589,-0.03643499999999953,23.3917459793273,1.6540462205775492,0.036630000000000426,20.852210639889,1.474473954619579,0.0,0.11688924523502217,0.008265317795346151,5.500000000104421e-05,31.673656403425017,2.2396657227834544
R:A:ASP:104,0.0,3.8584152067655966,0.2728311557337248,-0.00042499999999999315,1.6880828045670626,0.11936547983137753,-0.021569999999999645,10.849437726783357,0.7671710988669672,0.023254999999999873,10.432381960375828,0.7376808028109956,0.0,0.06897623343863629,0.004877356240516602,0.0012600000000006517,15.629671830789649,1.1051846939271721
R:A:ASN:105,0.0,4.097193298735123,0.2897153165367685,-0.00015500000000001624,1.1803180399684654,0.08346108900185163,-0.010239999999999298,4.731512087351146,0.33456842822321115,0.01092500000000006,3.3630227807100863,0.23780162135249416,0.0,0.15650490521333918,0.011066567976530998,0.0005300000000007188,7.204288045626427,0.5094200930683626
R:A:PRO:106,0.0,3.8475618903144375,0.272063710367627,-0.00015499999999999848,1.1201615263768883,0.07920738113253714,-0.0037000000000001875,2.4718679604198117,0.17478745970106094,0.0032849999999999945,1.7541375492175635,0.12403625561856904,0.0,0.048727846306209764,0.0034455790555736783,-0.000570000000000519,5.024738650248951,0.35530267732811727
R:A:ASN:107,0.0,9.766709643270348,0.6906106618636509,-3.0000000000001136e-05,0.9705384985151285,0.06862743537026574,-0.001660000000000288,11.841872990460589,0.8373468693504502,0.0017100000000000292,4.3257189134235245,0.3058745177188678,0.0,0.06675712056620177,0.004720441264484921,1.9999999999740227e-05,15.977384604069163,1.1297716999162846
R:A:LEU:108,0.0,4.565823539685913,0.32285247866130745,-5.9999999999993395e-05,1.2499280539895088,0.08838326029712867,0.0027749999999993947,2.951588636340606,0.2087088340029597,-0.002689999999999998,1.535032931812865,0.1085432195429544,0.0,0.06050626169453709,0.004278438794845502,2.499999999961533e-05,5.786270588499058,0.40915111709079593
R:A:PRO:109,0.0,3.748228769539021,0.2650397980379551,-6.000000000000227e-05,1.0030055069639447,0.07092319955416562,-0.005710000000000051,2.6814015547657157,0.18960372224589891,0.005475000000000004,1.4435576095795417,0.10207493747671366,0.0,0.06808292007741948,0.004814189446972506,-0.00029499999999990753,4.932914666795004,0.3488097411905326
R:A:ARG:110,0.0,5.945678601724112,0.420422965803487,-0.00011500000000001398,1.4519385611226807,0.1026675602436086,0.14812000000000006,16.181951952862484,1.1442367958703958,-0.14746499999999998,13.080172527660903,0.9249078693399008,0.0,0.34994952161607107,0.024745167980771213,0.0005400000000011573,21.691661223753226,1.533832074651719
R:A:LEU:111,0.0,6.343119261495088,0.44852626436781823,-0.00019000000000000128,1.3925595863373317,0.09846883267054607,0.0036150000000007053,5.370204003161798,0.3797307666990851,-0.0034000000000000007,2.14455325267292,0.15164281475806893,0.0,0.20120807931436352,0.014227559731270713,2.500000000110525e-05,8.697877243750705,0.615032798098428
R:A:VAL:112,0.0,4.641926281184354,0.3282337551193509,-8.500000000000063e-05,0.9950076602092066,0.070357666386649,-0.0061699999999997954,2.7552160934035648,0.19482319832799688,0.0061599999999999745,1.5587960973616786,0.11022352909315686,0.0,0.12206927126397649,0.008631600948525792,-9.499999999998621e-05,5.707318262136072,0.4035683445546238
R:A:ARG:113,0.0,6.528068446577439,0.46160414666248384,-6.999999999999007e-05,2.008367011616652,0.14201299330254963,0.2926750000000001,11.35619842852682,0.8030044917311329,-0.29115499999999994,9.540320511543362,0.6746025328405423,0.0,0.17214637100157298,0.012172586629186749,0.0014500000000001022,16.329721622876768,1.1546856894424755
R:A:PRO:114,0.0,3.579394915338345,0.25310144171803917,-3.4999999999998364e-05,0.8539675270611874,0.06038462292980721,-0.005544999999999511,2.2788482893722875,0.1611389078710508,0.005489999999999998,1.9408873646221718,0.1372414617043625,0.0,0.13467989980654238,0.00952330704427309,-8.999999999945274e-05,4.745488432265102,0.33555670504969715
R:A:GLU:115,0.0,3.934381315270548,0.2782027707801452,-4.999999999999227e-05,1.0985324657469164,0.07767797558832233,-0.16833499999999957,12.119644969712397,0.8569883143657064,0.16800999999999966,11.537287955212872,0.8158094549632898,0.0,0.09504642917194288,0.00672079745950477,-0.0003750000000000497,17.224690745825406,1.2179695630214316
R:A:VAL:116,0.0,4.6544890932518035,0.3291220800797175,-6.99999999999923e-05,1.7085241810112024,0.12081090342142135,-0.005115000000000442,4.067989989610963,0.28765033074529045,0.005084999999999978,2.221098121059716,0.15705535430820244,0.0,0.2551621919616193,0.01804269162384846,-0.00010000000000041088,6.7919254088554775,0.48026165139149224
R:A:ASP:117,0.0,14.049606285408855,0.9934571877413741,-9.999999999998898e-06,1.6011612904857524,0.11321920062758789,-0.17423499999999997,15.915397428568191,1.125388544701951,0.17394500000000002,14.605422383935872,1.0327593209774846,0.0,0.18498578001422047,0.01308046994711382,-0.00029999999999947847,25.818745366775808,1.8256609930575929
R:A:VAL:118,0.0,4.560925461082433,0.32250613220177693,-2.4999999999995027e-05,1.4550924756093682,0.10289057567569052,-0.00236999999999977,3.5961162580623003,0.2542838192011045,0.002410000000000004,1.697650653388382,0.12004202890966979,0.0,0.08874561602622795,0.006275262689272333,1.5000000000182644e-05,6.224249419885008,0.4401208972597124
R:A:MET:119,0.0,3.6365235285846835,0.2571410447006661,-7.000000000000562e-05,1.5501887335095685,0.10961489655836017,-0.00795499999999965,2.2155699290193933,0.15666445210026106,0.008034999999999988,1.3841379534117977,0.09787333329551517,0.0,0.03988687292671573,0.0028204278326806804,1.000000000053937e-05,4.738519539954633,0.33506392994868806
R:A:CYS:120,0.0,2.9738637031309962,0.2102839190808465,-3.999999999999559e-05,1.0457529747507295,0.07394590198922452,-0.005425000000000111,3.436538464439908,0.2429999652013864,0.005395000000000022,2.68673772569542,0.18998104651089537,0.0,0.07536413574860955,0.005329049144610532,-7.00000000000528e-05,5.382518052566766,0.380601501482897
R:A:THR:121,0.0,4.835163674453017,0.3418977022352592,-3.0000000000005578e-05,1.3900992125564275,0.09829485797207298,-0.0033999999999999985,4.702390770001999,0.33250924012574445,0.0033349999999999986,2.2385286101756665,0.15828787601353114,0.0,0.14360434120623192,0.010154360347475334,-9.499999999995623e-05,7.242602783439685,0.5121293541610765
R:A:ALA:122,0.0,2.901605183893908,0.20517447018574217,-4.0000000000008914e-05,1.0959801631188404,0.07749750053872705,-0.0007899999999996154,2.110974037725239,0.14926840569842634,0.0009149999999999892,1.5287535052371917,0.10809919703159224,0.0,0.06994648618269254,0.004945963469995304,8.500000000046026e-05,4.051996586845096,0.28651942639029127
R:A:PHE:123,0.0,4.424160863435008,0.3128354147595025,-0.00014999999999996128,1.3952563626445142,0.09865952355196127,-0.004780000000000086,2.8691105136871258,0.20287675002017852,0.004705000000000008,2.8983808105345643,0.20494647255899523,0.0,0.1045679687299274,0.007394071978383451,-0.00022500000000000853,6.177643611099565,0.43682536891622537
R:A:HIS:124,0.0,4.270429841222074,0.301964989930952,-5.5000000000018366e-05,1.3414099922749196,0.094852010188899,-0.0017300000000005156,4.746920809698641,0.33565798942934455,0.0017000000000000704,3.766506829112354,0.2663322520250786,0.0,0.1478807280187721,0.010456746558887724,-8.500000000056573e-05,7.535094649252546,0.5328116523368945
R:A:ASP:125,0.0,6.2748064702865545,0.44369582057728474,-3.0000000000001136e-05,0.9872317049963498,0.06980782332052761,-0.18234499999999998,9.295681003878897,0.6573039073589741,0.18199999999999988,7.559007448058244,0.5345025425561604,0.0,0.07849252925359071,0.005550259970769744,-0.0003749999999994813,13.561056842360172,0.9589115253289107
R:A:ASN:126,0.0,9.532214377779697,0.674029342625193,-3.500000000000725e-05,1.2984771413371128,0.09181619918551955,-0.0024200000000000445,11.871340734331572,0.8394305535021943,0.0024249999999999927,5.672858296474098,0.4011316570147201,0.0,0.10593978101697117,0.007491073755451819,-2.999999999936165e-05,16.2993996561285,1.1525416026118143
R:A:GLU:127,0.0,4.309245241564931,0.3047096532106425,-0.00015000000000001012,1.854471590588543,0.13113094372229614,-0.3139249999999998,25.44342952304337,1.7991221552385972,0.31336999999999976,24.937421244777898,1.7633419667487926,0.0,0.3051565531406242,0.02157782680492484,-0.0007049999999999912,35.93528717274637,2.5410085243734915
R:A:GLU:128,0.0,4.71216385206945,0.3332003013860431,-0.000125000000000004,1.8121589412010748,0.1281389875911114,-0.26319500000000007,21.01036370585657,1.48565706516069,0.26280999999999954,20.176834033161647,1.4267176167724118,0.0,0.2372575392206593,0.016776641487056147,-0.0005100000000006588,29.564923710217265,2.090555804075757
R:A:THR:129,0.0,6.9886679373253955,0.49417344899437887,-0.00010499999999999065,1.1989091310332904,0.08477567765801107,-0.0034850000000002266,4.6888523185076965,0.33155192703990577,0.0035449999999999926,2.5387413133233956,0.17951611983294144,0.0,0.11870298860302367,0.00839356881883075,-4.500000000020599e-05,8.872626249478126,0.6273894187939747
R:A:PHE:130,0.0,4.617851930410935,0.3265314414508961,-0.00021999999999998464,1.543716906560267,0.10915726928610847,-0.0012049999999997852,2.6438624991619744,0.18694931016822447,0.0017900000000000006,1.1783977002268802,0.08332530047650594,0.0,0.07706090139401174,0.005449028594005357,0.0003650000000002107,5.6649966262742515,0.4005757529837437
R:A:LEU:131,0.0,6.595896016732678,0.4664002801433014,-0.000529999999999986,1.6499499893936178,0.11666908261188992,-0.0016900000000000404,5.3301588398001805,0.3768991460424128,0.003279999999999991,1.8061963427601109,0.1277173682120016,0.0,0.130382303863843,0.009219421120884839,0.0010599999999997786,8.827123951905902,0.6241719204766859
R:A:LYS:132,0.0,4.354148545261174,0.3078847962647717,-0.0003450000000000486,1.3640812940858766,0.09645511331378445,0.24440999999999874,18.806994107605284,1.3298553067223138,-0.24208999999999992,17.020759380684222,1.2035494379026355,0.0,0.1874842870478732,0.013257141073747635,0.001974999999998799,25.773314783853756,1.8224485657318488
R:A:LYS:133,0.0,5.008946974719337,0.3541860372427885,-0.00015000000000000568,1.407576532306503,0.09953069110329738,0.1962649999999998,8.542685565252592,0.6040590892734542,-0.195675,8.22124639924963,0.58132990787149,0.0,0.105805016085579,0.007481544435766465,0.0004399999999993387,12.94791045749193,0.9155555286688757
R:A:TYR:134,0.0,4.577074144276013,0.3236480165411183,-0.0007749999999999346,1.1483425117860089,0.08120007772086797,0.028115000000000664,2.017360658453267,0.14264894016912638,-0.022395000000000005,1.1021531617588365,0.0779339974585867,0.0,0.07761859922124831,0.005488463785554555,0.004945000000000444,5.24964841792001,0.371206199515647
R:A:LEU:135,0.0,5.580766454417349,0.3946197804136913,-0.0011250000000000736,1.3257912831871388,0.09374760067796402,0.0030599999999992634,4.1092405529671785,0.29056718605298504,-0.00018999999999999795,0.9248415321015812,0.06539617188719841,0.0,0.04264085107578075,0.0030151634951250256,0.0017449999999993348,7.116578164339619,0.5032180678848657
R:A:TYR:136,0.0,4.553789894357227,0.3220015714398767,-0.0002800000000000047,1.4475759692499734,0.10235907841393453,0.004215000000000302,2.8493495563680846,0.20147943932787535,-0.004845000000000009,1.4829136059376489,0.10485782666723072,0.0,0.07653036709243953,0.005411514153775979,-0.0009099999999992026,5.758138687356992,0.4071618912842735
R:A:GLU:137,0.0,3.942491136730683,0.2787762217550126,-0.00031499999999996754,1.8569702149671115,0.13130762314646854,-0.19377999999999979,12.317714015828992,0.870993910930926,0.19201499999999996,11.30013893387046,0.7990404868489925,0.0,0.10083164215221792,0.007129873792400861,-0.002079999999999558,17.274864985378585,1.2215174175243246
R:A:ILE:138,0.0,4.238257979311783,0.29969009575893557,-0.0009549999999999459,1.3756865743965812,0.09727573055431143,0.026205000000000103,2.0692623573812483,0.14631894449583419,-0.022335000000000004,0.8366429930233086,0.05915959337989909,0.0,0.05412611613252324,0.003827294375659777,0.0029149999999999784,4.983983556159931,0.3524208569882931
R:A:ALA:139,0.0,2.7993475418032685,0.19794376297069835,-0.0005000000000000204,0.9602250022520764,0.06789816105573111,0.012980000000000231,2.0366627948681146,0.14401380732415903,-0.010795000000000004,0.9871662184632333,0.0698031927233633,0.0,0.0001895951270259866,1.34064e-05,0.0016850000000011888,3.72570412587625,0.26344706521017947
R:A:ARG:140,0.0,5.717847857258006,0.4043128993660106,-0.0003050000000000619,1.786732435753882,0.12634106214875274,0.15836500000000012,10.93007632548259,0.7728731088635281,-0.15602499999999936,7.848135344263311,0.5549469721598407,0.0,0.04644504217313154,0.0032841604273116496,0.0020349999999984903,14.72915988508569,1.041508883592496
R:A:ARG:141,0.0,5.734746999755088,0.4055078491916031,-0.0004400000000000759,1.8920958331834041,0.13379137942987956,0.21514000000000003,9.763610474109974,0.6903915175107165,-0.20841000000000015,8.48144962268538,0.5997290542492917,0.0,0.05354826739085881,0.0037864342992866735,0.006289999999999054,14.273517240063523,1.009290083183201
R:A:HIS:142,0.0,4.224583422723476,0.29872315858960446,-0.001374999999999984,1.619960678558279,0.11454851810641199,-0.0037950000000000726,3.8060227876189865,0.26912645224759124,0.007204999999999977,2.120129392366183,0.14991578703350425,0.0,0.07858628886532185,0.005556889776495395,0.0020349999999999292,6.281585118477072,0.44417514338756403
R:A:PRO:143,0.0,3.411127534731002,0.2412031411300442,-0.000944999999999947,1.2404752740280636,0.08771484781594845,0.009905000000000008,2.146985638488297,0.1518148104085204,-0.007124999999999997,1.0760083862010554,0.07608528264963597,0.0,0.009698837964854963,0.0006858114094578479,0.00183500000000004,4.3522414237014555,0.3077499424060293
R:A:TYR:144,0.0,4.632998825037624,0.32760248864134106,-0.0038700000000000487,1.0864687387587366,0.07682494127234982,0.017764999999999632,2.5556286837635467,0.18071023724840546,-0.01275499999999999,1.6722224641700638,0.11824398440671306,0.0,0.0714818819706586,0.005054532347342911,0.001139999999999204,5.65488886110948,0.3998610260546786
R:A:PHE:145,0.0,4.677010492526182,0.33071458349458976,-0.011049999999999888,1.4410350907247194,0.10189656845792208,0.08349499999999949,2.5016292051331273,0.1768918974963947,-0.06926499999999998,1.1597570864517275,0.08200721003591695,0.0,0.030315089693289582,0.0021436005494403477,0.003179999999999019,5.617393832028614,0.39720972712229186
R:A:TYR:146,0.0,4.410898621771985,0.31189763265813675,-0.37212999999999996,1.721082936264258,0.12169894152169113,-0.037895000000000324,3.2610092932058627,0.2305881784738216,0.16294500000000003,1.3365749262106483,0.09451011938874587,-0.021995676,0.08092076522819344,0.005721962183166016,-0.26907567600000043,5.902992075129791,0.4174045725614725
R:A:ALA:147,0.0,2.8857007420728853,0.20404985631947894,-0.009780000000000027,1.1024491686014373,0.07795492830315477,-0.09206500000000041,1.899843303742443,0.1343392083268135,0.11955,0.8506337450983237,0.06014888894651338,0.0,0.003998122527863297,0.0002827099551466839,0.017704999999999832,3.7250048690181266,0.26339762028356245
R:A:PRO:148,0.0,3.4128760369445015,0.2413267789072527,-0.06662000000000008,1.2079707397118524,0.08541643015251807,-0.13912499999999972,1.9075959715241066,0.1348874047228836,0.21955,1.5389371769828684,0.10881929136646683,-0.000338364,0.07346091862536401,0.005194471371218804,0.013466635999999942,4.372592215538774,0.3091889606970977
R:A:GLU:149,0.0,3.9228784183045997,0.277389393135354,-0.23928999999999995,1.3999966335316667,0.09899471132085794,-5.244090000000001,12.850700340679879,0.9086817353891018,5.633055,11.441402929010717,0.8090293597391105,-0.0910701,0.14643930252910697,0.010354822385055988,0.05860490000000034,17.70357620250638,1.2518318784045048
R:A:LEU:150,0.0,3.99030184692211,0.28215694949398284,-0.008009999999999956,1.365139270092982,0.09652992351468015,-0.04501500000000007,2.124760737018406,0.15024327255446415,0.06167499999999999,0.7561315710079826,0.053466576132898194,0.0,0.0032771513921697297,0.00023172959723781505,0.00864999999999973,4.782516904128124,0.338175013404829
R:A:LEU:151,0.0,5.131871206446046,0.3628780930253988,-0.008029999999999893,1.4178008827405912,0.10025366185581451,0.03208000000000013,3.1531838236217693,0.22296376640106796,-0.00034000000000000084,1.4746291842188666,0.10427202958967471,0.0,0.141127370659255,0.009979212080418663,0.0237100000000003,6.362647076013191,0.4499070893745686
R:A:PHE:152,0.0,4.529161179020901,0.3202600582772538,-0.023120000000000043,2.07320829256252,0.14659796424831417,0.06392999999999993,2.519591187375444,0.17816200144110417,-0.06653,1.132098661027386,0.08005146401846752,0.0,0.2669785060270733,0.018878231204279707,-0.025719999999999747,5.701995989333949,0.4031920030356532
R:A:PHE:153,0.0,4.746306368619709,0.3356145418839893,-0.0064249999999999915,1.1793242788033325,0.0833908194759771,0.024400000000000473,2.2622569283792675,0.15996572148432298,-0.018035,0.88758430606619,0.0627616881694159,0.0,0.033551979283615925,0.002372483207367538,-6.0000000000314244e-05,5.461224033590258,0.3861668547730621
R:A:ALA:154,0.0,2.960765217946199,0.20935771631110237,-0.0011800000000000365,1.0771402081437682,0.07616531454671477,0.02217500000000001,2.500059986395327,0.17678093697532835,-0.016940000000000004,0.8887234711371137,0.06284223930407,0.0,0.036259358607675346,0.0025639238352962047,0.00405500000000067,4.1191996538905045,0.2912714008327255
R:A:LYS:155,0.0,4.811224614399124,0.3402049550653253,-0.002919999999999967,1.205654014529044,0.08525261294382712,0.8636249999999995,18.662461195999175,1.319635286532182,-0.8303799999999998,17.791374301689007,1.2580401415352374,0.0,0.18544545646587335,0.013112973980725372,0.030324999999999633,26.257500477868202,1.8566856644909617
R:A:ARG:156,0.0,5.391878815955529,0.38126340740982473,-0.007330000000000023,1.7654343628410543,0.12483506097046612,1.268605,14.573083612258422,1.0304726245026476,-1.229875,12.082496035355236,0.8543614880259263,0.0,0.1381456777980351,0.00976837455626025,0.03139999999999972,19.762835735237854,1.3974435163862515
R:A:TYR:157,0.0,4.837897941456598,0.3420910441092399,-0.0008549999999999525,1.230742071831056,0.08702660648833206,0.01368499999999962,2.3519829126452003,0.16631030667663083,-0.012285000000000015,1.1238342563630102,0.07946708236040254,0.0,0.094951307589821,0.006714071347929213,0.000545000000000031,5.632390731056219,0.3982701680222108
R:A:LYS:158,0.0,4.3704110607069895,0.3090347297598604,-0.0005249999999999755,1.6359716802790323,0.11568066689544541,0.48592500000000094,27.158942600920145,1.9204272482966844,-0.47847999999999985,25.621690217445646,1.8117270898216844,0.0,0.2294711680350792,0.016226061900440222,0.006920000000001109,37.628562635237735,2.6607411805679346
R:A:ALA:159,0.0,3.0155789661025296,0.21323363361346165,-0.00043500000000000537,0.9461591239189104,0.06690355326045845,0.027885000000000416,3.007942636799279,0.21269366359009145,-0.026864999999999997,1.697682247028283,0.12004426291737144,0.0,0.07209592682002411,0.005097951875036813,0.0005850000000003308,4.682304489179344,0.33108892558789277
R:A:ALA:160,0.0,3.0892777770783253,0.21844492651409872,-0.00021500000000001406,0.7744926441710082,0.05476490006724197,0.012910000000000182,2.004129099072712,0.14171332763276007,-0.012264999999999995,1.1223711829760241,0.0793636274490714,0.0,0.03221163794844541,0.0022777067626471676,0.0004300000000001558,3.9269280802644353,0.2776757474786853
R:A:PHE:161,0.0,4.62062746120048,0.326727701115164,-0.00029999999999999363,1.3224162108806743,0.09350894702647441,0.012899999999999707,2.3360592352399805,0.16518433264916504,-0.013005000000000018,1.2953362057686026,0.0915941015015432,0.0,0.018809744274655944,0.0013300497728994055,-0.000405000000000531,5.498582109326429,0.3888084696415748
R:A:THR:162,0.0,5.456426302769057,0.3858276039732642,-0.000134999999999994,1.0681134105866286,0.07552702357020961,0.011639999999999588,6.483356387238789,0.45844252662656637,-0.01088999999999995,3.275154517377768,0.23158839686715738,0.0,0.10174850460420316,0.007194705758122271,0.000614999999999748,9.14791529094275,0.6468552935945727
R:A:GLU:163,0.0,4.1166927956734884,0.291094139188253,-0.00022499999999999964,1.6274626390719389,0.11507898682155226,-0.4713250000000002,17.30716043742806,1.2238010508388915,0.47312999999999983,16.79588904695134,1.1876487041156152,0.0,0.11067694476677968,0.007826041816559888,0.0015799999999998704,24.52035348207695,1.7338508224267783
R:A:CYS:164,0.0,3.079021497805756,0.21771969805176106,-6.499999999998174e-05,1.0708872671177858,0.0757231648465316,0.006190000000000637,2.2169071422817876,0.15675900735683423,-0.0061399999999999936,1.1260262298010646,0.07962207828862544,0.0,0.012111759480602642,0.0008564307260834585,-1.4999999999221885e-05,4.0999917030699855,0.28991319360493684
R:A:CYS:165,0.0,3.177885936522895,0.22471046955527013,-8.49999999999973e-05,1.0217158329863543,0.07224621939503131,0.008179999999999766,3.3670616246216825,0.2380872107442985,-0.008124999999999999,2.3515143021412817,0.16627717091012523,0.0,0.06853578797697191,0.004846212043248028,-3.0000000000289656e-05,5.292852059176945,0.37426115828611994
R:A:GLN:166,0.0,4.122947844679824,0.2915364379451564,-8.999999999999731e-05,1.801915298647525,0.12741465267974478,0.004424999999999954,4.045405116261534,0.28605333903552843,-0.004369999999999998,2.2672601005398563,0.16031949918054259,0.0,0.05837033308676565,0.004127405834576949,-3.500000000020265e-05,6.461793534879435,0.456917802714064
R:A:ALA:167,0.0,3.4752821378342795,0.2457395566199101,-1.000000000000334e-05,0.9375414870287074,0.06629419431217186,0.0038599999999998145,4.266367206418126,0.30167771826901635,-0.003925000000000004,2.5666315293736655,0.18148825592273182,0.0,0.07285300448037015,0.005151485349788366,-7.500000000018436e-05,6.144213870405784,0.43446152928243725
R:A:ALA:168,0.0,3.5719184615483597,0.25257277660062655,-2.9999999999997805e-05,0.42185794469228616,0.029829861338933505,0.0029650000000000887,3.0827864133402105,0.21798591778226178,-0.002969999999999997,2.266375882218129,0.16025697550340828,0.0,0.06805304003375602,0.004812076608822847,-3.4999999999998364e-05,5.251783368293368,0.3713571633042968
R:A:ASP:169,0.0,12.1014021426424,0.8556983516927856,-2.4999999999990586e-05,1.0868602963007712,0.07685262857166957,-0.20549500000000026,16.86415319018346,1.1924757079747472,0.20506499999999947,9.8696342583844,0.697888531193467,0.0,0.10095202884583644,0.00713838641714309,-0.0004550000000006804,23.009666091666848,1.627029092625579
R:A:LYS:170,0.0,5.469867422524973,0.38677803466587907,-6.999999999997897e-05,1.445337105159208,0.10220076681586102,0.1995550000000013,13.074377476697503,0.9244980973565466,-0.19919000000000003,12.551013511336444,0.8874906764629981,0.0,0.15996338312056083,0.011311119294609026,0.00029500000000139083,18.98687240744021,1.342574623282472
R:A:ALA:171,0.0,3.368607518478519,0.2381965219472149,-1.000000000000334e-05,0.7627234857731863,0.05393269489604612,-0.01022499999999951,3.0140610385947726,0.2131262999300532,0.010099999999999998,1.714047411990112,0.12120145482934601,0.0,0.09942549650069749,0.007030444279848254,-0.0001349999999995373,4.895066049971074,0.34613343982905936
R:A:ALA:172,0.0,2.956917171514955,0.20908561833851702,-2.5000000000003908e-05,0.5867913306065453,0.041492412901336546,-0.007629999999999768,2.6690394787451157,0.18872959146752794,0.007564999999999991,1.529727450422133,0.10816806535606983,0.0,0.07139298375969426,0.005048246294562087,-8.999999999974362e-05,4.307739313686485,0.3046031680291598
R:A:CYS:173,0.0,3.3348451999980457,0.23580916551260264,-8.49999999999973e-05,0.8878806563243733,0.06278264329713268,-0.016754999999999853,3.2577882999321797,0.23036041985522385,0.016914999999999993,2.0234419012847886,0.14307894897354748,0.0,0.06715389546846819,0.004748497486884642,7.500000000023598e-05,5.159606181536687,0.364839251921662
R:A:LEU:174,0.0,3.6676885052032433,0.2593447413309165,-0.00014999999999996128,1.4402283861596394,0.10183952583108385,-0.01688500000000012,1.932076754783567,0.13661845750803586,0.016665,0.9890551595209439,0.0699367610264802,0.0,0.006494964931171838,0.00045926337464004247,-0.0003700000000003945,4.498598632354242,0.3180989598774213
R:A:LEU:175,0.0,5.333789335317809,0.37715586084237107,-7.999999999999118e-05,1.7392752433125702,0.12298533188962008,-0.01549999999999983,3.2921017569024196,0.2327867476661848,0.015275000000000018,1.1419743506642346,0.08074978072957846,0.0,0.1273610933060549,0.009005789273604403,-0.0003049999999997677,6.605501289759401,0.4670794755125358
R:A:PRO:176,0.0,3.868072310363393,0.2735140160777871,-0.00011000000000000121,0.8575681854523288,0.06063922792631845,-0.013600000000000136,2.7582361868048935,0.1950367511803865,0.013935000000000032,1.7887045725538355,0.1264805132792202,0.0,0.06557874781554768,0.004637117728209625,0.00022499999999970655,5.14869285092246,0.3640675629133969
R:A:LYS:177,0.0,4.895661547610293,0.34617554787094656,-0.0004400000000000115,1.4218877871161282,0.10054264963561482,0.44221999999999945,16.089211293452205,1.1376790409543238,-0.4358600000000002,14.959753711475333,1.057814329426483,0.0,0.14668482673655117,0.010372183568258912,0.0059200000000000095,22.553663437668938,1.5947848357374805
R:A:LEU:178,0.0,4.0635654371746,0.28733746764214374,-0.00031500000000003856,1.4731516444599315,0.10416755175137314,-0.019509999999999507,2.315431140824533,0.16372570610475312,0.019985,1.248518798767163,0.08828361090471436,0.0,0.036088190473438815,0.002551820420452035,0.0001600000000004176,5.060045725686838,0.35779926457471684
R:A:ASP:179,0.0,6.1044707434428735,0.4316512658243341,-0.0001899999999999813,2.1527617697971135,0.15222324457026923,-0.3082850000000004,17.913096735471928,1.2666472173702807,0.3068549999999999,14.350792377665945,1.0147542605647808,0.0,0.09473763312606807,0.006698962281700603,-0.001620000000000239,23.848106801912607,1.6863158038093433
R:A:GLU:180,0.0,4.184358478882993,0.29587882553335915,-0.0008250000000000091,1.1023790524021218,0.07794997033915407,-0.536285,20.35955195833334,1.439637725165736,0.5438050000000001,19.727757588607858,1.394963116850899,0.0,0.16444533579431275,0.011628041207465743,0.0066949999999996734,28.678335257514327,2.0278645333729632
R:A:LEU:181,0.0,5.621958915965147,0.39753252730311267,-0.0014099999999999558,1.2857252108829476,0.0909145015357836,-0.014620000000000601,3.8044621983928297,0.269016101925145,0.01798,1.0960362994901218,0.07750146997960748,0.0,0.04760934613272281,0.0033664891498305827,0.0019499999999997091,6.995498996450445,0.49465647781737976
R:A:ARG:182,0.0,5.933724260424477,0.41957766622372794,-0.0006099999999999728,2.119067240438585,0.14984068155043875,0.28239,20.527847143709444,1.4515379918477849,-0.278725,15.394123104875932,1.0885288837878282,0.0,0.3503068132920911,0.024770432317468744,0.003054999999998671,26.423356693563065,1.8684134699729393
R:A:ASP:183,0.0,15.22706632012713,1.0767161852539182,-0.0007900000000000195,1.8821451952891413,0.13308776307666306,-0.3711749999999988,22.63323805306866,1.600411610753426,0.37488999999999995,19.96876476767529,1.412004897914221,0.0,0.18181700018127953,0.012856403376317849,0.002925000000001745,33.85932822412281,2.39421605936983
R:A:GLU:184,0.0,4.137154816320028,0.29254102254384773,-0.005549999999999931,1.8776395356803712,0.13276916483035509,-1.1384599999999998,10.985089728736856,0.7767631439132523,1.16433,10.68725058963015,0.7557027364167407,0.0,0.10299361233736608,0.007282748170265001,0.02032000000000007,15.98567200333731,1.1303577075383753
R:A:GLY:185,0.0,2.7608805580013778,0.19522373646088734,-0.0013150000000000217,0.884074150608986,0.06251348269673511,-0.014620000000000317,3.3461514391536435,0.23660863735026663,0.015139999999999978,1.5010282027330468,0.10613872209047932,0.0,0.01787545230237624,0.001263985353978692,-0.0007950000000000832,4.674845795346625,0.3305615162891018
R:A:LYS:186,0.0,4.890519533464722,0.3458119525638175,-0.0013599999999999478,1.485202357508902,0.10501966584287917,0.2291499999999994,24.358852965781253,1.7224310114029968,-0.2177950000000001,24.60503597079214,1.739838778628605,0.0,0.21210075414084814,0.014997788154777442,0.009995000000000132,34.99899294283169,2.474802524457641
R:A:ALA:187,0.0,2.953513892899439,0.20884497019978715,-0.003189999999999955,0.9276873998820939,0.0655974051277945,0.04520999999999965,2.1333249695604275,0.15084885524507632,-0.037665,1.4265414217172243,0.10087171129397476,0.0,0.0795365333600101,0.00562408220909332,0.004355000000000326,4.021973413787555,0.28439646746411884
R:A:SER:188,0.0,6.870368895641631,0.4858084435361329,-0.012379999999999945,1.3517540504100587,0.09558344555413346,0.0028199999999996804,7.6542691768287066,0.5412385639962751,0.030295000000000013,2.7896868841278586,0.1972606513153979,0.0,0.10537768843375998,0.00745132780772749,0.020734999999999518,10.74292798891646,0.7596397230761588
R:A:SER:189,0.0,6.8626310433790625,0.4852612947554647,-0.004169999999999927,1.3681677847033236,0.09674407183646964,0.03655000000000037,8.607280525842643,0.6086266427398246,-0.03614499999999999,2.322798686148888,0.16424667023070819,0.0,0.030623901615189925,0.002165436849849046,-0.003764999999999899,11.33354302656169,0.8014025128951279
R:A:ALA:190,0.0,3.1762356270827885,0.2245937750556546,-0.0030200000000000227,0.8916741006387928,0.06305088031701064,0.061099999999999995,1.9526041682327733,0.13806996483305123,-0.047385000000000004,0.9213527686369647,0.0651494790568198,0.0,0.02685732972595987,0.0018990999973789264,0.010694999999999975,3.9428201504424467,0.2787994865376818
R:A:LYS:191,0.0,4.752138321029807,0.33602692319366306,-0.03914500000000003,1.1130122402628821,0.07870185026335148,1.0793650000000008,11.610019063630988,0.8209523209598562,-0.90252,11.036598927423249,0.7804053942817156,-0.0006191999999999992,0.11805768497331925,0.008347938961581921,0.1370807999999995,16.746181983629324,1.1841338839608284
R:A:GLN:192,0.0,3.6934455157684405,0.261166037014291,-0.060560000000000044,1.6405961026255058,0.11600766293547161,-0.07889500000000012,4.041241860860966,0.2857589524229731,0.12299999999999997,2.3338111877249195,0.16502537168493212,-0.0009094680000000001,0.03246149013472869,0.002295373980168687,-0.017364467999999817,6.173528937015422,0.4365344175214983
R:A:ARG:193,0.0,5.485191015817041,0.3878615763387757,-0.004300000000000064,2.240694701147392,0.15844104177500853,-0.0539349999999999,13.728312980529509,0.9707383202783719,0.07599500000000017,10.665949891227458,0.7541965495882854,0.0,0.07338419490228539,0.005189046184732126,0.017759999999998683,18.366885496386193,1.2987349283771523
R:A:LEU:194,0.0,4.683029107127138,0.3311401638143582,-0.007209999999999956,1.3285507614502352,0.09394272525720125,0.04290000000000013,3.5392159095695197,0.2502603569739922,-0.035515000000000005,0.9055906219561906,0.06403492697641655,0.0,0.04985566669966607,0.0035253280003910217,0.0001749999999999341,6.086414212044484,0.43037447624468317
R:A:LYS:195,0.0,4.559245074433925,0.32238731092235934,-0.26210500000000003,1.1638813867293352,0.08229884210531155,-1.1433550000000003,11.285694420888554,0.7980191055409482,1.8573099999999996,10.765587406913754,0.7612419858885215,-0.060254316,0.09372033113705726,0.006627028168206192,0.3915956839999998,16.291558851416536,1.1519871739936354
R:A:CYS:196,0.0,3.174757440151924,0.224489251455387,-0.005775000000000037,1.105694093171796,0.07818437911996873,0.04634999999999927,2.447156767138141,0.17304011446699286,-0.03741500000000002,0.8955248720024476,0.06332317097141457,0.0,0.02377131252565142,0.0016808856284592835,0.0031599999999991925,4.253557375432849,0.30077192643346207
R:A:ALA:197,0.0,2.9729606419779597,0.2102200630143327,-0.0015200000000000146,0.8954192682760407,0.06331570366030848,0.007334999999999781,2.1145174198324783,0.14951896065006273,-0.005470000000000013,1.041530033700421,0.0736472949639021,0.0,0.051464317434259325,0.003639076784690183,0.00034499999999895617,3.89857511798785,0.2756708902894353
R:A:SER:198,0.0,3.5984728696420647,0.25445045680397194,-0.003864999999999932,1.0521163689321633,0.07439586190693001,0.006944999999999623,2.6116039862266636,0.18466828884346925,-0.0018899999999999985,1.2845514145996648,0.09083150160461953,0.0,0.02169265857891577,0.0015339025983115875,0.0011900000000002239,4.746258962212894,0.3356111897448163
R:A:LEU:199,0.0,5.064279339827139,0.3580986263014702,-0.008830000000000036,1.2759960482305577,0.09022654584710643,-0.012214999999999386,3.1719221765003947,0.22428876803994222,0.02064499999999998,2.1425803717422127,0.15150331100961123,0.0,0.05809747869465758,0.004108112115483334,-0.00039999999999955626,6.475353844160231,0.4578766613788077
R:A:GLN:200,0.0,4.799591524202867,0.3393823713689325,-0.0016200000000000214,1.349365788435441,0.09541456993038326,-0.0384850000000003,4.03449227422423,0.2852816845748689,0.052160000000000026,3.6654089290487084,0.25918355095520623,0.0,0.14801280326440683,0.010466085689069243,0.012054999999999438,7.388580726232554,0.5224515534863265
R:A:LYS:201,0.0,5.242790648266437,0.3707212819730613,-0.0006199999999999806,1.285743525494101,0.09091579657435774,-0.25731000000000165,10.677367954891787,0.7550039286127921,0.26414999999999994,9.959738333849439,0.7042598514708545,0.0,0.24038548350557967,0.016997820548560236,0.006219999999998355,15.569211588853182,1.1009095092206267
R:A:PHE:202,0.0,4.582213533631971,0.3240114262475939,-0.0008999999999999986,1.2548960278843821,0.08873454910011094,-0.000660000000000025,2.972865312657134,0.21021332221341252,0.0035999999999999856,1.5204228225069498,0.10751012880654547,0.0,0.08797542116649426,0.006220801688457062,0.002040000000000182,5.807649981681869,0.41066286848051775
R:A:GLY:203,0.0,2.547764712360621,0.1801541704977989,-0.0006799999999999862,0.8722171712366136,0.06167506764487576,0.012979999999999521,3.71133877135327,0.2624312812504447,-0.008600000000000005,3.1300350383901456,0.22132690009971676,0.0,0.07000394588357431,0.004950026484409149,0.0037000000000000388,5.5522899053534,0.3926061843189003
R:A:GLU:204,0.0,3.6268083049425153,0.25645407464885406,-0.0029300000000000194,1.4122045161732064,0.09985793898083417,0.8879699999999997,14.756313121288121,1.0434289073374858,-0.8725399999999999,13.490802415505165,0.9539437871651557,0.0,0.08929618546509588,0.0063141938276460915,0.012500000000000107,20.369255279286442,1.4403238535703327
R:A:ARG:205,0.0,5.804622998955228,0.41044882847926356,-0.0020850000000000378,2.035459697433236,0.14392873548869595,-0.5089299999999998,15.770590458329389,1.1151491456400573,0.5111299999999998,12.891429693162431,0.9115617355224769,0.0,0.14621428284259236,0.010338911090432492,0.0001150000000038176,21.278125055899125,1.5045906517961656
R:A:ALA:206,0.0,3.007416516680055,0.21265646127968924,-0.002749999999999986,0.7727865455285825,0.054644260675298734,0.035104999999999935,2.3859460394097343,0.16871186240118086,-0.036664999999999996,1.1054357445708909,0.07816611111520771,0.0,0.036410336684046196,0.0025745995974574376,-0.0043100000000000985,4.069128352696365,0.28773082517100446
R:A:PHE:207,0.0,3.827401438156181,0.270638151124338,-0.09986500000000005,1.289892067102903,0.09120914276471959,0.04171999999999969,2.15151679908617,0.15213521184706055,0.06169499999999999,0.849402463485361,0.06006182418870575,-0.0009332279999999998,0.017094679806889626,0.0012087764013664394,0.0026167719999997986,4.654419901918788,0.32911718751364005
R:A:LYS:208,0.0,4.4760782342972965,0.3165065272593126,-0.011830000000000056,1.4666022722947076,0.10370444120431872,-1.00596,15.177091474348765,1.0731824300200548,1.06141,13.639641896059809,0.9644683277660029,0.0,0.1150309459805214,0.00813391619491301,0.04362000000000002,20.942382084583482,1.4808500386208645
R:A:ALA:209,0.0,3.056648150867221,0.2161376635179533,-0.005164999999999998,0.8947137072130951,0.06326581295909348,0.03993999999999971,1.8019918327783842,0.12742006446003706,-0.05226,0.8697335172338708,0.0614994467861297,0.0,0.026632011303115054,0.0018831675789069437,-0.017485000000000715,3.761373519939365,0.26596927225246386
R:A:TRP:210,0.0,5.276813419853879,0.37312705522348544,-0.44127999999999984,1.2199865491061777,0.08626607618293532,0.11956999999999937,2.2337276370005363,0.1579483959446882,0.027255000000000033,1.2972430598677336,0.09172893644796608,-0.08324694,0.11830195139879532,0.008365211206168954,-0.37770194,6.001624872676546,0.42437896456074353
R:A:ALA:211,0.0,2.795499173993797,0.1976716422732406,-0.09167,1.0199258560062099,0.07211964890894852,0.025845000000000198,1.728590613006735,0.12222981443524733,-0.039850000000000003,0.7009633219719845,0.04956559183294395,-0.00094626,0.011982463252595102,0.000847288102122861,-0.10662125999999944,3.5120625064341615,0.24834032142506182
R:A:VAL:212,0.0,4.443771350350961,0.31422208558756654,-0.020409999999999994,1.5677298807989852,0.11085524297817402,0.0517850000000001,3.4272987800708297,0.24234662085404654,-0.044849999999999994,0.6406363451288102,0.04529983039151471,0.0,0.02701857038704513,0.0019105014338645654,-0.013474999999999786,5.86194529581015,0.41450212696119393
R:A:ALA:213,0.0,3.2880261695354553,0.2324985601197349,-0.015819999999999966,0.9220095512249318,0.06519592059899147,-0.040724999999999054,2.3290222666765126,0.16468674383014256,0.01450499999999998,0.7871276677737862,0.055658331154239606,0.0,0.00040649992330626575,2.87438852321672e-05,-0.042039999999999064,4.207746731136772,0.297532624710234
R:A:ARG:214,0.0,5.543679304753298,0.3919973229114582,-0.44711,1.4453350391864161,0.10220062072952392,-0.30815499999999996,16.014559206855335,1.1324003412880865,0.6567999999999998,13.503927606855719,0.9548718783459904,-0.09438022799999998,0.16423184824924114,0.011612945358383843,-0.1928452279999962,21.717976726907697,1.5356928617248051
R:A:LEU:215,0.0,4.43263354217332,0.31343452361857005,-0.74466,1.3835517485623732,0.09783188235309592,-0.26880500000000046,2.7628224798157044,0.1953610510692318,0.31573,0.9521994498528131,0.06733066880330241,-0.14525622,0.03837621746854518,0.0027136083608297937,-0.8429912200000007,5.486693005945583,0.3879677830792924
R:A:SER:216,0.0,5.856230244922924,0.4140980118374755,-0.017380000000000048,1.234183745375866,0.08726996955854861,-0.08470000000000003,4.353814521055071,0.3078611771866501,0.13382500000000003,1.2429170304469241,0.08788750606812666,0.0,0.0030698409098270873,0.0002170705324502614,0.031744999999999905,7.504611598953554,0.5306561751791277
R:A:GLN:217,0.0,4.296719043171196,0.30382391722797264,-0.023590000000000017,1.4409349833181233,0.10188948979531696,-0.0721649999999999,4.763923040234277,0.3368602286800491,0.143855,2.6582950399598237,0.18796984491501556,0.0,0.046078823202460886,0.003258264835555612,0.048099999999999914,7.092369609150225,0.5015062645311508
R:A:ARG:218,0.0,5.858232027344085,0.4142395592299219,-0.47619500000000003,1.692207356051557,0.11965712966378143,0.20463499999999996,11.753782324501973,0.8311179186245926,0.56506,10.637449086750076,0.7521812383767625,-0.091815516,0.14458793371461753,0.01022391084073571,0.20168448400000286,16.985584355494687,1.2010621880186427
R:A:PHE:219,0.0,3.7679180610782925,0.26643204119437286,-0.329615,1.1642275055911537,0.0823233164047404,-0.0011949999999999504,1.9113000965246139,0.13514932591350573,0.0611,0.8793504596860117,0.06217946730834866,-0.037390752,0.029918894143905788,0.0021155852934758267,-0.3071007520000005,4.4698828429755055,0.3160684469377384
R:A:PRO:220,0.0,3.785532021255401,0.2676775362628512,-0.00566999999999994,1.1839836991065373,0.08372029024525654,0.03184499999999968,3.0181170284922683,0.21341310172614752,-0.024314999999999996,1.3711310044539873,0.09695360311445367,0.0,0.014815200111777093,0.001047592846367328,0.0018600000000003102,5.1692668922105725,0.3655223673245206
R:A:LYS:221,0.0,4.958598185853537,0.35062584023963483,-0.0028300000000000213,1.6264518000082266,0.11500750970588834,-0.14153000000000118,15.166770773126032,1.0724526462379353,0.16164500000000084,13.313112087073218,0.9413791835466063,0.0,0.18694781687148052,0.013219206903784473,0.017284999999999506,20.84557219268058,1.4740045455158166
R:A:ALA:222,0.0,3.0411936110678646,0.21504486252872906,-0.004815000000000027,1.0037552081434,0.07097621143295126,-0.025360000000000226,3.479826453316315,0.2460608882492299,0.035225,2.0360314091572853,0.14396916161239184,0.0,0.023190330335236882,0.0016398039838002101,0.00504999999999961,5.148935514606009,0.36408472182701546
R:A:GLU:223,0.0,3.983300107599226,0.2816618517584517,-0.002624999999999977,1.2316486457894555,0.0870907109476952,0.57765,13.977441928775807,0.9883543971478549,-0.5720800000000008,12.840172751828536,0.907937322442469,0.0,0.09616123483296599,0.006799626123766229,0.0029449999999978617,19.432750816239565,1.3741029879271414
R:A:PHE:224,0.0,4.812048000591847,0.3402631772613663,-0.003290000000000104,1.4761727199586099,0.10438117404853234,0.07748999999999928,2.639786693115563,0.18666110715880263,-0.08768999999999999,1.1636047407732577,0.08227928028215853,0.0,0.10978962372982992,0.007763298744328223,-0.01349000000000027,5.802533532736259,0.41030108090601425
R:A:ALA:225,0.0,3.1518621952664745,0.22287031316384423,-0.0017100000000000181,0.8445206117970122,0.05971662514534792,0.04322000000000017,3.606431112554349,0.25501318955693253,-0.038290000000000005,2.773647311781006,0.19612648227801874,0.0,0.11178775442411913,0.007904587920691111,0.003219999999999624,5.5999474679222825,0.3959760828856282
R:A:GLU:226,0.0,4.410250280874091,0.31185178803359453,-0.01078000000000003,1.6810442045794036,0.11886777565324422,0.970085,20.495898008500994,1.4492788468318907,-0.9440049999999993,18.38752322933611,1.3001942364688728,0.0,0.11722679038021763,0.008289185841458583,0.01530000000000026,27.93694337185679,1.9754402103864506
R:A:VAL:227,0.0,4.469990250638138,0.31607604180639826,-0.024465000000000018,1.3523176711760443,0.09562329956069807,0.19883000000000034,3.0498180386295184,0.21565470164999884,-0.19839999999999997,1.0271366160107427,0.0726295266386199,0.0,0.015204501893269374,0.0010751206393294474,-0.024035000000000167,5.67152596733479,0.40103744711780237
R:A:SER:228,0.0,6.105417903301133,0.4317182401401984,-0.006899999999999979,1.2067038886155956,0.0853268502524264,0.08974499999999946,7.919230917107734,0.559974188326904,-0.07031499999999997,2.348064725742244,0.16603324902372715,0.0,0.0717839957527762,0.005075895017745438,0.01252999999999952,10.3423905005345,0.7313174456607275
R:A:LYS:229,0.0,4.871758117784585,0.34448532013860905,-0.014719999999999995,1.435916331824386,0.1015346175449536,-0.923375,20.23286572201464,1.4306796554873404,0.9294050000000001,19.27281109588518,1.3627935418427748,0.0,0.21123653590104718,0.014936678696998605,-0.008689999999999785,28.401595141946682,2.0082960521385402
R:A:LEU:230,0.0,5.945925164139723,0.42044040039909336,-0.35074,1.3431635805626951,0.09497600760586854,0.11926999999999978,5.235448992350131,0.37020214850470545,-0.14497500000000002,1.4411495129496452,0.10190465933103843,-0.028314144,0.05225816790427984,0.0036952104897501462,-0.40475914400000007,8.163803246525955,0.5772680635891254
R:A:VAL:231,0.0,4.123658766580961,0.2915867077148752,-0.058944999999999984,1.7589935163254582,0.12437962434569015,0.13773499999999977,2.574060209838729,0.18201354295594327,-0.09051500000000001,1.1007196190560973,0.07783263068196397,0.0,0.032072460457597075,0.0022678654278904292,-0.011725000000000456,5.285548041598413,0.3737446862501514
R:A:THR:232,0.0,5.004950336916441,0.35390343227355114,-0.016859999999999983,1.1316893733485351,0.08002252300915037,0.010245000000000105,5.740773414312308,0.40593398105156825,-0.004410000000000011,3.395056258259942,0.24006673027254316,0.0,0.13637898164525664,0.009643450273267667,-0.011024999999999735,8.416159119848531,0.5951123185189902
R:A:ASP:233,0.0,5.819045961147754,0.4114686859163768,-0.08445999999999998,1.2288373700982567,0.08689192373719204,1.5862,22.903838775575377,1.619545971341274,-1.5831400000000004,21.74191211768183,1.5373853494374792,-0.0002632679999999999,0.15723584701991566,0.011118253367339296,-0.0816632679999999,32.135535369466595,2.2723254976809972
R:A:LEU:234,0.0,5.414126893802916,0.38283658408125004,-1.59842,1.4852027624536657,0.105019694476798,-0.2835200000000004,3.6669754745566543,0.2592943224503768,0.35920500000000005,1.3547139492804374,0.09579274201042058,-0.242120808,0.05634546498705258,0.0039842260381454065,-1.764855808000001,6.841325244029815,0.48375474723561945
R:A:THR:235,0.0,4.155440967791504,0.29383404871457625,-0.03692999999999995,1.5646953685302454,0.11064067055789205,-0.055190000000000766,4.234635253419118,0.2994339303544272,0.107185,1.733822828859685,0.12259978796627262,0.0,0.04008065062433952,0.00283412998508393,0.015064999999999272,6.3761936155538335,0.4508649743716486
R:A:LYS:236,0.0,5.46894032631551,0.3867124790642267,-0.026720000000000042,1.6227565818692586,0.11474621832548557,-1.0768049999999996,42.959282468623414,3.037679994847198,1.0852650000000004,40.23443827165821,2.8450044139121076,0.0,0.24459456053089024,0.017295447239273596,-0.018259999999998833,59.134697487775234,4.181454559702097
R:A:VAL:237,0.0,4.385145154809588,0.31007658754531925,-0.3664150000000001,1.7226856073802321,0.12181226748310285,-0.24590999999999966,3.5146381641215934,0.24852244792674166,0.19816500000000004,2.2111943597917842,0.1563550526330217,-0.030527135999999996,0.04113939917844401,0.002908994813301804,-0.444687136,6.2801988903429455,0.44407712225617274
R:A:HIS:238,0.0,4.258264800690535,0.3011047916656259,-0.45134500000000005,1.2435622914333644,0.08793313291004136,-0.9765300000000002,3.0646072135756643,0.21670045423925624,1.1149850000000001,2.5328781812149987,0.17910153378565746,-0.079071048,0.0740106244015817,0.005233341439420898,-0.3919610480000006,5.957519040034559,0.4212602112256408
R:A:THR:239,0.0,4.898730615802425,0.3463925637640046,-0.009309999999999992,1.0961798674943815,0.07751162177054483,-0.09163499999999995,8.393027493734012,0.5934766655504453,0.10804000000000002,4.576972468936207,0.32364082700889263,0.0,0.09461741733951523,0.006690461741912884,0.0070950000000001975,10.798134648898346,0.7635434234401439
R:A:GLU:240,0.0,4.236240310552507,0.29954742503274834,-0.008314999999999961,1.605717139279207,0.11354134778517912,0.5681450000000001,15.945168849973806,1.1274937020980982,-0.5570499999999998,14.614981899439698,1.033435280801246,0.0,0.0932866954411485,0.0065963654940920284,0.002779999999999774,22.099295633182436,1.5626561801669558
R:A:CYS:241,0.0,3.44695919047499,0.24373682180581577,-0.013909999999999867,0.7462083743164506,0.05276490016573518,-0.10797000000000033,2.0846488680590785,0.14740693509974348,0.11565500000000001,1.479792074912891,0.10463710109170167,0.0,0.03331129690659312,0.0023554643932770457,-0.0062249999999999485,4.356031419684275,0.30801793559204144
R:A:CYS:242,0.0,3.371529131981511,0.23840311121921207,-0.005940000000000012,0.8004789293916486,0.05660240791697822,-0.04912499999999966,1.9966398265273086,0.14118375609245917,0.062310000000000004,1.5263435212133605,0.10792878542701201,0.0,0.018965819316570535,0.0013410859449505838,0.007245000000000485,4.280727747489595,0.3026931618663308
R:A:HIS:243,0.0,4.490174650673401,0.3175032944203099,-0.0017850000000000454,1.2457489309949257,0.08808775167624043,-0.029294999999999193,6.635341734528449,0.4691895135975175,0.03978499999999997,5.5080311376548154,0.3894766168422374,0.0,0.19941457711455127,0.01410073997451469,0.008705000000000981,9.80405487099806,0.693251368240773
R:A:GLY:244,0.0,2.39674778710652,0.1694756613056872,-0.0009400000000000208,0.7789476055229902,0.05507991340543302,-0.02913000000000082,2.6141425296548007,0.1848477909707065,0.037145000000000004,1.7685510977845678,0.12505544741183808,0.0,0.06079341042516789,0.004298743276309317,0.0070749999999989484,4.039352586334365,0.28562536054004484
R:A:ASP:245,0.0,11.657546682040351,0.824313031086947,-0.0022099999999999655,1.089825991500478,0.07706233489033407,0.30656500000000003,16.260606855904086,1.1497985374018245,-0.3017749999999998,9.544626010712783,0.6749069776064514,0.0,0.09401616562112285,0.006647946825185352,0.0025799999999999556,22.194642943326393,1.5693982531240247
R:A:LEU:246,0.0,4.369179452917905,0.308947641937918,-0.0049700000000000785,1.2363812921182527,0.08742535957890021,0.008775000000000333,2.157307371719431,0.15254466716465376,0.0012650000000000111,1.268780944992082,0.08971636100441771,0.0,0.024861581986387913,0.0017579793213600209,0.005070000000000194,5.184859310724725,0.3666249178111662
R:A:LEU:247,0.0,4.331102589410692,0.3062552010986916,-0.003324999999999969,1.2710322505251392,0.08987555234531247,-0.003385000000000531,2.6168152074181696,0.18503677782774697,0.008579999999999999,1.762129279763548,0.12460135630481717,0.0,0.033591314360101605,0.00237526461729969,0.0018699999999992212,5.5070793009226255,0.389409311821446
R:A:GLU:248,0.0,3.6706836877549116,0.25955653272023416,-0.007110000000000069,1.6941445107044442,0.1197941071829078,0.4123999999999997,14.159479756622416,1.0012264153981356,-0.4022350000000003,13.128133847461907,0.9282992467864954,0.0,0.12127281202075263,0.008575282775343564,0.0030549999999986,19.728089536209797,1.3949865890909319
R:A:CYS:249,0.0,2.907358112754601,0.20558126368665014,-0.03674500000000006,1.0808216170464948,0.07642562946665862,0.13043000000000052,2.166073614480819,0.15316453413486425,-0.07759,2.2706770384953474,0.16056111318046473,-0.0006816600000000001,0.012495296374893713,0.0008835508799623029,0.015413339999999902,4.412358985010908,0.31200089593306046
R:A:ALA:250,0.0,2.848177418762743,0.20139655668295325,-0.023014999999999994,0.8913898270537981,0.06303077913904444,-0.049525000000000076,2.5275668285279815,0.17872596443543112,0.09541000000000002,1.9093194818835322,0.1350092753091431,-5.7311999999999955e-05,0.059911901470235444,0.004236411180338377,0.022812687999999793,4.352513621464932,0.3077691896944671
R:A:ASP:251,0.0,3.985640542346989,0.2818273454865585,-0.01457500000000003,1.1055016547138228,0.07817077166610932,0.1388549999999996,12.349709308881526,0.8732563197992758,-0.10160000000000081,11.553405942958985,0.8169491688067256,0.0,0.09035841343421636,0.0063893046876592014,0.022679999999998268,17.41011596690063,1.2310811061439622
R:A:ASP:252,0.0,4.809408921224103,0.3400765661696641,-0.10635499999999996,1.0394736930172885,0.07350188971975483,0.5043450000000003,16.16528171205114,1.1430580318382244,-0.397475000000001,14.615790575243441,1.0334924628157067,-0.00010411199999999982,0.13980942758583972,0.009886019431975682,0.00041088799999961623,22.342070928528916,1.579822985931362
R:A:ARG:253,0.0,6.250103315946068,0.4419490437821991,-1.46582,2.1169159724939486,0.1496885639352586,-0.19860500000000017,15.313497156560123,1.0828277683084577,1.641355000000001,14.432209211322256,1.0205113000828923,-0.21816518399999998,0.27844740598991236,0.01968920489792707,-0.24123518399999738,22.054807084530406,1.559510364723256
R:A:ALA:254,0.0,3.2634318777630407,0.2307594810706594,-0.09058,0.753051863154192,0.053248807902149316,-0.08930999999999954,3.1085650447996094,0.21980874229372677,0.06134999999999999,2.4574135660690084,0.17376537967472117,-7.55999999999997e-05,0.10558739530150607,0.007466156322551955,-0.11861560000000021,5.189439420582589,0.3669487804850737
R:A:ASP:255,0.0,13.765009934567791,0.9733331867833079,-0.05765499999999994,1.1425504402322901,0.08079051641359275,0.062259999999999954,24.648297061625776,1.7428977996976038,-0.0431649999999992,15.975305829807297,1.1296247083785724,0.0,0.0877544627049668,0.0062051775658064,-0.03855999999999881,32.45824340975609,2.29514440204421
R:A:LEU:256,0.0,6.140773575356772,0.4342182636865934,-1.2658950000000002,1.564675037180245,0.11063923291434645,0.12568000000000035,3.3649628144676433,0.2379388024550641,0.137265,1.2771627794744882,0.09030904620454698,-0.1131363,0.08225519570519786,0.0058163206670971985,-1.1160862999999994,7.28822293162198,0.5153551857749201
R:A:ALA:257,0.0,3.360771840210222,0.237642455823344,-0.523645,0.8240679461518934,0.058270403288247445,0.20240500000000053,2.0260325208335135,0.14326213343858524,-0.157165,1.6288356926267917,0.11517607636950913,-0.044004816,0.021287758661639886,0.0015052718505908227,-0.522409815999999,4.328076015915598,0.3060411900344775
R:A:LYS:258,0.0,4.676050327568127,0.33064668957929993,-0.040790000000000035,1.391015972553874,0.09835968269316447,0.10462999999999865,23.022370910276596,1.627927458964849,-0.05621000000000023,21.424424408015028,1.514935578192601,0.0,0.15761848378873336,0.011145309872735527,0.007629999999997929,31.825473118767327,2.2504007856750556
R:A:TYR:259,0.0,4.670344557717343,0.330243230723962,-0.061280000000000064,1.7063468626864822,0.12065694376620022,-0.11075999999999936,5.940249181637922,0.4200390478274014,0.12345500000000001,2.532119795028466,0.1790479077841319,-3.344400000000025e-05,0.15900918724628182,0.011243647457280737,-0.04861844399999949,8.151515983027558,0.5763992228549312
R:A:ILE:260,0.0,4.728262023280858,0.334338613988872,-0.69808,1.693854942298779,0.11977363160458147,0.0728400000000001,2.333625877202685,0.1650122682522424,0.015525000000000004,1.110917928730561,0.07855376007470934,-0.081369972,0.026844966076778862,0.0018982257553613162,-0.6910849719999999,5.648564008460792,0.3994137914348893
R:A:CYS:261,0.0,2.9553292301789327,0.20897333392983425,-0.024344999999999995,0.8636514157199071,0.061069377263690834,-0.0014850000000004827,3.3512974737965293,0.23697251694948718,0.030849999999999995,2.1576281706308897,0.15256735107322272,0.0,0.0548707638913807,0.0038799489236481244,0.005019999999998803,5.036807471795009,0.3561560718837321
R:A:GLU:262,0.0,4.543131713867649,0.32124792426994764,-0.006760000000000066,1.2402970423047859,0.08770224492993323,0.06713000000000015,18.925478039603124,1.3382333859000457,-0.039455000000002516,18.146114110918486,1.283124034001536,0.0,0.1398786233423774,0.009890912310843396,0.020914999999997512,26.639315398597297,1.8836840564515365
R:A:ASN:263,0.0,4.298447894990702,0.30394616551249665,-0.00890500000000002,1.3447063093757685,0.09508509500639414,-0.0011849999999999738,4.170256434270559,0.2948816603959544,0.04718000000000007,2.673701971761251,0.18905927951042234,0.0,0.08875859971605303,0.006276180774784347,0.037090000000000456,6.695706715114063,0.4734579623093456
R:A:GLN:264,0.0,4.056291851919681,0.2868231474964146,-0.007950000000000061,1.5576360369964481,0.11014150043807285,0.017440000000000497,6.012428015153279,0.4251428620910858,0.014465000000000021,4.092867601984579,0.2894094435862019,0.0,0.12947480199602687,0.009155251048417613,0.023955000000000694,8.47333188190023,0.5991550432935822
R:A:ASP:265,0.0,13.88548727002225,0.9818522208712214,-0.0020200000000000305,1.0823598800768623,0.07653440108866078,0.03857000000000006,16.555296890281067,1.1706362695674304,-0.03290499999999938,19.207515848122448,1.3581764705955464,0.0,0.21426694893411846,0.015150961257546685,0.0036450000000001026,28.931482681372906,2.045764759377994
R:A:SER:266,0.0,6.774239388946184,0.47901106093048607,-0.0027300000000000015,1.1296871789570775,0.07988094648600504,0.008685000000000258,6.502794587504284,0.4598170149487457,0.012464999999999947,3.1092904975050177,0.2198600395464692,0.0,0.15751892271690524,0.01113826984183234,0.018420000000000245,9.957175778161892,0.7040786514204711
R:A:ILE:267,0.0,4.641021321729732,0.3281697648226447,-0.03297499999999989,1.66382909971998,0.11765048391475062,0.015014999999999716,2.5937638553027527,0.18340680108811394,0.007535000000000001,1.4118031444840318,0.099829557716515,0.0,0.033981898367744436,0.002402883077342416,-0.010424999999999806,5.747117539000892,0.40638257841036735
R:A:SER:268,0.0,3.6763945470460597,0.25996035145335145,-0.009840000000000026,1.0154791552513522,0.0718052196831818,-0.0284699999999998,2.5573759595139705,0.1808337883015782,0.041675000000000004,1.4789501417813247,0.10457756742903805,0.0,0.021289669590386036,0.0015054069736582993,0.003365000000000018,4.824416374081561,0.3411377533380487
R:A:SER:269,0.0,4.273814644436514,0.3022043316615432,-0.0023949999999999783,1.5888635539199079,0.11234961933569244,-0.03567500000000021,6.173667261529002,0.436544198541654,0.050894999999999975,4.45161495734694,0.31477671235714844,0.0,0.14295596090564464,0.01010851293674203,0.012824999999999953,8.873638408188802,0.6274609892227703
R:A:LYS:270,0.0,4.649837585115204,0.3287931687851041,-0.008749999999999956,1.7550843916889012,0.12410320749178887,0.16609500000000266,19.693354069149187,1.392530420660308,-0.10682000000000004,18.136802619778383,1.2824656121487235,0.0,0.1386349054154078,0.009802968172839047,0.05052500000000263,27.23035685018789,1.9254769982897413
R:A:LEU:271,0.0,4.295682760260585,0.30375064096064064,-0.055329999999999976,1.3274037320084648,0.09386161802755161,-0.08706500000000013,2.5848776542759238,0.18277845178760818,0.07473,0.9592361809012419,0.06782824082747539,-4.780800000000001e-05,0.0025119097139188738,0.00017761883924403963,-0.06771280800000012,5.274146745452331,0.3729384928682303
R:A:LYS:272,0.0,5.578649545539673,0.39447009235143543,-0.0038200000000000013,1.2541377259894546,0.08868092905890196,0.22412500000000007,15.992490799721443,1.1308398692546504,-0.204,15.152122745541298,1.071416874274318,0.0,0.1817733044219266,0.012853313619543094,0.016304999999999924,22.76123501475756,1.6094623627115756
R:A:GLU:273,0.0,4.430460078360937,0.3132808365185301,-0.004704999999999997,1.282077676849184,0.0906565819307953,-0.58942,14.62197448519693,1.0339297312819427,0.6223100000000007,14.357592177546692,1.0152350790254194,0.0,0.14749931333123734,0.010429776467687725,0.028185000000001282,21.00564321094115,1.4853232757641652
R:A:CYS:274,0.0,3.2723410983499255,0.23138945809986672,-0.022695000000000066,1.2199963065005566,0.08626676613490852,-0.024864999999999214,2.235870377476074,0.15809991057674577,0.072115,1.1444555957200786,0.08092523125005575,0.0,0.02488883314383316,0.0017599062691824926,0.024555000000000292,4.301874203331644,0.3041884420987282
R:A:CYS:275,0.0,3.049752698490486,0.2156500814044595,-0.010379999999999959,0.7926422591560457,0.056048271650426466,-0.00806500000000014,3.5570079711570792,0.2515184457139774,0.01072499999999998,2.9506044308031196,0.2086392401619959,0.0,0.08468239307490548,0.00598794943903704,-0.007719999999999621,5.594177025675617,0.395568051001322
R:A:GLU:276,0.0,3.78267687749694,0.26747564711156413,-0.002724999999999993,1.1157454706047434,0.07889511883427898,-0.4530100000000003,11.742103969551197,0.8302921342267129,0.4662450000000005,11.227123447699103,0.7938775123086527,0.0,0.10268958164089503,0.007261249953548647,0.010509999999999806,16.717935997201554,1.1821365911063906
R:A:LYS:277,0.0,4.556134528034703,0.32216736207715085,-0.007874999999999908,1.5402448021580855,0.10891175442933144,0.9397399999999995,16.294264420039035,1.1521784865856288,-0.84829,14.88558242244824,1.0525696272824425,0.0,0.11648447067947226,0.00823669591203804,0.08357500000000143,22.58822484317182,1.5972286961573232
R:A:PRO:278,0.0,3.58154259250815,0.25325330542709606,-0.005480000000000038,1.036235586317127,0.07327292099916585,-0.10934500000000025,2.188738943427242,0.1547672149144482,0.07239,1.09701828512564,0.07757090684979775,0.0,0.08307925418472653,0.005874590400994098,-0.042435000000000854,4.461183808716122,0.3154533323262799
R:A:LEU:279,0.0,5.869381896209345,0.4150279740183184,-0.038185000000000004,1.4395202863367365,0.10178945561243069,-0.1837600000000009,6.032873965196853,0.426588609083447,0.172435,1.8928332296784627,0.13384352123608748,-1.4327999999999564e-05,0.22899206270523664,0.016192184037676794,-0.049524328000001026,8.749439169365772,0.618678776823773
R:A:LEU:280,0.0,5.042698362008181,0.35657262072542806,-0.02933499999999998,3.136699453816862,0.2217981454338043,-0.22354,3.468405676301433,0.24525331736186565,0.19756500000000002,1.4402344265344447,0.10183995295008243,0.0,0.517351467951545,0.03658227312453523,-0.05531000000000022,7.045527369469344,0.4981940179987191
R:A:GLU:281,0.0,4.2703517921536625,0.3019594710283981,-0.02073000000000001,1.6049521343485607,0.11348725376776901,-1.205255,18.881682491077825,1.3351365729652434,1.1643350000000003,18.20558321123976,1.2873291344123594,0.0,0.20060296098269942,0.014184771403696715,-0.06164999999999953,26.623546177876175,1.882569004160943
R:A:LYS:282,0.0,4.807740293297882,0.3399585763574733,-0.11092999999999999,1.50438359838839,0.10637598439262502,0.7735550000000008,9.620605594138812,0.6802795454736787,-0.5980049999999999,9.806042669429651,0.6933919268158341,0.0,0.08914135221904662,0.0063032454638226355,0.06462000000000062,14.63215663366906,1.0346497179051117
R:A:SER:283,0.0,4.781549837442877,0.3381066314637292,-0.524765,1.1391258872815595,0.08054836395219335,-2.4540800000000003,5.018761307887634,0.35488001539640124,1.908555,2.168485296324372,0.15333506579342834,-0.09340779599999999,0.08277120090093162,0.0058528077444002825,-1.1636977959999997,7.352412614417704,0.5198940817736272
R:A:HIS:284,0.0,4.081014560718938,0.28857130700054,-0.22147499999999995,1.4477857845948756,0.10237391459925227,-0.537725,8.657908496679497,0.6122065808894699,0.589825,6.449963599639536,0.45608129997115093,-0.0030488400000000006,0.19306836885422457,0.013651995284944781,-0.17242384000000058,11.633978205733282,0.8226464881450506
R:A:CYS:285,0.0,2.9161533978770735,0.2062031842619071,-0.08260999999999996,1.0465461915988228,0.07400199089044834,0.06957000000000065,2.650664700664722,0.18743029844918352,-0.009424999999999994,1.5643863146854105,0.1106188171509486,0.0,0.07840216632709869,0.005543870346960708,-0.022464999999999243,4.3679153343110695,0.3088582552540063
R:A:ILE:286,0.0,4.696055384421057,0.33206126071517283,-1.1669749999999999,1.6300272467277963,0.11526033196800624,-0.7197950000000002,3.2369811963270654,0.22888913544962108,0.371325,1.2882345910877413,0.09109194151172209,-0.12393604800000001,0.03392026163641502,0.0023985247022730955,-1.6393810480000004,6.0703106353649225,0.42923578141753566
R:A:ALA:287,0.0,3.021168583172743,0.21362887922692003,-1.017185,0.8608540154259606,0.06087157119193655,0.09716000000000022,3.2293087259040445,0.22834660986316396,0.10994499999999999,2.0595040082201828,0.14562892500933663,-0.277667028,0.09998489933491476,0.007070000033597255,-1.0877470279999992,4.954646085342021,0.35034638453247247
R:A:GLU:288,0.0,4.470985668501969,0.31614642847856117,-0.11992499999999998,1.2454759925727192,0.08806845201532158,-1.7167949999999996,13.737886940296715,0.9714153014657918,1.8670749999999992,13.456913344414275,0.9515474679675076,-0.0007175159999999986,0.10488900047188009,0.007416772350554539,0.029637483999998934,19.783073051017503,1.3988745107083318
R:A:VAL:289,0.0,4.622239052834676,0.3268416578524684,-0.12234,1.3227754670200078,0.09353435027170498,0.03168000000000035,4.610658688034715,0.32602280240460174,-0.0005399999999999927,2.0454044842035524,0.14463193810497044,-0.0016733520000000001,0.06263014992343237,0.004428620371758916,-0.09287335199999962,6.968543920714673,0.4927504661333636
R:A:GLU:290,0.0,4.366252300978495,0.308740661039326,-0.013370000000000002,1.2149408790142835,0.08590929342917446,-0.3940649999999999,14.277523012283151,1.0095733340532398,0.4218600000000004,13.062343259451957,0.9236471496944869,0.0,0.09724214074200957,0.006876057713577161,0.014425000000000594,19.875164686695328,1.4053863727161668
R:A:ASN:291,0.0,4.978850177656484,0.3520578723132746,-0.008315000000000025,1.489467482281839,0.10532125570783421,-0.0650700000000002,8.974396691285158,0.634585675746585,0.09414999999999996,4.904125649358916,0.346774050245257,0.0,0.1246482559402309,0.008813962703841362,0.020764999999999603,11.472281552388955,0.8112128081375563
R:A:ASP:292,0.0,4.168952450556374,0.29478945482326874,-0.004204999999999976,1.8754843480751844,0.1326167700533194,0.029109999999999553,14.965401875923678,1.0582137149647513,-0.030224999999999794,12.817446201930203,0.9063303126878605,0.0,0.0744603037780053,0.005265138573063786,-0.005320000000000605,20.227538922444044,1.4303029938775014
R:A:GLU:293,0.0,4.753789448298063,0.33614367552246166,-0.0012149999999999867,1.6783708180181758,0.1186787386766265,0.017974999999999762,17.22899176500688,1.218273691004355,-0.010099999999999625,16.062298889660845,1.1357760466324336,0.0,0.20753844624816553,0.014675184269899763,0.0066599999999994355,24.089294671859353,1.7033703616472715
R:A:MET:294,0.0,4.357472675984325,0.3081198478023608,-0.0010449999999999583,1.7074057354287528,0.12073181737584754,-0.011434999999999996,3.0516305974634284,0.21578286891427456,0.014695000000000062,2.686266433728233,0.1899477211363037,0.0,0.2917471255694956,0.020629637088187353,0.0022149999999997406,6.206157870128108,0.4388416315081846
R:A:PRO:295,0.0,3.653314956994538,0.25832837799010777,-0.0005400000000000338,1.9676053082363854,0.1391307056152595,0.0029600000000001,3.9098510442215058,0.27646821867983307,-0.004644999999999968,2.66672260071703,0.18856576345104378,0.0,0.2782250187822465,0.0196734797476681,-0.002224999999999291,6.300312262281242,0.4454993524251824
R:A:ALA:296,0.0,2.863551750178439,0.20248368608297806,-0.00017499999999999626,0.6670319065644461,0.04716627843995114,0.002844999999999409,2.4522917064401213,0.173403209507134,-0.0031849999999999756,1.5367086792476317,0.10866171278042235,0.0,0.11388199987693634,0.008052673436806726,-0.0005150000000005695,4.127110063782037,0.29183075128035224
R:A:ASP:297,0.0,6.403401977382804,0.4527888960870728,-0.00012499999999999068,1.3220945396888228,0.09348620143836738,0.14452999999999994,14.469952475158651,1.023180151863175,-0.14319000000000087,12.337537228957002,0.8723956237736983,0.0,0.09092533937570978,0.006429392405425258,0.0012149999999990157,20.108558073179083,1.4218897773428425
R:A:LEU:298,0.0,5.079795246419878,0.3591957665782685,-0.00033499999999995865,1.5098923225763485,0.1067655100155242,-0.014534999999999697,4.272984164652965,0.3021456078728847,0.015255000000000013,2.415553921127616,0.1708054557951092,0.0,0.1966142306782871,0.013902725579039293,0.0003850000000000742,7.226067128409492,0.5109601067807554
R:A:PRO:299,0.0,3.731145101701353,0.2638318003003997,-0.00020000000000000296,1.0864700050162452,0.07682503081027693,0.011325000000000038,4.9285217113932855,0.34849911233513203,-0.011024999999999986,3.370339774277217,0.2383190109294158,0.0,0.15893194118700282,0.011238185336047124,0.00010000000000047749,7.125772705989819,0.5038682201599416
R:A:SER:300,0.0,6.664028269564138,0.4712179579427656,-0.0001400000000000068,0.8416570713479451,0.05951414225837418,0.005734999999999673,6.40515857723874,0.4529131064540691,-0.004964999999999964,2.2837013703798927,0.16148207252006336,0.0,0.1412806213725261,0.009990048542276227,0.0006299999999996798,9.559234695618965,0.6759399676225892
R:A:LEU:301,0.0,6.952466911819861,0.4916136499322918,-0.000114999999999994,1.4988693139747038,0.10598606560239414,0.003619999999999877,5.271955690045203,0.37278356185459677,-0.002660000000000027,2.2921851141214575,0.1620819637930143,0.0,0.21756403300972338,0.015384100308346927,0.0008449999999999402,9.147588145734614,0.6468321609350621
R:A:ALA:302,0.0,3.426701176904692,0.24230436392892307,-0.0001899999999999924,0.8636688735562954,0.061070611719140334,0.008545000000000193,2.577233470191438,0.18223792634733035,-0.008014999999999979,2.857581093823061,0.20206149692327582,0.0,0.05997660258318899,0.004240986239910353,0.00034000000000046217,5.224911878630818,0.3694570620481995
R:A:ALA:303,0.0,3.3923642765481423,0.23987637842021878,-8.999999999999453e-05,0.8923345179359587,0.06309757887193453,-0.003330000000000339,3.533631636022634,0.24986548920469184,0.003189999999999997,2.3097692510616725,0.16332535004018817,0.0,0.07034887806254199,0.004974416872688899,-0.0002300000000003277,5.4891649431944245,0.38814257543842473
R:A:ASP:304,0.0,5.709720192794038,0.4037381867002426,-4.49999999999956e-05,2.0292063345985794,0.1434865559621354,0.23932499999999998,19.402166493530434,1.3719403497285787,-0.23881999999999948,15.4635253209286,1.0934363615478495,0.0,0.12589968847062966,0.008902452346685602,0.00045999999999970956,25.540147097336902,1.805961120502884
R:A:PHE:305,0.0,4.510063320154163,0.31890963572617237,-4.0000000000004476e-05,1.3178877074318585,0.09318873347674599,-0.005320000000000817,2.51584706187598,0.1778972517880757,0.005135000000000009,1.711757853136652,0.12103955857022529,0.0,0.12425140937731163,0.008785901414268283,-0.00022500000000077235,5.599333796127647,0.3959326897368872
R:A:VAL:306,0.0,3.9924838576442614,0.2823112409518084,-2.0000000000002238e-05,1.1248363035570998,0.07953793779700351,-0.005235000000000092,3.0109318241326886,0.21290503105346054,0.005299999999999992,1.863481920746751,0.131768070277856,0.0,0.15610500275558462,0.011038290602561857,4.499999999990845e-05,5.455990116721283,0.38579676096204024
R:A:GLU:307,0.0,4.303760549653059,0.30432182692628207,-4.999999999999449e-05,1.041021365150591,0.073611326665806,0.16041000000000008,11.120127277767551,0.7863117405766938,-0.16003499999999832,10.021553947570956,0.7086308754354237,0.0,0.13503949483838407,0.009548734252822716,0.0003250000000015518,15.611312892080576,1.1038865209215147
R:A:SER:308,0.0,6.207906655209951,0.43896528928720546,-3.9999999999997815e-05,1.2796903870663403,0.0904877750513847,-0.008830000000000417,6.2984456641539746,0.4453673640058283,0.008824999999999994,3.6707553589928876,0.25956160064207306,0.0,0.07847397925085862,0.005548948287497456,-4.50000000004569e-05,9.66057624481296,0.6831058972876917
R:A:LYS:309,0.0,4.431024869479972,0.3133207732815525,-2.4999999999999466e-05,1.035424246082252,0.07321555058097289,-0.13290000000000007,12.980029161328952,0.9178266639974837,0.13268499999999978,12.543537580438581,0.886962048319642,0.0,0.16536849164318226,0.01169331818354851,-0.00024000000000025778,18.61598569945138,1.3163489726553863
R:A:ASP:310,0.0,6.262061075999659,0.4427945851043687,-2.9999999999992255e-05,0.9970001085004956,0.0704985537564424,0.18581999999999993,14.550084666379092,1.0288463534435062,-0.18550000000000005,13.908359300693952,0.9834695176699682,0.0,0.15344187426196687,0.010849978980861034,0.0002899999999998215,21.10398978346694,1.492277428598109
R:A:VAL:311,0.0,4.089224024671429,0.2891518037636113,-8.999999999999898e-05,1.1945577371981648,0.084467987649168,0.007684999999999818,2.5564092824262317,0.18076543390918243,-0.007555000000000023,0.9569174415669306,0.06766428119676585,0.0,0.031604081939281194,0.0022347460652441023,3.999999999983572e-05,5.0597074558412185,0.35777534528454596
R:A:CYS:312,0.0,3.186300955371291,0.22530550124442147,-3.0000000000001136e-05,0.8996140304319402,0.0636123181368986,0.007460000000000449,2.0299337702866067,0.1435379934329235,-0.007390000000000008,1.2051904571062617,0.08521983448411526,0.0,0.0616982861914965,0.00436272765535955,4.0000000000546265e-05,4.066785095148128,0.287565131840762
R:A:LYS:313,0.0,4.765010262900804,0.33693710693206524,-8.999999999999675e-05,1.107617991683053,0.07832041928833118,-0.18950000000000075,18.62619732497216,1.3170710436206545,0.1892199999999998,17.844583833925633,1.2618026236420654,0.0,0.17106085054367237,0.012095828741496924,-0.00037000000000086963,26.25501478252181,1.8565098992874218
R:A:ASN:314,0.0,10.258204749660147,0.725364614128474,-6.500000000000394e-05,0.9177043032889188,0.06489149359796706,0.011980000000000218,8.341551786001812,0.5898367833500637,-0.011714999999999986,3.719774112063124,0.26302774991220035,0.0,0.13431094371182417,0.009497217908619555,0.00020000000000052864,13.766233724121888,0.9734197217725526
R:A:TYR:315,0.0,5.0224470481578996,0.35514063659028094,-0.0001599999999999735,1.8211304023600285,0.1287733656933762,0.01839999999999975,4.116943687682648,0.2911118799323552,-0.01847999999999999,1.8611405638344463,0.13160251134286916,0.0,0.09058146501539148,0.006405076816219533,-0.00024000000000008902,6.997339838942677,0.4947866450383151
R:A:ALA:316,0.0,3.054430541721321,0.21598085487144458,-4.5000000000001704e-05,0.9752202640814023,0.06895848618824951,0.007195000000000036,3.0488162300104276,0.2155838630831978,-0.0071649999999999995,2.430883470525685,0.1718894186283001,0.0,0.1099816334286557,0.007776875880337553,-1.4999999999993907e-05,5.049472379270593,0.3570516160796407
R:A:GLU:317,0.0,4.30841775448946,0.30465114103840146,-7.499999999998286e-05,1.2396274226052761,0.08765489566689928,0.28509000000000007,17.687047492577726,1.2506631221170232,-0.28431499999999893,16.80776674007808,1.1884885838510921,0.0,0.13914377636495093,0.009838950782756125,0.0007000000000013173,24.808288382678704,1.7542108945023558
R:A:ALA:318,0.0,3.2456839140926834,0.2295045105243032,-0.00018499999999999295,1.1965213772745558,0.08460683797055057,0.014395000000000237,2.6558980242801113,0.18780035031084205,-0.014474999999999998,1.0650353966770307,0.0753093751194033,0.0,0.06824789240914624,0.00482585475241972,-0.00026500000000010624,4.489864136345697,0.3174813377416324
R:A:LYS:319,0.0,4.395194427866644,0.3107871784577832,-0.00017499999999997184,1.3398460087543642,0.09474141985359412,-0.29365500000000067,16.709938116775746,1.1815710555579697,0.2937599999999999,15.669748402140987,1.108018535464096,0.0,0.19794279357719055,0.013996669162544042,-7.000000000054741e-05,23.364827189352997,1.6521427746843325
R:A:ASP:320,0.0,11.254808257842512,0.7958351240074794,-0.00037500000000000977,1.5260662473087463,0.10790917920119214,0.5098799999999999,16.26103573752299,1.1498288639119298,-0.5025799999999999,12.76405534822691,0.9025550092171667,0.0,0.1694435778654694,0.01198147029371842,0.006925000000000878,23.587511323318,1.6678889208032632
R:A:VAL:321,0.0,4.200868911017101,0.2970462893855939,-0.0006349999999999789,1.1888690962738497,0.08406573999183616,0.017129999999999937,3.5617206226064386,0.2518516804936985,-0.014859999999999993,1.187538983107502,0.08397168678786916,0.0,0.10952720819233241,0.0077447431637229025,0.0016350000000003285,5.75923677016837,0.4072395374644964
R:A:PHE:322,0.0,4.525193107393319,0.31997947324164405,-0.00032999999999999474,1.356353009636503,0.0959086410796754,0.009170000000000265,2.543202076969111,0.17983154345525704,-0.007465,1.5466057259608863,0.10936153966488858,0.0,0.08276225711562177,0.005852175323276075,0.0013750000000002749,5.584244068182181,0.3948656848412373
R:A:LEU:323,0.0,4.141669067604266,0.2928602283133542,-0.000890000000000013,1.6541267849684316,0.116964426659348,-0.005304999999999751,1.8698708245959133,0.13221983400146517,0.009165000000000027,1.131735950244137,0.08002581649302304,0.0,0.04697358470402496,0.0033215340280856732,0.002970000000000108,4.966790489411642,0.35120512357958233
R:A:GLY:324,0.0,2.6886822392763334,0.19011854438481268,-0.0007999999999999674,0.784648140219551,0.05548300207946575,0.001185000000000045,1.9196869543170312,0.13574236631529227,-0.0008550000000000064,1.114662787561781,0.07881856158212353,0.0,0.028823285583081466,0.0020381140691873357,-0.000469999999999805,3.5739595411940246,0.2527171027264657
R:A:MET:325,0.0,4.113403858023181,0.29086157617670977,-0.0007949999999998836,1.0837192207278599,0.07663052098788706,-0.004165000000000632,3.0119211671912995,0.2129749881720269,0.005544999999999962,1.882270771880337,0.13309664268258234,0.0,0.09517418948841606,0.0067298314781192425,0.0005849999999998335,5.54240102762059,0.3919069350685809
R:A:PHE:326,0.0,4.591162234984732,0.3246441949885289,-0.0007399999999999362,1.1215997302736838,0.07930907750535245,-0.005854999999999677,1.9178084775792918,0.13560953795133662,0.008875000000000001,1.106252687849842,0.07822387772844683,0.0,0.0348292792780874,0.00246280195613757,0.002280000000000282,5.219171779855979,0.36905117577136254
R:A:LEU:327,0.0,4.225170996959768,0.2987647063622978,-0.0026650000000000063,1.3876207042181952,0.09811960096675383,-0.02914000000000044,1.9741378849892937,0.13959262854731982,0.030134999999999995,0.6711770398896255,0.04745938362826681,0.0,0.003404922696919858,0.00024076439284080194,-0.0016700000000005755,4.911748341848203,0.3473130560002645
R:A:TYR:328,0.0,4.309940847761139,0.30475883999647985,-0.004030000000000022,1.2940581073120327,0.09150372629297673,-0.011090000000000301,2.9615416443973905,0.20941261795197538,0.004465000000000002,1.7242752403183779,0.12192467150611888,0.0,0.0745291972115734,0.005270010074469308,-0.010654999999999717,5.656817578233542,0.3999974069504201
R:A:GLU:329,0.0,3.945977595723271,0.2790227516346114,-0.0009099999999999708,1.3210690508637315,0.09341368842814206,0.37787000000000015,19.222332896584117,1.3592241941399879,-0.37277499999999947,18.357896423315363,1.2980993049246559,0.0,0.12651684370123953,0.008946091811546502,0.004185000000000941,26.904319582756877,1.9024226820177412
R:A:TYR:330,0.0,4.932861578009259,0.34880598724649203,-0.0011449999999999872,1.4650724069052015,0.10359626338519648,-0.025880000000000437,2.3033293365908407,0.16286997932092953,0.032315000000000024,1.1718976479944825,0.08286567737534642,0.0,0.12039662931653806,0.008513327302172715,0.005289999999999641,5.759576892776134,0.40726358776473487
R:A:ALA:331,0.0,3.112524892623351,0.2200887458185902,-0.0026050000000000084,1.0823171082797314,0.07653137666588128,-0.04929000000000009,1.8297191414804619,0.12938068126076624,0.06136999999999999,0.9052173161733044,0.06400853027136305,0.0,0.0001518329267056392,1.0736209208095751e-05,0.009474999999999815,3.876404529886972,0.27410319297053287
R:A:ARG:332,0.0,6.006027214457155,0.42469025713336045,-0.0031250000000000266,1.8762775773256473,0.1326728598315232,-0.480145,15.454279993803498,1.092782618197405,0.510095,11.53595223243296,0.8157150050997437,0.0,0.0814126965859829,0.005756746983063139,0.02682500000000033,20.285767732846352,1.434420392547091
R:A:ARG:333,0.0,5.784892772692507,0.409053690800792,-0.0010149999999999127,2.29384288822818,0.16219918612426817,-0.2170400000000005,12.703785587611275,0.8982932935739861,0.22440500000000005,12.652901455056663,0.8946952420555699,0.0,0.3127036725454646,0.022111488735883564,0.006349999999999767,18.981742982709026,1.3422119181813714
R:A:HIS:334,0.0,4.151983188736438,0.29358954681280797,-0.0014799999999999525,1.4101438014436685,0.09971222444489944,0.002004999999999981,2.744283629360311,0.19405015638199058,0.006150000000000036,2.0115064121076025,0.14223498244015076,0.0,0.10569243592469296,0.007473583816247506,0.006674999999999303,5.5512063117521295,0.39252956268054945
R:A:PRO:335,0.0,3.6189163049109054,0.25589602597490646,-0.004009999999999981,0.9941052754613064,0.07029385814920106,-0.005045000000000002,2.386603380428973,0.16875834343040644,0.017240000000000002,1.7384899093753752,0.12292980039437142,0.0,0.09202776657486995,0.006507345780254324,0.008184999999999642,4.776137821602906,0.33772394415369594
R:A:ASP:336,0.0,10.456362934001,0.7393765137179771,-0.0022700000000000042,1.273027297075754,0.09001662343978471,-0.06655999999999927,24.77182080323124,1.7516322472302797,0.07669499999999928,17.375419980201197,1.2286277293964494,0.0,0.1643540536325119,0.011621586583904669,0.007865000000000321,32.0395296775307,2.2655368701009597
R:A:TYR:337,0.0,4.820178751021584,0.34083810813786647,-0.0021450000000000457,0.9989195304803086,0.07063427738623083,0.006224999999999667,3.0708996353959535,0.2171453956531775,0.0009649999999999981,2.1132630823858634,0.14943026559862296,0.0,0.08933807455392818,0.006317155833523196,0.005044999999999908,6.175455459947064,0.43667064326440586
R:A:SER:338,0.0,4.504847905867632,0.31854085024530204,-0.0016750000000000443,1.657208249609867,0.11718231911374256,0.03143000000000047,5.3600297443531035,0.3790113379593676,-0.02553499999999999,1.948229390696845,0.13776062134686748,0.0,0.021778033891813833,0.001539939544581202,0.004220000000000018,7.454259503093529,0.5270957443361698
R:A:VAL:339,0.0,4.593856374414638,0.3248346994145638,-0.011499999999999897,1.3671133540968723,0.0966695123332584,0.015385000000000452,3.842350217715064,0.2716951894639929,-0.011724999999999996,1.0314228700562151,0.07293261056876409,0.0,0.051213555830668424,0.003621345261654149,-0.007839999999999321,6.2291754247613556,0.4404692184049347
R:A:VAL:340,0.0,5.021954210061059,0.35510578767425066,-0.002379999999999969,1.2378582794488229,0.0875297983546175,0.026415000000000077,3.845715325368611,0.27193313850811746,-0.022860000000000005,1.1025743455205186,0.07796377964798781,0.0,0.037345245997173565,0.0026407076689681196,0.0011750000000000339,6.539029624227403,0.46237921896709183
R:A:LEU:341,0.0,4.45870821516165,0.3152782814272971,-0.0008600000000000385,1.3428144147275154,0.0949513178528871,0.012914999999999352,3.173504148142081,0.22440063032749033,-0.010209999999999999,0.9112358282848628,0.06443410334403668,0.0,0.0021206306954979215,0.0001499512345178925,0.0018449999999996614,5.708302139029567,0.40363791515694813
R:A:LEU:342,0.0,4.642770660090804,0.3282934617244151,-0.0019650000000000834,1.376247758063569,0.09731541223195327,-0.008904999999999816,2.2766656496233697,0.16098457193431612,0.014345000000000004,0.7294549245669674,0.05158025237312241,0.0,0.01559898328661301,0.0011030146861579677,0.003475000000000028,5.400456609325231,0.38186994899575805
R:A:LEU:343,0.0,5.54099802002762,0.3918077274502763,-0.0029999999999999805,1.129305370570777,0.07985394855609833,-0.009349999999999668,3.9712273606908983,0.28080817963780896,0.013505000000000005,0.9623177073996925,0.06804613765582143,0.0,0.038838417877279804,0.0027462908651581385,0.0011550000000010985,6.976833108289765,0.4933366002078511
R:A:ARG:344,0.0,5.597551011071718,0.3958066277966427,-0.0007499999999999663,2.031021414042698,0.14361490146046824,-0.18448,9.763494716831675,0.6903833322350708,0.19519499999999998,7.774110202966961,0.5497126042209465,0.0,0.03731235365922916,0.002638381829447163,0.009964999999999264,13.8282911471758,0.977807844238991
R:A:LEU:345,0.0,5.042351520228434,0.3565480953079822,-0.00039500000000000315,1.4365518655708187,0.10157955656713115,-0.006430000000000433,2.7112748100294075,0.19171608038320623,0.009304999999999992,0.7828901203074413,0.05535869129933438,0.0,0.025410443537658135,0.001796789693843595,0.0024799999999997003,5.954289532987186,0.42103185059233206
R:A:ALA:346,0.0,3.315976041522315,0.23447491452125535,-0.00036500000000001977,1.0935361744702368,0.07732468444407,-0.01508000000000031,1.9676115649055332,0.1391311480285777,0.01816499999999999,0.8354392032787306,0.05907447259074769,0.0,0.007671158949311375,0.0005424328512617944,0.0027199999999997625,4.094023846074865,0.28949120238989673
R:A:LYS:347,0.0,4.693844208529932,0.3319049069684718,-0.0004550000000000498,1.567269001918624,0.11082265392001311,-0.3348050000000018,17.40917854023202,1.231014820068538,0.336385,15.8893981571951,1.1235501185925687,0.0,0.15714597581372255,0.01111189851340604,0.0011249999999980043,24.084552553028452,1.7030350432090193
R:A:THR:348,0.0,4.6395363244832994,0.32806475966034515,-0.00010000000000001119,1.4942309005638987,0.10565808024472145,-0.009900000000000162,4.516995883388649,0.31939984197358334,0.011550000000000015,1.392102855646809,0.09843653693370161,0.0,0.06123686182538513,0.004330100025531345,0.0015499999999999759,6.789917187631689,0.48011964870694585
R:A:TYR:349,0.0,4.699263104737806,0.3322880807939852,-0.00027500000000000744,1.2814667706870124,0.09061338434180129,-0.01401000000000053,2.5056402039997683,0.17717551794618805,0.01453999999999999,1.1644990727347102,0.08234251910161602,0.0,0.029568440306312536,0.002090804464970323,0.0002549999999991304,5.600035359431862,0.39598229775387145
R:A:GLU:350,0.0,4.021642989966912,0.2843731029716946,-0.000269999999999988,1.9841462243872048,0.14030032501298775,0.40454499999999965,13.892277642704057,0.9823323727282304,-0.40259499999999937,12.437461111303023,0.8794613092546341,0.0,0.08099554912057803,0.005727250202908883,0.0016800000000003834,19.178186198246888,1.3561025511638627
R:A:THR:351,0.0,5.320967229442407,0.37624920104101217,-6.999999999999007e-05,1.1238708183327832,0.07946966768207854,-0.007010000000000147,5.933858292776295,0.4195871437422148,0.00717000000000001,3.0461762086753943,0.21539718538434988,0.0,0.11146795188433797,0.007881974466239118,8.999999999994124e-05,8.606861606325927,0.6085970206567204
R:A:THR:352,0.0,4.348502461767729,0.30748555787223564,-5.999999999999783e-05,1.4764805935737861,0.1044029440006363,-0.013820000000000015,3.4535119469534195,0.24420017165995192,0.014325,1.0860117812781775,0.0767926294990281,0.0,0.07385851146917403,0.005222585430819735,0.0004449999999999754,5.848169802574259,0.4135280524930651
R:A:LEU:353,0.0,5.855796315920662,0.4140673284234702,-8.49999999999973e-05,1.2680170207355264,0.08966234340220537,-0.012104999999999961,4.209654472029147,0.2976675223624085,0.01225,0.8404126143151351,0.05942614585769466,0.0,0.007160372375512323,0.0005063147862545592,6.000000000011774e-05,7.370600590557905,0.5211801659001066
R:A:GLU:354,0.0,4.6759260815372174,0.33063790405820076,-5.4999999999993944e-05,1.8848209969052763,0.13327697082345094,0.24988499999999994,19.313489303931462,1.365669925518379,-0.24942499999999967,17.536681611820832,1.2400306487227943,0.0,0.12031743378627771,0.00850772733252404,0.0004050000000004417,26.57023489250138,1.8787993270207142
R:A:LYS:355,0.0,4.8372392639603845,0.3420444685768212,-5.000000000000338e-05,1.0844432430975814,0.07668171710062315,-0.1674250000000005,12.825159903072358,0.9068757537264268,0.16715500000000008,13.11835649462138,0.9276078835369365,0.0,0.1661114353899862,0.01174585223968903,-0.00032000000000050657,19.0046967224583,1.3438349926844018
R:A:CYS:356,0.0,3.246385982588947,0.22955415426375977,-3.4999999999998364e-05,1.2542368792516827,0.08868794025331178,-0.007610000000000383,2.167419222462512,0.15325968298773165,0.0075499999999999986,0.9159035920608675,0.06476416408593567,0.0,0.005569886995869127,0.00039385048652218274,-9.500000000031844e-05,4.201041370507573,0.2970584841131132
R:A:CYS:357,0.0,2.758596679464034,0.19506224186077115,-1.9999999999993358e-05,0.7635304984085443,0.05398975930674261,-0.002129999999999583,1.8345611897944423,0.12972306578053108,0.0020099999999999853,0.9337359720499151,0.06602510376743076,0.0,0.060003606494372384,0.004242895704781987,-0.0001399999999996182,3.5261753387122323,0.24933824936561905
R:A:ALA:358,0.0,3.348421710589931,0.23676916978303994,-9.999999999998898e-06,0.7311028034072911,0.05169677500337908,-0.0030949999999995725,1.8223060576300019,0.12885649707474978,0.0030899999999999973,0.7689757383363925,0.054374795914559536,0.0,0.052168755849686436,0.0036888881027378646,-1.4999999999616432e-05,3.95743400374686,0.2798328420147633
R:A:ALA:359,0.0,3.2371057873894085,0.2288979453681269,-2.0000000000002238e-05,0.7385915231032644,0.05222630745132188,0.0020050000000001234,2.3026019866392455,0.16281854791262265,-0.002054999999999985,1.2914045839220951,0.09131609385467053,0.0,0.0673909892645552,0.00476526254998368,-6.999999999990792e-05,4.242477409537269,0.29998845453145406
R:A:ALA:360,0.0,3.031747076357128,0.21437689165346147,-5.0000000000005595e-06,0.32155927987697697,0.022737674735447334,0.000750000000000739,1.4648878212853025,0.10358321121084246,-0.0007199999999999874,0.8285091953321942,0.058584447029480444,0.0,0.04255486144925151,0.0030090831103219734,2.5000000000736656e-05,3.48267504045496,0.24626231377748356
R:A:ASP:361,0.0,7.131296154276584,0.5042587869338521,-9.999999999994458e-06,1.149219039152241,0.0812620575653238,0.12873499999999977,13.488776915301662,0.9538005626722366,-0.12857500000000066,9.8994241495238,0.699994994597015,0.0,0.06963606587078945,0.0049240134392388325,0.00014999999999837143,18.224341952031352,1.288655577694385
R:A:PRO:362,0.0,3.794845742424848,0.26833611580255085,-2.4999999999990586e-05,1.0165968408740016,0.07188425199148281,0.0016800000000002412,1.9172332939942391,0.13556886632999482,-0.001639999999999992,0.9432707229369519,0.06669931246834557,0.0,0.06676014488531576,0.004720655116140318,1.5000000000240376e-05,4.47261930226239,0.3162619438295581
R:A:HIS:363,0.0,4.200558856247582,0.29702436520258735,-2.4999999999995027e-05,1.7731748243123124,0.1253823942500501,-0.0036849999999998316,4.173407255034547,0.29510445706880634,0.00367999999999998,2.7155507113659287,0.19201843226628013,0.0,0.12156860717892264,0.008596198651561979,-2.9999999999675286e-05,6.752419297629659,0.4774681474768836
R:A:GLU:364,0.0,4.177057971102388,0.29536260167758205,-2.4999999999992805e-05,1.1217241452670081,0.07931787497389853,0.113965,14.095998070600572,0.9967375823314154,-0.11380999999999944,13.830759618623627,0.9779823915289835,0.0,0.1539423245339411,0.010885366158956997,0.00013000000000054968,20.216746766624766,1.429539873221158
R:A:CYS:365,0.0,3.3742932941876886,0.23859856700324086,-1.9999999999993358e-05,0.8127667362780049,0.05747128707450356,0.0011950000000000927,2.2320676742372765,0.1578310188520464,-0.0010850000000000098,1.4930016267154567,0.10557115745730458,0.0,0.08635494552470027,0.006106216756951046,9.000000000011554e-05,4.3892006264428804,0.3103633526946003
R:A:TYR:366,0.0,4.9510343672358,0.35009099749600814,-7.500000000001173e-05,1.6433138804181628,0.11619983884616622,0.005115000000000265,4.49729261449319,0.3180066104688313,-0.005135000000000005,2.09453267756199,0.14810582597208996,0.0,0.02396969034727249,0.001694913058749811,-9.49999999998652e-05,7.199062741699808,0.5090506082843352
R:A:ALA:367,0.0,2.9060469947249663,0.20548855364168106,-1.4999999999996128e-05,0.8307431271909506,0.05874240986608397,-0.0005899999999996908,2.6458607404585757,0.18709060716535186,0.0005900000000000186,1.878334521843753,0.1328183077732509,0.0,0.077736018853513,0.005496766607376435,-1.4999999999778523e-05,4.435088026342003,0.31360808185856914
R:A:LYS:368,0.0,4.7408076720955465,0.33522572532399714,-1.4999999999996128e-05,1.7603717041508593,0.12447707694139915,-0.12460499999999981,20.04595574077163,1.4174631239665019,0.12450499999999978,16.534792379091883,1.1691863816767516,0.0,0.15114201453231238,0.01068735433979938,-0.0001149999999998208,26.473320728797546,1.8719464607859138
R:A:VAL:369,0.0,5.198907834915907,0.367618298483291,-6.000000000000672e-05,1.4534533054075043,0.10277466883916483,-0.002205000000000261,4.36228477669386,0.30846011470670726,0.0026299999999999987,1.2721030388691004,0.08995126851523551,0.0,0.02035821953827515,0.0014395435088398823,0.0003649999999996467,7.056157471211068,0.49894567970134673
R:A:PHE:370,0.0,4.436347988824817,0.313697174660133,-0.00010999999999996124,1.8446233317130085,0.13043456665891906,-0.0019100000000001672,2.9167289476226617,0.20624388177470865,0.0016599999999999916,1.8508701757281627,0.13087628523533207,0.0,0.2594182938672488,0.018343643475737616,-0.00036000000000006247,5.923187041310023,0.41883257231466003
R:A:ASP:371,0.0,14.911742615319982,1.0544194322601181,-3.0000000000001136e-05,1.318818062414221,0.09325451950843991,0.1175099999999998,28.500409160132243,2.0152832583720706,-0.11726499999999916,22.000057333933814,1.5556389727317437,0.0,0.1803501272079453,0.012752679793659459,0.0002150000000011687,38.99240592816771,2.7571794646585923
R:A:GLU:372,0.0,3.8694333871963735,0.2736102587436187,-7.00000000000145e-05,1.2689331775550674,0.08972712547217815,0.14803000000000033,17.145508906496477,1.2123705614678006,-0.14747000000000035,16.074905280260598,1.1366674530603709,0.0,0.13897478910156286,0.009827001578768538,0.0004899999999999593,23.85315651168952,1.6866728722119713
R:A:PHE:373,0.0,4.244919422739375,0.3001611309409497,-0.00020000000000004902,1.6717162067617817,0.11820818660207083,-0.0031449999999998823,2.3606319505325266,0.1669218860107176,0.0022999999999999987,1.268206471281392,0.08967573957877348,0.0,0.0542999644585077,0.003839587308679931,-0.0010450000000000337,5.291299965728195,0.3741514087058553
R:A:LYS:374,0.0,4.436737181753051,0.3137246947560074,-3.9999999999991153e-05,1.438412975174376,0.10171115688925182,-0.0911699999999989,16.520803117147484,1.1681971914782838,0.09102500000000013,14.417137896703872,1.0194455972060867,0.0,0.16408915806734736,0.01160285563886126,-0.00018499999999897377,22.4181041733466,1.5851993482319822
R:A:PRO:375,0.0,3.6329630462681552,0.25688928058163496,-5.5000000000005043e-05,0.8760514950475228,0.06194619528167165,-0.004810000000000442,2.239101545430667,0.1583283886539303,0.004795000000000002,1.3969497273971603,0.0987792625219231,0.0,0.07581308737489041,0.005360794818547324,-7.00000000004941e-05,4.575661549259004,0.32354813098955854
R:A:LEU:376,0.0,5.705093253045914,0.4034110126530385,-0.00011999999999999122,1.4105609641557504,0.09974172230315656,-0.005304999999999822,3.371453838387084,0.23839778715809215,0.005850000000000006,0.8487040996425079,0.06001244240780407,0.0,0.10065365271751069,0.007117288038774757,0.00042500000000041284,6.828975183032984,0.48288146604772675
R:A:VAL:377,0.0,4.418873642677509,0.31246155179437674,-0.0001549999999999807,1.2876270826504854,0.09104898417816093,-0.005625000000000284,3.5940356141216796,0.25413669545713974,0.005705,1.5705359573963915,0.11105366255722951,0.0,0.0847602232201306,0.005993452861383981,-7.500000000026042e-05,6.0477505949249695,0.42764054565964227
R:A:GLU:378,0.0,4.294787143875701,0.3036873113187313,-4.499999999999283e-05,1.425214150987493,0.10077785908062842,0.05875000000000032,17.45564506970596,1.2343004998774607,-0.058855000000000504,16.71744222077573,1.1821016758404814,0.0,0.16987941005348553,0.012012288283278978,-0.0001500000000002899,24.590195408045464,1.7387893923731248
R:A:GLU:379,0.0,3.987525933301248,0.2819606627594529,-6.500000000000394e-05,1.847737840380772,0.13065479567882304,0.07511499999999927,8.251451964386328,0.583465763865263,-0.0750099999999998,7.689030773894718,0.5436965800973003,0.0,0.06327030504245328,0.004473886174326012,3.999999999937387e-05,12.104798845478603,0.8559385348537012
R:A:PRO:380,0.0,3.861665009027842,0.27306095145543974,-0.00013499999999998734,1.164150922077975,0.08231790113259083,-0.011514999999999631,1.7291278649293118,0.1222678038830133,0.011499999999999995,0.8440707239029203,0.0596848132672793,0.0,0.00608689328068104,0.00043040835151283947,-0.00014999999999941503,4.468789502966079,0.31599113612425755
R:A:GLN:381,0.0,4.5209880801435425,0.31968213291330494,-0.00013499999999998734,1.378915937639057,0.09750408101907836,-0.013724999999999953,5.369259653590521,0.379663991100519,0.013599999999999987,4.56941851000212,0.3231066814501829,0.0,0.20388615358016926,0.014416928178657955,-0.00026000000000006904,8.49063287951621,0.6003784085671375
R:A:ASN:382,0.0,10.225864972705242,0.7230778465697866,-3.0000000000005578e-05,1.0847242135907171,0.0767015847147241,-0.007685000000000173,10.769469913597188,0.7615165205689074,0.007825,3.983257685999614,0.28165885209837627,0.0,0.15079557111951433,0.010662857091150689,0.0001099999999999568,15.414782008733347,1.089989688888774
R:A:LEU:383,0.0,4.6650355967291395,0.32986783049238066,-0.00010000000000002008,1.3525811977659603,0.09564193370457333,-0.006410000000000054,3.5991036947968027,0.25449506287843776,0.006925000000000009,1.264650846824925,0.08942431896232142,0.0,0.15293956623664562,0.010814460439766126,0.00041499999999987326,6.1780508816693676,0.43685416729439386
R:A:ILE:384,0.0,4.436867811412686,0.3137339316678226,-0.00018000000000001126,1.5551034112720608,0.10996241675568066,-0.006354999999999436,2.9310510459858934,0.20725660706205482,0.0065100000000000045,1.0042525288740876,0.07101137731906064,0.0,0.07385220388014516,0.005222139416922209,-2.4999999999585355e-05,5.631090491160922,0.39817822717749746
R:A:LYS:385,0.0,4.934389612581277,0.3489140356072682,-7.499999999999841e-05,1.6386038581899531,0.11586678998045558,-0.006944999999999411,15.025125487851176,1.0624368120638399,0.006890000000000038,13.393830921538095,0.9470868670685652,0.0,0.2820180803847669,0.01994168970572815,-0.00012999999999950605,20.790908117033126,1.4701392116580556
R:A:GLN:386,0.0,4.194237697126857,0.2965773917546649,-2.9999999999996697e-05,1.1498081706745695,0.08130371545476874,-0.004440000000000417,5.272495787518468,0.3728217525131815,0.0045000000000000664,4.046996495000953,0.2861658665053364,0.0,0.15194503964885983,0.010744136790336761,2.999999999968139e-05,7.944442613825963,0.5617569244983719
R:A:ASN:387,0.0,9.195501266899484,0.6502201302234114,-9.999999999999786e-05,1.197556630706874,0.08468004144277445,-0.007289999999999992,5.847831726901006,0.413504146932954,0.007589999999999968,3.671374460491602,0.2596053777288714,0.0,0.08633288268452229,0.006104656678560838,0.00020000000000031549,11.561789011015234,0.8175419412336978
R:A:CYS:388,0.0,3.1181168489650934,0.22048415684352474,-3.500000000001613e-05,1.189254565505216,0.08409299678257993,-0.005044999999999788,2.8226678260778404,0.19959275608567312,0.004869999999999996,1.974537552820913,0.13962088933071584,0.0,0.05488916359791276,0.0038812499793741905,-0.00020999999999989443,4.79648247464019,0.3391625283660511
R:A:GLU:389,0.0,4.029091234608617,0.2848997734011032,-3.0000000000001136e-05,1.214626220098183,0.08588704368384091,-0.03300499999999999,16.38323602204018,1.1584697288964327,0.03292500000000004,15.721581927483475,1.1116837191903437,0.0,0.151474223047902,0.010710845029213514,-0.00010999999999988574,23.09351420481621,1.6329580495653402
R:A:LEU:390,0.0,4.141125241857579,0.29282177402602755,-2.0000000000002238e-05,1.4794976277777534,0.104616280535106,-0.0022199999999998,3.0637206972242095,0.2166377680668816,0.002295000000000004,1.0125488339704907,0.07159801467830655,0.0,0.13337013519755359,0.009430692700595678,5.5000000000102744e-05,5.455937934405743,0.3857930711151225
R:A:PHE:391,0.0,4.274201059005063,0.3022316552977202,-7.499999999999396e-05,1.2666186834935762,0.08956346602758851,-0.000789999999999651,2.3554674826348165,0.16655670298354852,0.0007200000000000045,1.3093060194622188,0.09258191650101007,0.0,0.09790043405252648,0.006922606079964786,-0.00014499999999970702,5.210106658362443,0.36841017488332667
R:A:GLU:392,0.0,4.231744064543602,0.2992294924284704,-1.9999999999997796e-05,1.0317869174398366,0.07295835260612729,-0.07888500000000018,16.088630980542597,1.1376380066349643,0.07858500000000003,15.055676237677767,1.0645970763011117,0.0,0.18393676172803444,0.013006293152738737,-0.0003200000000001424,22.461600757848156,1.5882750212179326
R:A:GLN:393,0.0,4.391827208435004,0.3105490800883976,-3.500000000000725e-05,1.039532050624222,0.07350601622571448,0.00016999999999981697,5.597987224418255,0.39583747273818076,-0.00013000000000003232,4.828591360376232,0.341432969450081,0.0,0.10715870568029442,0.007577264744970959,4.9999999998462385e-06,8.66215975328775,0.6125071901270959
R:A:LEU:394,0.0,3.7159926595998547,0.26276036084424914,-3.0000000000001136e-05,1.2275927581042503,0.08680391637910125,-0.0005250000000003752,2.951260238639588,0.2086856127788281,0.0005949999999999967,2.0746102610309727,0.1466970983894194,0.0,0.10973348793879455,0.007759329344477385,3.9999999999640326e-05,5.323680267979588,0.37644104183573834
R:A:GLY:395,0.0,2.8057575198152818,0.19839701686265346,-2.500000000000169e-05,0.8254290097730997,0.05836664501986558,0.005224999999999511,3.050404568032738,0.21569617554183704,-0.005165000000000004,1.8085971467894666,0.12788713069294735,0.0,0.05534260713068845,0.003913313279065278,3.4999999999658636e-05,4.597027602961398,0.32505893913557443
R:A:GLU:396,0.0,4.254106591982622,0.30081076190813055,-3.5000000000000586e-05,1.6873641851346137,0.11931466576399984,-0.1670149999999991,22.54780807969757,1.5943707994046978,0.166445,20.776620354592684,1.4691289142870938,0.0,0.1700883484451272,0.01202706245863698,-0.0006049999999987677,31.000728271981803,2.192082518283985
R:A:TYR:397,0.0,4.697048556253171,0.33213148856891,-6.500000000001726e-05,1.586303751926156,0.11216861400086477,0.002470000000000496,4.092073770974809,0.2893533112571895,-0.002455000000000045,2.415419224663702,0.17079593131680565,0.0,0.35128944471198886,0.02483991485151041,-4.999999999942828e-05,6.876143307488293,0.48621675611354676
R:A:LYS:398,0.0,4.732516418228255,0.334639445140587,-9.999999999998898e-06,1.1538806183916948,0.08159168099444943,0.06945499999999988,9.303434607276767,0.6578521699131006,-0.06929499999999987,9.101927897202604,0.6436034937982974,0.0,0.1590150635570893,0.011244062975202768,0.00014999999999997014,13.897928797431941,0.9827319697111925
R:A:PHE:399,0.0,4.4940736290363565,0.31777899382432445,-2.4999999999995027e-05,1.3358122941023562,0.09445619315521349,0.0052900000000001765,2.3392269650784203,0.16540832497413782,-0.005280000000000004,1.1113473138492755,0.0785841221876277,0.0,0.013902782751315363,0.000983075196081846,-1.4999999999793512e-05,5.356151715718407,0.37873711992484466
R:A:GLN:400,0.0,4.522942441619173,0.31982032713853575,-3.0000000000014458e-05,1.3637071485843286,0.09642865723165495,0.015620000000001043,3.437410826443357,0.24306165051021522,-0.01541999999999996,2.378703131035901,0.16819971143851584,0.0,0.08565761685524322,0.006056908173862159,0.00017000000000127357,6.308570719265603,0.44608331351876035
R:A:ASN:401,0.0,9.487679741422557,0.6708802682886119,-9.999999999994458e-06,1.1115086619095687,0.07859553121838415,0.003419999999999348,7.927845086740154,0.5605833021030416,-0.003394999999999978,3.382852238551811,0.23920377576320778,0.0,0.15171673965812738,0.010727993543177586,1.4999999999432134e-05,12.867359998757223,0.9098597511089758
R:A:ALA:402,0.0,3.192161837094103,0.22571992816541472,-4.4999999999997265e-05,0.8307254708235446,0.058741161372371585,0.0036849999999995476,2.116767709333029,0.14967808014660997,-0.0037049999999999995,1.2006134641819572,0.0848961922106934,0.0,0.1165006180977559,0.008237837706934741,-6.500000000045025e-05,4.100701479227933,0.28996338235837776
R:A:LEU:403,0.0,4.492766395835644,0.31768655847824284,-4.000000000001336e-05,1.3369262847105672,0.0945349641865379,0.005500000000000043,2.103287592365818,0.14872489193473967,-0.0054049999999999975,0.7692409921312046,0.05439355219026424,0.0,0.04414073586454344,0.0031212213656382905,5.500000000002059e-05,5.195172815512268,0.3673541927284733
R:A:LEU:404,0.0,4.416731871140696,0.3123101056766335,-3.0000000000001136e-05,1.517554077372533,0.10730727789274126,0.004275000000000517,2.2362290070283497,0.15812526951558056,-0.0042500000000000055,0.8802256212471891,0.06224135057580289,0.0,0.029342447219063917,0.002074824340520845,-4.999999999659721e-06,5.252320353394659,0.3713951338849487
R:A:VAL:405,0.0,4.326576958543556,0.30593519067116165,-9.999999999994458e-06,1.0779692266015761,0.07622393500403925,0.0025450000000003924,2.469905837572558,0.17464871666397952,-0.002544999999999993,1.030565398931577,0.07287197820407378,0.0,0.0888082768017241,0.006279693475199106,-9.999999999628084e-06,5.201122247138448,0.36777488107318107
R:A:ARG:406,0.0,5.662726968449036,0.4004152639398254,-2.9999999999992255e-05,1.7992601046958163,0.1272269021148829,0.016199999999999864,17.86974658942314,1.263581899146628,-0.016000000000000025,13.175414024773564,0.931642460185773,0.0,0.19011763860615868,0.013443347148158816,0.000169999999998538,22.983892974308315,1.6252066580199256
R:A:TYR:407,0.0,4.449459775388468,0.31462431797939583,-8.999999999998565e-05,1.420177384396048,0.10042170589942195,0.0013600000000000279,2.2520525293940192,0.15924416151228277,-0.0015949999999999753,1.1115985921073308,0.07860189024365126,0.0,0.0672534146503209,0.004755534555719261,-0.00032500000000011296,5.303443328900302,0.3750100741503961
R:A:THR:408,0.0,4.342909608338632,0.30709008341364596,-4.000000000002668e-05,1.3303949936578985,0.09407313216721339,0.0025250000000001547,2.636539867302408,0.18643152190382128,-0.002485000000000001,0.9165523810863184,0.06481004039788124,0.0,0.001448725917034689,0.00010244039200159282,1.554312234475219e-16,5.3312500919865675,0.3769763092245107
R:A:LYS:409,0.0,4.565674931486033,0.32284197047471996,-4.000000000001336e-05,1.4159159237045116,0.10012037512414744,0.010809999999999747,10.64614150345091,0.7527958850561685,-0.010749999999999997,10.33303241755778,0.7306557292675531,0.0,0.12589552231054307,0.008902157754680728,1.9999999999855688e-05,15.587749774080217,1.1022203568691196
R:A:LYS:410,0.0,4.903615965305604,0.34673801014022104,-4.499999999998394e-05,1.620391622100966,0.11457899041654625,-0.032849999999999824,9.370901421152077,0.6626227940727288,0.032970000000000006,9.422354346886982,0.6662610653426327,0.0,0.06648298069276883,0.0047010566481351145,7.500000000013828e-05,14.257282118768178,1.0081420867470685
R:A:VAL:411,0.0,3.8142000778931355,0.26970467398804937,-3.4999999999998364e-05,1.3655410461699786,0.09655833337353642,-0.001924999999999777,2.004682446592228,0.14175245521110033,0.00201,0.6463831021538233,0.04570618747773653,0.0,0.021103123264712077,0.0014922161564693503,5.000000000016491e-05,4.566161708832871,0.32287639083100766
R:A:PRO:412,0.0,3.3161566075729905,0.2344876824691438,-2.4999999999986144e-05,1.1093260693659912,0.07844119861957108,-0.002509999999999941,2.9015035036856327,0.20516728030926376,0.002365,1.5004907345182108,0.10610071734854104,0.0,0.017529518483797323,0.0012395241390828014,-0.0001699999999999635,4.785185606057333,0.3383637191279399
R:A:GLN:413,0.0,3.8007664710950078,0.2687547745417744,-2.4999999999990586e-05,1.6595227285804195,0.11734597749124169,-0.0027099999999997946,3.144004808830609,0.22231471204072384,0.002700000000000018,1.6495964066855868,0.11664408053883403,0.0,0.06965452997684363,0.004925319048698778,-3.5000000000060536e-05,5.459910965475654,0.3860740068362625
R:A:VAL:414,0.0,4.3796365168299065,0.3096870680182658,-4.999999999998561e-05,1.3217682430365774,0.09346312878081925,-0.0002549999999999031,3.33192099461782,0.23560239296720864,0.00028499999999999804,1.2914560983924308,0.0913197364778009,0.0,0.03802948067262554,0.002689090366861627,-1.999999999986013e-05,5.80510894968391,0.4104831903848209
R:A:SER:415,0.0,10.274636889717808,0.7265265418948919,-3.9999999999993376e-05,0.9182885365722475,0.06493280512961072,-0.0018700000000000472,8.948636011278479,0.632764120594515,0.00192500000000001,1.8203062642245122,0.1287150903269504,0.0,0.06016813008052711,0.004254529279125501,1.5000000000069403e-05,13.77703301200053,0.97418334674165
R:A:THR:416,0.0,4.321310219823381,0.3055627760047843,-2.500000000000169e-05,1.6513128962056223,0.11676545467677929,-0.0011800000000002698,4.743200518990316,0.3353949251505604,0.001259999999999989,1.822155562774485,0.1288458554814628,0.0,0.04109607262655487,0.0029059311634371796,5.4999999999763016e-05,6.87171355941226,0.48590352562319566
R:A:PRO:417,0.0,3.7868299327471786,0.26776931246457275,-3.4999999999998364e-05,0.9002554431243391,0.06365767286333204,-0.005129999999999981,2.303567116311135,0.1628867928861944,0.00507000000000001,1.64177107609435,0.11609074610622502,0.0,0.09614003420857956,0.006798127013239326,-9.500000000008058e-05,4.812651808956537,0.3403058729602872
R:A:THR:418,0.0,4.774072729227112,0.3375779200714259,-0.00010000000000000675,1.1510072061242709,0.08138850006450542,-0.006365000000000371,3.951583875723126,0.2794191754951242,0.0065949999999999976,1.9845593024586088,0.14032953404353268,0.0,0.09008918486307912,0.006370267352825172,0.00012999999999963486,6.608948087674717,0.46732320093046575
R:A:LEU:419,0.0,4.174740910379948,0.2951987607426562,-5.49999999999784e-05,1.5056814543172803,0.10646775666545717,-0.0034900000000002507,2.1316986077187368,0.15073385409638407,0.0034899999999999953,0.9532048432262605,0.06740176085051487,0.0,0.006574927393779493,0.0004649175745950673,-5.5000000000116066e-05,5.014810062968012,0.35460062018872185
R:A:VAL:420,0.0,4.479102621681044,0.3167203837421109,-2.4999999999995027e-05,1.56880222911462,0.11093106945475195,-0.0022800000000000155,3.75349705905706,0.265412322362301,0.0023700000000000084,1.2926167812232674,0.09140180914785002,0.0,0.08865522520859709,0.006268871093261955,6.499999999993733e-05,6.187968874681885,0.437555475305885
R:A:GLU:421,0.0,4.482322429717657,0.3169480585517917,-0.000114999999999994,1.8717621622083827,0.13235357176659418,-0.1393049999999996,26.087802150161576,1.8446861806632244,0.13893999999999976,22.5472343022376,1.5943302272114142,0.0,0.1964985758133496,0.013894547545111841,-0.00048000000000001817,34.82218424154488,2.462300261292372
R:A:VAL:422,0.0,4.318457600666006,0.30536106536975205,-0.00012499999999999735,1.3747109613205972,0.0972067442921272,-0.006489999999999725,3.428849707919552,0.24245628801394278,0.006764999999999992,0.9712557114761282,0.06867814998509351,0.0,0.047939934007316776,0.003389865242620927,0.00015000000000019663,5.7655487587715895,0.40768586245890726
R:A:SER:423,0.0,3.625006021450171,0.2563266339609483,-7.499999999998507e-05,1.0599395658125987,0.07494904546340134,0.0016549999999998732,2.5931677222993117,0.1833646481191917,-0.0017749999999999927,1.195827292870923,0.08455775879169812,0.0,0.007956834824544744,0.0005626331861216862,-0.00019500000000034767,4.73484166581053,0.33480386497392345
R:A:ARG:424,0.0,6.219538942361403,0.4397878161997556,-0.00015000000000001901,1.7384359014786823,0.1229259814593725,0.14209999999999995,23.378204686613554,1.653088706587157,-0.14087000000000013,19.359370439127144,1.3689142117009194,0.0,0.24542672490086218,0.017354290146180493,0.0010800000000004673,31.033703235111105,2.1944142002877958
R:A:ASN:425,0.0,8.131472453913252,0.5749819313193677,-0.0002849999999999886,1.4564399205854666,0.10298585442367801,-0.021724999999999852,7.872746636217566,0.5566872533033023,0.024654999999999996,3.6834785774013947,0.2604612680435903,0.0,0.0995829137601034,0.007041575361008427,0.002644999999999982,11.991669287300578,0.8479390670796692
R:A:LEU:426,0.0,4.293844193819799,0.30362063468084644,-0.000160000000000009,1.1996790595613478,0.0848301198263329,-0.007244999999999635,2.59673808212823,0.18361711068382214,0.007449999999999999,1.032050119204489,0.07297696378138789,0.0,0.03197055459215983,0.0022606595950410936,4.500000000037918e-05,5.261703720168586,0.3720586381125691
R:A:GLY:427,0.0,2.7358192829114283,0.19345163670475887,-9.499999999999175e-05,0.9543697435349676,0.06748413174128418,-0.0003300000000000125,2.0550996766823744,0.14531749173963882,0.0005349999999999992,0.8555524876213031,0.060496696565804316,0.0,0.004127210196037027,0.0002918378317000042,0.00010999999999994657,3.6538952544050853,0.2583694112135181
R:A:LYS:428,0.0,4.813669345057884,0.3403778236280236,-0.00030500000000003967,1.6180331387134814,0.11441222045688564,0.24122500000000052,21.065829519154356,1.4895790904313793,-0.23671999999999982,19.463937718781366,1.3763082349542923,0.0,0.17011545103584483,0.012028978901205396,0.004200000000000505,29.127863428663645,2.0596509751883705
R:A:VAL:429,0.0,4.009490937737608,0.2835138231180272,-0.0002350000000000163,1.2036156486914749,0.08510847871319871,-0.008669999999999973,2.6452325550979445,0.1870461877525174,0.009054999999999997,0.7255046541373804,0.05130092607229425,0.0,0.04031689639756552,0.002850835083911407,0.0001500000000000856,5.004992101435839,0.35390638547103903
R:A:GLY:430,0.0,2.594558055151204,0.18346295949795968,-9.500000000000507e-05,0.9381569178314468,0.06633771184156867,-0.00327999999999939,2.165094062517839,0.1530952693513095,0.003104999999999987,1.0219745663053459,0.0722645146034691,0.0,0.0034835351495858344,0.0002463231326773838,-0.00026999999999923087,3.6529366751652206,0.2583016294254368
R:A:SER:431,0.0,6.943552760021343,0.490983324213766,-0.00015999999999998904,1.570164810696635,0.11102741852240823,-0.005479999999999734,9.537098651476768,0.67437471293043,0.006309999999999989,3.6344556819281757,0.2569948258613391,0.0,0.11647463988682226,0.008236000770023314,0.000670000000000413,12.44417243522392,0.8799358715201546
R:A:LYS:432,0.0,4.843629774766027,0.34249634592941275,-0.0008450000000000113,1.3722902384244378,0.0970355733346024,0.3869849999999993,17.761426349532716,1.2559225015300008,-0.3713750000000002,16.39391958660817,1.1592251709917598,0.0,0.18243384940103244,0.01290002120294354,0.014764999999998717,24.69020205233105,1.7458609300069297
R:A:CYS:433,0.0,3.216171408491781,0.22741766124028281,-0.00039999999999996484,1.1076480572591638,0.078322545245606,-0.00633499999999934,2.2630477969709344,0.1600216443387425,0.006845000000000006,0.9426569068197612,0.06665590911445886,0.0,0.0061339494121839646,0.00043373572248105185,0.00011000000000032983,4.192930687268202,0.2964849722012517
R:A:CYS:434,0.0,3.5053764173837307,0.24786754353434415,-0.000124999999999984,1.1537715967967836,0.08158397200354368,0.0070900000000006,2.5644516988042483,0.18133411862498455,-0.007145000000000015,1.5053542381695415,0.1064446189897592,0.0,0.05711545490607291,0.004038672547463862,-0.00017999999999938288,4.739685516802684,0.3351463769622844
R:A:LYS:435,0.0,4.515834395053697,0.319317712345792,-0.00020499999999999298,1.4743700014497716,0.10425370260031534,0.19774500000000045,9.439697392680285,0.6674874038713201,-0.19641999999999993,9.10856781228531,0.6440730066964458,0.0,0.20008809083189802,0.014148364586190496,0.0011200000000001077,13.952793873815837,0.9866115164673296
R:A:HIS:436,0.0,4.893627000083885,0.34603168363568965,-0.0004650000000000043,1.349003001062266,0.09538891698921316,0.02127999999999993,4.205305584467078,0.29736000957383285,-0.017250000000000005,2.47282980584997,0.17485547244367272,0.0,0.09220794041363403,0.006520085994572573,0.0035649999999997563,7.040978548792087,0.49787236780399013
R:A:PRO:437,0.0,3.58861820660822,0.2537536268982179,-0.00018000000000001126,0.9849781899108224,0.06964847574067935,-0.0005499999999995353,2.1194736926298474,0.14986942206050574,5.0000000000007124e-05,1.3331904892775077,0.09427080355815369,0.0,0.07836417196908209,0.005541183740140671,-0.0006799999999997209,4.485985869939673,0.3172071028941376
R:A:GLU:438,0.0,4.0889372418514816,0.28913152515594004,-9.500000000001174e-05,1.2948978243378897,0.09156310325330286,-0.03705999999999996,14.459038992478026,1.022408452102192,0.037044999999999745,13.971515353084468,0.9879353249617988,0.0,0.21414064349103493,0.01514203011401617,-0.00011000000000016997,20.559889936620397,1.453803759463334
R:A:ALA:439,0.0,3.2149999285847577,0.2273348251016548,-0.00014000000000000235,0.5829128614124071,0.04121816371455672,0.007869999999999494,2.441696191236739,0.17265399344208635,-0.0064150000000000205,1.6257838804020046,0.11496028065760364,0.0,0.08938134934890146,0.006320215823621202,0.00131499999999936,4.391930610390654,0.3105563917108004
R:A:LYS:440,0.0,4.253162925629584,0.30074403462038946,-0.000640000000000036,1.3817805148249847,0.09770663721441854,0.12383500000000097,18.24827138633616,1.290347644221074,-0.11581999999999985,16.33899545848979,1.1553414486474334,0.0,0.1576776188169574,0.011149491350681814,0.0073750000000006345,24.89951316143552,1.7606614604694746
R:A:ARG:441,0.0,5.512644329375876,0.3898028187571249,-0.00025499999999996527,1.6090811972908639,0.11377922260841387,0.07785500000000004,18.82504743884793,1.3311318700167818,-0.0769349999999998,15.122836350641204,1.0693460134312818,0.0,0.20102469513298438,0.01421459251144916,0.0006649999999993383,24.82138978971319,1.7551373038780729
R:A:MET:442,0.0,3.8334015389990124,0.2710624223237149,-0.00037499999999996537,1.3682924401877694,0.09675288631030601,-0.0003900000000010806,2.365994830710752,0.167301098904789,0.003225000000000005,1.4546702857262879,0.10286072234276308,0.0,0.06375652318343439,0.004508266988788378,0.002459999999998659,4.928007065178421,0.3484627213522878
R:A:PRO:443,0.0,3.4802890884522797,0.2460936014934155,-0.0008600000000000829,0.9840797120914545,0.06958494376479728,0.0020750000000002797,2.591853598715599,0.18327172554945567,-0.0001900000000000096,1.764760571834038,0.12478741675144976,0.0,0.053219257364750513,0.00376316977723272,0.0010250000000002714,4.78703898682468,0.3384947729388111
R:A:CYS:444,0.0,3.0056048253554555,0.21252835535758513,-0.0008600000000000252,0.8946212005089081,0.0632592717473099,-0.008705000000000069,2.1600892890977907,0.15274137842894764,0.014944999999999995,1.5125972052978942,0.10695677410699614,0.0,0.0646318511158753,0.004570162020467475,0.00537999999999968,4.097819026888408,0.2897595621988053
R:A:ALA:445,0.0,2.943748271838134,0.20815443651229248,-0.0004900000000000127,1.0559118030167105,0.074664239624803,-0.004960000000000306,1.7864497298132964,0.12632107181998575,0.0050300000000000015,0.7894024134432324,0.055819179963073624,0.0,0.014008841296057003,0.000990574667700805,-0.0004200000000003804,3.687188451765716,0.2607235957756265
R:A:GLU:446,0.0,4.135258387960781,0.2924069248085619,-0.0009149999999999591,2.04700136157136,0.14474485438652043,0.0961649999999993,8.460635795764702,0.5982572944334862,-0.09637500000000011,6.838238795009648,0.48353650233242473,0.0,0.009880278563637362,0.000698641197236006,-0.0011249999999997228,11.816706056068648,0.8355672983534285
R:A:ASP:447,0.0,10.457528365306977,0.7394589221559235,-0.00393999999999999,1.5452509894512283,0.10926574532761857,0.07055499999999995,14.591864453779545,1.0318006305422454,-0.055225000000000295,11.543499296126583,0.8162486630913245,0.0,0.12961407085515367,0.009165098843887281,0.011389999999999354,21.399518316450806,1.5131744515688095
R:A:TYR:448,0.0,4.229277697574374,0.29905509394758684,-0.001659999999999977,1.4016821891570144,0.09911389810213299,-0.0069750000000000515,2.455857259303765,0.17365533216799017,0.010799999999999997,1.2314102628896675,0.0870738547311993,0.0,0.08659165839773252,0.006122954884722571,0.002165000000000057,5.235131997526812,0.3701797335857885
R:A:LEU:449,0.0,4.652012788696953,0.3289469789054157,-0.0006299999999999794,1.3416736470170383,0.0948706533945034,-0.0029549999999995435,2.0370458682550563,0.14404089470311887,0.0033600000000000053,0.6586550189590906,0.0465739430368527,0.0,0.03543616456486272,0.0025057152263056872,-0.00022499999999925802,5.293954021941829,0.3743390788204864
R:A:SER:450,0.0,6.541581780116335,0.4625596836406627,-0.0014000000000000412,1.093062704422761,0.07729120505594411,0.002480000000000544,6.4339844754242295,0.45495140526214445,0.007424999999999998,1.6622906768597963,0.11754170099107379,0.0,0.04681808377434719,0.0033105384519000764,0.008505000000000033,9.388750540891653,0.6638849174333353
R:A:VAL:451,0.0,3.9727871679149884,0.28091847466435876,-0.003085000000000031,1.1199812504568993,0.07919463369998626,0.02424000000000003,2.3131919008050326,0.1635673679245038,-0.01879,0.9627978634687553,0.06808008981706766,0.0,0.047276232764323856,0.0033429344776607036,0.0023649999999999995,4.8288163581730235,0.34144887919686734
R:A:VAL:452,0.0,4.122203033567124,0.2914837718463071,-0.0006200000000000383,1.1847336985795582,0.08377332321658248,0.004875000000000256,2.931136571993021,0.20726265466401558,-0.004519999999999999,0.8545709321056972,0.06042729010968472,0.0,0.026011945997564116,0.001839322340673586,-0.00026499999999987314,5.264853415766632,0.3722813552241743
R:A:LEU:453,0.0,4.323967041219208,0.3057506416473234,-0.00046499999999991546,1.4551780339102842,0.10289662556116698,-0.0015150000000004127,2.2293583879392296,0.1576394433806939,0.004205000000000003,0.767204750294861,0.05424956814920281,0.0,0.01652844786411598,0.0011687377567204716,0.002224999999999806,5.135479454175996,0.3631332346692036
R:A:ASN:454,0.0,4.471995300623649,0.3162178202505355,-0.0010399999999999342,1.3512029998301511,0.09554448039395053,0.03966000000000022,3.7486413126624956,0.26506896924196915,-0.02798000000000001,1.6107961939829631,0.11390049118748347,0.0,0.015959835149067424,0.0011285307660524988,0.01063999999999929,6.202557722539789,0.4385870626308873
R:A:GLN:455,0.0,4.093075824951207,0.28942416717337205,-0.0007849999999999957,1.2162718476043914,0.08600340712073562,0.013799999999999315,3.5566318557801284,0.2514918503406224,-0.006255000000000019,3.138759602880571,0.22194381997112467,0.0,0.1505507484503732,0.0106455455141969,0.006759999999999202,6.3840969953595605,0.4514238277171408
R:A:LEU:456,0.0,4.010149461828075,0.28356038780302156,-0.00023500000000000297,1.341714884718434,0.09487356934033314,-0.002330000000000396,2.47169491424407,0.1747752234886284,0.0038999999999999656,0.897796466243881,0.06348379694063676,0.0,0.018079181240133635,0.0012783911653199108,0.0013349999999993933,4.979672543327454,0.3521160223475304
R:A:CYS:457,0.0,2.8203701890354744,0.1994302886123369,-0.0002300000000000324,1.0059063742466294,0.07112832184685648,0.001525000000001242,2.231078638500894,0.1577610834644432,0.0009550000000000103,1.0817180233198482,0.07648901496211725,0.0,0.029430452398724695,0.0020810472464526126,0.0022500000000011487,3.8878049798862584,0.2749093265208402
R:A:VAL:458,0.0,4.0240842884810455,0.28454572884511903,-0.000405000000000042,1.1373095874365078,0.08041993215848293,0.005440000000000005,3.237130344726638,0.22889968183409518,-0.0038099999999999822,1.1939832763276041,0.08442736713145803,0.0,0.04754323734402646,0.003361814552552261,0.0012249999999997584,5.421586184023284,0.38336403555101617
R:A:LEU:459,0.0,4.980678775347794,0.3521871736960334,-0.00014000000000003344,1.3260608904571465,0.09376666479085198,0.002999999999999652,3.70658098246214,0.26209485477160743,-0.0029950000000000367,1.2168434819955276,0.08604382777616881,0.0,0.10104526528166496,0.007144979228745891,-0.00013500000000022717,6.464925315366053,0.45713925303599157
R:A:HIS:460,0.0,3.532245781907029,0.2497674945204039,-0.00013499999999999623,1.6025196564707094,0.11331525160751751,-0.007974999999999425,2.164777885113159,0.15307291223261876,0.008079999999999999,2.0409376118833227,0.14431608253413755,0.0,0.05882327464655357,0.004159433639417674,-2.999999999971359e-05,4.888760509402168,0.34568757077952733
R:A:GLU:461,0.0,4.195090448077371,0.29663769035264215,-0.0002400000000000113,1.7146364528377438,0.12124310630712165,0.13024000000000008,15.440144870045748,1.0917831140112033,-0.12858999999999973,13.80657294464307,0.9762721354103835,0.0,0.15708908640238342,0.011107875824552478,0.00141000000000016,21.203371644570275,1.4993047873894199
R:A:LYS:462,0.0,4.9467677955964335,0.34978930532214675,-9.000000000000118e-05,1.5621443959346395,0.11046028955579465,-0.011104999999999593,20.523162149000697,1.451206712694947,0.011534999999999886,21.710899452343632,1.5351924228411482,0.0,0.23494801743854413,0.016613333635712976,0.0003400000000002201,30.32374229761472,2.144212380959671
R:A:THR:463,0.0,6.415109177309456,0.45361672013275706,-2.9999999999998917e-05,1.0446487187088298,0.07386781929568517,-0.00207499999999996,5.781067314032504,0.4087831900248284,0.002130000000000011,2.880239472118595,0.20366368621762204,0.0,0.08073970550262982,0.005709159327191435,2.5000000000101608e-05,9.163402987344258,0.6479504391096191
R:A:PRO:464,0.0,3.6663656989926694,0.2592512048067473,-3.999999999999559e-05,0.844140745344045,0.059689764530864074,-0.005689999999999742,1.8548942239249113,0.1311608284121063,0.005719999999999987,1.205397937757486,0.08523450558165982,0.0,0.09040065044748931,0.0063922912955094386,-9.999999999745767e-06,4.365386590509635,0.3086794460650185
R:A:VAL:465,0.0,4.414924522661741,0.3121823068400898,-3.4999999999993925e-05,1.1925940125939758,0.08432913135076751,-0.002514999999999965,2.0700388467550552,0.146373850586008,0.0027100000000000158,1.3034151671282639,0.09216537033777926,0.0,0.06833342708451587,0.004831902967317766,0.00015999999999989357,5.186758178468234,0.36675918803696733
R:A:SER:466,0.0,4.426192744809019,0.31297909046931555,-2.5000000000003908e-05,0.9830325488380331,0.06951089814104691,0.004799999999999791,3.8491948718141042,0.27217917959682364,-0.004879999999999977,1.233743679619069,0.0872388522104687,0.0,0.027551228784323072,0.0019481660703416844,-0.00010500000000023269,6.074266943811618,0.429515534670648
R:A:ASP:467,0.0,7.2688447409440515,0.5139849407713712,-3.5000000000000586e-05,1.6037226837502174,0.11340031848224677,0.07216000000000015,14.715969462633103,1.040576179876202,-0.07205999999999985,15.32064299228169,1.083333055198054,0.0,0.08660892673762444,0.006124175940746312,6.500000000031036e-05,22.509939812061152,1.5916931085209478
R:A:ARG:468,0.0,5.399782640514339,0.38182229220410907,-3.500000000001613e-05,2.1808342593546626,0.15420826934336238,-0.042990000000000014,12.424404723766447,0.8785380832381428,0.04304500000000026,10.432904380438604,0.7377177434878973,0.0,0.15033718698130547,0.010630444437899103,1.9999999999384954e-05,17.237970253271975,1.21890856599806
R:A:VAL:469,0.0,4.55377246971673,0.32200033933173117,-5.999999999997563e-05,1.347984928012921,0.09531692835351965,0.006944999999999837,2.8170694441165267,0.1991968907008214,-0.006674999999999999,0.8039776390391713,0.05684980404869484,0.0,0.0352863021595592,0.0024951183540021823,0.0002099999999997415,5.580090724376271,0.39457199908426155
R:A:THR:470,0.0,4.407893844995589,0.3116851628546825,-4.999999999999449e-05,1.3323435978380351,0.0942109192901757,0.006495000000000601,4.079176289323005,0.2884413215835675,-0.006460000000000014,1.4870309391535876,0.10514896609097021,0.0,0.059083054819797254,0.004177802871629516,-1.4999999999618651e-05,6.329225752980522,0.4475438449593059
R:A:LYS:471,0.0,4.990548809820419,0.35288509052664724,-7.499999999999841e-05,1.43980291084405,0.10180944018299579,-0.11168000000000163,21.169647090931868,1.4969201013323992,0.11192500000000007,19.125177029470212,1.3523542368931578,0.0,0.11216502263860416,0.007931264811969962,0.00016999999999830706,28.99857833068293,2.050509138239517
R:A:CYS:472,0.0,3.3747012276348256,0.23862741225391518,-0.00010500000000000398,1.0590199565990246,0.07488401927230535,0.00927000000000028,1.9914197708544523,0.14081464241601438,-0.008760000000000002,1.0645375260647225,0.07527417035079163,0.0,0.03174907809184462,0.0022449988415164583,0.000405000000000415,4.196442838450761,0.2967333187930256
R:A:CYS:473,0.0,3.3376810905477474,0.23600969325644233,-0.00017500000000001848,0.9123271132521492,0.06451126884409421,0.009664999999999964,2.350190770676925,0.16618358310276918,-0.008684999999999991,1.3512888822435416,0.09555055319763983,0.0,0.03208776068259598,0.00226894731717547,0.0008050000000000674,4.3957779459397885,0.31082843941642974
R:A:THR:474,0.0,5.443842051524824,0.38493776303416893,-0.00012500000000001955,1.1706021867291212,0.08277407443079628,0.010419999999999839,4.452928559903022,0.3148695980846674,-0.01012499999999999,1.949455778973968,0.1378473400935796,0.0,0.14677782668239223,0.010378759657494331,0.00016999999999972815,7.392984518156766,0.522762948599581
R:A:GLU:475,0.0,3.967170784015984,0.2805213363502854,-0.00010999999999999011,1.210137307374663,0.08556962962114537,0.16663500000000006,19.44461032895427,1.3749415821133548,-0.16601000000000027,18.586332305884078,1.3142521610877231,0.0,0.12507976777740631,0.008844475198464262,0.0005150000000000788,27.216964208195275,1.9245299954926431
R:A:SER:476,0.0,5.112325678182094,0.3614960154676674,-0.0002300000000000013,1.0243321253870739,0.07243121920484287,-0.004170000000000229,4.733307940156651,0.3346954141928897,0.005919999999999996,2.0282142944841897,0.14341640813292597,0.0,0.06069963526517212,0.00429211237115533,0.0015199999999998427,7.328483599580567,0.5182020449077818
R:A:LEU:477,0.0,4.573501388209038,0.32339538453686995,-0.0012650000000000228,1.2860718091829086,0.09093900973660862,-0.02478999999999928,2.661986649055551,0.18823088109752342,0.031195000000000004,1.2683801208135517,0.08968801845494748,0.0,0.05793764784589198,0.004096810367782839,0.005140000000000541,5.591888184503326,0.3954062054899234
R:A:VAL:478,0.0,4.474748362975286,0.31641249115632275,-0.0009349999999999925,1.1762520079791576,0.08317357712263554,-0.016064999999999968,3.2017615268903143,0.22639872874063358,0.01782,1.5132223038932515,0.10700097525256487,0.0,0.07140168347361565,0.005048861457232907,0.0008200000000000074,5.826933886247799,0.41202644644915015
R:A:ASN:479,0.0,9.353642551637304,0.6614024077057779,-0.00017499999999999184,1.3208433768146017,0.0933977308630943,-0.0053600000000001554,8.403913832539576,0.5942464459496162,0.006545000000000026,5.025446018849968,0.3553526958415751,0.0,0.13786859862916498,0.00974878210033689,0.0010099999999998843,13.606437423274617,0.9621204169787896
R:A:ARG:480,0.0,5.928285734274285,0.4191931043516818,-0.000599999999999925,1.7251593911288314,0.1219871904094852,-0.20549,8.118671189147891,0.5740767452070326,0.21803000000000008,6.676029361162217,0.47206656326782986,0.0,0.02341669598331515,0.001655810452278593,0.011940000000000594,12.19030290527068,0.8619845849034969
R:A:ARG:481,0.0,5.96280507841737,0.42163399058425055,-0.00037000000000001696,2.440484444019261,0.17256830997463007,-0.08425999999999995,8.840631068184555,0.625127017828177,0.08907999999999992,6.86250312413408,0.48525224949890755,0.0,0.02408075483064034,0.0017027665036836496,0.004449999999998084,12.91364764193112,0.9131327817463164
R:A:PRO:482,0.0,3.708229561394494,0.2622114269058463,-0.00012000000000000454,1.0182651780356629,0.07200222124351442,-0.0106000000000002,2.323513343785656,0.16429720415682672,0.009410000000000036,1.5712798951014424,0.11110626689683169,0.0,0.06165451592089482,0.0043596326298438685,-0.0013100000000001312,4.760175049263782,0.3365952056969428
R:A:CYS:483,0.0,3.0768402491435918,0.217565460479714,-7.999999999999563e-05,0.9173005443964372,0.06486294353288324,-0.008519999999999755,2.514787845326122,0.17782235386756073,0.00940500000000001,1.6921649584112657,0.11965413169788582,0.0,0.06165115794328369,0.004359395184969878,0.0008050000000003144,4.415854076648224,0.31224803623282193
R:A:PHE:484,0.0,4.454510467357777,0.3149814558335141,-0.00010000000000001563,1.087747622635876,0.07691537201853736,-0.0037400000000001655,3.558669565406431,0.25163593817010715,0.0034499999999999947,1.4376198666372135,0.10165507564676737,0.0,0.05951291418603635,0.004208198518911938,-0.0003899999999999948,5.9799899780856585,0.42284914649319627
R:A:SER:485,0.0,4.779013294310867,0.3379272707787876,-3.999999999999559e-05,1.0788888685819313,0.07628896351209655,-0.0019149999999999068,4.445835636500185,0.31436805266100915,0.001580000000000039,2.028577120483715,0.14344206380539148,0.0,0.09315855302811679,0.0065873044571707964,-0.0003749999999997677,6.920421043150287,0.48934766482776487
R:A:ALA:486,0.0,3.0787801282244893,0.21770263064499246,-1.5000000000000568e-05,0.554125965620634,0.0391826227921894,-0.0029299999999996373,2.052408257706054,0.1451271796787218,0.002910000000000037,1.1758552083271137,0.08314551915016226,0.0,0.07347047683856693,0.005195147238955985,-3.499999999961201e-05,3.922544544290337,0.2773657846773993
R:A:LEU:487,0.0,7.122121245524396,0.503610022914308,-4.499999999999504e-05,1.6266722983978672,0.1150231012965439,0.00031999999999996474,5.68650891397789,0.40209690143515153,-0.000315000000000004,1.6375558395899055,0.11579268387456523,0.0,0.23472974435613184,0.016597899398040555,-3.999999999995785e-05,9.404453445667935,0.6649952804784989
R:A:GLU:488,0.0,4.236088570155255,0.2995366953663607,-1.4999999999996128e-05,1.5000041234193324,0.10606630874775928,0.007030000000000349,17.450708323886168,1.233951419232844,-0.006945000000000476,16.670084663056603,1.1787529908201186,0.0,0.1852942522481218,0.01310228222795376,6.99999999997658e-05,24.548884626052086,1.7358682789647613
R:A:VAL:489,0.0,4.5723140241020195,0.3233114252156889,-1.5000000000000568e-05,1.1601099391329255,0.08203216048828045,0.0030499999999998193,4.146139703332487,0.2931763499973182,-0.0029800000000000325,1.922084282127087,0.13591188299041404,0.0,0.13204549900762527,0.009337026777345336,5.4999999999774115e-05,6.56918785291098,0.464511727768165
R:A:ASP:490,0.0,4.177108200603618,0.29536615343967554,-3.500000000000725e-05,1.879220712256812,0.13288097089830056,0.03115999999999957,11.117761990398517,0.7861444895028838,-0.03116000000000014,9.146766927649901,0.6467740920474088,0.0,0.048336730342125864,0.0034179229805302745,-3.50000000010553e-05,15.107945484026779,1.0682930701552011
R:A:GLU:491,0.0,4.5496448515241275,0.3217084726503174,-5.00000000000167e-06,1.1771221312909719,0.08323510413206077,0.03317500000000009,22.125994873398916,1.564544101547916,-0.033174999999999455,20.68691180400968,1.4627855618423278,0.0,0.20303453321659157,0.014356709525249723,-4.999999999313331e-06,30.653451305411004,2.167526328482775
R:A:THR:492,0.0,6.567907068370411,0.46442116262477745,-1.5000000000002789e-05,0.9196771726399433,0.06503099652761751,-4.499999999968196e-05,5.4199276693859115,0.3832467608563378,5.5000000000006155e-05,1.9936093068038683,0.14096946598776275,0.0,0.083461222203553,0.005901599618624956,-4.999999999739657e-06,8.794331648612458,0.6218531544737339
R:A:TYR:493,0.0,4.827086831366305,0.34132658318353987,-3.000000000001002e-05,1.3360292606638524,0.09447153500790595,0.0007350000000006673,3.052204294239657,0.21582343540235616,-0.0006399999999999784,1.7983857481085643,0.12716507576768082,0.0,0.11712570190646437,0.00828203780692951,6.500000000055017e-05,6.135927170829368,0.4338755711360233
R:A:VAL:494,0.0,5.028475284691176,0.3555668972834085,-5.00000000000167e-06,0.9067055623933272,0.06411376517078839,1.0000000000047748e-05,3.690475915888085,0.26095605459300997,3.0000000000014458e-05,1.8640786360827162,0.13181026442390592,0.0,0.081009457300042,0.005728233659710176,3.50000000000894e-05,6.573328140679352,0.46480449032387294
R:A:PRO:495,0.0,3.6181496363749246,0.25584181432283504,-4.999999999999449e-06,1.113977892363668,0.07877013217822476,0.0017449999999999122,1.9755311462173915,0.13969114699355503,-0.0017650000000000521,1.8551368220093634,0.1311779826871682,0.0,0.13772618808533238,0.009738712154211241,-2.5000000000030552e-05,4.657808280383545,0.32935678205260566
R:A:LYS:496,0.0,4.853395245593542,0.34318686899377426,-5.00000000000167e-06,2.0115689507135968,0.14223940458738923,0.007460000000000946,22.686066696414127,1.6041471599484727,-0.0073250000000002055,22.133262682258916,1.5650580132408434,0.0,0.43085673367383825,0.030466171810065733,0.0001300000000006296,32.12983709411553,2.2719225687668168
R:A:GLU:497,0.0,4.261087720236466,0.30130440222099314,-9.999999999998898e-06,1.1577604993045842,0.08186603000481946,-0.0058850000000004775,15.726784007411528,1.1120515617896838,0.0059049999999994185,15.097976301560253,1.0675881425027045,0.0,0.11848666926763365,0.008378272731935145,9.999999998981935e-06,22.24391918350595,1.572882609482259
R:A:PHE:498,0.0,4.5624679295092045,0.32261520119021053,-4.999999999997229e-06,1.589406338755134,0.11238800001946382,0.0008650000000002933,3.7350130399738903,0.2641053048385719,-0.000904999999999987,2.393994076365896,0.16928094455187506,0.0,0.19918798287761066,0.014084717342362841,-4.499999999966864e-05,6.562281007123046,0.4640233400188392
R:A:ASN:499,0.0,4.7324076489193105,0.3346317539889931,-9.999999999998898e-06,1.6728002719691317,0.1182848415880074,-0.001025000000000702,6.915549748008108,0.4890032122449453,0.0011449999999999971,3.545639846610905,0.2507145979183801,0.0,0.25376173888470527,0.017943664637106508,0.00010999999999832255,9.2549839634989,0.6544261920362823
R:A:ALA:500,0.0,3.2837700800680305,0.23219760914735965,0.0,1.3482642468003074,0.09533667917438703,-0.0006550000000000722,4.3475061840295295,0.3074151103977731,0.0007349999999999935,2.8130058039177595,0.19890954794673632,0.0,0.21744539789644232,0.015375711539038139,7.99999999999812e-05,6.281883204268154,0.44419622123598895
R:A:GLU:501,0.0,4.263925127010324,0.30150503717807103,-9.999999999996679e-06,1.252534424876219,0.08856755854995667,-0.03677500000000002,14.613571245492148,1.0333355325040239,0.036720000000000114,15.211020447765826,1.075581570738245,0.0,0.1785275767261012,0.01262380601318278,-6.499999999974193e-05,21.557211778876383,1.5243250632318006
R:A:THR:502,0.0,4.689237256606878,0.3315791462739326,-4.999999999997229e-06,1.5727875937249125,0.11121287728889583,-0.0022400000000002505,5.744147977759626,0.40617259872128253,0.0023350000000000094,2.9904543081904795,0.21145705201500137,0.0,0.1345339815360368,0.00951298906441574,8.999999999974584e-05,8.149770500798654,0.5762757986228814
R:A:PHE:503,0.0,3.9386061427299377,0.278501511194733,0.0,1.4416574619340057,0.10194057674817224,0.0005999999999996674,2.5332579451765267,0.1791283871529021,-0.0006849999999999867,1.4175177172702285,0.10023363903338538,0.0,0.052752584604153746,0.003730171029871418,-8.500000000026597e-05,5.101032220625294,0.36069744742552184
R:A:THR:504,0.0,5.833240414002323,0.41247238530324665,0.0,1.3745028260247412,0.09719202690421679,-0.0009500000000000597,7.308265512028145,0.5167724102266877,0.0009249999999999892,4.142841757196985,0.292943149989678,0.0,0.17155840564891797,0.01213101120039024,-2.500000000017266e-05,10.320817150416135,0.7297919794445669
R:A:PHE:505,0.0,4.841332829376637,0.34233392736332746,-4.999999999997229e-06,1.4308964294717492,0.10117965684550922,0.0012750000000000838,4.15575379240337,0.29385616875501347,-0.0012800000000000272,2.468049841271444,0.174517477906942,0.0,0.06857392136420165,0.004848908480918005,-9.999999999850129e-06,6.989437040380381,0.49422783279294
R:A:HIS:506,0.0,4.859877972768453,0.3436452670283705,0.0,1.2612083129879852,0.089180895060265,-0.0016650000000004894,6.973098940827887,0.4930725546944131,0.0017250000000000054,3.5928722716894628,0.2540544347248735,0.0,0.10984608665660425,0.007767291276169,5.999999999953376e-05,9.314180934518815,0.6586120499996708
R:A:ALA:507,0.0,2.7717335647478816,0.19599115992755894,0.0,0.8647971595698034,0.06115039358826728,-0.001555000000000959,2.327957145433524,0.16461142838477225,0.0015699999999999924,1.3911308181116542,0.09836780350043403,0.0,0.09967663980866065,0.007048202793459291,1.4999999999014691e-05,3.9742855883477404,0.2810244289892655
R:A:ASP:508,0.0,5.839770307088286,0.4129341184713974,-4.999999999997229e-06,1.4648281079618184,0.1035789888412462,-0.05704000000000018,11.839920457182135,0.8372088043982815,0.05706500000000027,10.78656858796508,0.762725579428391,0.0,0.11387590154037318,0.008052242219292948,2.0000000000131024e-05,17.11126484751059,1.2099491408353733
R:A:ILE:509,0.0,4.369372938712144,0.308961323449635,-5.00000000000167e-06,1.4930808988380369,0.10557676284284814,-0.002495000000000509,3.101436789292182,0.21930469851299353,0.0025250000000000016,1.415895859226589,0.10011895635130742,0.0,0.07502645522199625,0.00530517152558624,2.499999999945157e-05,5.740209983890675,0.4058941405043819
R:A:CYS:510,0.0,2.9511363126683934,0.20867684988936844,0.0,0.7206139499066057,0.05095510105965839,-0.0010000000000000141,1.7948697611665316,0.12691645794675335,0.000959999999999992,0.906790178045616,0.06411974840094119,0.0,0.06852995571024303,0.004845799639712661,-4.000000000002335e-05,3.6437634723084935,0.25765298603091763
R:A:THR:511,0.0,6.912996863358178,0.4888226960401901,0.0,1.2241072445664227,0.0865574533532497,-0.0029450000000000465,5.39132765913694,0.38122443473743256,0.002909999999999964,1.6125588223379637,0.11402512783373672,0.0,0.07064940170802773,0.0049956671034518865,-3.49999999999806e-05,8.997761688366541,0.63623783053445
R:A:LEU:512,0.0,4.254738553654031,0.30085544834646083,-1.5000000000018332e-05,1.4970224159226875,0.10585547018872005,0.0014449999999997943,4.678989104836107,0.3308544925127585,-0.0013849999999999878,2.7532915305820778,0.19468711118580756,0.0,0.11371891216767067,0.008041141394291733,4.4999999999917326e-05,7.059062371183556,0.49915108714826817
R:A:SER:513,0.0,4.935731684684653,0.349008934435782,-1.0000000000001119e-05,1.6842138982178005,0.11909190683984365,0.002290000000000134,8.515380394715201,0.6021283221486098,-0.002314999999999995,4.952404814206427,0.35018790273062683,0.0,0.0864784775199177,0.006114951788102221,-3.4999999999895114e-05,11.146457686444569,0.788173581629387
R:A:GLU:514,0.0,3.9344580024191385,0.2782081933804251,-5.00000000000167e-06,1.4138825442288339,0.09997659348254971,-0.09222499999999993,17.562099848112553,1.2418279894475621,0.09216999999999946,16.874301901243204,1.193193330215812,0.0,0.15300053121351923,0.010818771314622347,-6.0000000000499656e-05,24.711775503059297,1.7473864033372835
R:A:LYS:515,0.0,4.540041229939437,0.32102939405566894,-4.4999999999997265e-05,1.1265998767863414,0.0796626412559551,0.147874999999999,19.301162824547,1.364798311802288,-0.14755000000000001,18.023126610671635,1.274427504458963,0.0,0.19834033536053533,0.01402477961162485,0.00027999999999895665,26.819554801385703,1.896428906846406
R:A:GLU:516,0.0,4.293863325048901,0.30362198746302943,-1.4999999999991686e-05,1.9006790525691075,0.13439830469308384,-0.10331499999999927,15.452737555050723,1.0926735513072396,0.103165,14.126855980481821,0.9989195660644429,0.0,0.14963402234870132,0.010580723189898611,-0.0001649999999992602,21.457571887197982,1.5172794589235516
R:A:ARG:517,0.0,6.021979320107301,0.4258182413413027,-4.999999999997229e-06,1.8086654602150727,0.12789196118159657,0.08072500000000002,17.71614825293791,1.2527208566158603,-0.0805600000000002,14.496943741532213,1.025088722611731,0.0,0.16206519320952698,0.011459739711276453,0.000159999999999485,23.73994645256914,1.6786677121617162
R:A:GLN:518,0.0,4.227202667196121,0.29890836714242375,-2.000000000000668e-05,1.5036760175483281,0.10632595087160049,0.004999999999999929,6.051188379748229,0.42788363375572097,-0.004994999999999982,4.379631330337634,0.30968670127788017,0.0,0.20239736826775984,0.014311655159644393,-1.5000000000000568e-05,8.716036946161754,0.6163168829703464
R:A:ILE:519,0.0,4.370684892411028,0.3090540925853434,-2.5000000000003908e-05,1.777550665262456,0.12569181293097414,0.0036249999999999004,3.3185680468953778,0.23465819697887183,-0.003579999999999991,1.0926334490578256,0.07726085211800346,0.0,0.288360618791781,0.020390174897481732,1.9999999999895657e-05,5.878134600251171,0.41564688365648783
R:A:LYS:520,0.0,4.859433287817625,0.3436138230539482,-1.4999999999991686e-05,1.6681900622456063,0.1179588505321877,0.06112500000000125,15.230118224323638,1.0769319874692065,-0.06107999999999993,16.551890658580366,1.1703954126140446,0.0,0.2731884255288757,0.019317338823314413,3.0000000001325634e-05,23.073646599071484,1.6315531976905366
R:A:LYS:521,0.0,4.820704332750558,0.34087527237832904,-2.4999999999986144e-05,1.545980347732467,0.10931731874627641,0.06940499999999965,14.50828517925792,1.025890683364156,-0.06936999999999983,14.206416620326886,1.0045453528594415,0.0,0.14908392918856156,0.010541825729516695,9.99999999975465e-06,20.9275914416899,1.4798041822320482
R:A:GLN:522,0.0,4.380351604038197,0.309737632319678,-3.500000000000725e-05,1.4935076977956958,0.10560694208656454,0.0016100000000001558,5.2053146375507415,0.3680713278421725,-0.0014699999999999891,3.6988526905447316,0.2615483820094286,0.0,0.14257150463170468,0.010081327772904764,0.00010500000000000398,7.887660220531686,0.5577418029633333
R:A:THR:523,0.0,4.541518017001584,0.32113381867027024,-5.00000000000167e-06,1.3227606289404745,0.0935333010610392,0.0021100000000000563,3.7446453305887326,0.26478641063978337,-0.0021199999999999934,1.3423879020610996,0.09492115885301865,0.0,0.08573461125219849,0.0060623524998822025,-1.4999999999885105e-05,6.181165418858451,0.4370743983310597
R:A:ALA:524,0.0,2.859027190068327,0.20216375136940343,0.0,1.045133914481776,0.0739021278178105,0.0026799999999994385,1.8849027533536045,0.1332827518773528,-0.002665000000000013,0.8502065656503719,0.06011868279807035,0.0,0.005290489186134681,0.0003740940779309932,1.49999999994066e-05,3.6799563796193056,0.2602122110499508
R:A:LEU:525,0.0,4.044346550130195,0.285978487106548,-1.4999999999991686e-05,1.3519028733141298,0.09559396892259993,0.003595000000000326,2.2730137795391827,0.16072634572426203,-0.0035599999999999933,0.8836899992361574,0.06248631909266219,0.0,0.075262233093413,0.005321843538759492,2.0000000000224282e-05,4.9129975022261325,0.3474013849776668
R:A:VAL:526,0.0,4.2314000762809,0.29920516878514986,-1.9999999999997796e-05,1.4191985369743023,0.10035249093445563,0.0034799999999997056,2.2433681148219966,0.15863008066883152,-0.003434999999999997,0.8485646661127247,0.06000258296836062,0.0,0.0016442697041544007,0.0001162674257907175,2.499999999962199e-05,5.066718493038454,0.3582711004790776
R:A:GLU:527,0.0,4.399284801959291,0.3110764115836332,-2.4999999999995027e-05,1.788218898674041,0.1264461709498354,-0.026319999999999552,19.319576778154328,1.3661003749487077,0.02621999999999998,17.396127537637508,1.230091974824952,0.0,0.10495155135762878,0.007421195366102752,-0.00012499999999967314,26.427897166047988,1.8687345298613274
R:A:LEU:528,0.0,6.261313802565722,0.44274174489311496,-4.999999999997229e-06,1.4543607631447568,0.10283883579112998,0.002694999999999936,5.218859648493624,0.3690291047510683,-0.002640000000000002,1.0824913073092088,0.07654369439738325,0.0,0.04873387982099221,0.003446005689495384,4.999999999987459e-05,8.350441558126876,0.5904653851653474
R:A:VAL:529,0.0,4.224671619422036,0.2987293950379675,-9.999999999994458e-06,1.1461516717913036,0.0810451619391929,0.0027200000000000557,2.2901827587771244,0.161940375888782,-0.0027050000000000004,0.9890447022126958,0.06993602158312268,0.0,0.006426560844433047,0.0004544264752806553,5.000000000028315e-06,5.038323306315236,0.35626325757057303
R:A:LYS:530,0.0,4.628521386274455,0.32728588591016267,-3.0000000000014458e-05,1.7719355485739317,0.12529476422221322,0.021375000000001164,12.539846063850828,0.8867010186784356,-0.021285,11.113666323624935,0.7858548821279758,0.0,0.10462132688312775,0.007397844969579408,6.000000000109251e-05,17.47384416467907,1.235587370224155
R:A:HIS:531,0.0,4.360515651525631,0.308335018666385,0.0,1.2660847004841342,0.08952570772688702,0.0014649999999995344,4.280522992179226,0.3026786834794862,-0.0014750000000000362,3.72269446558202,0.26323425008986767,0.0,0.12959854283544814,0.009164000847084063,-1.0000000000476294e-05,7.267406288969612,0.5138832268568174
R:A:LYS:532,0.0,4.6615517187091235,0.32962148311510264,-5.00000000000167e-06,1.8078022519553958,0.12783092314019717,0.010064999999999245,20.478759345723926,1.4480669603648773,-0.010080000000000023,18.443860084330232,1.3041778536885795,0.0,0.22858691574286757,0.016163535821229962,-2.000000000080382e-05,28.010819776237337,1.9806640610371673
R:A:PRO:533,0.0,3.8745922938484765,0.2739750485313398,-4.999999999997229e-06,1.136160655442266,0.08033869039805788,-0.0010349999999990445,3.4975469310325202,0.2473139152451293,0.0010200000000000061,2.0119067248756837,0.14226328882744135,0.0,0.09150817517357013,0.006470605119923791,-1.999999999917179e-05,5.708966931855849,0.4036849231085029
R:A:LYS:534,0.0,4.445011503494675,0.3143097776573296,-2.000000000000668e-05,1.045373497655264,0.07391906890647366,-0.009699999999999492,18.413427032113006,1.302025911929079,0.00972000000000007,17.146099114269404,1.2124122954596552,0.0,0.24575672592133546,0.017377624742118007,4.929390229335695e-16,25.572530951930347,1.8082510048212825
R:A:ALA:535,0.0,3.5806454875901905,0.2531898705300036,-9.999999999998898e-06,1.0486042723306062,0.07414751917461568,0.00032500000000084127,4.737482785390887,0.33499062033044297,-0.00041000000000000704,2.9788412369073987,0.21063588386953444,0.0,0.08813323947305765,0.006231961127933697,-9.499999999916186e-05,6.726484873410852,0.4756343067537549
R:A:THR:536,0.0,5.454673280848267,0.38570364660448825,-4.999999999997229e-06,1.520296912505909,0.10750122562498995,-0.0008800000000000452,8.326802198128043,0.5887938299895389,0.0008600000000000152,2.876513435045976,0.2034002156095219,0.0,0.12020962591578431,0.008500104164894922,-2.5000000000110488e-05,10.473260144094953,0.7405713269020339
R:A:LYS:537,0.0,4.368979618623782,0.30893351151946924,-1.4999999999998349e-05,1.5311563123257532,0.10826910115021274,0.028030000000000114,16.50459345199087,1.1670509950629833,-0.027960000000000117,14.958555345921612,1.0577295921855454,0.0,0.3573101395294971,0.025265642264801887,5.499999999990734e-05,22.753462948506005,1.6089127946365451
R:A:GLU:538,0.0,4.212261115072284,0.297851839859602,0.0,1.7404448402491817,0.12306803488213337,-0.024154999999998913,26.63414602191846,1.8833185263211252,0.02417999999999993,26.02217727879433,1.840045801507397,0.0,0.14761382405393347,0.010437873598541425,2.5000000000972022e-05,37.51433761151097,2.6526642516820953
R:A:GLN:539,0.0,4.450714463493473,0.31471303782612814,0.0,1.4905335621850317,0.10539663894071764,-0.0007349999999998147,6.324978226585053,0.44724349948755543,0.0007049999999999646,4.665038486751744,0.3298680348478388,0.0,0.22923191165902534,0.01620914391984524,-2.999999999996561e-05,9.15702082855133,0.6474991523335103
R:A:LEU:540,0.0,4.730889834772102,0.33452442832138585,-1.5000000000000568e-05,1.5330253286801885,0.10840126056404971,-0.0008999999999996078,2.4881302487912484,0.17593737713956634,0.0009050000000000103,1.6468361492191628,0.1164489008616011,0.0,0.06391860188561674,0.0045197276837282835,-9.999999999501519e-06,5.7998648529183,0.41011237674640477
R:A:LYS:541,0.0,4.609423394520187,0.3259354539625139,-5.00000000000167e-06,1.5111980213310894,0.10685783685989061,0.043759999999999265,15.615671182819838,1.1041946986151263,-0.043720000000000016,14.609854607134187,1.0330727264854107,0.0,0.12052901371147898,0.008522688292511314,3.499999999927006e-05,21.9281113838908,1.5505516258163115
R:A:ALA:542,0.0,3.307854614330866,0.2339006428972567,0.0,1.084816525477926,0.07670811215086706,-0.0009600000000002495,3.6568945698707256,0.2585814948439853,0.0009449999999999537,2.462319110752097,0.17411225406580375,0.0,0.09606754207894178,0.006793001045594373,-1.500000000030921e-05,5.6181715276828355,0.3972647185093718
R:A:VAL:543,0.0,4.400080216791507,0.3111326559058049,-5.000000000006111e-06,1.243036913158656,0.08789598305596792,-0.0008049999999994384,3.251040774425168,0.22988329775100014,0.0008949999999999902,1.3401404017396834,0.09476223658121942,0.0,0.0980874416199365,0.006935829511869669,8.500000000046803e-05,5.768943598374709,0.40792591386934796
R:A:MET:544,0.0,3.951868224624905,0.27943928199879126,-9.999999999994458e-06,1.4794670290175445,0.10461411687602203,-0.0020100000000001115,3.4593469419747422,0.24461276811472862,0.001954999999999988,2.7687292113847106,0.1957787200639411,0.0,0.08003829308452079,0.0056595619794661,-6.500000000011718e-05,6.119267439329227,0.4326975502243737
R:A:ASP:545,0.0,8.609054518540349,0.6087520829664569,0.0,1.3402014200111863,0.09476655122457502,-0.04697000000000017,21.73483058566365,1.5368846095063549,0.04701999999999982,24.83639651879878,1.756198439868058,0.0,0.13442346314539932,0.00950517423406918,4.999999999938609e-05,34.13472545434259,2.4136895842706703
R:A:ASP:546,0.0,9.887687454038483,0.6991650849003761,-4.999999999997229e-06,1.1799343815123788,0.08343396025225579,-0.03613000000000012,16.797695860072594,1.1877764650966527,0.03610500000000027,11.25327619417452,0.7957267907465946,0.0,0.09449382971969264,0.006681722777508158,-2.999999999968139e-05,22.538108809905836,1.5936849574604683
R:A:PHE:547,0.0,4.590558075092831,0.3246014744328805,0.0,1.3172813283236047,0.09314585599880437,-0.0009749999999998948,2.343059155820655,0.16567930178020124,0.0010149999999999831,2.222524715177539,0.15715622974567378,0.0,0.08758736771348598,0.006193362165648561,4.000000000009329e-05,5.765905601289616,0.40771109503533853
R:A:ALA:548,0.0,3.0687957440582454,0.2169966280700002,0.0,0.7833910097773653,0.0553941095334152,-0.0010999999999999233,2.310235705333982,0.16335833333809452,0.001120000000000004,1.5212606422142132,0.10756937160618724,0.0,0.09349873037846021,0.006611358628294186,2.000000000011326e-05,4.206111477514878,0.2974169948177339
R:A:ALA:549,0.0,3.255331486162354,0.2301866968875482,0.0,0.9046783779609193,0.06397042158490125,-0.0005199999999997829,2.5846449934855658,0.18276200018535035,0.0004750000000000043,1.4779979805720305,0.10451023946425059,0.0,0.06418805834387926,0.004538781132615478,-4.499999999977966e-05,4.503844350342156,0.3184698881535659
R:A:PHE:550,0.0,4.348152949264779,0.3074608436061411,0.0,1.3232705361338626,0.09356935694446125,-9.500000000002729e-05,2.564003987024006,0.18130246062140193,0.00012000000000000232,1.7216056837586242,0.1217359053515026,0.0,0.16978771739546059,0.012005804633251531,2.4999999999950616e-05,5.4976676351706955,0.3887438065539009
R:A:VAL:551,0.0,4.183766066858901,0.29583693567740993,-5.00000000000167e-06,1.2634730378504322,0.0893410352910408,-0.0006449999999999179,3.062563816620806,0.2165559642549126,0.000640000000000025,1.7728524746154148,0.12535960068439114,0.0,0.0824041673366217,0.0058268545521756206,-9.999999999883436e-06,5.623998230262385,0.3976767285999675
R:A:GLU:552,0.0,4.341579612992257,0.30699603854080915,0.0,1.417920371459554,0.10026211098415991,-0.07261500000000028,20.86173747845263,1.47514760383474,0.07262000000000036,19.529019183399868,1.3809101894504219,0.0,0.20200521623158021,0.01428392582324052,5.0000000001659824e-06,28.939511030917743,2.046332449418483
R:A:LYS:553,0.0,4.809331718648652,0.3400711071232015,0.0,1.2410721477013331,0.0877570531581365,0.04766999999999939,30.356559942631016,2.14653293889303,-0.04763499999999999,29.227428228743886,2.0666912697187922,0.0,0.2693827232068537,0.0190482350314065,3.499999999940662e-05,42.43236725807655,3.000421462998396
R:A:CYS:554,0.0,3.224414111710839,0.22800050837443323,-4.999999999997229e-06,0.887024089117652,0.06272207484909122,0.0009299999999991826,2.3335274727973525,0.16500531001001148,-0.0008600000000000052,1.5897399636890304,0.11241159086477692,0.0,0.08171935739523731,0.005778431176837934,6.499999999921346e-05,4.377551800983981,0.30953965634711567
R:A:CYS:555,0.0,3.6657637657042224,0.259208641695739,-4.999999999997229e-06,0.869631076017296,0.06149220309823839,0.0001549999999999585,2.6617752741685385,0.18821593463592554,-0.00014500000000000068,2.1741697655599483,0.15373701846782056,0.0,0.08813693475588885,0.006232222423888531,4.999999999941718e-06,5.100383524132589,0.3606515776566294
R:A:LYS:556,0.0,5.74313088200156,0.406100679190518,0.0,1.3500373076141265,0.0954620535068778,0.06639999999999958,15.159167897927313,1.0719150417769823,-0.06633999999999991,13.972210938178323,0.9879845102554745,0.0,0.17132286495547017,0.012114355958232006,5.999999999964034e-05,21.44431286943712,1.5163419047864939
R:A:ALA:557,0.0,3.301638583461249,0.2334611031392596,0.0,0.7080639792772967,0.05006768412609076,5.499999999955207e-05,3.798538910354217,0.2685972622112426,-3.0000000000026672e-05,2.737079980334882,0.19354078147447373,0.0,0.12584756682867412,0.008898766790038268,2.4999999999547608e-05,5.773951352137607,0.40828001553377374
R:A:ASP:558,0.0,8.133400853366936,0.5751182897524213,0.0,1.494007113704617,0.1056422561241476,-0.044240000000000085,22.182777536637513,1.5685592421709003,0.04423000000000002,19.85067664963464,1.403654807009811,0.0,0.23838339484306273,0.016856251501579992,-1.0000000000083276e-05,30.89605275805611,2.184680841711881
R:A:ASP:559,0.0,14.244626869974516,1.0072472255231084,0.0,1.2921642906186503,0.09136981323035524,-0.03902999999999986,21.581781121378746,1.5260623781010723,0.03901000000000053,15.33897307139399,1.0846291875220535,0.0,0.1712105741639149,0.012106415800214654,-1.9999999999278374e-05,30.094281309503064,2.1279870388885187
R:A:LYS:560,0.0,5.260125475613675,0.3719470393698543,0.0,1.7322011141896887,0.1224851154222422,0.034499999999999885,21.883809793784764,1.5474190303381787,-0.03445000000000018,19.561470683573358,1.383204857033657,0.0,0.3154643640968535,0.022306699107558715,4.999999999965254e-05,29.871746264305756,2.112251434937452
R:A:GLU:561,0.0,4.26841463178075,0.30182249310480486,-4.999999999997229e-06,1.3342171148935993,0.0943433969516415,-0.038720000000000004,10.4421089181616,0.738368602592059,0.03870000000000161,9.252890994775635,0.6542781967985791,0.0,0.2351039111879287,0.01662435698844642,-2.4999999998343015e-05,14.652931551313578,1.0361187264196148
R:A:THR:562,0.0,5.551362855871521,0.3925406320213871,0.0,1.5968819958750866,0.11291660880379821,4.500000000007276e-05,7.58560896302169,0.5363835537182091,5.000000000032201e-06,4.176198115987195,0.29530180073930296,0.0,0.17250129014889146,0.012197683202770933,5.00000000001144e-05,10.410548131834991,0.7361369179889466
R:A:CYS:563,0.0,3.4726704340032044,0.24555488127096967,0.0,1.032818167539669,0.07303127299999637,0.0006500000000006878,3.6178786405226475,0.25582265202235316,-0.000675,1.9625417520590487,0.13877265812426812,0.0,0.06962420778342521,0.004923174945840117,-2.4999999999324452e-05,5.483759369888003,0.38776034368430756
R:A:PHE:564,0.0,4.139597302902784,0.2927137324264101,-5.000000000006111e-06,1.6175114620536697,0.11437533234651168,0.0006899999999996709,4.885410029455051,0.34545065607044373,-0.0006899999999999867,3.377200635844723,0.23880414710333236,0.0,0.17199207307585776,0.012161676118227124,-5.000000000385807e-06,7.419899306858951,0.5246661115601328
R:A:ALA:565,0.0,3.1915041945452614,0.22567342581482647,0.0,1.1022533987246308,0.07794108528241057,0.0006299999999999529,4.081143469856212,0.28858042225305236,-0.0006050000000000072,3.3433169067372295,0.2364082056409527,0.0,0.16709694325644722,0.011815538169217757,2.499999999991509e-05,6.265946291476703,0.44306931132538757
R:A:GLU:566,0.0,4.424620402158812,0.31286790905428447,0.0,1.7433004100125715,0.1232699541565178,-0.02763499999999942,20.002399692171313,1.4143832462338046,0.027639999999999568,18.48567204895186,1.307134406060448,0.0,0.20071374980074114,0.01419260535614841,5.000000000237037e-06,27.64909967031267,1.9550865870580822
R:A:GLU:567,0.0,4.288947459482338,0.3032743832752776,0.0,1.7736535343747382,0.12541624416318645,-0.032035000000000285,21.751238722807834,1.5380448400104838,0.03202499999999997,20.342241493704055,1.43841369047325,0.0,0.28909269833061196,0.020441940738109263,-1.0000000000331965e-05,30.142124456036242,2.13137006022321
R:A:GLY:568,0.0,2.7965917021885764,0.19774889568275722,0.0,1.0819043244206024,0.07650218843928584,0.00025000000000069633,3.1490897879704858,0.22267427436392376,-0.00020499999999999685,1.5676179685991738,0.1108473295906356,0.0,0.055142005907098876,0.0038991286305138273,4.50000000007017e-05,4.622626455267661,0.3268690513412096
R:A:LYS:569,0.0,5.490212465396944,0.38821664644370923,0.0,2.1967022210122154,0.15533030367252876,0.02742999999999981,24.093341963976272,1.7036565484174033,-0.027445000000000074,22.73436582141615,1.6075624238299036,0.0,0.40651475668918335,0.028744934110732097,-1.5000000000285896e-05,33.652246642764894,2.3795731803261284
R:A:LYS:570,0.0,4.949524239636572,0.34998421534942104,0.0,1.379186594899327,0.09752321937748978,0.027724999999999726,26.237522204577072,1.855272987238906,-0.02763999999999998,23.84561318259503,1.6861394782964276,0.0,0.211576609313368,0.014960725518593935,8.499999999979302e-05,35.82548743581214,2.5332445105176222
R:A:LEU:571,0.0,7.225380536290112,0.5109115573864031,-9.999999999998898e-06,1.7606084368478985,0.12449381647093964,0.00042499999999932923,6.157506541342445,0.43540146305837674,-0.0004450000000000076,2.141712485109754,0.15144194215729997,0.0,0.20025893176291137,0.014160444864272871,-3.0000000000840464e-05,9.891804121463426,0.6994561772455827
R:A:VAL:572,0.0,4.274632336417953,0.30226215121604294,-1.5000000000000568e-05,1.6083538116269689,0.11372778867486608,0.00045999999999981613,5.075360454169734,0.3588821794109454,-0.000489999999999999,2.232888650582469,0.15788907064613433,0.0,0.09818943398960603,0.00694304146149193,-4.500000000025039e-05,7.184288428614361,0.508005906587326
R:A:ALA:573,0.0,3.3071832287839755,0.23385316876995701,0.0,1.2722190958911126,0.08995947498596242,0.0007350000000000278,4.092663984139793,0.28939504563032004,-0.0007800000000000024,2.2444904415033715,0.1587094411495422,0.0,0.14545539170711821,0.01028524938362488,-4.499999999992732e-05,5.862149387106376,0.41451655839514817
R:A:ALA:574,0.0,2.9711599659981283,0.21009273599472683,-4.999999999999449e-06,1.340520688193584,0.09478912689425407,0.000999999999999872,2.7878786314239,0.1971327885404911,-0.0010250000000000081,1.7172858438754453,0.12143044654399901,0.0,0.18083113589673,0.01278669224422439,-3.000000000016545e-05,4.623724158279741,0.3269466706655666
R:A:SER:575,0.0,6.336142462350417,0.44803293016920087,0.0,1.0959821069479192,0.07749763798819936,0.001294999999999824,6.613478999057531,0.46764358474684004,-0.0013450000000000185,3.0353680364784434,0.2146329321990803,0.0,0.07019719405073431,0.00496369119335422,-5.000000000021099e-05,9.711043677991187,0.686674483710632
R:A:GLN:576,0.0,4.729386579457214,0.33441813211868465,0.0,1.843832360872322,0.13037863657440202,0.0003849999999999909,5.395627290276359,0.38152846457096096,-0.00042999999999995543,5.338543631469167,0.3774920403472105,0.0,0.3258951744826421,0.023044268783264932,-4.500000000003723e-05,9.137059965786372,0.6460877061915667
R:A:ALA:577,0.0,3.4263513397709233,0.2422796267079632,0.0,0.8355505849139236,0.059082348461702155,0.00043999999999954297,3.0454550198944,0.21534618963659422,-0.000459999999999986,1.8431222746741467,0.13032842589780635,0.0,0.1358839700303195,0.00960844766629885,-2.0000000000330863e-05,5.012822431964971,0.3544600734526472
R:A:ALA:578,0.0,3.677226419293487,0.2600191737040751,0.0,1.5615403929293663,0.11041758009370609,-0.014095000000000689,19.711263343897443,1.3937967976223704,0.014099999999999717,18.541321210112024,1.3110693959828175,0.0,0.3455091310611177,0.02443118495351879,4.999999999064641e-06,27.356795754001816,1.9344175789190035
L:B:UNL:579,0.0,9.796406406879512,0.6927105401563843,-15.274535,3.3786916922641814,0.23890958071386545,-8.783945,12.44174801287484,0.8797644389718051,21.29366,6.56757143944396,0.46439743007579193,-3.3068273759999998,0.12150964124899455,0.008592029130670868,-6.071647375999994,17.47369419616574,1.2355767658488814

