| Run on Wed Sep 10 23:11:07 2025
| GB non-polar solvation energies calculated with gbsa=2
idecomp = 1: Per-residue decomp adding 1-4 interactions to Internal.
Energy Decomposition Analysis (All units kcal/mol): Generalized Born model

Complex:
Total Energy Decomposition:
Residue,Internal,,,van der Waals,,,Electrostatic,,,Polar Solvation,,,Non-Polar Solv.,,,TOTAL,,
,Avg.,Std. Dev.,Std. Err. of Mean,Avg.,Std. Dev.,Std. Err. of Mean,Avg.,Std. Dev.,Std. Err. of Mean,Avg.,Std. Dev.,Std. Err. of Mean,Avg.,Std. Dev.,Std. Err. of Mean,Avg.,Std. Dev.,Std. Err. of Mean
R:A:SER:1,-4.024450000000001,3.3766807470502744,0.23876738541413062,-4.0457,1.0859898848516039,0.0767910811878567,-179.22033000000002,8.958282540258484,0.6334462332001825,91.02254,8.248380408807538,0.5832485720874077,0.430072488,0.09112169616720847,0.0064432769273053345,-95.83786751199999,12.683700386737002,0.8968730554000168
R:A:GLU:2,86.80246,2.8594330256888343,0.2021924482813342,-7.377084999999999,1.0081591381200687,0.07128761630798858,39.487700000000004,8.379695928850879,0.5925339815571761,-166.67143,7.844264944856209,0.5546732935931744,0.48002248799999997,0.06194975551392803,0.004380509221674722,-47.278332512,11.872168135327398,0.8394890595876852
R:A:VAL:3,41.388885,2.5756788759033995,0.18212799993102377,-9.516005,0.8221690914738891,0.05813613398631698,-43.65728,1.7220803905741453,0.12176947219233564,-0.992915,0.6246389179157827,0.04416864146512772,0.007977887999999999,0.009258596793912995,0.0006546816577247907,-12.769337111999999,3.2658695714525394,0.23093185204448943
R:A:ALA:4,82.654015,2.1526458986036223,0.15221505123960305,-6.898865000000001,0.7567813929894154,0.05351252548586172,-71.570285,1.3173158936925498,0.0931483001394819,-0.8216450000000001,0.7449053221551045,0.052672760463782414,0.07495631999999999,0.032503607017461925,0.0022983520935069978,3.438176319999999,2.7382227865477167,0.19362159007674146
R:A:HIS:5,112.78111999999999,2.970468543108982,0.21004384501336856,-9.26064,0.9388796410616219,0.06638881609126646,-70.66265,7.59417647855908,0.5369893685516501,-14.470004999999999,5.440837832078347,0.3847253326398913,0.7195907519999999,0.10757588376757728,0.007606763690418974,19.107415752,9.848400053777434,0.6963870461863982
R:A:ARG:6,-192.346425,4.069976123317555,0.2877907716065179,-11.464994999999998,1.4686291107611207,0.10384776032671576,-133.725565,10.898694120663034,0.7706540518798788,153.27820499999999,7.940234748606303,0.5614593834952578,0.15935407199999999,0.06005364770702622,0.00424643415286262,-184.099425928,14.161710523404398,1.0013841544300142
R:A:PHE:7,104.81822,3.1471186507025757,0.2225348939110449,-13.736725000000002,0.8891413269975701,0.06287178617531873,-81.49759,1.6124937432126674,0.11402052604465565,-1.8364599999999998,0.8202453037963704,0.058000101655083326,0.12332516399999999,0.03378552995984381,0.0023889977340586822,7.870770164,3.7375136111203218,0.26428212192002004
R:A:LYS:8,120.6751,3.1033258127370393,0.21943827264176144,-6.319075000000001,1.07132497841458,0.07575411570914811,-209.710295,16.203269177791714,1.1457441513007496,79.63913500000001,15.923210452882138,1.1259410089493476,1.019369808,0.1306761544155625,0.009240199492662464,-14.695765192000001,22.954084772463876,1.6230988998540077
R:A:ASP:9,77.040745,5.8054098520238,0.410504467393322,-5.803029999999999,0.9489792247989415,0.06710296450604845,-3.7233300000000003,16.432042208170596,1.1619208474140998,-132.963875,17.306149120453544,1.2237295399298305,0.35737567200000003,0.109527032968171,0.007744730773503627,-65.092114328,24.579059172403255,1.7380019415991752
R:A:LEU:10,69.49,3.7800216546998775,0.2672878945070277,-9.691425,0.9572247982449056,0.06768601459588976,-76.51108500000001,2.4483118036261224,0.1731217878803098,0.548265,1.0297164681479072,0.07281194973268468,0.07390692,0.03581109984444488,0.0025322271541755492,-16.09033808,4.718121676239079,0.3336215831731893
R:A:GLY:11,81.29433499999999,1.867406855180467,0.13204560505323532,-3.878275,0.6280447590538432,0.044409470801564384,-82.632065,1.875899200590213,0.1326461045559763,-2.276635,0.9651785750704375,0.06824843154882755,0.19560654,0.02775418572222215,0.0019625172930494137,-7.297033459999999,2.8866912494281594,0.2041198957662519
R:A:GLU:12,93.42127,3.083338367273368,0.21802494681916562,-6.422335,1.0968488513806267,0.07755892607479167,-29.869575,10.24699990213599,0.7245723117618247,-114.29164,9.553576486866058,0.6755398718447343,0.48066213599999996,0.07018609796490971,0.004962906581601099,-56.681617864,14.387036166736968,1.0173170834675822
R:A:GLU:13,92.555315,3.078867057177851,0.21770877745023282,-5.75403,0.8224907471212062,0.05815887847525947,-15.839050000000002,13.457935512087284,0.951619746136817,-124.67622999999999,12.65283919707747,0.894690839751643,0.8684210159999999,0.16773117919354094,0.011860385422416875,-52.845573984000005,18.745517200865617,1.3255082329581147
R:A:ASN:14,20.50584,6.37698324871565,0.4509208098679856,-8.38769,0.8812839746075042,0.06231618745959994,-83.80128,3.521956483490391,0.24903993125199822,-4.833465,2.835192252524509,0.20047836677276426,0.272760948,0.09132622102643959,0.006457739018793689,-76.243834052,7.8672364815939,0.5562976265333242
R:A:PHE:15,112.903295,3.238053126181688,0.22896493233653709,-15.237335,0.8460226727310562,0.05982283689256971,-86.62413500000001,1.4734390135920117,0.1041878718175729,-0.284835,0.5608189705912239,0.039655889712311335,0.006173352,0.009258693472023792,0.0006546884938995643,10.763163351999998,3.699509234845186,0.26159480670212865
R:A:LYS:16,119.71933000000001,3.5210100413233705,0.24897300768456812,-10.49027,1.2339507433848402,0.08725349382976018,-190.23824999999997,12.53849418700268,0.8866054265497701,68.1432,11.587681260718211,0.8193727997682129,0.32549947200000007,0.1096766081586243,0.007755307336650307,-12.540490527999998,17.47628017010706,1.2357596218198692
R:A:ALA:17,86.36828,2.503468925630993,0.17702198538034758,-7.022149999999999,0.5628233892616759,0.03979762351573269,-77.37077,1.3748051705969104,0.09721340589394037,0.11745000000000001,0.6262904976925644,0.044285425791111006,0.0636525,0.03682900979803285,0.002604204257257483,2.156462499999999,2.9778872123810705,0.21056842414833596
R:A:LEU:18,81.197405,3.1730388984339597,0.22436773220513456,-11.826860000000002,0.9382958597372154,0.06634753651794466,-84.49046999999999,1.7249255720465162,0.12197065690361762,0.12924999999999998,0.6035397646385863,0.04267670602916772,0.007359732000000001,0.008525870935087863,0.0006028701153721919,-14.983315268000002,3.7799836161616094,0.26728520477619216
R:A:VAL:19,53.55014,3.3200131084680975,0.23476037826260204,-10.173580000000001,0.8601463675445011,0.06082153293036932,-56.883500000000005,2.875747843605207,0.2033460801195833,-0.516875,0.45977823934479545,0.032511231088271635,0.016675308,0.015673338377089164,0.0011082723850271104,-14.007139692,4.499322855376226,0.3181501701784149
R:A:LEU:20,73.08092500000001,2.9030657001478626,0.2052777442804626,-11.58511,0.8505648757737413,0.06014401914987058,-74.46484500000001,1.3309047903494071,0.09410918023697261,-1.66777,0.5437895430219305,0.03845172734091409,0.027069012,0.021879572308430892,0.0015471193948752887,-14.609730988,3.3494394174300868,0.23684113252383335
R:A:ILE:21,77.10754,2.7957359976220935,0.19768838823259197,-11.301239999999998,1.075820102247583,0.07607196896360709,-65.086165,1.325552325551504,0.09373070382150665,-0.672675,0.4857634294335052,0.034348661500486447,0.000524592,0.001780906724996006,0.00012592912219054018,0.047984592000000284,3.3115837464238713,0.23416433235634715
R:A:ALA:22,87.40414499999999,2.088679174496409,0.14769192080095309,-7.50761,0.6291305014859794,0.04448624438520293,-74.116865,1.3184465543870183,0.09322824992390988,-1.621245,0.6962118966054803,0.04922961532324826,0.032629464,0.014712076343273373,0.0010403008947662787,4.1910544640000005,2.642274521849562,0.18683702321562676
R:A:PHE:23,97.93565500000001,2.9658787072257358,0.20971929460561087,-14.515045,0.8913575786265576,0.06302849883088602,-75.4577,1.3383602243043533,0.09463635902759569,-2.520335,0.5620106785239939,0.039740156188356884,0.0021207599999999997,0.004089600998239315,0.0002891784598202293,5.444695759999999,3.420239122716616,0.24184742769524473
R:A:ALA:24,89.79409,1.9952129840946806,0.14108286309647958,-8.479895,0.6297743992692939,0.0445317748341002,-76.75364499999999,1.00697644906671,0.07120398756302207,-0.46637,0.6062497530721147,0.04286833114899623,3.4848e-05,0.00023387417663350518,1.653740162419719e-05,4.094214848,2.3997981233110277,0.1696913526471978
R:A:GLN:25,32.641325,2.552746695106077,0.1805064498761055,-12.625625,0.7731099432648633,0.054667128348533184,-75.509485,1.7097071064293434,0.1208945488799019,-5.852975,0.9759526291654734,0.06901027221997462,0.031916195999999994,0.010523782674000066,0.0007441438092518945,-61.314843804,3.3151029166379997,0.23441317526860314
R:A:TYR:26,86.810525,3.103699147690543,0.21946467140948908,-14.308364999999998,0.8568989449024897,0.06059190547321482,-78.67085499999999,2.494924871408957,0.17641782951242485,-1.9231,1.6408140022561974,0.11602307076611963,0.040603968000000004,0.021241627914238965,0.001502009914159983,-8.051191031999998,4.391423016731758,0.31052049941897114
R:A:LEU:27,68.456755,3.0534964835373564,0.21591480698385418,-10.481295,1.1305052489816223,0.07993879277218914,-73.85931000000001,1.607654065369786,0.11367830914250968,1.1723949999999999,0.4887141587625634,0.03455730957228876,0.003423168,0.006699672256504492,0.0004737383684301705,-14.708031832000001,3.664057982815412,0.259088024630948
R:A:GLN:28,31.113045000000003,2.64788216372538,0.18723354337531242,-10.713485,1.0514956632221553,0.07435197138526321,-84.345535,1.9970522348639252,0.14121291776560313,-2.435735,0.9809407091027469,0.06936298273484928,0.077522328,0.021230692180096624,0.0015012366409830529,-66.304187672,3.6149462137894175,0.2556152981395132
R:A:GLN:29,27.423560000000002,2.9238643105315267,0.2067484281246172,-7.330975,1.2931723722593984,0.0914410953667715,-74.918405,3.082119108823506,0.21793873222737395,-3.4755449999999994,1.8001613810919843,0.1272906319800283,0.57380544,0.07182064009699718,0.005078486164174516,-57.72755956000001,4.792334993932388,0.3388692571927184
R:A:CYS:30,103.04064999999999,3.325242554686801,0.2351301559509116,-6.7347,1.009120458617305,0.07135559193223752,-82.51199000000001,3.499130004715458,0.2474258554587616,1.520445,1.0706982053664795,0.07570979616189043,0.07223256,0.03926218560795616,0.0027762557687590673,15.386637560000002,5.046524457841627,0.35684316655635795
R:A:PRO:31,82.55985499999998,2.40886693571376,0.17033261452192588,-7.024475,0.753099202877682,0.05325215532609924,-53.786525000000005,1.566425200695839,0.11076298816335264,-6.181405,1.0498532092511792,0.07423583235119682,0.4609062,0.062233673530332434,0.0044005852571447806,16.028356199999998,3.151119011370576,0.22281776212659837
R:A:PHE:32,93.40291500000001,3.191390129359775,0.225665360188211,-12.978415,0.951110236920516,0.06725364981824407,-66.92946,1.8080825474518578,0.12785074302482563,-6.972664999999999,1.3063011148946477,0.09236943766135527,0.16060626,0.07547845638660876,0.005337132834446413,6.68298126,4.008848181099342,0.28346837336027014
R:A:GLU:33,93.749165,2.7408950869697657,0.1938105502517213,-5.225275,0.6676303163989784,0.04720859240514379,-23.061390000000003,7.920758747613767,0.5600822222580359,-122.38523,8.108093608062255,0.5733287972756121,1.000008972,0.08679980768523865,0.006137673261992045,-55.922721028000005,11.680983324136893,0.8259702519424176
R:A:ASP:34,99.78487000000001,6.3817938460200985,0.4512609704655389,-5.714880000000001,1.0587575764073662,0.07486546619102828,-24.556404999999998,18.246340870458795,1.2902111361342665,-131.77263,14.419386213466229,1.0196045772089783,0.539627112,0.12086457950742167,0.008546416377495848,-61.71941788800001,24.139397724039316,1.706913182442731
R:A:HIS:35,118.06903,3.5430536912527875,0.2505317291192874,-11.71856,1.123738015019515,0.07946027706974094,-90.98892,2.274384218552353,0.16082325039620354,-6.082155,1.3749312568179546,0.09722232153613182,0.04287672000000001,0.05513696375344584,0.003898772096409843,9.322271719999998,4.569717300320333,0.32312780911619904
R:A:VAL:36,63.067235000000004,3.422649479537015,0.24201786566052305,-5.89346,1.204839777065814,0.08519503766065252,-60.929005,3.09209348257374,0.2186440269590619,-2.2002349999999997,1.3529533176628823,0.09566824655482611,0.51405498,0.1616179440676845,0.011428114421168787,-5.441410019999999,4.958206681126722,0.35059815667491506
R:A:LYS:37,120.01553500000001,3.3254147513919223,0.23514233209670052,-5.69272,1.1040598677608022,0.07806882193295861,-174.002365,14.90887514609251,1.0542166715665593,50.351395,14.79586696712886,1.0462257865990854,1.1063505599999999,0.17603005818160034,0.01244720478328721,-8.221804440000001,21.295552481034825,1.5058229568453732
R:A:LEU:38,77.5058,4.512008628094588,0.3190471897697894,-9.82588,1.0254223206074657,0.07250830764815851,-81.26514499999999,3.828317900067208,0.27070295476753664,-2.070135,0.957043706825869,0.06767320949884821,0.12388759199999999,0.06500268963203241,0.004596384263417461,-15.531472407999999,6.081602481748491,0.43003423553252945
R:A:VAL:39,50.850295,2.9636455452659987,0.20956138620908907,-9.508445,0.9965712302565232,0.07046822748498077,-56.538295000000005,2.2399922874811424,0.1583913736283482,-1.984135,0.7836654878039481,0.05541351806080353,0.046768031999999994,0.03817367135386084,0.0026992861877101655,-17.133811968,3.925494033734433,0.27757434507609513
R:A:ASN:40,20.960985,7.45897259042926,0.5274290099377118,-7.3544350000000005,0.9370472057345883,0.06625924334668333,-85.073335,7.33102075039861,0.5183814485626149,-8.348245,3.6636251998498697,0.2590574222539763,0.45710229599999996,0.08819773641000309,0.006236521750081684,-79.35792770399999,11.121516230218246,0.786409954346357
R:A:GLU:41,110.79343499999999,2.822454835028366,0.19957769534413158,-7.00258,0.9752971873229206,0.06896392548282036,-30.67029,13.321624689800416,0.9419811154580011,-128.291655,12.889069188889282,0.9113948226646205,0.595022616,0.1167753127967917,0.008257261555379163,-54.576067384,18.775645962387788,1.3276386581162225
R:A:VAL:42,58.65045,3.5202053658131938,0.24891610853357804,-8.98654,0.809694027642541,0.057254013763228855,-60.478114999999995,2.8168933351788454,0.1991844379184152,-2.61524,0.5345624214252251,0.037799271315727766,0.064700316,0.04090443886092735,0.0028923806099192266,-13.364744684,4.611915920004779,0.3261117021297574
R:A:THR:43,36.154070000000004,2.752625035325371,0.19463998285424297,-9.686705,1.0493329967055263,0.07419904776932787,-51.645365,2.196305345751132,0.15530224035368903,-0.9041049999999998,1.0355185386920893,0.07322221807535606,0.018631908,0.019873533775298647,0.0014052710498653562,-26.063473092000002,3.817655706866416,0.2699490238560765
R:A:GLU:44,89.271755,3.0577029131318496,0.21621224647293916,-6.64726,1.0599834679842888,0.07495214981573242,2.29205,10.848474227627587,0.767102969188296,-142.59968,10.83423568451416,0.7660961521493239,0.7058507039999999,0.12649009095142424,0.008944200106465523,-56.977284296,15.670327620556753,1.1080594923910536
R:A:PHE:45,93.03108999999999,3.095890324591619,0.21891250423285555,-12.148584999999999,0.9379116764253445,0.0663203706554404,-70.23089,1.481383663302657,0.1047496433860278,-3.271925,0.7273384077408535,0.051430592033098355,0.251005428,0.06504025993900713,0.004599040885300768,7.630695428000001,3.632074361485862,0.25682644107804525
R:A:ALA:46,100.54458999999999,2.0090622020982822,0.14206215069292732,-8.35434,0.5852749135235509,0.0413851860210873,-80.93701499999999,1.2749749977058376,0.09015434667211006,-2.2156900000000004,0.573856562130294,0.04057778665107302,0.000232488,0.0009333140326042462,6.59952681431025e-05,9.037777488,2.5166944840504737,0.17795717358468693
R:A:LYS:47,140.245755,3.3215900190985335,0.2348718826826127,-7.863625000000001,1.0650820129806906,0.07531267138984647,-232.45193,14.707566079916147,1.0399819709857954,82.93377500000001,13.412788650551944,0.948427380942724,0.705196224,0.11527345146849825,0.008151063922415349,-16.430828775999995,20.20881113023323,1.4289787389906095
R:A:THR:48,41.279309999999995,3.230786723678924,0.22845112008808358,-6.307759999999999,0.9476056840268531,0.06700584050663047,-60.681929999999994,2.9414789979022458,0.20799397461344882,-2.19983,0.9325776970848059,0.06594320135920002,0.39181121999999996,0.051609281852221106,0.0036493273169873365,-27.51839878,4.56734088507452,0.3229597711826761
R:A:CYS:49,88.78254999999999,2.0914787896366533,0.14788988348599102,-8.984565,0.5767417409681737,0.04078179960319308,-73.79094,1.316911844581861,0.09311972955287187,-3.7699199999999995,0.8297051546181933,0.05866901412159573,0.024802056000000003,0.014728104056668802,0.0010414342252491608,2.2619270559999998,2.6701683337055933,0.1888094135672809
R:A:VAL:50,46.32786,3.431508577928956,0.2426442985153371,-6.287115,0.8443701568476943,0.05970598637385534,-48.67762,2.755230662866541,0.19482422854460374,-3.64743,0.987161539516203,0.06980286187184591,0.47464977599999997,0.06735668198916737,0.004762836659276604,-11.809655224,4.588957715591155,0.3244883119272834
R:A:ALA:51,80.36745,2.3313141953627783,0.164848807661748,-3.0849800000000003,0.4805240572541608,0.033978181940768994,-68.623645,1.153379243343229,0.08155622842478064,-3.0415000000000005,0.6927305320252601,0.048983445673002626,0.659905416,0.032395484108568955,0.0022907066492990143,6.277230416,2.734435587733898,0.19335379468044617
R:A:ASP:52,110.11327000000001,3.418974389652546,0.24175799756264527,-4.073485,1.214128905748891,0.08585187824896436,-21.925744999999996,5.796650450042248,0.40988508413929264,-150.359895,4.526872156796014,0.32009819996350336,0.565348896,0.07126979043886957,0.005039535211306884,-65.680506104,8.201359778954597,0.5799237114649399
R:A:GLU:53,98.95345499999999,3.031143862962463,0.21433423802527446,-5.343209999999999,1.1461433749317753,0.0810445752626294,0.9904249999999999,10.265704019421902,0.7258948925787224,-149.43796999999998,8.726983976672583,0.6170909549211526,0.61485768,0.08663837907203943,0.006126258535284974,-54.22244231999999,13.858351716783572,0.9799334475005896
R:A:SER:54,66.61827,5.068522709537761,0.35839867785121643,-1.862535,0.8967123444979443,0.06340713795681839,-66.38138,5.272278393218628,0.37280638041482067,-3.95857,1.7322420197824553,0.12248800788444557,0.777376692,0.03820195003103816,0.002701285792149672,-4.806838308,7.569217710276352,0.535224517121372
R:A:ALA:55,85.89590500000003,2.2731790879679945,0.16073803479536203,-2.2354399999999996,0.45901381939980845,0.03245717843559418,-72.774805,1.3747606980762144,0.0972102612118443,-3.9809950000000005,0.8692697768673429,0.06146665539034152,0.7633814759999998,0.06351517260205962,0.004491200925515037,7.668046476,2.8333139521549096,0.20034555087991937
R:A:GLU:56,101.678545,2.770843107787772,0.19592819511207415,-6.43865,1.2543008281508867,0.08869246212333944,11.417824999999999,6.682414484628667,0.4725180596780138,-160.311925,5.921935349138405,0.41874406431240907,0.44975034,0.06109134357428718,0.004319810331317568,-53.20445466,9.432844527049342,0.6670028330955001
R:A:ASN:57,11.100974999999998,4.18809343429382,0.29614292676320164,-5.105255,1.0012818933622039,0.07080132166757198,-76.19187000000001,7.052005089554319,0.4986520619785905,-7.059169999999999,4.264557544587715,0.3015497558538226,0.632715732,0.09168669208121415,0.006483228171518945,-76.62260426799999,9.298834622040271,0.6575269018376922
R:A:CYS:58,88.37495999999999,2.3181301318951015,0.1639165535935892,-7.5224,0.6938424388865242,0.049062069361167394,-81.550575,1.7902617697909435,0.1265906237518206,0.6559699999999999,0.9536486664909672,0.06743314389452712,0.0070841160000000005,0.008392977758635132,0.0005934731487478771,-0.03496088399999984,3.1574828683542626,0.223267754769365
R:A:ASP:59,98.45638500000001,3.4908864328097238,0.24684294689918726,-4.20137,1.1144920246910697,0.07880648682373805,1.2368999999999999,8.670974472341618,0.6131304848888204,-153.955825,7.986564805620435,0.564735413244003,0.864417528,0.06834943778550645,0.004833035094841965,-57.599492472,12.345204246989823,0.872937763817947
R:A:LYS:60,136.32747,3.7696465177918212,0.26655426154068523,-7.6141000000000005,0.9774941227444798,0.0691192722762617,-216.89543,10.247430469883657,0.7246027574992383,75.53211999999999,8.999724198862987,0.6363766009824686,0.7380284760000001,0.08829160996784588,0.006243159613014159,-11.911911524000002,14.183736881661009,1.0029416531588236
R:A:SER:61,77.21474500000001,3.453097793282866,0.24417088657306177,-5.5874500000000005,0.8059703080759241,0.05699070702754967,-78.94863000000001,4.845813939174717,0.34265078967587387,-0.6834600000000001,2.750850644509803,0.19451451447642665,0.32643662399999995,0.0663655834975767,0.004692755412853851,-7.678358376,6.60507145303122,0.4670490814660058
R:A:LEU:62,69.71725,3.131343874041942,0.22141944875620115,-9.644335,1.005255690247511,0.07108231154003784,-76.420415,2.337422850657322,0.1652807548200183,2.9681349999999997,1.0296570966953027,0.07280775153701012,0.082856556,0.0272458182595947,0.0019265702850335671,-13.296508444,4.164172800741779,0.294451482543709
R:A:HIS:63,119.81278,2.7077515620159835,0.19146694912699683,-9.67779,0.7798539260015301,0.0551439999410634,-98.05535,3.3256191359655123,0.23515678426849607,-7.439944999999999,2.166023303654649,0.15316097662222905,0.479686716,0.06414889495555277,0.004536011862869487,5.119381716000001,4.867813198726819,0.34420637223691125
R:A:THR:64,39.34084,3.113405197593143,0.22015099277995542,-7.758295,1.0387933422846913,0.07345378165809435,-54.35081,2.5323316615127647,0.17906288900690728,-0.71202,0.6467558500701791,0.045732544735669366,0.198991548,0.043335890710113435,0.003064310218988032,-23.281293452,4.195862045551382,0.2966922505332641
R:A:LEU:65,59.64663,3.036189701435007,0.21469103268534526,-10.22687,0.8502318643170228,0.060120471683944736,-64.18761,1.586232491755228,0.11216357514585559,0.7205250000000001,0.7469902806429278,0.05282018929230565,0.13921700399999998,0.04997068179418791,0.0035334607957185427,-13.908107995999998,3.60804201645629,0.25512709766422276
R:A:PHE:66,100.23099,3.162127899042036,0.2235962080391794,-12.647165,0.8079367350077604,0.057129754409370605,-82.47529999999999,1.5707423245077468,0.11106825491561483,1.2814550000000002,0.8482128789254499,0.059977707857794965,0.14614829999999998,0.041612062282174865,0.0029424171418882808,6.536128300000001,3.7202476690910475,0.26306123545077265
R:A:GLY:67,76.562835,1.8182756248091207,0.1285715024368736,-5.838934999999999,0.662865311186971,0.046871655655363824,-79.862905,1.2762154778778538,0.09024206186626607,3.1630100000000003,0.6431305309966243,0.04547619596558181,0.003393504,0.005216563115959012,0.00036886671537822435,-5.972601496000001,2.4058027157179245,0.17011594144811562
R:A:ASP:68,91.01097,3.1730590380735113,0.22436915629270432,-5.784680000000001,1.1631186257643713,0.08224490676023652,-18.814700000000002,7.572837402189486,0.5354804679911304,-130.24876,7.179019364258602,0.5076333274736795,0.439994952,0.0539388415439792,0.003814052062509436,-63.39717504799999,10.968602616000231,0.7755973289914267
R:A:LYS:69,127.47348999999998,3.428749595683534,0.24244920900984598,-9.58896,1.2105867620290582,0.08560141086454123,-212.265065,9.954687734970646,0.7039027201992296,83.389735,8.948374418562011,0.6327456231961427,0.39643660799999997,0.10374991986876873,0.007336227188676729,-10.594363392,13.870898340760874,0.9808206277901245
R:A:LEU:70,65.672955,4.121804961782519,0.29145562392047775,-11.46214,1.119697137801111,0.07917454390143336,-76.840675,2.7556179451032397,0.194851613534184,1.066975,0.664512960276171,0.04698816203976274,0.003234852,0.005770349044875535,0.0004080252939444808,-21.559650148,5.126210964645631,0.3624778534893759
R:A:CYS:71,97.97920500000001,2.2244869887178482,0.15729498343836334,-7.51596,0.6957794107330282,0.04919903395393043,-89.83526,1.3684781738851375,0.0967660196659964,-1.8206850000000003,0.8312864643280318,0.058780829603494025,0.16917749999999998,0.03831426825934693,0.0027092278902384713,-1.0235225,2.8280185700773344,0.19997111082231667
R:A:THR:72,52.440095,3.237874553773663,0.22895230536047237,-4.668895,1.0062584081512065,0.07115321440296987,-62.152530000000006,3.252042805545462,0.2299541520510121,-3.17039,1.2596367563309672,0.08906976922334536,0.612518652,0.07374370127982792,0.005214467124476141,-16.939201348,4.864595863011484,0.34397887224674456
R:A:VAL:73,40.076985,3.3188548182731643,0.23467847477746012,-7.207655,0.8703021808400804,0.06153965737534618,-43.267025,2.2943479388216166,0.1622348985942143,-1.214295,0.898139726309331,0.06350806909263577,0.253716912,0.07485871760692842,0.005293310685078788,-11.358273088,4.224750223469045,0.2987349531834344
R:A:ALA:74,93.21414,2.1199817099211025,0.1499053443076664,-7.0758600000000005,0.6557900200521506,0.04637135702133376,-80.323115,1.656129539551481,0.11710604279402068,-1.91434,1.473037088602999,0.10415945142904699,0.012303036,0.0161394275505516,0.0011412298665464025,3.9131280360000007,3.1364385532155197,0.22177969697536182
R:A:THR:75,39.915055,4.183020331288745,0.295784204209547,-5.131785,0.9449858934264574,0.06682059333674761,-48.571135,3.9219603703728314,0.27732447734355326,-5.212000000000001,1.5964434377703458,0.11288559806281756,0.6744532319999998,0.10725945984916656,0.007584389140575189,-18.325411768,6.027650190518037,0.4262192324335689
R:A:LEU:76,76.58498,4.125622817175608,0.29172558706428203,-6.30633,0.9539965100040985,0.0674577401452198,-71.192765,3.6182788490904065,0.2558509510415683,-2.8215200000000005,1.0680658264358054,0.0755236588626372,0.74501982,0.08090599432520436,0.005720917722599233,-2.99061518,5.671871401045051,0.4010618729696999
R:A:ARG:77,-192.90578000000002,4.088098307477451,0.28907220353745533,-7.12387,1.0773273054647785,0.0761785443251576,-42.510295,18.118316067669618,1.2811584155130369,65.77917000000001,15.234052103137236,1.0772101547077526,1.09188612,0.1375748255844913,0.009728009209135033,-175.66888888000003,24.046659421558115,1.7003555941867126
R:A:GLU:78,100.09843000000001,3.126903286815888,0.22110545182220182,-4.03706,0.6535628098354435,0.046213869476597606,-20.723795,4.419422895919217,0.31250038986355677,-137.38925,4.3902988984236595,0.3104410122511199,1.218216744,0.07432070480029683,0.005255267434685348,-60.833458256,7.001158134847192,0.49505663933098104
R:A:THR:79,36.261415,3.718494997008198,0.26293730281927474,-5.5927750000000005,0.7344679464585231,0.051934726550497974,-44.66565,3.1911112903657872,0.2256456432938602,-5.86993,1.4084040205495012,0.09958920335809499,0.587479572,0.10295950635744529,0.007280336513296901,-19.279460428,5.15209103371625,0.36430785072311694
R:A:TYR:80,79.887475,3.2603877590518278,0.23054422937231586,-12.4956,1.2448183240939217,0.08802194783120855,-75.61013000000001,3.0000676947529037,0.21213682109784715,-5.26778,1.7273941708828358,0.1221452132013367,0.19519999200000002,0.09080156064494892,0.006420639927436492,-13.290835007999998,4.916527506023998,0.34765099393997534
R:A:GLY:81,79.144185,2.4187756883958875,0.17103326914338918,-4.20922,0.5999527661408021,0.0424230669329788,-78.460695,3.161751865971617,0.22356961848577503,-1.9536749999999998,1.6783572174525303,0.11867777697140691,0.20618136,0.07808399819087135,0.005521372462292323,-5.2732236399999985,4.362347312456731,0.3084645366529066
R:A:GLU:82,94.87863499999999,3.069314699045212,0.21703332372904166,-5.812145,1.3863491638021788,0.09802968948168203,-12.811075,13.504243612634326,0.9548942233288852,-130.968375,12.348686993133116,0.8731840311594543,0.688699836,0.17556928952896148,0.012414623519403296,-54.024260164,18.60720686467815,1.3157282152954797
R:A:MET:83,85.06200000000001,2.852768234539918,0.20172117637967513,-12.15038,0.9976630721841918,0.07054543236808461,-68.445535,1.9341627332711695,0.13676595846143516,-2.425435,1.158186490067554,0.08189615210054134,0.0024905519999999996,0.006921635478591458,0.0004894335383813414,2.0431405519999988,3.7704174224066627,0.26660877272876543
R:A:ALA:84,87.678045,2.10563490733199,0.1488908721677558,-7.138264999999999,0.815883101170137,0.057691647349291386,-75.804215,1.7966935711954335,0.1270454207906566,-2.436715,1.3016549096342702,0.09204090133671551,0.09199961999999999,0.053207598488573045,0.0037623453701921094,2.39084962,3.1661661262222047,0.2238817538214863
R:A:ASP:85,104.06052,4.634403418952649,0.3277018084295539,-6.902935,1.105702537202027,0.07818497620307241,-40.26104000000001,13.338012382225472,0.9431399003021768,-124.001185,11.896812890046435,0.8412317069059363,0.39509326799999994,0.11981184110397843,0.008471976531106828,-66.70954673199999,18.497333842389793,1.307959019382524
R:A:CYS:86,87.057815,2.3212803149932153,0.16413930517665476,-8.934455,0.7269188661570148,0.05140092596320615,-77.72831500000001,1.4971763709646904,0.10586635645413986,-0.030009999999999995,0.6711304417920558,0.04745608864518862,0.0048927599999999995,0.009427943762157262,0.000666656296686681,0.36992775999999983,2.934074876438668,0.20747042416388636
R:A:CYS:87,83.522445,2.3579962482953616,0.16673551371820883,-6.912870000000001,0.5901927253872247,0.041732927832827636,-71.628575,1.293047317144659,0.09143225263480607,-3.5069999999999997,0.8475565054909319,0.05993129524714112,0.2588184,0.05203113207670962,0.003679156632425426,1.7328184000000004,2.8812331375914697,0.20373394897703212
R:A:ALA:88,100.261975,2.2469667853297257,0.15888454510075864,-3.38039,0.5499471137300386,0.03888713334124797,-80.724065,1.6439439743418869,0.11624439321479119,-2.70977,0.7514547272457603,0.05313587333901646,0.624118968,0.0700841393387846,0.0049556970180077466,14.071868967999999,2.9365710185072755,0.2076469280622381
R:A:LYS:89,132.778845,3.235364661205132,0.22877482915494657,-8.418135,1.0478180265556611,0.07409192320270139,-219.14336000000003,9.602878287805172,0.67902603562161,82.34647,8.3225153264563,0.5884907023866223,0.637691652,0.06232057433350639,0.0044067300718662675,-11.798488348000001,13.154806107702054,0.9301852603950335
R:A:GLN:90,30.373920000000002,2.9914161384869207,0.2115250636874978,-4.912274999999999,1.011686477805748,0.07153703688911779,-80.756355,4.885721001958155,0.3454726451470145,-10.681790000000001,3.7261000987493613,0.26347506472055376,0.927581112,0.0833284945406903,0.005892214355578832,-65.048918888,6.908915641101172,0.48853411004684416
R:A:GLU:91,103.526395,2.809908423592306,0.19869053008353216,-5.212484999999999,1.405252279761538,0.0993663416297239,-5.556675,7.495042133929268,0.5299795118180277,-137.003345,6.082034299966993,0.4300647696915837,0.3268086479999999,0.05583829782129909,0.003948363903935461,-43.919301352000005,10.150873610167922,0.7177751564717308
R:A:PRO:92,78.78372,2.6222046910186094,0.18541787186784342,-4.898155,0.8324348328698169,0.05886203152181379,-52.555505000000004,1.6983054053894433,0.1200883268676644,-8.0088,1.4974010084142455,0.10588224072052875,0.752709996,0.07729175509296178,0.0054653524156043146,14.073969996,3.5638925682398663,0.252005260242275
R:A:GLU:93,103.72597000000002,3.341340118739785,0.23626842562115657,-6.856089999999999,1.0041209000414242,0.07100206975504304,-7.213695,9.582308491275732,0.6775715313602505,-140.19028500000002,9.018636890005883,0.6377139301982315,0.625070448,0.06596677068831015,0.004664555088668208,-49.90902955199999,13.613728789776335,0.9626359944485378
R:A:ARG:94,-198.38203000000001,3.964937685399355,0.28036343243279777,-12.83462,1.5105853619044507,0.10681451529637721,-91.256575,6.4729839011367085,0.4577090811005119,118.89063,5.315848934375393,0.37588728292601226,0.149962896,0.023712153957605453,0.0016767024859962246,-183.432632104,9.389405291519816,0.6639312152942514
R:A:ASN:95,25.47422,4.8897853778668035,0.3457600399236441,-9.094855,0.9522208745742765,0.06733218375988559,-86.03996000000001,5.140790689028293,0.36350879568725697,-13.170295000000001,3.8631039745229483,0.273162701681388,0.132957612,0.07494095165121842,0.005299125510114974,-82.69793238800001,8.134718373009871,0.5752114524598079
R:A:GLU:96,98.79539999999999,2.95172179413982,0.20871824968123892,-7.27626,0.9211009946797365,0.06513167594957157,14.246884999999999,7.021932275504727,0.49652559290420767,-162.27086500000001,6.205215876726208,0.4387750225159529,0.7081539120000001,0.09110471915921949,0.006442076471558008,-55.79668608800001,9.86821288890765,0.6977880251939089
R:A:CYS:97,83.993505,2.0458022582779107,0.14466006497950634,-7.195209999999999,0.911388515343484,0.06444489994949174,-74.36534,1.8936576787793502,0.13390181859108555,0.11850000000000001,1.2625450764230162,0.08927541850924026,0.11502892799999997,0.052776288275425506,0.0037318471325409456,2.666483928,3.193537336070948,0.22581719063081895
R:A:PHE:98,100.06932,3.0481480914811208,0.21553661855471332,-15.280529999999999,0.8903111810485141,0.06295450734856084,-76.791245,1.256580926552286,0.08885368942747965,0.9754150000000001,0.8577189474268364,0.060649888407770386,0.02010942,0.018462165652977983,0.0013054722528610095,8.99306942,3.521204205383522,0.2489867371569277
R:A:LEU:99,67.03407,3.252185810358935,0.22996426401834702,-9.761285,1.0775172173914438,0.07619197312627492,-72.34814999999999,1.6490733117420826,0.1166070921406584,1.2863549999999997,1.0291104357526455,0.07276909677105385,0.17653626000000003,0.060674201215498505,0.004290313912255606,-13.61247374,3.939536563359089,0.2785673018683559
R:A:GLN:100,29.81022,3.2671529030028577,0.2310225972886635,-5.835255,0.7783954007925534,0.0550408666344835,-72.97220999999999,3.8062997538160346,0.26914603671520043,-11.142739999999998,3.4792030412725263,0.24601680636086629,1.02570912,0.134078081489902,0.00948075206299922,-59.11427588000001,6.155561391279517,0.4352639201783845
R:A:HIS:101,106.959105,2.979052232501975,0.21065080351110696,-9.922725,0.9627435688567334,0.0680762506082334,-76.66718499999999,3.7998317134808746,0.26868867719700246,-4.725644999999999,2.2141404966656926,0.15656337596920614,0.294504264,0.08743057243724706,0.006182275065339905,15.938054264,5.399112026814845,0.38177487265466215
R:A:LYS:102,122.32715,3.333459522403115,0.23571118331021126,-10.799484999999999,0.9178109444624203,0.06489903426766071,-198.77111499999998,5.058999888493277,0.3577253127175584,74.94803,4.886035322129794,0.34549487093949743,0.143674992,0.05865799688009757,0.004147746736473634,-12.151745008,7.83738420129752,0.5541867515501789
R:A:ASP:103,95.02278,2.683129739986495,0.18972592339477484,-6.847745,1.0635408830764335,0.07520369704924751,-73.028895,11.22918474128799,0.7940232677761244,-88.05029,9.18239888623338,0.6492936520015423,0.266271336,0.04565433480132094,0.0032282489728575024,-72.637878664,14.789977281582829,1.0458093229402197
R:A:ASP:104,73.227445,2.676624272656699,0.18926591738840623,-7.367374999999999,1.0802758140285285,0.07638703536513901,-54.605235,6.4201223282562925,0.453971203435719,-74.846385,5.574868191874585,0.3942027102695706,0.099029016,0.048949534104436004,0.0034612547501168874,-63.492520984,8.97946743714732,0.6349442316250659
R:A:ASN:105,27.520165,3.1394518355558505,0.22199276821300956,-6.133895,1.036609537856468,0.07329936336609616,-84.31003999999999,4.439801889544173,0.3139414023221531,-3.512165,2.829972326326708,0.20010926225158843,0.32229936000000003,0.1437254278217797,0.01016292246417181,-66.11363564,6.2186781832257205,0.4397269513375746
R:A:PRO:106,79.852905,2.425255773310312,0.1714914803419546,-7.3091,0.6844526645429908,0.048398112049955,-57.59808000000001,1.9527497877608389,0.13808026168862805,-0.34466499999999994,1.3436605794526384,0.09501115073440064,0.21688081199999998,0.03399719837224026,0.002403964951035534,14.817940812,3.459790790184742,0.24464415292263947
R:A:ASN:107,17.069245000000002,7.767046944944713,0.5492131564564664,-3.255435,0.5546039359533973,0.03921642039853969,-71.13519000000001,7.9493378104028265,0.562103067167846,-14.542159999999999,2.5214839270556535,0.17829583834739385,1.2063231719999998,0.03882943044769027,0.002745655357917319,-70.657216828,11.4099064112603,0.8068022196106023
R:A:LEU:108,80.476125,3.2167466871631345,0.22745833958524142,-7.221735,0.8199624959563699,0.057980104120939624,-71.19166,2.034960229193681,0.14389341775077827,-4.52612,1.092868823601442,0.07727749561159444,0.31027625999999997,0.042225868131992264,0.0029858197697620664,-2.15311374,4.044379577647169,0.28598082250466983
R:A:PRO:109,96.216705,2.5592073124260564,0.18096328450786636,-3.2356950000000007,0.6944709007402686,0.04910650832501737,-70.41364,1.8705600552775632,0.1322685699703448,-2.09205,0.8548185757808495,0.06044480116188653,0.7720907399999999,0.05443206423537877,0.003848928173481807,21.24741074,3.3562634681244736,0.23732366577594952
R:A:ARG:110,-192.868735,3.7215021543423847,0.26314994095358457,-5.17835,1.050281827653892,0.07426614024910679,30.964719999999996,13.163495685478079,0.930799706332141,0.5518250000000006,10.362741762891469,0.7327564972225595,1.2734801279999999,0.2482064035008211,0.0175508431049355,-165.25705987199999,17.195299128744136,1.2158912618466111
R:A:LEU:111,76.970985,4.679760130046732,0.33090901222824837,-6.6246100000000006,0.8994030453028276,0.06359739923534609,-80.492335,3.695852872176461,0.2613362628183754,-3.6906050000000006,1.2767577448267153,0.09028040592994141,0.454189572,0.1321869031295401,0.009347025558694705,-13.382375428,6.165711060517188,0.43598161017286025
R:A:VAL:112,65.74072,3.930085192664403,0.27789898903738386,-3.4121349999999997,0.8017559147115786,0.05669270441489804,-62.364125,2.658244621808723,0.18796627981336175,-3.41041,1.242502193921604,0.08785817269611289,0.913976532,0.10195218900764895,0.007209108420412116,-2.531973468,4.970799994819089,0.3514886384258633
R:A:ARG:113,-180.99917000000002,4.454253324756013,0.31496327310577016,-7.3867400000000005,0.9847214846848829,0.06963032394007657,19.170735,14.027486888419286,0.9918931101806661,12.77412,11.766431964091748,0.8320123832179421,0.7101805679999998,0.12108553024353891,0.008562039953877514,-155.73087443199998,18.869128765247996,1.3342488904989005
R:A:PRO:114,84.64285500000001,2.477702688777449,0.1752000372998676,-5.673819999999999,0.6493060276941837,0.045912869524785745,-66.06530500000001,1.6525686678546823,0.1168542511416465,-0.7071299999999999,1.4070792206197915,0.09949552585669368,0.475912332,0.063308360311619,0.004476577088214709,12.672512332000002,3.357896963150499,0.23743917131694323
R:A:GLU:115,104.03017,2.9995606946851403,0.2121009707792494,-5.331079999999999,0.9749859248214817,0.06894191590027071,-37.31821,8.257801256139555,0.5839147265907069,-115.51532500000002,7.698185928475293,0.5443439472859738,0.910829304,0.06514104319677098,0.004606167337800258,-53.223615695999996,11.722011493147573,0.8288713815951295
R:A:VAL:116,43.29200500000001,3.3485343010002153,0.2367771311273008,-7.12101,0.9396124466502134,0.0664406332713649,-48.19665500000001,3.1869129492308073,0.22534877574523232,-1.087555,1.6329116500824532,0.11546429008518175,0.18583812,0.06760975554174412,0.004780731661793203,-12.927376880000002,4.992287972149585,0.35300806787430095
R:A:ASP:117,86.84602999999998,9.673351390242164,0.6840092364840551,-5.215619999999999,0.9794331348285088,0.06925638113560366,-34.482034999999996,11.082973980560228,0.78368460573682,-112.175815,11.584256507466286,0.8191306331433802,0.7520455799999999,0.10806214979865429,0.007641147891222496,-64.27539442,18.750253462219362,1.325843137210185
R:A:VAL:118,53.8848,3.0789542136900963,0.21771494034631614,-5.670629999999999,0.89085973817431,0.06299329619491267,-57.5275,2.1622293079134782,0.1528927006105916,-2.5958950000000005,0.7794857945947443,0.0551179691196528,0.561245616,0.04661483350611631,0.003296166487605673,-11.347979384,3.9444387116265096,0.2789139360965834
R:A:MET:119,80.94703,2.8611510007512715,0.20231392746299007,-12.2328,0.9879817204786737,0.06986085742388223,-67.39788,1.675996042835423,0.1185108167130747,-1.16327,0.9861765851509556,0.06973321508076334,0.020785716,0.025018016892202788,0.0017690409396316185,0.17386571600000011,3.597836269616673,0.2544054423844861
R:A:CYS:120,95.07967500000001,2.076630790336838,0.14683997138679578,-7.032930000000001,0.6702953789934704,0.047397040788428976,-86.52496500000001,1.592799254072841,0.11262791536237805,-1.07947,0.971161546345406,0.06867149150484501,0.11720232,0.03346743074510501,0.00236650472287549,0.5595123200000001,2.8710582746211677,0.20301447751663768
R:A:THR:121,39.844395,3.754249952916694,0.26546555999766713,-6.410685,0.8879312562214489,0.06278622125016763,-48.083705,3.716865813824196,0.26282210217155444,-4.935594999999999,1.2392164947962079,0.08762583868286225,0.4744273319999999,0.06215162021193153,0.0043947832113587675,-19.111162668,5.498856830978141,0.38882789539586127
R:A:ALA:122,82.178795,1.9933701470060703,0.14095255483628175,-7.2072,0.9199298451512485,0.06504886317223384,-67.704795,1.314116441939222,0.09292206473639618,-2.5131400000000004,0.9015306486193355,0.06374784350862388,0.06640502399999999,0.04611133834814409,0.003260564003555998,4.820065024,2.7132234061857603,0.19185386693880135
R:A:PHE:123,101.966265,2.946033829536755,0.2083160498470413,-13.431194999999997,1.154088868751016,0.08160640651857548,-77.161425,2.7026482502121874,0.19110609048869948,-3.47989,1.9249233303952653,0.13611263401866852,0.19734346800000002,0.05371621137682902,0.003798309732420577,8.091098468,4.585145501005358,0.32421874764878783
R:A:HIS:124,105.895535,3.12224811614564,0.22077628154735052,-8.597624999999999,0.7626088672281487,0.05392459014100154,-75.58974,2.381989486206855,0.16843209184119273,-15.245994999999999,2.1865363946147798,0.15461147119432955,0.8314740359999999,0.07984601260645834,0.0056459656964733245,7.293649036,4.5597364272789,0.3224220548152231
R:A:ASP:125,93.296255,3.088161075781994,0.21836596380817916,-5.37938,0.6936946414669786,0.04905161850540713,-14.939340000000001,5.7403069616876765,0.4059009978701703,-138.83785,5.18207650729898,0.3664281438938608,0.755956152,0.060456718301112704,0.004274935547900164,-65.104358848,8.356234022708001,0.590874974263857
R:A:ASN:126,26.971985,7.129523506853387,0.5041334418324924,-6.0996250000000005,0.9027556171938228,0.0638344618671999,-94.590325,7.722574246284395,0.5460684617764286,-5.4978,3.316425536628254,0.2345066986250073,0.537896448,0.05344239728836363,0.0037789481525467477,-78.677868552,11.058244008808673,0.7819359326644124
R:A:GLU:127,101.20547,3.001042940229279,0.21220578136681378,-7.84629,1.2553296283845132,0.0887652092855078,-44.604935,14.875009958342046,1.0518220411761083,-106.690435,14.679639805382658,1.0380072851762048,0.503079192,0.13197752937010426,0.009332220598184745,-57.433110808,21.15082209631126,1.4955889731971959
R:A:GLU:128,104.59153500000001,2.96329266336874,0.20953643369083813,-4.69263,1.1222335599597795,0.079353896032268,-38.267745,15.88952248967775,1.123558910226729,-115.25193999999999,15.215742559152346,1.0759154744365376,0.840768048,0.11930552468137634,0.008436174553522023,-52.780011952,22.22724661213056,1.5717036806543234
R:A:THR:129,40.736075,3.779464174902972,0.2672484747325511,-5.940805,0.7609765153899297,0.053809165435592846,-52.56027,3.1655381054569536,0.22383734604730282,-1.8524399999999996,1.7776015207014197,0.12569540895354928,0.492317028,0.09537369979347983,0.006743938987081961,-19.125122972,5.296511069795126,0.3745198894081749
R:A:PHE:130,89.09017,3.3253851793589266,0.23514024103819406,-13.601909999999998,1.003987022774697,0.0709926032027281,-66.27488,1.8477867397511003,0.13065825338645853,0.37203,0.9319974565952419,0.06590217216071105,0.16032067199999997,0.05436225463677179,0.0038439918894251166,9.745730672,4.04376889577399,0.28593764077530254
R:A:LEU:131,77.20001500000001,3.1393071010614744,0.22198253393876508,-10.19711,1.1677908194107367,0.08257528074127268,-77.07232,1.875749342956036,0.1326355080210424,1.127805,0.8435891695458163,0.059650762232137486,0.166821552,0.0660973182395602,0.004673786194543828,-8.774788448,3.9310852970558217,0.2779697070970905
R:A:LYS:132,143.003665,3.27485228411527,0.23156702574821617,-9.84909,1.1818004069638832,0.08356590817731833,-201.461325,18.129632980823825,1.2819586421163807,61.73719,15.214032039663254,1.0757945224435288,0.29912079599999997,0.09406241218130855,0.0066512169508167384,-6.2704392040000005,23.92238533978866,1.6915680895922214
R:A:LYS:133,129.014115,3.418716034094525,0.24173972906594188,-9.17122,0.8612469922153575,0.0608993588471997,-153.613565,7.742154819930625,0.5474530174169059,18.025755,7.523407416521786,0.5319852401851719,0.7191717839999999,0.09214038088710368,0.006515308814638236,-15.025743216,11.356957161313721,0.8030581422410055
R:A:TYR:134,84.42272000000001,2.971665052054151,0.2101284509722565,-15.00174,0.9942670578873665,0.07030529789425544,-81.864675,1.3920440974965558,0.0984323821050522,-3.35024,0.7482710153413669,0.052910750911322364,0.162375984,0.06796817632411027,0.004806075838366132,-15.631559015999999,3.5102245111627592,0.24821035553304208
R:A:LEU:135,72.62231,3.4372831108158666,0.24305261965158903,-11.04365,0.8861737625883538,0.06266194768358226,-76.325695,2.6447454890735704,0.18701174698364537,-0.655655,0.5312954413271396,0.03756826093759199,0.05633118000000001,0.02696314462294782,0.0019065822404999999,-15.346358819999999,4.4584638251888915,0.3152610004465979
R:A:TYR:136,87.945615,3.0829419321120857,0.21799691462008125,-16.441475,1.147031010642258,0.08110734058563997,-90.53172500000001,1.7030072340935611,0.12042079636373032,-3.6120900000000002,0.6212414360777941,0.04392840322046773,0.001682388,0.0043674063057902,0.0003088222615021139,-22.637992611999998,3.7558494021543036,0.26557865813787485
R:A:GLU:137,101.729855,3.0628597884942423,0.21657689262678734,-8.86393,1.3469591252521362,0.09524439314468858,-100.75796000000003,6.8935314265186305,0.48744628180138977,-53.388935000000004,6.032844652464954,0.4265865363602969,0.146364588,0.05474215670820301,0.0038708550225147,-61.134605412,9.752660960064746,0.6896172699475087
R:A:ILE:138,75.74929999999999,3.0124302547942916,0.21301098610165628,-10.101135000000001,1.0417751613352086,0.07366462810518357,-62.99949000000001,1.5411759568264747,0.1089775970073666,0.72464,0.5130647916199279,0.036279159334251396,0.072520704,0.037098701630116165,0.0026232743495871566,3.445835704,3.5776901278251643,0.25298089503693394
R:A:ALA:139,98.00138500000001,2.143024870778452,0.15153474183788682,-8.455004999999998,0.6337916416102377,0.04481583676419531,-78.68141,1.306755299166604,0.09240155333921612,-0.17955500000000002,0.6259386207728359,0.0442605443355027,3.7476000000000005e-05,0.0002488673490516584,1.7597579013034717e-05,10.685452476,2.6633918360917077,0.1883302428257336
R:A:ARG:140,-174.248505,3.895479716283348,0.27545201233586036,-14.2241,1.2316774415406009,0.08709274711478564,-31.510755,6.614934459612959,0.46774650134968937,51.769754999999996,5.527111062297826,0.39082577125219753,0.15146373600000002,0.04375411412168579,0.0030938830800254103,-168.06214126400002,9.539393091933444,0.6745369543710245
R:A:ARG:141,-188.82607500000003,3.9635770976953384,0.28026722435360685,-12.18739,1.2643211846283364,0.08940100832485057,-5.428954999999998,7.1355229242834755,0.5045576647072909,28.923119999999997,6.010348876363168,0.42499584477733426,0.244534248,0.03959499080151548,0.002799788649677057,-177.274765752,10.215184787812042,0.7223226434535558
R:A:HIS:142,116.36988000000001,2.4914343851685117,0.17617101486339912,-12.4516,0.853622223234611,0.06036020626207303,-80.71322500000001,1.7480715301082503,0.12360732329386878,-7.60456,0.9977446298527494,0.07055119936613409,0.13334047200000002,0.04008247282113737,0.0028342588338551716,15.733835472,3.3149315560057127,0.2344010582420913
R:A:PRO:143,78.36971,2.55648394008255,0.18077071300268746,-10.074100000000001,0.9151838558453707,0.06471327105007134,-58.28169,1.2384457573507204,0.0875713393154404,-0.584525,0.5857690751268796,0.04142012852315888,0.001260936,0.0024404643284227693,0.00017256688758716138,9.430655936,3.041389630586837,0.2150587232018401
R:A:TYR:144,82.16995500000002,3.0901462445934498,0.2185063364410172,-13.689005,0.8477888150801471,0.059947722015728,-76.818335,1.764505104207693,0.12476935246235353,-6.342709999999999,1.1328477108155357,0.08010442983693222,0.20204391600000002,0.04547446211141528,0.0032155300529792467,-14.478051084,3.8297049250992337,0.2708010322481187
R:A:PHE:145,102.846605,3.1459384321653534,0.22245143985794968,-14.493854999999998,0.8578533755689255,0.060659393912855734,-74.33881500000001,1.8033782079128602,0.1275180959859227,-5.313605,0.791739059902314,0.05598440581871884,0.029129183999999995,0.014401384676306094,0.0010183316763092071,8.729459184,3.8094713718022075,0.26937030397373607
R:A:TYR:146,82.97128500000001,3.3002644369466823,0.2333639363073802,-13.459789999999998,0.7792162061328036,0.05509890633669601,-75.201255,1.7498732811192352,0.1237347263296565,-4.86754,0.891321899428035,0.06302597593056374,0.180977724,0.046943578490547824,0.0033194122683829316,-10.376322276000002,3.9188822612591334,0.27710682216080046
R:A:ALA:147,95.479595,2.0641129840624033,0.14595482881657254,-6.144095,0.6923207247909021,0.04895446792556324,-71.03377499999999,1.3888160981119853,0.09820412807960262,0.83063,0.616270211108731,0.04357688453182489,0.006319152,0.004558423514604144,0.0003223292178696805,19.138674152,2.6548993019792557,0.18772972997969634
R:A:PRO:148,83.13228,2.382413400650693,0.16846206711898082,-8.71091,0.5935642441218979,0.04197133020884613,-60.434515000000005,1.1833121142686742,0.08367280202595703,-3.122815,0.8905351485342956,0.06297034424135697,0.078888204,0.03858575274343607,0.0027284247422071075,10.942928204,2.867574130578803,0.202768111328739
R:A:GLU:149,92.26877,2.7902911187007,0.19730337715178625,-8.204765,1.0548796849759692,0.07459125785824368,-70.84896,8.209576189329141,0.5805046994142251,-67.072795,7.5503366291162815,0.5338894230689301,0.321567048,0.0781752552673651,0.005527825312054323,-53.536182952,11.545966025793861,0.8164230872188332
R:A:LEU:150,73.327135,3.5545911602848226,0.2513475513783156,-12.584785000000002,0.9614745284067592,0.06798651589745572,-75.827575,2.0984618925239027,0.14838366342652076,1.701765,0.4948271312034133,0.0349895619989019,0.000755964,0.0014396891960086386,0.0001018013993298717,-13.382704035999998,4.267077438060502,0.30172793923007013
R:A:LEU:151,69.803235,3.3950969043276213,0.24006960438355163,-9.659495,0.8445518397203335,0.0597188332929822,-76.19073,2.083510340051136,0.1473264290122448,0.944295,0.7148136945911151,0.05054496107303872,0.257260392,0.06539323248615819,0.004623999813467089,-14.845434608,4.134755256321707,0.29237134802918
R:A:PHE:152,99.060855,3.281963930937542,0.23206989511755938,-10.493605000000002,0.9450703195926746,0.06682656316821178,-81.50673,1.5915898614592896,0.11254239839056214,0.20682000000000003,0.703432297808396,0.04974017478859518,0.53926308,0.11222260423214567,0.007935336445496434,7.8066030799999995,3.8347117689013666,0.2711550695686017
R:A:PHE:153,93.081905,3.16608723758127,0.22387617555218997,-13.866889999999998,0.8630611669516824,0.06102764037303097,-73.79714,1.3269555043029893,0.09382992354254586,0.6995450000000001,0.6860220244095666,0.048509082550332774,0.01847772,0.013942143632885151,0.0009858584307089937,6.135897719999999,3.605636488280408,0.2549570011356726
R:A:ALA:154,100.694335,2.055153785675175,0.14532131782321206,-7.152139999999999,0.6492593013580937,0.04590956547387483,-83.67041,1.489281334033298,0.10530809303894928,0.6313700000000001,0.5701081942052754,0.04031273701325674,0.06761502,0.030212472777705567,0.0021363444377529572,10.57077002,2.6812477993811656,0.189592850098393
R:A:LYS:155,145.43394999999998,3.2778286467568734,0.23177748636893095,-7.6644000000000005,0.7712859391950562,0.05453815178386594,-165.563985,10.502071351632258,0.742608586924414,24.785919999999997,9.541341837687192,0.6746747515047528,0.8875448999999999,0.09479336565548245,0.006702903166648761,-2.1209701000000014,14.583509013884392,1.0312098117212793
R:A:ARG:156,-189.23665,3.6767774092947203,0.2599874239025803,-9.410275000000002,1.1770814497625046,0.08323222751359595,-23.28432,8.097523185987182,0.5725813555626833,40.808735,6.650985073263584,0.47029566468751866,0.5326411679999999,0.07264955691245871,0.005137099434299757,-180.58986883199998,11.167585907767602,0.7896675724865797
R:A:TYR:157,96.10637500000001,3.2949737790117544,0.2329898302971076,-15.030560000000001,0.9549056374323068,0.06752202516216468,-87.968465,1.5946194307028243,0.11275662128617989,-3.5584249999999997,0.9055400733126061,0.06403135264755072,0.0810792,0.05406609947459498,0.0038230505570792544,-10.369995800000002,3.8902999983339845,0.2750857509671975
R:A:LYS:158,119.56792000000002,2.8849475252766728,0.2039965958490484,-8.832065,1.0905763250570772,0.07711539148493639,-168.53992000000002,13.565586506067477,0.9592318209213038,41.74991,12.134851842601952,0.8580636026597911,0.534266568,0.10849468884282482,0.007671733020348588,-15.519888432,18.46087258331475,1.3053808190282676
R:A:ALA:159,82.09560000000002,2.154449748775775,0.15234260270850042,-5.438199999999999,0.5936232391003573,0.04197550178377859,-71.508095,1.7700766723436023,0.125163321823428,-4.477045,1.065964719385684,0.07537508815832324,0.33659654399999994,0.06534012546616715,0.0046202445800706616,1.0088565440000001,3.044300216953961,0.21526453273758234
R:A:ALA:160,93.52518500000001,2.348238203584764,0.1660455157596103,-7.289255000000001,0.6272024473604993,0.04434991037054077,-78.78075500000001,1.6110481572488766,0.1139183076808772,-2.80894,1.0472636661318868,0.07405272400121417,0.024689448,0.02286470577796478,0.001616778850543413,4.670924448,3.0984456937140776,0.21909319611634806
R:A:PHE:161,111.70523000000001,3.1821913467137706,0.2250149080294459,-14.791845,0.8621009807296358,0.06095974495414986,-89.32737999999999,1.8241545783184057,0.12898720722614318,-1.934685,0.8415138417013709,0.059504014392938225,0.001424664,0.004505279416940087,0.000318571362685851,5.652744663999999,3.8607338210491307,0.2729951065220091
R:A:THR:162,39.91009,3.957870447841869,0.27986370327268234,-5.93399,0.7942238726580813,0.05616010861367702,-51.30057499999999,4.333511333131021,0.3064255250005701,-5.270730000000001,2.109358733620244,0.14915418644979428,0.559478232,0.07718421111482694,0.005457747907982822,-22.035726767999996,6.2873048427541995,0.44457958896985145
R:A:GLU:163,84.08453000000002,3.257963943799869,0.23037283975221554,-5.884179999999999,0.8848254842622922,0.06256661000885376,-26.920255,12.737439626548776,0.9006729934886885,-106.60172,12.4988060098395,0.8837990486292684,0.854615412,0.1206697456277482,0.00853263954174365,-54.467009588,18.162442740330523,1.2842786424600092
R:A:CYS:164,83.879565,2.1436854493546855,0.15158145179696295,-7.608945,0.72769976087326,0.05145614355813112,-73.237515,1.7201293787895726,0.12163151482603102,-0.30910499999999996,0.9790199711829172,0.06922716605404991,0.018795672000000003,0.022692465991082062,0.0016045996584139234,2.7427956719999993,3.0071206127311823,0.21263553771080648
R:A:CYS:165,87.85770000000001,2.2950745042372813,0.16228627452745353,-6.674025000000001,0.8177397779092076,0.0578229342205582,-79.451235,2.3303751843372775,0.16478240955537396,-0.27924499999999997,1.5746186157209623,0.11134235009588668,0.12658842,0.05409830743336431,0.0038253280036846513,1.5797834200000003,3.7214330890118337,0.2631450572972268
R:A:GLN:166,27.82567,3.179596303164916,0.22483141074035895,-4.5347,1.1566476213609744,0.08178733765076351,-68.955925,3.093594464272103,0.21875016239279685,-10.99154,2.4876488635657563,0.17590333806383548,1.0425871439999999,0.10391501337968093,0.00734790106278632,-55.61390785599999,5.217009514931012,0.36889828055224594
R:A:ALA:167,87.58105500000002,2.4318384592680085,0.17195694652986546,-4.669945,0.7789510780369971,0.05508015894925322,-73.69727,3.051991483785628,0.21580838743084105,-3.563245,2.000357016878487,0.14144660114288712,0.265868532,0.06523579757188668,0.004612867483919398,5.916463532,4.454316894352022,0.3149677681550117
R:A:ALA:168,88.81996,2.1578277499374234,0.15258146346132617,-2.0567599999999997,0.286026960966969,0.020225160370192372,-72.18825000000001,1.7193602931032224,0.12157713225561784,-7.042675000000002,1.234079604148371,0.08726260566173233,0.899620776,0.04659244308834024,0.003294583245981367,8.431895776,3.0363391054735542,0.21470159714622458
R:A:ASP:169,119.06695500000002,4.586213090663691,0.324294237637481,-5.028415000000001,0.7402864937137514,0.05234615997258061,-76.99194,11.083289079348242,0.7837068865857949,-93.02527500000001,8.095606843799604,0.5724458497070923,0.6572352599999999,0.07007105843933856,0.004954772058737515,-55.32143974,14.49014946592187,1.0246082947759985
R:A:LYS:170,118.53474,3.6745292518089987,0.2598284551622474,-8.85777,0.9688847646134188,0.06851049872464803,-159.83713,9.650981680798072,0.6824274591599461,36.022545,9.221672436059253,0.6520707113418567,0.576264204,0.13730568124860087,0.009708977830632426,-13.561350796000001,13.879497313688205,0.98142866699694
R:A:ALA:171,82.54493500000001,2.3640957807954823,0.16716681579749912,-5.263544999999999,0.6303879027828818,0.04457515608357418,-76.593675,2.259247668887809,0.15975293470504695,0.35786500000000004,1.2269874884345806,0.08676111735031425,0.28391122799999996,0.06024190849786232,0.004259746201045795,1.329491228,3.549600707465485,0.2509946730753411
R:A:ALA:172,90.16896499999999,2.1823230383641645,0.15431354191669308,-4.239325,0.5831148766538202,0.04123244834926735,-78.84607,2.0214297823817673,0.14293667068145946,-1.5949449999999998,1.2371238062437406,0.08747786325622615,0.508262328,0.07335379417285254,0.0051868965285386285,5.996887327999999,3.2748421731962214,0.23156631079827383
R:A:CYS:173,87.80222499999999,2.3461597461330292,0.1658985466237574,-6.638825000000001,0.6457549956252758,0.04566177363917218,-72.11698,1.885030914759756,0.13329181425729042,-1.8916300000000001,1.4009398392150891,0.0990614060343381,0.3158109,0.06058103869500753,0.004283726327256446,7.470600900000001,3.382470859253538,0.23917680817440648
R:A:LEU:174,73.85609000000001,3.8633011365799583,0.2731766431441385,-11.640295000000002,0.9827499671712028,0.06949091659976145,-74.831655,2.3694079104229813,0.16754244008571378,-0.49236,0.7410867698184875,0.052402748038628655,0.002644992,0.005724912472478159,0.00040481244309887503,-13.105575008,4.696193074275461,0.33207099685814784
R:A:LEU:175,78.92919,3.9875496290203083,0.2819623382998162,-7.10635,1.2554980396241167,0.08877711775846296,-70.50725,2.977388469363714,0.21053315769137174,-1.8895650000000002,1.0945510110428842,0.0773964442263015,0.515855988,0.1223897131231406,0.00865425960968489,-0.05811901199999937,5.249256197458204,0.37117846534082066
R:A:PRO:176,94.36714,2.8781702608428152,0.20351737088514088,-6.33535,0.6500344202424976,0.0459643746558136,-64.20662,1.6270478436727054,0.11504965635759196,-3.2566800000000002,1.0463724038792306,0.07398970224294728,0.59146938,0.05782325625669657,0.00408872166093976,21.159959380000004,3.528729547594166,0.24951885920771724
R:A:LYS:177,122.82372,3.2758725267629085,0.23163916779767624,-8.889050000000001,1.229174539070835,0.08691576518388364,-164.89895,12.013477195945393,0.8494811190882937,39.388220000000004,11.268107428117643,0.7967755173560492,0.592909848,0.09790040292448697,0.006922603878880005,-10.983150152,16.838814527664727,1.190683993965428
R:A:LEU:178,63.537945,3.247882519731125,0.2296599754199129,-10.892784999999998,0.9386480750393089,0.06637244190079947,-72.98674999999999,1.9682410643770236,0.13917566036308213,-1.0813400000000002,1.0653764472711043,0.075333491038183,0.051543396,0.035927094193212786,0.0025404291932348594,-21.371386603999998,4.054638293207812,0.2867062232385893
R:A:ASP:179,93.986875,10.171062878056304,0.7192027532948375,-7.485239999999999,1.2954813824984133,0.09160436704655515,-93.72894499999998,19.58899698305084,1.385151260335807,-62.478019999999994,11.916611435286459,0.8426316754656212,0.263296116,0.11873291820677594,0.008395685161407896,-69.44203388400001,25.117271358354508,1.7760592902395118
R:A:GLU:180,98.07752,3.0568791699378637,0.2161539990330968,-8.448084999999999,1.1550668845460854,0.0816755626786556,-61.978429999999996,14.380524588313877,1.0168566453416628,-81.35055,13.389220069798688,0.9467608306153671,0.411317856,0.12076044070315768,0.008539052652027876,-53.288227144000004,19.91893507103263,1.4084814062741717
R:A:LEU:181,78.545435,2.9329939798395426,0.20739399323238605,-10.497925,0.8823404894795434,0.06239089434264427,-75.193775,1.4948225895988456,0.10569991897761792,-1.01669,0.7764440056436781,0.05490288216022907,0.063568764,0.0346524982351158,0.002450301648710525,-8.099386236,3.495645732773693,0.2471794802270096
R:A:ARG:182,-194.66728999999998,3.9429343509498107,0.2788075617329989,-7.492695,1.6587815986364813,0.11729357169033179,-4.389185000000001,17.202367585619573,1.2163910772255258,26.634075,13.984383089695983,0.9888452113434513,0.796262472,0.17723460341188346,0.01253237899334512,-179.11883252799998,22.579063770286655,1.596580910481319
R:A:ASP:183,77.654585,4.050146575467979,0.2863886108312881,-6.163644999999999,1.4388758976975742,0.10174389045478358,-87.212445,17.17360208246875,1.2143570489913067,-55.80941,15.54714574228659,1.0993492182466407,0.33383682,0.15582812101131296,0.011018712106665732,-71.19707818,23.561508499116158,1.6660502434709508
R:A:GLU:184,99.42261,2.86133675891182,0.20232706254848853,-7.442725,1.3564677140923775,0.09591675190953351,-85.10456,6.533071781819023,0.46195793589027123,-66.378295,6.545002394038905,0.46280155757070973,0.08144665199999998,0.03206066912315612,0.002267031654636185,-59.421523348,9.774782035327162,0.6911814661800278
R:A:GLY:185,89.36532,1.8488447440496456,0.13073306558786113,-5.495979999999999,0.6462268484054187,0.04569513866922826,-77.931295,1.5981288521189396,0.11300477485431754,-2.926245,0.8417309635358556,0.05951936722508901,0.017101943999999997,0.013399327260846493,0.0009474755169482322,3.0289019439999993,2.664308993364141,0.1883950956384088
R:A:LYS:186,118.58498,3.591323399472679,0.25394491292010557,-7.945225000000001,1.238345240381292,0.08756423169236968,-144.99327,10.402737542450065,0.7355846259170321,23.051855,10.142306170885151,0.7171693470303057,0.46755853199999997,0.12189011256619699,0.00861893251551495,-10.834101467999998,15.017632394441923,1.0619069703476653
R:A:ALA:187,92.35952499999999,2.0687962827149033,0.146285988040123,-7.1656949999999995,0.638648277203501,0.04515925276037015,-84.65368000000001,1.4681136800670445,0.10381131387281446,-0.41263999999999995,0.8800482943566222,0.06222881167112224,0.068353272,0.04612019587463626,0.0032611903252607135,0.19586327200000003,2.760391191809146,0.1951891330455863
R:A:SER:188,87.03297,4.178646338121953,0.2954749161866368,-7.724175,0.8175943275090648,0.05781264932413147,-81.35982,4.101980883378175,0.2900538498934292,-2.170525,1.1966846908751696,0.08461838598599598,0.041870448,0.02724020890382627,0.0019261736436833724,-4.179679552,6.0322955124422695,0.4265477062969108
R:A:SER:189,61.342794999999995,4.055786787169045,0.28678743402540324,-8.877055,0.8713465624968059,0.06161350631050792,-53.19906000000001,4.083277733194254,0.2887313374609691,-3.0282950000000004,1.0842081663476806,0.07666509466422773,0.033223608,0.013897894847203874,0.0009827295690675436,-3.7283913920000002,5.920938172351254,0.4186735532655854
R:A:ALA:190,96.38085,1.9236197486769573,0.13602045687138387,-7.30013,0.7218933460699025,0.051045568029947516,-77.81379999999999,1.3320331114503126,0.09418896458715321,0.44213499999999994,0.7355480451846772,0.05201110106385943,0.015047244,0.013665553385752953,0.0009663005467732697,11.724102244,2.5567504424022967,0.18078955756243692
R:A:LYS:191,127.482385,3.5745256869653343,0.252757135277869,-8.27609,1.2067264735224799,0.08532844724650743,-163.14313499999997,8.773789215998695,0.6204005851334079,30.522095,7.436913532237349,0.525869198974303,0.491422716,0.08542084181417638,0.00604016565014675,-12.923322284000001,12.104865942324237,0.8559432793171555
R:A:GLN:192,39.53227,2.624314492796166,0.1855670573822304,-11.303944999999999,1.0002160326524465,0.07072595393400502,-90.492,2.16670404301095,0.15320911216373517,4.550565000000001,1.0894379448940632,0.07703489585165284,0.030445272000000002,0.014592361444030092,0.0010318357730598798,-57.682664728,3.710680941803338,0.2623847656768825
R:A:ARG:193,-191.025985,3.7662101806424726,0.2663112758106104,-11.129245000000001,1.4785273940563293,0.1045476746507305,-42.287365,7.291796568183661,0.5156078800395462,64.114415,5.817294103169876,0.41134481085079344,0.1134621,0.03751139396818518,0.00265245610466639,-180.21471790000004,10.167742982539314,0.7189680012315481
R:A:LEU:194,75.883745,3.5928020053956495,0.25404946614758905,-9.351854999999999,1.0512746805545161,0.07433634555098198,-78.33813,2.6535850303127653,0.18763679693892665,-2.9348899999999998,0.7007196143251593,0.04954835909997424,0.196446816,0.035592900013251855,0.002516798096146514,-14.544683184,4.6418954156121774,0.3282315725938118
R:A:LYS:195,124.40536,3.1547156956530973,0.22307208611119417,-11.72911,0.8792679613746881,0.062173633796811324,-140.54303,5.895691347000791,0.41688833312471096,16.23606,5.144924649244146,0.3638011108174355,0.234781884,0.048471242731163225,0.0034274344427744664,-11.395938116,8.482754201034703,0.5998213018690313
R:A:CYS:196,81.86294000000001,2.2865850468329407,0.16168597923753317,-8.25209,0.7870234697262846,0.05565096323964213,-75.808445,1.6333431657110515,0.11549480284789873,-3.7113099999999997,0.6166392818333908,0.043602981773039326,0.025459991999999997,0.012787906415419844,0.0009042415343522327,-5.883445008000001,2.9826321512592684,0.21090394199404489
R:A:ALA:197,97.955985,2.1270577483404156,0.15040569578268967,-6.521295,0.8090455475280733,0.05720815929458839,-83.45461499999999,1.3789114680700132,0.09750376497282037,-3.40503,0.861293666004807,0.06090265918250203,0.070768944,0.030147549054423378,0.0021317536372536857,4.645813944,2.7969736955035858,0.1977759066890983
R:A:SER:198,78.295835,2.9118532102039416,0.20589911507550243,-8.38449,0.7613119399431484,0.05383288353320858,-70.326435,3.118210994428536,0.22049081393308653,-1.6339499999999998,1.0703069548031536,0.07568213056924335,0.05480892,0.016875742877728375,0.0011932952226402316,-1.9942310799999996,4.464030304741185,0.31565460999047423
R:A:LEU:199,61.19061,3.5643638882555186,0.25203858760019265,-10.993225000000002,0.7980306537815449,0.056429288688366434,-58.545475,1.742206772853039,0.12319262233135149,-5.870215000000001,0.7612735636911346,0.05383016992240504,0.15916028399999999,0.04074363178737193,0.002881009832701846,-14.059144716,4.118012235770582,0.2911874376922554
R:A:GLN:200,39.886185000000005,3.070243547468995,0.2170990032309568,-6.845930000000001,0.8789158578043748,0.06214873631458647,-79.54631,2.8577345999760015,0.20207235144744565,-5.781814999999999,2.524782071937101,0.17852905240849457,0.615725568,0.10319108336133204,0.0072967114802784195,-51.672144432,4.975008389966321,0.35178621690051537
R:A:LYS:201,124.80711,3.826319314680885,0.2705616334395917,-6.4774,0.8701595830650836,0.06152957418997795,-156.598125,9.385000585475474,0.6636197555429426,29.324085,9.348096525377507,0.6610102444280838,0.9376925399999999,0.16379982560314893,0.011582396744116047,-8.00663746,13.816290103277275,0.9769592422867945
R:A:PHE:202,102.015985,3.5755554064753348,0.25282994744269316,-10.45013,1.0978472585473809,0.07762952412259139,-77.18078,2.0657803735150555,0.14607273105545748,-9.518915,1.279855315172383,0.09049943722960381,0.41542657199999994,0.10534034465683893,0.007448687203937891,5.281586572000001,4.461663348512798,0.3154872409104878
R:A:GLY:203,78.171085,1.8225645003058193,0.12887477173161163,-2.4890950000000003,0.6419563738876654,0.045393170520189485,-78.51122000000001,2.1774798556129054,0.15397107718009898,-0.563065,1.5790760592115252,0.11165753894777997,0.392529492,0.04523589068379594,0.0031986605055525476,-2.999765508,3.312219097815082,0.2342092584840633
R:A:GLU:204,103.4664,2.704152665808645,0.19121246873569728,-6.591195,0.9920226595068281,0.07014659496279917,-30.249135000000003,9.300040690597811,0.6576121837632535,-116.150465,8.736643774286268,0.6177740057609052,0.619966836,0.0713302683147982,0.005043811642924973,-48.904428164,13.081335554510591,0.9249901077571124
R:A:ARG:205,-199.08106,4.101114915044444,0.2899926166853218,-6.067335000000001,1.4462781277385757,0.10226730716057306,-21.85028,11.435309294094324,0.8085984746819648,50.05932000000001,9.602280314987686,0.678983752558189,0.64480266,0.09135855777292239,0.006460025572065639,-176.29455234,15.552790625944057,1.0997483717979613
R:A:ALA:206,86.46962500000001,2.2926678552234727,0.16211609874369354,-6.008954999999999,0.527905884580765,0.03732858308153418,-79.84020999999998,1.4870505492080626,0.10515035273122007,-0.28570500000000004,0.6792596543112214,0.04803091077498947,0.19171360799999998,0.0406818052343592,0.002876638035212577,0.5264686079999996,2.865201308896484,0.20260032749852755
R:A:PHE:207,112.73810499999999,3.0039363015841403,0.21241037291025835,-15.001965,0.9150140565996787,0.06470126443026442,-86.88019,1.5011511162771054,0.10614741339052967,0.38676499999999997,0.5777488120065675,0.040853010279231564,0.006131304,0.004627521079669329,0.00032721515355178766,11.248846303999999,3.5281941280740696,0.2494809993303733
R:A:LYS:208,120.008715,3.2750090616325016,0.23157811159277336,-10.427645,0.8486931300387673,0.060011666739684874,-172.7766,9.679761685082955,0.6844625127791879,48.143519999999995,8.564771793784116,0.6056208214700018,0.5701666679999999,0.07638732518427502,0.005401399563450281,-14.481843331999999,13.36057265111787,0.9447351522140974
R:A:ALA:209,88.982055,2.042139998133086,0.14440110408121887,-6.3072,0.6356616002245219,0.04494806280586516,-78.746495,1.2323137059917004,0.08713773780558567,-1.9653950000000002,0.45409540734849985,0.032109394184179185,0.115064028,0.03388225251339728,0.0023958370514098157,2.078029028,2.5100496325691215,0.17748731163044276
R:A:TRP:210,118.36125,3.713095655581741,0.2625555117256158,-15.404905000000001,0.6790423300317884,0.04801554362781912,-85.11053,1.4397116235899463,0.10180298519935452,-5.042870000000001,0.8007869835980103,0.056624190638807366,0.446116356,0.057193489748156336,0.004044190444064463,13.249061356,4.1189171247968295,0.2912514230089235
R:A:ALA:211,99.11903000000001,2.132830625975724,0.15081389987497834,-7.60604,0.7385511142771366,0.0522234501158244,-86.82808499999999,1.2676046180789182,0.08963318213069868,-0.14298,0.4418490688006482,0.031243447280989975,0.0004954320000000001,0.0016671082481278772,0.00011788235472232474,4.542420432,2.6261148250076403,0.1856943600937426
R:A:VAL:212,47.933945,3.1995485450255323,0.22624224729231054,-8.87956,0.9790809651913369,0.06923147898174643,-53.63188,2.092817757378793,0.14798456280301672,-0.987215,0.39726555196115354,0.02809091657235484,0.054066168,0.017179880205326695,0.0012148009793159042,-15.510643832000001,3.966574297934412,0.2804791584149691
R:A:ALA:213,95.82440500000001,2.261734215369922,0.15992876009297072,-8.130615,0.6215872157428916,0.04395285353506641,-75.154435,1.3253846180543218,0.09371884511065531,-2.7572749999999995,0.5047154736829454,0.03568877340109912,0.000162072,0.0007872218012834757,5.566498739854344e-05,9.782242072,2.741020803025428,0.19381943971926763
R:A:ARG:214,-188.72368000000003,3.859124844780226,0.27288133471895804,-11.273340000000001,1.220198899524172,0.08628109162499047,-8.01661,11.518913257243497,0.8145101676096499,38.29688,9.27071249233844,0.6555383669763349,0.5388835319999999,0.09764565062290166,0.006904590170882619,-169.177866468,15.330451309031497,1.0840266079266356
R:A:LEU:215,71.302145,3.2480813111704885,0.22967403209739448,-10.24026,0.9802761306897154,0.06931598994460081,-80.14244000000001,1.708920348173079,0.12083891667008599,-1.18837,0.5807087076151003,0.04106230650487135,0.137393316,0.035725112516807336,0.0025261469319286874,-20.131531683999995,3.8431603062504873,0.2717524713736688
R:A:SER:216,80.46329,2.5446973269723063,0.1799372735969399,-8.01669,0.8257370125530282,0.05838842410529676,-73.224205,1.8501806298237484,0.130827526976837,-3.58626,0.8132598922853629,0.05750615847020213,0.008199972,0.008054856479070003,0.0005695643637834797,-4.355665028,3.352901876865457,0.2370859653784667
R:A:GLN:217,36.515175,2.72844611535119,0.19293027502669194,-11.66341,1.0808049925402823,0.07642445393655095,-81.740485,3.224782175554653,0.22802653441842025,-0.80444,1.688172561203386,0.11937182658399761,0.014124059999999999,0.016520784109611747,0.0011681958474425425,-57.67903593999999,4.675679335535917,0.33062045648112576
R:A:ARG:218,-192.394355,4.398001003748748,0.31098563334159823,-12.53672,1.318911411581536,0.09326112029136256,-30.99014,10.433908600826442,0.7377887525925019,64.59545,8.321563827039963,0.5884234212176636,0.27301676399999997,0.09211063108200435,0.0065132051857457645,-171.052748236,14.114010688915936,0.9980112667871873
R:A:PHE:219,104.60927499999998,3.082037736526761,0.21793297833709105,-12.313135000000003,0.8707361005350588,0.06157034013122714,-71.504025,1.305479622351494,0.09231134936655945,-4.4054150000000005,0.7483629285146345,0.05291725015413215,0.055333296000000004,0.022504795285280512,0.0015913293355436892,16.442033295999998,3.538639364093328,0.25021958905240443
R:A:PRO:220,90.840955,2.551093852247502,0.1803895762367521,-6.899155,0.6141673721185456,0.043428191360854525,-59.691280000000006,1.8214608015546205,0.12879672844447565,-4.123445,1.6196661652868471,0.1145276928732741,0.303069492,0.10088318848907749,0.007133518668834734,20.430144492,3.582805710646996,0.25334262136723784
R:A:LYS:221,116.62880000000001,3.121337056455134,0.22071185989882827,-7.309729999999999,0.9170542552651942,0.0648455282613998,-161.11559499999998,10.269713946404496,0.7261784372348679,37.962574999999994,9.89301078511365,0.6995415012505513,0.9354119040000001,0.09184148571333318,0.006494173734214532,-12.898538096,14.6263753309201,1.0342409180673235
R:A:ALA:222,90.30878499999999,2.537081285409476,0.1793987381334523,-6.742295,0.49512733511188817,0.03501078962084403,-83.81872,2.185761668526558,0.1545566897872752,-0.64666,1.3225935408885074,0.09352148615157908,0.02326626,0.02073400065908169,0.0014661152467163009,-0.8756237399999997,3.6344422091337942,0.2569938731909122
R:A:GLU:223,104.04174,3.1582268066749104,0.22332035915249646,-5.849485,0.8587506330565352,0.06072283959825166,-7.70908,4.414058202334899,0.31212104874231084,-144.596485,4.58847450573445,0.32445414383064214,0.817748568,0.04927071899855102,0.0034839659517812284,-53.29556143200001,7.159070115545778,0.506222702569238
R:A:PHE:224,88.10771000000001,3.088552592380451,0.21839364821235074,-11.172615,0.9160177273257324,0.06477223466791152,-67.66825,1.4097474020192413,0.09968419477279235,-3.28015,0.6172612311655414,0.04364696023207114,0.299937204,0.055808946184926156,0.0039462884298236385,6.286632204,3.5706805228344467,0.2524852411146964
R:A:ALA:225,91.29314000000001,1.9857680152525368,0.14041500294484202,-4.871445,0.40743280056347947,0.028809849615626253,-80.750285,2.009410762829492,0.1420867976585967,-1.029385,1.2425982161483253,0.08786496249287881,0.519401484,0.042260674503156515,0.00298828095186994,5.161426484,3.1133332623627785,0.22014590619103572
R:A:GLU:226,113.15294999999998,2.955297986244365,0.20897112465003387,-8.45462,1.158562715436674,0.08192275525151725,-15.51099,7.716646900688148,0.5456493351498745,-141.91098999999997,7.021224024335074,0.49647551198372314,0.29703167999999996,0.0967235976477302,0.0068393911797469216,-52.426618319999996,10.905486481457025,0.7711343443176485
R:A:VAL:227,55.90243,2.84724256520234,0.20133045255375553,-9.18225,0.9391560932560679,0.06640836421340311,-62.28655,1.6619461536102786,0.11751733951847275,0.17188000000000003,0.4920580002398091,0.034793754870666084,0.0016644599999999998,0.0028365334995377723,0.00020057320725859674,-15.392825539999999,3.4630908927751656,0.24487750541466943
R:A:SER:228,83.47811000000002,2.375329349353474,0.1679611490479271,-5.886340000000001,0.8734144345040331,0.06175972694240155,-77.28027,2.8877146737688615,0.20419226279538608,-0.320295,0.976808562603236,0.06907079585378324,0.28784642400000005,0.03756856439660456,0.002656498664428258,0.27905142400000005,3.9622600488112614,0.2801740949338984
R:A:LYS:229,124.573635,3.3489126805240823,0.23680388660001966,-8.184655,1.2195954271704204,0.08623841968563084,-212.26640499999996,10.188547684580712,0.7204391158209519,84.524825,9.613577275623003,0.679782568305392,0.709812828,0.09958031660104327,0.007041391714130103,-10.642787171999998,14.454754143275986,1.0221054675094794
R:A:LEU:230,76.55111500000001,3.662091765886677,0.2589489920985888,-11.09192,0.9613352243624489,0.06797666561401787,-83.1171,2.189794915054832,0.15484188338430915,-0.41995,0.6241518945737488,0.04413420371435288,0.00694152,0.012653057205276519,0.0008947062552592331,-18.070913479999998,4.4181454223159795,0.3124100588387932
R:A:VAL:231,62.651815000000006,3.41413972484651,0.24141613513573407,-8.68675,1.111521231241221,0.0785964200043488,-71.65784,1.775523766216606,0.12554848952496403,-0.06766499999999999,0.6126729329544435,0.0433225185541538,0.05004748800000001,0.018383300887323147,0.0012998956718018873,-17.710392512,4.052162412984149,0.2865311520690335
R:A:THR:232,32.22141,3.5555609855408195,0.25141612837982374,-7.267605,0.8489532313237285,0.06003005867792401,-47.403495,4.293493209494455,0.3035958163411923,-2.001705,1.970985207447027,0.1393697005804167,0.4599373319999999,0.09468811263728608,0.006695460654358061,-23.991457668000002,5.974158348880603,0.42243678803757023
R:A:ASP:233,74.606665,3.441206615821694,0.24333005335115301,-7.693635,1.1477185464106607,0.08115595670605455,-15.900519999999998,12.716297012479693,0.8991779849106626,-114.64147499999999,11.62989555668386,0.8223578012622454,0.206128152,0.06989903096751554,0.004942607879549872,-63.422836847999996,17.610301731601737,1.2452363773156787
R:A:LEU:234,84.30125,2.9295102350905013,0.20714765527878903,-10.33615,0.8765055718590727,0.0619783033609343,-88.25698,1.3315060193630368,0.09415169354823097,-1.966565,0.8415906224376551,0.05950944361086733,0.180613584,0.03417100320671525,0.002416254808741561,-16.077831416,3.439860890767991,0.2432348962200444
R:A:THR:235,57.036465,2.9537592587709316,0.2088623201869476,-8.279025,1.082701336645984,0.07655854571421142,-68.777185,2.6548589756849608,0.1877268784800807,-0.334315,1.030413715832141,0.0728612525892535,0.056452355999999995,0.032382226348138324,0.00228976918406863,-20.297607644000003,4.243584941801362,0.30006676888888634
R:A:LYS:236,133.07569999999998,3.6334537013700894,0.2569239751366151,-7.83281,0.873119180810959,0.06173884935354724,-208.19512499999996,18.531118758978774,1.310347973744713,73.86142,18.45027013822833,1.3046311129464911,0.984576096,0.10766341146335083,0.007612952833141284,-8.106238904,26.415729120110292,1.8678741190816939
R:A:VAL:237,56.58271500000001,2.861595798461935,0.20234537941073671,-10.09609,0.8500816501372089,0.06010984993742706,-57.567465,1.8424881787341272,0.1302835885438953,-5.34986,1.104729546269131,0.07811617535440403,0.012587904,0.011659151453600042,0.0008244265055721582,-16.418112096,3.6778655930665303,0.26006437011500266
R:A:HIS:238,112.78120999999999,3.444959526017686,0.24359542417603003,-13.358114999999998,0.8287466994051922,0.058601241103538065,-89.09725999999999,2.1058675510107467,0.14890732256004066,-6.685544999999999,1.5360966369258804,0.108618434852814,0.05861448,0.0249816187303225,0.0017664672009227909,3.69890448,4.398802374433794,0.31104229880616224
R:A:THR:239,39.658590000000004,3.6419554077308525,0.2575251365585503,-7.105160000000001,1.0297331714575384,0.07281313083503552,-53.302065,5.575805008317184,0.3942689531954995,-3.58078,3.5371662473793903,0.250115423970614,0.356184684,0.07765544889897774,0.0054910694512552575,-23.973230316,7.6112657631578395,0.5381977634541911
R:A:GLU:240,87.702205,2.959012393176987,0.2092337728830482,-11.182980000000002,0.9641739156397044,0.06817739139920212,70.04777,11.352937333003297,0.8027738974552548,-199.88154500000002,10.163997270167627,0.7187031393697086,0.29434266000000003,0.06288068959611369,0.004446336201909837,-53.02020734,15.552664281684155,1.099739437909667
R:A:CYS:241,84.25205,2.241327893794213,0.15848581525644498,-8.780745,0.627890261092653,0.04439854614596068,-72.30209,1.3764002113847555,0.0973261923096758,-1.883135,1.2234792383914814,0.0865130466107569,0.06242814,0.01441309373489259,0.0010191596317819893,1.34850814,2.968060584526706,0.20987357662913417
R:A:CYS:242,91.54902999999999,2.3021995328598255,0.16279009013296844,-7.35956,0.6986543110866775,0.04940232010746054,-83.77573000000001,1.4230966084914964,0.10062812621479145,3.1191199999999997,0.9762889713604267,0.06903405520465968,0.020567951999999997,0.015049940437493298,0.0010641914939805146,3.5534279519999994,2.960880130790027,0.209365841876214
R:A:HIS:243,112.28785500000002,3.2668427592975764,0.23100066681694884,-9.77426,0.97527378330395,0.06896227056876825,-72.992575,6.002473014048043,0.42443893721226256,-18.602574999999998,4.888491820017192,0.3456685715709124,0.357690852,0.11834701418065306,0.008368397626032028,11.276135852,8.4595780710914,0.5981825020045742
R:A:GLY:244,72.45466,1.8165698787550124,0.12845088797668938,-4.78563,0.39470755389275236,0.027910038794311986,-71.47525999999999,2.1009499380994305,0.14855959481635644,-2.4195249999999997,1.4864816982980316,0.10511012889762338,0.04569965999999999,0.02699052629094142,0.0019085184168118473,-6.18005534,3.1749121480419684,0.22450019095520238
R:A:ASP:245,82.03843499999999,3.4296752449430254,0.24251466229668467,-9.097735,0.7436716713543686,0.05258552817910076,69.81143,6.933031814083936,0.4902393809920822,-198.73511,5.941980315341005,0.42016145746546046,0.165231396,0.040458403359776615,0.002860841137167864,-55.81774860400001,9.782198982128323,0.6917059235179079
R:A:LEU:246,66.82389,2.9721117101986594,0.2101600344725419,-10.644575,0.9492469775432525,0.06712189748416682,-66.979885,1.6336678125540087,0.11551775884631331,-0.472915,0.7919938243288265,0.056002420384078044,0.040568868,0.016082419836783768,0.001137198812447885,-11.232916132,3.609833961008845,0.25525380727868496
R:A:LEU:247,69.381425,3.676582122620818,0.2599736150494411,-10.961165000000001,0.8576233017910604,0.06064312524000557,-74.726975,2.1829806284928424,0.15436004056061603,-1.2882,1.1264207384454532,0.07964997426239383,0.070608276,0.020872681292766964,0.0014759214483661112,-17.524306724,4.504157813104394,0.3184920533180487
R:A:GLU:248,97.34647,2.885026819476727,0.20400220279570508,-10.83132,0.9451699569918629,0.06683360859627437,53.142855,9.118997525165526,0.6448104987667888,-196.88316000000003,8.225213963441924,0.5816104570260063,0.17380526400000001,0.047322071258091646,0.003346175748638962,-57.05134973599999,12.650265846356872,0.8945088763771524
R:A:CYS:249,79.87586999999999,2.888936709777492,0.20427867379024175,-9.167105,0.612243982391824,0.043292187168991594,-71.738665,1.5423707669607205,0.10906208284218216,3.8963699999999992,1.560858152780066,0.11036933843010929,0.000412092,0.001435527430157989,0.00010150711804440119,2.866882092,3.6791284054364026,0.260153664434013
R:A:ALA:250,90.344105,1.8474062043781816,0.13063134547219132,-7.359845,0.5264817574949773,0.037227882089570986,-79.899365,1.61154094325121,0.11395315291326957,0.98824,1.0095776158374352,0.07138791782927977,0.026442971999999995,0.020566134082826943,0.0014542452872758707,4.099577972,2.703114290035868,0.1911390444806622
R:A:ASP:251,105.996035,2.6857718208691885,0.18991274672563446,-10.0063,1.01638576337924,0.07186932655869262,4.46056,8.958810516826437,0.6334835667813332,-163.404475,8.716074554486957,0.6163195422805243,0.040168836,0.027439129667165173,0.0019402394657509468,-62.914011164,12.824874452227082,0.9068555693035878
R:A:ASP:252,97.58119,4.873068947172818,0.34457800977354897,-7.312125000000001,1.136350663032763,0.08035212596362962,14.147525,11.377470035090182,0.8045086214559014,-164.903845,9.67985275357921,0.6844689522943134,0.254082924,0.08973898316812277,0.006345504353496506,-60.23317207599999,15.75412709764413,1.1139850102418907
R:A:ARG:253,-197.10324,4.253409748942605,0.30076148766422867,-13.350700000000002,0.781804994867646,0.05528196134364265,-9.396880000000001,6.378017710511629,0.4509939573630671,51.791095000000006,5.655711660434521,0.39991920675290776,0.19071252000000002,0.056702100997645576,0.004009444012295969,-167.86901247999998,9.55887613541637,0.6759146135875174
R:A:ALA:254,85.635175,2.269829031970249,0.160501150064026,-7.279415,0.7132622889057011,0.05043526012498596,-85.71510500000001,1.8522724081449256,0.13097543804040132,4.821110000000001,1.0443964036226858,0.07384997792484436,0.018078372,0.02237822193163737,0.0015823792478758306,-2.5201566280000005,3.191088314954919,0.22564401868697767
R:A:ASP:255,98.61082999999999,9.356296257125466,0.661590053020373,-7.66701,0.6779064536497643,0.04793522503858723,3.230429999999999,16.13359699958754,1.1408175843339285,-155.776625,8.970597878869334,0.6343170591446166,0.523075824,0.12069095524424116,0.008534139288108504,-61.079299176000006,20.706979054588157,1.464204530738709
R:A:LEU:256,70.638755,3.1436038482886164,0.22228635984890074,-10.518474999999999,0.9870473085799889,0.06979478452488408,-75.41644000000001,1.6647464661022706,0.11771535151372564,-0.20916,0.7385873099370176,0.052226009535479546,0.111113064,0.02933306840210045,0.002074161158013407,-15.394206936,3.764871841650374,0.2662166409529265
R:A:ALA:257,101.50441500000001,2.1874686449809975,0.15467739124990118,-7.879924999999999,0.6202655716505632,0.04385939918506636,-85.52251,1.292897242591227,0.09142164076136454,0.319345,0.6936645918417632,0.049049493676030946,0.020973708,0.009963077898297092,0.000704495994337569,8.442298708,2.706030591280558,0.19134525811927253
R:A:LYS:258,130.243955,3.1972592783468463,0.22608037169306622,-8.200635,0.986856900353339,0.06978132063005829,-211.04707,16.58151003482795,1.172489818793963,76.54582500000001,15.210579950296932,1.07555042286351,0.725906016,0.12972341812675667,0.009172830863612754,-11.732018984000002,22.749096664690565,1.608604051747097
R:A:TYR:259,89.53578000000002,3.1217371768936597,0.22074015268636554,-10.85477,1.2087930580128263,0.08547457683720933,-95.53878499999999,4.315846416263558,0.3051764267499621,-3.480335,1.6835272295911936,0.11904335203561346,0.493906788,0.09813531451792802,0.006939214636950155,-19.844203212,5.716366714986498,0.4042081667916021
R:A:ILE:260,77.360545,2.9564619747216434,0.20905343106458452,-10.975825,0.9813442894188563,0.06939152017267672,-61.747405,1.6359367350160579,0.11567819589220346,-1.87628,0.6997650045551006,0.04948085799579469,0.041397659999999996,0.01897896442712299,0.0013420154446316926,2.8024326599999996,3.5874816077599236,0.253673257222906
R:A:CYS:261,84.94842499999999,2.2217001180121048,0.15709792192093122,-7.52741,0.6786003624372743,0.04798429179950455,-78.19219000000001,2.064204922942487,0.14596132987712873,-1.3502800000000001,1.3224648318953516,0.09351238505139307,0.11909714399999999,0.03048186407911537,0.0021553932793549114,-2.0023578559999993,3.3774597267491937,0.23882246759688186
R:A:GLU:262,94.303125,3.1080419059875943,0.219771750793579,-5.55511,0.7447981390282873,0.05266518147220229,8.485935,7.029368731314001,0.49705142973728084,-151.58377000000002,6.8712277823617525,0.4858691759985398,1.0535205959999998,0.05969237017573339,0.00422088797363587,-53.296299404,10.33653752154014,0.7309035775470222
R:A:ASN:263,17.23174,2.921129456631458,0.20655504475078787,-7.531020000000001,0.7940687436236236,0.056149139334454624,-78.38543,2.607747536687553,0.18439559668142838,-9.30804,1.4217223774000323,0.10053095340242227,0.32787511199999997,0.055371006033514115,0.003915321384741907,-77.664874888,4.241255728414541,0.2999020686308212
R:A:GLN:264,33.38416,3.225941325318859,0.22810849868428837,-9.21382,1.1023646527352007,0.0779489521289414,-82.93663499999998,3.9110926813072324,0.27655601568014204,-2.172605,3.105962122913768,0.21962468792208903,0.3277926,0.078271816348139,0.005534653211555715,-60.6111074,6.0474522246963165,0.4276194476984438
R:A:ASP:265,87.37408500000001,7.096049378194531,0.5017664634955936,-4.712615,1.2496703512426786,0.08836503796114727,-33.943405,16.112261477551034,1.1393089351027117,-113.99359,14.267560762859922,1.0088688966409363,0.703120896,0.12867774050409334,0.009098890289820727,-64.572404104,22.695823641549698,1.6048370801553753
R:A:SER:266,79.8613,3.7699716988327645,0.2665772553126016,-5.159210000000001,0.552650401157911,0.039078284628422465,-70.75977999999999,3.8174524543993997,0.2699346517363045,-5.761375,1.67072376962052,0.11813801069882209,0.460294812,0.07504471259381207,0.005306462516728001,-1.358770188,5.6469462491477005,0.39929939857682784
R:A:ILE:267,80.565,2.89126613268305,0.2044433888635189,-11.071660000000001,1.0685043211892031,0.07555466512400143,-66.614035,1.6083601163219012,0.11372823448412007,0.7249549999999999,0.7414511062605544,0.05242851051551054,0.005161644000000001,0.012326437059704804,0.0008716107232786436,3.6094216440000007,3.554974723145101,0.251374673368267
R:A:SER:268,67.468015,2.666673211095615,0.18856227107742152,-7.819685000000001,0.702617488947578,0.04968255910150965,-60.421645,2.018230494511219,0.14271044686663623,-3.5762599999999996,1.3482130404353756,0.09533305833759871,0.013365288,0.009602836411907473,0.0006790230745484869,-4.336209712,3.6736687788084748,0.25976761053287756
R:A:SER:269,79.1243,4.523494478829393,0.31985936206401716,-3.981765,0.7647901344650048,0.054078829026477634,-64.887615,6.219076183548083,0.4397550942102603,-6.4754700000000005,3.0331450211125746,0.21447574127509153,0.511465788,0.12524751181394325,0.00885633649303815,4.2909157879999995,8.30297961486511,0.5871093189724788
R:A:LYS:270,121.20549000000001,3.258461520395784,0.23040802373072863,-6.775015000000001,1.3465543267076157,0.09521576956510408,-183.43481,18.158543684830565,1.2840029376015851,58.401895,16.184479292951472,1.1444155058019245,0.614118528,0.13034832229566906,0.009217018261155724,-9.988321471999999,24.578808951161065,1.7379842482854602
R:A:LEU:271,76.54890499999999,3.624630139196964,0.25630005507193127,-10.716235,0.8747600755492901,0.06185487813321597,-79.39947000000001,2.123859237120012,0.1501795268853248,-0.413925,0.8999502204983341,0.06363609036447007,0.0006215039999999999,0.002100989949615181,0.00014856242405776772,-13.980103496,4.384500166311295,0.3100309799712262
R:A:LYS:272,126.501775,3.2868281951411755,0.2324138505379466,-6.175705000000001,1.3650491668709228,0.09652355225474765,-174.0936,16.80333833141498,1.1881754480715379,38.777465,15.3031929452247,1.082099150537452,0.9965733839999998,0.12667498877190772,0.008957274356734572,-13.993491616000002,23.004837290533168,1.6266876448229164
R:A:GLU:273,89.658485,3.1062666160159207,0.2196462188358247,-5.6847900000000005,0.9889187913575108,0.06992711834117005,-34.45831,15.217293396129943,1.076025135170875,-111.748895,14.605279882767567,1.032749244623241,0.751671252,0.11925175444805035,0.008432372423860943,-61.481838748,21.342944792237294,1.50917409930811
R:A:CYS:274,84.8628,2.3231632293061115,0.16427244732455898,-8.41372,0.6854435582890832,0.048468178818684725,-75.61232,1.3948921992756291,0.09863377331320143,0.984605,0.7217163978842381,0.05103305590374732,0.008807616,0.011837510522324532,0.0008370383962702787,1.8301726160000005,2.8868077862632915,0.2041281361648899
R:A:CYS:275,89.53626500000001,2.0562013823492578,0.1453953940944313,-7.150994999999999,0.7416138044663138,0.052440015015968476,-82.075775,2.1393356852946197,0.15127387703061954,-0.73738,1.5206760751718298,0.1075280364742145,0.137559492,0.04439771926280376,0.0031393928359945145,-0.29032550800000023,3.4160121804819044,0.24154853774345988
R:A:GLU:276,107.51664499999998,2.959404375710592,0.20926149023381008,-4.495805,0.9818561946512331,0.06942771733879056,-21.311320000000002,7.277434843239752,0.5145923527298089,-131.247505,6.9995562730772445,0.4949433705989757,1.146405168,0.09915936533650352,0.007011625964759591,-48.391579832000005,10.568197308115465,0.7472843981485863
R:A:LYS:277,142.74598,3.613987133291982,0.25554748090716917,-7.850835,1.1287347154114646,0.07981359714281144,-178.987255,10.06373838292585,0.7116137654654209,44.702704999999995,9.671005933095843,0.6838433876187405,0.6664383720000001,0.08402979658414993,0.00594180389863786,1.2770333719999996,14.461991289654373,1.022617211037539
R:A:PRO:278,85.43039,2.5707232480179583,0.1817775841227405,-4.11603,0.7731069066435767,0.054666913626982824,-62.96320000000001,1.51746631264091,0.10730107198905331,-2.415965,0.8167863880936067,0.057755519380185645,0.743960412,0.04873776854821172,0.003446280664034094,16.679155412,3.190381120000878,0.22559401245221533
R:A:LEU:279,67.96206000000001,3.0209782995579433,0.2136154241434827,-7.253679999999999,1.093580974413875,0.07732785227846432,-71.328145,2.178283499449739,0.15402790338076736,-0.597935,0.7390236807944655,0.0522568656147209,0.311765184,0.07173284767142973,0.005072278302228961,-10.905934816000002,3.952018451397343,0.27944990463574193
R:A:LEU:280,69.641475,3.9103409096106945,0.27650285739368946,-7.871845,0.8048880487216841,0.05691417973471111,-76.194155,2.3477988161201124,0.16601444637402796,-1.83155,1.0553722222514672,0.07462608550299286,0.360823752,0.1091656038566695,0.007719173875937533,-15.895251248000001,4.751473217633705,0.3359798932815057
R:A:GLU:281,110.15746500000002,2.8205091293550177,0.1994401131765498,-7.733454999999999,0.8733114266829446,0.061752443189520854,-60.242734999999996,11.80016077495451,0.8343973703061839,-93.96477499999999,11.260535911508608,0.7962401302822377,0.5409449279999999,0.10387325756886426,0.007344948481088079,-51.242555071999995,16.576254027359077,1.1721181629416422
R:A:LYS:282,133.00645500000002,3.46119223793984,0.2447432502437503,-12.215800000000002,0.9975373827581602,0.07053654478353756,-181.935685,6.357460403791359,0.4495403362645837,48.65083999999999,6.110293275645614,0.4320629810247576,0.279962568,0.04093010465515787,0.0028941954556337204,-12.214227431999998,9.525208371034047,0.6735339431373043
R:A:SER:283,81.06465,2.602725690021905,0.1840404984982925,-8.26066,0.8178303579593997,0.05782933919733131,-75.59706,2.571272102753811,0.18181639401330127,-3.449985,1.0948312266166873,0.07741625845954453,0.030609143999999998,0.013117239130612204,0.0009275288739701423,-6.2124458559999995,3.9055467242163946,0.27616385729343196
R:A:HIS:284,103.45921,2.7760137744434914,0.19629381645762556,-10.105034999999999,0.8481428734446809,0.05997275772277776,-78.00243499999999,4.114691089957422,0.2909525972196759,-9.20372,3.632823868783071,0.2568794392472858,0.33327547199999996,0.08396667113630035,0.0059373402554138725,6.481295471999999,6.209729562461774,0.4390941882951293
R:A:CYS:285,87.30539,2.3474646979028244,0.16599082064831172,-7.50525,0.656507522805337,0.046422092127563576,-74.012415,1.7745288931925005,0.12547814137878757,-3.1833799999999997,1.164842403761127,0.08236679627131312,0.153593604,0.04615441859015434,0.003263610236682058,2.7579386039999996,3.232573817274772,0.22857748668810748
R:A:ILE:286,77.13092,3.0197259881651513,0.21352687235568266,-9.64753,1.0999316611044525,0.07777691364087418,-59.09428499999999,1.3691533930772697,0.0968137648729508,-2.04103,0.6767569793507858,0.047853944931426494,0.10951066799999999,0.03536988905810387,0.0025010288402801113,6.457585667999999,3.5584303779372974,0.2516190250619672
R:A:ALA:287,86.12494500000001,2.195109034188279,0.1552176483518385,-4.603125,0.5806002750386878,0.04105463916386307,-77.209535,2.0069605150014787,0.14191353897311912,-0.946105,1.6320069190953206,0.11540031594356664,0.45814546799999994,0.09649678302868431,0.006823352964226963,3.8243254680000005,3.4432904427647237,0.24347740216737657
R:A:GLU:288,109.762675,3.0181692479672177,0.2134167942006322,-5.926965,0.8382167403333103,0.05927087411937671,-39.310905,12.633637179608057,0.8933330520751345,-116.24706,12.342244980812849,0.8727285120998395,0.7963399440000001,0.09303355401166648,0.00657846569195343,-50.925915055999994,17.937681224386193,1.2683856032526089
R:A:VAL:289,49.802659999999996,3.7699947698106953,0.266578886677096,-7.422915,0.9543580081787966,0.06748330192629136,-58.70924,3.3425059614606525,0.2363508631505288,0.30902999999999997,1.336854442001821,0.09452988413988456,0.049991184,0.026902784229557806,0.0019023141161518833,-15.970473815999998,5.299425387103238,0.3747259627612844
R:A:GLU:290,82.685875,2.9102379317463036,0.2057848976404124,-5.49999,0.8339543931774687,0.058969480661610035,-8.950465,6.879841372355543,0.48647824878803675,-121.54404999999998,6.406381640013339,0.4529995900522427,0.828111492,0.08204224350969162,0.005801262672946096,-52.480518507999996,9.876519564364266,0.6983753958483578
R:A:ASN:291,27.19853,3.0986379280419323,0.21910678913602835,-8.03986,0.933223076439926,0.06598883657104435,-90.3116,3.0887833332883674,0.21840996405841925,-5.866585,1.4231660664781887,0.10063303763613121,0.16321132800000002,0.0550871665466687,0.003895250902150217,-76.856303672,4.694835572008154,0.33197500695227894
R:A:ASP:292,97.905245,9.761843275989172,0.6902665577332245,-4.371805,0.8338888636832849,0.058964847026639525,-33.157205000000005,10.197005637586702,0.7210371834135012,-126.76297500000001,14.69250967617088,1.0389173224669395,0.7525619280000001,0.12296810565057435,0.008695158137518493,-65.634178072,20.392470191085415,1.4419653957261027
R:A:GLU:293,99.84207500000001,3.1347860755360966,0.22166284915807385,-5.896905,0.71384652830633,0.050476572089188064,-15.911264999999998,9.354202308309084,0.6614419884796209,-132.165875,9.68337184607588,0.6847177897111152,0.809461872,0.08104286236893422,0.0057305957547841456,-53.322508128,13.842392122933122,0.978804933796926
R:A:MET:294,98.72126,2.918796658282314,0.20639009099760583,-7.3235149999999996,0.8800257551770858,0.062227217910452985,-67.91699,1.9442699555102938,0.13748064699985957,-7.689845,1.3401864650021653,0.09476549374574587,0.37104767999999994,0.11271741044151076,0.007970324528097962,16.16195768,3.8578245032228513,0.2727893866856502
R:A:PRO:295,75.542225,2.5140100983041016,0.17776735884822892,-4.228745,0.5686714165271541,0.04021114148933104,-51.0113,1.7255898440823065,0.12201762802972362,-4.123455,1.3356606597392169,0.09444547098656982,0.6643340999999999,0.057059602301674,0.004034723171932122,16.8430591,3.3776529514649405,0.2388361306475616
R:A:ALA:296,82.455715,2.1500823853459656,0.152033783478788,-2.5291200000000003,0.3205096185764165,0.022663452473089797,-68.10059,1.2698925158847112,0.08979496093601248,-5.39605,0.8988066797148316,0.06355522982021228,0.8314937280000001,0.042526900745269644,0.0030071059899827407,7.261448728,2.673550011887191,0.18904853432468074
R:A:ASP:297,87.13732,5.526425639380304,0.39077730453290144,-3.4496450000000003,0.6889756301749721,0.048717934016899764,-17.171785,4.952176917152194,0.3501717879753808,-128.765645,4.560913556402379,0.3225052904137775,0.980182584,0.04820326326020412,0.00340848543266107,-61.269572416,8.737527110625406,0.6178364670724525
R:A:LEU:298,81.074335,3.4628527968677787,0.24486066949160085,-6.13067,0.8938356342751166,0.06320372382621138,-69.87541,2.4071904228581498,0.17021406716103105,-5.57222,1.3460971070468877,0.09518343925284482,0.466489872,0.09732276359010576,0.006881758609837901,-0.037475127999999545,4.51733400444198,0.3194237507425506
R:A:PRO:299,88.14778499999998,2.446171888640494,0.17297047304055976,-3.007215,0.725941945871018,0.05133184726731545,-70.59263999999999,1.7412253100618544,0.1231232224318386,-1.834485,0.9017266214185983,0.06376170087815256,0.7528606919999998,0.053630655057281706,0.00379225998704805,13.466305692,3.2184781100524638,0.22758076967185603
R:A:SER:300,66.582335,6.170287602922168,0.43630522058975524,-4.6,0.632976184386111,0.04475817523090055,-47.91866,5.28020588087245,0.37336693844259966,-12.245655000000001,1.9186702494110341,0.13567047442194266,0.51929568,0.053094260557615826,0.0037543311682375594,2.33731568,8.368858740811328,0.5917676766420001
R:A:LEU:301,57.390645000000006,3.103413497904364,0.21944447291940392,-9.356779999999999,1.0383467251356842,0.07342220105662864,-56.324955,1.8567718823202273,0.1312935989105143,-5.816375000000001,0.7575686136416953,0.05356819039201344,0.111090924,0.04331379677792082,0.0030627479420603843,-13.996374076000002,3.8383235107161457,0.2714104582815142
R:A:ALA:302,85.66435000000001,1.9639169298878199,0.1388698978810743,-5.478320000000001,0.558568955098652,0.0394967895910541,-67.943225,2.217650248433012,0.15681155289670143,-7.36986,1.3297710067526665,0.09402900963000727,0.255937644,0.05182520986714925,0.0036645957333477207,5.128882644,3.295135565079648,0.23300127029967851
R:A:ALA:303,89.96940000000001,2.0129848086858484,0.14233952086472684,-4.00342,0.5214735598283005,0.036873749036408006,-74.971795,1.3241017872410716,0.09362813527393889,-5.849055,0.8266210389138423,0.058450934208744684,0.45658641599999994,0.05482075910712423,0.0038764130514441723,5.6017164159999995,2.600691391568612,0.18389665187516444
R:A:ASP:304,102.51327,9.047867577341083,0.639780851921578,-6.4858400000000005,0.9000271575902585,0.06364153063841252,-18.57957,12.844844267841475,0.9082676485075861,-140.455445,5.843645279872402,0.4132081204246536,0.539761392,0.059442191525050085,0.0042031976715952435,-62.467823607999996,16.787367404620305,1.187046133007703
R:A:PHE:305,105.69042999999998,2.821725729956758,0.19952613983009843,-12.307224999999999,0.9252392200804072,0.06542429267386084,-84.21513999999999,1.5565878325362816,0.11006738118988747,-0.79805,0.719575699631387,0.0508816856786408,0.07787825999999999,0.039364554847136274,0.0027834943670799837,8.447893259999999,3.429359728222356,0.24249235189540835
R:A:VAL:306,50.128344999999996,3.0366797980648204,0.214725687750383,-8.153575,0.8588923531939261,0.060732860725269636,-53.452704999999995,1.811714516135199,0.1281075619933304,-3.18783,1.1377527899768034,0.08045127131065115,0.063129384,0.03195579186010173,0.0022596157122463808,-14.602635616000002,3.8127329229908575,0.2696009304700042
R:A:GLU:307,95.287795,2.8589684491045015,0.202159597756018,-6.646504999999999,1.1116384484062254,0.07860470850957339,1.378355,4.393728963986628,0.31068355451306884,-146.092095,4.366682037425555,0.30877104799490995,0.761238612,0.09968547084144137,0.007048827241775704,-55.311211388000004,6.913186244489358,0.48883608730839867
R:A:SER:308,82.37531500000001,7.569497134273519,0.5352442753816943,-4.53834,1.034462761243729,0.07314756333604011,-70.839195,7.729514760770885,0.5465592302622607,-3.735295,2.3559169102442894,0.16658848231457957,0.277469244,0.05383687134254055,0.0038068416804178133,3.5399542440000005,11.120523432098011,0.7863397529180403
R:A:LYS:309,114.42223,3.3381610382214935,0.2360436306819144,-3.6377750000000004,0.7922103283693037,0.05601772953159562,-160.651985,12.676983656011195,0.8963981108156547,36.99423,11.18034836877188,0.7905700147586551,1.5211902240000001,0.09143826819469966,0.006465661950042634,-11.352109775999997,17.247764537476744,1.2196011264758662
R:A:ASP:310,87.53027999999999,4.167231974776542,0.2946677988141901,-4.662800000000001,1.3543085505157235,0.0957640759888592,-54.51900500000001,12.32695736201659,0.8716475142079365,-99.120175,13.434623191752534,0.9499713161574276,0.352974924,0.08125708613772847,0.005745743662744721,-70.41872507600002,18.75232131777284,1.325989356678623
R:A:VAL:311,48.31859,2.551708484897912,0.18043303732825647,-9.72497,0.9104613331163494,0.06437933826547147,-53.060195,1.7848161409442151,0.12620555964328592,0.34854999999999997,0.6816394263098343,0.04819918606677918,0.010029851999999999,0.009276574564552154,0.0006559528780777472,-14.107995148000002,3.315183712905011,0.23441888842743297
R:A:CYS:312,90.57162,2.206346796312855,0.15601227813220342,-6.789765,0.5604435919653288,0.039629346435123045,-71.53685,1.4456080926378352,0.1022199285242364,-4.07032,0.7678721427425272,0.05429675992174856,0.183703212,0.03965701503017916,0.002804174424945652,8.358388212,2.8041123852863143,0.19828068828451376
R:A:LYS:313,124.10305,3.460976107617618,0.244727967522104,-6.52402,0.9568378491677678,0.06765865316424795,-174.40296,15.155992233384127,1.0716904883836564,45.408365,13.930315778250506,0.985022075087089,1.015143444,0.09539584596165844,0.006745504957651601,-10.400421556000001,20.89643014762813,1.477600745997886
R:A:ASN:314,16.06263,3.506355363208356,0.24793676545744484,-8.613605,0.9192991074590467,0.06500426328230326,-83.28188999999999,3.427058573748047,0.2423296357020742,-6.832960000000001,2.29115300414442,0.16200898259664492,0.3303867959999999,0.06380997880091156,0.0045120468717494405,-82.335438204,5.489792623749059,0.38818695915608487
R:A:TYR:315,83.76442999999999,3.6189125998150327,0.2558957639850648,-14.05492,0.9940262338590466,0.07028826906390567,-80.78204,4.189191263048275,0.2962205549788873,-4.145485,2.470881275936786,0.17471769057217704,0.19089871199999997,0.08376873851470044,0.00592334430551874,-15.027116288,6.143794550473458,0.4344318788856738
R:A:ALA:316,90.06584,2.1855877411808473,0.1545443912667166,-4.070995,0.5442763038889348,0.038486146531901584,-76.874275,1.263073243867908,0.08931276558742876,-4.192135,0.6723816154350147,0.04754455998192643,0.6051106799999999,0.052526830218333175,0.0037142077841617847,5.533545679999999,2.6689399756116257,0.1887225555334839
R:A:GLU:317,93.468035,3.106290030530794,0.2196478744920492,-4.27973,0.8600354161893567,0.06081368748480888,-28.90108,13.451955280686894,0.951196879919189,-115.13389,13.355020019749128,0.9443425218846708,0.964197108,0.11171520987117706,0.007899458246158763,-53.882467892,19.227918232624443,1.35961913703892
R:A:ALA:318,101.562855,2.4661775674056807,0.17438508815227008,-3.832645,0.7853545371200193,0.05553295188331878,-83.538765,1.6902848427927764,0.11952118744756096,-1.2870949999999999,0.6783673901176265,0.04796781816879938,0.26120214,0.043370500062152845,0.0030667574697399854,13.165552139999999,3.16511290619713,0.22380727991930513
R:A:LYS:319,125.268865,3.560574367538895,0.2517706280205755,-8.77977,1.1985381542112041,0.08474944563535504,-177.435085,12.959308054359036,0.9163614604722717,47.920275000000004,11.56770992285746,0.8179606129251424,0.5861800439999999,0.08653653116742582,0.0061190568008847816,-12.439534955999997,17.77293589174989,1.2567363490650125
R:A:ASP:320,86.78586000000001,4.083383426816542,0.2887388111286739,-5.546965,1.006271828968197,0.07115416339804018,-61.19885,9.755935129319997,0.6898487886758228,-89.92117000000002,9.87391865325515,0.6981914836601059,0.538613244,0.07557528998767563,0.005343980004042522,-69.34251175600001,14.503959964341867,1.0255848444844329
R:A:VAL:321,52.338535,3.4332343903052993,0.24276633187877392,-5.6768600000000005,0.7729312391150975,0.05465449205692063,-56.563379999999995,2.319736518572745,0.16403014228488616,-1.014265,0.863916821676138,0.06108814429883265,0.632913084,0.059624427256963604,0.004216083683776298,-10.283056916,4.302976404987102,0.30426637952520913
R:A:PHE:322,90.85557,2.952246281240777,0.20875533651981207,-13.770945,0.8287579694790271,0.058602038018101384,-68.0353,1.4992671042879584,0.1060141936251934,-1.870085,0.6242615940252932,0.04414196063696084,0.14414922,0.051168525118564824,0.003618161109465138,7.32338922,3.470262307493889,0.24538460101250048
R:A:LEU:323,72.79917499999999,4.152764545983194,0.29364479711357905,-10.861015,0.9133364849687108,0.06458264220264606,-75.655175,2.3080921481550516,0.16320676095638625,-1.025695,0.5252880085962367,0.037143471295437644,0.056877912,0.022722732788999125,0.0016067398442191193,-14.685832087999998,4.866556286336921,0.34411749510948586
R:A:GLY:324,81.79868,1.923782757381924,0.1360319833274513,-5.644074999999999,0.6241803099866255,0.04413621298746642,-81.336275,1.4012331424052886,0.09908214570181148,-0.397535,0.497403808565033,0.035171760602435015,0.05413384799999999,0.01771966442741216,0.0012529694876973181,-5.525071152000001,2.51032269073767,0.17750661975870669
R:A:MET:325,88.53608,2.8494350025224295,0.2014854812833917,-9.61844,0.8052394590430849,0.05693902819683525,-73.957365,1.559391247177885,0.11026561254024302,-2.7087100000000004,1.0146333701884638,0.07174541364784233,0.5346918719999999,0.06433403955095325,0.004549103562760259,2.786256872000001,3.4975721902942825,0.24731570134465727
R:A:PHE:326,96.523615,3.2140225694252673,0.22726571537272178,-15.167580000000001,0.8025558881473615,0.05674927107901916,-71.4967,1.2280937871351683,0.08683934448163459,-2.19701,0.6377443374111604,0.045095334564675314,0.007346375999999999,0.013144719869005348,0.0009294720556171228,7.669671376,3.5901451229630585,0.25386159618909904
R:A:LEU:327,68.309465,3.4505429498522404,0.24399023186159524,-11.384499999999997,0.9878671317540634,0.06985275477746028,-72.2444,1.4514035241792684,0.10262972741852139,-0.718425,0.45735129208847763,0.03233962000201919,0.024129756000000002,0.014405094375021082,0.0010185939916209598,-16.013730243999998,3.8984712413834677,0.2756635451042988
R:A:TYR:328,89.82725500000001,3.3951606471527973,0.240074111681945,-15.590045,0.9489942481253508,0.06710402681564646,-90.84486500000001,1.8652654815803031,0.13189418707386236,-2.54519,1.1464663029936817,0.08106740972487034,0.180357948,0.05553776031733811,0.003927112693230293,-18.972487051999998,4.150227782477254,0.29346542084584737
R:A:GLU:329,98.50130000000001,2.6869041572039745,0.18999281499572557,-9.125309999999999,1.3339212997399807,0.09432247966153136,-41.879275,9.229538540976737,0.6526269289547244,-105.594485,8.236061414278975,0.582377487630553,0.279153756,0.058871886686272114,0.004162871029710903,-57.818616244,12.728682382010009,0.9000537627889014
R:A:TYR:330,82.73135999999998,3.8070326384731716,0.2691978594862894,-12.0772,0.9088538056255253,0.06426566890650093,-74.87823999999999,1.422544281349442,0.10058907078803343,-5.222479999999999,0.9942463173680856,0.07030383131807255,0.40814524799999996,0.07636612056189901,0.005399900170222823,-9.038414752000001,4.282231019780422,0.3027994592694121
R:A:ALA:331,101.07965,2.302027477572759,0.16277792398694607,-7.1633249999999995,0.6628661775765905,0.04687171691836133,-79.618615,1.4527036472643,0.10272166000350169,-1.404385,0.6914513119338194,0.04889299115287384,0.006890508,0.005635700989472028,0.0003985042386395407,12.900215508,2.8856899766867965,0.2040490950917284
R:A:ARG:332,-173.60701,4.009872562800469,0.28354080808500914,-11.959609999999998,1.3111837468104919,0.0927146918751284,-46.7399,7.052147804747147,0.4986621534666532,67.04966,5.446500983604061,0.3851257779245632,0.418700448,0.1018476441259556,0.007201715980933744,-164.838159552,9.859300956701444,0.6971578564242606
R:A:ARG:333,-189.84017,4.13183510211867,0.29216486194527225,-10.175889999999999,1.3468612764126824,0.09523747418689767,-49.39355,7.573613785208485,0.5355353665608836,70.814225,6.144489093844581,0.43448099051842876,0.361642968,0.054947674325749,0.003885387312616707,-178.233742032,10.677241584219624,0.7549949928568691
R:A:HIS:334,121.12905500000001,2.9578281849990886,0.20915003671975535,-9.266124999999999,0.785434166162257,0.05553858250689335,-94.17658500000002,3.22588191395392,0.22810429766638554,-4.04364,2.7417417512231164,0.19387041845521458,0.48640608,0.0894123291659489,0.0063224064274926195,14.12911108,5.224663713496964,0.3694395141232993
R:A:PRO:335,74.46525,2.588050961148176,0.18300283846842372,-8.429485,0.8895974706433242,0.06290404040182951,-57.03709999999999,2.245700138041586,0.15879497961207711,0.9605150000000002,1.4613320498007973,0.10333178019793814,0.101545884,0.048851086923745554,0.003454293483211396,10.060725884,3.8302008218556414,0.27083609744404114
R:A:ASP:336,87.41022000000001,9.443267000969527,0.6677398132940704,-5.747655,0.8580750176849341,0.06067506637717836,-54.706585000000004,18.710383710997885,1.3230239200648923,-91.62483499999999,12.457263019129643,0.8808615155850974,0.47105676,0.11025023834325257,0.0077958691159947,-64.19779824,24.396425968636873,1.7250878239138718
R:A:TYR:337,96.16875500000002,3.5405356282595153,0.25035367517748763,-11.159035,0.8550525503002725,0.06046134565881742,-89.947995,1.8983845224229472,0.13423605691048515,-6.4929950000000005,1.172147876752332,0.08288337122049874,0.388345932,0.06827526282647453,0.004827790133189395,-11.042924068,4.271880540255546,0.3020675698433549
R:A:SER:338,73.81715,5.136680936898846,0.3632181923272842,-7.601880000000001,0.7942611444606869,0.05616274412811397,-66.17583,4.934749385845242,0.3489394754187321,-1.3515699999999997,1.4022358058115618,0.09915304471119382,0.023938452,0.02150261192738445,0.0015204642707076282,-1.2881915480000004,7.303069281584263,0.51640498124834
R:A:VAL:339,56.480014999999995,3.0525022071695544,0.21584450102764954,-8.78735,0.8937236583530729,0.06319580593283071,-58.41836,2.0988042954025032,0.14840787496625638,-0.43021499999999996,0.6976266757908559,0.04932965531883433,0.07660184399999999,0.03065705019100931,0.0021677808081239027,-11.079308156000002,3.8741597806719867,0.2739444652313349
R:A:VAL:340,42.131350000000005,3.4501512296564623,0.24396253306091897,-9.32144,0.908002498014185,0.06420547236801548,-45.91294,2.4860230743900993,0.1757883774087468,0.939415,0.8797460444781778,0.06220743937725616,0.11679692400000001,0.038319416126081876,0.0027095918993861635,-12.046818076,4.4366365921413085,0.3137175819963494
R:A:LEU:341,67.491025,2.9500613136636664,0.2086008359807673,-11.615915,0.9374176325283198,0.0662854364764614,-70.89542499999999,1.72271560461238,0.1218143886077297,0.28392,0.6287099041688464,0.044456503663693574,0.0008311679999999999,0.002215557536823632,0.0001566635758396954,-14.735563831999999,3.5978665454433125,0.25440758320871837
R:A:LEU:342,72.74386,3.8199694724434643,0.2701126317890372,-11.312619999999999,0.9018746507137231,0.06377216812999226,-76.644275,2.9971443023943642,0.21193010604176793,-0.39548,0.5192058354833852,0.03671339671019286,0.012674195999999997,0.01669917224851531,0.0011808097937127382,-15.595840804,4.9657096358253545,0.35112869568954896
R:A:LEU:343,79.708785,3.1944178153107967,0.22587944991493805,-10.292840000000002,0.9582942681660994,0.06776163753924487,-78.516605,1.732878760610505,0.12253303226018279,-0.801955,0.7760652182484408,0.05487609784664904,0.150306012,0.030677094259578368,0.002169198137804677,-9.752308988,3.837801478612099,0.2713735450374374
R:A:ARG:344,-190.22074,3.8316886332790654,0.2709413015987041,-13.328045,1.409894816280633,0.09969461853517972,2.5063850000000003,7.996207512113164,0.565417255559003,27.18207,6.052205091130009,0.4279555261069776,0.040611852000000004,0.029086721436155295,0.0020567417969989525,-173.81971814800002,10.827696350314497,0.7656337513936212
R:A:LEU:345,63.253425,3.1601229998807003,0.22345444025992184,-11.887665,0.9815931707051553,0.06940911873720196,-70.59676,2.014801509429651,0.1424679810062598,-1.3976849999999998,0.5783700768322995,0.04089694033635034,0.021668688000000002,0.03037172270396686,0.002147605108029239,-20.607016312,3.917239083444487,0.27699063194325724
R:A:ALA:346,101.5707,2.4598322768026275,0.17393640835086824,-7.19186,0.6690538845265006,0.04730925387278899,-82.67692,1.7113648569489788,0.12101176954329687,-2.76798,0.7058858615952016,0.049913667947767575,0.047828088,0.015801438356967887,0.001117330421471321,8.981768088,3.150508235039887,0.22277457371807652
R:A:LYS:347,141.664365,3.395407513359037,0.2400915677587928,-7.5964599999999995,1.0567995734291342,0.07472701447267915,-151.770625,9.122925027883053,0.645088215147258,5.337725000000001,8.57064338246406,0.6060360054871946,0.775320948,0.13221625798382472,0.009349101260347246,-11.589674052,13.013331153582477,0.9201814704524327
R:A:THR:348,42.854079999999996,3.632436125192018,0.25685202163502624,-7.513055,0.9742684137212907,0.06889118020381854,-60.190805,3.3942945580746233,0.24001286993591617,-3.53827,1.0682304513072074,0.07553529959892924,0.258121656,0.0678100412669397,0.004794894001239268,-28.129928344,5.177908959352861,0.3661334537524987
R:A:TYR:349,80.98590499999999,3.1217398555893476,0.22074034209875412,-14.904415000000002,0.9588120581088871,0.06779825081722242,-80.457185,1.6474571468705943,0.11649281202664391,-2.54036,0.6853012843997887,0.04845811853549413,0.002555892,0.004833183481343947,0.000341757681437711,-16.913499108,3.7213380052862117,0.26313833386251007
R:A:GLU:350,106.888825,2.6892056809353573,0.1901555572994778,-8.245625,1.194472676278114,0.08446197293382982,-85.62037500000001,12.718514108353027,0.8993347572633201,-73.64494,11.026240088824476,0.7796729137798747,0.17068017600000002,0.05894082413508165,0.004167745643463996,-60.451434823999996,17.088026153136436,1.2083059169975847
R:A:THR:351,47.60528,3.7529335767636494,0.2653724781472261,-6.599635000000001,0.8661001568958407,0.06124252941277817,-59.495545,3.265638041482093,0.2309154804032744,-3.23822,1.8546790481374398,0.13114561318625947,0.48911108400000003,0.08100300765167269,0.005727777600700356,-21.239008916000003,5.380095500100218,0.38043020115520937
R:A:THR:352,36.431605,2.9914148590549923,0.2115249732179985,-7.769965,1.0220361509139488,0.07226886929290509,-47.79639,2.535016210579333,0.1792527152918471,-1.02115,1.025229490163056,0.07249467247667238,0.139841424,0.0658853830759162,0.004658800115405373,-20.016058576,4.180294766144256,0.29559147764992366
R:A:LEU:353,61.94549,3.2074737894330485,0.2268026466986221,-12.136174999999998,0.8976043919093755,0.06347021523419467,-68.32690500000001,1.665200371119043,0.11774744744526308,-0.6317699999999999,0.6647518462554278,0.047005053829349025,0.0022103279999999997,0.004319382435258078,0.00030542646105090505,-19.147149672,3.7826429522774974,0.26747324823629204
R:A:GLU:354,108.258525,2.7206968499586646,0.19238231921586504,-6.184335,1.0860877095221178,0.07679799843664546,-43.19371999999999,9.946310502472764,0.7033103604085468,-111.15831,9.24738722363782,0.6538890214092142,0.8235522000000001,0.0722126934149281,0.005106208520144081,-51.4542878,13.8935328700349,0.9824211307039873
R:A:LYS:355,120.07074999999999,3.8599453295998907,0.27293935175694256,-6.68306,0.8536322782088316,0.06036091725611863,-146.51348,7.272138527943483,0.5142178466836794,21.292064999999997,7.808102990533296,0.5521162572809054,1.1787846119999998,0.10081996502623404,0.0071290480949040645,-10.654940388,11.379301461848303,0.8046381228838928
R:A:CYS:356,81.78742,2.40994708937769,0.17040899291997472,-7.585705000000001,0.750065635777963,0.05303764973935968,-76.100565,1.5592654859821016,0.11025671988080815,-0.78144,0.6436802439099711,0.04551506653845515,0.006780276000000001,0.010864568533458841,0.000768241008467473,-2.6735097240000005,3.0358186017282747,0.21466479197343258
R:A:CYS:357,83.096615,2.299815968023311,0.16262154664703873,-6.13737,0.5462194642266056,0.03862354871707156,-71.8644,1.5928548803955744,0.11263184873737977,-4.3075,0.7828288574139305,0.05535435935859071,0.265844808,0.04018215642372539,0.0028413075289914816,1.0531898080000002,2.9562022064753726,0.20903506267573702
R:A:ALA:358,86.736155,2.203234955917094,0.15579223778762213,-2.701445,0.5010983406228762,0.035433003469576216,-72.259185,1.3425404019153395,0.09493194222112496,-3.9068950000000005,0.8574151409760619,0.06062840604761929,0.7341281639999999,0.060268545099561706,0.004261629693214735,8.602758164,2.765239875712127,0.1955319867723491
R:A:ALA:359,91.38262999999999,2.405686042088618,0.1701076913766688,-4.53839,0.49272282055938915,0.03484076476629065,-73.597945,1.587366278454661,0.11224374597221441,-6.447760000000001,0.8461491372092748,0.05983177928158246,0.326234556,0.04753606629801486,0.003361307483025961,7.124769556,3.0443490031489637,0.21526798244251383
R:A:ALA:360,88.35931500000001,2.1032221294421087,0.14872026300701258,-2.09822,0.20674542703527932,0.014619109343595458,-71.30311,1.0169101326567653,0.07190640506589104,-7.480785000000001,0.5748691318682888,0.04064938614388906,0.902334204,0.024094641172376568,0.0017037484163244057,8.379534203999999,2.4148391842487613,0.17075491626572897
R:A:ASP:361,117.17438999999999,3.2763314130136467,0.23167161595564525,-5.192380000000001,0.9045077200333892,0.06395835424711926,-26.382065,6.429025259771111,0.45460073576037574,-136.2715,5.616582839235972,0.3971523812719748,0.5458835519999999,0.07749435238544351,0.005479678207540701,-50.125671448000006,9.188952916351605,0.6497570919156122
R:A:PRO:362,83.42964,2.4402837335850927,0.17255411760372452,-8.095445,0.765764576730342,0.05414773249984711,-60.60133,1.5056282081244359,0.10646399159105391,-1.5161100000000003,0.7867964844227509,0.055634912954906295,0.26967852000000003,0.046939724213096945,0.0033191397298107227,13.48643352,3.070756980629402,0.21713530843789777
R:A:HIS:363,106.78518,2.5187105744011165,0.17809973270052937,-8.53005,0.8364299955764379,0.05914453218599332,-90.22833999999999,3.833973929801819,0.27110289646553026,-5.21154,2.621879686103083,0.18539489054987465,0.630387972,0.08239266522572027,0.005826041230113984,3.4456379720000005,5.350132318848105,0.3783114842902803
R:A:GLU:364,91.843195,2.8394142137023617,0.20077690451064087,-5.44244,0.785036009619941,0.055510428587788804,-4.78121,7.130857204845712,0.5042277485219352,-140.024545,6.839152412980354,0.48360110487867475,1.017686988,0.0936462390561749,0.0066217890669237785,-57.38731301200001,10.310696117883571,0.7290763143709283
R:A:CYS:365,82.848485,2.500053229388326,0.17678045918278124,-5.970470000000001,0.7418016238186596,0.05245329584973665,-73.49733,2.022409115658847,0.14300592000158593,0.5722750000000001,1.7926564365139797,0.12675995225967465,0.288227196,0.08427667499098421,0.005959260838197965,4.241187195999999,3.7565135547868764,0.26562562082089836
R:A:TYR:366,83.73311,3.1165808184451116,0.22037554308384585,-14.250945000000002,1.074676761624164,0.07599112257280452,-76.45243,1.5646484285934648,0.11063735140313145,-4.70374,0.8713975971965955,0.06161711500873763,0.055935792000000005,0.02683340149616399,0.0018974080160238807,-11.618069208000001,3.75182417615896,0.26529403167816323
R:A:ALA:367,98.03948,2.083052879693648,0.1472940816801544,-4.7943549999999995,0.6185191742985823,0.043735910244043164,-77.42217500000001,2.205951709438581,0.1559843412714077,-3.5259899999999997,1.4170152821688269,0.10019811150665466,0.33535998,0.07599030962265386,0.0053733263238643905,12.63231998,3.4061128944893393,0.2408485525180351
R:A:LYS:368,139.95506,3.0518454640430273,0.21579806227582304,-5.398985,1.166970095921485,0.08251724682679978,-181.88891499999997,11.760468881289343,0.8315907295893065,39.05782,10.87456235935957,0.7689476786739133,1.039024188,0.16206558616646985,0.011459767497528356,-7.235995812000001,16.348289819145286,1.1559986591920628
R:A:VAL:369,49.442550000000004,3.3299739154383774,0.23546471367807956,-8.92441,1.0029863966674721,0.070921848252143,-56.66128,2.6600914742918147,0.18809687200482628,-0.21547,0.6853793322679055,0.04846363735317439,0.020177568,0.021164059269596084,0.00149652498269654,-16.338432432,4.431815360267705,0.3133766694211996
R:A:PHE:370,89.00055,3.261567616576422,0.2306276578979633,-11.821159999999999,0.9759636030098663,0.0690110481879532,-69.171625,1.8448658391262496,0.13045171452255813,-0.791335,1.221246118837231,0.08635514121275582,0.299559816,0.0942020640425662,0.006661091828626799,7.515989816,4.061302050810784,0.2871774220575138
R:A:ASP:371,86.3989,7.1860265814982895,0.5081288125564225,-6.1308300000000004,0.8104840844211563,0.05730987921379698,-41.23429,14.435250355497821,1.020726341449803,-104.839905,10.83338561558551,0.7660360431989314,0.6061234679999999,0.09606275483780889,0.006792662536527549,-65.200001532,19.44334814932454,1.374852332535829
R:A:GLU:372,98.92479500000002,2.9599652959071996,0.20930115328128265,-7.263965,0.8537037623057543,0.060365971945086735,-39.263780000000004,11.95499851156829,0.8453460516605019,-107.77161499999998,11.684696713940632,0.8262328282535589,0.66927978,0.10571825472314798,0.00747540948099447,-54.70528522000001,16.99869135329266,1.201988992721037
R:A:PHE:373,108.43988000000002,2.8425943477042237,0.20100177394242072,-13.444385,0.9156882530506767,0.06474893731849968,-81.00333,1.5996997971807083,0.11311585744492235,-0.23989999999999997,0.7577315355718013,0.05357971071217163,0.07638048,0.027945697449847266,0.001976059217177461,13.82864548,3.4717150063737887,0.2454873223354004
R:A:LYS:374,140.70797000000002,3.2765530774122986,0.2316872899955887,-6.107305,0.8443074096411803,0.05970154947633268,-165.5564,10.729724689851086,0.7587061088458428,33.96968,9.635091943391096,0.6813038850527714,1.055089008,0.08817698342239622,0.006235054292255015,4.069034007999999,14.812778906372717,1.04742164129132
R:A:PRO:375,84.190985,2.692294899295952,0.19037399802461205,-5.875285000000002,0.6858384093757071,0.04849609900677579,-61.681400000000004,1.400988351129302,0.09906483634468893,-1.3291500000000003,0.8447634565367987,0.05973379686157577,0.6293119319999999,0.051891918459368754,0.0036693127431399026,15.934461932,3.2245794419197353,0.22801219898561778
R:A:LEU:376,77.33219,3.5895098918793913,0.25381667856841084,-9.510565,0.9051477093684765,0.064003608326992,-79.70424000000001,2.527999335917635,0.17875654732624485,0.12158,0.5587495088141018,0.039509556666710396,0.30677148,0.05125355390859057,0.0036241735528674667,-11.45426352,4.517685493974017,0.3194486048057125
R:A:VAL:377,51.841525000000004,2.7339785129687835,0.19332147461385402,-7.877735,0.8207640981274704,0.05803678595403952,-62.555635,2.1116052263088854,0.1493130374711967,0.7602000000000001,1.039112544433951,0.07347635265852545,0.27979704,0.0567967627729891,0.0040161376106224245,-17.55184796,3.7000202159159206,0.26163093852014613
R:A:GLU:378,90.07567499999999,3.1300455682585517,0.22132764467385224,-7.095345,0.8205023253928047,0.05801827582645833,-44.04997,9.308440746392492,0.6582061574047299,-99.6939,8.996363351377044,0.6361389531776842,0.7218963719999999,0.08661984562638296,0.00612494802277473,-60.041643628,13.34389504612901,0.9435558674559401
R:A:GLU:379,106.92672,2.6672522999521435,0.1886032188431576,-6.4691149999999995,1.3398380990907073,0.09474086055591326,-88.50469000000001,7.8324143668411725,0.5538353311856332,-57.227450000000005,6.922713336366024,0.48950975443549644,0.48839587199999995,0.046818065501628925,0.003310537159823777,-44.786139127999995,10.871166802419706,0.768707576540105
R:A:PRO:380,80.37709500000001,2.5378363020445196,0.17945212587170709,-10.182870000000001,0.7350919079271653,0.05197884728906558,-58.876615,1.239938073766186,0.08767686202114557,1.0256649999999998,0.4892104176885443,0.034592400377467296,0.00278388,0.003581735562098352,0.00025326695043767554,12.346058879999998,2.9593511615647503,0.2092577274254721
R:A:GLN:381,23.749495000000003,3.018207738041734,0.21341951585990207,-9.30249,0.9970158373365993,0.07049966595310932,-69.882755,3.4198553807105645,0.24182029303777422,-4.19984,3.2772323955435323,0.23173532504130653,0.48728278799999997,0.13985733398189976,0.009889406925727309,-59.148307212,5.706035541697801,0.403477642522597
R:A:ASN:382,24.20826,7.155548904339904,0.5059737153370716,-7.14991,0.8177515221019158,0.057823764660388556,-87.36040499999999,6.784847618110151,0.47976117600830825,-5.1169150000000005,3.0182104230445894,0.21341970571827473,0.5282949239999999,0.10792749799407667,0.007631626570810911,-74.89067507600001,10.345336987158673,0.7315257937279904
R:A:LEU:383,84.22489000000002,3.1578426667425976,0.22329319635739017,-9.210845,1.0677549021076889,0.0755016731925525,-88.90504000000001,1.623599999507268,0.11480585695860644,1.1857600000000001,0.6436187166327593,0.0455107159029607,0.23335092,0.0683804272121314,0.004835226378213124,-12.47188408,3.763916674489583,0.2661491004352703
R:A:ILE:384,97.47289500000001,3.519917358969525,0.2488957433743594,-10.61473,1.0849672147581235,0.07671876749205503,-77.548595,1.7332753823253244,0.12256107765059426,0.28235,0.768844241377927,0.05436549767545589,0.024029568,0.01718150862234676,0.001214916125787653,9.615949568000001,4.142780744112406,0.2929388357130933
R:A:LYS:385,124.661785,3.22032433751245,0.22771131766751296,-7.737909999999999,0.9124195536593898,0.06451780536797574,-145.18222000000003,10.65389122018805,0.7533438727818792,14.974865,9.700335098684736,0.6859172728061854,0.9010997999999999,0.1440460720299002,0.01018559543356283,-12.382380200000002,14.792756562247527,1.0460058477607026
R:A:GLN:386,25.1527,3.1224520861015628,0.22079070440124965,-7.896279999999999,0.8224941711647566,0.058159120591700836,-72.12497,3.0329293330211313,0.21446048982388347,-8.5264,2.377444602929793,0.16811072006270153,0.729351576,0.11587297647053096,0.00819345674185817,-62.665598424,5.028969419013815,0.35560183785644406
R:A:ASN:387,17.805545,3.107448055555394,0.21972975922681703,-9.33949,0.9429885947878691,0.06667936299560756,-80.58746,2.313639437855432,0.16359901357282078,-3.663055,1.1290290129022373,0.0798344071179526,0.139960368,0.047273012950178835,0.003342706802419093,-75.644499632,4.144312923272491,0.2930471771405022
R:A:CYS:388,92.66150499999999,2.2990755968377807,0.16256919449845036,-7.744265,0.6815442280402644,0.04819245453258217,-84.26541499999999,1.9860020727015875,0.1404315533057831,-2.147805,1.2786972264672354,0.09041754799194125,0.068195124,0.04146589936877559,0.0029320818631660196,-1.4277848759999996,3.3661909312025755,0.2380256434222
R:A:GLU:389,99.59221,2.984311414028368,0.21102268380318734,-6.801419999999999,1.0540152150704467,0.07453013060501101,-56.91957,8.854024630929146,0.6260740857322717,-89.573545,8.703034841247907,0.6153974953149183,0.737574984,0.12770313404747333,0.009029975206374307,-52.964750015999996,12.812881736479913,0.9060075562406212
R:A:LEU:390,68.36972,3.5692990056312177,0.2523875530964235,-8.772295,1.0258825312749018,0.07254084945653035,-71.39007500000001,2.2311339671510093,0.15776499579081224,-1.8206349999999998,0.7980971255273384,0.05643398895058722,0.44737736400000006,0.09225628356948433,0.006523504371905143,-13.165907636000002,4.406331737691007,0.31157470518788144
R:A:PHE:391,99.43574499999998,2.988188770806657,0.2112968543302881,-13.385790000000002,0.8360206492067048,0.059115587026604084,-80.837445,1.820719222443428,0.1287442908826446,-2.651715,1.1519347740974746,0.0814540890248918,0.31278816,0.09041312852775309,0.00639317362902651,2.873583160000001,3.77867032174483,0.2671923408374122
R:A:GLU:392,96.221805,3.01405520469931,0.21312588741134894,-5.79294,0.7804285402264579,0.055184631302564666,-54.85528,13.234251443190885,0.9358028939408127,-91.93751,13.48489353201945,0.9535259660069567,0.9820770479999998,0.15785746962582448,0.011162208723336994,-55.38184795200001,19.14957653045079,1.3540795421532512
R:A:GLN:393,27.80741,3.0325013374935224,0.21443022596989447,-5.6194299999999995,0.8489995436394533,0.06003333345317416,-67.89887499999999,3.934592628135091,0.27821771285609226,-10.939825,3.0093212381490613,0.21279114542638985,1.0366883279999999,0.08790564040090042,0.006215867443202282,-55.614031672,5.870402494920112,0.41510014124524386
R:A:LEU:394,66.999495,2.8401514149733287,0.20082903251242087,-7.58669,0.994595170860989,0.07032849898511982,-72.897655,1.7021635221020923,0.12036113691667671,-0.12963999999999998,1.2801708989037361,0.090521752369251,0.45805971599999995,0.0802415757505057,0.00567393623462766,-13.156430284,3.6875895257917364,0.2607519559919822
R:A:GLY:395,82.23973,1.9865880542024812,0.1404729884550763,-3.78442,0.545122539985277,0.03854598446012243,-83.662945,1.5958899028363454,0.11284645723227202,-1.017645,0.9053410567156445,0.06401728004902268,0.226172592,0.0266514870211164,0.0018845447201336664,-5.9991074079999995,2.7587874135950448,0.19507572880051527
R:A:GLU:396,92.76164499999999,2.7866192131281595,0.19704373421876425,-5.943709999999999,1.431252443107085,0.10120483081108331,-113.59262000000001,15.60972995332078,1.1037745902483893,-30.232165,13.742341805812247,0.9717303080273224,0.35698892399999993,0.08942862790139981,0.006323558922128829,-56.649861076,21.031817686489635,1.4871740906795987
R:A:TYR:397,96.54543,3.0146508943988852,0.21316800903395422,-12.37757,1.0424278176929087,0.07371077787881498,-82.88411500000001,1.8308926270469823,0.12946365922093736,-7.6547350000000005,0.9134728319851663,0.06459228339263909,0.46881572399999993,0.09559381201029606,0.006759503271195237,-5.902174276,3.790846128985541,0.26805330042404496
R:A:LYS:398,125.911,3.3945133774961027,0.2400283428055945,-8.071295,0.6541386916969519,0.04625459047354111,-103.33517,7.11210456623776,0.5029017367294529,-26.667465000000004,6.955724176444534,0.4918439733227143,0.988546608,0.05722791642285027,0.004046624777577441,-11.174383392,10.531762611845563,0.7447080760682943
R:A:PHE:399,97.41348999999998,3.311599430773595,0.234165441407352,-15.192314999999999,1.1305866113549194,0.07994454596077832,-80.144765,1.497291290889986,0.10587448251998686,-1.03955,0.5876958630958704,0.04155637300703708,0.011873879999999998,0.020358057316630186,0.0014395320380373613,1.0487338800000001,3.8513113303714754,0.2723288358166254
R:A:GLN:400,29.499835000000004,2.8007350067035977,0.19804187155466646,-12.399014999999999,1.0351051322329534,0.07319298582429193,-77.33875,2.261736924909703,0.159928951686366,-1.352975,1.4136655808128737,0.09996125185228023,0.031531032,0.02588153774715436,0.0018301010848548447,-61.55937396800001,4.00376489799553,0.28310893096493045
R:A:ASN:401,11.466444999999998,2.956050014288493,0.2090243010629984,-9.57141,0.7680459959533674,0.054309053200180174,-73.82790000000001,2.2520862616693877,0.15924654674434854,-6.516199999999999,1.016334600414647,0.0718657087907717,0.2020464,0.03858387392432232,0.0027282918896335117,-78.24701859999999,3.928669444506881,0.2777988805251202
R:A:ALA:402,93.13868000000001,2.2460124638122565,0.15881706437911516,-5.9743200000000005,0.5511793243582347,0.03897426379035274,-80.70381,1.6538965215212231,0.11694814457484996,0.62738,0.7726074459905238,0.05463159642551186,0.24996063599999999,0.05364214540970098,0.003793072477659439,7.337890636,2.9467853814732003,0.20836919259410872
R:A:LEU:403,74.832915,3.6395308719359694,0.2573536959883712,-10.736735,1.0638369070374463,0.0752246291042701,-77.102735,2.2586569537614603,0.1597111648378879,1.53994,0.5897900443378135,0.04170445398275824,0.154594224,0.04933041348180475,0.0034881869891720428,-11.312020775999999,4.453060852202593,0.31487895256287995
R:A:LEU:404,81.021255,4.767713615557775,0.3371282628316335,-11.136045,1.2054058499007712,0.08523506505467689,-86.867585,4.722529028261764,0.333933230023421,-0.707265,0.7403848896182309,0.052353117613710455,0.000548748,0.0014950234161697938,0.0001057141195606339,-17.689091251999997,6.858173869594952,0.4849461249746976
R:A:VAL:405,68.42345499999999,3.077056765478173,0.21758077049655603,-8.580409999999999,0.9015280815925814,0.06374766199242134,-66.188055,2.642696176630034,0.18686683871108592,-0.765985,0.8318643487823,0.05882169220512956,0.229175496,0.051393256190830953,0.003634051995979408,-6.881819504,4.237866664184574,0.2996624256009326
R:A:ARG:406,-196.44715499999998,4.265699417560384,0.3016304984660454,-8.70604,1.3331827325614445,0.09427025507550088,28.987495,9.898232593750008,0.6999107388802339,1.09842,7.855306688067627,0.5554540627432659,0.84403674,0.14963539099739606,0.010580819967975922,-174.22324326,13.404357877689963,0.9478312352765891
R:A:TYR:407,95.81720999999999,3.4094156238129725,0.2410820907481516,-14.306220000000003,0.9596096714810664,0.06785465059964571,-94.51675500000002,2.168535428572704,0.1533386106787035,-5.42205,0.7939735118377691,0.05614240543029841,0.074671452,0.041982499203478775,0.002968610987793867,-18.353143548000002,4.228435643380939,0.2989955517245564
R:A:THR:408,55.153285,2.9638829605392654,0.20957817400405748,-9.89671,0.8911409293147745,0.06301317941113589,-58.042530000000006,2.017492629255433,0.14265827191403938,-2.42753,0.8153283750121787,0.057652422286492,0.00035240399999999996,0.0010280085260269004,7.269117998712087e-05,-15.213132596000001,3.783354633744573,0.26752357171543345
R:A:LYS:409,132.86273,3.6811017273501143,0.26029319936467793,-10.439459999999999,1.0473358765935596,0.07405783005192632,-102.11879499999999,8.20247620861987,0.5800026549636432,-24.323464999999995,8.201885788571737,0.5799609059616648,0.379409724,0.07109549138582998,0.005027210407071015,-3.639580276,12.214909879984601,0.8637245607719669
R:A:LYS:410,137.080135,3.373494509670203,0.23854208440833874,-12.04243,1.2073330796014827,0.08537134077370462,-141.27606000000003,7.067943986506969,0.49977911219057575,5.861725,6.818707139874465,0.4821554057530362,0.105519456,0.06455798893178802,0.0045649391753433384,-10.271110544,10.454323763954555,0.7392323226211938
R:A:VAL:411,64.69302499999999,2.9357554350413793,0.2075892576023022,-8.05498,1.0120925449779778,0.0715657501742279,-61.999255000000005,1.491119522363985,0.10543807258232196,-0.569345,0.5136994510168373,0.036324036530581236,0.005051736,0.007758981553831919,0.0005486428471815886,-5.9255032640000005,3.4828689397850945,0.24627602453060415
R:A:PRO:412,77.244285,2.650431418425122,0.18741380290382834,-9.7348,0.6824761534295539,0.04825835160881482,-54.451335,1.933111001152029,0.13669158977009155,-2.265035,1.28335543158355,0.09074693283453165,0.020984292,0.015314024085273471,0.0010828650277950986,10.814099292000002,3.5881352022546036,0.25371947333283945
R:A:GLN:413,36.691155,2.888887467689768,0.20427519184882678,-7.120075000000001,1.3117228134689891,0.09275280964410189,-81.888845,2.0637857328160303,0.14593168865902634,-6.571534999999999,1.0042440533928991,0.07101077801203842,0.44963758800000003,0.06197882199840729,0.0043825645325027765,-58.439662412,3.9163562892663775,0.27692820896828396
R:A:VAL:414,59.59179,3.4677912070798036,0.2452098678265212,-8.08585,0.8292269457151039,0.05863519964577591,-63.256005,3.1298713144432946,0.22131532306841065,-1.4599250000000001,1.5986855348613749,0.11304413826853209,0.013386635999999999,0.012407472464555543,0.0008773407917072589,-13.196603363999998,5.0065194509881765,0.354014385393609
R:A:SER:415,79.00478,5.529659680450507,0.3910059857700391,-4.935675,0.6861281508399141,0.048516586822188956,-72.21986499999998,5.251327546132978,0.37132493181023407,-5.1223399999999994,1.1874756016019865,0.08396720503863397,0.47897218799999997,0.06155824610039386,0.004352825325553884,-2.7941278119999997,7.748434470253521,0.5478970557495858
R:A:THR:416,47.02359500000001,3.0394063566714804,0.21491848455839022,-6.685780000000001,1.075773610756464,0.07606868151874331,-52.585159999999995,3.4694586846365527,0.24532777629530658,1.17079,1.2562697424916354,0.08883168539153131,0.08828373599999999,0.036600395940250476,0.0025880388163463694,-10.988271264,4.9002016980791705,0.34649658498936164
R:A:PRO:417,87.16649000000001,2.7245054945622704,0.19265163105849897,-5.711355000000001,0.6580408946068625,0.04653051788745747,-62.4176,1.7926176893024348,0.1267572124180711,-4.241865000000001,1.0520702812906562,0.07439260301854615,0.718302348,0.07145867082729497,0.005052891071655759,15.513972348,3.4901840076543826,0.24679327794012548
R:A:THR:418,38.82509,3.7950828899906783,0.2683528846677449,-8.46365,0.7920130412436401,0.05600377922515587,-45.79723,3.1990589971271244,0.22620763102844257,-2.684755,1.1850454062925184,0.0837953642803407,0.11541027599999999,0.05384529529532384,0.003807437343831559,-18.005134724,5.164411795867991,0.3651790601698053
R:A:LEU:419,76.277975,3.0562500853783217,0.2161095160372976,-12.015094999999999,1.1723048135937173,0.0828944683309749,-81.544925,1.5529631255683438,0.10981107570220318,0.519375,0.5440488345498039,0.038470062020680436,0.000543528,0.0016051316071948743,0.00011349994441443573,-16.762126472,3.6636934015481533,0.2590622448423108
R:A:VAL:420,50.39328,3.1356872183940796,0.22172656958064363,-10.203304999999999,0.9900633424054242,0.0700080503219094,-59.76173000000001,1.9321393705165266,0.13662288510897433,1.5152249999999998,0.9220101053540574,0.0651959597818377,0.025364196,0.021670928246293096,0.0015323660317560943,-18.031165804,3.923836714770513,0.2774571549282975
R:A:GLU:421,98.95681499999999,3.1157091248662803,0.22031390503977502,-7.900219999999999,1.311765273057646,0.09275581199040846,-101.28133999999999,10.724495923557432,0.7583363792354946,-48.71282,9.71796480790088,0.6871638814998937,0.366100452,0.0812627886715617,0.005746146892779063,-58.571464548,14.86232242770953,1.050924897281432
R:A:VAL:422,54.307995,3.2536821825394995,0.23007007350995262,-10.18818,0.8513557233025452,0.060199940514920766,-59.91625,2.1370885633262837,0.15111498151242317,0.81832,0.5494326233488507,0.03885075337750865,0.001637136,0.0037099417132758295,0.0002623324943264177,-14.976477863999998,4.022473345013303,0.28443181794010414
R:A:SER:423,85.93602999999999,2.667141090962381,0.1885953551800786,-9.112905,0.9442361229983737,0.0667675765613445,-76.035365,1.9318933049666591,0.13660548564708155,0.9007399999999999,0.5913468630169607,0.04181453768726853,0.00029606399999999996,0.0009143332586666636,6.465312474675915e-05,1.688796064,3.4766545910192614,0.24583660371530627
R:A:ARG:424,-198.92277,3.877088497455274,0.27415155678109865,-13.361225,1.2197961732908498,0.08625261457993609,34.126165,11.530137810875246,0.81530386340853,5.887955000000001,10.829060466770652,0.7657302089932687,0.24049205999999998,0.09924045310574311,0.007017359735909653,-172.02938294,16.332244031968102,1.1548640506998165
R:A:ASN:425,13.79186,3.1859163454805275,0.22527830521823444,-9.636385,0.7297748740365073,0.051602876217077286,-78.967865,3.2088241190154068,0.22689812941907433,-3.13654,2.2446851579675933,0.15872320968276818,0.18374853600000002,0.07714808862180259,0.005455193662005734,-77.765181464,5.101347845415758,0.3607197654684866
R:A:LEU:426,72.17942,3.0713963572941876,0.21718051919543802,-10.589209999999998,0.9347652999015315,0.06609788823782496,-74.18721000000001,1.5092372695835468,0.10671919077419954,-1.8524699999999998,0.6711305827482458,0.047456098612296396,0.08670816,0.04310439849303549,0.0030479412473392595,-14.362761839999997,3.6107247380089014,0.25531679472441143
R:A:GLY:427,88.038905,1.9478718710364398,0.13773534088923947,-6.03435,0.5777774982638213,0.04085503870393467,-80.052955,1.885089876630555,0.13329598349115776,-0.654135,0.7281253372703081,0.05148623635375769,0.0001341,0.0005495965381987044,3.886234390769553e-05,1.2975990999999987,2.8656172660146644,0.20262974010842238
R:A:LYS:428,136.58931,3.712101084817061,0.2624851849524083,-9.31437,1.1912745750245826,0.08423583302550049,-148.09286999999998,17.267266807259915,1.2209801451970872,10.663685000000001,15.974872334255913,1.1295940556141728,0.30931596,0.1421025499756623,0.010048167671169107,-9.84492904,23.844791292871165,1.6860813619167143
R:A:VAL:429,50.621335,3.0544801624458136,0.2159843635865222,-9.809069999999998,0.8806449881195031,0.06227100429172472,-59.59429,2.2129966326002393,0.15648249256546237,0.10829000000000001,0.49679515486767784,0.035128722286755606,0.007684308000000001,0.010727830713556957,0.0007585721844977443,-18.666050692,3.9050812111948225,0.27613094055200355
R:A:GLY:430,78.125495,2.126475523013373,0.15036452623499663,-5.3543650000000005,0.5946905849052935,0.04205097452943273,-75.54749,1.8078228148521638,0.12783237715657172,-1.484745,0.8209964859699462,0.05805321825596752,0.005119884,0.006925918346569211,0.000489736382880341,-4.255985116000001,2.9694884357360176,0.20997454095639714
R:A:SER:431,85.476365,4.827209481861648,0.34133525588323715,-5.34462,0.937978147719871,0.06632507088575179,-75.14811,5.454522513281983,0.38569298572763805,-4.5793099999999995,1.9449594144608777,0.13752939910979034,0.294331608,0.07263871460267958,0.005136332767222902,0.6986566080000002,7.597480749698161,0.5372230158045824
R:A:LYS:432,117.74051,3.6359143636642486,0.2570979702360561,-10.380369999999997,1.339678899251608,0.09472960342733416,-138.44851500000001,10.804030097596684,0.7639602946154171,23.599765,10.967714597388783,0.7755345365932294,0.093455352,0.06596751224677262,0.004664607524769954,-7.395154648,15.875666737659305,1.1225791606056608
R:A:CYS:433,80.54299,2.224084640902859,0.15726653315152592,-8.47413,0.8118444944076422,0.05740607472646079,-75.62317499999999,1.5033565293618807,0.10630335964528588,-0.6517400000000001,0.592978399606596,0.04192990474589704,0.000342648,0.001358598827357068,9.606744437362743e-05,-4.205712352000001,2.8665920629845068,0.20269866866318795
R:A:CYS:434,98.676115,2.247095323250662,0.158893634104312,-7.0789800000000005,0.7570080380022395,0.05352855170841072,-79.91993000000001,2.298800836327497,0.162549765996448,-3.6535900000000003,1.3073586240584485,0.09244421485144431,0.08540067600000001,0.050140771223241315,0.0035454879345877236,8.109015675999999,3.5522787778148635,0.2511840412457951
R:A:LYS:435,130.74923,3.24296889548759,0.2293125297176323,-4.762075,1.0411812663388638,0.07362263338726074,-121.73885000000001,9.536647108260848,0.6743427840034324,-12.566080000000001,8.784174532282472,0.6211349378903106,1.3803992999999999,0.20073407972775023,0.014194042899073327,-6.9373757000000005,13.407108567410768,0.9480257384120412
R:A:HIS:436,121.532945,3.3707285298544885,0.23834650009990707,-8.977960000000001,1.102844244850559,0.07798286441263876,-92.120345,3.365088320679712,0.23794767708442757,-6.039575,1.643351314958247,0.11620248586788062,0.35397061199999996,0.1103171845769092,0.007800602929574051,14.749035612000002,5.1589406937798765,0.36479219483109826
R:A:PRO:437,81.11211,2.472744296909812,0.17484942604852896,-4.68984,0.7013644875526562,0.04959395852319111,-62.6709,1.539300120184495,0.1088449553263724,-0.904605,1.0732570050901136,0.07589073062551842,0.6628865759999999,0.06073586295396341,0.004294674055596434,13.509651576000001,3.182984575256965,0.22507099775763825
R:A:GLU:438,85.916335,2.7813042413182707,0.1966679089579055,-5.103645,0.8343830588974107,0.05899979190535336,-50.17032999999999,11.884777159926053,0.8403806522674708,-85.911365,11.727365019976782,0.8292499331075494,0.924767208,0.15344846132532686,0.01085044475657803,-54.344237792,16.94799142243434,1.1984039662294763
R:A:ALA:439,96.83736,2.305484289775144,0.16302235752190558,-3.3310400000000002,0.4490709836985685,0.031754113780737135,-73.95146,1.650546093994348,0.1167112335724372,-5.000505,1.0859415131465415,0.07678766079178999,0.635807916,0.07068762193988523,0.0049983696819643824,15.190162916000002,3.0700961999700453,0.21708858418938698
R:A:LYS:440,143.031605,2.991049655050047,0.21149914939515718,-7.52027,0.9371100240099879,0.06626368526953508,-151.929785,14.377998279620671,1.016678008340829,13.10026,13.482184315325169,0.9533343954573337,0.8074736640000001,0.14800852884725496,0.010465783442133872,-2.5107163359999993,19.958521693799405,1.4112806032144376
R:A:ARG:441,-186.78653000000003,4.001635031971306,0.28295832669405574,-13.71377,1.0416976994790763,0.07365915072480811,3.2630899999999996,8.13308385496547,0.575095874580491,21.08486,7.377634488126936,0.52167753756703,0.432658548,0.10751861681830777,0.0076027143056023394,-175.71969145199998,11.73398146033402,0.8297177860919412
R:A:MET:442,98.60112000000001,2.8397660829019005,0.20080178542034932,-10.841965,1.0365888065067073,0.07329789743829626,-75.169805,1.5598934921894505,0.11030112662559252,-0.929875,0.9061835296312774,0.0640768518801837,0.078597648,0.04960787605555489,0.003507806555914462,11.738072648,3.520750629779358,0.2489546645183792
R:A:PRO:443,78.86257499999999,2.648352998445449,0.1872668364176503,-8.734874999999999,0.766066086819538,0.05416905248271378,-54.075715,1.5071669196791047,0.10657279492851354,-4.104855,1.0289731842837304,0.07275939162661407,0.12371144399999999,0.06459712140713132,0.0045677062592113255,12.070841443999997,3.306832559957351,0.23382837273943133
R:A:CYS:444,75.17022999999999,2.647396720761737,0.1871992173741653,-8.14554,0.8962971652303716,0.06337778034926751,-65.758405,2.009898918098868,0.14212131544872147,-0.8221250000000001,1.3085083910220063,0.09252551565311591,0.051791039999999997,0.028357005315061037,0.002005143075242263,0.4959510400000008,3.6830354323031482,0.26042993295318834
R:A:ALA:445,94.24762999999999,2.184839724808207,0.15449149852176336,-7.099465,0.9035839522562361,0.06389303400117262,-83.28735499999999,1.282343416942201,0.09067537259297585,-0.13896,0.6593101003321578,0.04662026428496518,0.000998316,0.0025411471140695495,0.00017968623563512036,3.7228483159999994,2.769312096293709,0.19581993625112146
R:A:GLU:446,102.726975,3.110308585072388,0.21993202920874214,-9.025484999999998,1.4170271379811328,0.10019894983918246,-122.30667000000001,5.791798524733056,0.40954200121049855,-37.262465,4.672827793614377,0.33041882201816986,0.007138835999999999,0.006633850610219076,0.00046908407518644245,-65.860506164,8.189156192917492,0.579060787620777
R:A:ASP:447,90.363565,11.25415325227869,0.79578880811989,-8.080955,0.9170188454851951,0.06484302441184403,-78.96726500000001,6.698630500690047,0.473664705170097,-66.46748500000001,10.524558337040798,0.7441986569114961,0.313009272,0.12049148874511434,0.008520034876693292,-62.839130728,16.827043292336295,1.1898516419330603
R:A:TYR:448,87.57929,3.157016440549526,0.22323477334299865,-15.88808,0.9558317757848398,0.06758751303310398,-82.40783499999999,1.5311944970430769,0.10827180121746846,-2.92065,0.894647549317607,0.06326113488944062,0.023261832,0.032488550389387576,0.00229728742912568,-13.614013168000001,3.7451800384869887,0.26482422019786445
R:A:LEU:449,73.19862,3.2450318913070793,0.22945840555098432,-10.706579999999999,0.8942575208517958,0.06323355571213751,-79.86582,1.380973641167709,0.0976495826309565,0.7089699999999999,0.5443960039346357,0.03849461060330393,0.04540903200000001,0.023551073106977013,0.0016653123498163577,-16.619400968,3.6788501395061592,0.26013398806138815
R:A:SER:450,83.74672000000001,5.466020758431128,0.3865060344393086,-7.5818900000000005,0.762083898202816,0.053887469225228975,-78.26045500000001,6.491584281049967,0.459024326577443,-0.6789950000000001,2.2904263020178144,0.16195759699648238,0.089637048,0.03682482861317478,0.002603908602840829,-2.6849829520000004,8.823051059041449,0.6238839234603358
R:A:VAL:451,59.105625,2.803920160128494,0.19826709591325284,-9.907224999999999,0.7604059405179578,0.05376881969947825,-61.23948,1.4784988737229392,0.10454565795861633,0.0025750000000000052,0.5434037857569637,0.03842445018311909,0.056158848,0.03182398757462201,0.002250295741841165,-11.982346152,3.304912225598458,0.23369258459469947
R:A:VAL:452,45.215990000000005,2.9173233862395165,0.20628591493240636,-10.138995000000001,0.8304924894151662,0.0587246870989961,-46.043565,1.6227397560222034,0.11474502855843037,-0.544105,0.5941933893733589,0.04201581749621207,0.037174571999999996,0.017859270165222766,0.001262841104087161,-11.473500428,3.491011682615204,0.246851803397867
R:A:LEU:453,56.278575000000004,3.0100804714118525,0.21284483132525206,-10.915645,0.809482686025464,0.05723906965417065,-61.43387,1.5141038349796228,0.10706330891346486,-0.6549550000000001,0.45022962249834253,0.03183604191596374,0.012058991999999998,0.011009107067947698,0.0007784614262554566,-16.713836008,3.494450600575638,0.24709497161884372
R:A:ASN:454,33.55924,3.057520108257671,0.2161993202163226,-10.0511,0.8248720021918552,0.05832725863607855,-96.05955999999998,2.14571006345219,0.15172461363272607,-2.232705,1.4683853812861936,0.10383052605026616,0.043602516,0.01338112826319754,0.0009461886534833948,-74.740522484,4.097468656544989,0.28973478727422947
R:A:GLN:455,31.947775,2.6739083388132436,0.1890738718646101,-10.133445,1.103585917350797,0.07803530857807252,-74.84857,3.124926951962238,0.2209657038445107,-4.497885,1.8836640708403927,0.13319516379686988,0.07954401600000001,0.03899279994493014,0.002757207325851054,-57.452580983999994,4.6564543277769355,0.32926104314565174
R:A:LEU:456,68.146325,4.797822788450508,0.3392573028644704,-10.799565,0.8844562543026083,0.06254050150802279,-70.33093,3.828578277259066,0.27072136621533954,-2.733005,0.5838127995984672,0.04128179895395791,0.00234468,0.004839554045405423,0.0003422081483424963,-15.71483032,6.228983769966683,0.44045566636443867
R:A:CYS:457,98.76818500000002,2.3012214845109975,0.16272093167099,-8.82349,0.5538761683806228,0.03916495945995604,-85.18918,1.4705775523922568,0.10398553595572801,-2.55041,0.7624909192246161,0.05391624995768901,0.055693584000000004,0.020636810053643078,0.001459242833098974,2.260798583999999,2.88908562491737,0.20428920368076467
R:A:VAL:458,54.596035,2.870830586045613,0.20299837750306032,-9.49148,0.8030624257179513,0.05678508869412814,-52.996555,1.9436413524554887,0.13743619805158686,-3.58176,0.8923389391929504,0.06309789150201454,0.054990000000000004,0.01604940418781956,0.0011348642535210984,-11.41877,3.668902504308991,0.2594305840309194
R:A:LEU:459,71.88747000000001,3.5287440101401524,0.24951988186415128,-9.525704999999999,1.059177071114646,0.07489512894624722,-70.242265,2.5256169216203395,0.1785880851957235,-4.779344999999999,0.6404862886705694,0.045289219797596425,0.181511532,0.0678160941382514,0.004795322003874284,-12.478333468,4.513031453518707,0.31911951444912584
R:A:HIS:460,110.972145,2.426476524505234,0.17157780048676166,-13.45384,0.9857260442942553,0.0697013570312659,-91.83549,1.7964562783157292,0.12702864165022,-7.105650000000001,1.2978754745737358,0.09177365492067971,0.08800858799999998,0.05158964689094756,0.003647938915560851,-1.3348264120000002,3.431303186464486,0.24262977514560463
R:A:GLU:461,104.29024000000001,2.9049302697999484,0.20540958926496106,-5.55896,1.185125671985887,0.08380103992194846,-63.922745000000006,10.83609317004865,0.7662274962110633,-87.31735,9.794169761010885,0.6925523854103024,0.613658376,0.12836644174130646,0.009076878143206568,-51.895156624,14.940090266515806,1.056423913899246
R:A:LYS:462,135.09535000000002,3.63441774394469,0.25699214324080033,-6.641155,0.9590239366016887,0.06781323288912718,-192.36771499999998,8.497649804726892,0.6008745801070927,52.07251,8.617543029767823,0.6093523113515694,0.773162208,0.09036743635324361,0.006389942704382229,-11.067847792,12.673160047742751,0.896127740882133
R:A:THR:463,55.919485,3.6462145424775816,0.25782630286469027,-4.574235,0.8405930107816743,0.05943890181417385,-61.16458000000001,2.9467396871118425,0.20836596151483092,-3.0758050000000003,2.1642611388127357,0.15303637275130053,0.6179433480000001,0.06787447897264845,0.004799450435106344,-12.277191652,5.231958056504353,0.3699553020637818
R:A:PRO:464,87.61278,2.6287263135594774,0.1858790202201421,-5.313630000000001,0.5352370812079447,0.03784697696646325,-59.288799999999995,1.2282277191140085,0.08684881490268015,-6.4764800000000005,0.60841053541174,0.04302112153349794,0.7980132600000001,0.05883059726869684,0.004159951426995032,17.33188326,3.0131127614935007,0.21305924661317788
R:A:VAL:465,51.37905,3.0153427114508893,0.21321692788683547,-6.947954999999999,0.9682615312894549,0.0684664294736844,-51.54866,2.1787823352505864,0.15406317639851513,-4.501295,1.1265423418473892,0.07965857292140627,0.22167342,0.0715808096290591,0.005061527589153101,-11.39718658,4.006386899084655,0.2832943344399704
R:A:SER:466,61.98193499999999,3.399795320423716,0.24040183257179007,-7.054975,0.6971614048231586,0.04929675569319952,-57.77933499999999,3.3454610941953873,0.23655982259013256,-2.9493,0.9193529572476503,0.06500807103737197,0.121414104,0.02779137258109401,0.001965146801057346,-5.680260896,4.907416265033458,0.34700673191103176
R:A:ASP:467,90.056315,3.6281199657363867,0.2565468230730503,-4.92552,1.1332683440386042,0.08013417309737464,-79.426345,7.973016988315966,0.5637774378953764,-65.689115,7.1092077098488975,0.5026968980497841,0.721112652,0.0563942578843245,0.003987676216998877,-59.263552348000005,11.338455189991594,0.8017498553022859
R:A:ARG:468,-176.650795,4.19996133827146,0.2969821143013076,-9.54208,1.4337554232155496,0.10138181823187034,-18.25438,7.3176745271705,0.5174377280678324,31.762215,5.421010963720236,0.38332336133332,0.408023892,0.07371849358528927,0.005212684671301504,-172.277016108,10.13096661860291,0.7163675195988665
R:A:VAL:469,62.022185,2.7055854192346245,0.1913137797020251,-9.910365,0.9306165707610197,0.06580452878696876,-73.052435,2.0008616033536653,0.14148228079471648,0.49012500000000003,0.4894420081838093,0.03460877629843332,0.002386872,0.005539522877470225,0.0003917034191197212,-20.448103128000003,3.5255171229216447,0.2492917064807182
R:A:THR:470,48.06379,3.0501899589861607,0.21568100039062316,-7.70075,1.0380305571128434,0.07339984460133414,-58.220715,2.999631217962468,0.2121059575280124,-0.9897450000000001,0.937621864066213,0.06629987782699905,0.356080212,0.05836802167474803,0.0041272423930657715,-18.491339788,4.501277069133183,0.31828835395835814
R:A:LYS:471,114.65676500000001,3.1297698205738707,0.2213081463680788,-7.48875,0.9897320079193155,0.06998462143571257,-132.02541,16.016668082091854,1.1325494612861284,10.945799999999998,13.930282434322715,0.9850197173153438,0.958147452,0.0989335868257676,0.006995661013160835,-12.953447548,21.479554035961204,1.5188338315691041
R:A:CYS:472,79.718655,2.1783000472788405,0.1540290734889845,-8.81758,0.7096559121151602,0.05018025077657544,-75.658225,1.3055700955425567,0.09231774678725105,1.019935,0.6848673307838533,0.0484274333810393,0.011713824000000001,0.012964674504183434,0.0009167409257784447,-3.7255011760000003,2.724394836933516,0.19264380638253076
R:A:CYS:473,99.53634,2.5937879335828513,0.18340850367962763,-8.087865,0.797830462426072,0.05641513302186745,-89.851125,1.6209249209556253,0.11461670034019912,1.6307,0.774039320706642,0.05473284525766954,0.024161076,0.016123957300781467,0.0011401359546944917,3.252211076000001,3.254391455026429,0.2301202266484743
R:A:THR:474,41.99547,3.2354530809609954,0.22878108137584274,-6.096505,0.8200745514738279,0.05798802764256601,-51.669975,2.9112738147372874,0.20585814562915644,-4.275575,1.7225235569869575,0.121800808789905,0.481495968,0.10365222292569984,0.0073293189715822075,-19.565089032,4.753317296493306,0.3361102893481724
R:A:GLU:475,90.695915,3.0257473949051006,0.21395265010949271,-5.39206,0.8561158078204141,0.06053652931908139,-59.108734999999996,18.326615957802332,1.2958874419963624,-81.81898999999999,17.693452735401873,1.2511160411806332,0.8615702519999999,0.11062014011333965,0.007822025120994848,-54.762299748,25.667556185859397,1.8149703035507894
R:A:SER:476,66.34053,4.447088756602459,0.31445666163320507,-7.15139,0.7890877757892337,0.055796931721197714,-57.24166499999999,4.151232737726831,0.2935364819130239,-2.861205,1.3169426840128617,0.09312191022995071,0.09211885199999999,0.037692263884766805,0.002665245539119141,-0.8216111480000002,6.274372471371681,0.44366513221971127
R:A:LEU:477,74.046785,4.084132626246974,0.28879178752844586,-9.08795,0.8401239596035813,0.05940573488729854,-70.253345,2.469289822190785,0.17460515779860283,-2.2236899999999995,1.18495262517115,0.08378880366433214,0.2034549,0.0459007407381406,0.0032456725037424833,-7.3147451,4.988943716274048,0.3527715932735394
R:A:VAL:478,47.666945,2.8144675201492375,0.1990129068926812,-7.6725,0.920873172592187,0.06511556649527053,-54.26030000000001,2.049973385193086,0.14495500819219734,-0.46715999999999996,0.9535134579018799,0.06742358320350529,0.15760987199999998,0.05113738963727828,0.003615959498469815,-14.575405127999998,3.7260473224308237,0.2634713328712814
R:A:ASN:479,25.447305,6.575797151066554,0.46497907572263397,-7.740785,0.8459060697116435,0.05981459181399635,-81.46350499999998,4.17668696097457,0.29533636729985513,-5.542345,3.186005823280146,0.22528463225412204,0.339770664,0.10792949236214124,0.007631767593929175,-68.959559336,8.459530784979835,0.5981791583715599
R:A:ARG:480,-170.97986,4.111102692757747,0.29069885922032784,-14.314214999999999,0.9203438155249375,0.06507813529807842,6.413805,5.350909321505552,0.37836642667508835,16.39881,4.280151579547154,0.30265242064041054,0.107564616,0.030773867464115458,0.0021760410367212104,-162.37389538399998,8.043697733689942,0.5687753213307022
R:A:ARG:481,-172.75044000000003,4.232114315138474,0.2992556730991076,-10.497950000000001,1.6601716981987134,0.11739186657302966,-20.428635,6.311673345617231,0.44630270233203273,35.747435,5.428980344021794,0.3838868816186286,0.049765932,0.021759809351705635,0.0015386508749917506,-167.879824068,9.485698874134314,0.6707401998193973
R:A:PRO:482,83.06442999999999,2.520205661270525,0.1782054513069115,-9.288705,0.8547795142462178,0.06044203909428437,-61.263645,1.778794788325792,0.12577978571644569,-3.932405,1.0207249438389365,0.07217615295147699,0.186501528,0.038064177072912216,0.0026915437728541737,8.766176527999999,3.359988658403662,0.23758707650671193
R:A:CYS:483,80.89899,2.045699183628913,0.14465277650117886,-7.42634,0.679931543907179,0.04807842054394051,-67.71715,1.6178040077524842,0.11439601845125555,-3.5065149999999994,1.1519866534708636,0.08145775745056451,0.16320668400000002,0.047375865273898095,0.0033499795599753615,2.4121916839999993,2.931518306984531,0.20728964740412692
R:A:PHE:484,105.02209,3.104632505128425,0.2195306697468488,-13.79447,0.8890173615290086,0.06286302049297345,-85.11140999999999,1.757273069815844,0.12425797040632847,-0.902705,0.9388871540153267,0.06638934733731759,0.023914008,0.02008909156763282,0.0014205132875350656,5.237419008,3.794603558011694,0.26831899077846694
R:A:SER:485,72.47048000000001,2.4049119193018273,0.1700529526294677,-5.727294999999999,0.7664281949243518,0.05419465739235742,-65.67243,2.4259359606345763,0.17153957684890103,-6.3749899999999995,1.7352917131998298,0.12270365377404212,0.30863930399999995,0.0728767988876047,0.005153167868459353,-4.995595696,3.908033669301111,0.2763397108668161
R:A:ALA:486,84.48089,2.4405507816679415,0.17257300075475304,-3.70784,0.44800143347984955,0.03167848515948956,-67.87967499999999,1.4381792966716633,0.10169463332386326,-4.738275,0.7395109866492857,0.052291323342166435,0.6584070599999999,0.03727508021394991,0.0026357461988556485,8.813507060000001,2.9620295445276965,0.2094471177010435
R:A:LEU:487,75.90584000000001,4.645904188034876,0.3285150356102442,-7.97576,1.285032825417312,0.09086554248998902,-81.659285,4.400524066946459,0.3111640408512446,-0.6634399999999999,1.2811282747640846,0.09058944906555066,0.28441368,0.11892932169600565,0.008409572985316197,-14.10823132,6.652501859491215,0.4704029176702355
R:A:GLU:488,103.94064,2.6593421724930395,0.18804388836651936,-5.697055000000001,1.0941839022646056,0.07737048571564611,-114.66608500000002,14.584291937484487,1.031265172779957,-38.00831,13.195433658425175,0.9330580620569654,0.5857635600000001,0.10290871910509429,0.007276745312243379,-53.845046440000004,19.877146932055364,1.4055265386297726
R:A:VAL:489,47.66267,3.5604298744814504,0.25176041081850015,-6.022519999999999,1.0364136961657733,0.07328551526734324,-50.17505499999999,3.070729898896189,0.21713339347017768,-4.089340000000001,1.0373793348626144,0.07335379623441449,0.446504544,0.1147288434805549,0.00811255432227904,-12.177740456000002,4.926409944838268,0.34834978788999843
R:A:ASP:490,93.45414999999998,2.926416548869966,0.20692889862824865,-6.09476,1.3799876638579056,0.0975798635067707,-113.462225,6.812201664981374,0.4816953992118619,-44.926885,5.441983339902374,0.3848063322749185,0.073642932,0.0378374671758903,0.0026755129622995436,-70.956077068,9.300052991245387,0.6576130535503848
R:A:GLU:491,103.673065,3.04411359032067,0.21525133624178736,-4.110015,0.8050835452144081,0.056928003424281434,-73.79078000000001,17.043347668272215,1.2051466710355216,-81.25415,16.379095515854956,1.1581769508963211,1.04937714,0.14751384461536485,0.010430803984642316,-54.43250286000001,23.847159517623965,1.6862488206949222
R:A:THR:492,39.298625,4.893158360851915,0.34599854583780404,-3.9025300000000005,0.9144751440580547,0.06466315755899954,-50.80107,4.151385830671488,0.2935473072189558,-5.51068,1.739126377696572,0.12297480550096429,0.7337544120000001,0.061937980332457204,0.00437967659060795,-20.181900587999998,6.711308718840361,0.47456119057284196
R:A:TYR:493,89.48621999999999,3.248657059709442,0.22971474366700972,-11.850735,0.9591499699082516,0.06782214478969976,-82.43997500000002,2.0981921776555645,0.14836459170528188,-8.69277,1.3916641035465418,0.09840551247516573,0.327522276,0.06729736186282954,0.004758642092917172,-13.169737724,4.221067362973931,0.29847453562040843
R:A:VAL:494,64.45265,4.3725016154942695,0.3091825543065132,-3.848715,0.7887159778874775,0.05577064163944144,-54.40735500000001,2.9524464277908584,0.20876948901809142,-4.09717,1.1939630484650687,0.08442593680558126,0.817765776,0.08187973930288385,0.005789771890285584,2.917175776,5.467177995370034,0.3865878634480026
R:A:PRO:495,87.77916,2.8795812411529567,0.20361714225968305,-6.217045000000001,0.6287495470972524,0.04445930684204377,-54.927055,1.6741588938852248,0.1183809106650012,-6.015465000000001,1.404051416001209,0.0992814277389029,0.3877393679999999,0.06560940129461154,0.004639285256500927,21.007334368,3.6695758735395074,0.2594781984258334
R:A:LYS:496,118.61851,3.6580697095462793,0.2586645897673278,-3.91369,0.851867010688875,0.060236093992721666,-127.720035,11.31927927448453,0.8003939133132354,0.45837500000000003,10.364934080561005,0.732911517491624,1.424053836,0.1239549761477945,0.008764940419592223,-11.132786164000002,15.801280265474118,1.1173192427145917
R:A:GLU:497,95.86071,3.072249123345957,0.2172408188612352,-4.614389999999999,0.9185284034258276,0.06494976627748555,-54.038909999999994,14.005318821501351,0.9903255911363191,-96.19455000000002,13.855292513242006,0.9797171291436625,0.8525127599999999,0.15305608710979646,0.010822699709721599,-58.13462724,19.960559140189467,1.4114246724303094
R:A:PHE:498,91.37750499999999,3.3580329986429556,0.23744879047886303,-12.023695,1.2785115298561056,0.09040441725864394,-65.049075,2.472122535267012,0.17480546086113843,-6.087095000000001,1.6702214152545762,0.11810248888095033,0.19839193199999997,0.09378146479906237,0.00663135097090245,8.416031932000001,4.671274100332783,0.33030895931264
R:A:ASN:499,12.13867,2.9743884970023675,0.2103210276113637,-6.262825,1.0303890839750778,0.07285951085393724,-73.995,3.9232296720941537,0.2774142305290051,-10.390625,1.7429511480173505,0.12324525760399464,0.406629468,0.08050404802100436,0.005692495826861964,-78.103150532,5.323981523408751,0.37646234381142135
R:A:ALA:500,93.46488000000001,2.1206687755517124,0.14995392718431882,-4.92044,0.7978685332810161,0.056417825037837106,-83.6137,2.491462735021337,0.17617301950071698,-0.6816200000000001,1.0951563886495848,0.07743925088738915,0.23283395999999995,0.08126456389234363,0.0057462724198443635,4.481953959999999,3.5422010469402516,0.250471438061754
R:A:GLU:501,110.42271499999998,3.1086525012897472,0.21981492640145028,-4.7542349999999995,0.9440800441567442,0.0667565401206129,-55.512825,13.58090166868073,0.9603147664551842,-105.25013999999999,13.053775542363214,0.9230413206092131,1.08124002,0.12016879108809406,0.008497216706538087,-54.013244979999996,19.115736817781222,1.3516867131230457
R:A:THR:502,40.022445,3.2556687587921167,0.23021054566390958,-6.74655,0.791470800156266,0.05596543699016385,-51.879979999999996,3.850703356479177,0.27228584557042257,-2.25408,1.9121027283072423,0.13520608055113498,0.294850008,0.1003553888591058,0.007096197599088662,-20.563314991999995,5.451598800512384,0.3854862480150755
R:A:PHE:503,100.23003,3.0081045226354752,0.21270511064734668,-13.791805,1.173399934794186,0.08297190509368216,-78.52706,1.8666265390805952,0.13199042837266647,-0.63257,1.2624694828390903,0.08927007323565944,0.003986676,0.008166159531176451,0.0005774346780746026,7.282581675999999,3.937480253123371,0.27842189877716594
R:A:THR:504,41.328914999999995,5.980579717533661,0.4228908473694778,-6.390560000000001,1.0934553380911358,0.07731896844888711,-53.429325,6.929136819934716,0.4899639633145227,-2.255965,3.0149529886509012,0.21318937032337001,0.31677444,0.11417235407642254,0.008073204579146993,-20.43016056,9.699427418861399,0.6858530901503627
R:A:PHE:505,92.21065999999999,3.2199267576142163,0.2276832045233025,-12.351244999999999,0.858163198334093,0.06068130169067733,-62.59827,1.9983778539355366,0.14130665318908378,-5.9526650000000005,1.430679175348198,0.10116429465910885,0.055880028,0.03887094414654751,0.002748590819714728,11.364360028,4.140801890884039,0.29279890965941824
R:A:HIS:506,106.45742,3.1353242692901797,0.2217009052033843,-7.406735,0.7777909647038849,0.05499812654877436,-84.69557999999999,2.7667474195524244,0.1956385862195901,-6.94405,1.616802374286975,0.11432519226968306,0.862521732,0.06587461764469965,0.004658038884463812,8.273576731999999,4.550659042899702,0.3217801868102263
R:A:ALA:507,83.82309000000001,1.821793377938344,0.12882024514609497,-4.72192,0.7178353248482552,0.05075862259754494,-74.81559999999999,1.5129490407809516,0.10698165263258932,-0.9927799999999999,0.8940200621910003,0.06321676484920752,0.31064677199999996,0.047770288423956746,0.0033778694883817044,3.6034367720000007,2.631499066607494,0.1860750834684229
R:A:ASP:508,96.89298,3.556145715462177,0.25145747502907917,-5.10714,1.0188797477622176,0.07204567788563031,-76.40119,10.16485389830567,0.7187637121262452,-78.72997,9.550724262018038,0.6753381890915839,0.5834750400000001,0.11978101963946042,0.00846979712445015,-62.76184496,14.430496335388671,1.0203901814640952
R:A:ILE:509,77.82905500000001,3.121645608004694,0.22073367778813222,-9.929235,1.0748122765278596,0.07600070492354002,-66.162395,1.881478484855726,0.13304061952980747,1.1902949999999999,0.8097385800213548,0.05725716409214658,0.038646756,0.03300634691058772,0.0023339011722672233,2.9663667560000007,3.88543691335175,0.27474187893035507
R:A:CYS:510,93.62058,2.1442150926621144,0.15161890323439223,-6.2926649999999995,0.5642111065682773,0.039895749947519474,-85.523545,1.5417709356370024,0.10901966836252525,-1.443675,1.0838898649655324,0.07664258735764992,0.286524252,0.05003316409330611,0.003537878961459603,0.6472192520000002,2.910390130417946,0.20579565971169297
R:A:THR:511,37.48347,4.623892784126812,0.32695859431356133,-4.120405,0.7285977703609859,0.05151964241796521,-46.365874999999996,3.151135098559724,0.22281889966265206,-5.27695,1.3173663110539908,0.09315186518529836,0.880167672,0.06609746797973745,0.004673796782773304,-17.399592327999997,5.794886924886743,0.40976038407966753
R:A:LEU:512,68.60436,3.7663611258614065,0.2663219492494,-7.7262,1.252208421150409,0.08854450660543543,-73.445155,3.348280425976145,0.2367591794521914,-2.304175,1.3896921941117033,0.09826607742183972,0.43791872400000004,0.1345431229858703,0.009513635462532453,-14.433251276,5.377158182320173,0.3802225014231324
R:A:SER:513,72.83962000000001,5.081277722738641,0.35930059348406307,-4.71589,0.8786879297566343,0.06213261936776849,-70.03541999999999,4.946126971035014,0.3497439921828536,-3.30842,2.6603464348839982,0.1881149004411931,0.42424405200000004,0.13277514038042096,0.009388620213599146,-4.795865947999999,7.625661950191801,0.5392157276016855
R:A:GLU:514,98.98484,2.851214026410504,0.20161127726890674,-5.754065000000001,0.8297958428282224,0.05867542674642426,-69.94883,12.142855787297318,0.8586295670168247,-71.76773999999999,11.729602812218324,0.8294081689144375,0.865906416,0.1478131456111037,0.0104519677610126,-47.619888584,17.14270574018846,1.2121723476772814
R:A:LYS:515,123.192795,3.474539084968681,0.24568701484790562,-7.090839999999999,1.3326962648705818,0.09423585661519716,-130.977955,22.99056255712276,1.6256782687435036,1.0844399999999996,21.415614216416955,1.514312603570346,0.711250452,0.3113346656857095,0.02201468533248119,-13.080309548,31.64079533483328,2.237342094339629
R:A:GLU:516,105.440655,3.155542672184136,0.2231305621824921,-7.054345,1.3727863293225935,0.09707065225841949,-114.261495,13.790366143796726,0.9751261415324044,-42.192845,11.724139907941009,0.8290218832484912,0.26844883199999997,0.08687598403815278,0.006143059743563209,-57.799581168,18.424961173894033,1.302841498915932
R:A:ARG:517,-192.195925,4.148162561830841,0.2933193876934749,-12.76863,1.237724287997937,0.08752032372826327,5.8164050000000005,10.93644984905865,0.7733237850375966,25.370015000000002,9.548083729459801,0.6751514752437966,0.3321900359999999,0.14138652378259642,0.0099975369735067,-173.445944964,15.15028192501157,1.0712867086063662
R:A:GLN:518,34.489560000000004,3.0693574354252062,0.2170363456474514,-10.19209,1.0751717964585938,0.07602612682163941,-85.342385,4.227852325563772,0.2989543049261458,-3.856815,2.425349964597893,0.1714981406717723,0.27389509199999995,0.0895904453073671,0.006335001140636178,-64.62783490800001,5.860207645104426,0.4143792565014588
R:A:ILE:519,92.68629999999999,3.1529276950161735,0.2229456553736807,-8.03191,1.2723572697556296,0.08996924535362069,-72.68388499999999,2.0988148898306878,0.1484086241054576,-0.548325,0.8380776093984375,0.05926103607662457,0.39052011600000003,0.0949553820176663,0.0067143594534851,11.812700116,4.083657749815002,0.28875820869391855
R:A:LYS:520,139.60388,3.4718533171204107,0.24549710238208514,-10.005295,1.0621018773992446,0.07510194398199689,-143.86879000000002,10.597396751367762,0.7493491105816433,13.361055,10.726744125407999,0.7584953511128958,0.3967729199999999,0.12432746765666225,0.008791279546777704,-0.5123770800000029,15.510162494656978,1.0967341077277206
R:A:LYS:521,127.46427500000001,3.552672952774432,0.2512119136244836,-11.255774999999998,0.9897541029846757,0.06998618379276726,-126.72381000000001,11.847574125697632,0.8377500004891077,-4.2089,10.825177475681404,0.7654556400602193,0.22671835199999996,0.07668503248423447,0.005422450648511287,-14.497491648,16.46682904908705,1.164380648524908
R:A:GLN:522,39.451449999999994,3.0123509104186383,0.21300537560704894,-12.070385000000002,1.0589239711967051,0.07487723207941785,-96.89185499999999,1.999672604196747,0.14139820585804827,-0.7737850000000001,1.0531178655663382,0.07446667841306606,0.0025676279999999998,0.0038571208212364832,0.00027273962885521425,-70.28200737200001,3.9119484434749436,0.2766165272033292
R:A:THR:523,35.39765,3.190750575883361,0.22562013692820063,-9.196365,0.8781947231536978,0.06209774439442225,-46.644645,2.8935777489079157,0.20460684481432923,-3.6730049999999994,1.0928202299440652,0.07727405952112906,0.13365712800000001,0.04568159469406925,0.0032301765383591775,-23.982707872000002,4.530038660024746,0.3203221055540719
R:A:ALA:524,82.582955,2.1494093381612998,0.1519861918559544,-8.211504999999999,0.7805214602911312,0.055191201743348545,-66.323565,1.3258272081138625,0.09375014095389402,-1.76227,0.5074505858701909,0.03588217503858984,0.00098388,0.0029359728214000892,0.00020760462913914035,6.286598880000001,2.6915621404235504,0.19032218414784707
R:A:LEU:525,87.585185,3.2479438204462525,0.22966431003504875,-11.441324999999999,0.9318478466868935,0.06589159314263847,-87.369645,2.362296924388423,0.16703961744111787,-1.2788350000000002,0.6008336024016965,0.04248535146229815,0.07773656400000001,0.03388962461061356,0.0023963583374031357,-12.426883435999999,4.166542421907671,0.29461904006323353
R:A:VAL:526,51.71825,2.7898118301240316,0.19726948633151553,-10.75602,1.0497934223455585,0.07423160477855777,-60.67375,1.6341453569067834,0.11555152633132974,0.8196199999999999,0.5624174655893965,0.0397689203776014,0.00017172,0.0007278793163705092,5.146884004910154e-05,-18.89172828,3.445556741661396,0.24363765369917983
R:A:GLU:527,88.92732,2.672222018770147,0.18895463103083765,-9.76473,1.5630964132451972,0.11052760734540489,-90.219025,11.941983119414255,0.84442572445531,-49.117084999999996,9.233559763047781,0.6529112722942336,0.0416196,0.034287714488871954,0.0024245075426469593,-60.131900400000006,15.409568562559269,1.08962104257447
R:A:LEU:528,76.53280000000001,3.172611309316034,0.2243374970886499,-12.182970000000001,0.9283975005890526,0.06564761683031609,-82.363435,1.6604170638050553,0.11740921654144108,0.58541,0.5835711626699867,0.04126471264288654,0.000962568,0.0027972547074186865,0.0001977957772321745,-17.427232431999997,3.7449876356817122,0.2648106152650314
R:A:VAL:529,65.23191000000001,2.9814969900873622,0.21082367397780544,-10.207435,0.8210447160630169,0.05805662863855427,-64.80702500000001,1.4778964220726025,0.10450305819388732,1.4467150000000002,0.6071839126450898,0.042934386205872324,0.001620828,0.004837522429923814,0.0003420644914341154,-8.334214172,3.480849360062607,0.24613321867891236
R:A:LYS:530,125.22968,3.3002430452316687,0.23336242368470547,-10.382190000000001,1.2097792294051009,0.08554430968509827,-154.41598,7.866445995467076,0.556241730723253,28.524459999999998,7.230834426150277,0.5112972056367998,0.21448224000000005,0.053687821682493315,0.0037963022778825183,-10.82954776,11.24828837742423,0.79537409884185
R:A:HIS:531,116.856775,2.911115767944484,0.20584697003326285,-11.387910000000002,0.9606781520884088,0.06793020358794753,-94.46348000000002,3.047694182427102,0.21550452233769948,-2.5720799999999997,2.207352172536136,0.15608336896671596,0.26403746400000006,0.07486609915924766,0.00529383263964885,8.697342463999998,4.8542708929640845,0.3432487866131381
R:A:LYS:532,140.42529000000002,2.834451681701419,0.20042600050766868,-9.03208,1.1087735267402448,0.07840212795581508,-128.41153500000001,14.169381541506143,1.0019265773218489,-0.5827750000000003,13.410333246581718,0.9482537576629342,0.63973368,0.11194118275823246,0.00791543694223888,3.03863368,19.745491560127018,1.3962170980027555
R:A:PRO:533,93.17743,2.6884598704648726,0.19010282053536184,-7.768374999999999,0.852160198774268,0.060256825521056115,-68.023465,2.7250793674267544,0.19269220999790052,-0.446645,1.6474213756580312,0.11649028261994646,0.121894596,0.0539428371238442,0.0038143345926711673,17.060839596,4.254051957475598,0.3008068986650902
R:A:LYS:534,114.70072,3.8468423923524604,0.2720128341788306,-4.36628,0.8151806006033264,0.05764197305783347,-103.991375,15.239895267172114,1.0776233287990173,-16.72218,14.223441380256748,1.0057491851788893,1.260776304,0.19485310375561685,0.01377819510008426,-9.118338696,21.214650032164524,1.5001022898242944
R:A:ALA:535,97.47426499999997,2.202263507116031,0.1557235459841414,-4.48988,0.6232950469881819,0.04407361544053312,-86.73326499999999,1.9130370996859936,0.13527215058494113,-3.3846000000000003,0.8638635251010428,0.061084375661866266,0.3170040479999999,0.06932558179090383,0.004902058899405073,3.1835240479999993,3.106322333796131,0.21965015867784665
R:A:THR:536,56.014695,4.246240535105731,0.30025454769224563,-7.111835,0.9601945624585676,0.06789600863729031,-58.54255499999999,4.275307994399351,0.3023099274500839,-5.400370000000001,1.2920502711195103,0.0913617508342523,0.21497680799999996,0.11751376147937029,0.008309477762480122,-14.825088192,6.238108215954741,0.4411008621277113
R:A:LYS:537,118.62212000000001,3.2319165530068994,0.22853101108602306,-4.559375,0.8009524232905473,0.0566358889916544,-90.93487499999999,11.622181715124531,0.8218123502946856,-36.02247499999999,10.80426974623343,0.7639772403330317,1.413828576,0.12398819064770089,0.008767289039403978,-11.480776424,16.214485345830287,1.1465372541486498
R:A:GLU:538,94.318365,3.3094966508179153,0.23401675241075154,-5.32162,0.940334145716298,0.06649166510172534,-88.05354,24.46609427142796,1.7300141168476053,-61.67558,23.37348583124905,1.652755033124389,0.887047992,0.12200929895275989,0.008627360265731325,-59.845327008000005,34.011196560227134,2.4049547724005187
R:A:GLN:539,27.775505000000003,2.9791254891284793,0.21065598353684378,-10.187355,1.1153567272290064,0.07886763052656648,-68.49961499999999,3.837097036403302,0.27132373345115796,-6.64957,2.32640732785555,0.1645018397328735,0.051262164000000006,0.033732146950354404,0.0023852229852576717,-57.509772836,5.500530146137087,0.38894621664545653
R:A:LEU:540,75.26894499999999,3.2845589219825237,0.23225338869406187,-8.194225,0.9392012533930095,0.06641155751731019,-69.06166499999999,2.177706273301108,0.15398708732836985,-5.883115,1.637373595663189,0.1157797972829241,0.311082156,0.06914386651354452,0.004889209688918478,-7.558977844000001,4.370194971071251,0.30901944991518293
R:A:LYS:541,118.77532500000001,3.4950633941854328,0.24713830267053907,-4.893365,0.9718582827629757,0.06872075820940132,-112.903495,13.613845746517585,0.9626442645390221,-12.832315,12.470507340753022,0.8817980305483081,1.169765712,0.11924705891173105,0.008432040399303675,-10.684084288,18.815540009735543,1.33045959325708
R:A:ALA:542,94.67273499999999,2.2550335329602094,0.1594549502959222,-4.168745,0.5560004676032206,0.03931517009851286,-77.33297499999999,2.4216289526628563,0.17123502539455826,-7.204715,1.4822963447890574,0.10481417971283752,0.38184465599999995,0.0960440478661081,0.006791339753873039,6.348144656,3.669472230720722,0.259470869771835
R:A:VAL:543,55.547354999999996,3.2216897304015792,0.22780786552460167,-7.9153899999999995,0.9885002366716964,0.06989752205550637,-54.794125,3.169974884659972,0.22415107371341098,-3.0863150000000004,0.97286721384524,0.06879210041040322,0.062442936,0.05759491666708707,0.004072575613717137,-10.186032064,4.728101732878734,0.3343272797458419
R:A:MET:544,80.76729,2.4892046974686513,0.17601335213414918,-10.162035000000001,0.8040657894569323,0.05685603722451116,-66.21282000000001,1.595247979970512,0.11280106643112907,-2.97674,1.2829497856112686,0.09071824933275553,0.164424996,0.06093501349809306,0.004308756125619541,1.5801199959999996,3.3222208182998627,0.23491648692189537
R:A:ASP:545,81.82979499999999,8.071542352176255,0.5707442331858247,-5.850015,0.6676884638624513,0.04721270405171684,-71.2285,14.775367008978153,1.0447762206568447,-71.10589,16.997796990725007,1.2019257517373942,0.705037716,0.09863598614326184,0.006974617467092278,-65.649572284,23.934115936742106,1.692397568057536
R:A:ASP:546,86.335835,4.1657354702111125,0.29456197996156086,-7.24954,0.7664150496956593,0.05419372788432255,-47.40510999999999,6.360109224525943,0.4497276361749408,-95.20676999999999,5.880290496829217,0.4157993285654752,0.5061619079999999,0.05397039294503178,0.0038162830834734575,-63.019423092,9.642222903173815,0.6818081200546444
R:A:PHE:547,94.38168999999999,3.0920819190150834,0.21864320929198786,-14.190785,0.7815030446357838,0.05526061023798958,-72.95886999999999,1.5783938079896283,0.11160929650123236,-1.39594,0.7870820137698485,0.055655102928662346,0.005550551999999999,0.010482225635240637,0.000741205282860612,5.841645552,3.6445373628526943,0.2577077083560877
R:A:ALA:548,85.16068,2.349987516477481,0.16616921086049602,-6.1750950000000016,0.6256120331123755,0.04423745110056636,-73.35514,1.8315172290753914,0.12950782525392046,-1.05423,1.4467850486855331,0.10230315188448498,0.198386352,0.06113015726273977,0.004322554873548337,4.7746013519999995,3.3712328571610066,0.23838216142574473
R:A:ALA:549,93.95279999999998,2.4405195102682544,0.17257078953287547,-5.132575,0.694555206139152,0.049112469616941476,-84.60250500000001,2.0051727656177163,0.1417871260018871,1.46167,1.0445541015667883,0.07386112885340977,0.31595317199999995,0.08730337634777258,0.006173280943599123,5.995343172000002,3.399702249458285,0.2403952514607113
R:A:PHE:550,112.216175,3.170858099060095,0.22421352640256786,-11.32527,0.9874189167217732,0.06982106118858407,-88.66263,2.0542162430231152,0.14525502354651976,-1.0375100000000002,1.0307003492286204,0.07288152063109002,0.32268779999999997,0.08536503307976163,0.00603621937669134,11.5134528,4.039649981538959,0.28564638955663096
R:A:VAL:551,50.857115,2.9647078071498036,0.20963649946723253,-9.06759,0.8735765174843014,0.06177118793984781,-56.289719999999996,2.1878258389551943,0.15470264867803654,-1.919085,1.3372939272183209,0.0945609604375664,0.023450904,0.02443486889080406,0.0017278061490091764,-16.395829096,4.015988337366993,0.28397325865182893
R:A:GLU:552,99.521755,3.3412216590605,0.2362600492569046,-6.636385000000001,1.349507160697934,0.09542456645893131,-82.75848,15.951203055870112,1.1279203848889334,-60.560120000000005,15.903477645018402,1.1245456887241176,0.516131676,0.18075562761478112,0.01278135300240421,-49.917098324,22.811818964823132,1.6130391881226325
R:A:LYS:553,119.95364000000001,3.350511453554516,0.23691693692515944,-6.964004999999999,1.0403903474057226,0.07356670697316144,-117.027005,10.45416478801511,0.739221081324711,-9.46184,10.209818971676237,0.721943222955933,0.92288142,0.14593854969614437,0.010319413812667363,-12.57632858,15.028626084410957,1.062684341620402
R:A:CYS:554,81.0547,2.1215758199979553,0.15001806491219644,-7.401459999999999,0.6013406342498401,0.042521204028108134,-72.97151,1.6930304072579445,0.11971532817271148,-5.1888250000000005,1.052183802562556,0.07440063018466309,0.06941177999999999,0.041457263268821785,0.002931471198681986,-4.43768322,2.9728531644453517,0.21021246320511947
R:A:CYS:555,98.26364,2.4404650213432686,0.17256693658403977,-5.946695,0.7549325678330482,0.053381793805332166,-75.82549,2.0962072249422286,0.14822423435288842,-7.32785,2.053692661402869,0.14521800073510172,0.267836688,0.06012927376788327,0.004251781722909264,9.431441688,3.8911626166659814,0.2751467472944106
R:A:LYS:556,118.817335,3.3470423096780535,0.23667163140916359,-4.80811,0.9077090105865425,0.06418471967298758,-123.12215499999998,13.525448971511999,0.9563936686348748,-2.3503600000000002,12.724208180095136,0.8997373889374609,1.2435496199999998,0.1654148464925963,0.011696595966384664,-10.21974038,18.89172394551355,1.335846611017691
R:A:ALA:557,86.94471,2.6836883604286097,0.18976542382504774,-4.305485,0.6747272780724075,0.04771042337765406,-77.194555,2.95285254067571,0.20879820553557202,-4.140175,2.366555717572481,0.16734075959512973,0.29402622,0.07510157222545744,0.005310483099839222,1.5985212199999994,4.688603678407435,0.33153434552980876
R:A:ASP:558,87.34035,6.2895772010128,0.4447402689632456,-2.957155,0.8214270576107169,0.05808366426866507,-25.362545,7.431684113844923,0.5254994232536083,-123.90863499999999,6.933168744648798,0.49024906344517877,1.051652844,0.09292436763115079,0.006570745048945844,-63.836332156,11.980856243454584,0.8471744694167922
R:A:ASP:559,106.33229999999999,8.079915560202346,0.5713363084033781,-3.598535,1.0389513890336737,0.07346495725088935,-52.266385,16.923837434127492,1.196696021337029,-109.189055,19.7281687270252,1.3949921887271897,0.8244459359999999,0.10160036719733204,0.007184230861627674,-57.897229064,27.239524461747486,1.9261252463198488
R:A:LYS:560,127.352445,3.5785659763339557,0.2530428268789198,-6.466285,1.2866296529207617,0.09097845524559646,-153.32027,12.755483471711294,0.9019488860159981,19.152655000000003,11.169994002056358,0.7898378504667113,0.742218336,0.19477416894826455,0.013772613566329214,-12.539236664,17.377301628581883,1.2287607820294284
R:A:GLU:561,100.68637999999999,3.475795854994939,0.2457758819087015,-4.196515,0.8321792473830384,0.058843958898726394,-25.991814999999995,5.680109807985669,0.4016444163110885,-131.203865,4.729770987772558,0.3344453138913371,1.110886056,0.1240999072210969,0.0087751885940659,-59.594928944,8.21117902252151,0.5806180368361686
R:A:THR:562,34.485609999999994,3.797721959003845,0.2685394950272678,-5.3553049999999995,0.9491097523337331,0.06711219419654672,-51.98306,5.641701952106296,0.39892857077677446,-2.087655,2.4802896092946485,0.17538296020387784,0.49483980000000005,0.11667350032194285,0.008250062326241661,-24.445570200000002,7.30190054492167,0.5163223390863859
R:A:CYS:563,76.43073,2.3053007888559787,0.16300938204747598,-7.659045,0.6079279833787881,0.04298699995202038,-63.919335000000004,2.1251340693648015,0.1502696711378414,-1.1122550000000002,1.2506659425981823,0.08843543690102401,0.027104147999999998,0.02979774720956764,0.0021070189115967803,3.7671991479999996,3.430049005271465,0.24254109114296246
R:A:PHE:564,92.781695,3.336768036884644,0.23594513061276556,-11.56239,1.3479434104961527,0.09531399262175516,-68.12666,2.353954983511792,0.16644975314490557,-4.61536,1.6791764798257507,0.11873570756937442,0.36111689999999996,0.15816525628985273,0.01118397252706631,8.838401900000001,4.619169441898861,0.3266246035816365
R:A:ALA:565,89.91796500000001,2.2844722746785533,0.16153658368578622,-3.7968850000000005,0.47314772722163634,0.033456596642142185,-77.451345,2.130303913993259,0.1506352343572877,-1.936445,1.8367071777980832,0.12987481004750304,0.528565536,0.0789691775225898,0.0055839640930947535,7.261855536,3.6552163409979714,0.25846282614235455
R:A:GLU:566,101.32039,3.0998672742393345,0.21919371703928925,-6.096620000000001,0.9436000188639252,0.06672259720664356,-57.472024999999995,12.125321183555302,0.8573896832956848,-94.97597000000002,11.790865604318455,0.8337401024872799,0.58957056,0.12022173958372753,0.008500960730569692,-56.63465443999999,17.22097374957768,1.2177067316961903
R:A:GLU:567,97.91412,3.0347793602830495,0.2145913065061117,-8.26658,1.1709910988560075,0.08280157467101697,-57.40191500000001,12.207100059710127,0.863172323084374,-88.33909,11.543754281077712,0.8162666932501289,0.321743556,0.1019302959106843,0.007207560344679628,-55.77172144399999,17.113241962705356,1.210088943991514
R:A:GLY:568,87.59207999999998,2.126971265344222,0.15039958051138308,-5.481234999999999,0.5135487997990065,0.036313383880809014,-77.30291,1.85028308966493,0.1308347719816869,-2.204315,1.0412800659644839,0.0736296195757862,0.011838923999999999,0.014537394973812328,0.001027949056676993,2.6154589239999995,3.0488952354750767,0.21558944961317822
R:A:LYS:569,139.04294500000003,3.701134481746779,0.26170972901265055,-7.339425,1.0645907497132407,0.0752779338310703,-157.61683000000002,15.338841458568504,1.0846198810899144,20.804895,14.417917575848982,1.0195007288471523,0.8647277400000002,0.21817208426761753,0.015427096025123523,-4.243687259999998,21.401769868162276,1.5133336603171468
R:A:LYS:570,126.802975,3.3349696511924964,0.2358179655409549,-6.38067,1.0358841108444516,0.0732480679301509,-172.32460500000002,15.45672442883598,1.0929554658561687,36.25913,13.822898828505545,0.9774265497291854,0.9505555559999999,0.11218884858356852,0.007932949560695209,-14.692614444,21.028326773552298,1.4869272458585463
R:A:LEU:571,78.56084500000001,4.708114760811911,0.33291398739745826,-9.14544,1.0597550124439137,0.07493599556955254,-82.367,4.383483784616979,0.30995911093239376,-3.32334,1.1684576219957659,0.08262243080423136,0.229800816,0.07130393322263046,0.005041949470699475,-16.045134184,6.623800483307752,0.46837342389736425
R:A:VAL:572,47.974465,3.0727330633777803,0.2172750385890542,-8.601544999999998,1.0093603013666625,0.07137255137568643,-54.976955,2.3496390793002653,0.16614457263141336,-1.653145,0.8026649263391294,0.056756981243499906,0.042346872,0.0544091797830147,0.0038473099983367697,-17.214833128,4.077809686896222,0.2883446881992511
R:A:ALA:573,76.653585,2.535627435719806,0.17929593543601313,-4.259945,0.4734943209532718,0.033481104519937806,-60.43236999999999,2.2673171134845695,0.1603235306045248,-6.67576,1.2237973003729008,0.08653553698914683,0.435347316,0.07815301851498856,0.005526252936214621,5.720857316,3.6466584683176735,0.25785769316187757
R:A:ALA:574,97.429025,2.450500237579054,0.1732765335291395,-2.7253599999999993,0.624461824613803,0.04415611907765446,-80.82101,2.016447090776249,0.14258434117917715,-5.439675000000001,1.4092776445310555,0.09965097790225141,0.708623388,0.0915218080773837,0.006471569111797176,9.151603387999998,3.529221242059465,0.24955362725678576
R:A:SER:575,77.043665,4.743070305485151,0.33538571766531,-4.151065,0.7965490824644769,0.0563245257758554,-67.52834000000001,4.641612684660365,0.328211580496484,-5.580349999999999,2.6061113689748563,0.18427990215294773,0.527849388,0.1129010629702726,0.007983310722944916,0.3117593880000001,7.174979985719111,0.5073477002779742
R:A:GLN:576,21.72748,3.3929884732489146,0.23992051579220983,-9.045955,1.3497259436548592,0.09544003675017629,-63.14375,3.6401592599088297,0.25739812972805376,-8.662075,1.8555976798258291,0.13121057025588678,0.13985812800000003,0.07151065673419882,0.005056567030385544,-58.984441872000005,5.480259744161454,0.38751288277602175
R:A:ALA:577,94.283385,3.235735300789451,0.2288010373312914,-4.325195,0.9391836758456782,0.06641031459701874,-73.20332,2.183792642995209,0.15441745865672055,-5.545305,1.536870801978813,0.10867317658868264,0.29870521199999994,0.15338764609085262,0.01084614447010841,11.508270211999998,4.30191804353573,0.304191542069288
R:A:ALA:578,128.98569500000002,2.9336424274227766,0.20743984540072094,-1.8607350000000002,0.6083079440341052,0.043013867227616256,-69.077345,12.904495382074225,0.9124856192455172,-113.066345,11.774061708517372,0.8325518876201501,1.134534672,0.1521679399178566,0.010759898219510353,-53.884195328000004,17.724389459460625,1.2533035979175973
L:B:UNL:579,600.5491400000001,9.039573100561775,0.6391943438438735,-32.74095500000001,3.2308946149596087,0.22845874915370387,-353.032085,8.461072007008037,0.5982881392263054,-10.44849,3.019347611637322,0.21350011709481564,2.7475461359999995,0.26235089108758886,0.018551009413836746,207.075156136,13.150193510025032,0.9298591004854028

Receptor:
Total Energy Decomposition:
Residue,Internal,,,van der Waals,,,Electrostatic,,,Polar Solvation,,,Non-Polar Solv.,,,TOTAL,,
,Avg.,Std. Dev.,Std. Err. of Mean,Avg.,Std. Dev.,Std. Err. of Mean,Avg.,Std. Dev.,Std. Err. of Mean,Avg.,Std. Dev.,Std. Err. of Mean,Avg.,Std. Dev.,Std. Err. of Mean,Avg.,Std. Dev.,Std. Err. of Mean
R:A:SER:1,-4.024450000000001,3.3766807470502744,0.23876738541413062,-4.0456900000000005,1.0860115901315235,0.07679261598291857,-179.32929499999997,8.95980617412983,0.6335539703844298,91.13125499999998,8.252264657654587,0.5835232299573642,0.430072488,0.09112169616720847,0.0064432769273053345,-95.838107512,12.687304515257066,0.8971279057716974
R:A:GLU:2,86.80246,2.8594330256888343,0.2021924482813342,-7.377039999999999,1.00817975996347,0.07128907449251955,39.635475,8.383139937957317,0.5927775097765392,-166.81893,7.847884924939966,0.554929264839673,0.48002248799999997,0.06194975551392803,0.004380509221674722,-47.278012512,11.876992651487296,0.839830204396946
R:A:VAL:3,41.388885,2.5756788759033995,0.18212799993102377,-9.51588,0.8221555178918402,0.0581351741891258,-43.65309,1.7220586784137177,0.12176793691074839,-0.99716,0.6246796013957875,0.04417151822158708,0.007977887999999999,0.009258596793912995,0.0006546816577247907,-12.769267112000001,3.26586248719838,0.23093135111207388
R:A:ALA:4,82.654015,2.1526458986036223,0.15221505123960305,-6.89882,0.7567850207291368,0.053512782005797455,-71.566895,1.3170934833849113,0.09313257335580821,-0.8250649999999999,0.7452233630093731,0.05269524934825718,0.07495631999999999,0.032503607017461925,0.0022983520935069978,3.4381913199999996,2.7382033382483013,0.19362021487430156
R:A:HIS:5,112.78111999999999,2.970468543108982,0.21004384501336856,-9.260525,0.9388568471151499,0.06638720431585442,-70.660455,7.59669331669872,0.537167335883219,-14.472375,5.443515664014847,0.38491468395200906,0.7195907519999999,0.10757588376757728,0.007606763690418974,19.107355752,9.851818118910508,0.6966287398898117
R:A:ARG:6,-192.346425,4.069976123317555,0.2877907716065179,-11.46479,1.4685771194935593,0.10384408398893025,-133.90929,10.891413493477328,0.7701392337944484,153.46022000000002,7.934232096529569,0.5610349318964016,0.15935407199999999,0.06005364770702622,0.00424643415286262,-184.10093092800003,14.15273675613229,1.0007496132609244
R:A:PHE:7,104.81822,3.1471186507025757,0.2225348939110449,-13.736570000000002,0.8891204896413083,0.06287031275172726,-81.49322000000001,1.6122829719376184,0.114005622264869,-1.8408100000000003,0.8196837828699552,0.0579603961295987,0.12332516399999999,0.03378552995984381,0.0023889977340586822,7.870945164,3.7372945286978205,0.2642666304533611
R:A:LYS:8,120.6751,3.1033258127370393,0.21943827264176144,-6.318975,1.071312351452647,0.07575322284810726,-209.84245,16.220071664067948,1.1469322664994215,79.77097499999999,15.94051433594208,1.127164578254602,1.019369808,0.1306761544155625,0.009240199492662464,-14.695980192,22.97794898579033,1.6247863545610894
R:A:ASP:9,77.040745,5.8054098520238,0.410504467393322,-5.80287,0.9489961291280381,0.06710415982262202,-3.5674150000000004,16.42110317922566,1.161147341259444,-133.11943,17.296042938634837,1.2230149249602393,0.35737567200000003,0.109527032968171,0.007744730773503627,-65.09159432799999,24.564631166209292,1.7369817274972998
R:A:LEU:10,69.49,3.7800216546998775,0.2672878945070277,-9.691075000000001,0.9572057455818994,0.06768466736916862,-76.51041500000001,2.4477659105345433,0.17308318740962395,0.547415,1.0290626719374287,0.07276571935929033,0.07390692,0.03581109984444488,0.0025322271541755492,-16.090168079999998,4.717691905985073,0.33359119382709335
R:A:GLY:11,81.29433499999999,1.867406855180467,0.13204560505323532,-3.878165,0.6280122035239443,0.04440716877796872,-82.62155999999999,1.8756556897255956,0.13262888573760995,-2.2868,0.9643884072301989,0.06819255824501673,0.19560654,0.02775418572222215,0.0019625172930494137,-7.296583459999999,2.8862618127562696,0.20408953000797356
R:A:GLU:12,93.42127,3.083338367273368,0.21802494681916562,-6.4222,1.0968628902465432,0.07755991877252065,-29.715964999999997,10.254770719220152,0.7251217915073819,-114.445085,9.561185895472121,0.676077938287351,0.48066213599999996,0.07018609796490971,0.004962906581601099,-56.681317864,14.39762508217927,1.0180658328590484
R:A:GLU:13,92.555315,3.078867057177851,0.21770877745023282,-5.75371,0.8224989215190498,0.058159456492474206,-15.63781,13.45334101604133,0.9512948662057942,-124.87771500000001,12.646654983977976,0.8942535498497475,0.8684210159999999,0.16773117919354094,0.011860385422416875,-52.845498984,18.73804491823583,1.3249798627862681
R:A:ASN:14,20.50584,6.37698324871565,0.4509208098679856,-8.387229999999999,0.8812201694809305,0.06231167575583246,-83.78326000000001,3.5265078523094204,0.24936176162755988,-4.8548,2.83207645730125,0.20025804677964876,0.272760948,0.09132622102643959,0.006457739018793689,-76.24668905200001,7.868145875144091,0.5563619303679349
R:A:PHE:15,112.903295,3.238053126181688,0.22896493233653709,-15.237015000000001,0.8460624295966581,0.059825648127496286,-86.61389000000001,1.472966377043278,0.10415445136670827,-0.29466000000000003,0.5606947782885088,0.03964710799036923,0.006173352,0.009258693472023792,0.0006546884938995643,10.763903352,3.699311285692894,0.26158080958333707
R:A:LYS:16,119.71933000000001,3.5210100413233705,0.24897300768456812,-10.489975,1.2340488298179288,0.08726042958795813,-190.415065,12.548695905183735,0.887326796960328,68.31877,11.597188992902549,0.8200450979583379,0.32549947200000007,0.1096766081586243,0.007755307336650307,-12.541440527999999,17.489910767117344,1.2367234505776286
R:A:ALA:17,86.36828,2.503468925630993,0.17702198538034758,-7.02177,0.5627973499404559,0.039795782257671476,-77.36384,1.3754200647075054,0.09725688547347171,0.108815,0.6263764609043032,0.044291504308106314,0.0636525,0.03682900979803285,0.002604204257257483,2.1551375,2.9781842991725176,0.21058943135681926
R:A:LEU:18,81.197405,3.1730388984339597,0.22436773220513456,-11.826010000000002,0.9383066928781869,0.06634830253668891,-84.48195500000001,1.725303521985334,0.12199738200008634,0.12012,0.6033648776652483,0.04266433965268887,0.007359732000000001,0.008525870935087863,0.0006028701153721919,-14.983080267999998,3.7801308720631877,0.2672956173408497
R:A:VAL:19,53.55014,3.3200131084680975,0.23476037826260204,-10.173259999999997,0.8600928742874224,0.060817750385886514,-56.87838,2.875001837495065,0.2032933295216545,-0.52278,0.4602803510905066,0.03254673575030221,0.016675308,0.015673338377089164,0.0011082723850271104,-14.007604692,4.498887197245101,0.31811936449653516
R:A:LEU:20,73.08092500000001,2.9030657001478626,0.2052777442804626,-11.584565,0.850553799459505,0.06014323593617989,-74.465855,1.3307913187179279,0.09410115658096348,-1.669645,0.5432338345270846,0.03841243281640724,0.027069012,0.021879572308430892,0.0015471193948752887,-14.612070988000001,3.349301341143314,0.23683136905596355
R:A:ILE:21,77.10754,2.7957359976220935,0.19768838823259197,-11.29968,1.0757838247529101,0.07606940375735832,-65.08836,1.3260279787395135,0.0937643375809801,-0.67336,0.4856876057714465,0.03434329995792484,0.000524592,0.001780906724996006,0.00012592912219054018,0.046664592000000484,3.311751263067437,0.23417617757180983
R:A:ALA:22,87.40414499999999,2.088679174496409,0.14769192080095309,-7.50726,0.6291051441531852,0.044484451351005774,-74.11405,1.3177632782484114,0.0931799350048067,-1.624155,0.6946351567369737,0.04911812297792944,0.032629464,0.014712076343273373,0.0010403008947662787,4.191309464000001,2.6415125364155156,0.1867831427088688
R:A:PHE:23,97.93565500000001,2.9658787072257358,0.20971929460561087,-14.514710000000001,0.8913222626525155,0.06302600161441306,-75.458065,1.3380440653337988,0.09461400321239449,-2.52032,0.5617495862036749,0.039721694173335556,0.0021207599999999997,0.004089600998239315,0.0002891784598202293,5.444680759999999,3.420063321794836,0.24183499669285177
R:A:ALA:24,89.79409,1.9952129840946806,0.14108286309647958,-8.47946,0.6297682735737011,0.04453134168201089,-76.75902500000001,1.0063546613272083,0.07116002053031605,-0.466565,0.6049159493475106,0.04277401698315228,3.4848e-05,0.00023387417663350518,1.653740162419719e-05,4.089074848,2.399199031999457,0.16964899049430168
R:A:GLN:25,32.641325,2.552746695106077,0.1805064498761055,-12.62372,0.7731103230458122,0.054667155203101614,-75.54043999999999,1.710406652349084,0.12094401424626189,-5.843425000000001,0.9733333880921788,0.06882506390752573,0.031916195999999994,0.010523782674000066,0.0007441438092518945,-61.334343804,3.3146937734505384,0.23438424447637013
R:A:TYR:26,86.810525,3.103699147690543,0.21946467140948908,-14.30785,0.8569141482669077,0.060592980513422504,-78.66785,2.494378453142185,0.176379191906245,-1.9255649999999997,1.6414590112990943,0.11606867979293553,0.040603968000000004,0.021241627914238965,0.001502009914159983,-8.050136032000001,4.391356626021901,0.3105158048868564
R:A:LEU:27,68.456755,3.0534964835373564,0.21591480698385418,-10.48102,1.1304926711836747,0.07993790338756702,-73.85771,1.6080581910801612,0.1137068851455355,1.16972,0.48909690409979084,0.03458437375463086,0.003423168,0.006699672256504492,0.0004737383684301705,-14.708831832000001,3.664282503803896,0.2591039006622956
R:A:GLN:28,31.113045000000003,2.64788216372538,0.18723354337531242,-10.712715000000001,1.0514906104074349,0.07435161409730794,-84.36038,1.9968758888824312,0.1412004482216682,-2.429135,0.9793902372267145,0.06925334781709112,0.077522328,0.021230692180096624,0.0015012366409830529,-66.311662672,3.614426891142695,0.2555785764830011
R:A:GLN:29,27.423560000000002,2.9238643105315267,0.2067484281246172,-7.3307150000000005,1.2931840718842,0.09144192265517495,-74.90979499999999,3.0804889064846503,0.21782345951452287,-3.4837699999999994,1.7983508798618806,0.127162610210313,0.57380544,0.07182064009699718,0.005078486164174516,-57.726914560000004,4.790609934506664,0.33874727707093044
R:A:CYS:30,103.04064999999999,3.325242554686801,0.2351301559509116,-6.734534999999998,1.0090933796111239,0.07135367715734767,-82.50275000000002,3.4991292341809843,0.24742580097374647,1.5115299999999996,1.0703064603654413,0.07568209560721743,0.07223256,0.03926218560795616,0.0027762557687590673,15.387127560000001,5.0464354084931795,0.3568368698165432
R:A:PRO:31,82.55985499999998,2.40886693571376,0.17033261452192588,-7.024275,0.7530716163652698,0.053250204665099644,-53.789570000000005,1.5660885176451556,0.11073918107652775,-6.178825000000001,1.0498780569070867,0.0742375893457957,0.4609062,0.062233673530332434,0.0044005852571447806,16.028091200000002,3.1509533450919394,0.22280604775169457
R:A:PHE:32,93.40291500000001,3.191390129359775,0.225665360188211,-12.978025,0.951073206632907,0.0672510313814963,-66.934285,1.8088498262086323,0.1279049978260232,-6.967165,1.3069664409521005,0.09241648331804776,0.16060626,0.07547845638660876,0.005337132834446413,6.68404626,4.009402345871329,0.2835075587270868
R:A:GLU:33,93.749165,2.7408950869697657,0.1938105502517213,-5.225145,0.6676478367934701,0.0472098312841192,-22.886585,7.921198646213526,0.5601133277863284,-122.55909,8.10834571487304,0.5733466239191611,1.000008972,0.08679980768523865,0.006137673261992045,-55.921646028000005,11.681457612089304,0.826003789165156
R:A:ASP:34,99.78487000000001,6.3817938460200985,0.4512609704655389,-5.714790000000001,1.0587504880282228,0.07486496496693229,-24.39587,18.24881039857393,1.290385758141921,-131.932895,14.41530977239043,1.019316329296198,0.539627112,0.12086457950742167,0.008546416377495848,-61.719057887999995,24.13882951455299,1.7068730039646396
R:A:HIS:35,118.06903,3.5430536912527875,0.2505317291192874,-11.718354999999999,1.1237589505650223,0.07946175743636055,-90.99683,2.2738565062685905,0.16078593550276715,-6.074305000000001,1.3756215475104334,0.097271132459096,0.04287672000000001,0.05513696375344584,0.003898772096409843,9.32241672,4.569667578273276,0.3231242932365342
R:A:VAL:36,63.067235000000004,3.422649479537015,0.24201786566052305,-5.89338,1.2048249315149484,0.08519398792168377,-60.92956,3.092147825767714,0.21864786960315896,-2.19965,1.3528435340053186,0.09566048367795345,0.51405498,0.1616179440676845,0.011428114421168787,-5.44130002,4.9582070084981,0.3505981798235672
R:A:LYS:37,120.01553500000001,3.3254147513919223,0.23514233209670052,-5.692645,1.104065138012699,0.07806919459604408,-174.137875,14.919350821311731,1.0549574136650612,50.48664000000001,14.80558527618547,1.046912974822645,1.1063505599999999,0.17603005818160034,0.01244720478328721,-8.22199444,21.30963899222388,1.5068190236038772
R:A:LEU:38,77.5058,4.512008628094588,0.3190471897697894,-9.825750000000001,1.0254493003069436,0.07251021540100402,-81.26895499999999,3.8287022544166325,0.2707301327242223,-2.0667400000000002,0.9571686070907257,0.06768204128127342,0.12388759199999999,0.06500268963203241,0.004596384263417461,-15.531757407999999,6.081868641506031,0.43005305586947296
R:A:VAL:39,50.850295,2.9636455452659987,0.20956138620908907,-9.508275,0.9965466067249439,0.07046648633836514,-56.541329999999995,2.240667414209436,0.15843911229712188,-1.9814850000000002,0.7835322582861538,0.055404097311254875,0.046768031999999994,0.03817367135386084,0.0026992861877101655,-17.134026967999997,3.925846475272515,0.2775992664562501
R:A:ASN:40,20.960985,7.45897259042926,0.5274290099377118,-7.354380000000001,0.937045220680411,0.06625910298215634,-85.071455,7.330511999033559,0.5183454744085984,-8.349929999999999,3.6625502542763835,0.2589814121235345,0.45710229599999996,0.08819773641000309,0.006236521750081684,-79.357677704,11.120826643022443,0.7863611931681198
R:A:GLU:41,110.79343499999999,2.822454835028366,0.19957769534413158,-7.00254,0.9752844089802728,0.06896302191754651,-30.541364999999995,13.321131883656696,0.9419462688013976,-128.42045,12.88919183143381,0.9114034948021102,0.595022616,0.1167753127967917,0.008257261555379163,-54.575897384,18.775379841087872,1.3276198404986437
R:A:VAL:42,58.65045,3.5202053658131938,0.24891610853357804,-8.986475,0.8097008270805953,0.057254494556104506,-60.482035,2.816933469887956,0.19918727587091248,-2.6116949999999997,0.534654451000831,0.03780577878942583,0.064700316,0.04090443886092735,0.0028923806099192266,-13.365054683999999,4.611952295475694,0.3261142742639727
R:A:THR:43,36.154070000000004,2.752625035325371,0.19463998285424297,-9.686605,1.049325697281354,0.07419853162209478,-51.644815,2.195903005775756,0.15527379062119592,-0.9047149999999999,1.034972813060807,0.07318362944590136,0.018631908,0.019873533775298647,0.0014052710498653562,-26.063433092,3.8172742495096834,0.2699220507477086
R:A:GLU:44,89.271755,3.0577029131318496,0.21621224647293916,-6.64722,1.0599873072824977,0.07495242129511227,2.41325,10.848819070179944,0.7671273532390174,-142.720555,10.834913006894656,0.7661440460741537,0.7058507039999999,0.12649009095142424,0.008944200106465523,-56.976919296,15.671034905970918,1.1081095050223126
R:A:PHE:45,93.03108999999999,3.095890324591619,0.21891250423285555,-12.148535000000003,0.9379179808357445,0.06632081644457492,-70.23454,1.4815350243581829,0.10476034622890479,-3.2683500000000003,0.7274708224389483,0.05143995516619352,0.251005428,0.06504025993900713,0.004599040885300768,7.630670428000001,3.632164244907977,0.25683279679577464
R:A:ALA:46,100.54458999999999,2.0090622020982822,0.14206215069292732,-8.35432,0.5852783590736975,0.04138542965827466,-80.941355,1.2750655390900498,0.09016074891478551,-2.21143,0.5735594695408665,0.04055677903261057,0.000232488,0.0009333140326042462,6.59952681431025e-05,9.037717488,2.516673430274592,0.17795568485791738
R:A:LYS:47,140.245755,3.3215900190985335,0.2348718826826127,-7.86354,1.0650855544978535,0.07531292181292663,-232.58161500000003,14.716053093026506,1.040582093438031,83.06331999999999,13.42155779921243,0.9490474533910304,0.705196224,0.11527345146849825,0.008151063922415349,-16.430883775999995,20.220808288897935,1.4298270662152879
R:A:THR:48,41.279309999999995,3.230786723678924,0.22845112008808358,-6.3077499999999995,0.9476074173939332,0.06700596307419213,-60.68553,2.941732535275768,0.20801190241305903,-2.19623,0.9323017789857532,0.06592369100331079,0.39181121999999996,0.051609281852221106,0.0036493273169873365,-27.51838878,4.5674482050236,0.32296735984905117
R:A:CYS:49,88.78254999999999,2.0914787896366533,0.14788988348599102,-8.984535000000001,0.5767480808593991,0.04078224790120083,-73.79393,1.3168680780928663,0.09311663479475618,-3.766905,0.8295570540806703,0.05865854183215775,0.024802056000000003,0.014728104056668802,0.0010414342252491608,2.261982056,2.670102101867849,0.18880473026912095
R:A:VAL:50,46.32786,3.431508577928956,0.2426442985153371,-6.287090000000001,0.8443684811147322,0.05970586788164124,-48.680020000000006,2.7549321152434953,0.19480311803972747,-3.6450249999999995,0.9867403682707017,0.06977308056747243,0.47464977599999997,0.06735668198916737,0.004762836659276604,-11.809625224000001,4.588687578042724,0.3244692103180485
R:A:ALA:51,80.36745,2.3313141953627783,0.164848807661748,-3.0849649999999995,0.48051720445266055,0.033977697374527896,-68.625435,1.1531856380370857,0.08154253846229588,-3.0397149999999997,0.692691976115647,0.048980719358488405,0.659905416,0.032395484108568955,0.0022907066492990143,6.277240416,2.7343429591431336,0.19334724484998006
R:A:ASP:52,110.11327000000001,3.418974389652546,0.24175799756264527,-4.073485,1.214128905748891,0.08585187824896436,-21.84335,5.798608484584901,0.4100235380895833,-150.44223,4.529761996738902,0.3203025425055193,0.565348896,0.07126979043886957,0.005039535211306884,-65.680446104,8.20433899619611,0.5801343739363501
R:A:GLU:53,98.95345499999999,3.031143862962463,0.21433423802527446,-5.343205,1.1461413930990363,0.0810444351258925,1.0890050000000002,10.26254017848286,0.7256711752404632,-149.53643,8.724139691975363,0.6168898336214497,0.61485768,0.08663837907203943,0.006126258535284974,-54.222317319999995,13.854216820150942,0.9796410661557458
R:A:SER:54,66.61827,5.068522709537761,0.35839867785121643,-1.862525,0.8967072316954959,0.06340677642709018,-66.38267,5.272358621252921,0.37281205339352963,-3.95723,1.7326507054510438,0.12251690632520884,0.777376692,0.03820195003103816,0.002701285792149672,-4.806778308,7.569366525916233,0.5352350399761827
R:A:ALA:55,85.89590500000003,2.2731790879679945,0.16073803479536203,-2.2354399999999996,0.45901381939980845,0.03245717843559418,-72.77522,1.3747780844921846,0.09721149061710761,-3.98058,0.8694666661810561,0.061480577567228495,0.7633814759999998,0.06351517260205962,0.004491200925515037,7.668046475999998,2.8333828005981956,0.20035041920003155
R:A:GLU:56,101.678545,2.770843107787772,0.19592819511207415,-6.438635,1.2542873202639817,0.08869150697149643,11.516985,6.685947049952983,0.4727678497675947,-160.41101,5.9260256504591675,0.41903329229250985,0.44975034,0.06109134357428718,0.004319810331317568,-53.20436466,9.437913346004228,0.6673612527210608
R:A:ASN:57,11.100974999999998,4.18809343429382,0.29614292676320164,-5.105235,1.001274587600724,0.07080080507222358,-76.19058,7.0524959229764885,0.4986867691427154,-7.060495,4.265002759667923,0.30158123731405273,0.632715732,0.09168669208121415,0.006483228171518945,-76.622619268,9.299410258034097,0.6575676054491651
R:A:CYS:58,88.37495999999999,2.3181301318951015,0.1639165535935892,-7.522384999999999,0.6938337457741588,0.04906145466529707,-81.54790499999999,1.7903610713973312,0.12659764543574656,0.653295,0.953740959577075,0.06743967000123147,0.0070841160000000005,0.008392977758635132,0.0005934731487478771,-0.03495088399999961,3.1575651380772274,0.22327357211726448
R:A:ASP:59,98.45638500000001,3.4908864328097238,0.24684294689918726,-4.201365,1.114497093659288,0.07880684525391812,1.33196,8.671787184219871,0.6131879522968467,-154.05076,7.987458359353118,0.5647985970343765,0.864417528,0.06834943778550645,0.004833035094841965,-57.599362471999996,12.346353612099229,0.8730190362042389
R:A:LYS:60,136.32747,3.7696465177918212,0.26655426154068523,-7.614059999999999,0.9774966170785453,0.06911944865231494,-216.99772500000003,10.248377056850272,0.7246696913055458,75.63429000000001,9.001501865572212,0.636502301000947,0.7380284760000001,0.08829160996784588,0.006243159613014159,-11.911996524000001,14.185548916033024,1.003069783338043
R:A:SER:61,77.21474500000001,3.453097793282866,0.24417088657306177,-5.587405,0.8059662467963532,0.05699041985171718,-78.950985,4.84686967895517,0.3427254417516665,-0.6811949999999999,2.75171560975603,0.19457567675553641,0.32643662399999995,0.0663655834975767,0.004692755412853851,-7.678403376,6.606205781942685,0.4671292906325451
R:A:LEU:62,69.71725,3.131343874041942,0.22141944875620115,-9.644179999999999,1.0052862963355265,0.07108447571727598,-76.420725,2.3378992577472193,0.16531444188840547,2.9682,1.0300289607579003,0.07283404629704435,0.082856556,0.0272458182595947,0.0019265702850335671,-13.296598444,4.164539581885089,0.29447741788707354
R:A:HIS:63,119.81278,2.7077515620159835,0.19146694912699683,-9.6777,0.7798441190391834,0.05514330648410557,-98.05122999999999,3.326618323027155,0.23522743746319222,-7.444069999999999,2.1670832275434186,0.15323592455915813,0.479686716,0.06414889495555277,0.004536011862869487,5.119466716,4.86896597179771,0.3442878856024709
R:A:THR:64,39.34084,3.113405197593143,0.22015099277995542,-7.758265,1.0387839788786695,0.07345311956530505,-54.349725,2.5322172772838827,0.17905480082051695,-0.7131149999999999,0.646849187813512,0.045739144710794495,0.198991548,0.043335890710113435,0.003064310218988032,-23.281273452,4.195805082430383,0.2966882226323505
R:A:LEU:65,59.64663,3.036189701435007,0.21469103268534526,-10.22681,0.8502254547471513,0.060120018458912676,-64.18826500000002,1.5862814613980079,0.1121670378225038,0.72113,0.7470524634187347,0.05282458627855025,0.13921700399999998,0.04997068179418791,0.0035334607957185427,-13.908097995999999,3.6080749096871547,0.25512942356688273
R:A:PHE:66,100.23099,3.162127899042036,0.2235962080391794,-12.64699,0.8079277318547744,0.057129117790317756,-82.47684500000001,1.5709011366012187,0.11107948462643767,1.28338,0.8483462887288421,0.0599871413554605,0.14614829999999998,0.041612062282174865,0.0029424171418882808,6.5366833,3.720343188484414,0.2630679896918511
R:A:GLY:67,76.562835,1.8182756248091207,0.1285715024368736,-5.838905,0.6628821886089563,0.046872849069317296,-79.861695,1.2761967802713652,0.09024073974583206,3.1618049999999998,0.6432283940988612,0.04548311593190378,0.003393504,0.005216563115959012,0.00036886671537822435,-5.972566496,2.4058236105813617,0.17011741893807847
R:A:ASP:68,91.01097,3.1730590380735113,0.22436915629270432,-5.784644999999999,1.1631335387542567,0.08224596126786408,-18.69075,7.575960808207761,0.5357013261487225,-130.372475,7.185275599402919,0.5080757101032038,0.439994952,0.0539388415439792,0.003814052062509436,-63.39690504800001,10.974855821083805,0.7760394973633014
R:A:LYS:69,127.47348999999998,3.428749595683534,0.24244920900984598,-9.588895,1.2105906343496138,0.08560168467895361,-212.40394999999998,9.968501818603436,0.704879523420492,83.52815000000001,8.964134067354191,0.6338599986491497,0.39643660799999997,0.10374991986876873,0.007336227188676729,-10.594768392,13.89098072868679,0.9822406670586078
R:A:LEU:70,65.672955,4.121804961782519,0.29145562392047775,-11.461979999999999,1.1197178437445747,0.07917600803273678,-76.843395,2.755675584856643,0.19485568928023378,1.069435,0.6644641493526945,0.04698471058626411,0.003234852,0.005770349044875535,0.0004080252939444808,-21.559750148000003,5.126240145004241,0.3624799168523209
R:A:CYS:71,97.97920500000001,2.2244869887178482,0.15729498343836334,-7.515899999999999,0.6957732461082418,0.04919859804913144,-89.83639500000001,1.3685461113806143,0.09677082357237125,-1.8193349999999997,0.831308115427126,0.058782360567393,0.16917749999999998,0.03831426825934693,0.0027092278902384713,-1.0232474999999994,2.8280562932652615,0.1999737782545158
R:A:THR:72,52.440095,3.237874553773663,0.22895230536047237,-4.66887,1.0062488077508465,0.0711525355521502,-62.157335,3.252630246857918,0.22999569042457077,-3.16562,1.2599482075069595,0.08909179214720063,0.612518652,0.07374370127982792,0.005214467124476141,-16.939211348,4.865067258623302,0.34401220495011836
R:A:VAL:73,40.076985,3.3188548182731643,0.23467847477746012,-7.207575,0.8702898450372726,0.061538785102364504,-43.27102,2.294554632080047,0.1622495140146805,-1.2104599999999999,0.8984395351942166,0.06352926878219203,0.253716912,0.07485871760692842,0.005293310685078788,-11.358353088,4.224923680346398,0.29874721843685637
R:A:ALA:74,93.21414,2.1199817099211025,0.1499053443076664,-7.075799999999999,0.6557975754758476,0.046371891270466856,-80.325305,1.6562580813312275,0.11711513207043313,-1.91221,1.4730393158025348,0.10415960891583646,0.012303036,0.0161394275505516,0.0011412298665464025,3.9131280359999994,3.1365090545695318,0.22178468217391228
R:A:THR:75,39.915055,4.183020331288745,0.295784204209547,-5.13174,0.944982577828819,0.06682035888859023,-48.57172500000001,3.9218546861625305,0.27731700434137646,-5.211335,1.597031722532461,0.1129271960772736,0.6744532319999998,0.10725945984916656,0.007584389140575189,-18.325291768,6.027736744272441,0.4262253527082365
R:A:LEU:76,76.58498,4.125622817175608,0.29172558706428203,-6.3063,0.9540145124682329,0.06745901311166655,-71.18940500000001,3.6183921762262035,0.25585896448018974,-2.8249,1.068263296196214,0.07553762208330363,0.74501982,0.08090599432520436,0.005720917722599233,-2.99060518,5.67198391310243,0.4010698287735737
R:A:ARG:77,-192.90578000000002,4.088098307477451,0.28907220353745533,-7.1237900000000005,1.0773634790078974,0.07618110218092149,-42.61221,18.134485500997815,1.282301767108468,65.88098,15.251031605750477,1.0784107868516521,1.09188612,0.1375748255844913,0.009728009209135033,-175.66891388,24.06960149432546,1.701977843709539
R:A:GLU:78,100.09843000000001,3.126903286815888,0.22110545182220182,-4.037025,0.6535962242661749,0.04621623223365358,-20.620230000000003,4.42291290295208,0.3127471706274894,-137.492695,4.394798928503442,0.3107592124296157,1.218216744,0.07432070480029683,0.005255267434685348,-60.833303256,7.006186689327655,0.4954122118282512
R:A:THR:79,36.261415,3.718494997008198,0.26293730281927474,-5.592735,0.7344899623378117,0.051936283308251854,-44.662980000000005,3.1906728897835954,0.2256146436914058,-5.872674999999999,1.4072894582760862,0.09951039190393635,0.587479572,0.10295950635744529,0.007280336513296901,-19.279495428,5.1515180594145615,0.3642673353217
R:A:TYR:80,79.887475,3.2603877590518278,0.23054422937231586,-12.495475,1.244797710222428,0.08802049021037657,-75.610015,3.000887409546549,0.21219478368676972,-5.267825,1.727945636984856,0.12218420774337001,0.19519999200000002,0.09080156064494892,0.006420639927436492,-13.290640007999999,4.917216282747339,0.3476996978091551
R:A:GLY:81,79.144185,2.4187756883958875,0.17103326914338918,-4.209185,0.5999511319890979,0.04242295138100365,-78.4619,3.1619981103726165,0.22358703059435264,-1.95245,1.678494062396409,0.11868745337018569,0.20618136,0.07808399819087135,0.005521372462292323,-5.273168639999999,4.362578213605283,0.308480863829699
R:A:GLU:82,94.87863499999999,3.069314699045212,0.21703332372904166,-5.81207,1.386360445591261,0.09803048722463843,-12.682379999999998,13.51891221014472,0.9559314498058947,-131.09689500000002,12.365217328618813,0.8743529023911769,0.688699836,0.17556928952896148,0.012414623519403296,-54.024010164,18.62882442646008,1.317256807748352
R:A:MET:83,85.06200000000001,2.852768234539918,0.20172117637967513,-12.150250000000002,0.9976405251893088,0.0705438380547869,-68.44814000000001,1.9337769469098554,0.1367386792462177,-2.42284,1.1573365605561763,0.08183605300843876,0.0024905519999999996,0.006921635478591458,0.0004894335383813414,2.043260551999999,3.769952562213177,0.2665759021492537
R:A:ALA:84,87.678045,2.10563490733199,0.1488908721677558,-7.13825,0.8158814665746488,0.057691531765935965,-75.805725,1.7963225849983062,0.12701918810508506,-2.435135,1.3012390505879385,0.09201149566154762,0.09199961999999999,0.053207598488573045,0.0037623453701921094,2.3909346199999995,3.1657842433055854,0.22385475062149024
R:A:ASP:85,104.06052,4.634403418952649,0.3277018084295539,-6.90288,1.1057195329738911,0.07818617798562608,-40.154815000000006,13.346174841533248,0.9437170733349456,-124.10730500000001,11.909795956353534,0.8421497483285707,0.39509326799999994,0.11981184110397843,0.008471976531106828,-66.709386732,18.5115717386509,1.30896579068213
R:A:CYS:86,87.057815,2.3212803149932153,0.16413930517665476,-8.934405,0.7269035087100626,0.05139984002771798,-77.73093499999999,1.4975077464824684,0.10588978824171387,-0.02740500000000001,0.671385731882202,0.04747414038057982,0.0048927599999999995,0.009427943762157262,0.000666656296686681,0.3699627599999999,2.9342985788129305,0.20748624231046722
R:A:CYS:87,83.522445,2.3579962482953616,0.16673551371820883,-6.912835,0.5901825546176369,0.0417322086508131,-71.628685,1.2932176250635468,0.0914442952232396,-3.5068349999999997,0.8478203629159895,0.059949952784593585,0.2588184,0.05203113207670962,0.003679156632425426,1.7329084000000006,2.881385116051859,0.20374469547702567
R:A:ALA:88,100.261975,2.2469667853297257,0.15888454510075864,-3.3803750000000004,0.5499368276220461,0.03888640600357662,-80.726435,1.644039618067338,0.11625115624747563,-2.7074000000000003,0.7514039792282179,0.053132284912282855,0.624118968,0.0700841393387846,0.0049556970180077466,14.071883967999998,2.936609650789811,0.20764965977713346
R:A:LYS:89,132.778845,3.235364661205132,0.22877482915494657,-8.418095000000001,1.0478117321231901,0.07409147811911299,-219.25369000000003,9.608621379984749,0.6794321335641258,82.45661,8.327777833125712,0.5888628178018204,0.637691652,0.06232057433350639,0.0044067300718662675,-11.798638347999999,13.162327538575207,0.9307171058724967
R:A:GLN:90,30.373920000000002,2.9914161384869207,0.2115250636874978,-4.912235,1.0116682113099136,0.07153574525281049,-80.75390499999999,4.886343027866034,0.34551662902076796,-10.684235,3.726760359853448,0.2635217522309591,0.927581112,0.0833284945406903,0.005892214355578832,-65.048873888,6.909708943734708,0.48859020501401484
R:A:GLU:91,103.526395,2.809908423592306,0.19869053008353216,-5.212445,1.4052473935129715,0.09936599611977429,-5.418810000000001,7.492043504538665,0.5297674767003916,-137.140965,6.079533428132048,0.4298879313482469,0.3268086479999999,0.05583829782129909,0.003948363903935461,-43.919016352,10.147160493415317,0.7175125994682204
R:A:PRO:92,78.78372,2.6222046910186094,0.18541787186784342,-4.898105,0.8324278491106601,0.058861537695467994,-52.551105,1.6974926815674347,0.12003085861508699,-8.013135,1.4968007304831863,0.10583979466096388,0.752709996,0.07729175509296178,0.0054653524156043146,14.074084996000002,3.5632515223781707,0.2519599314546893
R:A:GLU:93,103.72597000000002,3.341340118739785,0.23626842562115657,-6.856045,1.0041383435438564,0.0710033031969288,-7.1052800000000005,9.590537597111018,0.6781534170141738,-140.29852499999998,9.026057840462524,0.6382386706373055,0.625070448,0.06596677068831015,0.004664555088668208,-49.908809552,13.624438731848185,0.9633933017150498
R:A:ARG:94,-198.38203000000001,3.964937685399355,0.28036343243279777,-12.834520000000003,1.5105442560878513,0.10681160867621084,-91.386035,6.476173411342148,0.4579346135300049,119.019585,5.318701395338433,0.3760889823750158,0.149962896,0.023712153957605453,0.0016767024859962246,-183.43303710399996,9.393212637404483,0.6642004353035884
R:A:ASN:95,25.47422,4.8897853778668035,0.3457600399236441,-9.0947,0.9522860389609835,0.06733679157785882,-86.02962,5.142519930501,0.363631071524423,-13.181129999999998,3.8628293145180517,0.2731432802861897,0.132957612,0.07494095165121842,0.005299125510114974,-82.698272388,8.13568850414852,0.5752800510904857
R:A:GLU:96,98.79539999999999,2.95172179413982,0.20871824968123892,-7.27611,0.9210578037778085,0.06512862189160769,14.409234999999999,7.009758937351199,0.495664807908404,-162.43272,6.196297958587853,0.4381444304769832,0.7081539120000001,0.09110471915921949,0.006442076471558008,-55.796041088,9.853940219482158,0.6967787950602691
R:A:CYS:97,83.993505,2.0458022582779107,0.14466006497950634,-7.19509,0.911405509035358,0.06444610158496789,-74.36212499999999,1.8943272102187103,0.13394916161318446,0.11431999999999999,1.2641015495600028,0.08938547778023005,0.11502892799999997,0.052776288275425506,0.0037318471325409456,2.665638928000001,3.1945548242993316,0.2258891379134257
R:A:PHE:98,100.06932,3.0481480914811208,0.21553661855471332,-15.280325,0.8903253559092877,0.06295550966257837,-76.78637,1.257069879958947,0.08888826365443307,0.969265,0.8587189614623635,0.06072060007835068,0.02010942,0.018462165652977983,0.0013054722528610095,8.99199942,3.521626018817245,0.24901656387086582
R:A:LEU:99,67.03407,3.252185810358935,0.22996426401834702,-9.760885,1.0775245434675722,0.0761924911580859,-72.340685,1.6499702287541427,0.11667051375079733,1.277925,1.029202020681557,0.07277557280348264,0.17653626000000003,0.060674201215498505,0.004290313912255606,-13.61303874,3.9399380199081993,0.2785956891331786
R:A:GLN:100,29.81022,3.2671529030028577,0.2310225972886635,-5.835039999999999,0.778417631095288,0.05504243855426465,-72.97214,3.807148411921973,0.26920604590536223,-11.142784999999998,3.480189168533084,0.24608653608817163,1.02570912,0.134078081489902,0.00948075206299922,-59.11403588,6.156646385095623,0.43534064082687596
R:A:HIS:101,106.959105,2.979052232501975,0.21065080351110696,-9.922455,0.9628102917890938,0.06808096863202667,-76.66822,3.800720633195763,0.26875153331283524,-4.7258,2.2148059034597143,0.15661042733483618,0.294504264,0.08743057243724706,0.006182275065339905,15.937134264,5.400022452596535,0.38183924947906217
R:A:LYS:102,122.32715,3.333459522403115,0.23571118331021126,-10.798499999999999,0.9178047286868813,0.06489859474595731,-199.14164499999998,5.053615133641956,0.35734455305051877,75.28969000000001,4.887113217831156,0.34557108967548195,0.143674992,0.05865799688009757,0.004147746736473634,-12.179630008000002,7.834581047571912,0.5539885386493704
R:A:ASP:103,95.02278,2.683129739986495,0.18972592339477484,-6.846844999999999,1.0635248708774985,0.07520256481580265,-72.76123499999999,11.171739747227154,0.7899612932915606,-88.32232,9.131595357745546,0.6457013000513473,0.266271336,0.04565433480132094,0.0032282489728575024,-72.641348664,14.714827808310776,1.0404954527248933
R:A:ASP:104,73.227445,2.676624272656699,0.18926591738840623,-7.36428,1.080230994556257,0.07638386614986177,-54.193554999999996,6.455562295181961,0.45647718752953576,-75.260705,5.606173711897892,0.39641634481927573,0.099029016,0.048949534104436004,0.0034612547501168874,-63.492065984,9.024249597080859,0.6381108085215844
R:A:ASN:105,27.520165,3.1394518355558505,0.22199276821300956,-6.131804999999999,1.0366066356024353,0.07329915814574543,-84.30076000000001,4.437099839129158,0.3137503385049967,-3.52784,2.8298546242519245,0.2001009394580645,0.32229936000000003,0.1437254278217797,0.01016292246417181,-66.11794064,6.216695289311883,0.43958673956428984
R:A:PRO:106,79.852905,2.425255773310312,0.1714914803419546,-7.307975,0.684439817935076,0.04839720365759782,-57.59182,1.9507328309125262,0.1379376413021478,-0.34934,1.3422022777510103,0.09490803323217693,0.21688081199999998,0.03399719837224026,0.002403964951035534,14.820650811999998,3.4580839740884204,0.24452346279904472
R:A:ASN:107,17.069245000000002,7.767046944944713,0.5492131564564664,-3.254975,0.5545591982602038,0.039213256965916515,-71.13447000000001,7.947609613531607,0.5619808651951596,-14.544130000000001,2.518878068327247,0.1781115763096268,1.2063231719999998,0.03882943044769027,0.002745655357917319,-70.658006828,11.40812461214458,0.8066762273868584
R:A:LEU:108,80.476125,3.2167466871631345,0.22745833958524142,-7.22089,0.8199545279465197,0.05797954069755985,-71.19334,2.033118568701786,0.14376319268853205,-4.52806,1.0898521580471363,0.0770641851445923,0.31027625999999997,0.042225868131992264,0.0029858197697620664,-2.155888739999999,4.0426373250657175,0.2858576266431814
R:A:PRO:109,96.216705,2.5592073124260564,0.18096328450786636,-3.23509,0.6945126722385992,0.04910946201599036,-70.393125,1.8706537144471709,0.1322751926737398,-2.11286,0.8557595342150738,0.060511336970851995,0.7720907399999999,0.05443206423537877,0.003848928173481807,21.24772074,3.356564086870221,0.2373449227313165
R:A:ARG:110,-192.868735,3.7215021543423847,0.26314994095358457,-5.176275,1.0503499223473098,0.07427095527105464,30.62734,13.120829126408132,0.9277827250073154,0.871505,10.32707224095847,0.730234281138509,1.2734801279999999,0.2482064035008211,0.0175508431049355,-165.27268487199999,17.141149252522826,1.212062287378961
R:A:LEU:111,76.970985,4.679760130046732,0.33090901222824837,-6.62144,0.8994483567164931,0.06360060323613291,-80.49967,3.6915103211422826,0.26102919808998376,-3.69098,1.2732110506903402,0.09002961678247887,0.454189572,0.1321869031295401,0.009347025558694705,-13.386915428,6.162381879536027,0.4357462015281027
R:A:VAL:112,65.74072,3.930085192664403,0.27789898903738386,-3.41126,0.8017373400310104,0.05669139098663923,-62.353485,2.6588962578060467,0.188012357436619,-3.42471,1.2416089706103124,0.08779501227006006,0.913976532,0.10195218900764895,0.007209108420412116,-2.534758468,4.9709223267436435,0.3514972885992041
R:A:ARG:113,-180.99917000000002,4.454253324756013,0.31496327310577016,-7.3831299999999995,0.9848338606587408,0.0696382701213923,18.673045,14.030246222820718,0.9920882245873475,13.234570000000001,11.763509420453575,0.8318057281754556,0.7101805679999998,0.12108553024353891,0.008562039953877514,-155.764504432,18.869363928810888,1.3342655190739012
R:A:PRO:114,84.64285500000001,2.477702688777449,0.1752000372998676,-5.67327,0.6493112713483419,0.045913240307127096,-66.0488,1.6524036401557585,0.11684258192114724,-0.7245450000000001,1.406812620065302,0.0994766743506989,0.475912332,0.063308360311619,0.004476577088214709,12.672152332000001,3.3577050536840405,0.23742560126843254
R:A:GLU:115,104.03017,2.9995606946851403,0.2121009707792494,-5.330699999999999,0.9750101332806752,0.06894362769683648,-37.145255,8.23996066495314,0.5826532062898778,-115.68876,7.679917497108937,0.5430521741158947,0.910829304,0.06514104319677098,0.004606167337800258,-53.223715696,11.697450021221877,0.8271346232596714
R:A:VAL:116,43.29200500000001,3.3485343010002153,0.2367771311273008,-7.12032,0.9395812778041078,0.0664384293011206,-48.19627,3.187306486219987,0.22537660301260198,-1.089205,1.6338893974118933,0.11553342726187515,0.18583812,0.06760975554174412,0.004780731661793203,-12.92795188,4.992853214515165,0.3530480365452725
R:A:ASP:117,86.84602999999998,9.673351390242164,0.6840092364840551,-5.215350000000001,0.9793994014190534,0.06925399582334582,-34.34093,11.082453732594601,0.7836478186503807,-112.31581999999999,11.578562830835267,0.8187280294078125,0.7520455799999999,0.10806214979865429,0.007641147891222496,-64.27402442,18.746427011500597,1.3255725662850737
R:A:VAL:118,53.8848,3.0789542136900963,0.21771494034631614,-5.670305000000001,0.8909026220496828,0.06299632854282065,-57.531935000000004,2.162439361178713,0.15290755361941738,-2.5918799999999997,0.7795464614761586,0.05512225891597695,0.561245616,0.04661483350611631,0.003296166487605673,-11.348074383999998,3.9445755349660634,0.2789236109677057
R:A:MET:119,80.94703,2.8611510007512715,0.20231392746299007,-12.23164,0.9879452922100495,0.06985828155630512,-67.39309,1.6760401074854983,0.11851393255436257,-1.1717250000000001,0.9850548458715382,0.0696538961356434,0.020785716,0.025018016892202788,0.0017690409396316185,0.1713607160000011,3.597539484417679,0.2543844565018097
R:A:CYS:120,95.07967500000001,2.076630790336838,0.14683997138679578,-7.032419999999999,0.6702891492482926,0.04739660027892295,-86.52573999999998,1.593048870060175,0.1126455658781117,-1.078365,0.9711378284131454,0.06866981439377129,0.11720232,0.03346743074510501,0.00236650472287549,0.5603523200000003,2.871187286832867,0.20302360005761252
R:A:THR:121,39.844395,3.754249952916694,0.26546555999766713,-6.41047,0.8879438997481766,0.06278711528251635,-48.087725000000006,3.717620872194339,0.26287549286092643,-4.931745000000001,1.2380844962986168,0.08754579430146829,0.4744273319999999,0.06215162021193153,0.0043947832113587675,-19.111117668,5.499114298804851,0.3888461011204816
R:A:ALA:122,82.178795,1.9933701470060703,0.14095255483628175,-7.206945000000001,0.9199048276724067,0.06504709416934011,-67.70699,1.3137014538699423,0.09289272064860626,-2.5116500000000004,0.9002839093863668,0.06365968573202352,0.06640502399999999,0.04611133834814409,0.003260564003555998,4.819615024,2.7125999185051706,0.19180977970210822
R:A:PHE:123,101.966265,2.946033829536755,0.2083160498470413,-13.430114999999999,1.1540523739306636,0.08160382594508055,-77.160495,2.702446282532735,0.19109180921712735,-3.4812699999999994,1.924836568932542,0.13610649905680478,0.19734346800000002,0.05371621137682902,0.003798309732420577,8.091728468,4.584980846741858,0.3242071048341606
R:A:HIS:124,105.895535,3.12224811614564,0.22077628154735052,-8.597270000000002,0.7625498849911395,0.053920419467025665,-75.58954,2.38179076923226,0.16841804042916544,-15.245915,2.1863029451050466,0.15459496382118987,0.8314740359999999,0.07984601260645834,0.0056459656964733245,7.2942840360000005,4.559510812332739,0.32240610142938636
R:A:ASP:125,93.296255,3.088161075781994,0.21836596380817916,-5.379205,0.6937045502049125,0.049052319158985745,-14.80646,5.741131348297128,0.40595929080635657,-138.970375,5.186459525955542,0.36673807011527304,0.755956152,0.060456718301112704,0.004274935547900164,-65.10382884799999,8.359519808010072,0.5911073143707187
R:A:ASN:126,26.971985,7.129523506853387,0.5041334418324924,-6.09934,0.9027344429011225,0.06383296461860438,-94.58239000000002,7.718931523721402,0.5458108823938013,-5.505599999999999,3.3122244579738256,0.23420963750452287,0.537896448,0.05344239728836363,0.0037789481525467477,-78.677448552,11.05443918644917,0.7816668910952509
R:A:GLU:127,101.20547,3.001042940229279,0.21220578136681378,-7.845834999999999,1.255310116176477,0.08876382956404597,-44.40778,14.875597922154256,1.051863616495979,-106.88866,14.67927615260371,1.0379815710416056,0.503079192,0.13197752937010426,0.009332220598184745,-57.433725808,21.150982062096634,1.4956002844863556
R:A:GLU:128,104.59153500000001,2.96329266336874,0.20953643369083813,-4.692375,1.1222122456892902,0.07935238888574811,-38.072745,15.879615011705258,1.1228583457408485,-115.446185,15.205980477127248,1.075225190996693,0.840768048,0.11930552468137634,0.008436174553522023,-52.779001952,22.213480428157123,1.5707302644504555
R:A:THR:129,40.736075,3.779464174902972,0.2672484747325511,-5.940499999999999,0.7609530603131838,0.05380750691121081,-52.551719999999996,3.166002795576782,0.22387020460079093,-1.86105,1.777286664412919,0.12567314525187948,0.492317028,0.09537369979347983,0.006743938987081961,-19.124877972,5.296679784646915,0.37453181934975355
R:A:PHE:130,89.09017,3.3253851793589266,0.23514024103819406,-13.600825,1.0039710724791826,0.07099147534651608,-66.259315,1.848159886420815,0.13068463884051176,0.35222000000000003,0.9325715477109519,0.0659427665328048,0.16032067199999997,0.05436225463677179,0.0038439918894251166,9.742570672000001,4.044067805759344,0.28595877690306337
R:A:LEU:131,77.20001500000001,3.1393071010614744,0.22198253393876508,-10.195654999999999,1.167757982620971,0.08257295882960111,-77.05278,1.8755354972913738,0.1326203868490814,1.1060349999999999,0.8426820003862667,0.059586615685697404,0.166821552,0.0660973182395602,0.004673786194543828,-8.775563448,3.9307789293730906,0.2779480436304909
R:A:LYS:132,143.003665,3.27485228411527,0.23156702574821617,-9.848395,1.1817712930068152,0.08356384950967134,-201.68334499999997,18.12266999688443,1.2814662848002967,61.9557,15.208079251831903,1.0753735967792775,0.29912079599999997,0.09406241218130855,0.0066512169508167384,-6.273254204000002,23.91332120294273,1.690927158329285
R:A:LYS:133,129.014115,3.418716034094525,0.24173972906594188,-9.17042,0.8612134425332665,0.06089698652642837,-153.86222,7.722519177807201,0.5460645678470634,18.269945000000003,7.505591946140891,0.530725496193536,0.7191717839999999,0.09214038088710368,0.006515308814638236,-15.029408216000002,11.331769971136021,0.8012771389436368
R:A:TYR:134,84.42272000000001,2.971665052054151,0.2101284509722565,-14.99324,0.9941790695845493,0.07029907618169673,-81.84509000000001,1.3935713946188761,0.09854037832026015,-3.395235,0.7455047013768593,0.05271514297500293,0.162375984,0.06796817632411027,0.004806075838366132,-15.648469016,3.5102169973760633,0.24820982422808957
R:A:LEU:135,72.62231,3.4372831108158666,0.24305261965158903,-11.041145000000002,0.8862140339528595,0.06266479529907522,-76.301765,2.645160987496791,0.18704112715890855,-0.6839799999999999,0.5295398753635083,0.03744412367782159,0.05633118000000001,0.02696314462294782,0.0019065822404999999,-15.348248820000002,4.45850946375781,0.3152642275807545
R:A:TYR:136,87.945615,3.0829419321120857,0.21799691462008125,-16.4403,1.1470154532524834,0.08110624051205924,-90.51853,1.7017124490054132,0.12032924123212946,-3.625705,0.621734636299925,0.043963277742622875,0.001682388,0.0043674063057902,0.0003088222615021139,-22.637237612,3.7553393585783743,0.2655425926107508
R:A:GLU:137,101.729855,3.0628597884942423,0.21657689262678734,-8.862225,1.3469558138168454,0.0952441589908536,-100.401255,6.87840558632413,0.48637672338412224,-53.7448,6.016480748743405,0.4254294336314778,0.146364588,0.05474215670820301,0.0038708550225147,-61.132060411999994,9.73184981193432,0.6881456995507784
R:A:ILE:138,75.74929999999999,3.0124302547942916,0.21301098610165628,-10.09201,1.0415682454356987,0.07364999694161568,-63.001599999999996,1.5427604123777614,0.10908963493384695,0.722245,0.5104311461646909,0.03609293247818747,0.072520704,0.037098701630116165,0.0026232743495871566,3.450455704,3.577936054282922,0.2529982846635293
R:A:ALA:139,98.00138500000001,2.143024870778452,0.15153474183788682,-8.453195000000001,0.6338133613099364,0.044817372578889535,-78.67186,1.305656352337781,0.09232384606373371,-0.19423500000000005,0.6241085000022032,0.044131135254772226,3.7476000000000005e-05,0.0002488673490516584,1.7597579013034717e-05,10.682132476000001,2.662428396381761,0.18826211735051684
R:A:ARG:140,-174.248505,3.895479716283348,0.27545201233586036,-14.222615000000001,1.2316471356581804,0.0870906041652887,-31.82521,6.608741623478709,0.4673086017071588,52.068205,5.510927669909577,0.38968143260216415,0.15146373600000002,0.04375411412168579,0.0030938830800254103,-168.076661264,9.525724168698543,0.6735704155399328
R:A:ARG:141,-188.82607500000003,3.9635770976953384,0.28026722435360685,-12.183135000000002,1.264353604327128,0.08940330074373651,-5.87904,7.141111322364328,0.5049528241251849,29.33019,6.008159689447344,0.4248410458859878,0.244534248,0.03959499080151548,0.002799788649677057,-177.31352575199998,10.217805781171737,0.7225079756713644
R:A:HIS:142,116.36988000000001,2.4914343851685117,0.17617101486339912,-12.43584,0.8531975646941335,0.06033017836870699,-80.718485,1.7435247574310495,0.12328581791461254,-7.610175000000001,0.9948061893529815,0.07034342024578419,0.13334047200000002,0.04008247282113737,0.0028342588338551716,15.738720472,3.3115428305817605,0.2341614391694057
R:A:PRO:143,78.36971,2.55648394008255,0.18077071300268746,-10.07156,0.915212629064962,0.0647153056239403,-58.284729999999996,1.239136266558283,0.08762016568975432,-0.5867600000000001,0.5861728946309271,0.04144868287412762,0.001260936,0.0024404643284227693,0.00017256688758716138,9.427920936,3.041757320639853,0.21508472281482635
R:A:TYR:144,82.16995500000002,3.0901462445934498,0.2185063364410172,-13.68283,0.8477642603342039,0.05994598573299132,-76.818215,1.7606579136149647,0.12449731500669001,-6.347770000000001,1.129046118234326,0.07983561664758404,0.20204391600000002,0.04547446211141528,0.0032155300529792467,-14.476816084000001,3.8268051174124773,0.2705959848801745
R:A:PHE:145,102.846605,3.1459384321653534,0.22245143985794968,-14.448665,0.856397753835798,0.06055646591302204,-74.3974,1.8048206171251477,0.12762008971944816,-5.266570000000001,0.7921434498245883,0.0560130005043472,0.029129183999999995,0.014401384676306094,0.0010183316763092071,8.763099184,3.809911001156142,0.2694013904634736
R:A:TYR:146,82.97128500000001,3.3002644369466823,0.2333639363073802,-13.443235,0.7790987099045923,0.0550905980987228,-75.20729499999999,1.7508288345737855,0.12380229416240637,-4.86857,0.8910472855578428,0.06300655779758167,0.180977724,0.046943578490547824,0.0033194122683829316,-10.366837276000002,3.9192232299508665,0.2771309322882101
R:A:ALA:147,95.479595,2.0641129840624033,0.14595482881657254,-6.14133,0.6923854570252035,0.04895904518574683,-71.02021,1.387366503812168,0.09810162628366562,0.810215,0.6150376563878021,0.04348972975168965,0.006319152,0.004558423514604144,0.0003223292178696805,19.134589152,2.6538722550218834,0.18765710679288083
R:A:PRO:148,83.13228,2.382413400650693,0.16846206711898082,-8.70565,0.593790297579878,0.04198731460215097,-60.44635,1.184113540797503,0.0837294714392728,-3.12129,0.8913765455182227,0.06302983999265745,0.078888204,0.03858575274343607,0.0027284247422071075,10.937878204,2.868213104498126,0.20281329360787445
R:A:GLU:149,92.26877,2.7902911187007,0.19730337715178625,-8.13286,1.0514517774962389,0.07434886819582394,-69.43877,8.116859444212398,0.5739486354940658,-68.69885500000001,7.4550479223124375,0.5271514939937806,0.32170867200000003,0.07807240470334455,0.005520552678927543,-53.680006328,11.417465455561981,0.807336724759103
R:A:LEU:150,73.327135,3.5545911602848226,0.2513475513783156,-12.57367,0.9617402149749171,0.06800530277485718,-75.82315,2.0981449991599717,0.1483612556818659,1.6894550000000002,0.49497025968738767,0.034999682711061825,0.000755964,0.0014396891960086386,0.0001018013993298717,-13.379474036,4.266998081327784,0.3017223278616863
R:A:LEU:151,69.803235,3.3950969043276213,0.24006960438355163,-9.655125,0.8445990583555016,0.059722172154694775,-76.19772,2.0822615065356223,0.1472381231475055,0.94533,0.713324351960593,0.05043964864568348,0.257260392,0.06539323248615819,0.004623999813467089,-14.847019608,4.133878499267363,0.292309351943322
R:A:PHE:152,99.060855,3.281963930937542,0.23206989511755938,-10.457,0.9479409949991612,0.067029550572863,-81.542455,1.591661913841944,0.1125474932633997,0.21104000000000003,0.7064809964889359,0.04995575033967561,0.53926308,0.11222260423214567,0.007935336445496434,7.81170308,3.8360104709516434,0.2712469016712509
R:A:PHE:153,93.081905,3.16608723758127,0.22387617555218997,-13.78896,0.86254393998219,0.0609910669032769,-73.830745,1.3328039840783035,0.09424347351342156,0.7084400000000001,0.6947362639160274,0.04912527233512299,0.01847772,0.013942143632885151,0.0009858584307089937,6.1891177200000005,3.6093364714472207,0.2552186294544255
R:A:ALA:154,100.694335,2.055153785675175,0.14532131782321206,-7.147810000000001,0.649223161863469,0.04590701002570304,-83.67574,1.489601628758508,0.10533074129616671,0.6337899999999999,0.5703574632631715,0.04033036299737457,0.06761502,0.030212472777705567,0.0021363444377529572,10.57219002,2.681469977174152,0.18960856044079796
R:A:LYS:155,145.43394999999998,3.2778286467568734,0.23177748636893095,-7.657419999999999,0.7712787522031188,0.05453764358679241,-165.828125,10.511344431583192,0.743264292695993,25.00506,9.551854087369636,0.675418079808351,0.8875448999999999,0.09479336565548245,0.006702903166648761,-2.1589901000000005,14.597064622692033,1.032168338012379
R:A:ARG:156,-189.23665,3.6767774092947203,0.2599874239025803,-9.127185,1.1801431696090945,0.08344872380015766,-23.732929999999996,8.18827384648926,0.5789983963065011,41.198305,6.762584982236822,0.47818696992899645,0.561525048,0.07385902694223433,0.00522262188026938,-180.336934952,11.300321650343005,0.7990534068546696
R:A:TYR:157,96.10637500000001,3.2949737790117544,0.2329898302971076,-15.020040000000002,0.9551078674160317,0.06753632498144979,-87.98307000000001,1.5963494652174377,0.11287895319987688,-3.5566700000000004,0.9062379991481266,0.0640807034566569,0.0810792,0.05406609947459498,0.0038230505570792544,-10.372325799999999,3.8912215706751265,0.275150915972375
R:A:LYS:158,119.56792000000002,2.8849475252766728,0.2039965958490484,-8.828785,1.0905863738260257,0.07711610204020299,-168.75366000000002,13.552819500915668,0.9583290573294749,41.946630000000006,12.126934673820092,0.857503774286446,0.534266568,0.10849468884282482,0.007671733020348588,-15.533628432,18.44628778284081,1.30434951789653
R:A:ALA:159,82.09560000000002,2.154449748775775,0.15234260270850042,-5.432874999999999,0.5934866800316584,0.04196584559942764,-71.52467,1.769266825863188,0.12510605702962588,-4.47252,1.0674215707020351,0.07547810310282048,0.33659654399999994,0.06534012546616715,0.0046202445800706616,1.0021315439999996,3.044313289080303,0.21526545707650047
R:A:ALA:160,93.52518500000001,2.348238203584764,0.1660455157596103,-7.282895,0.6271171373635072,0.04434387804280315,-78.80606,1.6106396202751256,0.11388941975442672,-2.7928300000000004,1.045797084094233,0.07394902099081502,0.024689448,0.02286470577796478,0.001616778850543413,4.668089448000001,3.0977205953765927,0.2190419239212018
R:A:PHE:161,111.70523000000001,3.1821913467137706,0.2250149080294459,-14.78833,0.8621087930766048,0.06096029737050174,-89.338635,1.8238000224188506,0.12896213633805467,-1.9224649999999996,0.8405719593080654,0.05943741325019957,0.001424664,0.004505279416940087,0.000318571362685851,5.657224663999999,3.8603628555218257,0.2729688752980147
R:A:THR:162,39.91009,3.957870447841869,0.27986370327268234,-5.932035000000001,0.7941673462029273,0.05615611158970144,-51.30628500000001,4.333212900813321,0.306404422649013,-5.27549,2.1085854642152877,0.1490995080458014,0.559478232,0.07718421111482694,0.005457747907982822,-22.044241768000003,6.2868326176060565,0.44454619760940156
R:A:GLU:163,84.08453000000002,3.257963943799869,0.23037283975221554,-5.876595,0.8845480659494995,0.06254699357183366,-26.898755,12.764480175274471,0.9025850490257828,-106.695835,12.514869842622215,0.8849349331385189,0.854615412,0.1206697456277482,0.00853263954174365,-54.532039588,18.192449995817903,1.2864004758440017
R:A:CYS:164,83.879565,2.1436854493546855,0.15158145179696295,-7.60625,0.7277211674123544,0.051457657229026656,-73.246065,1.721225981902144,0.12170905637574797,-0.306355,0.9806937692139173,0.0693455214478556,0.018795672000000003,0.022692465991082062,0.0016045996584139234,2.739690672,3.008298439489965,0.21271882263962627
R:A:CYS:165,87.85770000000001,2.2950745042372813,0.16228627452745353,-6.673240000000001,0.8177504585140873,0.05782368945337196,-79.45005499999999,2.3307834352369596,0.16481127725333303,-0.28180499999999997,1.5748708223136907,0.1113601837950845,0.12658842,0.05409830743336431,0.0038253280036846513,1.57918842,3.7217978113026455,0.26317084705773514
R:A:GLN:166,27.82567,3.179596303164916,0.22483141074035895,-4.533845,1.156661584464099,0.0817883249912541,-68.95369500000001,3.091165288685644,0.21857839373980906,-10.998944999999999,2.4839509057094906,0.17564185295616472,1.0425871439999999,0.10391501337968093,0.00734790106278632,-55.618227856000004,5.213809734352674,0.36867202189772075
R:A:ALA:167,87.58105500000002,2.4318384592680085,0.17195694652986546,-4.669475,0.7788532784645642,0.055073243475166775,-73.695085,3.0523553835972317,0.2158341190332868,-3.567235,2.0008202792292464,0.14147935873785616,0.265868532,0.06523579757188668,0.004612867483919398,5.915128531999999,4.454757188465478,0.31499890165034583
R:A:ALA:168,88.81996,2.1578277499374234,0.15258146346132617,-2.056445,0.2860473159723754,0.020226599686427767,-72.18552,1.7191741679073704,0.12156397121680418,-7.045885000000001,1.233943508340232,0.08725298223484972,0.899620776,0.04659244308834024,0.003294583245981367,8.431730776,3.0361803178505293,0.21469036916572365
R:A:ASP:169,119.06695500000002,4.586213090663691,0.324294237637481,-5.027735,0.740323344745389,0.052348765734017075,-76.85801000000001,11.070953488742513,0.7828346286090696,-93.16484,8.081492792448682,0.5714478355650671,0.6572352599999999,0.07007105843933856,0.004954772058737515,-55.32639474,14.472832342885786,1.0233837892630526
R:A:LYS:170,118.53474,3.6745292518089987,0.2598284551622474,-8.85677,0.9688557411193888,0.0685084464537038,-159.95148999999998,9.65358853328129,0.6826117914667897,36.134114999999994,9.224567220838873,0.6522754035366312,0.576264204,0.13730568124860087,0.009708977830632426,-13.563140796,13.883231306193748,0.9816927001390968
R:A:ALA:171,82.54493500000001,2.3640957807954823,0.16716681579749912,-5.26251,0.6303974459815015,0.04457583088962,-76.57172,2.2576720713159384,0.15964152313229787,0.33606499999999995,1.2256032436212791,0.08666323646088347,0.28391122799999996,0.06024190849786232,0.004259746201045795,1.3306812279999998,3.548121387521778,0.2508900693589671
R:A:ALA:172,90.16896499999999,2.1823230383641645,0.15431354191669308,-4.237565,0.5832767317277451,0.04124389323130152,-78.8291,2.018175173269159,0.14270653506409578,-1.62148,1.2343071860764645,0.08727869813419538,0.508262328,0.07335379417285254,0.0051868965285386285,5.989082327999999,3.2717994480514156,0.23135115763995592
R:A:CYS:173,87.80222499999999,2.3461597461330292,0.1658985466237574,-6.6345,0.6459680564857677,0.04567683931709811,-72.092865,1.883353672780288,0.13317321533955317,-1.933075,1.3998787445257534,0.09898637530930708,0.3158109,0.06058103869500753,0.004283726327256446,7.457595900000001,3.381137663978556,0.23908253703244792
R:A:LEU:174,73.85609000000001,3.8633011365799583,0.2731766431441385,-11.634765,0.9829310300194006,0.06950371967653961,-74.7885,2.3716117599640967,0.16769827578123753,-0.5332399999999999,0.7379616605217374,0.05218176944106054,0.002644992,0.005724912472478159,0.00040481244309887503,-13.097770008,4.696851244046144,0.33211753648895
R:A:LEU:175,78.92919,3.9875496290203083,0.2819623382998162,-7.099590000000001,1.2553767649195997,0.08876854234186793,-70.4444,2.976710362127965,0.21048520826889477,-1.9575399999999998,1.0918410224936597,0.07720481909829205,0.515855988,0.1223897131231406,0.00865425960968489,-0.05648401199999952,5.248278146790466,0.3711093067148705
R:A:PRO:176,94.36714,2.8781702608428152,0.20351737088514088,-6.305695000000001,0.6512344600641156,0.0460492302853696,-64.06909,1.6285235189889034,0.11515400235988328,-3.4243849999999996,1.0564894683691837,0.07470508673360203,0.59146938,0.05782325625669657,0.00408872166093976,21.159439379999995,3.5326438753452245,0.24979564397737328
R:A:LYS:177,122.82372,3.2758725267629085,0.23163916779767624,-8.791055000000002,1.2425500722204317,0.08786155820309016,-164.87750499999999,12.120702649185608,0.8570631035984895,39.12355,11.430904190286086,0.8082869868045012,0.595044432,0.09820996462397376,0.006944493196570279,-11.126245568,17.02533171507097,1.2038727507677076
R:A:LEU:178,63.537945,3.247882519731125,0.2296599754199129,-10.869025,0.9378879700555924,0.0663186943619595,-72.89211999999999,1.9676120668465111,0.13913118352116463,-1.187905,1.072736531481519,0.07585392758371183,0.051543396,0.035927094193212786,0.0025404291932348594,-21.359561603999996,4.056097431524811,0.28680939989845317
R:A:ASP:179,93.986875,10.171062878056304,0.7192027532948375,-7.39781,1.29647908347956,0.0916749151594917,-92.71531499999999,19.426898678012787,1.3736891792646817,-63.60926499999999,11.825378165825184,0.8361805091150325,0.268146432,0.12478186648407762,0.008823410396000566,-69.467368568,24.947763619371344,1.7640732830696524
R:A:GLU:180,98.07752,3.0568791699378637,0.2161539990330968,-6.7825549999999994,1.0243685357209094,0.07243379380423891,-60.129265,14.463611324450577,1.0227317647965544,-85.47626,13.311850850366374,0.9412900006437972,0.75983778,0.1057636833291863,0.007478621768533424,-53.55072222,19.920001323304707,1.4085568016953758
R:A:LEU:181,78.545435,2.9329939798395426,0.20739399323238605,-10.281379999999999,0.8953740757917888,0.06331250806910116,-75.027095,1.4894833151046036,0.10532237525746843,-1.2470599999999998,0.7975274706240532,0.0563937082660823,0.063626112,0.034674148672235,0.002451832565800789,-7.946473888000001,3.5014227580136827,0.24758797759923787
R:A:ARG:182,-194.66728999999998,3.9429343509498107,0.2788075617329989,-7.3878200000000005,1.6564010165415861,0.11712523911608462,-5.293905,17.205360507294667,1.2166027087467277,27.397295000000003,14.019334398536008,0.991316642092664,0.7967473199999999,0.1777204289269233,0.012566732044960931,-179.15497268,22.602834940296937,1.5982617860324198
R:A:ASP:183,77.654585,4.050146575467979,0.2863886108312881,-5.349385,1.4893251481039995,0.10531119116159972,-85.74962500000001,17.440538686186702,1.2332323172548938,-58.197505,15.65548561111967,1.107010003839114,0.45049827600000003,0.1935004597965406,0.013682548728484876,-71.191431724,23.83119465095784,1.6851199341468868
R:A:GLU:184,99.42261,2.86133675891182,0.20232706254848853,-4.943639999999999,1.3064939764116785,0.0923830750300075,-83.54385,6.484852962673864,0.45854835049043624,-70.005235,6.316559620535138,0.4466482141449521,0.431132904,0.041544106904950834,0.0029376119710829607,-58.638982096,9.583743728752014,0.6776730179754596
R:A:GLY:185,89.36532,1.8488447440496456,0.13073306558786113,-5.39828,0.6497457361152899,0.04594396160541665,-77.87503500000001,1.59039480751636,0.11245789531586922,-3.00361,0.8341409400694825,0.05898267151884526,0.017101943999999997,0.013399327260846493,0.0009474755169482322,3.1054969439999995,2.658142716794199,0.18795907404068105
R:A:LYS:186,118.58498,3.591323399472679,0.25394491292010557,-7.859855,1.2408686046374935,0.08774266049006606,-145.565925,10.531478653511813,0.7446879971819573,23.430565,10.29211341298642,0.727762318706372,0.46771538399999996,0.12186326758187858,0.00861703428846971,-10.942519616,15.208282297640016,1.0753879542860583
R:A:ALA:187,92.35952499999999,2.0687962827149033,0.146285988040123,-6.3646400000000005,0.6094143831581267,0.04309210428837283,-84.727195,1.4890586311408294,0.10529234556640384,-0.8302,0.8910029236764603,0.06300342093886649,0.159471504,0.09436262447828157,0.00667244516591526,0.5969615039999993,2.7697274363461166,0.19584930522787705
R:A:SER:188,87.03297,4.178646338121953,0.2954749161866368,-7.09949,0.8025825502090113,0.056751156371478456,-81.34517499999998,4.096487303089686,0.2896653951059308,-2.459235,1.1850263920162285,0.08379401976797031,0.08169195599999998,0.035821746007357935,0.0025329799515744927,-3.7892380439999993,6.024284433908896,0.4259812375013542
R:A:SER:189,61.342794999999995,4.055786787169045,0.28678743402540324,-8.834695,0.8726265993969012,0.061704018587730565,-53.206784999999996,4.07406536383193,0.2880799245762797,-3.049895,1.0886103407441066,0.07697637540099558,0.033223608,0.013897894847203874,0.0009827295690675436,-3.715356392,5.9155860114769006,0.4182950983407598
R:A:ALA:190,96.38085,1.9236197486769573,0.13602045687138387,-7.241314999999999,0.7206816049928012,0.05095988499668146,-77.89204,1.3382888882449855,0.09463131480646349,0.4145400000000001,0.7431264215461593,0.052546973195418206,0.015047244,0.013665553385752953,0.0009663005467732697,11.677082243999998,2.5618617619661563,0.1811509824348786
R:A:LYS:191,127.482385,3.5745256869653343,0.252757135277869,-7.500485,1.1511984971215867,0.08140202638064362,-165.80757000000003,8.487847106015753,0.6001814246338352,32.07111,7.379434216652385,0.5218047975914939,0.703119852,0.08050782988310451,0.005692763244895617,-13.051440147999998,11.857848507643471,0.838476509003748
R:A:GLN:192,39.53227,2.624314492796166,0.1855670573822304,-11.281300000000002,0.9993320719360508,0.07066344847231842,-90.45612000000001,2.1658889296545194,0.1531514749455584,4.4748,1.0866172417185362,0.07683544201733988,0.030445272000000002,0.014592361444030092,0.0010318357730598798,-57.69990472799999,3.709139518771505,0.26227577060903384
R:A:ARG:193,-191.025985,3.7662101806424726,0.2663112758106104,-11.11931,1.4786416110403495,0.10455575101112326,-42.670795,7.3125741776049695,0.5170770788914115,64.411555,5.856682622182545,0.4141299997402688,0.1134621,0.03751139396818518,0.00265245610466639,-180.2910729,10.205224136847876,0.7216183190693765
R:A:LEU:194,75.883745,3.5928020053956495,0.25404946614758905,-9.330585000000001,1.0508864081217342,0.0743088905439652,-78.38776,2.6526296994492085,0.18756924484573687,-2.9103149999999998,0.698083616606922,0.04936196591379845,0.196446816,0.035592900013251855,0.002516798096146514,-14.548468184000003,4.6408641873530785,0.3281586537443158
R:A:LYS:195,124.40536,3.1547156956530973,0.22307208611119417,-11.70911,0.8779480667442694,0.06208030315244925,-141.57134499999998,5.830284294609913,0.41226335609640963,17.02253,5.110715153390961,0.3613821341675595,0.234781884,0.048471242731163225,0.0034274344427744664,-11.617783116,8.416471809775574,0.5951344290357722
R:A:CYS:196,81.86294000000001,2.2865850468329407,0.16168597923753317,-8.24981,0.7870676298133471,0.0556540858293441,-75.82366,1.6334002217460357,0.11549883731882322,-3.7029850000000004,0.6158478503453593,0.04354701911583616,0.025459991999999997,0.012787906415419844,0.0009042415343522327,-5.888055008000001,2.982511528900683,0.21089541270527304
R:A:ALA:197,97.955985,2.1270577483404156,0.15040569578268967,-6.520015000000001,0.8090587709029549,0.05720909432839328,-83.47264500000001,1.3812914895035735,0.09767205790232436,-3.39803,0.860771583580685,0.06086574238025854,0.070768944,0.030147549054423378,0.0021317536372536857,4.636063944,2.7979909814613397,0.19784783966901168
R:A:SER:198,78.295835,2.9118532102039416,0.20589911507550243,-8.383075,0.761330446898717,0.053834192172586746,-70.349215,3.121394366108678,0.22071591230329313,-1.622965,1.0691122970834261,0.07559765551176174,0.05480892,0.016875742877728375,0.0011932952226402316,-2.00461108,4.4659715460801666,0.31579187648194557
R:A:LEU:199,61.19061,3.5643638882555186,0.25203858760019265,-10.992130000000001,0.7979676704604015,0.056424835095018215,-58.559105,1.7402282706515835,0.12305272109902732,-5.861414999999999,0.7609895812525951,0.05381008933160212,0.15916028399999999,0.04074363178737193,0.002881009832701846,-14.062879716,4.1171108743002325,0.29112370181145697
R:A:GLN:200,39.886185000000005,3.070243547468995,0.2170990032309568,-6.84528,0.8788797367103192,0.062146182167531414,-79.550635,2.854466652769831,0.20184127268444135,-5.78488,2.52038875088745,0.17821839769788078,0.615725568,0.10319108336133204,0.0072967114802784195,-51.678884432,4.970896575008908,0.35149546767657824
R:A:LYS:201,124.80711,3.826319314680885,0.2705616334395917,-6.476715,0.870132187529573,0.061527637033084566,-156.758035,9.415567872081589,0.6657811891071083,29.47595,9.375791012362638,0.6629685403829507,0.9376925399999999,0.16379982560314893,0.011582396744116047,-8.013997459999999,13.855795010240936,0.9797526610472094
R:A:PHE:202,102.015985,3.5755554064753348,0.25282994744269316,-10.449205,1.097835904393275,0.0776287212626551,-77.17271000000001,2.06521797297525,0.1460329633319135,-9.526515,1.2793287731365226,0.09046220508519014,0.41542657199999994,0.10534034465683893,0.007448687203937891,5.282981572000001,4.4612491649354675,0.31545795370886914
R:A:GLY:203,78.171085,1.8225645003058193,0.12887477173161163,-2.48889,0.6420029111304715,0.04539646120018608,-78.50489499999999,2.1786623336292847,0.15405469100249755,-0.5693549999999999,1.5806350018188893,0.11176777283669474,0.392529492,0.04523589068379594,0.0031986605055525476,-2.9995255079999996,3.313748927488466,0.2343174337776743
R:A:GLU:204,103.4664,2.704152665808645,0.19121246873569728,-6.59077,0.9919692520940354,0.07014281848842403,-30.084480000000003,9.312270963068032,0.6584769946231988,-116.3143,8.748768686506692,0.6186313665261406,0.619966836,0.0713302683147982,0.005043811642924973,-48.903183164000005,13.098124929312512,0.9261772958345446
R:A:ARG:205,-199.08106,4.101114915044444,0.2899926166853218,-6.0667599999999995,1.4462479602059948,0.1022651739938871,-21.913849999999996,11.440839320500048,0.8089895065991276,50.118379999999995,9.607364066985284,0.6793432281093262,0.64480266,0.09135855777292239,0.006460025572065639,-176.29848733999998,15.559992666064415,1.1002576329387095
R:A:ALA:206,86.46962500000001,2.2926678552234727,0.16211609874369354,-6.008119999999999,0.5278665888271391,0.03732580445214811,-79.834565,1.487831585151693,0.10520558031242923,-0.29887,0.6796599613777466,0.048059216759119165,0.19171360799999998,0.0406818052343592,0.002876638035212577,0.5197836079999998,2.865694423368815,0.2026351959572562
R:A:PHE:207,112.73810499999999,3.0039363015841403,0.21241037291025835,-14.999009999999998,0.9149322651978125,0.06469548090477419,-86.874355,1.5008906852182806,0.10612899813375701,0.379,0.5760173174480088,0.04073057512483712,0.006131304,0.004627521079669329,0.00032721515355178766,11.249871304,3.527778984970763,0.24945164428002217
R:A:LYS:208,120.008715,3.2750090616325016,0.23157811159277336,-10.426730000000003,0.8487190860938618,0.06001350210994189,-172.91777000000002,9.68195583067285,0.6846176623017405,48.28327,8.56846270384017,0.6058818082229405,0.5701666679999999,0.07638732518427502,0.005401399563450281,-14.482348331999999,13.364530118134489,0.9450149873904748
R:A:ALA:209,88.982055,2.042139998133086,0.14440110408121887,-6.306200000000001,0.6356096286243625,0.044944387858774984,-78.747385,1.231846515104459,0.08710470242113798,-1.972165,0.4545216912040612,0.03213953700467696,0.115064028,0.03388225251339728,0.0023958370514098157,2.071369028000001,2.5098842968472437,0.17747562062943156
R:A:TRP:210,118.36125,3.713095655581741,0.2625555117256158,-15.3829,0.6796510795989366,0.0480585887225166,-85.136555,1.4389377460387227,0.1017482637929267,-5.029425,0.797685404388848,0.056404875869688786,0.446116356,0.057193489748156336,0.004044190444064463,13.258486355999999,4.118145198280358,0.291196839561486
R:A:ALA:211,99.11903000000001,2.132830625975724,0.15081389987497834,-7.604085,0.7385826072789691,0.052225677007339974,-86.82296500000001,1.2674040530844926,0.08961900004393597,-0.14662,0.4402433140889252,0.031129903276431812,0.0004954320000000001,0.0016671082481278772,0.00011788235472232474,4.545855432000001,2.6257571737500607,0.18566907033078917
R:A:VAL:212,47.933945,3.1995485450255323,0.22624224729231054,-8.8782,0.9790844805224931,0.0692317275531963,-53.629815,2.090713997842603,0.14783580453961412,-0.991455,0.3963588247724529,0.028026801277973197,0.054066168,0.017179880205326695,0.0012148009793159042,-15.511458831999999,3.965374862356505,0.28039434551189574
R:A:ALA:213,95.82440500000001,2.261734215369922,0.15992876009297072,-8.127835,0.621757836922865,0.04396491827440374,-75.1662,1.3261465642982302,0.09377272284625204,-2.75243,0.5054346694677759,0.03573962822274456,0.000162072,0.0007872218012834757,5.566498739854344e-05,9.778102072000001,2.741560505180975,0.19385760242466843
R:A:ARG:214,-188.72368000000003,3.859124844780226,0.27288133471895804,-11.178519999999999,1.2206070987832243,0.08630995567140559,-8.83591,11.455849698817632,0.8100509006287815,38.844984999999994,9.266684775299902,0.6552535643732699,0.56287206,0.10361251268544548,0.007326511033565568,-169.33025293999998,15.28075262729752,1.0805123804396228
R:A:LEU:215,71.302145,3.2480813111704885,0.22967403209739448,-10.236580000000002,0.9803437527724649,0.06932077154792782,-80.143375,1.7075649780828253,0.12074307753190242,-1.187175,0.5792166558162843,0.04095680251038892,0.137393316,0.035725112516807336,0.0025261469319286874,-20.127591684,3.8423498604355824,0.2716951642005185
R:A:SER:216,80.46329,2.5446973269723063,0.1799372735969399,-8.014965,0.825947161612049,0.05840328388776611,-73.24006,1.8488437079428863,0.13073299232404956,-3.5851599999999997,0.8123795383932316,0.05744390804950513,0.008199972,0.008054856479070003,0.0005695643637834797,-4.368695027999999,3.352002632932722,0.23702237923018893
R:A:GLN:217,36.515175,2.72844611535119,0.19293027502669194,-11.646664999999999,1.0805415645753753,0.07640582676651696,-81.675635,3.222146440150572,0.22784015978065633,-0.9053950000000001,1.6972708413729967,0.12001517214450429,0.014124059999999999,0.016520784109611747,0.0011681958474425425,-57.69839594,4.677094953516295,0.3307205557884752
R:A:ARG:218,-192.394355,4.398001003748748,0.31098563334159823,-12.489320000000003,1.3265542460073014,0.09380155029635703,-31.317225000000004,10.326308173029458,0.7301802533771198,64.77550500000001,8.22882818996575,0.5818660214343805,0.28292756399999996,0.09004707678779753,0.006367289862267739,-171.142467436,13.98057657383854,0.9885760500259021
R:A:PHE:219,104.60927499999998,3.082037736526761,0.21793297833709105,-12.310405000000001,0.8710158901966141,0.06159012424792631,-71.504345,1.3049147466309816,0.09227140662130925,-4.407535,0.7489783032738665,0.05296076372065455,0.055333296000000004,0.022504795285280512,0.0015913293355436892,16.442323295999998,3.5386300669766024,0.25021893164697623
R:A:PRO:220,90.840955,2.551093852247502,0.1803895762367521,-6.8980999999999995,0.6142356306825582,0.04343301797020326,-59.69197,1.8229527062159347,0.12890222203476556,-4.12226,1.6220671818392727,0.11469747038187024,0.303069492,0.10088318848907749,0.007133518668834734,20.431694492,3.5846619341570722,0.2534738761903751
R:A:LYS:221,116.62880000000001,3.121337056455134,0.22071185989882827,-7.309255,0.9169891493223897,0.06484092457603453,-161.14399,10.26349947873044,0.7257390080114889,37.989380000000004,9.887049781689177,0.699119994656139,0.9354119040000001,0.09184148571333318,0.006494173734214532,-12.899653096000002,14.617976053954017,1.0336469994973454
R:A:ALA:222,90.30878499999999,2.537081285409476,0.1793987381334523,-6.741985,0.4951459933948774,0.035012108960686725,-83.82477999999999,2.1850105152149726,0.1545035752272419,-0.641965,1.321864188854135,0.09346991317464139,0.02326626,0.02073400065908169,0.0014661152467163009,-0.87667874,3.633727671098692,0.2569433477219086
R:A:GLU:223,104.04174,3.1582268066749104,0.22332035915249646,-5.8492049999999995,0.8587918624294247,0.060725754955167084,-7.64905,4.40810668966848,0.3117002132458366,-144.655475,4.579340001504038,0.323808236842232,0.817748568,0.04927071899855102,0.0034839659517812284,-53.294241432,7.149552927701189,0.5055497357629645
R:A:PHE:224,88.10771000000001,3.088552592380451,0.21839364821235074,-11.172294999999998,0.9159871276251649,0.06477007094233417,-67.660855,1.4098421592415944,0.09969089512024157,-3.2865300000000004,0.6173225891703623,0.04365129889820003,0.299937204,0.055808946184926156,0.0039462884298236385,6.287967204,3.5707206927207675,0.2524880815545981
R:A:ALA:225,91.29314000000001,1.9857680152525368,0.14041500294484202,-4.871335,0.40741576156918624,0.028808644776785318,-80.74467999999999,2.0088368220440405,0.14204621391645747,-1.03496,1.2420058004695471,0.08782307237850429,0.519401484,0.042260674503156515,0.00298828095186994,5.161566484,3.112724202974697,0.22010283918868995
R:A:GLU:226,113.15294999999998,2.955297986244365,0.20897112465003387,-8.454355,1.1585445865287187,0.08192147334414218,-15.406500000000001,7.701136493401478,0.5445525837327374,-142.01556,7.007383146824497,0.49549681414919305,0.29703167999999996,0.0967235976477302,0.0068393911797469216,-52.426433319999994,10.885600077956978,0.7697281632408189
R:A:VAL:227,55.90243,2.84724256520234,0.20133045255375553,-9.18164,0.9391541355922359,0.06640822578566603,-62.27548000000001,1.6615424399033565,0.11748879264849049,0.15980500000000003,0.49197466090744957,0.03478786188996098,0.0016644599999999998,0.0028365334995377723,0.00020057320725859674,-15.393220539999998,3.4628847956577036,0.2448629321477354
R:A:SER:228,83.47811000000002,2.375329349353474,0.1679611490479271,-5.886110000000001,0.8734407351961552,0.06176158668217649,-77.27168,2.8875332426831037,0.20417943368028033,-0.32857499999999995,0.9771260637067256,0.06909324657211441,0.28784642400000005,0.03756856439660456,0.002656498664428258,0.2795914240000007,3.962211908114686,0.28017069087259844
R:A:LYS:229,124.573635,3.3489126805240823,0.23680388660001966,-8.184365,1.2195305497505997,0.08623383215928072,-212.397625,10.188640797691074,0.7204456999121273,84.65406000000002,9.613196318415639,0.6797556305629251,0.709812828,0.09958031660104327,0.007041391714130103,-10.644482171999998,14.454560937772525,1.0220918058173134
R:A:LEU:230,76.55111500000001,3.662091765886677,0.2589489920985888,-11.091165,0.9613475842664816,0.0679775395912135,-83.10626499999998,2.192557881738815,0.15503725463215284,-0.43319,0.6232007974160495,0.04406695098937524,0.00694152,0.012653057205276519,0.0008947062552592331,-18.07256348,4.419383970428644,0.3124976374157223
R:A:VAL:231,62.651815000000006,3.41413972484651,0.24141613513573407,-8.68593,1.111520469941962,0.07859636617236195,-71.64495,1.776129375214542,0.12559131254788283,-0.08152999999999999,0.6123420360386832,0.04329912060885301,0.05004748800000001,0.018383300887323147,0.0012998956718018873,-17.710547512,4.052377584607155,0.2865463670004081
R:A:THR:232,32.22141,3.5555609855408195,0.25141612837982374,-7.2673000000000005,0.8489228351269625,0.060027909342238464,-47.39664500000001,4.294129359832445,0.30364079896297697,-2.00862,1.9716709349178936,0.13941818883488624,0.4599373319999999,0.09468811263728608,0.006695460654358061,-23.991217668,5.974837485250108,0.42248481023079293
R:A:ASP:233,74.606665,3.441206615821694,0.24333005335115301,-7.693250000000001,1.1477288649763933,0.0811566863388347,-15.722719999999999,12.715428855197926,0.8991165969205552,-114.81803,11.629631063756925,0.8223390987880244,0.206128152,0.06989903096751554,0.004942607879549872,-63.421206848000004,17.609500846006547,1.2451797461521474
R:A:LEU:234,84.30125,2.9295102350905013,0.20714765527878903,-10.333965,0.8765176574233973,0.061979157939383134,-88.24982,1.3307907151765077,0.09410111390414039,-1.9808399999999997,0.8392743737300693,0.05934566009406248,0.180613584,0.03417100320671525,0.002416254808741561,-16.082761416,3.439021151539368,0.24317551768974566
R:A:THR:235,57.036465,2.9537592587709316,0.2088623201869476,-8.278385,1.0826182460937004,0.07655267032491421,-68.765795,2.6543633178174755,0.18769183017615598,-0.34633500000000006,1.028891812959458,0.07275363780509536,0.056452355999999995,0.032382226348138324,0.00228976918406863,-20.297597644,4.242884351462253,0.3000172296709246
R:A:LYS:236,133.07569999999998,3.6334537013700894,0.2569239751366151,-7.832445,0.8731494184702868,0.06174098747894303,-208.36359000000002,18.54630695264963,1.3114219412185766,74.02783000000001,18.464650326802833,1.3056479458320682,0.984576096,0.10766341146335083,0.007612952833141284,-8.107928904,26.436429040060286,1.8693378244583598
R:A:VAL:237,56.58271500000001,2.861595798461935,0.20234537941073671,-10.095125000000001,0.850078443071579,0.060109623163641594,-57.572030000000005,1.8412168636801045,0.1301936929943229,-5.351310000000001,1.102367708117396,0.07794916817708833,0.012587904,0.011659151453600042,0.0008244265055721582,-16.423162096000002,3.67651926582231,0.2599691704025942
R:A:HIS:238,112.78120999999999,3.444959526017686,0.24359542417603003,-13.354325,0.82863745351933,0.05859351625286709,-89.11195500000002,2.104562138064591,0.14881501592539312,-6.670325,1.5340319551348989,0.10847243980327446,0.05861448,0.0249816187303225,0.0017664672009227909,3.703219479999999,4.397436307543225,0.3109457032899746
R:A:THR:239,39.658590000000004,3.6419554077308525,0.2575251365585503,-7.104629999999999,1.0297004773719394,0.07281081901407234,-53.302795,5.573841194631849,0.39413009059811077,-3.580325,3.535170264552331,0.24997428667139945,0.356184684,0.07765544889897774,0.0054910694512552575,-23.972975316000003,7.608895261211952,0.5380301436541158
R:A:GLU:240,87.702205,2.959012393176987,0.2092337728830482,-11.18247,0.9641448123077777,0.06817533348286607,70.26501,11.343204226756212,0.8020856629123225,-200.09922999999998,10.15307853840893,0.7179310684428555,0.29434266000000003,0.06288068959611369,0.004446336201909837,-53.02014234,15.538422361366004,1.098732382066259
R:A:CYS:241,84.25205,2.241327893794213,0.15848581525644498,-8.77942,0.6279323240604835,0.04440152044693965,-72.305425,1.3738857464778504,0.09714839279100299,-1.8905650000000003,1.2184491354894549,0.08615736462354799,0.06242814,0.01441309373489259,0.0010191596317819893,1.3390681400000006,2.9648335212151484,0.2096453887940421
R:A:CYS:242,91.54902999999999,2.3021995328598255,0.16279009013296844,-7.358389999999999,0.6986754238557414,0.04940381300567801,-83.76798,1.422673437440933,0.10059820350284593,3.111755,0.9740835205335321,0.06887810628113261,0.020567951999999997,0.015049940437493298,0.0010641914939805146,3.5549829520000005,2.95995522808744,0.20930044137892026
R:A:HIS:243,112.28785500000002,3.2668427592975764,0.23100066681694884,-9.77382,0.9753047306355076,0.06896445887556865,-72.994045,6.000961614855989,0.42433206515048444,-18.60141,4.887003673203039,0.34556334370054353,0.357690852,0.11834701418065306,0.008368397626032028,11.276270851999998,8.457649327810621,0.5980461192592735
R:A:GLY:244,72.45466,1.8165698787550124,0.12845088797668938,-4.78532,0.39472279842948016,0.027911116745841614,-71.48447,2.0996399260587517,0.14846696297661646,-2.41237,1.485002421917217,0.10500552826161107,0.04569965999999999,0.02699052629094142,0.0019085184168118473,-6.18180034,3.1733548041007746,0.22439007010905657
R:A:ASP:245,82.03843499999999,3.4296752449430254,0.24251466229668467,-9.097385000000001,0.7436789272091822,0.052586041245514956,70.037655,6.922018391768039,0.489460614431718,-198.959795,5.941027424863061,0.4200940779335922,0.165231396,0.040458403359776615,0.002860841137167864,-55.815858604000006,9.77381772870266,0.691113279404695
R:A:LEU:246,66.82389,2.9721117101986594,0.2101600344725419,-10.64359,0.9492152979698547,0.06711965740004935,-66.97762,1.6340330460550674,0.11554358475484482,-0.47806999999999994,0.7912216599032157,0.055947820113924004,0.040568868,0.016082419836783768,0.001137198812447885,-11.234821132,3.609821609820602,0.2552529339177887
R:A:LEU:247,69.381425,3.676582122620818,0.2599736150494411,-10.960864999999998,0.8576331947721008,0.060643824779403555,-74.722605,2.182024862134939,0.1542924576733257,-1.291995,1.1249661128118482,0.07954711669743285,0.070608276,0.020872681292766964,0.0014759214483661112,-17.523431723999998,4.503332957257808,0.3184337272017864
R:A:GLU:248,97.34647,2.885026819476727,0.20400220279570508,-10.83098,0.9451645992101059,0.06683322974389312,53.338094999999996,9.11336336957849,0.6444121038046035,-197.07779,8.218592126751393,0.5811422224632279,0.17380526400000001,0.047322071258091646,0.003346175748638962,-57.050399736,12.641898737887562,0.8939172324633952
R:A:CYS:249,79.87586999999999,2.888936709777492,0.20427867379024175,-9.16626,0.612239040244903,0.04329183770643145,-71.730925,1.542453097949821,0.10906790452225164,3.88255,1.5558809554397148,0.11001739743104269,0.000412092,0.001435527430157989,0.00010150711804440119,2.8616470920000006,3.6770533206786657,0.2600069337836397
R:A:ALA:250,90.344105,1.8474062043781816,0.13063134547219132,-7.359350000000001,0.5264339440993523,0.03722450117194319,-79.89893500000001,1.6118218545406935,0.11397301634104014,0.987525,1.0091527780148057,0.07135787725875117,0.026442971999999995,0.020566134082826943,0.0014542452872758707,4.099787972000001,2.70311382806868,0.1911390118146491
R:A:ASP:251,105.996035,2.6857718208691885,0.18991274672563446,-10.006034999999999,1.0164212924643994,0.07187183884439718,4.655455,8.944354292959051,0.6324613573886353,-163.597215,8.7019945419872,0.6153239350487473,0.040168836,0.027439129667165173,0.0019402394657509468,-62.911591164,12.805210585934809,0.9054651239836267
R:A:ASP:252,97.58119,4.873068947172818,0.34457800977354897,-7.3117849999999995,1.136321318454864,0.08035005098862727,14.349305,11.366468399726232,0.8037306883589024,-165.10453,9.671087618727276,0.6838491636651316,0.254082924,0.08973898316812277,0.006345504353496506,-60.231737076,15.740794763888196,1.1130422718811044
R:A:ARG:253,-197.10324,4.253409748942605,0.30076148766422867,-13.347294999999999,0.7817508733445713,0.05527813437404522,-9.86164,6.3736550989522485,0.45068547414133503,52.21026,5.655045870936857,0.39987212832604374,0.19071252000000002,0.056702100997645576,0.004009444012295969,-167.91120248,9.555567339066402,0.6756806463538546
R:A:ALA:254,85.635175,2.269829031970249,0.160501150064026,-7.2790550000000005,0.7132663471488053,0.05043554708610783,-85.71821500000001,1.8503901720380487,0.13084234384890464,4.824675,1.042396526939245,0.07370856528840458,0.018078372,0.02237822193163737,0.0015823792478758306,-2.5193416280000003,3.1893428491331597,0.2255205956150881
R:A:ASP:255,98.61082999999999,9.356296257125466,0.661590053020373,-7.6667499999999995,0.6778450763264421,0.047930885006434006,3.3947150000000015,16.139391084665338,1.1412272880188568,-155.93968999999998,8.96409739092007,0.633857405233622,0.523075824,0.12069095524424116,0.008534139288108504,-61.07781917599999,20.708677082878875,1.4643245994706104
R:A:LEU:256,70.638755,3.1436038482886164,0.22228635984890074,-10.517635,0.98704222390686,0.06979442498419913,-75.429435,1.6648160636463725,0.11772027280326448,-0.19845500000000002,0.7369423980033989,0.0521096966972079,0.111113064,0.02933306840210045,0.002074161158013407,-15.395656936,3.764578935206683,0.2661959293396678
R:A:ALA:257,101.50441500000001,2.1874686449809975,0.15467739124990118,-7.879425,0.6202416902909703,0.043857710517935154,-85.53107,1.292241546731879,0.09137527606251045,0.32657,0.6925576908099426,0.048971223953460666,0.020973708,0.009963077898297092,0.000704495994337569,8.441463708,2.70542833212621,0.1913026719660654
R:A:LYS:258,130.243955,3.1972592783468463,0.22608037169306622,-8.200365,0.9868380575226109,0.06977998824071983,-211.20195,16.59552339600954,1.1734807130658347,76.69998000000001,15.225590423678158,1.0766118236151785,0.725906016,0.12972341812675667,0.009172830863612754,-11.732473984,22.769346607820363,1.610035938957669
R:A:TYR:259,89.53578000000002,3.1217371768936597,0.22074015268636554,-10.85442,1.2087876627431304,0.08547419533403049,-95.54931,4.31504376963896,0.3051196710628471,-3.4706400000000004,1.6828310789856478,0.1189941267542226,0.493906788,0.09813531451792802,0.006939214636950155,-19.844683212,5.715554595090097,0.4041507412430139
R:A:ILE:260,77.360545,2.9564619747216434,0.20905343106458452,-10.97505,0.9812978179431563,0.06938823414311679,-61.75940000000001,1.6359609561355672,0.11567990858398876,-1.8661050000000001,0.6988864957738131,0.04941873804413666,0.041397659999999996,0.01897896442712299,0.0013420154446316926,2.801387659999999,3.587308684869581,0.25366102972806764
R:A:CYS:261,84.94842499999999,2.2217001180121048,0.15709792192093122,-7.5270399999999995,0.6786212775915592,0.047985770724247,-78.196515,2.063632333962375,0.14592084172206177,-1.345275,1.3219954384849442,0.09347919392503873,0.11909714399999999,0.03048186407911537,0.0021553932793549114,-2.0013078559999995,3.376930225213831,0.2387850261842515
R:A:GLU:262,94.303125,3.1080419059875943,0.219771750793579,-5.555015000000001,0.7448262715392093,0.05266717074112677,8.58211,7.029298968453397,0.49704649675810003,-151.67954,6.871772424083906,0.48590768798404493,1.0535205959999998,0.05969237017573339,0.00422088797363587,-53.295799404,10.33685416746832,0.7309259677953274
R:A:ASN:263,17.23174,2.921129456631458,0.20655504475078787,-7.530795,0.794089297859504,0.05615059273841194,-78.39603,2.606653369571797,0.18431822738269812,-9.297925,1.4210661629125507,0.10048455203102116,0.32787511199999997,0.055371006033514115,0.003915321384741907,-77.665134888,4.240366952535967,0.29983922268575175
R:A:GLN:264,33.38416,3.225941325318859,0.22810849868428837,-9.213465,1.1022864730980781,0.07794342399378539,-82.93866999999999,3.9104825394188887,0.27651287213346865,-2.1713,3.105323472683643,0.21957952853123627,0.3277926,0.078271816348139,0.005534653211555715,-60.61148240000001,6.046715384529807,0.42756734523060486
R:A:ASP:265,87.37408500000001,7.096049378194531,0.5017664634955936,-4.712375,1.2496655970198587,0.08836470178682775,-33.891285,16.099049965254938,1.1383747401092819,-114.04504499999999,14.250932923601002,1.00769313085129,0.703120896,0.12867774050409334,0.009098890289820727,-64.571499104,22.675992543211887,1.6034348097440712
R:A:SER:266,79.8613,3.7699716988327645,0.2665772553126016,-5.15901,0.5526836616908446,0.03908063650326079,-70.76262500000001,3.8186899094290174,0.2700221530205901,-5.75925,1.6713777931694558,0.1181842571474729,0.460294812,0.07504471259381207,0.005306462516728001,-1.3592901880000006,5.647979629979493,0.39937246963619866
R:A:ILE:267,80.565,2.89126613268305,0.2044433888635189,-11.071045000000002,1.06843474436907,0.07554974529986848,-66.618215,1.6090891736553945,0.11377978662255876,0.7279199999999999,0.7417075458696643,0.052446643534167184,0.005161644000000001,0.012326437059704804,0.0008716107232786436,3.6088216440000003,3.555337205723332,0.25140030475717995
R:A:SER:268,67.468015,2.666673211095615,0.18856227107742152,-7.8190599999999995,0.7026735204915581,0.04968652112998052,-60.42306000000001,2.0184833208129316,0.14272832438587654,-3.5780700000000003,1.347867569570542,0.09530862985847609,0.013365288,0.009602836411907473,0.0006790230745484869,-4.338809712,3.673691632015696,0.25976922649865736
R:A:SER:269,79.1243,4.523494478829393,0.31985936206401716,-3.981255,0.7647173333820805,0.054073681212536286,-64.886565,6.219493345584912,0.43978459202076986,-6.479005,3.0337126569559945,0.2145158791905042,0.511465788,0.12524751181394325,0.00885633649303815,4.288940788,8.30349274702764,0.5871456028956558
R:A:LYS:270,121.20549000000001,3.258461520395784,0.23040802373072863,-6.77272,1.346263106380027,0.09519517717825834,-183.42684500000004,18.1707698634641,1.284867458983562,58.37022999999999,16.20080233899235,1.1455697194564372,0.614118528,0.13034832229566906,0.009217018261155724,-10.009726472,24.598574356549616,1.7393818735037747
R:A:LEU:271,76.54890499999999,3.624630139196964,0.25630005507193127,-10.714994999999998,0.8748457378161021,0.06186093537019142,-79.395695,2.1245151263229456,0.15022590525563495,-0.417605,0.900949742757608,0.06370676726121802,0.0006215039999999999,0.002100989949615181,0.00014856242405776772,-13.978768496,4.3850402604832235,0.3100691703963712
R:A:LYS:272,126.501775,3.2868281951411755,0.2324138505379466,-6.17512,1.3649719687964292,0.09651809352655076,-174.11751500000003,16.85626626717124,1.1919180183002835,38.798185,15.354156526842333,1.0857028199529901,0.9965733839999998,0.12667498877190772,0.008957274356734572,-13.996101616,23.077397377808996,1.631818417798539
R:A:GLU:273,89.658485,3.1062666160159207,0.2196462188358247,-5.683305000000001,0.9889650104907655,0.06993038652742453,-34.410055,15.2425828264758,1.0778133679398652,-111.81478500000001,14.63055500002563,1.0345364653040872,0.751671252,0.11925175444805035,0.008432372423860943,-61.497988748,21.378274857748437,1.5116723121983793
R:A:CYS:274,84.8628,2.3231632293061115,0.16427244732455898,-8.4124,0.6854478463019633,0.04846848202698326,-75.60914,1.3953139253945686,0.09866359385305198,0.9777049999999999,0.7214968246465122,0.051017529731211014,0.008807616,0.011837510522324532,0.0008370383962702787,1.827772616,2.886957721379093,0.204138738178602
R:A:CYS:275,89.53626500000001,2.0562013823492578,0.1453953940944313,-7.1506050000000005,0.7415800421903221,0.052437627662538275,-82.07195,2.138393592746668,0.15120726102770332,-0.74119,1.519246528348839,0.10742695224895844,0.137559492,0.04439771926280376,0.0031393928359945145,-0.2899205080000003,3.4147786769607396,0.24146131587301659
R:A:GLU:276,107.51664499999998,2.959404375710592,0.20926149023381008,-4.495394999999999,0.9818292361582028,0.06942581108546735,-21.24111,7.281201240035877,0.5148586772013267,-131.318675,7.006116379234291,0.4954072401538708,1.146405168,0.09915936533650352,0.007011625964759591,-48.392129832,10.575133744069571,0.7477748782386278
R:A:LYS:277,142.74598,3.613987133291982,0.25554748090716917,-7.849480000000001,1.1286627040883384,0.07980850517332097,-179.12358500000002,10.074523026564332,0.712376354930366,44.818000000000005,9.682458134688732,0.6846531805593252,0.6664383720000001,0.08402979658414993,0.00594180389863786,1.2573533720000005,14.47714934815169,1.0236890476328466
R:A:PRO:278,85.43039,2.5707232480179583,0.1817775841227405,-4.1155,0.773107832064842,0.05466697906414804,-62.95540000000001,1.5174305519528732,0.10729854332655224,-2.421185,0.8169349856475728,0.05776602681399336,0.743960412,0.04873776854821172,0.003446280664034094,16.682265412000003,3.1904023819509133,0.22559551589912044
R:A:LEU:279,67.96206000000001,3.0209782995579433,0.2136154241434827,-7.253094999999999,1.0936245361068853,0.07733093255531709,-71.319445,2.1786090280210906,0.15405092172679463,-0.6068849999999999,0.7395765016379307,0.05229595595144045,0.311765184,0.07173284767142973,0.005072278302228961,-10.905599816,3.9523133494904044,0.2794707570798782
R:A:LEU:280,69.641475,3.9103409096106945,0.27650285739368946,-7.870505,0.8048627895330981,0.05691239364035746,-76.17865,2.348146400354969,0.16603902429097803,-1.848775,1.056287491346461,0.07469080480136092,0.360823752,0.1091656038566695,0.007719173875937533,-15.895631247999999,4.751844068389701,0.336006116389943
R:A:GLU:281,110.15746500000002,2.8205091293550177,0.1994401131765498,-7.731215,0.8733126409110314,0.06175252904841226,-60.001765,11.80084088401225,0.8344454612788513,-94.22628499999999,11.261457386758385,0.7963052884220191,0.5409449279999999,0.10387325756886426,0.007344948481088079,-51.260855072,16.577364217955097,1.1721966652715277
R:A:LYS:282,133.00645500000002,3.46119223793984,0.2447432502437503,-12.21451,0.9975705538456916,0.07053889033363084,-182.08158500000002,6.365428031387598,0.4501037326149106,48.79182999999999,6.117120902933013,0.43254576718019094,0.279962568,0.04093010465515787,0.0028941954556337204,-12.217847432,9.53491039051847,0.6742199795141681
R:A:SER:283,81.06465,2.602725690021905,0.1840404984982925,-8.258915,0.8178207186021885,0.05782865759184628,-75.58227,2.5712525735718765,0.1818150130916036,-3.4781100000000005,1.094210029153453,0.07737233316567364,0.030609143999999998,0.013117239130612204,0.0009275288739701423,-6.2240358559999995,3.9053577547053746,0.27615049513116396
R:A:HIS:284,103.45921,2.7760137744434914,0.19629381645762556,-10.08904,0.8475265473128261,0.05992917688405206,-77.976215,4.1057391123615,0.29031959681336533,-9.28121,3.6264058426905286,0.2564256162700989,0.33327547199999996,0.08396667113630035,0.0059373402554138725,6.446020472,6.199961058009696,0.43840345072111775
R:A:CYS:285,87.30539,2.3474646979028244,0.16599082064831172,-7.500685000000001,0.6564062048571753,0.04641492786674347,-74.0024,1.7722123320866487,0.1253143357720895,-3.200875,1.165336281669373,0.08240171871311303,0.153593604,0.04615441859015434,0.003263610236682058,2.7550236040000002,3.231460202974097,0.2284987422657441
R:A:ILE:286,77.13092,3.0197259881651513,0.21352687235568266,-9.64357,1.100126226893987,0.07779067151979087,-59.091545,1.367918684708634,0.09672645780692579,-2.055025,0.6773176170564295,0.04789358800377144,0.10951066799999999,0.03536988905810387,0.0025010288402801113,6.450290668,3.5581223236563955,0.2515972423348673
R:A:ALA:287,86.12494500000001,2.195109034188279,0.1552176483518385,-4.59028,0.5838676918617779,0.04128568042312007,-77.160905,2.0067428998192565,0.1418981512560153,-1.0246800000000003,1.6256301263202524,0.11494940860221943,0.45814546799999994,0.09649678302868431,0.006823352964226963,3.8072254680000004,3.440698643631098,0.24329413429309055
R:A:GLU:288,109.762675,3.0181692479672177,0.2134167942006322,-5.866985,0.8383625735772083,0.059281186086944986,-38.7329,12.42855196030495,0.8788313371460988,-117.10570000000001,12.124958797043394,0.8573640586996868,0.79811568,0.09245230470912447,0.0065373651596146885,-51.14479432,17.64381689155711,1.2476062570033783
R:A:VAL:289,49.802659999999996,3.7699947698106953,0.266578886677096,-7.412745,0.9547529313780607,0.06751122721351611,-58.67387500000001,3.3463692069726854,0.23662403586042352,0.26493500000000003,1.3415926471082793,0.09486492583602751,0.049991184,0.026902784229557806,0.0019023141161518833,-15.969033816,5.303130696515437,0.3749879677024604
R:A:GLU:290,82.685875,2.9102379317463036,0.2057848976404124,-5.4831449999999995,0.8299378253670572,0.05868546642802628,-8.985765,6.88220763271314,0.4866455686625277,-121.6158,6.407415027138479,0.4530726615566205,0.828369144,0.08155255213599673,0.005766636263843275,-52.57046585599999,9.878495921033975,0.6985151453686773
R:A:ASN:291,27.19853,3.0986379280419323,0.21910678913602835,-8.033800000000001,0.9336914640286694,0.06602195657506675,-90.34052500000001,3.087397062150413,0.21831193988619815,-5.868315,1.423478705768021,0.10065514457232178,0.16321132800000002,0.0550871665466687,0.003895250902150217,-76.880898672,4.6941115879544375,0.33192381354889355
R:A:ASP:292,97.905245,9.761843275989172,0.6902665577332245,-4.36899,0.833826408732657,0.05896043079472876,-33.261085,10.153984862002455,0.7179951551987486,-126.67911,14.631965607801982,1.0346362103365125,0.7525619280000001,0.12296810565057435,0.008695158137518493,-65.651378072,20.327365739454716,1.4373618158027528
R:A:GLU:293,99.84207500000001,3.1347860755360966,0.22166284915807385,-5.894259999999999,0.7138295681743647,0.05047537282675582,-16.169585,9.385012568066971,0.6636206028401129,-131.937635,9.7138138489357,0.6868703643766231,0.809461872,0.08104286236893422,0.0057305957547841456,-53.34994312799999,13.884510964807726,0.9817831856674516
R:A:MET:294,98.72126,2.918796658282314,0.20639009099760583,-7.322639999999999,0.8800347495411758,0.062227853908037034,-67.931115,1.9432198130358282,0.1374063907133689,-7.678575,1.3399833448125391,0.09475113097939782,0.37104767999999994,0.11271741044151076,0.007970324528097962,16.15997768,3.8572268423786853,0.27274712568207427
R:A:PRO:295,75.542225,2.5140100983041016,0.17776735884822892,-4.22832,0.5687471561247581,0.04021649708763805,-51.006949999999996,1.7251198849645202,0.1219843969018169,-4.127759999999999,1.3352685132212172,0.09441774204036019,0.6643340999999999,0.057059602301674,0.004034723171932122,16.8435291,3.3772705725318812,0.23880909237390668
R:A:ALA:296,82.455715,2.1500823853459656,0.152033783478788,-2.5289099999999998,0.3204960871836035,0.022662495659128097,-68.09773,1.2700854487395723,0.08980860334901107,-5.39898,0.898569846812144,0.06353848320506242,0.8314937280000001,0.042526900745269644,0.0030071059899827407,7.2615887279999995,2.673560427531421,0.1890492708219473
R:A:ASP:297,87.13732,5.526425639380304,0.39077730453290144,-3.44952,0.6889849197188571,0.04871859088684729,-17.268700000000003,4.954826635715926,0.35035915137184587,-128.66886,4.562879000192751,0.3226442682769988,0.980182584,0.04820326326020412,0.00340848543266107,-61.26957741599999,8.740055828322204,0.6180152744155638
R:A:LEU:298,81.074335,3.4628527968677787,0.24486066949160085,-6.1304099999999995,0.8938371506600069,0.06320383105081526,-69.88150999999999,2.407143005701988,0.17021071426176437,-5.566345,1.3458989805980983,0.09516942959729768,0.466489872,0.09732276359010576,0.006881758609837901,-0.03744012800000007,4.5172500020325215,0.31941781087521415
R:A:PRO:299,88.14778499999998,2.446171888640494,0.17297047304055976,-3.007115,0.7259971155417906,0.05133574835214735,-70.59364,1.741620722315855,0.12315118230045541,-1.8333249999999999,0.9021258445333444,0.0637899302153169,0.7528606919999998,0.053630655057281706,0.00379225998704805,13.466565692,3.218816358148889,0.22760468742412662
R:A:SER:300,66.582335,6.170287602922168,0.43630522058975524,-4.59988,0.632984230135317,0.044758744151282885,-47.911615000000005,5.281102456568609,0.3734303359180598,-12.2529,1.9201321699299765,0.13577384781319266,0.51929568,0.053094260557615826,0.0037543311682375594,2.3372356800000005,8.369760321876258,0.5918314280504803
R:A:LEU:301,57.390645000000006,3.103413497904364,0.21944447291940392,-9.356474999999998,1.0383685325427576,0.07342374307317082,-56.32046499999999,1.856946644030194,0.13130595642953521,-5.821045000000001,0.7576630801187294,0.053574870180664,0.111090924,0.04331379677792082,0.0030627479420603843,-13.996249076,3.8384325987427887,0.2714181719698528
R:A:ALA:302,85.66435000000001,1.9639169298878199,0.1388698978810743,-5.478265,0.5585604307279562,0.03949618682702167,-67.93921999999999,2.2170145469978313,0.15676660201713882,-7.373799999999999,1.3292129061967461,0.09398954596123975,0.255937644,0.05182520986714925,0.0036645957333477207,5.129002644,3.294481107284237,0.23295499314516496
R:A:ALA:303,89.96940000000001,2.0129848086858484,0.14233952086472684,-4.003375,0.5214725538079641,0.03687367790002782,-74.96971500000001,1.3239704807037806,0.09361885049964563,-5.85116,0.8266975168705902,0.05845634201692746,0.45658641599999994,0.05482075910712423,0.0038764130514441723,5.601736416,2.6006486495063266,0.18389362955495603
R:A:ASP:304,102.51327,9.047867577341083,0.639780851921578,-6.48578,0.9000570990776084,0.06364364782128691,-18.602020000000003,12.83754358316263,0.9077514121432144,-140.43304,5.844750175875783,0.4132862483703032,0.539761392,0.059442191525050085,0.0042031976715952435,-62.467808608,16.78216832595935,1.1866785026299946
R:A:PHE:305,105.69042999999998,2.821725729956758,0.19952613983009843,-12.307004999999998,0.9252494123072978,0.06542501337313582,-84.21385000000001,1.5563533941557108,0.11005080389302027,-0.799075,0.7195409573992296,0.050879229031845594,0.07787825999999999,0.039364554847136274,0.0027834943670799837,8.44837826,3.4292487829156277,0.2424845068775355
R:A:VAL:306,50.128344999999996,3.0366797980648204,0.214725687750383,-8.153515,0.8589059434973075,0.06073382170483758,-53.45315500000001,1.8116423380388857,0.12810245823119476,-3.1873500000000003,1.137545052953948,0.08043658208489468,0.063129384,0.03195579186010173,0.0022596157122463808,-14.602545615999997,3.8126397019464617,0.26959433874674005
R:A:GLU:307,95.287795,2.8589684491045015,0.202159597756018,-6.646465000000001,1.1116494226036373,0.0786054845025142,1.330895,4.39328646846242,0.31065226535448764,-146.044685,4.365983325182884,0.30872164157842086,0.761238612,0.09968547084144137,0.007048827241775704,-55.31122138800001,6.912465451240742,0.48878511952900566
R:A:SER:308,82.37531500000001,7.569497134273519,0.5352442753816943,-4.53832,1.0344685387192787,0.07314797186525406,-70.84050500000001,7.729784852761104,0.5465783286500435,-3.733985,2.355858141903922,0.1665843267653803,0.277469244,0.05383687134254055,0.0038068416804178133,3.539974244,11.120699253502044,0.7863521853687472
R:A:LYS:309,114.42223,3.3381610382214935,0.2360436306819144,-3.6377500000000005,0.7921980670892854,0.056016862528170924,-160.64296000000002,12.676338340719688,0.8963524801337919,36.985164999999995,11.180338754160134,0.7905693349029387,1.5211902240000001,0.09143826819469966,0.006465661950042634,-11.352124776,17.24728344515928,1.2195671081118606
R:A:ASP:310,87.53027999999999,4.167231974776542,0.2946677988141901,-4.66277,1.354317225431324,0.09576468939802393,-54.520954999999994,12.332127894770432,0.8720131260851954,-99.11825499999999,13.441141088835241,0.9504322010800533,0.352974924,0.08125708613772847,0.005745743662744721,-70.41872507599999,18.760390517675734,1.3265599352756317
R:A:VAL:311,48.31859,2.551708484897912,0.18043303732825647,-9.7249,0.9104507674772975,0.06437859116196937,-53.05677,1.7847134972034027,0.12619830163476844,0.344945,0.6815064577647082,0.04818978377078486,0.010029851999999999,0.009276574564552154,0.0006559528780777472,-14.108105148,3.3150982135995086,0.23441284271356222
R:A:CYS:312,90.57162,2.206346796312855,0.15601227813220342,-6.789750000000001,0.56043961985213,0.03962906556430519,-71.53565,1.445551731173948,0.10221594316690519,-4.071555,0.7677848051212006,0.05429058421931928,0.183703212,0.03965701503017916,0.002804174424945652,8.358368212,2.804058620360156,0.19827688653012612
R:A:LYS:313,124.10305,3.460976107617618,0.244727967522104,-6.523995,0.9568535284854208,0.06765976185943164,-174.41073,15.164645300405152,1.072302352620519,45.41598,13.939365665969165,0.9856619987845731,1.015143444,0.09539584596165844,0.006745504957651601,-10.400551555999998,20.90873996482337,1.478471181519278
R:A:ASN:314,16.06263,3.506355363208356,0.24793676545744484,-8.61356,0.9193102122787498,0.06500504851163484,-83.27613000000001,3.426857632452799,0.24231542700682515,-6.8389,2.2913677356548425,0.16202416640736036,0.3303867959999999,0.06380997880091156,0.0045120468717494405,-82.335573204,5.489758669194355,0.3881845582064965
R:A:TYR:315,83.76442999999999,3.6189125998150327,0.2558957639850648,-14.054775,0.9940432105170277,0.07028946949490371,-80.77914999999999,4.188394743514513,0.2961642325425202,-4.14817,2.4702261518128252,0.17467136630111987,0.19089871199999997,0.08376873851470044,0.00592334430551874,-15.026766288,6.142990743898882,0.43437504117770936
R:A:ALA:316,90.06584,2.1855877411808473,0.1545443912667166,-4.070965,0.5442760914967697,0.03848613151350756,-76.872335,1.2629322003872578,0.08930279230726777,-4.194,0.672466214764727,0.04755054205789877,0.6051106799999999,0.052526830218333175,0.0037142077841617847,5.533650679999999,2.6688945012575496,0.18871934001107019
R:A:GLU:317,93.468035,3.106290030530794,0.2196478744920492,-4.2796899999999996,0.8600492799252843,0.060814667798977574,-28.877135,13.450915474672161,0.9511233545307753,-115.157785,13.354116059431824,0.9442786022376419,0.964197108,0.11171520987117706,0.007899458246158763,-53.882377892,19.22656354217626,1.3595233459586882
R:A:ALA:318,101.562855,2.4661775674056807,0.17438508815227008,-3.832595,0.7853560599976294,0.055533059567027275,-83.53766999999999,1.690464631721114,0.11953390044460194,-1.288265,0.6778070040763816,0.04792819289181473,0.26120214,0.043370500062152845,0.0030667574697399854,13.16552714,3.165089246940858,0.22380560695725038
R:A:LYS:319,125.268865,3.560574367538895,0.2517706280205755,-8.77965,1.198561294844782,0.08475108192524743,-177.468805,12.965723310597639,0.9168150875912083,47.95338000000001,11.57401373230566,0.8184063595659554,0.5861800439999999,0.08653653116742582,0.0061190568008847816,-12.440029956,17.781718207700752,1.2573573525813504
R:A:ASP:320,86.78586000000001,4.083383426816542,0.2887388111286739,-5.54677,1.0062709809489687,0.07115410343402549,-61.12928,9.757019269818011,0.6899254489856131,-89.99001499999999,9.876958305813334,0.6984064195537402,0.538613244,0.07557528998767563,0.005343980004042522,-69.341591756,14.506758546564829,1.0257827341311894
R:A:VAL:321,52.338535,3.4332343903052993,0.24276633187877392,-5.676715000000001,0.772961476255447,0.054656630145619105,-56.562005000000006,2.3195513628663194,0.16401704979932724,-1.01554,0.8637657312026218,0.06107746058899305,0.632913084,0.059624427256963604,0.004216083683776298,-10.282811916,4.302851689083731,0.3042575607791096
R:A:PHE:322,90.85557,2.952246281240777,0.20875533651981207,-13.77075,0.8287378641645379,0.05860061635768006,-68.035775,1.498538215854037,0.10596265342975798,-1.8698249999999998,0.6237619372605225,0.04410662956829733,0.14414922,0.051168525118564824,0.003618161109465138,7.32336922,3.4698528080183473,0.2453556450268957
R:A:LEU:323,72.79917499999999,4.152764545983194,0.29364479711357905,-10.860684999999998,0.913345589453959,0.06458328598697188,-75.657005,2.309792957166291,0.1633270263149213,-1.02417,0.5248271916545483,0.03711088661700229,0.056877912,0.022722732788999125,0.0016067398442191193,-14.685807088,4.867315168428115,0.34417115617676625
R:A:GLY:324,81.79868,1.923782757381924,0.1360319833274513,-5.643854999999999,0.6242220149714363,0.044139161975223315,-81.336315,1.4020284789457742,0.09913838448792175,-0.39735,0.49750284170042686,0.03517876330259493,0.05413384799999999,0.01771966442741216,0.0012529694876973181,-5.524706152,2.510796714462846,0.1775401382977582
R:A:MET:325,88.53608,2.8494350025224295,0.2014854812833917,-9.618145,0.805180522600367,0.05693486076100476,-73.95842,1.5580656416210452,0.11017187807240102,-2.7079649999999997,1.0123447356385076,0.07158358274684914,0.5346918719999999,0.06433403955095325,0.004549103562760259,2.7862418719999997,3.4963044466400435,0.24722605833118544
R:A:PHE:326,96.523615,3.2140225694252673,0.22726571537272178,-15.16704,0.8025021547634622,0.05674547155500603,-71.500685,1.228686634490259,0.0868812651201339,-2.19509,0.6385376276305101,0.04515142865403043,0.007346375999999999,0.013144719869005348,0.0009294720556171228,7.668146376000001,3.5904769483329693,0.2538850597860224
R:A:LEU:327,68.309465,3.4505429498522404,0.24399023186159524,-11.383285,0.9878545003060927,0.06985186159920866,-72.251085,1.452890160258167,0.10273484846377597,-0.71329,0.45728769489239485,0.032335123001157734,0.024129756000000002,0.014405094375021082,0.0010185939916209598,-16.014065244,3.8990143014573517,0.2757019452503823
R:A:TYR:328,89.82725500000001,3.3951606471527973,0.240074111681945,-15.589250000000002,0.9490261785114255,0.06710628463489839,-90.845615,1.8649583740059723,0.13187247128902604,-2.543295,1.1452931842873246,0.08098445770563015,0.180357948,0.05553776031733811,0.003927112693230293,-18.970547052,4.149773146214871,0.29343327320743695
R:A:GLU:329,98.50130000000001,2.6869041572039745,0.18999281499572557,-9.124904999999998,1.333897194679935,0.09432077517638943,-41.89627,9.219669810090815,0.6519291043016104,-105.57687,8.225143708355496,0.5816054892412038,0.279153756,0.058871886686272114,0.004162871029710903,-57.817591244000006,12.71446035053069,0.8990481132987739
R:A:TYR:330,82.73135999999998,3.8070326384731716,0.2691978594862894,-12.075545,0.9088696044950562,0.06426678605527897,-74.883795,1.4227156964674987,0.10060119166727101,-5.22548,0.9946900671063325,0.07033520916297897,0.40814524799999996,0.07636612056189901,0.005399900170222823,-9.045314752,4.282394369429289,0.30281100983385395
R:A:ALA:331,101.07965,2.302027477572759,0.16277792398694607,-7.161605000000001,0.6629360293233427,0.046876656182741956,-79.62353499999999,1.4506535212706715,0.10257669420426353,-1.406925,0.6892180637323719,0.04873507665814222,0.006890508,0.005635700989472028,0.0003985042386395407,12.894475507999998,2.884140014935239,0.2039394962452178
R:A:ARG:332,-173.60701,4.009872562800469,0.28354080808500914,-11.95829,1.3112749543478668,0.0927211412219457,-46.74970499999999,7.032226231285153,0.49725348549796505,67.05189999999999,5.423398461297123,0.3834921829059883,0.418700448,0.1018476441259556,0.007201715980933744,-164.844404552,9.83231150627303,0.6952494140824176
R:A:ARG:333,-189.84017,4.13183510211867,0.29216486194527225,-10.174489999999999,1.3468826451847986,0.09523898518726456,-49.337105,7.574791085830355,0.5356186142862055,70.74943499999999,6.135070247012255,0.43381497747181924,0.361642968,0.054947674325749,0.003885387312616707,-178.24068703199998,10.672662289591281,0.7546711878283939
R:A:HIS:334,121.12905500000001,2.9578281849990886,0.20915003671975535,-9.25616,0.784912131642772,0.05550166909201921,-94.10052,3.228660460562553,0.2283007705812663,-4.13457,2.7456035028933075,0.19414348553453964,0.48640608,0.0894123291659489,0.0063224064274926195,14.12421108,5.228328237178866,0.3696986350778284
R:A:PRO:335,74.46525,2.588050961148176,0.18300283846842372,-8.41366,0.8871551523831669,0.06273134242147221,-56.9721,2.2447216865348807,0.15872579264253178,0.8809349999999999,1.4564516232182239,0.10298668192477606,0.101545884,0.048851086923745554,0.003454293483211396,10.061970883999999,3.827200706961764,0.2706239572854612
R:A:ASP:336,87.41022000000001,9.443267000969527,0.6677398132940704,-5.611875,0.8618763712824479,0.06094386266782734,-54.723094999999994,18.550831296089537,1.311741860611254,-92.01077000000001,12.414911966949262,0.8778668439663841,0.506658096,0.09197842156260991,0.006503856560975642,-64.428861904,24.252627970677388,1.7149197699660517
R:A:TYR:337,96.16875500000002,3.5405356282595153,0.25035367517748763,-11.129195,0.85519603423718,0.06047149150529529,-89.858105,1.9041821483185373,0.13464601096904058,-6.62772,1.1890373676213881,0.08407763857292853,0.388363752,0.06828834529375635,0.004828715203322357,-11.057901247999999,4.279151271645811,0.3025816881903791
R:A:SER:338,73.81715,5.136680936898846,0.3632181923272842,-7.56576,0.7964784632367657,0.056319532242375736,-66.17737,4.9329633916237405,0.34881318655621374,-1.392955,1.4087555405303647,0.0996140595743141,0.024047532,0.021486262535605767,0.00151930819412813,-1.2948874680000002,7.303358860514302,0.5164254575708519
R:A:VAL:339,56.480014999999995,3.0525022071695544,0.21584450102764954,-8.76094,0.8911421246916791,0.06301326393704741,-58.464375,2.103622856971991,0.14874859872239135,-0.40790000000000004,0.7008883719965683,0.04956029206935729,0.07660184399999999,0.03065705019100931,0.0021677808081239027,-11.076598156,3.8767663716396963,0.2741287790462396
R:A:VAL:340,42.131350000000005,3.4501512296564623,0.24396253306091897,-9.299955,0.9056075325299586,0.06403612273455507,-45.910295,2.4804361971183617,0.17539332552829653,0.8999700000000002,0.8764959435730436,0.06197762253830006,0.11679692400000001,0.038319416126081876,0.0027095918993861635,-12.062133076000002,4.432374730909182,0.3134162228985782
R:A:LEU:341,67.491025,2.9500613136636664,0.2086008359807673,-11.608429999999998,0.9370244421038333,0.0662576337149162,-70.87881999999999,1.7229437128356808,0.12183051829488376,0.256915,0.623971039211757,0.04412141530906505,0.0008311679999999999,0.002215557536823632,0.0001566635758396954,-14.738478832,3.5970482848503984,0.25434972344731566
R:A:LEU:342,72.74386,3.8199694724434643,0.2701126317890372,-11.308495,0.9019371430288254,0.06377658700397035,-76.65458500000001,3.000903764330839,0.21219594014465734,-0.39668499999999995,0.5182859112256477,0.03664834824211045,0.012674195999999997,0.01669917224851531,0.0011808097937127382,-15.603230803999999,4.967894919508542,0.35128321858066874
R:A:LEU:343,79.708785,3.1944178153107967,0.22587944991493805,-10.289304999999999,0.9581456475792185,0.06775112847676414,-78.52222,1.7333726811046726,0.1225679577132621,-0.8090450000000001,0.7740213517565261,0.05473157466102176,0.150306012,0.030677094259578368,0.002169198137804677,-9.761478987999999,3.837574657180915,0.27135750634022654
R:A:ARG:344,-190.22074,3.8316886332790654,0.2709413015987041,-13.323630000000001,1.4097866622648976,0.09968697089138581,2.7853749999999997,7.9876844300695184,0.564814582648036,26.799210000000002,6.032475563638862,0.42656043783911796,0.040611852000000004,0.029086721436155295,0.0020567417969989525,-173.91917314799997,10.81036753460024,0.7644084190834729
R:A:LEU:345,63.253425,3.1601229998807003,0.22345444025992184,-11.88646,0.981611393780655,0.06941040730322795,-70.593335,2.012872373692629,0.14233157051011203,-1.40299,0.5755253946612608,0.04069579093100416,0.021668688000000002,0.03037172270396686,0.002147605108029239,-20.607691311999996,3.915832659472312,0.27689118275046243
R:A:ALA:346,101.5707,2.4598322768026275,0.17393640835086824,-7.19139,0.6690987729027755,0.04731242796031503,-82.67947499999998,1.7114498997560517,0.12101778297785411,-2.76721,0.7048165547857116,0.04983805653815164,0.047828088,0.015801438356967887,0.001117330421471321,8.980453087999999,3.1503245576653125,0.22276158576636532
R:A:LYS:347,141.664365,3.395407513359037,0.2400915677587928,-7.5958950000000005,1.0567521535227642,0.0747236613789434,-151.75393,9.144112296177251,0.6465863812558226,5.315074999999999,8.59381650137906,0.6076745924397984,0.775320948,0.13221625798382472,0.009349101260347246,-11.595064051999998,13.043445487259119,0.9223108754077994
R:A:THR:348,42.854079999999996,3.632436125192018,0.25685202163502624,-7.5127250000000005,0.9742463494286238,0.06888962002272185,-60.18836,3.3945237442681115,0.24002907584707314,-3.543145,1.0680746668538674,0.07552428397459322,0.258121656,0.0678100412669397,0.004794894001239268,-28.132028344000002,5.178022914109847,0.36614151157064007
R:A:TYR:349,80.98590499999999,3.1217398555893476,0.22074034209875412,-14.904095,0.9588180254745945,0.06779867277369817,-80.456185,1.6473489493046092,0.11648516130338232,-2.54166,0.6851935962923179,0.04845050383638956,0.002555892,0.004833183481343947,0.000341757681437711,-16.913479108,3.7212718144187704,0.263133653461388
R:A:GLU:350,106.888825,2.6892056809353573,0.1901555572994778,-8.245405,1.1944496393632509,0.08446034397795808,-85.59351000000001,12.718491907844264,0.8993331874502909,-73.67148,11.02748640441692,0.7797610416005661,0.17068017600000002,0.05894082413508165,0.004167745643463996,-60.45088982400001,17.088812245606768,1.2083615021292258
R:A:THR:351,47.60528,3.7529335767636494,0.2653724781472261,-6.59948,0.8661269592848383,0.061244424627879386,-59.4961,3.265034224935476,0.23087278412580384,-3.238,1.8549385758024441,0.13116396456344248,0.48911108400000003,0.08100300765167269,0.005727777600700356,-21.239188916000003,5.379822807346782,0.3804109188656959
R:A:THR:352,36.431605,2.9914148590549923,0.2115249732179985,-7.769864999999999,1.021992420116216,0.07226577705854273,-47.79761500000001,2.5351545843942143,0.17926249979813125,-1.020465,1.0251237236426636,0.07248719365429317,0.139841424,0.0658853830759162,0.004658800115405373,-20.016498576,4.180342051196655,0.29559482120804365
R:A:LEU:353,61.94549,3.2074737894330485,0.2268026466986221,-12.1361,0.8976053475776534,0.06347028281014667,-68.32753000000001,1.664944785601012,0.1177293748199658,-0.63122,0.6645237329095177,0.046988923779971804,0.0022103279999999997,0.004319382435258078,0.00030542646105090505,-19.147149672,3.7824905892367564,0.267462474542361
R:A:GLU:354,108.258525,2.7206968499586646,0.19238231921586504,-6.184259999999999,1.0861175638023721,0.076800109453047,-43.19307,9.942448352649361,0.7030372651755381,-111.15884999999999,9.245267656888036,0.6537391454070193,0.8235522000000001,0.0722126934149281,0.005106208520144081,-51.4541028,13.889359620856002,0.9821260374245894
R:A:LYS:355,120.07074999999999,3.8599453295998907,0.27293935175694256,-6.683005,0.8536314632058731,0.06036085962670677,-146.466245,7.267863697468122,0.5139155705219243,21.24482,7.8021949538319015,0.5516984959993999,1.1787846119999998,0.10081996502623404,0.0071290480949040645,-10.654895388,11.37251590943701,0.8041583118714806
R:A:CYS:356,81.78742,2.40994708937769,0.17040899291997472,-7.58568,0.7500482235163284,0.05303641850653191,-76.101375,1.5590696406430984,0.11024287152408085,-0.7806450000000001,0.6435882604390791,0.04550856232485267,0.006780276000000001,0.010864568533458841,0.000768241008467473,-2.673499724000001,3.035694211115378,0.21465599622884304
R:A:CYS:357,83.096615,2.299815968023311,0.16262154664703873,-6.137345,0.546223430452228,0.03862382917157489,-71.864325,1.5928456232086652,0.11263119415541595,-4.307575,0.7826627590316279,0.055342614429343684,0.265844808,0.04018215642372539,0.0028413075289914816,1.0532148080000006,2.9561539713274176,0.20903165193571596
R:A:ALA:358,86.736155,2.203234955917094,0.15579223778762213,-2.701445,0.5010983406228762,0.035433003469576216,-72.25866500000001,1.34271066979264,0.09494398197819069,-3.907425,0.8575125330716746,0.060635292708743474,0.7341281639999999,0.060268545099561706,0.004261629693214735,8.602748164,2.765352744701554,0.19553996781513003
R:A:ALA:359,91.38262999999999,2.405686042088618,0.1701076913766688,-4.538374999999999,0.4927227560961641,0.034840760208052296,-73.59611000000001,1.587530421094349,0.11225535260957495,-6.449559999999999,0.8462995252273275,0.05984241332031989,0.326234556,0.04753606629801486,0.003361307483025961,7.124819556,3.0444763834482425,0.21527698958985478
R:A:ALA:360,88.35931500000001,2.1032221294421087,0.14872026300701258,-2.09821,0.20673498953974867,0.014618371301208626,-71.302205,1.0168895972400345,0.07190495299264854,-7.481705,0.5748881177890182,0.04065072865121854,0.902334204,0.024094641172376568,0.0017037484163244057,8.379529204,2.4148341629102035,0.1707545612034745
R:A:ASP:361,117.17438999999999,3.2763314130136467,0.23167161595564525,-5.19236,0.9044982865655412,0.06395768720021072,-26.414840000000005,6.433547987261772,0.4549205408881863,-136.23867,5.6217406308989375,0.39751709221805787,0.5458835519999999,0.07749435238544351,0.005479678207540701,-50.125596447999996,9.195269298854257,0.6502037276056315
R:A:PRO:362,83.42964,2.4402837335850927,0.17255411760372452,-8.09542,0.7657623284022268,0.05414757351904145,-60.604005,1.5056290495918974,0.10646405109178872,-1.513415,0.7867497141880638,0.0556316057998958,0.26967852000000003,0.046939724213096945,0.0033191397298107227,13.48647852,3.070744849292953,0.217134450622871
R:A:HIS:363,106.78518,2.5187105744011165,0.17809973270052937,-8.530025,0.8364329287964457,0.05914473959596914,-90.22986499999999,3.8339527118595242,0.2711013961304423,-5.210075,2.621860703655898,0.18539354828816185,0.630387972,0.08239266522572027,0.005826041230113984,3.4456029720000014,5.350108269877162,0.37830978377123686
R:A:GLU:364,91.843195,2.8394142137023617,0.20077690451064087,-5.442419999999999,0.7850449309434461,0.05551105942062356,-4.8263549999999995,7.135784044446342,0.5045761286910776,-139.97937000000002,6.843304154653656,0.4838946773477674,1.017686988,0.0936462390561749,0.0066217890669237785,-57.387263012000005,10.316858238860284,0.7295120421238409
R:A:CYS:365,82.848485,2.500053229388326,0.17678045918278124,-5.97044,0.7418000110541924,0.05245318181006753,-73.500915,2.0223614409335933,0.14300254888943412,0.575805,1.7925779584093406,0.12675440301967816,0.288227196,0.08427667499098421,0.005959260838197965,4.241162196,3.756450119311121,0.26562113525539094
R:A:TYR:366,83.73311,3.1165808184451116,0.22037554308384585,-14.250839999999998,1.0747245528041127,0.07599450191954678,-76.45609,1.5647496738775823,0.11064451052582772,-4.700125000000001,0.8714819960131133,0.061623082906286014,0.055935792000000005,0.02683340149616399,0.0018974080160238807,-11.618009207999998,3.7518996928237374,0.2652993715127389
R:A:ALA:367,98.03948,2.083052879693648,0.1472940816801544,-4.79434,0.6185234954308526,0.04373621579423624,-77.424595,2.206112830517741,0.1559957342521743,-3.5235850000000006,1.417006927567752,0.10019752074714723,0.33535998,0.07599030962265386,0.0053733263238643905,12.63231998,3.406214555031222,0.24085574100388957
R:A:LYS:368,139.95506,3.0518454640430273,0.21579806227582304,-5.398924999999999,1.1669823175074248,0.08251811102342926,-181.81769999999997,11.765211312594433,0.8319260701228205,38.986695,10.880224107617222,0.769348024732549,1.039024188,0.16206558616646985,0.011459767497528356,-7.235845812,16.355468430527125,1.156506263670823
R:A:VAL:369,49.442550000000004,3.3299739154383774,0.23546471367807956,-8.924259999999999,1.0029944229157008,0.070922415793598,-56.668279999999996,2.660135709244925,0.18809999988835724,-0.20923999999999998,0.6852722761063663,0.04845606733939517,0.020177568,0.021164059269596084,0.00149652498269654,-16.339052432000003,4.431827172995893,0.31337750470722026
R:A:PHE:370,89.00055,3.261567616576422,0.2306276578979633,-11.820885,0.9759664552508963,0.06901124987185059,-69.17919499999999,1.8451534453738525,0.1304720513553573,-0.7836,1.2212177733721368,0.08635313688569743,0.299559816,0.0942020640425662,0.006661091828626799,7.516429816,4.0614248675951,0.2871861065156171
R:A:ASP:371,86.3989,7.1860265814982895,0.5081288125564225,-6.130715,0.8104727347511451,0.05730907667093407,-41.35784,14.434390964443217,1.0206655733255627,-104.716585,10.834125550443607,0.7660883644945111,0.6061234679999999,0.09606275483780889,0.006792662536527549,-65.200116532,19.4431219482319,1.3748363377031774
R:A:GLU:372,98.92479500000002,2.9599652959071996,0.20930115328128265,-7.263730000000001,0.8536250272221404,0.06036040453393267,-39.37602,11.947418467585372,0.8448100616103006,-107.66037,11.677210068466698,0.8257034424752631,0.66927978,0.10571825472314798,0.00747540948099447,-54.70604521999999,16.988210312218197,1.2012478711992722
R:A:PHE:373,108.43988000000002,2.8425943477042237,0.20100177394242072,-13.443795,0.9156590648134271,0.06474687339845067,-81.01634,1.5990520424301393,0.11307005426725504,-0.22610499999999997,0.7571095917864203,0.05353573264535566,0.07638048,0.027945697449847266,0.001976059217177461,13.83002048,3.4712731783822437,0.24545608037850644
R:A:LYS:374,140.70797000000002,3.2765530774122986,0.2316872899955887,-6.10691,0.8443560279289772,0.05970498730843177,-165.402995,10.731240015719294,0.7588132585655545,33.81556,9.636894090753513,0.6814313161148376,1.055089008,0.08817698342239622,0.006235054292255015,4.068714008,14.815051547084826,1.0475823412571932
R:A:PRO:375,84.190985,2.692294899295952,0.19037399802461205,-5.874880000000001,0.6858724193317588,0.04849850387383099,-61.699285,1.4017690515113392,0.09912004019811028,-1.3121249999999998,0.8450006801032767,0.05975057110082715,0.6293119319999999,0.051891918459368754,0.0036693127431399026,15.934006931999999,3.2249880921836582,0.22804109492289312
R:A:LEU:376,77.33219,3.5895098918793913,0.25381667856841084,-9.509585,0.9051166128046706,0.06400140946787812,-79.72400999999999,2.5260369929793196,0.1786177887263752,0.13179,0.5579928815854195,0.03945605504228723,0.30677148,0.05125355390859057,0.0036241735528674667,-11.46284352,4.516487929715219,0.31936392422488225
R:A:VAL:377,51.841525000000004,2.7339785129687835,0.19332147461385402,-7.876135,0.8206578317270846,0.05802927178480701,-62.583785000000006,2.1094770604998287,0.1491625534236894,0.7808849999999999,1.0379637670819728,0.07339512183295971,0.27979704,0.0567967627729891,0.0040161376106224245,-17.55771296,3.69845993745525,0.2615206101721382
R:A:GLU:378,90.07567499999999,3.1300455682585517,0.22132764467385224,-7.09433,0.8205191351211744,0.05801946445375034,-44.38292499999999,9.29493349945953,0.657251050814584,-99.36111499999998,8.985312620703578,0.6353575485180568,0.7218963719999999,0.08661984562638296,0.00612494802277473,-60.040798628000005,13.327024107402272,0.9423629119380742
R:A:GLU:379,106.92672,2.6672522999521435,0.1886032188431576,-6.46746,1.3398051643429354,0.09473853171756463,-88.91035,7.844490235031209,0.5546892240142222,-56.829814999999996,6.9361147886100465,0.490457380211446,0.48839587199999995,0.046818065501628925,0.003310537159823777,-44.792509128,10.888398415264401,0.7699260355694315
R:A:PRO:380,80.37709500000001,2.5378363020445196,0.17945212587170709,-10.178485,0.73526487048886,0.051991077589092154,-58.928675000000005,1.2331964926056997,0.08720016024569564,1.06864,0.4879706347722166,0.03450473448673384,0.00278388,0.003581735562098352,0.00025326695043767554,12.341358879999998,2.9563709652806835,0.20904699572529906
R:A:GLN:381,23.749495000000003,3.018207738041734,0.21341951585990207,-9.298654999999998,0.9966283690398342,0.07047226780709558,-69.96201500000001,3.437981014312761,0.2431019688811158,-4.1373549999999994,3.3095244022328947,0.2340187147321235,0.48728278799999997,0.13985733398189976,0.009889406925727309,-59.161247212,5.735422508723183,0.4055556148888123
R:A:ASN:382,24.20826,7.155548904339904,0.5059737153370716,-7.148529999999998,0.8177981041186143,0.05782705850637744,-87.38411,6.783481497571878,0.47966457669865514,-5.104,3.0228678700862863,0.21374903695689484,0.5282949239999999,0.10792749799407667,0.007631626570810911,-74.90008507600001,10.345804637350506,0.7315588615901772
R:A:LEU:383,84.22489000000002,3.1578426667425976,0.22329319635739017,-9.20581,1.0676765492882196,0.07549613281155532,-88.90767,1.6221294587979103,0.11470187402784666,1.16364,0.6421085191772493,0.04540392881678853,0.23335092,0.0683804272121314,0.004835226378213124,-12.49159908,3.763002356646315,0.26608444840055684
R:A:ILE:384,97.47289500000001,3.519917358969525,0.2488957433743594,-10.598915000000002,1.0847442222823775,0.07670299954287968,-77.54583000000001,1.7386680652441968,0.12294239791666661,0.26978500000000005,0.7596875007363225,0.053718018335331394,0.024029568,0.01718150862234676,0.001214916125787653,9.621964568,4.143292795092272,0.292975043185111
R:A:LYS:385,124.661785,3.22032433751245,0.22771131766751296,-7.73517,0.9123407209480457,0.06451223105349868,-144.703365,10.623496378865811,0.7511946329406747,14.487215,9.66887889358301,0.6836929832124029,0.9010997999999999,0.1440460720299002,0.01018559543356283,-12.388435199999998,14.750237220848085,1.0429992762971896
R:A:GLN:386,25.1527,3.1224520861015628,0.22079070440124965,-7.894449999999999,0.8224527752400134,0.05815619345779088,-72.117325,3.02832328019566,0.21413479270514402,-8.55174,2.374466220521993,0.16790011662294935,0.729351576,0.11587297647053096,0.00819345674185817,-62.68146342399999,5.024777991707807,0.3553054591893512
R:A:ASN:387,17.805545,3.107448055555394,0.21972975922681703,-9.333260000000001,0.9426593618057374,0.066656082708182,-80.575165,2.313132645953319,0.1635631779737573,-3.7313799999999997,1.126555487137673,0.0796595024337963,0.139960368,0.047273012950178835,0.003342706802419093,-75.694299632,4.143281879320231,0.29297427132346776
R:A:CYS:388,92.66150499999999,2.2990755968377807,0.16256919449845036,-7.73803,0.6812549369362397,0.04817199856244289,-84.28146000000001,1.987273221879669,0.14052143712615522,-2.12933,1.2793809835619725,0.09046589691977856,0.068195124,0.04146589936877559,0.0029320818631660196,-1.4191198759999994,3.3671422407414657,0.2380929111647957
R:A:GLU:389,99.59221,2.984311414028368,0.21102268380318734,-6.799780000000001,1.053991324252719,0.07452844126908868,-57.35096000000001,8.853005352330923,0.6260020118513996,-89.148805,8.702828904268715,0.61538293337147,0.737574984,0.12770313404747333,0.009029975206374307,-52.969760016,12.812035557370285,0.9059477223419696
R:A:LEU:390,68.36972,3.5692990056312177,0.2523875530964235,-8.770215,1.0258023536602945,0.07253518004303153,-71.35681500000001,2.232833157845655,0.15788514671708354,-1.86396,0.798935922587037,0.05649330085948245,0.44737736400000006,0.09225628356948433,0.006523504371905143,-13.173892636,4.407325674534168,0.3116449871360685
R:A:PHE:391,99.43574499999998,2.988188770806657,0.2112968543302881,-13.367600000000003,0.8364246469347972,0.05914415397991589,-80.806345,1.818541890079797,0.12859033023472255,-2.6898250000000004,1.1533425745956836,0.08155363555277594,0.31278816,0.09041312852775309,0.00639317362902651,2.8847631600000003,3.778140621275918,0.2671548853580557
R:A:GLU:392,96.221805,3.01405520469931,0.21312588741134894,-5.789829999999999,0.7802046533442364,0.05516880010930091,-55.43783500000001,13.331635973419578,0.9426890201115503,-91.38255000000001,13.583618700018784,0.9605068895835677,0.9820770479999998,0.15785746962582448,0.011162208723336994,-55.40633295199999,19.2864040654049,1.3637547099351601
R:A:GLN:393,27.80741,3.0325013374935224,0.21443022596989447,-5.61835,0.8489988088919797,0.06003328149868205,-67.867045,3.9231602711302784,0.2774093231397874,-10.978085,2.9996948957810696,0.21211046022974683,1.0366883279999999,0.08790564040090042,0.006215867443202282,-55.619381672,5.8578107447889005,0.41420977005476517
R:A:LEU:394,66.999495,2.8401514149733287,0.20082903251242087,-7.5849850000000005,0.9945089968295913,0.07032240556092346,-72.865775,1.7021942968929844,0.12036331302300966,-0.1679,1.2795597563224628,0.09047853806290197,0.45805971599999995,0.0802415757505057,0.00567393623462766,-13.161105284,3.6873683718342987,0.26073631804568315
R:A:GLY:395,82.23973,1.9865880542024812,0.1404729884550763,-3.7822950000000004,0.545111922429697,0.0385452336855674,-83.65075499999999,1.5908259034146386,0.11248837839917065,-1.0387950000000001,0.9026365896500097,0.06382604534886209,0.226172592,0.0266514870211164,0.0018845447201336664,-6.005942407999999,2.7549717375656395,0.19480591976099493
R:A:GLU:396,92.76164499999999,2.7866192131281595,0.19704373421876425,-5.90568,1.432716816960002,0.10130837767924229,-113.896555,15.87620498598374,1.1226172205096778,-30.012980000000002,14.058382112448074,0.9940777324223694,0.357066216,0.08947183159882972,0.006326613884871332,-56.69650378400001,21.436369135229025,1.515780197953845
R:A:TYR:397,96.54543,3.0146508943988852,0.21316800903395422,-12.37353,1.042457178544999,0.07371285400457643,-82.89313000000001,1.830878808960331,0.12946268213465995,-7.646375000000001,0.9107845817617907,0.06440219539639157,0.46881572399999993,0.09559381201029606,0.006759503271195237,-5.898789276,3.7902006448959478,0.268007657806355
R:A:LYS:398,125.911,3.3945133774961027,0.2400283428055945,-8.069645000000001,0.6541701147064118,0.046256812415848544,-103.145725,7.172658275658684,0.5071835305852064,-26.865834999999997,7.012728771154278,0.49587480687051944,0.988546608,0.05722791642285027,0.004046624777577441,-11.181658392000001,10.610340531789877,0.7502643740727101
R:A:PHE:399,97.41348999999998,3.311599430773595,0.234165441407352,-15.183754999999998,1.1303398802904372,0.07992709943989584,-80.12062,1.4915629573035127,0.10546942816759747,-1.0634350000000001,0.5854765458795084,0.04139944358170772,0.011873879999999998,0.020358057316630186,0.0014395320380373613,1.0575538799999995,3.8486772177915505,0.272142575929858
R:A:GLN:400,29.499835000000004,2.8007350067035977,0.19804187155466646,-12.387274999999999,1.0343361877914743,0.07313861324139938,-77.29396,2.282849101101516,0.16142180798144964,-1.4577,1.4528825795638132,0.10273431242773759,0.031531032,0.02588153774715436,0.0018301010848548447,-61.607568968,4.029504385100748,0.2849289875525668
R:A:ASN:401,11.466444999999998,2.956050014288493,0.2090243010629984,-9.569970000000001,0.7680722486198809,0.05431090954403176,-73.8166,2.251672391801258,0.15921728172532024,-6.5296449999999995,1.016325021326839,0.07186503144697705,0.2020464,0.03858387392432232,0.0027282918896335117,-78.24772360000001,3.928434865232846,0.2777822932655806
R:A:ALA:402,93.13868000000001,2.2460124638122565,0.15881706437911516,-5.97347,0.5511489354974751,0.038972114973401174,-80.684485,1.646635414952259,0.11643470680546669,0.59936,0.7657736482799601,0.054148373955272194,0.24996063599999999,0.05364214540970098,0.003793072477659439,7.3300456359999995,2.940923679159178,0.2079547076485545
R:A:LEU:403,74.832915,3.6395308719359694,0.2573536959883712,-10.73278,1.0638064399128255,0.07522247475322784,-77.07789499999998,2.2613424782582143,0.15990106009615762,1.5004400000000002,0.5970600525910271,0.042218521196271196,0.154594224,0.04933041348180475,0.0034881869891720428,-11.322725776,4.455384731922069,0.3150432756737103
R:A:LEU:404,81.021255,4.767713615557775,0.3371282628316335,-11.13414,1.205342358170491,0.08523057551137385,-86.86336500000002,4.730721151344159,0.33451250060180865,-0.7142399999999999,0.7472942742989538,0.05284168488986701,0.000548748,0.0014950234161697938,0.0001057141195606339,-17.689941252,6.864555113016795,0.48539734702429627
R:A:VAL:405,68.42345499999999,3.077056765478173,0.21758077049655603,-8.579849999999999,0.9014588717739707,0.06374276811921491,-66.17623999999999,2.646062053769714,0.18710484216609677,-0.779765,0.8345656653463525,0.059012704131186866,0.229175496,0.051393256190830953,0.003634051995979408,-6.883224504000001,4.240482513161903,0.2998473940559755
R:A:ARG:406,-196.44715499999998,4.265699417560384,0.3016304984660454,-8.70494,1.333108358836595,0.09426499605898257,29.298099999999998,9.928333206535727,0.7020391736220992,0.7755100000000001,7.887987235023901,0.5577649263798325,0.84403674,0.14963539099739606,0.010580819967975922,-174.23444826,13.445739215361645,0.9507573377248107
R:A:TYR:407,95.81720999999999,3.4094156238129725,0.2410820907481516,-14.30339,0.9596497318813776,0.06785748329771743,-94.49594,2.169366973658445,0.15339740979560249,-5.439494999999999,0.7932343663602832,0.056090139952357045,0.074671452,0.041982499203478775,0.002968610987793867,-18.346943548,4.2287325359278,0.2990165451978733
R:A:THR:408,55.153285,2.9638829605392654,0.20957817400405748,-9.89624,0.891089244913213,0.06300952477205331,-58.030185,2.0183124784767594,0.14271624400843444,-2.4430199999999997,0.8161160086654348,0.05770811639622281,0.00035240399999999996,0.0010280085260269004,7.269117998712087e-05,-15.215807596,3.783949511205392,0.26756563590408544
R:A:LYS:409,132.86273,3.6811017273501143,0.26029319936467793,-10.439105,1.0473241923945995,0.07405700385429456,-101.97229999999999,8.2150582286433,0.5808923381316025,-24.470665,8.22057410968206,0.581282369820275,0.379409724,0.07109549138582998,0.005027210407071015,-3.6399302760000007,12.23590915513618,0.8652094337579352
R:A:LYS:410,137.080135,3.373494509670203,0.23854208440833874,-12.041635,1.2072936808312218,0.08536855485994242,-141.015365,7.120514202062589,0.5034963877813575,5.580900000000001,6.883599202452159,0.4867439675024232,0.105519456,0.06455798893178802,0.0045649391753433384,-10.290445543999999,10.532229177826505,0.7447410672651937
R:A:VAL:411,64.69302499999999,2.9357554350413793,0.2075892576023022,-8.05436,1.0120745231454054,0.07156447583822576,-61.99458500000001,1.491645846967369,0.10547528935193777,-0.57721,0.5139425900818106,0.03634122905874264,0.005051736,0.007758981553831919,0.0005486428471815886,-5.928078264000001,3.483124938219235,0.24629412635347953
R:A:PRO:412,77.244285,2.650431418425122,0.18741380290382834,-9.734614999999998,0.682481250127064,0.04825871199975192,-54.446239999999996,1.9333864984529088,0.13671107037105662,-2.267305,1.28365979604216,0.09076845465179519,0.020984292,0.015314024085273471,0.0010828650277950986,10.817109292,3.5883934712150345,0.2537377357061685
R:A:GLN:413,36.691155,2.888887467689768,0.20427519184882678,-7.119835,1.3117249093369387,0.09275295784434585,-81.885605,2.0638380941767216,0.14593539116634802,-6.5757200000000005,1.0049551639749905,0.07106106112351546,0.44963758800000003,0.06197882199840729,0.0043825645325027765,-58.44036741200001,3.9165669882821246,0.27694310763856633
R:A:VAL:414,59.59179,3.4677912070798036,0.2452098678265212,-8.08516,0.8292243209168433,0.05863501404451098,-63.261095,3.1288864913855536,0.2212456855621709,-1.46048,1.597914628382881,0.1129896269486717,0.013386635999999999,0.012407472464555543,0.0008773407917072589,-13.201558363999998,5.0056572606649725,0.35395341933118796
R:A:SER:415,79.00478,5.529659680450507,0.3910059857700391,-4.935225,0.6861263909623357,0.048516462380051986,-72.22354999999999,5.253356852289781,0.371468425424692,-5.11646,1.1894923238087753,0.08410980883345297,0.47897218799999997,0.06155824610039386,0.004352825325553884,-2.7914828120000004,7.750119046152644,0.5480161732537552
R:A:THR:416,47.02359500000001,3.0394063566714804,0.21491848455839022,-6.68516,1.0758553268911206,0.07607445972203812,-52.591875,3.472020928706364,0.24550895431098843,1.1741099999999998,1.260687732112913,0.08914408443357304,0.08828373599999999,0.036600395940250476,0.0025880388163463694,-10.991046264000001,4.903168175948383,0.34670634665111766
R:A:PRO:417,87.16649000000001,2.7245054945622704,0.19265163105849897,-5.710135,0.6580599340295684,0.04653186417794799,-62.41240500000001,1.7930007364680585,0.1267842979429038,-4.25137,1.0551878899513585,0.074613051241053,0.718302348,0.07145867082729497,0.005052891071655759,15.510882348,3.4913253260597763,0.24687398133852018
R:A:THR:418,38.82509,3.7950828899906783,0.2683528846677449,-8.46144,0.7919144122946621,0.0559968051052915,-45.793485000000004,3.1989912644105485,0.22620284160212267,-2.7016449999999996,1.1882185358657724,0.08401973842422386,0.11541027599999999,0.05384529529532384,0.003807437343831559,-18.016069724,5.165083764361953,0.36522657551768767
R:A:LEU:419,76.277975,3.0562500853783217,0.2161095160372976,-12.013380000000002,1.172329695776747,0.08289622776701001,-81.56103999999999,1.5531911886178085,0.10982720219508463,0.536885,0.5487079840634725,0.038799513642248144,0.000543528,0.0016051316071948743,0.00011349994441443573,-16.759016472,3.664492788449375,0.25911877003217537
R:A:VAL:420,50.39328,3.1356872183940796,0.22172656958064363,-10.200335,0.9900021226113609,0.07000372142875691,-59.790414999999996,1.9262708228011451,0.13620791612044802,1.53811,0.9307913611008645,0.06581688833042777,0.025364196,0.021670928246293096,0.0015323660317560943,-18.033995804,3.923009049719495,0.27739863017128485
R:A:GLU:421,98.95681499999999,3.1157091248662803,0.22031390503977502,-7.885419999999999,1.3115530540546196,0.0927408058407948,-100.90924999999999,10.882268360847384,0.7694925752646999,-49.10485,9.913973507000108,0.7010237895303554,0.366100452,0.0812627886715617,0.005746146892779063,-58.576604548,15.104471317467478,1.068047409481896
R:A:VAL:422,54.307995,3.2536821825394995,0.23007007350995262,-10.178445,0.8513699765524974,0.06020094837189028,-59.971345,2.142486157709076,0.15149664907143984,0.86771,0.5704400984327802,0.04033620618625405,0.001637136,0.0037099417132758295,0.0002623324943264177,-14.972447864000001,4.028267765118465,0.2848415453150445
R:A:SER:423,85.93602999999999,2.667141090962381,0.1885953551800786,-9.10786,0.9445554723784094,0.0667901579725636,-76.10504999999999,1.932185541685891,0.1366261499036696,0.95571,0.5896693445482816,0.04169591921879166,0.00029606399999999996,0.0009143332586666636,6.465312474675915e-05,1.679126064,3.4766188141505117,0.245834073908656
R:A:ARG:424,-198.92277,3.877088497455274,0.27415155678109865,-13.335775000000002,1.219483138208561,0.08623047965699251,33.886095000000005,11.816225604480264,0.8355333252958106,5.994149999999999,11.119040598788189,0.7862349007691658,0.24049205999999998,0.09924045310574311,0.007017359735909653,-172.13780794,16.726776568797785,1.1827617139189166
R:A:ASN:425,13.79186,3.1859163454805275,0.22527830521823444,-9.519645,0.7267711393382376,0.0513904800996741,-79.09682,3.286640314607,0.23240056537796974,-3.29161,2.378428791849779,0.16818031272863063,0.18802278,0.0807610788528608,0.005710670651279935,-77.92819221999999,5.209962540818549,0.36839998423406906
R:A:LEU:426,72.17942,3.0713963572941876,0.21718051919543802,-10.566165000000002,0.9342060681535953,0.06605834458170291,-74.32422000000001,1.5167495711553705,0.10725039071257503,-1.738315,0.6781442883155472,0.04795204248908486,0.08670816,0.04310439849303549,0.0030479412473392595,-14.362571840000001,3.615035751955913,0.2556216294439836
R:A:GLY:427,88.038905,1.9478718710364398,0.13773534088923947,-6.02027,0.5790549689796298,0.040945369524526216,-80.08077999999999,1.911234732208475,0.1351447039583868,-0.688175,0.7310943471091813,0.05169617705280537,0.0001341,0.0005495965381987044,3.886234390769553e-05,1.2498140999999996,2.883890936063005,0.2039218837092571
R:A:LYS:428,136.58931,3.712101084817061,0.2624851849524083,-8.627475,1.1796291448480745,0.08341237676073615,-148.39189,18.214396154358234,1.287952303596488,10.103864999999999,16.904029956101443,1.1952954211339868,0.44605335599999996,0.12187157746990421,0.008617621886287093,-9.880136643999998,25.15345956502495,1.7786181828730767
R:A:VAL:429,50.621335,3.0544801624458136,0.2159843635865222,-9.703835,0.8834444848291261,0.062468958602453106,-59.800835000000006,2.2126319300269985,0.1564567041991969,0.298725,0.5208305764593703,0.03682828324637193,0.007684308000000001,0.010727830713556957,0.0007585721844977443,-18.576925692,3.9086369560310694,0.27638236968059143
R:A:GLY:430,78.125495,2.126475523013373,0.15036452623499663,-5.320505,0.595000411743555,0.04207288259526556,-75.72059000000002,1.8526196889539959,0.13099999450190827,-1.3446150000000001,0.8638958888517759,0.06108666412462707,0.005119884,0.006925918346569211,0.000489736382880341,-4.255095116,3.0090675344647786,0.21277320586683302
R:A:SER:431,85.476365,4.827209481861648,0.34133525588323715,-5.01387,0.9292615956231055,0.06570871757613292,-75.18808500000002,5.461723621511345,0.38620218097374204,-5.001775,2.0016330518791396,0.1415368304430864,0.346614768,0.08021172889492269,0.005671825743229677,0.6192497679999999,7.616355572613276,0.5385576673322797
R:A:LYS:432,117.74051,3.6359143636642486,0.2570979702360561,-8.45985,0.7989866691628841,0.056496889184272786,-114.702325,11.541332537422834,0.8160954501140629,-1.846925,12.91505633086341,0.9132323910959768,0.7076642759999998,0.09876071424446779,0.006983437075709004,-6.560925724000001,17.716349607208254,1.2527350945128584
R:A:CYS:433,80.54299,2.224084640902859,0.15726653315152592,-8.207294999999998,0.8450316550135859,0.05975276135773978,-75.877465,1.5559148558886502,0.11001979455477544,-0.40280499999999997,0.6772435876219132,0.04788835333225606,0.000501696,0.001515618258132304,0.00010717039480154953,-3.944073304,2.9223557621760747,0.2066417576474284
R:A:CYS:434,98.676115,2.247095323250662,0.158893634104312,-7.05009,0.7582980099538703,0.05361976649986458,-79.85611999999999,2.318195314377113,0.1639211626910937,-3.7433899999999993,1.3278947352482424,0.09389633719959474,0.08540067600000001,0.050140771223241315,0.0035454879345877236,8.111915675999999,3.5727162361589624,0.2526291877843281
R:A:LYS:435,130.74923,3.24296889548759,0.2293125297176323,-4.629740000000001,0.9622788433712964,0.06804338955401913,-120.701315,9.586294430893252,0.6778533798535454,-13.974865,8.789987375234107,0.6215459679572178,1.4147929439999998,0.1724762472177965,0.012195912400131131,-7.141897056000002,13.439996088463133,0.9503512373272954
R:A:HIS:436,121.532945,3.3707285298544885,0.23834650009990707,-8.529729999999999,1.15186509500896,0.08144916196929224,-91.29010999999998,3.4630810917303103,0.24487681237614145,-7.339054999999999,1.743309362096986,0.12327058716447731,0.499421556,0.10477451194677291,0.007408676789307406,14.873471556000002,5.26608392425564,0.3723683653138628
R:A:PRO:437,81.11211,2.472744296909812,0.17484942604852896,-4.6716,0.7014273590329936,0.04959840420820009,-62.78196,1.536905770826566,0.10867564925962028,-0.7719399999999998,1.0771838637855657,0.07616840146674998,0.6628865759999999,0.06073586295396341,0.004294674055596434,13.549496576000001,3.1831679138475812,0.22508396175370604
R:A:GLU:438,85.916335,2.7813042413182707,0.1966679089579055,-5.0982650000000005,0.8343264377778041,0.05899578818759014,-50.79573499999999,11.915018864222374,0.8425190636857276,-85.31326999999999,11.760519065802324,0.8315942781702504,0.924767208,0.15344846132532686,0.01085044475657803,-54.366167792,16.992138875071262,1.2015256625426443
R:A:ALA:439,96.83736,2.305484289775144,0.16302235752190558,-3.3244950000000006,0.44879594469535933,0.031734665586311134,-73.932985,1.6553059640969707,0.11704780721515037,-5.052125,1.0913570952603002,0.07717060027546112,0.635807916,0.07068762193988523,0.0049983696819643824,15.163562916,3.074535817716314,0.21740251257081325
R:A:LYS:440,143.031605,2.991049655050047,0.21149914939515718,-7.41043,0.914007305824193,0.06463007640023334,-150.71236000000002,14.675166321047268,1.037690962065296,11.611325,13.823712191715183,0.9774840631932957,0.8264301839999999,0.14123272011652166,0.009986661411981419,-2.653429815999998,20.402383669196144,1.4426663844858267
R:A:ARG:441,-186.78653000000003,4.001635031971306,0.28295832669405574,-13.66999,1.0429005944480039,0.0737442082437665,4.105245,8.154502663251451,0.5766104130388863,20.184604999999998,7.4017937703623575,0.5233858567967566,0.432658548,0.10751861681830777,0.0076027143056023394,-175.734011452,11.764129782347377,0.8318495943856453
R:A:MET:442,98.60112000000001,2.8397660829019005,0.20080178542034932,-10.802674999999999,1.0347903214540615,0.07317072534063741,-75.283925,1.5886564730535677,0.11233497650720814,-0.802415,0.9309248588232029,0.06582632804490161,0.078597648,0.04960787605555489,0.003507806555914462,11.790702648000002,3.5394877932395454,0.2502795820526691
R:A:PRO:443,78.86257499999999,2.648352998445449,0.1872668364176503,-8.451815,0.7313651760748525,0.051715327552622155,-53.99116,1.531482639274765,0.10829217595006574,-4.57112,1.051500720684489,0.0743523290018544,0.16057746,0.05785076890983213,0.004090667099299819,12.00905746,3.317093332514697,0.23455391892498254
R:A:CYS:444,75.17022999999999,2.647396720761737,0.1871992173741653,-6.94332,0.9249272877367172,0.06540223572631138,-66.70902,2.412616256183316,0.17059773151481236,-0.14465499999999992,2.0712755263303335,0.1464612970373914,0.193900392,0.04743313448837148,0.003354029104966097,1.567135392,4.239970435335887,0.2998111846856484
R:A:ALA:445,94.24762999999999,2.184839724808207,0.15449149852176336,-6.921395,0.936702011834607,0.06623483445193323,-83.44085500000001,1.3049816374091252,0.09227613651359168,0.013795000000000002,0.6984100178083072,0.049385045964087146,0.00100512,0.002540286629496758,0.00017962539018746764,3.90018012,2.8003027268638587,0.19801130475406148
R:A:GLU:446,102.726975,3.110308585072388,0.21993202920874214,-8.934474999999999,1.407776125445733,0.09954480446952016,-122.93830999999999,5.762385423928184,0.40746218090701375,-36.553825,4.667709203064711,0.3300568830093913,0.007138835999999999,0.006633850610219076,0.00046908407518644245,-65.69249616399999,8.163852773047719,0.5772715656430643
R:A:ASP:447,90.363565,11.25415325227869,0.79578880811989,-7.21565,0.8778662583218471,0.06207451842342395,-78.24273,6.58587941941697,0.4656919997546662,-68.29146,11.289388409404648,0.7982803099738838,0.47999433599999997,0.1174442941412579,0.008304565679895097,-62.90628066400001,17.27033601702646,1.221197171100968
R:A:TYR:448,87.57929,3.157016440549526,0.22323477334299865,-13.493789999999999,0.8424582932703553,0.059570797203831335,-82.34636,1.6057827064705863,0.11354598408574389,-3.428425,1.0683571380278227,0.07554425770285257,0.254777724,0.04814672398974435,0.0034044875025065254,-11.434507276,3.7945661100586907,0.26831634280831596
R:A:LEU:449,73.19862,3.2450318913070793,0.22945840555098432,-10.61867,0.8923325787507705,0.06309744175083487,-79.795985,1.3862827975470948,0.09802499667878085,0.62567,0.5577286177882573,0.039437368769987685,0.04540903200000001,0.023551073106977013,0.0016653123498163577,-16.544955968,3.6823749490810256,0.26038322973666606
R:A:SER:450,83.74672000000001,5.466020758431128,0.3865060344393086,-7.5293399999999995,0.7605436242583327,0.053778555410126064,-78.25008999999999,6.487040664424726,0.45870304436476106,-0.754255,2.2529363195561034,0.15930665491395832,0.089637048,0.03682482861317478,0.002603908602840829,-2.6973279519999993,8.809913974941946,0.6229549913351581
R:A:VAL:451,59.105625,2.803920160128494,0.19826709591325284,-9.3713,0.7557617349403184,0.053440424773760924,-61.15858,1.475860617944662,0.1043591051034839,-0.19852499999999998,0.5581074442927634,0.039464155849010626,0.12707377199999997,0.05493741771963454,0.003884662061043158,-11.495706228,3.3054214053908018,0.2337285890431004
R:A:VAL:452,45.215990000000005,2.9173233862395165,0.20628591493240636,-10.038910000000001,0.8253839602875743,0.05836345954019518,-45.897034999999995,1.6268039168181885,0.11503240812429773,-0.7153200000000001,0.6036997412621609,0.042688018084703815,0.037174571999999996,0.017859270165222766,0.001262841104087161,-11.398100427999998,3.49332187705425,0.2470151588132379
R:A:LEU:453,56.278575000000004,3.0100804714118525,0.21284483132525206,-10.901570000000001,0.8095852796957218,0.05724632412216526,-61.39541499999999,1.5142159465462646,0.10707123639836703,-0.71466,0.45106556552235283,0.03189515201406006,0.012058991999999998,0.011009107067947698,0.0007784614262554566,-16.721011008,3.494630745456297,0.24710770978551472
R:A:ASN:454,33.55924,3.057520108257671,0.2161993202163226,-10.036255,0.8248493134961076,0.0583256543030166,-96.083505,2.161550031800097,0.15284466853598458,-2.3007500000000003,1.5002918907665934,0.10608665697202452,0.043602516,0.01338112826319754,0.0009461886534833948,-74.817667484,4.11729995925043,0.29113707213650747
R:A:GLN:455,31.947775,2.6739083388132436,0.1890738718646101,-10.120735,1.1037838261068151,0.0780493028404162,-74.854535,3.1224835081670164,0.22079292627680577,-4.553335,1.8854618486659973,0.13332228588602507,0.07954401600000001,0.03899279994493014,0.002757207325851054,-57.501285984000006,4.65558961025857,0.3291998983835471
R:A:LEU:456,68.146325,4.797822788450508,0.3392573028644704,-10.796550000000002,0.8844294022136533,0.06253860277860387,-70.311655,3.8244247235335926,0.2704276656148091,-2.7680200000000004,0.5850008629053466,0.041365807716035236,0.00234468,0.004839554045405423,0.0003422081483424963,-15.727555319999999,6.226539389880494,0.4402828225909645
R:A:CYS:457,98.76818500000002,2.3012214845109975,0.16272093167099,-8.821385,0.5538826561420749,0.03916541821396779,-85.20195,1.4679114814933494,0.10379701627455386,-2.5558449999999997,0.7584079185866931,0.05362753821382257,0.055693584000000004,0.020636810053643078,0.001459242833098974,2.2446985839999996,2.8866553109012147,0.20411735452864105
R:A:VAL:458,54.596035,2.870830586045613,0.20299837750306032,-9.48865,0.8030695906956009,0.05678559533455645,-53.005255,1.945876812641283,0.13759426895723162,-3.5893600000000006,0.8925361899665469,0.06311183923797499,0.054990000000000004,0.01604940418781956,0.0011348642535210984,-11.43224,3.6701367856014278,0.25951786089809675
R:A:LEU:459,71.88747000000001,3.5287440101401524,0.24951988186415128,-9.524435,1.0591161908756754,0.0748908240632656,-70.23706,2.5251205904669183,0.1785529892832937,-4.788415,0.6413470766870306,0.0453500867019568,0.181511532,0.0678160941382514,0.004795322003874284,-12.480928468000002,4.512861673780193,0.31910750920868475
R:A:HIS:460,110.972145,2.426476524505234,0.17157780048676166,-13.45318,0.9857313972883283,0.06970173554510677,-91.83724000000001,1.7970850348272343,0.12707310144952003,-7.1032399999999996,1.2986557790269135,0.09182883077770292,0.08800858799999998,0.05158964689094756,0.003647938915560851,-1.3335064120000002,3.431929145253633,0.24267403711605956
R:A:GLU:461,104.29024000000001,2.9049302697999484,0.20540958926496106,-5.558135,1.1851466984196513,0.08380252671533836,-63.710604999999994,10.868070195254308,0.7684886133475727,-87.52957999999998,9.83065030013783,0.6951319490701028,0.613658376,0.12836644174130646,0.009076878143206568,-51.894421623999996,14.98720472953897,1.0597554095288102
R:A:LYS:462,135.09535000000002,3.63441774394469,0.25699214324080033,-6.640530000000001,0.9590253589452158,0.06781333346400249,-192.58428500000002,8.471577181598182,0.5990309672453294,52.279225000000004,8.58592432556769,0.6071165313363448,0.773162208,0.09036743635324361,0.006389942704382229,-11.077077792,12.634183975164486,0.8933717163597219
R:A:THR:463,55.919485,3.6462145424775816,0.25782630286469027,-4.5739600000000005,0.8405590213661382,0.059436498399552444,-61.1601,2.945306534131889,0.2082646222957706,-3.08193,2.1613191932474947,0.15282834578539417,0.6179433480000001,0.06787447897264845,0.004799450435106344,-12.278561651999999,5.229929075826059,0.36981183146412994
R:A:PRO:464,87.61278,2.6287263135594774,0.1858790202201421,-5.3134250000000005,0.5352291979843776,0.03784641953837906,-59.28782499999999,1.229006885405855,0.0869039102795438,-6.477474999999999,0.6089599735409544,0.04305997267619894,0.7980132600000001,0.05883059726869684,0.004159951426995032,17.33206826,3.013540034394764,0.21308945936976792
R:A:VAL:465,51.37905,3.0153427114508893,0.21321692788683547,-6.947629999999999,0.9682390216780152,0.06846483780379531,-51.54889500000001,2.1787277810628383,0.15405931883490526,-4.503025,1.1270886275599625,0.07969720115458885,0.22167342,0.0715808096290591,0.005061527589153101,-11.39882658,4.006505435071461,0.28330271619997893
R:A:SER:466,61.98193499999999,3.399795320423716,0.24040183257179007,-7.0548649999999995,0.6971397110873832,0.04929522171443192,-57.775785,3.3454944655125347,0.23656218229859777,-2.951875,0.9199440142611941,0.06504986507960643,0.121414104,0.02779137258109401,0.001965146801057346,-5.679175896,4.907546695253132,0.3470159547203121
R:A:ASP:467,90.056315,3.6281199657363867,0.2565468230730503,-4.925385,1.133259293707755,0.08013353314234309,-79.442655,7.9830712101280294,0.5644883787376628,-65.672815,7.122295130137125,0.5036223184131885,0.721112652,0.0563942578843245,0.003987676216998877,-59.26342734800001,11.35373177821382,0.802830073214819
R:A:ARG:468,-176.650795,4.19996133827146,0.2969821143013076,-9.5418,1.4337476835203606,0.1013812709527751,-18.22239,7.341969528532518,0.5191556440890343,31.72732,5.444633730344035,0.38499374318032753,0.408023892,0.07371849358528927,0.005212684671301504,-172.279641108,10.161166030272877,0.7185029404768343
R:A:VAL:469,62.022185,2.7055854192346245,0.1913137797020251,-9.909825000000001,0.9305967732455341,0.06580312889122371,-73.054555,2.001076439563217,0.1414974720087783,0.488205,0.4901995848376455,0.03466234505735294,0.002386872,0.005539522877470225,0.0003917034191197212,-20.451603128000002,3.5257390787484133,0.24930740112774138
R:A:THR:470,48.06379,3.0501899589861607,0.21568100039062316,-7.700465,1.0380590006232786,0.07340185586124508,-58.2164,2.999465112315861,0.21209421208510146,-0.993365,0.9380200273848102,0.06632803222525903,0.356080212,0.05836802167474803,0.0041272423930657715,-18.490359788,4.501255895014659,0.3182868567220788
R:A:LYS:471,114.65676500000001,3.1297698205738707,0.2213081463680788,-7.488375,0.9897186238396244,0.06998367503836161,-131.97421,16.048745188203966,1.1348176552114,10.889100000000001,13.960907106631717,0.987185208661475,0.958147452,0.0989335868257676,0.006995661013160835,-12.958572548000001,21.523334762407337,1.5219295964246375
R:A:CYS:472,79.718655,2.1783000472788405,0.1540290734889845,-8.81674,0.7096474564176215,0.05017965286846851,-75.663475,1.304657801638039,0.0922532378666191,1.0172999999999999,0.6864782370913152,0.048541341658425545,0.011713824000000001,0.012964674504183434,0.0009167409257784447,-3.7325461759999996,2.724361033441603,0.1926414161146948
R:A:CYS:473,99.53634,2.5937879335828513,0.18340850367962763,-8.086825,0.7978673476054776,0.05641774119791575,-89.849285,1.6209299472139447,0.11461705575033328,1.6267000000000003,0.7739922351031695,0.05472951580271837,0.024161076,0.016123957300781467,0.0011401359546944917,3.2510910760000007,3.2543918025568215,0.23012025122258403
R:A:THR:474,41.99547,3.2354530809609954,0.22878108137584274,-6.096080000000001,0.8200839978928988,0.057988695605264304,-51.664735,2.911555100762306,0.2058780355547308,-4.280115,1.7218962372265643,0.12175645058425037,0.481495968,0.10365222292569984,0.0073293189715822075,-19.563964031999998,4.753263925195763,0.33610651542753106
R:A:GLU:475,90.695915,3.0257473949051006,0.21395265010949271,-5.391650000000001,0.8561609296738552,0.06053971991593618,-59.10718,18.326358840413445,1.295869261051438,-81.821295,17.69280337617459,1.2510701245493296,0.8615702519999999,0.11062014011333965,0.007822025120994848,-54.762639748,25.6669264873348,1.8149257771411047
R:A:SER:476,66.34053,4.447088756602459,0.31445666163320507,-7.150549999999999,0.7891344166236827,0.05580022972622962,-57.23694,4.151137249766623,0.2935297298946054,-2.871995,1.3184293211905598,0.09322703135290215,0.09211885199999999,0.037692263884766805,0.002665245539119141,-0.8268361480000002,6.274627366205245,0.44368315600624153
R:A:LEU:477,74.046785,4.084132626246974,0.28879178752844586,-9.08466,0.840069559262803,0.05940188820231222,-70.259635,2.4697006117695723,0.17463420500828294,-2.2418199999999997,1.1898624952489258,0.08413598390700616,0.2034549,0.0459007407381406,0.0032456725037424833,-7.335875100000001,4.9903062952638795,0.3528679421579006
R:A:VAL:478,47.666945,2.8144675201492375,0.1990129068926812,-7.66921,0.9208540524426224,0.0651142144965291,-54.281589999999994,2.0516080210166856,0.14507059439976114,-0.45393500000000003,0.9524098544088043,0.0673455466521358,0.15760987199999998,0.05113738963727828,0.003615959498469815,-14.580180128,3.726659984915301,0.26351465465101664
R:A:ASN:479,25.447305,6.575797151066554,0.46497907572263397,-7.739225,0.8459507576537774,0.05981775172868836,-81.467155,4.182591477896808,0.29575387969538963,-5.5527500000000005,3.1727639082509747,0.2243482874628197,0.339770664,0.10792949236214124,0.007631767593929175,-68.972054336,8.457475505146116,0.598033828140794
R:A:ARG:480,-170.97986,4.111102692757747,0.29069885922032784,-14.30926,0.9203681993637111,0.06507985949585324,6.323665,5.38377144135735,0.38069012945422553,16.404420000000002,4.31320828428213,0.3049898826485888,0.107564616,0.030773867464115458,0.0021760410367212104,-162.45347038399998,8.083189385390751,0.5715678028024921
R:A:ARG:481,-172.75044000000003,4.232114315138474,0.2992556730991076,-10.489355,1.6601737857751517,0.11739201418697524,-19.928675000000002,6.323343134717188,0.4471278810327924,35.129960000000004,5.434225319068027,0.38425775736086315,0.049765932,0.021759809351705635,0.0015386508749917506,-167.98874406800002,9.496468569023593,0.6715017322481491
R:A:PRO:482,83.06442999999999,2.520205661270525,0.1782054513069115,-9.286695,0.8548216726165757,0.06044502014124076,-61.26923500000001,1.7778382856083963,0.1257121507606763,-3.9151749999999996,1.019722214318684,0.07210524926713033,0.186501528,0.038064177072912216,0.0026915437728541737,8.779826528,3.3591885795235195,0.23753050238654866
R:A:CYS:483,80.89899,2.045699183628913,0.14465277650117886,-7.425565000000001,0.6799840187644117,0.04808213107667961,-67.715295,1.6193221353316334,0.11450336628184782,-3.5235149999999997,1.1520351903370833,0.08146118952528866,0.16320668400000002,0.047375865273898095,0.0033499795599753615,2.3978216839999997,2.93238761865403,0.20735111702177364
R:A:PHE:484,105.02209,3.104632505128425,0.2195306697468488,-13.79219,0.8890298217157848,0.06286390156122988,-85.10838500000001,1.7590829533523995,0.12438594849851409,-0.8988700000000001,0.9422306740390062,0.06662576990549526,0.023914008,0.02008909156763282,0.0014205132875350656,5.246559008,3.7962734447448607,0.2684370696017505
R:A:SER:485,72.47048000000001,2.4049119193018273,0.1700529526294677,-5.726229999999999,0.7664265503621336,0.05419454110424776,-65.676275,2.4276227918222797,0.17165885382605522,-6.367274999999999,1.7365738105174224,0.1227943117447832,0.30863930399999995,0.0728767988876047,0.005153167868459353,-4.990660696,3.9096499898668813,0.27645400199007886
R:A:ALA:486,84.48089,2.4405507816679415,0.17257300075475304,-3.7075099999999996,0.4479606343195795,0.03167560022320019,-67.877685,1.4385270785685613,0.10171922521763031,-4.7403200000000005,0.7379713460562002,0.05218245431177035,0.6584070599999999,0.03727508021394991,0.0026357461988556485,8.813782060000001,2.961808255572929,0.20943147020899172
R:A:LEU:487,75.90584000000001,4.645904188034876,0.3285150356102442,-7.975250000000001,1.2849840728584927,0.09086209516349487,-81.67478999999999,4.399268829692043,0.31107528217378505,-0.6490649999999999,1.2802099479284639,0.09052451355226937,0.28441368,0.11892932169600565,0.008409572985316197,-14.10885132,6.651485377126983,0.470331041512965
R:A:GLU:488,103.94064,2.6593421724930395,0.18804388836651936,-5.696715,1.094103424624473,0.07736479508713895,-114.899225,14.593472962745194,1.0319143693019663,-37.776315000000004,13.207875441787563,0.9339378289955252,0.5857635600000001,0.10290871910509429,0.007276745312243379,-53.845851440000004,19.892138650703018,1.4065866132215123
R:A:VAL:489,47.66267,3.5604298744814504,0.25176041081850015,-6.022295000000001,1.0363881840193856,0.07328371128617191,-50.177780000000006,3.0709329952963804,0.21714775455435867,-4.08673,1.0382046412437194,0.07341215420827807,0.446504544,0.1147288434805549,0.00811255432227904,-12.177630456000001,4.926705025197001,0.34837065322226396
R:A:ASP:490,93.45414999999998,2.926416548869966,0.20692889862824865,-6.0945849999999995,1.379982178426591,0.09757947562820267,-113.51523499999999,6.828752462183339,0.4828657173054172,-44.87325999999999,5.467913442292224,0.38663986739859096,0.073642932,0.0378374671758903,0.0026755129622995436,-70.955287068,9.327359428389812,0.6595439102378715
R:A:GLU:491,103.673065,3.04411359032067,0.21525133624178736,-4.10995,0.8050884035309415,0.05692834695913803,-73.862255,17.0434134219051,1.2051513205194917,-81.182595,16.379537612245805,1.158208211831912,1.04937714,0.14751384461536485,0.010430803984642316,-54.43235786,23.84751032463511,1.686273626496569
R:A:THR:492,39.298625,4.893158360851915,0.34599854583780404,-3.902455,0.9144403796721796,0.06466069934569993,-50.797855,4.151308677269735,0.2935418516495986,-5.514015,1.7383590897093155,0.12292055004707308,0.7337544120000001,0.061937980332457204,0.00437967659060795,-20.181945587999998,6.711057466935272,0.47454342438025454
R:A:TYR:493,89.48621999999999,3.248657059709442,0.22971474366700972,-11.850595,0.9591473823010727,0.06782196181824145,-82.44066000000001,2.0983752153511537,0.14837753442485827,-8.6919,1.39183643794808,0.09841769835756167,0.327522276,0.06729736186282954,0.004758642092917172,-13.169412723999999,4.221214581360286,0.2984849455323391
R:A:VAL:494,64.45265,4.3725016154942695,0.3091825543065132,-3.84868,0.7887331219113345,0.05577185390499405,-54.4055,2.9526111545545577,0.2087811369592569,-4.0990649999999995,1.1943514519499694,0.08445340107938223,0.817765776,0.08187973930288385,0.005789771890285584,2.9171707760000003,5.467354262125632,0.3866003273898207
R:A:PRO:495,87.77916,2.8795812411529567,0.20361714225968305,-6.216995,0.6287815160888558,0.04446156739111882,-54.92682999999999,1.673827067262326,0.11835744697947821,-6.015675,1.40439805588551,0.09930593888018481,0.3877393679999999,0.06560940129461154,0.004639285256500927,21.007399367999998,3.669562625625599,0.2594772616568573
R:A:LYS:496,118.61851,3.6580697095462793,0.2586645897673278,-3.913665,0.8518703145285673,0.060236327609466706,-127.73141,11.328429321044466,0.8010409193103057,0.46968000000000015,10.381165709475983,0.7340592669791725,1.424053836,0.1239549761477945,0.008764940419592223,-11.132831164000002,15.818483942473335,1.118535726381341
R:A:GLU:497,95.86071,3.072249123345957,0.2172408188612352,-4.614335,0.9185454331577725,0.06495097046137956,-54.014754999999994,13.993229691353424,0.9894707605456945,-96.21862499999999,13.841925573574473,0.9787719437754001,0.8525127599999999,0.15305608710979646,0.010822699709721599,-58.13449224,19.942799385588433,1.4101688681392495
R:A:PHE:498,91.37750499999999,3.3580329986429556,0.23744879047886303,-12.023600000000002,1.278520879766928,0.09040507839717854,-65.04702499999999,2.4727410386805566,0.17484919565692886,-6.089115,1.6709401311163126,0.11815330976690834,0.19839193199999997,0.09378146479906237,0.00663135097090245,8.416156932000002,4.671861019900406,0.3303504607932677
R:A:ASN:499,12.13867,2.9743884970023675,0.2103210276113637,-6.2626800000000005,1.0303701507710712,0.07285817207424299,-73.991635,3.922508813473209,0.27736325812709045,-10.39422,1.7429844668269423,0.12324761359961499,0.406629468,0.08050404802100436,0.005692495826861964,-78.103235532,5.323457591060793,0.3764252961998089
R:A:ALA:500,93.46488000000001,2.1206687755517124,0.14995392718431882,-4.920395,0.7978966154678186,0.056419810748308964,-83.61287,2.4909049907814627,0.17613358102729867,-0.68246,1.094676741508652,0.07740533471279612,0.23283395999999995,0.08126456389234363,0.0057462724198443635,4.481988959999999,3.541666815980805,0.2504336622283395
R:A:GLU:501,110.42271499999998,3.1086525012897472,0.21981492640145028,-4.75414,0.9440753520773646,0.06675620834049818,-55.450720000000004,13.566131972732686,0.9592703912390917,-105.31221,13.03980958280833,0.9220537781385095,1.08124002,0.12016879108809406,0.008497216706538087,-54.01311498,19.095706581324155,1.3502703615202893
R:A:THR:502,40.022445,3.2556687587921167,0.23021054566390958,-6.746345,0.7914390854481475,0.05596319442164645,-51.87532999999999,3.8502364435317475,0.27225282983928745,-2.25944,1.911604165720508,0.1351708268525424,0.294850008,0.1003553888591058,0.007096197599088662,-20.563819992000003,5.45108954746875,0.38545023838702613
R:A:PHE:503,100.23003,3.0081045226354752,0.21270511064734668,-13.791645,1.1733424602284706,0.08296784102816585,-78.52466999999999,1.8657414293250822,0.13192784166164473,-0.63455,1.2609385224902916,0.08916181799122311,0.003986676,0.008166159531176451,0.0005774346780746026,7.283151676,3.9365529429739023,0.2783563280476707
R:A:THR:504,41.328914999999995,5.980579717533661,0.4228908473694778,-6.39049,1.0934496695778915,0.07731856762447167,-53.426495,6.929796543909136,0.49001061284412506,-2.2588250000000003,3.013397641263927,0.213079390654927,0.31677444,0.11417235407642254,0.008073204579146993,-20.43012056,9.699414763193724,0.6858521952595193
R:A:PHE:505,92.21065999999999,3.2199267576142163,0.2276832045233025,-12.351105,0.8581851163793276,0.0606828515305189,-62.601395000000004,1.9986034746730024,0.1413226069844276,-5.949505,1.4311444616023221,0.10119719536565726,0.055880028,0.03887094414654751,0.002748590819714728,11.364535028,4.141076102611957,0.2928182993566474
R:A:HIS:506,106.45742,3.1353242692901797,0.2217009052033843,-7.406615,0.77775934374008,0.054995890608980955,-84.696775,2.7678042966176273,0.19571331871355865,-6.942855,1.6162660158448547,0.11428726600052606,0.862521732,0.06587461764469965,0.004658038884463812,8.273696732000001,4.551105777058453,0.3218117756855304
R:A:ALA:507,83.82309000000001,1.821793377938344,0.12882024514609497,-4.721855000000001,0.7178252530908898,0.05075791041675179,-74.81342500000001,1.512992585697299,0.10698473172315287,-0.994925,0.8939714868915004,0.06321333005684007,0.31064677199999996,0.047770288423956746,0.0033778694883817044,3.603531772,2.631504852756519,0.18607549261094417
R:A:ASP:508,96.89298,3.556145715462177,0.25145747502907917,-5.106965,1.0188622594713184,0.07204444127672169,-76.271975,10.16911401029485,0.7190649475338615,-78.85893,9.55490247020345,0.6756336330256953,0.5834750400000001,0.11978101963946042,0.00846979712445015,-62.761414959999996,14.436261327487662,1.0207978279647636
R:A:ILE:509,77.82905500000001,3.121645608004694,0.22073367778813222,-9.92888,1.0748487594075735,0.07600328465270431,-66.15513499999999,1.8817650801242434,0.13306088487558992,1.18251,0.8102166438058404,0.05729096830653153,0.038646756,0.03300634691058772,0.0023339011722672233,2.9661967559999995,3.885685448307207,0.27475945300559157
R:A:CYS:510,93.62058,2.1442150926621144,0.15161890323439223,-6.29252,0.5641878052563702,0.039894102295953464,-85.524085,1.5415464857651877,0.10900379735988558,-1.4433499999999997,1.083452771236476,0.07661168016366694,0.286524252,0.05003316409330611,0.003537878961459603,0.6471492520000003,2.9101039562160302,0.20577542413981548
R:A:THR:511,37.48347,4.623892784126812,0.32695859431356133,-4.120115,0.7286563193817782,0.051523782458928614,-46.35657499999999,3.1530325568212896,0.2229530702230292,-5.288075,1.314676256488646,0.09296164960280665,0.880167672,0.06609746797973745,0.004673796782773304,-17.401127327999998,5.795315465951646,0.4097906865089685
R:A:LEU:512,68.60436,3.7663611258614065,0.2663219492494,-7.72527,1.2520965446402286,0.08853659574153504,-73.46043,3.348550270654451,0.23677826035238114,-2.29237,1.390062078865545,0.09829223222360962,0.43791872400000004,0.1345431229858703,0.009513635462532453,-14.435791276,5.377395767250425,0.38023930121466126
R:A:SER:513,72.83962000000001,5.081277722738641,0.35930059348406307,-4.7142550000000005,0.8785622288574668,0.062123730971948225,-70.04083,4.945813329584933,0.3497218143832323,-3.3097399999999997,2.664406303925886,0.18840197653421792,0.42424405200000004,0.13277514038042096,0.009388620213599146,-4.800960947999999,7.626861383752693,0.5393005403621344
R:A:GLU:514,98.98484,2.851214026410504,0.20161127726890674,-5.751704999999999,0.8301907359004917,0.05870334990334879,-69.866735,12.171694799606792,0.8606687931334998,-71.86676,11.761771181348497,0.8316828161096032,0.865906416,0.1478131456111037,0.0104519677610126,-47.634453584,17.185165184704086,1.2151746837915227
R:A:LYS:515,123.192795,3.474539084968681,0.24568701484790562,-7.07015,1.3283489366503065,0.09392845408873714,-131.57376,23.322964233613188,1.6491826166959194,1.5243050000000005,21.72172021599521,1.5359575663767129,0.711768924,0.31146249859402436,0.022023724484114014,-13.215041076,32.08937100385236,2.269061184083497
R:A:GLU:516,105.440655,3.155542672184136,0.2231305621824921,-7.0503800000000005,1.372815397495235,0.09707270768861864,-113.86336999999999,13.913886799636542,0.9838603708684988,-42.603294999999996,11.843828670998876,0.837485156847496,0.26844883199999997,0.08687598403815278,0.006143059743563209,-57.807941168,18.59360488364891,1.314766409993145
R:A:ARG:517,-192.195925,4.148162561830841,0.2933193876934749,-12.76732,1.237730591687868,0.08752076946645293,5.69434,10.964102691255677,0.7752791362612564,25.484129999999997,9.583857034779891,0.6776810299215258,0.3321900359999999,0.14138652378259642,0.0099975369735067,-173.45258496399998,15.192797085908255,1.0742929844636946
R:A:GLN:518,34.489560000000004,3.0693574354252062,0.2170363456474514,-10.18866,1.0751315800403225,0.07602328309143194,-85.34027,4.233488190263438,0.2993528207408442,-3.87905,2.4353401872223106,0.1722045560881012,0.27389509199999995,0.0895904453073671,0.006335001140636178,-64.64452490800001,5.868406386174221,0.4149589950422233
R:A:ILE:519,92.68629999999999,3.1529276950161735,0.2229456553736807,-8.02836,1.2720745026923541,0.08994925070282686,-72.70519,2.0990845132819214,0.148427689362531,-0.52817,0.8390656119160169,0.059330898404625555,0.39052011600000003,0.0949553820176663,0.0067143594534851,11.815100116000002,4.083911116806305,0.28877612444568646
R:A:LYS:520,139.60388,3.4718533171204107,0.24549710238208514,-10.00459,1.0621795290345224,0.07510743478178442,-143.96956500000002,10.601166221023751,0.7496156523371661,13.457445000000002,10.740055286960818,0.7594365923728426,0.3967729199999999,0.12432746765666225,0.008791279546777704,-0.5160570800000007,15.521950938572893,1.0975676765909788
R:A:LYS:521,127.46427500000001,3.552672952774432,0.2512119136244836,-11.254950000000001,0.9897613841224561,0.0699866986469572,-126.73497500000002,11.854621275029203,0.8382483091971465,-4.21096,10.829982405729014,0.7657953999221986,0.22671835199999996,0.07668503248423447,0.005422450648511287,-14.509891648,16.475058657979254,1.1649625697503272
R:A:GLN:522,39.451449999999994,3.0123509104186383,0.21300537560704894,-12.06808,1.0589115088618124,0.07487635085926664,-96.86990500000002,1.9995271080870594,0.14138791772946863,-0.807895,1.0561136794753678,0.07467851444609085,0.0025676279999999998,0.0038571208212364832,0.00027273962885521425,-70.29186237200001,3.912678267942693,0.27666813358635134
R:A:THR:523,35.39765,3.190750575883361,0.22562013692820063,-9.195715,0.8781788962250232,0.06209662526156313,-46.657214999999994,2.892602029103727,0.20453785100532124,-3.661415,1.0908470528790917,0.07713453483281661,0.13365712800000001,0.04568159469406925,0.0032301765383591775,-23.983037872000004,4.528936741766083,0.3202441881667705
R:A:ALA:524,82.582955,2.1494093381612998,0.1519861918559544,-8.211324999999999,0.7804918253095288,0.0551891062337034,-66.32643999999999,1.3253916539649708,0.0937193426246685,-1.760425,0.507356654016679,0.03587553305353107,0.00098388,0.0029359728214000892,0.00020760462913914035,6.285748880000001,2.691321315462241,0.190305155251525
R:A:LEU:525,87.585185,3.2479438204462525,0.22966431003504875,-11.440745,0.9318220430827981,0.06588976855229497,-87.369705,2.366870122751775,0.16736299139856162,-1.28252,0.605577988041177,0.04282083018812222,0.07773656400000001,0.03388962461061356,0.0023963583374031357,-12.430048436,4.16981759373012,0.29485062968375403
R:A:VAL:526,51.71825,2.7898118301240316,0.19726948633151553,-10.755419999999999,1.049785698892874,0.07423105864798103,-60.679804999999995,1.634544262776325,0.11557973323587054,0.822415,0.5641581806328789,0.03989200751873739,0.00017172,0.0007278793163705092,5.146884004910154e-05,-18.89438828,3.4460281471076666,0.24367098709795446
R:A:GLU:527,88.92732,2.672222018770147,0.18895463103083765,-9.764485,1.5630798123496445,0.11052643348482298,-90.20032499999999,11.901100716714192,0.8415349020372686,-49.133315,9.195370178833205,0.6502108608973515,0.0416196,0.034287714488871954,0.0024245075426469593,-60.129185400000004,15.355005557142919,1.085762855461288
R:A:LEU:528,76.53280000000001,3.172611309316034,0.2243374970886499,-12.18281,0.9284217435519269,0.06564933106666053,-82.36219499999999,1.6604247911227423,0.11740976294531479,0.583215,0.5851899253874763,0.04137917645235342,0.000962568,0.0027972547074186865,0.0001977957772321745,-17.428027432,3.7452496598069263,0.2648291431686088
R:A:VAL:529,65.23191000000001,2.9814969900873622,0.21082367397780544,-10.207279999999999,0.8210505962484893,0.058057044430456485,-64.80588,1.4771476485443156,0.10445011190994485,1.4435199999999997,0.6082286491114999,0.04300826022986747,0.001620828,0.004837522429923814,0.0003420644914341154,-8.336109172,3.4807153072785573,0.24612373971564852
R:A:LYS:530,125.22968,3.3002430452316687,0.23336242368470547,-10.38189,1.2097682579320719,0.08554353388480043,-154.42895000000001,7.887462748406486,0.557727839575451,28.534580000000002,7.254204808495553,0.5129497412203265,0.21448224000000005,0.053687821682493315,0.0037963022778825183,-10.832097760000002,11.278013202191113,0.7974759613580745
R:A:HIS:531,116.856775,2.911115767944484,0.20584697003326285,-11.387825,0.9606732818055262,0.06792985920694228,-94.46605,3.0481326935519064,0.21553552975669696,-2.56945,2.207766234794798,0.1561126475898093,0.26403746400000006,0.07486609915924766,0.00529383263964885,8.697487464,4.854733542281525,0.3432815008601055
R:A:LYS:532,140.42529000000002,2.834451681701419,0.20042600050766868,-9.03201,1.10874024906648,0.07839977486893696,-128.376715,14.131979521417904,0.999281855118402,-0.6178999999999997,13.373193645498445,0.9456275912852796,0.63973368,0.11194118275823246,0.00791543694223888,3.0383986800000016,19.69342797935322,1.392535646900955
R:A:PRO:533,93.17743,2.6884598704648726,0.19010282053536184,-7.768254999999999,0.8521749937512834,0.06025787168391362,-68.03004500000002,2.725413112351043,0.19271580932781565,-0.43963500000000005,1.6479818784728792,0.11652991615407178,0.121894596,0.0539428371238442,0.0038143345926711673,17.061389595999998,4.254485800834451,0.30083757602319194
R:A:LYS:534,114.70072,3.8468423923524604,0.2720128341788306,-4.366179999999999,0.8151677665364352,0.05764106555226057,-103.925405,15.237148604019552,1.077429110384936,-16.787875,14.220974312239475,1.0055747371264232,1.260776304,0.19485310375561685,0.01377819510008426,-9.117963695999999,21.21102238416605,1.4998457763743465
R:A:ALA:535,97.47426499999997,2.202263507116031,0.1557235459841414,-4.48983,0.6233007228457224,0.044074016784268706,-86.73240000000001,1.9123682490566507,0.13522485570338022,-3.3856399999999995,0.862952565556184,0.06101996109471064,0.3170040479999999,0.06932558179090383,0.004902058899405073,3.1833990479999996,3.1056583573480276,0.21960320845294642
R:A:THR:536,56.014695,4.246240535105731,0.30025454769224563,-7.111725,0.9601789986117172,0.06789490810712538,-58.539295,4.274770121067915,0.3022718940620761,-5.403934999999999,1.292408964211793,0.09138711426604408,0.21497680799999996,0.11751376147937029,0.008309477762480122,-14.825283192000002,6.237811506789624,0.4410798816214419
R:A:LYS:537,118.62212000000001,3.2319165530068994,0.22853101108602306,-4.55931,0.8009343817691933,0.05663461326344517,-90.82988499999999,11.641803187727191,0.8231997979281063,-36.127185,10.822487194761424,0.7652654084720378,1.413828576,0.12398819064770089,0.008767289039403978,-11.480431423999999,16.240688535387598,1.148390099451119
R:A:GLU:538,94.318365,3.3094966508179153,0.23401675241075154,-5.321549999999999,0.9403494496728331,0.06649274725486984,-88.11217,24.438080004188137,1.7280332090140802,-61.617039999999996,23.34528866363404,1.6507611922813064,0.887047992,0.12200929895275989,0.008627360265731325,-59.84534700799999,33.97166714363318,2.402159620547525
R:A:GLN:539,27.775505000000003,2.9791254891284793,0.21065598353684378,-10.18725,1.1153717933944716,0.07886869586534316,-68.49520000000001,3.8384090766878924,0.2714165087094003,-6.654655,2.3276225780772535,0.16458777090013402,0.051262164000000006,0.033732146950354404,0.0023852229852576717,-57.510337836000005,5.501962548144788,0.38904750276275957
R:A:LEU:540,75.26894499999999,3.2845589219825237,0.23225338869406187,-8.194004999999999,0.9392303151916467,0.06641361249679917,-69.06069000000001,2.1767457072198395,0.15391916504938558,-5.883959999999999,1.6378313095065682,0.11581216253917374,0.311082156,0.06914386651354452,0.004889209688918478,-7.558627844,4.369894168458367,0.30899817995844603
R:A:LYS:541,118.77532500000001,3.4950633941854328,0.24713830267053907,-4.8933,0.9718735720246744,0.06872183932346397,-112.82191999999999,13.58863671026641,0.9608617164909837,-12.913685000000001,12.44977600865875,0.8803321039976192,1.169765712,0.11924705891173105,0.008432040399303675,-10.683814287999999,18.78356187041768,1.3281983973409413
R:A:ALA:542,94.67273499999999,2.2550335329602094,0.1594549502959222,-4.16871,0.5559829187124367,0.039313929204545295,-77.33146,2.421743997287905,0.17124316027800934,-7.206244999999999,1.4821448259110848,0.10480346571022829,0.38184465599999995,0.0960440478661081,0.006791339753873039,6.348164656,3.669484292537646,0.25947172267108903
R:A:VAL:543,55.547354999999996,3.2216897304015792,0.22780786552460167,-7.915329999999999,0.9884995453210891,0.0698974731696361,-54.791025,3.170257430300417,0.22417105270724633,-3.0897,0.9730008633089695,0.06880155085461373,0.062442936,0.05759491666708707,0.004072575613717137,-10.186257064,4.72831852764552,0.3343426094508139
R:A:MET:544,80.76729,2.4892046974686513,0.17601335213414918,-10.16178,0.8040493154029794,0.056854872332984786,-66.206245,1.5957265038141724,0.11283490317661024,-2.98337,1.2835231018957158,0.09075878891600526,0.164424996,0.06093501349809306,0.004308756125619541,1.5803199959999994,3.3226680591724795,0.2349481116272805
R:A:ASP:545,81.82979499999999,8.071542352176255,0.5707442331858247,-5.84995,0.667691453816806,0.0472129154734168,-71.291905,14.8148224446321,1.0475661412674022,-71.04233,17.043292968235335,1.2051428031588207,0.705037716,0.09863598614326184,0.006974617467092278,-65.649352284,23.990792736908727,1.6964052230309132
R:A:ASP:546,86.335835,4.1657354702111125,0.29456197996156086,-7.249459999999999,0.7664203601157786,0.05419410338773028,-47.429145,6.35788122049909,0.449570092499351,-95.18276,5.883233873678659,0.41600745673845796,0.5061619079999999,0.05397039294503178,0.0038162830834734575,-63.01936809200001,9.642549424600563,0.68183120860615
R:A:PHE:547,94.38168999999999,3.0920819190150834,0.21864320929198786,-14.190569999999997,0.7815233618389151,0.055262046881200476,-72.95467,1.5780502181806515,0.11158500103284495,-1.40008,0.786517134969099,0.055615159965606495,0.005550551999999999,0.010482225635240637,0.000741205282860612,5.8419205519999995,3.644270973837465,0.25768887180817746
R:A:ALA:548,85.16068,2.349987516477481,0.16616921086049602,-6.175,0.6256158965371644,0.044237724285953045,-73.350115,1.831521163343465,0.12950810344868383,-1.05927,1.4470275730268585,0.10232030094512037,0.198386352,0.06113015726273977,0.004322554873548337,4.774681351999999,3.371339799338235,0.23838972337961603
R:A:ALA:549,93.95279999999998,2.4405195102682544,0.17257078953287547,-5.1324950000000005,0.6945680887969156,0.04911338055840791,-84.599505,2.00472729067447,0.14175562616656529,1.45876,1.044670231412765,0.07386934047356859,0.31595317199999995,0.08730337634777258,0.006173280943599123,5.995513172000001,3.3994778410620246,0.2403793833908362
R:A:PHE:550,112.216175,3.170858099060095,0.22421352640256786,-11.325125,0.987418102616617,0.0698210036226564,-88.66022000000001,2.0547860573792107,0.14529531550604102,-1.0402,1.0309545819288064,0.0728994975977201,0.32268779999999997,0.08536503307976163,0.00603621937669134,11.513317800000003,4.040004439876608,0.2856714535460509
R:A:VAL:551,50.857115,2.9647078071498036,0.20963649946723253,-9.06738,0.8735870566806722,0.061771933173570014,-56.284015,2.1882913733721567,0.15473556693234752,-1.92543,1.336875987180561,0.09453140761408348,0.023450904,0.02443486889080406,0.0017278061490091764,-16.396259095999998,4.016105119399604,0.28398151638854685
R:A:GLU:552,99.521755,3.3412216590605,0.2362600492569046,-6.63606,1.3494357807617225,0.09541951913523772,-82.72926500000001,15.97431516418701,1.1295546577407731,-60.590905,15.924865060526415,1.1260580073778947,0.516131676,0.18075562761478112,0.01278135300240421,-49.918343324000006,22.84288694230743,1.6152360258783223
R:A:LYS:553,119.95364000000001,3.350511453554516,0.23691693692515944,-6.963890000000001,1.0403911850357057,0.07356676620254556,-117.02054,10.463684501570182,0.7398942267256855,-9.46841,10.217578589954666,0.7224919108263427,0.92288142,0.14593854969614437,0.010319413812667363,-12.576318579999999,15.040520086382898,1.0635253745653825
R:A:CYS:554,81.0547,2.1215758199979553,0.15001806491219644,-7.401389999999999,0.6013572714285577,0.04252238045429724,-72.97208,1.693386793854257,0.11974052851060914,-5.18832,1.052788135191502,0.07444336295466508,0.06941177999999999,0.041457263268821785,0.002931471198681986,-4.4376782200000005,2.9732734357569166,0.21024218087455404
R:A:CYS:555,98.26364,2.4404650213432686,0.17256693658403977,-5.9465449999999995,0.7549241405432734,0.05338119790595749,-75.82273500000001,2.096029965142435,0.14821170019224186,-7.330590000000001,2.053171659141047,0.1451811603118669,0.267836688,0.06012927376788327,0.004251781722909264,9.431606688000002,3.890790534661799,0.2751204371235791
R:A:LYS:556,118.817335,3.3470423096780535,0.23667163140916359,-4.807939999999999,0.9076907107600033,0.06418342567984354,-123.14692,13.527252285057745,0.9565211821585552,-2.3262799999999997,12.724974895519441,0.8997916039050375,1.2435496199999998,0.1654148464925963,0.011696595966384664,-10.220255380000001,18.89353056460902,1.3359743582790338
R:A:ALA:557,86.94471,2.6836883604286097,0.18976542382504774,-4.305459999999999,0.674713241607129,0.047709430849675834,-77.191875,2.9533972065022,0.20883671922551117,-4.142894999999999,2.3675042225886314,0.16740782902802065,0.29402622,0.07510157222545744,0.005310483099839222,1.5985062199999993,4.689423495889525,0.33159231537990086
R:A:ASP:558,87.34035,6.2895772010128,0.4447402689632456,-2.9571199999999997,0.8214417116265766,0.05808470046406368,-25.328634999999995,7.430772974043482,0.5254349959403875,-123.94238,6.921316473446363,0.4894109813112084,1.051652844,0.09292436763115079,0.006570745048945844,-63.836132156000005,11.973436912957558,0.846649843526161
R:A:ASP:559,106.33229999999999,8.079915560202346,0.5713363084033781,-3.5985050000000003,1.038946264238435,0.0734645948731428,-52.24872500000001,16.946872822127833,1.1983248692432595,-109.20662,19.75966699784184,1.3972194528161994,0.8244459359999999,0.10160036719733204,0.007184230861627674,-57.897104064,27.276651292810204,1.9287505097206903
R:A:LYS:560,127.352445,3.5785659763339557,0.2530428268789198,-6.46623,1.2866120266420642,0.09097720887947705,-153.331435,12.74199790675603,0.9009953125731982,19.163755,11.159057904006726,0.7890645515576498,0.742218336,0.19477416894826455,0.013772613566329214,-12.539246663999997,17.36037228551607,1.2275636967011416
R:A:GLU:561,100.68637999999999,3.475795854994939,0.2457758819087015,-4.196495,0.8321839640217781,0.05884429241545011,-25.955005,5.684864895929805,0.40198065180413217,-131.24061,4.739781037970004,0.33515313132880026,1.110886056,0.1240999072210969,0.0087751885940659,-59.594843944000004,8.220237279751862,0.5812585523475
R:A:THR:562,34.485609999999994,3.797721959003845,0.2685394950272678,-5.355270000000001,0.9491092703688021,0.06711216011647964,-51.982125,5.641381516027346,0.3989059125243382,-2.08858,2.4801450489033905,0.1753727382405829,0.49483980000000005,0.11667350032194285,0.008250062326241661,-24.4455252,7.301603800785988,0.5163013561073241
R:A:CYS:563,76.43073,2.3053007888559787,0.16300938204747598,-7.659005,0.6079295477068046,0.04298711056671523,-63.919745000000006,2.1252419203410704,0.15027729735350911,-1.11188,1.2509205872476477,0.08845344299686698,0.027104147999999998,0.02979774720956764,0.0021070189115967803,3.7672041479999994,3.4302089591435627,0.2425524015897262
R:A:PHE:564,92.781695,3.336768036884644,0.23594513061276556,-11.562275,1.3479573099230553,0.0953149754596569,-68.12553,2.3544129266337284,0.16648213461359745,-4.616415,1.6793586611486542,0.11874858973425748,0.36111689999999996,0.15816525628985273,0.01118397252706631,8.8385919,4.619473111895147,0.32664607629299813
R:A:ALA:565,89.91796500000001,2.2844722746785533,0.16153658368578622,-3.796875,0.4731477141179063,0.03345659571556855,-77.450315,2.1303637707619325,0.1506394668699906,-1.937455,1.8365985620094012,0.12986712975143094,0.528565536,0.0789691775225898,0.0055839640930947535,7.261885535999999,3.655196648321208,0.2584614336598266
R:A:GLU:566,101.32039,3.0998672742393345,0.21919371703928925,-6.0966,0.943594658738592,0.06672221818854646,-57.449655,12.138890003866704,0.8583491437811742,-94.99835999999999,11.806553700822269,0.8348494184294555,0.58957056,0.12022173958372753,0.008500960730569692,-56.63465443999999,17.241269155167885,1.2191418335881667
R:A:GLU:567,97.91412,3.0347793602830495,0.2145913065061117,-8.266539999999999,1.1709629833602768,0.08279958660524821,-57.391785,12.200070353025634,0.8626752477577382,-88.34917999999999,11.535134125254027,0.8156571561863476,0.321743556,0.1019302959106843,0.007207560344679628,-55.771641444,17.10241110971197,1.209323087031748
R:A:GLY:568,87.59207999999998,2.126971265344222,0.15039958051138308,-5.4811950000000005,0.5135488749622572,0.036313389195653446,-77.30599000000001,1.8503852409430859,0.13084199516783596,-2.2013000000000003,1.0413638413158006,0.07363554338768744,0.011838923999999999,0.014537394973812328,0.001027949056676993,2.615433923999999,3.0489858537434427,0.2155958572923843
R:A:LYS:569,139.04294500000003,3.701134481746779,0.26170972901265055,-7.33937,1.0645782794609329,0.07527705205107331,-157.657075,15.370306394453397,1.086844788043295,20.8451,14.451039913445676,1.0218428317994896,0.8647277400000002,0.21817208426761753,0.015427096025123523,-4.243672259999999,21.446635998748235,1.51650617483544
R:A:LYS:570,126.802975,3.3349696511924964,0.2358179655409549,-6.38064,1.0358812192524778,0.07324786346372159,-172.33822500000002,15.462682309171814,1.0933767516148654,36.27279,13.82862483314592,0.9778314394002169,0.9505555559999999,0.11218884858356852,0.007932949560695209,-14.692544444,21.036469945853472,1.4875030550939994
R:A:LEU:571,78.56084500000001,4.708114760811911,0.33291398739745826,-9.145389999999999,1.05974081166104,0.07493499142256572,-82.36975999999999,4.382551617767896,0.3098931967823753,-3.320615,1.1676598120921178,0.08256601712493462,0.229800816,0.07130393322263046,0.005041949470699475,-16.045119184,6.6230406581073495,0.4683196961421921
R:A:VAL:572,47.974465,3.0727330633777803,0.2172750385890542,-8.601485,1.0093821227736302,0.07137409438217061,-54.979115,2.3497804752306117,0.16615457083353138,-1.65106,0.8025966025345485,0.056752150020946336,0.042346872,0.0544091797830147,0.0038473099983367697,-17.214848128,4.077883114505571,0.2883498803153008
R:A:ALA:573,76.653585,2.535627435719806,0.17929593543601313,-4.259939999999999,0.47350507536878633,0.03348186497195161,-60.43303,2.267437906338341,0.16033207194912685,-6.6751499999999995,1.2239028137478891,0.08654299791144285,0.435347316,0.07815301851498856,0.005526252936214621,5.720812316,3.646770379401204,0.257865606470483
R:A:ALA:574,97.429025,2.450500237579054,0.1732765335291395,-2.7253499999999997,0.6244605732149949,0.04415603059039615,-80.82146,2.016700019437695,0.14260222593634364,-5.439220000000001,1.4096956521178605,0.09968053550217314,0.708623388,0.0915218080773837,0.006471569111797176,9.151618388,3.5295324709129328,0.24957563446006456
R:A:SER:575,77.043665,4.743070305485151,0.33538571766531,-4.151055,0.7965520711008164,0.05632473710435762,-67.52949000000001,4.642023810785551,0.32824065150358817,-5.579185,2.606606042495682,0.18431488085305267,0.527849388,0.1129010629702726,0.007983310722944916,0.3117843880000001,7.175425973100471,0.5073792363481424
R:A:GLN:576,21.72748,3.3929884732489146,0.23992051579220983,-9.04591,1.3497133628663531,0.09543914715408976,-63.14299,3.638976666578119,0.2573145077517006,-8.662945,1.8554837245244165,0.13120251239924868,0.13985812800000003,0.07151065673419882,0.005056567030385544,-58.984506872000004,5.479432611813157,0.3874543956867798
R:A:ALA:577,94.283385,3.235735300789451,0.2288010373312914,-4.3251800000000005,0.9391915659757598,0.06641087251346725,-73.20505999999999,2.1846692098347518,0.15447944129236094,-5.54352,1.5368920032324977,0.10867467574370765,0.29870521199999994,0.15338764609085262,0.01084614447010841,11.508330211999999,4.30237237932147,0.30422366846079124
R:A:ALA:578,128.98569500000002,2.9336424274227766,0.20743984540072094,-1.8607,0.6083067647166189,0.04301378383727709,-69.07554,12.94236159587577,0.9151631649012104,-113.06814999999999,11.811604108142975,0.835206536155878,1.134534672,0.1521679399178566,0.010759898219510353,-53.884160328,17.776899768514586,1.257016637479023

Ligand:
Total Energy Decomposition:
Residue,Internal,,,van der Waals,,,Electrostatic,,,Polar Solvation,,,Non-Polar Solv.,,,TOTAL,,
,Avg.,Std. Dev.,Std. Err. of Mean,Avg.,Std. Dev.,Std. Err. of Mean,Avg.,Std. Dev.,Std. Err. of Mean,Avg.,Std. Dev.,Std. Err. of Mean,Avg.,Std. Dev.,Std. Err. of Mean,Avg.,Std. Dev.,Std. Err. of Mean
L:B:UNL:579,600.5491400000001,9.039573100561775,0.6391943438438735,-12.7107,2.4716434127923876,0.17477158178605584,-326.51495,4.576279086495928,0.323591797466345,-35.583490000000005,3.604429825908669,0.25487167722110665,6.412042368,0.05420804619253286,0.0038330877057613593,232.152042368,11.0344952834315,0.7802566441885388

DELTAS:
Total Energy Decomposition:
Residue,Internal,,,van der Waals,,,Electrostatic,,,Polar Solvation,,,Non-Polar Solv.,,,TOTAL,,
,Avg.,Std. Dev.,Std. Err. of Mean,Avg.,Std. Dev.,Std. Err. of Mean,Avg.,Std. Dev.,Std. Err. of Mean,Avg.,Std. Dev.,Std. Err. of Mean,Avg.,Std. Dev.,Std. Err. of Mean,Avg.,Std. Dev.,Std. Err. of Mean
R:A:SER:1,0.0,4.775347708282612,0.3376680747050274,-9.999999999999454e-06,1.5358369717844402,0.10860007375457899,0.10896499999999847,12.670002081652356,0.8959044389584054,-0.10871500000000012,11.667718343719779,0.8250322761818928,0.0,0.1288655385461067,0.009112169616720846,0.0002399999999981617,17.940009792733523,1.2685502578994943
R:A:GLU:2,0.0,4.043848965626684,0.2859433025688834,-4.4999999999997265e-05,1.4257669080796482,0.10081694490944962,-0.14777500000000032,11.85311516350765,0.8381418110301353,0.147500000000001,11.096025879575082,0.7846075143668966,0.0,0.08761018443349444,0.006194975551392802,-0.00031999999999946736,16.79319298635511,1.1874580638426067
R:A:VAL:3,0.0,3.6425599986204755,0.25756788759033994,-0.00012500000000001955,1.1627130817940425,0.08221623047108763,-0.004189999999999933,2.435374091079233,0.17220695345281503,0.004245000000000003,0.8834015973355492,0.062465925998699476,0.0,0.013093633154495814,0.0009258596793912995,-6.999999999973027e-05,4.6186320315683504,0.3265866029327381
R:A:ALA:4,0.0,3.044301024792061,0.21526458986036223,-4.5000000000003926e-05,1.070253074919666,0.07567832068614498,-0.0033900000000004838,1.8628087415915786,0.13172046932329842,0.003420000000000001,1.0536801221196117,0.07450643595522469,0.0,0.04596704187013996,0.0032503607017461923,-1.500000000047852e-05,3.872418049534849,0.27382130624152756
R:A:HIS:5,0.0,4.200876900267371,0.29704685431089817,-0.000114999999999994,1.327760204169036,0.093886824415756,-0.0021949999999998937,10.741567191777696,0.7595435001876949,0.0023699999999999555,7.6964003988455545,0.544217691275054,0.0,0.15213527380837946,0.010757588376757726,6.000000000011774e-05,13.930158070436127,0.9850109234605897
R:A:ARG:6,0.0,5.755815432130358,0.40699761233175547,-0.00020499999999999298,2.076918443481833,0.14686031153574133,0.18372499999999975,15.407933716812096,1.0895054415230678,-0.1820150000000001,11.22494395641132,0.7937233990017398,0.0,0.0849286830572524,0.0060053647707026215,0.0015049999999945385,20.02133868244281,1.4157224350787847
R:A:PHE:7,0.0,4.450697878220898,0.31471186507025756,-0.00015500000000002068,1.2574209893567865,0.08891309083804813,-0.004369999999999763,2.2802614879657988,0.16123883610191433,0.00435000000000001,1.1596050458237923,0.08199645914001406,0.0,0.047779954681173645,0.003378552995984381,-0.00017500000000025384,5.285487526004042,0.37374040715143664
R:A:LYS:8,0.0,4.388765452835229,0.31033258127370394,-9.999999999998454e-05,1.5150733855988627,0.10713186649522168,0.1321549999999999,22.92676725653826,1.6211672597783902,-0.13184000000000037,22.531059194390973,1.5931864743669368,0.0,0.18480398985324928,0.013067615441556248,0.00021499999999992524,32.47885692777751,2.296601997881915
R:A:ASP:9,0.0,8.210089347866441,0.5805409852023801,-0.0001599999999999868,1.3420712433399353,0.09489876770011293,-0.15591500000000003,23.23068317449737,1.642657360428332,0.15555500000000108,24.467445692480343,1.7301096767466433,0.0,0.15489461547007252,0.010952703296817098,-0.0005199999999996052,34.749838188578686,2.457184622827924
R:A:LEU:10,0.0,5.345757890140555,0.3780021654699877,-0.0003500000000000458,1.3537068197176227,0.09572152719608061,-0.0006700000000001438,3.4620497744183285,0.2448038872296557,0.0008499999999999932,1.4557767643254924,0.10293896219483661,0.0,0.05064454308351098,0.003581109984444488,-0.00017000000000039428,6.6721277769235,0.47179067960057314
R:A:GLY:11,0.0,2.6409121010647065,0.18674068551804668,-0.00010999999999999232,0.8881663960936598,0.0628028481499844,-0.01050499999999971,2.6527499085241715,0.18757774491094353,0.01016500000000001,1.3644100123404987,0.09647835720447877,0.0,0.03925034586098828,0.002775418572222215,-0.00044999999999982164,4.082094269036449,0.2886476539078416
R:A:GLU:12,0.0,4.360498936383313,0.30833383672733683,-0.000135000000000014,1.5511884485048877,0.10968558708360457,-0.1536100000000001,14.49694207404272,1.025088604702418,0.1534449999999994,13.51617917231697,0.9557381948477707,0.0,0.09925813163202199,0.00701860979649097,-0.0003000000000009706,20.353830540465722,1.4392331598285164
R:A:GLU:13,0.0,4.3541755490046565,0.3078867057177851,-0.0003200000000000092,1.1631833496916983,0.0822494834330283,-0.20124000000000017,19.029146400755867,1.3455638460166057,0.201485,17.889444430470025,1.264974746844527,0.0,0.2372077084483375,0.016773117919354093,-7.499999999986073e-05,26.504881484092177,1.8741781431947342
R:A:ASN:14,0.0,9.018416197359713,0.637698324871565,-0.000459999999999976,1.246278632970974,0.0881252072621676,-0.018020000000000706,4.984017967864883,0.3524232902632855,0.021334999999999996,4.007364741170312,0.28336347831694014,0.0,0.12915478037587377,0.009132622102643958,0.0028550000000004874,11.12659558759412,0.7867691191508119
R:A:PHE:15,0.0,4.579298646730742,0.3238053126181688,-0.0003199999999999381,1.196484850530921,0.08460425513973868,-0.010244999999999891,2.083423258647892,0.14732027142716986,0.009825000000000002,0.7930299818890835,0.05607568778780159,0.0,0.013093769877991287,0.0009258693472023792,-0.0007400000000000695,5.231756164727063,0.369941026159303
R:A:LYS:16,0.0,4.979460153691362,0.352101004132337,-0.00029500000000001855,1.7451392355554325,0.1233999787575954,0.176815000000001,17.739323701829083,1.2543596083226594,-0.17556999999999964,16.394180355757346,1.1592436101551304,0.0,0.15510614673300613,0.010967660815862429,0.0009500000000013742,24.724832602584076,1.7483096796989435
R:A:ALA:17,0.0,3.5404397076069514,0.2503468925630993,-0.00038000000000000257,0.7959340579470136,0.056281036975165975,-0.0069300000000009025,1.9447029622798435,0.13751126520216442,0.008634999999999999,0.8857693030778387,0.0626333480773222,0.0,0.05208408514514966,0.0036829009798032847,0.0013249999999989995,4.211578560290714,0.29780357594814405
R:A:LEU:18,0.0,4.487354644102692,0.31730388984339597,-0.0008500000000000263,1.3269583905684461,0.09383012763233355,-0.008514999999999447,2.4396804036748336,0.17251145573664084,0.009130000000000001,0.8534104657783382,0.0603452327487433,0.0,0.012057402307443838,0.0008525870935087862,-0.00023499999999957444,5.345808222184499,0.3780057244829461
R:A:VAL:19,0.0,4.695207565252041,0.3320013108468097,-0.00032000000000001363,1.216392833750676,0.08601196213318237,-0.0051200000000001114,4.06639413062728,0.28753748647437255,0.005905000000000001,0.6505797652671039,0.04600293637231215,0.0,0.022165447700542212,0.0015673338377089165,0.00046499999999984,6.362695354206954,0.4499105031583879
R:A:LEU:20,0.0,4.105554885609252,0.29030657001478627,-0.0005449999999999732,1.202872550886003,0.08505593376346532,0.0010099999999995646,1.8821033698896563,0.13308480557430288,0.0018750000000000008,0.7686417020140138,0.054351175979687874,0.0,0.030942387897505773,0.002187957230843089,0.002340000000000013,4.736725016804206,0.3349370379998217
R:A:ILE:21,0.0,3.9537677646518397,0.27957359976220936,-0.0015600000000000368,1.5214137274259096,0.10758019636531622,0.002195000000000249,1.8749504441917926,0.1325790173476746,0.0006849999999999975,0.6869196166765075,0.04857255190820223,0.0,0.0025185824438108038,0.0001780906724996006,0.0013199999999997797,4.683405100779509,0.33116675058048567
R:A:ALA:22,0.0,2.9538384160190616,0.20886791744964087,-0.0003500000000000325,0.889706957542763,0.06291178229473395,-0.0028149999999998697,1.8640819119006014,0.13181049605920997,0.0029099999999999964,0.9834780149805079,0.0695423973540602,0.0,0.020806017895325574,0.0014712076343273372,-0.0002550000000000774,3.7362016980960306,0.2641893556604397
R:A:PHE:23,0.0,4.1943858921122175,0.29658787072257353,-0.000334999999999992,1.2605450047003477,0.08913399208144443,0.00036499999999982434,1.8925036356041691,0.13382021541559028,-1.4999999999992797e-05,0.7946185250640713,0.05618801475292574,0.0,0.005783569196404587,0.00040896009982393144,1.500000000022067e-05,4.836824245478396,0.342015122338528
R:A:ALA:24,0.0,2.821657261929592,0.19952129840946806,-0.0004349999999999987,0.8906311651716439,0.06297713364289455,0.005379999999999896,1.4236401488262405,0.10066656032044603,0.0001949999999999999,0.8564240006416214,0.06055832184246026,0.0,0.0003307480324839438,2.3387417663350518e-05,0.0051399999999998305,3.393403457856767,0.23994985963523985
R:A:GLN:25,0.0,3.6101289975221103,0.2552746695106077,-0.0019049999999999744,1.093342835516381,0.0773110133155361,0.03095500000000044,2.4183856818495677,0.17100569151602818,-0.009549999999999996,1.3783546055895777,0.09746438884920995,0.0,0.01488287618503789,0.0010523782674000065,0.019500000000000135,4.687974206376731,0.331489835135661
R:A:TYR:26,0.0,4.389293428189782,0.3103699147690543,-0.0005150000000000343,1.211848859914057,0.08569065466184163,-0.003004999999999427,3.5279702353442555,0.2494651677236223,0.0024649999999999785,2.3209175504043658,0.16411365384657978,0.0,0.030040198283199662,0.0021241627914238962,-0.0010549999999992321,6.210363043235709,0.4391389821502294
R:A:LEU:27,0.0,4.318296139677083,0.3053496483537356,-0.00027499999999999855,1.5987669616222997,0.11304989601001408,-0.001600000000000179,2.273851960836501,0.16078561409218178,0.0026750000000000033,0.6914168862379628,0.04889055688857512,0.0,0.00947476736860341,0.0006699672256504492,0.0007999999999997432,5.181919255364434,0.3664170245029336
R:A:GLN:28,0.0,3.744670867506249,0.264788216372538,-0.0007700000000000929,1.4870358548300038,0.10514931368178301,0.014844999999999687,2.8241336626255844,0.1996964063819752,-0.006599999999999975,1.3861637390835182,0.09801657797408558,0.0,0.03002473281966106,0.0021230692180096624,0.007475000000000449,5.11193875941466,0.36146865617924534
R:A:GLN:29,0.0,4.134968562492344,0.29238643105315265,-0.00025999999999995693,1.8288301802381761,0.12931782220850302,-0.008610000000000681,4.357622069885134,0.30813041154639376,0.00822499999999999,2.5445327439581122,0.17992563582039942,0.0,0.10156972328349033,0.007182064009699718,-0.0006450000000008061,6.776165452426828,0.47914725418530196
R:A:CYS:30,0.0,4.7026031190182325,0.3325242554686801,-0.0001650000000000107,1.4270926910243076,0.10091069192050463,-0.009240000000000421,4.948516564325112,0.34991296194482424,0.008915,1.513918943033279,0.10705023507856021,0.0,0.05552511537518135,0.003926218560795616,-0.0004900000000001459,7.136800364006789,0.5046479933363821
R:A:PRO:31,0.0,3.406652290438518,0.240886693571376,-0.00020000000000000906,1.065023600090627,0.07530854097477921,0.0030449999999999024,2.2150217051927505,0.15662568682171835,-0.002580000000000038,1.4847342170738842,0.10498656331526429,0.0,0.08801170514289562,0.006223367353033243,0.00026499999999994193,4.4562381003226434,0.315103617932
R:A:PHE:32,0.0,4.51330720376422,0.31913901293597746,-0.00038999999999997923,1.3450468122522725,0.09510917219569309,0.0048250000000004435,2.5575574660552594,0.1808466227521957,-0.005499999999999989,1.8478592696820826,0.13066338202706218,0.0,0.10674265668892827,0.007547845638660876,-0.0010649999999994453,5.669759334414647,0.40091252730603233
R:A:GLU:33,0.0,3.8762110050344263,0.27408950869697657,-0.00013000000000000124,0.9441842369739076,0.06676390766536962,-0.17480499999999977,11.201955504762326,0.7920978699967415,0.17386000000000165,11.46675421333343,0.8108219662447483,0.0,0.1227534652398409,0.008679980768523865,-0.0010749999999979565,16.519740414479983,1.1681220470520264
R:A:ASP:34,0.0,9.025219409310779,0.6381793846020098,-8.999999999999009e-05,1.4973043115879952,0.10587540322237267,-0.16053500000000015,25.80596900184287,1.8247575676292933,0.1602650000000005,20.389209268803803,1.4417348137002777,0.0,0.170928327549917,0.012086457950742167,-0.0003599999999993031,34.13786186643811,2.4139113620968033
R:A:HIS:35,0.0,5.010634582385749,0.35430536912527877,-0.00020499999999998408,1.5892203451299634,0.11237484828410226,0.007909999999999258,3.216091880637119,0.2274120377717503,-0.00785,1.9449346012012845,0.13752764454737818,0.0,0.07797544192819686,0.005513696375344584,-0.00014500000000031933,6.462521023622972,0.45696924393644317
R:A:VAL:36,0.0,4.840357313210461,0.34226494795370144,-8.00000000000134e-05,1.7038902558556992,0.12048323543132464,0.0005550000000001987,4.372918965791042,0.309212065429011,-0.0005850000000000066,1.9132873039026312,0.13528984269476774,0.0,0.22856228842337573,0.01616179440676845,-0.00010999999999979249,7.011963364984827,0.49582068448124134
R:A:LYS:37,0.0,4.702846641934011,0.33254147513919224,-7.499999999999174e-05,1.5613801652944743,0.11040625028898952,0.13550999999999946,21.09174215305957,1.4914113903466575,-0.1352449999999997,20.93138874225442,1.480072691929986,0.0,0.2489440956657442,0.01760300581816003,0.00018999999999982364,30.126421451135165,2.1302596900981543
R:A:LEU:38,0.0,6.380943795395789,0.45120086280945876,-0.00012999999999999012,1.45018523061711,0.10254358105459356,0.003809999999999931,5.414330881738758,0.38285100820652146,-0.0033950000000000004,1.3535525106825372,0.09571061589956989,0.0,0.09192768526834921,0.006500268963203241,0.0002849999999999664,8.600872916079148,0.608173556308328
R:A:VAL:39,0.0,4.191227724181782,0.2963645545265999,-0.00016999999999998128,1.409347138341012,0.09965589185667849,0.0030350000000002454,3.1683048952199977,0.2240329876276594,-0.00265,1.108176157724935,0.07835988758765546,0.0,0.05398572375420331,0.0038173671353860837,0.00021500000000047593,5.551736120916975,0.39256702584586917
R:A:ASN:40,0.0,10.548580198754237,0.745897259042926,-5.5000000000000605e-05,1.3251834632891402,0.09370462132080253,-0.0018800000000005212,10.367269235953602,0.7330766379129469,0.0016849999999998888,5.180388399538686,0.3663087766493931,0.0,0.1247304350016337,0.008819773641000308,-0.00025000000000098056,15.727711482703569,1.1121171441965223
R:A:GLU:41,0.0,3.991553906882632,0.28224548350283657,-3.9999999999991153e-05,1.3792694740332652,0.09752907981725245,-0.12892499999999996,18.83927384581675,1.332137828900739,0.12879500000000144,18.2279831748736,1.2889130510307416,0.0,0.16514523110758325,0.011677531279679168,-0.00016999999999846692,26.552584986815457,1.8775512902209324
R:A:VAL:42,0.0,4.978322170671561,0.3520205365813194,-6.499999999999506e-05,1.1450850832034272,0.08096974273687053,0.003919999999999746,3.9837171379943626,0.2816913402604879,-0.003545000000000009,0.7560505038520905,0.053460843819331916,0.0,0.05784761219838454,0.004090443886092735,0.00030999999999982376,6.522259763988019,0.4611934107776099
R:A:THR:43,0.0,3.8927996570848595,0.2752625035325371,-0.00010000000000002008,1.4839757939232028,0.10493293469997872,-0.0005500000000001038,3.1057603227792705,0.21961041849773427,0.0006100000000000021,1.464058526067179,0.1035245711836084,0.0,0.028105420997307125,0.001987353377529865,-4.0000000000102176e-05,5.3987107527760205,0.38174649829526547
R:A:GLU:44,0.0,4.324244929458783,0.3057702913131849,-3.999999999999559e-05,1.4990457111109052,0.10599853876351313,-0.12119999999999993,15.342303226210856,1.084864665027394,0.12087499999999964,15.322401989719987,1.083457435099725,0.0,0.17888400212931047,0.012649009095142423,-0.0003650000000003573,22.161689979776877,1.5670681267254192
R:A:PHE:45,0.0,4.378250084657111,0.3095890324591619,-4.999999999998117e-05,1.3264118710076445,0.09379148286358416,0.0036499999999997355,2.095099898883106,0.14814593457634942,-0.003574999999999996,1.028705476254015,0.0727404618102951,0.0,0.09198081770601536,0.006504025993900712,2.49999999996553e-05,5.136592379131409,0.3632119303474961
R:A:ALA:46,0.0,2.8412430138585467,0.2009062202098282,-1.9999999999993358e-05,0.8277061567972054,0.05852766363011597,0.004340000000000402,1.8031509570055413,0.1275020269201631,-0.004260000000000001,0.8113456840336307,0.05737080350666182,0.0,0.00131990536286205,9.333140326042461e-05,6.000000000038419e-05,3.5591285844571785,0.25166839571845484
R:A:LYS:47,0.0,4.697437653652254,0.33215900190985337,-8.500000000001062e-05,1.5062559320298128,0.1065083783740744,0.1296849999999995,20.805641509741413,1.471181019847447,-0.12954499999999985,18.97474935649942,1.3417173941295817,0.0,0.163021278448307,0.011527345146849825,5.4999999999658654e-05,28.588059310729747,2.021481059958022
R:A:THR:48,0.0,4.569022401761671,0.3230786723678924,-1.000000000000334e-05,1.3401180358087865,0.09476065507107895,0.003600000000000172,4.160058774128077,0.2941605769320559,-0.0035999999999999995,1.318668938058374,0.09324397482411396,0.0,0.07298654633974673,0.00516092818522211,-9.999999999887876e-06,6.459271310763049,0.4567394545364271
R:A:CYS:49,0.0,2.9577976697198207,0.20914787896366532,-3.0000000000001136e-05,0.815640475056259,0.05767449109224978,0.0029899999999995685,1.8623636437334143,0.13168899615191848,-0.0030149999999999743,1.1732755642111532,0.0829631107654179,0.0,0.02082868450498322,0.00147281040566688,-5.500000000040473e-05,3.776141438654438,0.26701352179920784
R:A:VAL:50,0.0,4.852885970306742,0.34315085779289556,-2.5000000000003908e-05,1.1941185425555536,0.08443693189816288,0.0023999999999997357,3.896273471562282,0.27550813930989404,-0.0024050000000000217,1.3957594561653524,0.09869509763597684,0.0,0.09525673318553209,0.0067356681989167375,-3.0000000000378614e-05,6.489575225264531,0.4588822648804766
R:A:ALA:51,0.0,3.29697615323496,0.2331314195362778,-1.4999999999998349e-05,0.6795587931702451,0.04805206308656268,0.00178999999999931,1.6309876746162124,0.1153282444752802,-0.0017849999999999722,0.9796416506942731,0.06927112543387036,0.0,0.04581413298598029,0.0032395484108568955,-1.0000000000773835e-05,3.867010395858958,0.27343892738307446
R:A:ASP:52,0.0,4.835159951252906,0.3418974389652546,0.0,1.717037564979287,0.1214128905748891,-0.0823950000000002,8.199086339188959,0.5797629549974498,0.0823350000000012,6.404007750703852,0.4528317307293903,0.0,0.10079070422613769,0.007126979043886957,-5.999999999936278e-05,11.600581045290722,0.8202849522829198
R:A:GLU:53,0.0,4.286684760505489,0.30311438629624626,-5.00000000000167e-06,1.6208901038858248,0.11461423840158341,-0.09858000000000003,14.515660850589958,1.0264122220856247,0.09845999999999919,12.339808049325564,0.8725561950218449,0.0,0.12252517070569949,0.008663837907203943,-0.00012500000000073897,19.595745354689406,1.3856284422705667
R:A:SER:54,0.0,7.167973557024329,0.506852270953776,-1.0000000000002229e-05,1.268139143844239,0.08967097881003641,0.0012900000000001554,7.456184338299315,0.5272318507388376,-0.001340000000000004,2.450049159139465,0.17324463746679145,0.0,0.05402571584299344,0.0038201950031038156,-5.9999999999847956e-05,10.704595571492758,0.7569292118462015
R:A:ALA:55,0.0,3.214760695907241,0.22731790879679944,0.0,0.6491435687118836,0.04590138193998084,0.00041499999999984995,1.9442175183283892,0.13747693913116846,-0.00041500000000000315,1.2294723374582286,0.08693682270979887,0.0,0.08982401851030074,0.006351517260205962,-1.6431300764452317e-16,4.006959701095251,0.2833348376585674
R:A:GLU:56,0.0,3.918563902241483,0.2770843107787772,-1.5000000000000568e-05,1.7738396909740746,0.1254294074225618,-0.09916000000000008,9.452859424488974,0.6684181000659318,0.09908500000000033,8.377774065303683,0.5923980852825024,0.0,0.08639620662635136,0.006109134357428718,-8.999999999979025e-05,13.343641339535827,0.943537927690693
R:A:ASN:57,0.0,5.922858535264033,0.418809343429382,-2.0000000000002238e-05,1.4160212674073789,0.10012782404881271,-0.0012900000000004397,9.973388317252066,0.7052250510535626,0.0013250000000000373,6.031309939894899,0.4264780157937511,0.0,0.1296645634303789,0.009168669208121415,1.4999999999787405e-05,13.150945079167679,0.9299122444491323
R:A:CYS:58,0.0,3.278331071871784,0.23181301318951014,-1.4999999999991686e-05,0.9812352402838985,0.0693838092343956,-0.0026700000000001722,2.531882692849335,0.17903114212826216,0.0026750000000000085,1.3487281405364833,0.09536948141504702,0.0,0.011869462974957544,0.0008392977758635131,-1.0000000000153497e-05,4.465413269245224,0.3157524003483688
R:A:ASP:59,0.0,4.936858937983746,0.3490886432809724,-4.999999999999449e-06,1.5761333207806372,0.11144945591780604,-0.09506000000000003,12.263184385321782,0.8671380837802015,0.09493499999999941,11.295340120455647,0.7987011594982663,0.0,0.0966607018968393,0.0068349437785506445,-0.0001300000000008339,17.459568019137564,1.2345778942919947
R:A:LYS:60,0.0,5.331085230813705,0.37696465177918215,-4.00000000000178e-05,1.3823872092868916,0.09774953699123082,0.10229500000000058,14.492724503504336,1.0247903774296356,-0.1021699999999996,12.728789081900135,0.9000613076104874,0.0,0.12486319226028318,0.008829160996784586,8.500000000086772e-05,20.060114405889028,1.4184642927782083
R:A:SER:61,0.0,4.883417731461235,0.3453097793282866,-4.5000000000001704e-05,1.1398112687962862,0.08059682774386967,0.0023550000000003026,6.853762354931413,0.4846341837813083,-0.0022650000000000265,3.890901960391061,0.27512831611245503,0.0,0.09385510825707702,0.006636558349757669,4.500000000045024e-05,9.341783755419568,0.6605638641835508
R:A:LEU:62,0.0,4.428388975124023,0.3131343874041942,-0.00015500000000002513,1.4216678727378627,0.10052709934079963,0.00030999999999906433,3.3059519842475025,0.23376610663385314,-6.5000000000009e-05,1.456418002077357,0.10298430455110623,0.0,0.038531405700671345,0.0027245818259594703,8.999999999896424e-05,5.88928901001855,0.41643561953515257
R:A:HIS:63,0.0,3.829338982539937,0.27077515620159837,-8.999999999999453e-05,1.1028730642734912,0.07798490225357727,-0.0041199999999992085,4.703842270378547,0.3326118767016596,0.004125000000000038,3.0639691034791783,0.21665533304161935,0.0,0.09072023725738976,0.006414889495555277,-8.499999999922014e-05,6.884942626647157,0.4868389619382525
R:A:THR:64,0.0,4.4030198555991085,0.31134051975931426,-2.9999999999996697e-05,1.469069012248914,0.10387886605922303,-0.0010849999999997806,3.581176899187612,0.25322744700441735,0.001094999999999998,0.9147168968456854,0.06468025206254997,0.0,0.061286204379760637,0.004333589071011343,-1.999999999966917e-05,5.933804731792854,0.419583356408755
R:A:LEU:65,0.0,4.293820653706906,0.30361897014350075,-6.000000000002004e-05,1.2024049014371159,0.08502286595381268,0.0006550000000006406,2.2433061299508363,0.15862569767655868,-0.0006049999999999961,1.0564477566235824,0.07470213726778505,0.0,0.07066921591437085,0.004997068179418791,-9.999999999350528e-06,5.102565212364065,0.3608058463109206
R:A:PHE:66,0.0,4.471924160783589,0.3162127899042036,-0.0001749999999999563,1.142588722014619,0.08079322334438081,0.0015450000000002716,2.2214773982588705,0.1570821732561496,-0.0019249999999999925,1.1996484958415945,0.08482795864498333,0.0,0.05884834283776562,0.004161206228217486,-0.0005549999999996208,5.261292251859779,0.3720295429094291
R:A:GLY:67,0.0,2.5714300487374717,0.18182756248091206,-3.0000000000005578e-05,0.937445047322775,0.06628737499516782,-0.0012100000000005195,1.8048280161694072,0.12762061291088517,0.0012049999999999806,0.9095931216071282,0.06431794644090404,0.0,0.007377334307564487,0.0005216563115959012,-3.500000000046688e-05,3.4023336038940215,0.24058131631723276
R:A:ASP:68,0.0,4.487383125854087,0.31730590380735113,-3.500000000000281e-05,1.6449086803148067,0.11631260822832147,-0.12395000000000012,10.711818169083156,0.7574399266195967,0.12371500000000041,10.157091339146998,0.7182148163041993,0.0,0.07628104125018872,0.0053938841543979205,-0.0002699999999993352,15.51636889356863,1.0971729664034386
R:A:LYS:69,0.0,4.84898418019692,0.3428749595683534,-6.500000000000394e-05,1.712030955437138,0.12105886981908842,0.1388849999999998,14.087825822612764,0.9961597171344437,-0.13841499999999984,12.666061120659217,0.8956257709341413,0.0,0.14672454377353458,0.010374991986876872,0.0004050000000000509,19.63061808462664,1.3880943166522772
R:A:LEU:70,0.0,5.829112478409556,0.4121804961782519,-0.00015999999999998237,1.5835055194093892,0.11197074908207053,0.0027199999999999135,3.8970730283573083,0.2755646765130647,-0.002459999999999996,0.9397287268940968,0.0664488555262617,0.0,0.008160505878889616,0.0005770349044875534,9.999999999979359e-05,7.249577703446332,0.5126225554845699
R:A:CYS:71,0.0,3.1458996687672673,0.22244869887178484,-6.000000000000672e-05,0.9839763200402741,0.06957763284274623,0.001134999999999522,1.9353684329798813,0.1368512143054456,-0.00134999999999999,1.175631901808555,0.08312972899480667,0.0,0.054184557804769426,0.003831426825934693,-0.0002750000000005519,3.999448890857277,0.28280374317341966
R:A:THR:72,0.0,4.5790461072094475,0.3237874553773663,-2.4999999999992805e-05,1.4230574995673926,0.10062536079624756,0.004804999999999602,4.599498443512619,0.32523365394647435,-0.004770000000000004,1.7816156273169588,0.12597924915437464,0.0,0.1042893424895228,0.007374370127982791,9.999999999541487e-06,6.879910780043365,0.4864831566527093
R:A:VAL:73,0.0,4.693569495549203,0.3318854818273164,-8.00000000000045e-05,1.2307844248080164,0.08702960129605328,0.003995000000000104,3.2448441293804855,0.22944512877783002,-0.003835000000000007,1.2703733964370476,0.08982896432596225,0.0,0.10586621370157577,0.007485871760692842,8.000000000006113e-05,5.974821717461828,0.4224836952797913
R:A:ALA:74,0.0,2.9981068861533275,0.2119981709921102,-5.9999999999993395e-05,0.927432482933394,0.06557937977748798,0.0021900000000006515,2.342211750408148,0.16561938116884145,-0.0021299999999999986,2.0831906034494296,0.14730382022031877,0.0,0.022824597330928054,0.00161394275505516,6.511458039426543e-16,4.4356437917728835,0.3136473804090616
R:A:THR:75,0.0,5.91568408419094,0.4183020331288745,-4.499999999999283e-05,1.336409522255435,0.09449842356290925,0.000590000000000046,5.546414817352737,0.39219075286236665,-0.0006649999999999923,2.25812797971572,0.15967376072440642,0.0,0.1516877828115038,0.010725945984916656,-0.00011999999999980027,8.524445851637763,0.6027693467550597
R:A:LEU:76,0.0,5.834511741285641,0.41256228171756076,-3.0000000000005578e-05,1.349167532628917,0.09540055112786298,-0.00335999999999995,5.117099155845038,0.3618335513101984,0.0033800000000000123,1.5106128159128003,0.10681645658792469,0.0,0.11441835445198467,0.008090599432520437,-9.999999999992793e-06,8.021317017827279,0.5671927657352723
R:A:ARG:77,0.0,5.781444070749107,0.4088098307477451,-7.999999999999118e-05,1.523596465275501,0.10773453923881608,0.10191499999999948,25.634604375996815,1.8126402587301693,-0.10180999999999962,21.556212759218628,1.524254421874347,0.0,0.19456018418270066,0.013757482558449129,2.499999999926672e-05,34.02333824644554,2.405813319266526
R:A:GLU:78,0.0,4.422109036444037,0.3126903286815888,-3.5000000000000586e-05,0.9243010174045034,0.06535795172643494,-0.10356499999999993,6.252476091923503,0.44211682438058725,0.10344500000000068,6.212003061772829,0.4392549489731163,0.0,0.10510534869370697,0.0074320704800296825,-0.00015499999999985193,9.904689149834487,0.7003672863392786
R:A:THR:79,0.0,5.258746056385495,0.37184949970081976,-4.000000000000004e-05,1.0387100987041573,0.07344789544806578,-0.002669999999999959,4.512602880500344,0.3190892097603741,0.002745000000000004,1.990996108603681,0.14078468497096905,0.0,0.14560673026593804,0.01029595063574453,3.499999999998949e-05,7.285751871713293,0.515180455453105
R:A:TYR:80,0.0,4.610884587446318,0.32603877590518276,-0.00012500000000001065,1.7604243804761963,0.12448080172008452,-0.00011500000000005173,4.243316087433859,0.3000477580142451,4.4999999999991715e-05,2.4432942405643656,0.17276699259370987,0.0,0.12841279854872983,0.009080156064494891,-0.00019500000000000295,6.953506934547927,0.49168719064465216
R:A:GLY:81,0.0,3.4206653828677833,0.24187756883958875,-3.500000000000725e-05,0.8484601831406113,0.05999519490655063,0.0012050000000001404,4.471566494191381,0.3161874990569282,-0.0012249999999999809,2.37365230538826,0.16784256413191204,0.0,0.11042744924584648,0.007808399819087135,-5.4999999999805205e-05,6.169454006986512,0.436246276455868
R:A:GLU:82,0.0,4.340666474580833,0.30693146990452114,-7.49999999999873e-05,1.9606017670794342,0.13863548047081958,-0.128695,19.10825954646249,1.351157990197621,0.1285199999999987,17.47537324460768,1.235695492502805,0.0,0.24829247038806596,0.017556928952896147,-0.0002500000000004476,26.329854667597417,1.8618018783114403
R:A:MET:83,0.0,4.0344235275935025,0.2852768234539918,-0.000129999999999999,1.410892704318794,0.09976517987504457,0.0026049999999996844,2.735046390680605,0.1933969849710047,-0.0025949999999999927,1.6373221613888331,0.11577616033050586,0.0,0.009788670767626828,0.0006921635478591457,-0.00012000000000026878,5.3318467589124685,0.3770184999474521
R:A:ALA:84,0.0,2.9778174433551157,0.210563490733199,-1.5000000000000568e-05,1.1538317911528524,0.08158822838728022,0.0015100000000001757,2.540646102500306,0.17965080876731387,-0.001580000000000003,1.8405239934730544,0.13014469967213416,0.0,0.0752469074038422,0.005320759848857304,-8.499999999981522e-05,4.477365052572645,0.316597519052178
R:A:ASP:85,0.0,6.554036168591077,0.4634403418952649,-5.5000000000005043e-05,1.5637115419331662,0.11057110351206141,-0.10622500000000029,18.868570619132097,1.3342094236085558,0.10612000000000066,16.833817055639816,1.1903306193296674,0.0,0.16943953062213654,0.011981184110397843,-0.00015999999999984028,26.169250037248627,1.8504454159904815
R:A:CYS:86,0.0,3.282786103533095,0.2321280314993215,-5.00000000000167e-05,1.0280076599665977,0.07269111874740958,0.0026200000000000754,2.1175614599227104,0.1497342067890634,-0.002604999999999995,0.949302307421087,0.06712580989734872,0.0,0.013333125933733621,0.0009427943762157262,-3.4999999999945766e-05,4.149566667758474,0.29341867297576824
R:A:CYS:87,0.0,3.3347102743641766,0.23579962482953615,-3.4999999999998364e-05,0.8346513648673918,0.059018764002434,0.00011000000000002785,1.8287654825455342,0.1293132473907836,-0.0001649999999999996,1.1988124948360357,0.08476884444697239,0.0,0.07358313264850852,0.005203113207670962,-9.000000000014774e-05,4.074786445957674,0.28813091278237024
R:A:ALA:88,0.0,3.177690902015173,0.22469667853297257,-1.5000000000002789e-05,0.7777353934822563,0.05499419707000912,0.002370000000000303,2.3249554956063134,0.16439917969001547,-0.002369999999999997,1.062681583118857,0.07514293536653995,0.0,0.09911394036015495,0.0070084139338784605,-1.499999999966306e-05,4.152965878483559,0.2936590334712072
R:A:LYS:89,0.0,4.575496583098932,0.32353646612051323,-4.0000000000008914e-05,1.4818340132248282,0.10478148793441522,0.11032999999999973,13.584582298852624,0.9605750263105428,-0.1101400000000001,11.77353578994008,0.8325146995609146,0.0,0.08813460143732535,0.006232057433350639,0.00014999999999957937,18.609024422681877,1.3158567360544433
R:A:GLN:90,0.0,4.230501273749956,0.2991416138486921,-4.0000000000004476e-05,1.4307278214775863,0.10116773445990573,-0.0024500000000000455,6.9098927556764576,0.48860320248106226,0.002444999999999973,5.269968190195743,0.3726430243924807,0.0,0.11784428711157663,0.008332849454069029,-4.4999999999753015e-05,9.771243166710152,0.6909312303803462
R:A:GLU:91,0.0,3.9738106016706434,0.2809908423592306,-4.000000000000225e-05,1.9873233774979855,0.14052498366393787,-0.13786499999999988,10.597470097305065,0.7493542969226072,0.13761999999999971,8.599527192221093,0.6080783992617645,0.0,0.07896727807870922,0.005583829782129909,-0.0002850000000005792,14.352877799547104,1.0149017221601608
R:A:PRO:92,0.0,3.7083574373568684,0.2622204691018609,-5.000000000000559e-05,1.1772356921831753,0.08324313409975623,-0.004400000000000119,2.401191923597529,0.1697899092106183,0.004335000000000005,2.117220396362882,0.14971008995346638,0.0,0.10930704831208629,0.007729175509296178,-0.00011500000000016719,5.03965193735497,0.3563572059723621
R:A:GLU:93,0.0,4.725368512423131,0.33413401187397845,-4.5000000000001704e-05,1.4200537295732862,0.10041296218305185,-0.10841499999999997,13.557250732489052,0.9586423927189297,0.10823999999999998,12.759527087362995,0.9022348128207811,0.0,0.09329110177336417,0.006596677068831015,-0.00021999999999998464,19.26029445048725,1.3619084813589164
R:A:ARG:94,0.0,5.607268648655956,0.3964937685399355,-0.00010000000000001563,2.13626123992362,0.15105648091359736,0.12946000000000027,9.156437224059912,0.647457885264169,-0.12895500000000035,7.519762923515275,0.5317275356132828,0.0,0.03353404971992449,0.0023712153957605453,0.00040500000000108114,13.281316778840702,0.9391309157404935
R:A:ASN:95,0.0,6.915200798472883,0.4889785377866803,-0.00015499999999998515,1.346689754165747,0.09522534573250444,-0.010340000000000344,7.271398774926321,0.5141655382461956,0.01083499999999996,5.46305982312797,0.3862966646961568,0.0,0.10598251020229947,0.007494095165121841,0.0003399999999993497,11.504915055954074,0.8135203453040333
R:A:GLU:96,0.0,4.174364993624779,0.295172179413982,-0.00014999999999998793,1.3026029787698168,0.09210793994819338,-0.16235,9.921907742039835,0.7015848246703673,0.16185499999999864,8.769196797220085,0.6200758520873676,0.0,0.12884152943116015,0.009110471915921948,-0.0006450000000015165,13.945671854375863,0.9861079136431548
R:A:CYS:97,0.0,2.893201299590127,0.20458022582779106,-0.00011999999999999122,1.2889100154006097,0.09113970122290285,-0.0032150000000000746,2.678509843882415,0.18939924740841763,0.0041799999999999945,1.7866093018900355,0.12633235526974076,0.0,0.07463694265081891,0.0052776288275425505,0.0008450000000000119,4.5170633427408635,0.3194046120701239
R:A:PHE:98,0.0,4.310732371094266,0.30481480914811204,-0.00020499999999999298,1.2591001701512872,0.0890318268507111,-0.0048750000000006115,1.7774195644458861,0.12568254270333257,0.006150000000000002,1.213705090847855,0.0858219100099153,0.0,0.026109445057220192,0.0018462165652977983,0.0010699999999990118,4.980033019209933,0.35214151184162595
R:A:LEU:99,0.0,4.59928528036694,0.32521858103589346,-0.0004000000000000181,1.5238446428524135,0.10775208804357342,-0.007464999999999833,2.3327761451273026,0.16495218312097293,0.008430000000000007,1.455446697186125,0.10291562292358726,0.0,0.08580627824511211,0.00606742012154985,0.0005649999999998733,5.571629917246953,0.3939737296747163
R:A:GLN:100,0.0,4.6204519457732705,0.32671529030028573,-0.00021500000000002295,1.1008330519997116,0.07784065160232793,-7.000000000012107e-05,5.383520859651238,0.3806724106518622,4.4999999999990604e-05,4.921033473892958,0.34796961398357035,0.0,0.18961504125998443,0.013407808148990199,-0.00023999999999997358,8.706045643857035,0.6156103912090911
R:A:HIS:101,0.0,4.21301607022214,0.29790522325019747,-0.00026999999999995696,1.3615721932200289,0.09627769309009225,0.001034999999999684,5.374402141854943,0.3800276199329135,0.00015500000000002927,3.131738068385509,0.2214473225055453,0.0,0.12364550130679809,0.008743057243724706,0.0009199999999997477,7.636141248473826,0.5399567258894151
R:A:LYS:102,0.0,4.714223666204225,0.33334595224031144,-0.0009849999999999826,1.297976290143622,0.09178078365799128,0.3705300000000004,7.15069967141328,0.5056308227884747,-0.3416599999999997,6.910659648181206,0.4886574299701172,0.0,0.08295493472947268,0.005865799688009757,0.027885000000001908,11.081753079261466,0.7835982749780687
R:A:ASP:103,0.0,3.794518467895497,0.26831297399864945,-0.0008999999999999897,1.5040626186931179,0.10635328770071001,-0.2676599999999997,15.83989769328546,1.12004990722233,0.2720299999999999,12.949999346853266,0.9157032354521305,0.0,0.06456497945715005,0.004565433480132094,0.0034699999999995867,20.86311542934018,1.475245039676413
R:A:ASP:104,0.0,3.7853183477681247,0.2676624272656699,-0.0030950000000000612,1.527709015478733,0.10802534045248363,-0.41168000000000016,9.104518397847851,0.6437866698555896,0.41432,7.906221540328223,0.5590542864729238,0.0,0.06922509500233776,0.004894953410443601,-0.00045499999999989884,12.730589783871094,0.9001886364679434
R:A:ASN:105,0.0,4.4398553642601915,0.31394518355558504,-0.0020899999999999743,1.4659852151198525,0.10366080867304672,-0.009279999999999546,6.276917699062176,0.44384510699567253,0.015675000000000015,4.002102017961936,0.28299134759012506,0.0,0.2032584492834362,0.014372542782177969,0.004305000000000341,8.79313702080663,0.6217686815314845
R:A:PRO:106,0.0,3.429829606839092,0.24252557733103122,-0.0011250000000000205,0.9679531571181531,0.06844462412691737,-0.006260000000000012,2.7601793983725043,0.19517415698806026,0.004675000000000001,1.8991921196063868,0.13429316265497288,0.0,0.04807929902071068,0.0033997198372240256,-0.0027100000000000613,4.891676306103494,0.3458937487415342
R:A:ASN:107,0.0,10.984263129129328,0.7767046944944713,-0.0004599999999999937,0.7842967742825416,0.05545815675579202,-0.0007199999999995654,11.240839390054465,0.7948473758936366,0.001969999999999983,3.564074622886003,0.252018133449758,0.0,0.05491310715834638,0.003882943044769027,0.0007900000000003615,16.13478451916659,1.1409015546486425
R:A:LEU:108,0.0,4.549166791704828,0.32167466871631345,-0.0008449999999999603,1.1595964481986825,0.08199585119611234,0.0016800000000000636,2.876566399164114,0.20340396073823142,0.0019399999999999984,1.5434182816074196,0.10913615331318947,0.0,0.05971639539524133,0.004222586813199226,0.0027749999999994923,5.718384624184,0.40435085451933933
R:A:PRO:109,0.0,3.6192656901573277,0.2559207312426056,-0.0006050000000000288,0.9821597038542154,0.0694491786803487,-0.020515000000000044,2.6454376272698243,0.1870606885448543,0.02081,1.209561564328166,0.08552891843990547,0.0,0.07697856346963615,0.0054432064235378766,-0.00030999999999933083,4.746685889832382,0.3356413780862979
R:A:ARG:110,0.0,5.262998819071692,0.3721502154342385,-0.0020750000000000464,1.4853709559820403,0.10503158755524454,0.33738,18.58584880025661,1.3142179720769307,-0.31968,14.629929525269423,1.0344922375599297,0.0,0.3510168620987101,0.02482064035008211,0.015624999999998153,24.279565684423858,1.7168245539720308
R:A:LEU:111,0.0,6.618180244564968,0.46797601300467323,-0.003170000000000066,1.2719800251183193,0.08994257012949985,0.00733500000000042,5.223655511600568,0.36936822348352455,0.00037500000000001145,1.8031019712082288,0.12749856310121696,0.0,0.18694051117389412,0.01321869031295401,0.004540000000000388,8.717278434868188,0.6164046694786549
R:A:VAL:112,0.0,5.557979780747678,0.3930085192664403,-0.0008750000000000008,1.1338409540914458,0.08017466274250862,-0.010639999999999752,3.7597864007347543,0.2658570459772507,0.014299999999999997,1.7565319632161547,0.12420556625610622,0.0,0.14418216840824233,0.010195218900764896,0.002785000000000047,7.029859270782872,0.49708611611576864
R:A:ARG:113,0.0,6.299265462115403,0.44542533247560123,-0.00361000000000002,1.392685942881596,0.09847776742747573,0.4976899999999999,19.83981344362265,1.4028866623461604,-0.46044999999999986,16.638181242272246,1.176497078302152,0.0,0.1712407990775503,0.01210855302435389,0.03363000000000071,26.685144096246113,1.886924634739579
R:A:PRO:114,0.0,3.5040007459973523,0.2477702688777449,-0.0005499999999999994,0.9182610983266143,0.0649308649526556,-0.016505000000000294,2.3369683335413427,0.16524861560653087,0.017415,1.989722011004301,0.14069459266572756,0.0,0.08953154176429418,0.0063308360311619,0.00035999999999901443,4.748647727792691,0.3357801009788302
R:A:GLU:115,0.0,4.242019415584988,0.299956069468514,-0.0003799999999999659,1.3788554360773286,0.09749980291262131,-0.17295500000000005,11.665686149810263,0.8248885783724823,0.17343499999999978,10.873968886831292,0.768905713828994,0.0,0.09212334675600516,0.006514104319677098,9.999999999962483e-05,16.56006915578759,1.1709737196975591
R:A:VAL:116,0.0,4.735542622546016,0.3348534301000215,-0.0006900000000000218,1.3287906259076334,0.09395968623564044,-0.0003849999999997067,4.507253796168461,0.3187109723799528,0.0016499999999999907,2.309977276933693,0.16334005969066495,0.0,0.09561463323586404,0.006760975554174411,0.0005750000000002897,7.060561055508537,0.4992570601331734
R:A:ASP:117,0.0,13.680184729681102,0.9673351390242163,-0.00026999999999997913,1.3851037697948843,0.09794162682690133,-0.14110499999999987,15.673324248189182,1.1082713859630118,0.14000499999999974,16.378587120334128,1.158141001904291,0.0,0.15282295782444993,0.01080621497986543,-0.0013700000000009282,26.514157173008318,1.8748340334480122
R:A:VAL:118,0.0,4.354298806926323,0.30789542136900966,-0.00032499999999997754,1.2598962477422497,0.08908811803700312,0.004434999999999682,3.0580025459072138,0.21623343370967174,-0.004014999999999986,1.1024022811909453,0.07795161286256366,0.0,0.06592332975211346,0.004661483350611631,9.499999999985853e-05,5.5783754714818725,0.39445071238895363
R:A:MET:119,0.0,4.046278549259801,0.28611510007512714,-0.0011600000000000677,1.3971913900393174,0.09879635065122597,-0.004790000000001165,2.3702474928791712,0.1676018075305275,0.008454999999999996,1.3938713378482965,0.09856158750940956,0.0,0.03538081879263237,0.0025018016892202786,0.0025049999999990384,5.0878989931909455,0.3597687880077525
R:A:CYS:120,0.0,2.9367994277359153,0.20766307903368378,-0.0005100000000000193,0.9479364106837547,0.0670292264128119,0.0007749999999998636,2.2527348193196195,0.15929240669559547,-0.0011050000000000161,1.3734130590885614,0.09711496874516821,0.0,0.047330094457509804,0.0033467430745105007,-0.00084000000000026,4.060380776767292,0.2871122781451653
R:A:THR:121,0.0,5.309311199953343,0.37542499529166945,-0.0002150000000000185,1.2557333653586658,0.08879375780073169,0.004020000000000117,5.256975977437029,0.3717243362180502,-0.003849999999999958,1.7517165127240195,0.12386506248636053,0.0,0.08789566422717535,0.006215162021193153,-4.49999999998063e-05,7.776739967294453,0.5498985566398357
R:A:ALA:122,0.0,2.8190510967256346,0.199337014700607,-0.00025499999999997416,1.3009595735360113,0.09199173364968725,0.002195000000000391,1.8581478770202873,0.13139089642884322,-0.0014900000000000063,1.274075597403859,0.09009074946685702,0.0,0.06521128007111997,0.004611133834814409,0.00045000000000048446,3.8366364917396747,0.2712911680256889
R:A:PHE:123,0.0,4.166320996940826,0.2946033829536755,-0.001079999999999961,1.632102324840572,0.11540706214850978,-0.0009300000000006036,3.82197899972645,0.27025472682591506,0.0013799999999999917,2.7221913314460466,0.1924879950152736,0.0,0.07596619464841155,0.005371621137682902,-0.0006300000000005934,6.484258525874748,0.458506317461272
R:A:HIS:124,0.0,4.415525630947011,0.312224811614564,-0.00035499999999996315,1.0784500968867314,0.07625793766798969,-0.000199999999999676,3.3685013256342944,0.23818901297918843,-8.000000000009333e-05,3.0920643545615283,0.2186419672975662,0.0,0.1129193139294665,0.007984601260645834,-0.0006350000000001011,6.44828156441957,0.45596236212012775
R:A:ASP:125,0.0,4.367319276163583,0.3088161075781994,-0.00017499999999999848,0.9810393766689489,0.06936995958536374,-0.13287999999999994,8.118602907692924,0.5740719169790489,0.13252499999999942,7.33166279515602,0.5184268479827939,0.0,0.0854987109580033,0.00604567183011127,-0.0005300000000015359,11.819823114699116,0.8357877076829244
R:A:ASN:126,0.0,10.08266883664985,0.7129523506853387,-0.00028500000000001967,1.2766742649458396,0.09027450301095541,-0.007934999999999803,10.918793745523129,0.7720753099836666,0.007800000000000024,4.687164302646111,0.331432566293658,0.0,0.07557896305093496,0.0053442397288363626,-0.0004199999999994475,15.636028469060035,1.105634176129826
R:A:GLU:127,0.0,4.244115627336276,0.3001042940229279,-0.00045499999999998764,1.7752903885491522,0.1255319872318406,-0.197155,21.03685658082916,1.4875303943153146,0.1982249999999997,20.75988856377064,1.4679457980119277,0.0,0.1866444119636949,0.013197752937010424,0.0006149999999999877,29.911892577049386,2.1150902079355176
R:A:GLU:128,0.0,4.190728673816762,0.29632926633687395,-0.00025500000000000354,1.5870628492517238,0.11222229028751372,-0.19499999999999973,22.464173652060964,1.5884569523124479,0.1942450000000008,21.511407761863822,1.5210862301282841,0.0,0.16872349107044046,0.011930552468137635,-0.0010099999999991739,31.424340958699343,2.222036458621448
R:A:THR:129,0.0,5.344969494651022,0.37794641749029717,-0.00030500000000002194,1.0761667235958374,0.07609647879419255,-0.008550000000000217,4.47707551853886,0.3165770459043106,0.008609999999999996,2.5136855519137633,0.17774440995288712,0.0,0.13487877974163923,0.009537369979347982,-0.0002450000000002284,7.490517088529309,0.5296595427892788
R:A:PHE:130,0.0,4.702804820763881,0.3325385179358927,-0.0010850000000000649,1.4198407855372377,0.10039790476586152,-0.01556500000000014,2.6134289355892193,0.18479733225042777,0.019810000000000005,1.318449449429139,0.09322845463430142,0.0,0.07687983778850234,0.0054362254636771785,0.0031599999999994033,5.7189641806894,0.40439183535284423
R:A:LEU:131,0.0,4.439650678775301,0.31393071010614737,-0.001454999999999882,1.651482395871963,0.11677744011312714,-0.019540000000000647,2.652558953011224,0.1875642423171325,0.021770000000000005,1.1923739517240386,0.08431357069742687,0.0,0.09347572389087658,0.0066097318239560195,0.0007749999999989044,5.559177511496815,0.3930932116199154
R:A:LYS:132,0.0,4.631340514964323,0.327485228411527,-0.0006949999999999834,1.6712975769966878,0.11817858500750039,0.22202000000000013,25.6342497420024,1.8126151823199403,-0.21850999999999984,21.511681604047137,1.5211055936947637,0.0,0.13302433901633476,0.009406241218130853,0.0028150000000012197,33.82495308644856,2.391785370074462
R:A:LYS:133,0.0,4.834794581318837,0.34187160340945244,-0.0007999999999999297,1.2179634539673183,0.08612302175376801,0.2486549999999994,10.935184667273571,0.7732343231756302,-0.24418999999999996,10.627114830326716,0.7514504960972147,0.0,0.13030617629276472,0.009214038088710366,0.0036649999999995055,16.043362697472592,1.134437055641817
R:A:TYR:134,0.0,4.20256901944513,0.29716650520541515,-0.008499999999999907,1.4060437421360688,0.09942230647093236,-0.019584999999999228,1.9697279003138985,0.13928079554042974,0.044994999999999986,1.056260750087307,0.07468891390879238,0.0,0.09612151676732264,0.0067968176324110265,0.01691000000000087,4.96420179761416,0.35102207542714214
R:A:LEU:135,0.0,4.86105239303178,0.34372831108158663,-0.0025049999999999174,1.2532674301500857,0.08861938984993634,-0.02392999999999937,3.740528752963944,0.2644953246444065,0.028324999999999996,0.7501248733211024,0.053041838466205145,0.0,0.03813164481,0.002696314462294782,0.001890000000001395,6.30525228035611,0.4458486644531748
R:A:TYR:136,0.0,4.359938292401625,0.30829419321120854,-0.0011749999999999617,1.6221358110142934,0.11470232319737467,-0.013194999999999908,2.4075005500466666,0.17023599646483412,0.013614999999999997,0.878916878820176,0.06214880851130615,0.0,0.006176445230042278,0.00043674063057902,-0.0007549999999999546,5.311212519731316,0.37555943890249033
R:A:GLU:137,0.0,4.331537852535747,0.3062859788494242,-0.0017049999999999964,1.904885521356861,0.13469574695355083,-0.3567049999999996,9.738235925380684,0.6885972659631135,0.35586500000000015,8.52016755708331,0.6024668256459229,0.0,0.077417100450294,0.0054742156708203005,-0.0025449999999997888,13.777637553804974,0.9742260943025933
R:A:ILE:138,0.0,4.260219722033126,0.30124302547942916,-0.009125000000000098,1.4731462577337662,0.10416717085231315,0.002109999999999985,2.1806726072246607,0.15419683881163063,0.0023950000000000004,0.7237233141021506,0.05117496631044324,0.0,0.05246548699174313,0.0037098701630116165,-0.004620000000000007,5.059791799992889,0.35778130931670593
R:A:ALA:139,0.0,3.0306948367577364,0.21430248707784522,-0.0018099999999999826,0.896332093562425,0.06338025015531257,-0.009550000000000053,1.8472541574726529,0.13062059413239552,0.014680000000000002,0.8839177432035179,0.06250242302303168,0.0,0.00035195158026069434,2.488673490516584e-05,0.0033199999999992745,3.7659236633819217,0.26629101598082416
R:A:ARG:140,0.0,5.509040246717207,0.38954797162833477,-0.001485000000000012,1.741833512932565,0.12316622886926026,0.31445500000000004,9.35055205594167,0.6611838766594168,-0.29845000000000055,7.805080427385103,0.5519025297910403,0.0,0.061877661600508206,0.004375411412168579,0.014519999999998277,13.481077163956709,0.9532561080332899
R:A:ARG:141,0.0,5.605344487072138,0.39635770976953383,-0.00425499999999996,1.7880430908328244,0.1264337394581644,0.45008500000000007,10.095105661724151,0.7138317670199856,-0.40707,8.498369047617313,0.6009254382596063,0.0,0.05599577299354114,0.003959499080151548,0.0387600000000019,14.448306310114454,1.0216495368542315
R:A:HIS:142,0.0,3.523420297267983,0.24914343851685117,-0.015760000000000024,1.2069038836626553,0.08534099203782436,0.005259999999999394,2.4689335054128128,0.17457996239760734,0.005615000000000014,1.4089477281911489,0.09962764929413419,0.0,0.05668517667710344,0.004008247282113736,-0.004885000000000601,4.685625586811212,0.3313237626535404
R:A:PRO:143,0.0,3.615414260053749,0.255648394008255,-0.002539999999999947,1.2942857669000305,0.09151982425682427,0.003039999999999701,1.751915118092198,0.12387910600662243,0.0022349999999999996,0.8286881631681485,0.058597101966522194,0.0,0.0034513377517432276,0.00024404643284227693,0.0027349999999995212,4.301434468024275,0.30415734811695144
R:A:TYR:144,0.0,4.370126728820344,0.3090146244593449,-0.0061750000000000685,1.1989370776129162,0.08477765377960751,-0.00011999999999950717,2.492668159131897,0.17625825585699526,0.0050600000000000376,1.5994027238316182,0.11309485118695721,0.0,0.06431060105958494,0.004547446211141528,-0.0012349999999994932,5.413970559578584,0.3828255295822344
R:A:PHE:145,0.0,4.449028797158994,0.31459384321653533,-0.045190000000000057,1.2121590352548628,0.08571258737052567,0.058585000000000206,2.55138206091816,0.180409955667294,-0.04703499999999998,1.119974099734007,0.0791941280675215,0.0,0.020366633526184143,0.0014401384676306092,-0.03363999999999968,5.387716953340365,0.3809691192820698
R:A:TYR:146,0.0,4.667278726147605,0.33002644369466827,-0.016555000000000052,1.1018950474863747,0.07791574602334883,0.006040000000000703,2.4753702971373794,0.17503511230536,0.001029999999999991,1.2603253522404443,0.08911846030705423,0.0,0.06638824536765864,0.004694357849054782,-0.009484999999999582,5.54237754973423,0.39190527493131555
R:A:ALA:147,0.0,2.9190965763314507,0.2064112984062403,-0.002764999999999982,0.9791351321829893,0.06923530916645783,-0.01356500000000061,1.9630578112411763,0.13880914901898572,0.020415000000000003,0.8706665790502125,0.06156542421988985,0.0,0.00644658435739361,0.00045584235146041435,0.004084999999999406,3.7538684379750014,0.2654385828174276
R:A:PRO:148,0.0,3.3692413423796164,0.2382413400650693,-0.005259999999999994,0.8395864633258447,0.05936772816101354,0.011834999999999986,1.6740228305716143,0.11837128953582873,-0.0015250000000000146,1.2600019828059796,0.08909559463506038,0.0,0.054568494844142154,0.0038585752743436072,0.0050499999999997726,4.0558140745329485,0.28678936353340895
R:A:GLU:149,0.0,3.9460675430357255,0.27902911187007,-0.07190499999999998,1.489403232900681,0.10531671259052383,-1.41019,11.544719504842895,0.8163349448771012,1.6260600000000003,10.610623107855165,0.7502843552179067,-0.00014162400000000032,0.11048380384599596,0.00781238469107881,0.14382337599999961,16.237852348686303,1.1481895507661992
R:A:LEU:150,0.0,5.026951027566312,0.35545911602848224,-0.011115000000000012,1.3599181996998937,0.09616073808667963,-0.004425000000000096,2.967449199544113,0.20983034518242347,0.012310000000000005,0.6998924544171055,0.04948987006196318,0.0,0.002036027986597434,0.00014396891960086387,-0.0032299999999999417,6.034502671178459,0.4267037759878623
R:A:LEU:151,0.0,4.801392087671032,0.3395096904327621,-0.004370000000000069,1.1944100549434435,0.08445754493679057,0.00699000000000062,2.945645653961114,0.2082886016888586,-0.0010350000000000034,1.009846646315667,0.07140694115683012,0.0,0.09247999626934178,0.006539323248615819,0.0015850000000008934,5.846807032593514,0.41343169010360686
R:A:PHE:152,0.0,4.641397902351188,0.3281963930937542,-0.036605000000000096,1.3385626765209764,0.09465067456111974,0.035724999999999625,2.2508989171162264,0.15916258880583403,-0.004220000000000001,0.9969615820080531,0.07049582952203626,0.0,0.1587067289099287,0.011222260423214567,-0.00510000000000042,5.4240197901373195,0.3835361174896133
R:A:PHE:153,0.0,4.4775235110438,0.316608723758127,-0.07793000000000003,1.2201871275751108,0.08628025922248958,0.03360499999999945,1.880738517278518,0.1329882959206373,-0.008895000000000004,0.9763629931408707,0.06903928933495042,0.0,0.019717168614179874,0.001394214363288515,-0.05322000000000083,5.101756976742243,0.3607486954220219
R:A:ALA:154,0.0,2.9064263564642414,0.20551537856751748,-0.004330000000000016,0.9181657553513962,0.06492412318622408,0.005330000000000084,2.106388355527062,0.14894414900055658,-0.0024200000000000007,0.8064310193686748,0.057023284235477,0.0,0.042726888755059145,0.0030212472777705565,-0.0014200000000009184,3.792014108646313,0.26813588905788693
R:A:LYS:155,0.0,4.635549727378619,0.3277828646756873,-0.006980000000000009,1.0907579537184224,0.07712823457074588,0.2641399999999993,14.858730242996876,1.0506708914644727,-0.21914000000000025,13.500930359423384,0.9546599409475607,0.0,0.13405806333297524,0.009479336565548245,0.038019999999998805,20.633783723716178,1.459028839257632
R:A:ARG:156,0.0,5.199748478051606,0.36767774092947203,-0.28309,1.6668109191357008,0.11786133038766361,0.44861000000000006,11.515976308272784,0.8143024939563308,-0.3895699999999999,9.485154615858931,0.6707017149476733,-0.02888388,0.10360074314612938,0.007325678801459382,-0.2529338799999995,15.88748703881707,1.1234149821160933
R:A:TYR:157,0.0,4.6597966059421525,0.32949737790117545,-0.01052000000000005,1.3505835090063851,0.09550067577771375,0.014605000000000104,2.2563560764815023,0.15954846824515426,-0.0017550000000000176,1.28112065609567,0.09058891034434072,0.0,0.07646101114158509,0.005406609947459498,0.0023299999999989575,5.502366707983465,0.38907608117902076
R:A:LYS:158,0.0,4.079931916980968,0.28849475252766726,-0.0032800000000000116,1.5423149352677616,0.10905813494531252,0.2137399999999995,19.175610907556507,1.3559204506127933,-0.19672000000000017,17.155674682885543,1.213089390409874,0.0,0.15343466040697176,0.01084946888428248,0.013739999999999029,26.09730540697189,1.8453581623966175
R:A:ALA:159,0.0,3.046852054170009,0.21544497487757752,-0.005325,0.8394134793860533,0.05935549634932725,0.01657500000000006,2.502693854045077,0.17696717954291696,-0.004525000000000038,1.5085322643467058,0.10666933937582532,0.0,0.09240489160141323,0.006534012546616714,0.006725000000000736,4.305299898150751,0.3044306753024148
R:A:ALA:160,0.0,3.320910315192206,0.23482382035847638,-0.006360000000000041,0.8869378861848218,0.06271597938125498,0.025305000000000247,2.2780772926691935,0.1610843901713478,-0.016109999999999985,1.480017813237395,0.10465306320170471,0.0,0.03233557701086826,0.002286470577796478,0.002834999999999338,4.38135123037581,0.3098083165758759
R:A:PHE:161,0.0,4.500298160588918,0.318219134671377,-0.0035150000000000146,1.2192004232590308,0.08621048869119696,0.011255000000000166,2.579493447825561,0.1823977308983722,-0.012219999999999998,1.1894144628976058,0.08410430323562522,0.0,0.006371427253717021,0.0004505279416940087,-0.004479999999999439,5.459639824501727,0.3860548342741303
R:A:THR:162,0.0,5.597274065453647,0.39578704478418686,-0.001954999999999993,1.123162202745,0.07941956099334094,0.005710000000000015,6.128299480129051,0.4333362119541246,0.004760000000000017,2.9825369950765066,0.21089721343583462,0.0,0.10915495815965645,0.007718421111482694,0.008515000000000415,8.891257872062639,0.6287068734613764
R:A:GLU:163,0.0,4.60745679504431,0.32579639437998686,-0.007585000000000037,1.251136051185082,0.08846867859799308,-0.021500000000000165,18.03259056222788,1.2750967068911871,0.09411500000000018,17.68734346501404,1.2506840505286996,0.0,0.17065279083487297,0.012066974562774817,0.06502999999999919,25.706799939823696,1.8177452560055267
R:A:CYS:164,0.0,3.031629035939259,0.21436854493546853,-0.0026950000000000294,1.0291380079828942,0.07277104642215197,0.008549999999999542,2.4334058355625765,0.17206777677052146,-0.002750000000000004,1.3857273804576424,0.09798572275974698,0.0,0.032091993168278474,0.0022692465991082066,0.0031049999999993127,4.253543685040806,0.300770958376557
R:A:CYS:165,0.0,3.245725490549071,0.22950745042372814,-0.0007850000000000157,1.156466236763962,0.08177451182290849,-0.0011799999999993105,3.2959368807290597,0.23305793187263552,0.002559999999999993,2.227025346050197,0.1574744724066412,0.0,0.07650656007369303,0.005409830743336431,0.0005950000000005459,5.26315904986818,0.3721615454625136
R:A:GLN:166,0.0,4.4966282148071794,0.3179596303164916,-0.0008550000000000074,1.635756626449974,0.1156654602933607,-0.0022299999999995635,4.373285898652179,0.30923801150044605,0.007405000000000012,3.5154528826845337,0.24858005722880303,0.0,0.1469580212557264,0.010391501337968094,0.004320000000000483,7.37570337153762,0.5215409870034733
R:A:ALA:167,0.0,3.4391389305973092,0.24318384592680084,-0.000469999999999986,1.101534026414981,0.07789021797857547,-0.002184999999999775,4.316425072310998,0.30521734391147404,0.003989999999999983,2.829259617771052,0.20005886614631704,0.0,0.09225734967838796,0.0065235797571886675,0.0013350000000009166,6.299666705746796,0.44545370468486783
R:A:ALA:168,0.0,3.051629269226524,0.21578277499374235,-0.0003150000000000108,0.40451760082226335,0.028603713865073533,-0.0027300000000004586,2.431411038286204,0.17192672330239991,0.003209999999999982,1.745155881619175,0.12340115581205063,0.0,0.06589166491962734,0.004659244308834023,0.0001649999999992602,4.2939196645874596,0.30362597127000585
R:A:ASP:169,0.0,6.48588475274962,0.45862130906636905,-0.0006800000000000073,1.0469492573902521,0.07403049194588675,-0.1339300000000001,15.665417580335994,1.1077123001174538,0.1395650000000002,11.438941206413073,0.8088552896648911,0.0,0.0990954411747503,0.0070071058439338555,0.004955000000000247,20.47992450108244,1.4481493492903914
R:A:LYS:170,0.0,5.196569103244948,0.3674529251808999,-0.0009999999999999788,1.370189451937213,0.09688702529750824,0.11436000000000007,13.65039263072678,0.9652285195045781,-0.11157000000000027,13.043461309397516,0.9223119942019348,0.0,0.19417955661264852,0.013730568124860086,0.0017899999999991501,19.63121384891816,1.3881364435493295
R:A:ALA:171,0.0,3.3433363159499825,0.2364095780795482,-0.001035000000000028,0.8915098697574807,0.06303926744002504,-0.0219549999999996,3.1939447726870607,0.22584600075023467,0.0218,1.7342438143323449,0.12262955613452249,0.0,0.0851949240209159,0.006024190849786231,-0.001189999999999849,5.0188475333515505,0.35488611245742585
R:A:ALA:172,0.0,3.0862708383338617,0.21823230383641645,-0.0017599999999999881,0.8247634237464704,0.05831958098057632,-0.016969999999999458,2.8564329845280807,0.20198031333647343,0.026535000000000003,1.7475667488181963,0.12357162986654745,0.0,0.10373793057077257,0.007335379417285254,0.007805000000000015,4.629175184372924,0.3273321164170581
R:A:CYS:173,0.0,3.3179709324751476,0.2346159746133029,-0.004325000000000001,0.9133861419876043,0.06458615348412537,-0.02411500000000004,2.6646505598999286,0.188419248039777,0.04144500000000001,1.9804779555640097,0.1400409392369781,0.0,0.08567452654512892,0.006058103869500753,0.013005000000000363,4.782593544978889,0.33818043273135817
R:A:LEU:174,0.0,5.4635328628827695,0.3863301136579958,-0.005530000000000026,1.389946368659597,0.0982840502764818,-0.0431550000000005,3.352407520868398,0.23705100913068267,0.04087999999999999,1.045847509343499,0.07395258659438492,0.0,0.008096248861977502,0.0005724912472478159,-0.007805000000000835,6.641885349776118,0.46965221706902766
R:A:LEU:175,0.0,5.639246765996323,0.3987549629020308,-0.006759999999999995,1.7754566030742627,0.12554374037362437,-0.06285,4.210183686907259,0.2977049435053103,0.06797500000000001,1.5460138208227636,0.10931968565119002,0.0,0.1730851921936978,0.01223897131231406,-0.0016349999999997616,7.422877752774306,0.5248767194905473
R:A:PRO:176,0.0,4.070347417702818,0.2878170260842815,-0.029654999999999987,0.9201364406842064,0.06506347168246558,-0.13752999999999985,2.302036823662906,0.16277858485531813,0.16770500000000005,1.4869650985732652,0.10514431045888789,0.0,0.08177443321879521,0.005782325625669656,0.0005200000000005378,4.9931457990006916,0.3530687253926511
R:A:LYS:177,0.0,4.632783355953525,0.32758725267629085,-0.09799499999999994,1.7477988240855982,0.12358804006608001,-0.021444999999999794,17.06561065556914,1.2067209019642342,0.2646699999999998,16.051037836199253,1.134979769905834,-0.002134584,0.13867114351666346,0.009805530593552568,0.1430954159999995,23.9459306502231,1.6932329944595548
R:A:LEU:178,0.0,4.593199508398259,0.3247882519731125,-0.02376000000000011,1.3269114714818016,0.0938268099519002,-0.0946300000000003,2.783068474382188,0.19679265907421442,0.10656500000000001,1.5118831437564875,0.10690628233118481,0.0,0.05080858386469719,0.0035927094193212786,-0.011825000000000321,5.7351563241789085,0.405536792799182
R:A:ASP:179,0.0,14.384055065896751,1.0171062878056305,-0.08742999999999997,1.832792957837846,0.1295980328998091,-1.0136300000000003,27.588642500995768,1.9508116196185499,1.1312449999999996,16.78824579473314,1.1871082445682342,-0.004850316000000001,0.1722440712162457,0.012179495077618594,0.025334683999998477,35.40152864068505,2.503266096619818
R:A:GLU:180,0.0,4.3230799806619356,0.30568791699378633,-1.66553,1.5438621715522407,0.10916754107219784,-1.8491650000000002,20.39596871883939,1.4422127789960033,4.125710000000001,18.880587574011038,1.3350591506369671,-0.348519924,0.1605273831786255,0.011351000121173741,0.2624950760000005,28.17038208978492,1.9919468204302981
R:A:LEU:181,0.0,4.147879864647721,0.2932993979839542,-0.21654499999999996,1.2570678084236349,0.0888881171747664,-0.16667999999999977,2.110226319698908,0.14921553404974292,0.23037,1.113065748417406,0.07870563386124274,-5.734800000000012e-05,0.04902134453560979,0.0034663325144011787,-0.15291234799999912,4.947676264611002,0.34985354378221667
R:A:ARG:182,0.0,5.576151234659979,0.39429343509498105,-0.10487500000000001,2.3441887124493626,0.1657591734953906,0.9047200000000001,24.329937951765313,1.7203864111541192,-0.76322,19.80163395726095,1.4001869649753027,-0.0004848480000000005,0.2509913454773634,0.017747768240617915,0.03614015199999969,31.948431386861227,2.2590952481922706
R:A:ASP:183,0.0,5.727772216625762,0.40501465754679783,-0.8142599999999999,2.0708580940639076,0.14643178011876384,-1.4628199999999998,24.476621461127962,1.7307585015699762,2.3880950000000003,22.063725217013445,1.5601409719186836,-0.116661456,0.2484448253423464,0.017567702075028054,-0.005646455999999773,33.51224434808515,2.369673523131156
R:A:GLU:184,0.0,4.046541250969771,0.286133675891182,-2.499085,1.8833298090815107,0.13317152792123021,-1.5607100000000003,9.20512600966983,0.6509007023114202,3.6269400000000003,9.095932155516003,0.6431795308378135,-0.349686252,0.0524766550301606,0.0037106598625813707,-0.7825412519999995,13.68921136138047,0.967973418272806
R:A:GLY:185,0.0,2.6146613117572226,0.18488447440496455,-0.0977,0.916394380820834,0.06479886809196592,-0.05626000000000019,2.2546333342142355,0.15942665197121214,0.077365,1.1850325408506721,0.08379445455622346,0.0,0.018949510338964644,0.0013399327260846493,-0.07659500000000037,3.763544222533739,0.266122764104906
R:A:LYS:186,0.0,5.078898258402111,0.35913233994726784,-0.08536999999999999,1.7530698298556164,0.12396075645844534,0.5726550000000012,14.803006147619984,1.046730602892824,-0.3787100000000001,14.449704944037785,1.02174843520739,-0.0001568520000000001,0.17235966908512185,0.012187669081315898,0.10841814800000052,21.37337439851981,1.5113257974032304
R:A:ALA:187,0.0,2.92571976080246,0.2068796282714903,-0.8010550000000001,0.8827556357084331,0.06242024961400746,0.07351499999999951,2.091089042717933,0.14786232421707365,0.41756,1.2523462821440403,0.08855425484978122,-0.091118232,0.10503036401890646,0.007426768262826032,-0.40109823199999917,3.9103899554220867,0.27650632545627185
R:A:SER:188,0.0,5.909498323732736,0.4178646338121953,-0.6246849999999999,1.1456872323086262,0.0810123211084277,-0.014645000000000259,5.797193751460702,0.4099235013510143,0.28871,1.6841442334758625,0.11908698079870025,-0.039821508,0.04500251624231428,0.0031821584405398173,-0.39044150800000066,8.525291319953128,0.6028291303929669
R:A:SER:189,0.0,5.735748680508065,0.4055786787169045,-0.04236000000000006,1.2331755811521732,0.08719868158263633,0.0077249999999995465,5.768116298686686,0.4078674149474005,0.021599999999999984,1.5364178539544506,0.10864114832672746,0.0,0.01965459138135087,0.0013897894847203873,-0.013035000000000302,8.369687371699579,0.5918262696940184
R:A:ALA:190,0.0,2.7204091374276773,0.1923619748676957,-0.05881499999999999,1.0200548901284674,0.0721287729992338,0.0782399999999999,1.8882079754094887,0.13351646637025713,0.027594999999999995,1.0455944745335066,0.07393469433138274,0.0,0.019326010935465394,0.0013665553385752952,0.04701999999999991,3.6194072045224033,0.2559307378193237
R:A:LYS:191,0.0,5.0551427055573805,0.3574525686965334,-0.7756049999999999,1.6677669986167134,0.11792893541610135,2.6644349999999997,12.207494652952956,0.8632002250401555,-1.5490150000000003,10.476818803619494,0.7408229621302076,-0.211697136,0.11738070918481214,0.008300069544506673,0.12811786399999955,16.9450981322583,1.1981993797191344
R:A:GLN:192,0.0,3.711341147644608,0.2624314492796166,-0.02264500000000007,1.413894162225377,0.09997741499896365,-0.035880000000001286,3.06360592531089,0.21662965246706178,0.07576500000000003,1.5387046713957164,0.10880285073873293,0.0,0.020636715461197597,0.0014592361444030091,0.01723999999999851,5.2466054760745084,0.37099103103427594
R:A:ARG:193,0.0,5.326225516212209,0.37662101806424725,-0.009934999999999894,2.091034258178235,0.14785845036512119,0.3834300000000001,10.326860040435815,0.7302192762956549,-0.2971399999999999,8.25479509253561,0.5837021587237364,0.0,0.053049122093327794,0.003751139396818518,0.07635500000000192,14.405887582592054,1.0186500798661922
R:A:LEU:194,0.0,5.0809893229517815,0.35928020053956494,-0.02126999999999997,1.4864523863043846,0.10510805622667559,0.04963000000000015,3.752060478657027,0.26531074078804273,-0.02457500000000001,0.9891050063946699,0.06994028573272346,0.0,0.050335961922930286,0.0035592900013251853,0.0037850000000000782,6.563902303884306,0.4641379830122595
R:A:LYS:195,0.0,4.461441722223883,0.3154715695653097,-0.020000000000000052,1.2425397200089823,0.08786082619119855,1.0283149999999994,8.291645880949995,0.5863079029617245,-0.7864699999999999,7.251872794354573,0.5127848429190356,0.0,0.06854868885548933,0.004847124273116322,0.22184499999999985,11.94964922330019,0.8449677998596125
R:A:CYS:196,0.0,3.2337195847506637,0.22865850468329407,-0.0022799999999999444,1.1130504911278734,0.07870455500795363,0.015215000000000317,2.3099364020195443,0.16333716939776746,-0.00832500000000001,0.8715001885685395,0.061624369314216915,0.0,0.018084830687044653,0.0012787906415419844,0.0046100000000005754,4.217993547855541,0.2982571840689757
R:A:ALA:197,0.0,3.0081139156537935,0.21270577483404154,-0.0012800000000000144,1.1441725362680228,0.080905215924253,0.01803000000000061,1.951758954315312,0.1380101991837922,-0.006999999999999999,1.2176840715883575,0.08610326643629729,0.0,0.04263507274507372,0.003014754905442338,0.009750000000000463,3.956237528975981,0.27974823847236263
R:A:SER:198,0.0,4.117982301510049,0.2911853210203942,-0.0014150000000000419,1.0766707571374827,0.07613211934771684,0.022780000000000092,4.412067836576178,0.3119803086298075,-0.010984999999999988,1.5127980966655796,0.10697097927183336,0.0,0.02386590445280463,0.0016875742877728373,0.010380000000000136,6.314465013922031,0.4465001030909475
R:A:LEU:199,0.0,5.040771752003853,0.35643638882555184,-0.0010949999999999528,1.1285412387126135,0.07979991627423552,0.013630000000000137,2.4624538317194906,0.17412178027676492,-0.008800000000000044,1.0764026112705227,0.07611315857162938,0.0,0.05762019665403693,0.004074363178737193,0.003735000000000155,5.823111429917639,0.41175615796996556
R:A:GLN:200,0.0,4.341980064619136,0.3070243547468995,-0.0006500000000000439,1.2429491850836059,0.08788977974429109,0.004324999999999761,4.039136902318984,0.2856101093770579,0.0030650000000000187,3.5674758536498885,0.25225863678351035,0.0,0.1459342296055684,0.010319108336133203,0.006740000000000102,7.032817446775551,0.4972952907462053
R:A:LYS:201,0.0,5.411232668791834,0.3826319314680885,-0.0006849999999999579,1.230572112383098,0.08701458854051428,0.15990999999999944,13.294027017542502,0.9400296653381477,-0.15186500000000008,13.239802330672276,0.9361954009587823,0.0,0.23164793488232097,0.016379982560314893,0.007359999999998985,19.56713897287325,1.383605665613825
R:A:PHE:202,0.0,5.056598948853863,0.3575555406475335,-0.0009250000000000247,1.5525824538732234,0.10978415814850064,-0.008070000000000093,2.9210569709439085,0.20654991923866736,0.00759999999999998,1.8096164614497736,0.12795920712379394,0.0,0.14897374407875782,0.010534034465683894,-0.0013949999999997775,6.309451952990833,0.44614562615305237
R:A:GLY:203,0.0,2.5774954346322323,0.1822564500305819,-0.00020499999999999796,0.9078963178001109,0.06419796429307552,-0.00632499999999979,3.080257795311133,0.21780711748672266,0.0062900000000000005,2.2342533897814723,0.15798557228035096,0.0,0.06397321011105095,0.004523589068379593,-0.00024000000000000077,4.685267047497071,0.33129841009550526
R:A:GLU:204,0.0,3.8242493747139457,0.2704152665808645,-0.00042499999999999537,1.4028941350205297,0.09919959561598525,-0.16465499999999994,13.160894625228751,0.9306157835980836,0.1638350000000004,12.36405669546913,0.8742708332341158,0.0,0.10087623285849948,0.0071330268314798205,-0.0012449999999987681,18.511677842745126,1.3089732933745837
R:A:ARG:205,0.0,5.799852333706436,0.41011149150444437,-0.0005749999999999833,2.0453248116558407,0.1446263044050943,0.06357000000000029,16.175880285446603,1.143807464150108,-0.05905999999999999,13.583270282343646,0.9604822527334902,0.0,0.12920051144131278,0.009135855777292238,0.003935000000001452,22.000060636789886,1.5556392062789364
R:A:ALA:206,0.0,3.2423219748738705,0.22926678552234725,-0.0008349999999999813,0.7465438758539246,0.05278862370695981,-0.005645000000000095,2.103559402934702,0.14874411184438527,0.013164999999999996,0.9609013170326077,0.06794598373248414,0.0,0.05753276070425155,0.00406818052343592,0.006684999999999767,4.052355249559107,0.28654478767401487
R:A:PHE:207,0.0,4.248207458205167,0.300393630158414,-0.0029549999999998987,1.2939674546428903,0.09149731618126841,-0.0058350000000004345,2.122764123230605,0.15010209063958768,0.007764999999999999,0.8158367727523687,0.05768837143545482,0.0,0.006544303071035752,0.00046275210796693284,-0.0010250000000007042,4.9893264447395795,0.3527986562628725
R:A:LYS:208,0.0,4.631562231855467,0.3275009061632501,-0.0009150000000000036,1.200251688636596,0.08487061081655416,0.14116999999999946,13.69080183872004,0.9680858820040193,-0.1397499999999995,12.115026578043484,0.85666174475898,0.0,0.10802799126900561,0.007638732518427502,0.0005049999999997823,18.89750160323641,1.3362551531132119
R:A:ALA:209,0.0,2.8880220816243773,0.2042139998133086,-0.0010000000000000141,0.8989245073975901,0.06356356149556128,0.0008900000000003416,1.7424244335838497,0.12320801326922691,0.006770000000000005,0.6424893825970979,0.045430859927476606,0.0,0.04791674102819632,0.0033882252513397276,0.006659999999999513,3.549629324524008,0.250996696606955
R:A:TRP:210,0.0,5.251110234512317,0.37130956555817407,-0.022005000000000063,0.9607414199330641,0.06793467730014621,0.026024999999999635,2.035512563477563,0.14393247368253975,-0.013444999999999974,1.1302927928085713,0.07992376985212221,0.0,0.08088380888128927,0.0057193489748156336,-0.00942500000000011,5.82448265128021,0.41185311796236374
R:A:ALA:211,0.0,3.0162779974995666,0.21328306259757238,-0.0019550000000000444,1.0444912714690342,0.07385668609459131,-0.005119999999999791,1.792521827356643,0.1267504339548784,0.0036400000000000004,0.6237345390468609,0.044104692222030076,0.0,0.002357647094446495,0.0001667108248127877,-0.0034350000000008102,3.713634312856452,0.2625936005467842
R:A:VAL:212,0.0,4.524844945846211,0.31995485450255323,-0.001359999999999979,1.3846320653516588,0.09790827228584928,-0.0020649999999998413,2.9582040474543,0.20917661420884268,0.0042400000000000024,0.5611775447663601,0.03968124473539105,0.0,0.024296019586318083,0.0017179880205326693,0.00081500000000025,5.608735103393879,0.39659746254888434
R:A:ALA:213,0.0,3.1985752018594145,0.2261734215369922,-0.0027800000000000047,0.8791777263727738,0.06216725321863593,0.011764999999999758,1.8749157569808306,0.1325765645914654,-0.004844999999999999,0.7142841972737461,0.05050751995866556,0.0,0.001113299747970869,7.872218012834756e-05,0.004139999999999304,3.8767704402229346,0.2741290667385194
R:A:ARG:214,0.0,5.457626694379161,0.38591248447802257,-0.09482000000000002,1.725910497100009,0.12204030162204615,0.8193,16.245671883606416,1.148742475382973,-0.5481049999999997,13.107919622898784,0.9268698852599943,-0.023988528,0.14237354343613626,0.010067329802524942,0.15238647199999875,21.645418411184515,1.5305622140168715
R:A:LEU:215,0.0,4.59348064194789,0.3248081311170488,-0.00368000000000003,1.3863676157498774,0.09803099423141641,0.0009350000000003433,2.415820132123871,0.17082427975517703,-0.0011950000000000016,0.8201917687193648,0.05799631615348513,0.0,0.05052293863857375,0.0035725112516807335,-0.003940000000000002,5.4344763859574075,0.3842755104708644
R:A:SER:216,0.0,3.598745471938798,0.2544697326972306,-0.0017250000000000076,1.1679170893839168,0.08258420937670227,0.015855000000000386,2.6156053638450514,0.18495122896827426,-0.0011000000000000044,1.1495008337535038,0.08128198345266927,0.0,0.011391287275669595,0.0008054856479070003,0.013030000000000003,4.741083488726581,0.3352452285050139
R:A:GLN:217,0.0,3.8586055005338387,0.27284461153511896,-0.016744999999999934,1.5283028183822078,0.10806732865845717,-0.06484999999999985,4.558667322973898,0.32234645772483683,0.10095500000000002,2.393878632131337,0.1692727814117645,0.0,0.02336391694885085,0.0016520784109611748,0.01936000000000039,6.613410198450206,0.4676387198092411
R:A:ARG:218,0.0,6.219712666831964,0.43980010037487477,-0.04739999999999994,1.8706345124582726,0.13227383488808359,0.3270850000000001,14.679887233040143,1.038024780953651,-0.18005500000000013,11.703078138142759,0.827532591223678,-0.009910799999999999,0.1288132151463995,0.009108469793646079,0.08971920000000111,19.866097227784735,1.404745206547786
R:A:PHE:219,0.0,4.358659566741821,0.30820377365267604,-0.002729999999999908,1.2316046596818315,0.08708760066019731,0.00032000000000032003,1.8458276030956948,0.1305197215050277,0.002119999999999973,1.0587802281635221,0.07486706791206665,0.0,0.03182658671087379,0.0022504795285280513,-0.0002899999999998082,5.0043852069981245,0.3538634715538018
R:A:PRO:220,0.0,3.6077915247350423,0.2551093852247502,-0.001055000000000006,0.8686120946515768,0.061420150234878124,0.0006899999999998841,2.576989720720671,0.18222069065696136,-0.0011850000000000176,2.2922522612869205,0.16208671181461792,0.0,0.1426703733766947,0.010088318848907749,-0.0015500000000000823,5.068165145537332,0.3583733942582753
R:A:LYS:221,0.0,4.414237197976565,0.31213370564551335,-0.00047500000000003204,1.2968645291914649,0.09170217028715841,0.028395000000000153,14.519175117439524,1.0266607182776475,-0.026805000000000127,13.986615594202016,0.9890030732509758,0.0,0.12988347468429062,0.009184148571333317,0.0011150000000004568,20.678880028544125,1.4622176295526617
R:A:ALA:222,0.0,3.5879747626690466,0.2537081285409476,-0.0003100000000000236,0.7002289859395996,0.04951366643412705,0.006060000000000159,3.0906026957860506,0.21853861241437408,-0.004694999999999996,1.8699140643823715,0.13222289151608732,0.0,0.02932230493432602,0.002073400065908169,0.0010550000000002545,5.13937223396415,0.3634084957677906
R:A:GLU:223,0.0,4.466407183049929,0.31582268066749103,-0.0002799999999999692,1.214485945884101,0.08587712479904062,-0.060029999999999945,6.238214039378579,0.4411083449737717,0.05899000000000022,6.482627024528714,0.45839095289474246,0.0,0.06967931903562458,0.004927071899855102,-0.0013199999999996947,10.117726621395802,0.7154313104180627
R:A:PHE:224,0.0,4.367872964247015,0.3088552592380451,-0.0003200000000000358,1.2954230562831588,0.09160024276032241,-0.007394999999999996,1.9937509000562237,0.14097947814265382,0.006379999999999988,0.8729825923808561,0.061729191093031495,0.0,0.07892576859647277,0.005580894618492615,-0.0013350000000003327,5.049733226772831,0.35707006078340947
R:A:ALA:225,0.0,2.8083000588968408,0.19857680152525367,-0.00011000000000000566,0.5761849440500855,0.04074242811554069,-0.0056049999999999755,2.841330144734153,0.20091238129312738,0.005575000000000001,1.7568803986541033,0.12423020436220414,0.0,0.059765619037398805,0.004226067450315651,-0.0001399999999999213,4.402487474862242,0.3113028747563931
R:A:GLU:226,0.0,4.179422493000677,0.29552979862443646,-0.0002649999999999952,1.6384422860067422,0.11585536510181561,-0.10449000000000006,10.902024705526033,0.7708895597940731,0.10457000000000015,9.919728089332894,0.7014306999493963,0.0,0.13678782359493843,0.00967235976477302,-0.00018499999999967541,15.408631491941744,1.0895547816756597
R:A:VAL:227,0.0,4.026609051075111,0.28472425652023403,-0.0006100000000000483,1.328165899991413,0.0939155114424662,-0.011069999999999922,2.350061339007984,0.16617443090168835,0.012075,0.6958161701017015,0.04920163323381654,0.0,0.004011464145171935,0.00028365334995377725,0.00039499999999961235,4.897404377792341,0.3462987845749649
R:A:SER:228,0.0,3.3592229809585423,0.23753293493534738,-0.00022999999999999244,1.235213136385782,0.08734275849490901,-0.008590000000000373,4.083716966771816,0.288762395965091,0.008280000000000001,1.3816404424994224,0.09769673260529238,0.0,0.05312997328856516,0.003756856439660456,-0.0005400000000006105,5.603447858168365,0.3962235978536086
R:A:LYS:229,0.0,4.736077732000393,0.33489126805240815,-0.00028999999999999024,1.7247225190592255,0.12195629888919228,0.13122000000000014,14.408848157481222,1.0188594241242261,-0.1292350000000001,13.595381991351879,0.9613386798906381,0.0,0.14082783428260207,0.009958031660104328,0.0016950000000000643,20.441972733724445,1.445465754084706
R:A:LEU:230,0.0,5.178979841971776,0.3662091765886677,-0.0007550000000000212,1.3595420520804053,0.0961341404334329,-0.010835000000000506,3.098791996048621,0.21911768338925772,0.01324,0.882011803435759,0.06236765272960014,0.0,0.017894125105184663,0.0012653057205276519,0.0016499999999993432,6.249077023914275,0.4418764739766833
R:A:VAL:231,0.0,4.828322702714681,0.34141397248465094,-0.0008200000000000162,1.5719278617671997,0.11115208505916567,-0.012889999999999659,2.511398057238239,0.17758265965318798,0.013864999999999999,0.8662164232309383,0.06125075068417529,0.0,0.02599791343603775,0.0018383300887323147,0.0001550000000000995,5.7307751927141615,0.4052270000223827
R:A:THR:232,0.0,5.028322567596475,0.35555609855408193,-0.0003049999999999864,1.200579680394017,0.08489380333613873,-0.006849999999999774,6.072366169702713,0.42938112964445696,0.006914999999999996,2.787878936319689,0.1971328100998791,0.0,0.13390921308716122,0.009468811263728607,-0.00023999999999965382,8.449215996330643,0.5974497926715249
R:A:ASP:233,0.0,4.86660106702306,0.34412066158216936,-0.0003849999999999909,1.623126430465292,0.1147723705705123,-0.1777999999999999,17.98294582879012,1.271586294124783,0.1765550000000006,16.446969001566064,1.1629763310972305,0.0,0.09885215759099744,0.006989903096751553,-0.0016299999999995407,24.904161241117126,1.7609901293357104
R:A:LEU:234,0.0,4.142953105575781,0.29295102350905017,-0.0021850000000000146,1.2395746130326324,0.08765116146620648,-0.007160000000000437,1.8825281424722449,0.13311484153166395,0.014275000000000003,1.1885521655253504,0.08404332960369311,0.0,0.048325096174831224,0.0034171003206715247,0.004930000000000443,4.864104175341058,0.3439441046781462
R:A:THR:235,0.0,4.177246403738952,0.29537592587709316,-0.0006400000000000006,1.531112161518548,0.10826597921669576,-0.011389999999999994,3.754187102922548,0.2654611158319613,0.012020000000000008,1.4561493015999425,0.10296530455813745,0.0,0.0457953836813726,0.0032382226348138324,-1.0000000000216502e-05,6.000840006046364,0.42432346610909066
R:A:LYS:236,0.0,5.138479502732302,0.36334537013700896,-0.00036499999999997754,1.2347983685100172,0.08731342997715186,0.16846500000000064,26.217701349303585,1.8538714411216262,-0.16640999999999984,26.1027925683192,1.8457461632964323,0.0,0.1522590566628257,0.010766341146335082,0.0016900000000014614,37.37212230175302,2.6426081106902566
R:A:VAL:237,0.0,4.046907588214735,0.2861595798461935,-0.0009649999999999714,1.2021947310128256,0.08500800466059064,0.004565000000000125,2.6047729705052993,0.1841852630895724,0.0014499999999999936,1.5606543288954156,0.11035492590500888,0.0,0.016488530111443165,0.0011659151453600042,0.005049999999999884,5.200335492314436,0.3677192491060621
R:A:HIS:238,0.0,4.871908483520601,0.3444959526017686,-0.0037899999999999865,1.1719475761099554,0.0828692078262487,0.014695000000000603,2.977223527949321,0.21052149457211017,-0.01521999999999999,2.170909237474013,0.15350646431583914,0.0,0.03532934401845582,0.00249816187303225,-0.004314999999999629,6.219880095968392,0.4398119394026484
R:A:THR:239,0.0,5.150502731171007,0.36419554077308525,-0.0005299999999999815,1.4562394986745828,0.10297168245444958,0.0007300000000001461,7.883990560227098,0.5574823187947309,-0.0004549999999999872,5.000897305581769,0.3536168396794403,0.0,0.10982138902510515,0.007765544889897774,-0.00025500000000011624,10.762279201614888,0.761008060448483
R:A:GLU:240,0.0,4.184675457660964,0.2959012393176987,-0.0005100000000000193,1.3635272489759784,0.09641593640835523,-0.21724000000000054,16.0485970794023,1.1348071823375987,0.21768500000000102,14.366344152743766,1.0158539371264823,0.0,0.08892672403819675,0.006288068959611369,-6.49999999999551e-05,21.984720506273742,1.554554495247711
R:A:CYS:241,0.0,3.1697163051289,0.2241327893794213,-0.0013249999999999495,0.8880006664271147,0.06279112929287861,0.0033349999999997236,1.9447466637778301,0.13751435536472184,0.007430000000000004,1.7267077756673246,0.1220966777301905,0.0,0.02038319263563979,0.001441309373489259,0.009439999999999234,4.195190274819728,0.29664474916928857
R:A:CYS:242,0.0,3.255801802659369,0.23021995328598255,-0.00117,0.9880613312441693,0.06986648675509596,-0.007749999999999844,2.0122633194241755,0.14228850386977862,0.007364999999999997,1.3791224965807063,0.09751868694191386,0.0,0.02128382987961029,0.0015049940437493296,-0.0015550000000007491,4.1866628836328985,0.2960417715558848
R:A:HIS:243,0.0,4.620013336338977,0.32668427592975763,-0.00043999999999999595,1.3792672946169644,0.09752892570924791,0.0014700000000003044,8.487710090910857,0.6001717362028555,-0.0011650000000000581,6.912319232809998,0.4887747803246143,0.0,0.16736795252064057,0.011834701418065306,-0.00013499999999958768,11.962286290383872,0.8458613754425306
R:A:GLY:244,0.0,2.5690177595337875,0.18165698787550125,-0.00031000000000002136,0.5582115555056165,0.03947151762347123,0.00921000000000035,2.9702657223723268,0.21002950342154314,-0.007154999999999998,2.101156831955911,0.14857422442124676,0.0,0.038170368336236944,0.0026990526290941418,0.0017450000000004229,4.488902745715698,0.3174133571582482
R:A:ASP:245,0.0,4.850293245933694,0.34296752449430257,-0.0003499999999999837,1.0517156942586718,0.07436752992906245,-0.22622499999999945,9.797003049457267,0.6927527291576518,0.22468500000000005,8.402555381006128,0.5941503889204947,0.0,0.057216822743357286,0.004045840335977662,-0.0018900000000002138,13.828193299193313,0.9778009253417967
R:A:LEU:246,0.0,4.2032006894508385,0.29721117101986594,-0.000984999999999956,1.3424155490290628,0.09492311378887125,-0.0022649999999998726,2.310613450444492,0.1633850439510147,0.005155000000000008,1.1195025381279848,0.07916078362658495,0.0,0.022743976248957704,0.0016082419836783769,0.0019049999999999779,5.1050674119722075,0.3609827785420006
R:A:LEU:247,0.0,5.199472300988822,0.3676582122620818,-0.00029999999999999363,1.2128695002142647,0.08576282482958453,-0.00437000000000019,3.0865250563295294,0.21825027976328007,0.0037950000000000054,1.5919712418806442,0.11256936605877729,0.0,0.029518428967322225,0.0020872681292766963,-0.0008750000000001679,6.369257831904256,0.45037454040650265
R:A:GLU:248,0.0,4.080044055914102,0.28850268194767265,-0.0003399999999999537,1.3366683834070439,0.09451672781047807,-0.1952399999999998,12.892226641273027,0.9116180882638024,0.19462999999999953,11.627527737670635,0.822190371174158,0.0,0.06692351497277924,0.004732207125809164,-0.0009500000000004149,17.884262067038335,1.2646082984120148
R:A:CYS:249,0.0,4.085573475804835,0.28889367097774915,-0.0008450000000000247,0.8658402487612827,0.06122415113233502,-0.00774000000000008,2.1812998744212133,0.15424119330046043,0.01382000000000001,2.2038701687259166,0.15583715411608362,0.0,0.002030142360888024,0.0001435527430157989,0.005234999999999569,5.20160618913072,0.3678091009396247
R:A:ALA:250,0.0,2.612626909443826,0.18474062043781814,-0.0004950000000000188,0.744523833382787,0.052645785133997196,-0.00043000000000049,2.2792617011984384,0.16116814050162023,0.0007150000000000007,1.4274579824902027,0.10093652192776903,0.0,0.029084905745517416,0.002056613408282694,-0.00021000000000047315,3.822780562953127,0.27031140590522834
R:A:ASP:251,0.0,3.7982549345126895,0.2685771820869189,-0.0002649999999999775,1.437411654250445,0.10164035280770627,-0.19489499999999998,12.659453368703366,0.8951585323125032,0.19273999999999916,12.31643879732084,0.8709037393654652,0.0,0.038804789315018934,0.002743912966716517,-0.0024200000000014652,18.123212266745753,1.2815046290699144
R:A:ASP:252,0.0,6.891560195470979,0.48730689471728184,-0.0003400000000000669,1.6070217696565285,0.11363359908385373,-0.20177999999999996,16.08239497964622,1.137197054782833,0.20068499999999986,13.683182563280921,0.9675471178709464,0.0,0.12691008706993012,0.008973898316812277,-0.0014350000000010964,22.270274816615423,1.574746234171676
R:A:ARG:253,0.0,6.015229753284573,0.4253409748942605,-0.0034049999999999692,1.1056009578392196,0.07817779345744544,0.46476,9.016794842736525,0.6375836777866886,-0.41916499999999973,7.997913364645494,0.5655378775483345,0.0,0.08018888024591937,0.005670210099764557,0.04218999999999994,13.515952801917633,0.9557221880433275
R:A:ALA:254,0.0,3.21002300128052,0.22698290319702494,-0.0003599999999999959,1.00870807211502,0.07132643180301396,0.0031099999999999995,2.618178157182968,0.1851331529298575,-0.003565000000000014,1.4755861097458867,0.10433969444259936,0.0,0.031647584957516614,0.002237822193163737,-0.0008150000000002433,4.511646311842124,0.3190215701418843
R:A:ASP:255,0.0,13.231801060407461,0.9356296257125466,-0.0002600000000000202,0.958661101432618,0.06778757656827689,-0.16428500000000004,22.820449091305697,1.6136494302184645,0.16306499999999985,12.681745476797545,0.896734822392537,0.0,0.17068278576217005,0.012069095524424114,-0.0014800000000005297,29.28529132670709,2.0707828086138167
R:A:LEU:256,0.0,4.445727196978015,0.31436038482886164,-0.0008400000000000362,1.3958920950954625,0.09870447662466986,0.012995000000000161,2.3543562436842476,0.16647812652380192,-0.010705,1.0433577106510499,0.0737765312404629,0.0,0.041483223160268146,0.002933306840210045,0.0014500000000003555,5.324125706954501,0.3764725391277149
R:A:ALA:257,0.0,3.0935478249980237,0.21874686449809974,-0.0004999999999999983,0.8771710971925601,0.06202536310857034,0.008560000000000017,1.827969227038573,0.12925694362393067,-0.007224999999999999,0.9802074887874506,0.0693111362291443,0.0,0.014089919886751378,0.0009963077898297091,0.0008350000000000035,3.826479324551148,0.2705729478460237
R:A:LYS:258,0.0,4.521607433861324,0.31972592783468456,-0.000269999999999988,1.395613088771383,0.09868474789829479,0.15487999999999957,23.459707411274334,1.6588518195164388,-0.1541550000000001,21.521625082088367,1.521808703769917,0.0,0.18345661727225507,0.012972341812675665,0.0004549999999998278,32.186403092089925,2.275922388842045
R:A:TYR:259,0.0,4.4148030537273115,0.31217371768936597,-0.0003499999999999881,1.709487721716655,0.12087903603809884,0.010524999999999523,6.102961004518627,0.4315445111612185,-0.00969500000000001,2.3803748387964023,0.1683179190278771,0.0,0.13878429273900308,0.009813531451792801,0.0004799999999997251,8.08358910074362,0.5715960669461478
R:A:ILE:260,0.0,4.181068621291691,0.29564619747216436,-0.0007749999999999702,1.3877975435469685,0.09813210539560943,0.011995000000000075,2.3135810448253156,0.16359488456206384,-0.010175000000000005,0.9889961554905055,0.06993258881147615,0.0,0.026840308892633852,0.0018978964427122992,0.0010450000000002025,5.073342870983239,0.35873951473566756
R:A:CYS:261,0.0,3.1419584384186243,0.22217001180121046,-0.00037000000000001696,0.9597006253514687,0.06786108200949938,0.004324999999999761,2.918821744073283,0.2063918648308964,-0.005005000000000005,1.86991581922155,0.13222301560195562,0.0,0.04310786558709823,0.003048186407911537,-0.0010499999999995851,4.7760749524871855,0.3377194986358906
R:A:GLU:262,0.0,4.39543501587158,0.3108041905987594,-9.499999999999842e-05,1.0533235223211337,0.07448122054165733,-0.09617499999999993,9.940979265076203,0.7029333849970245,0.09576999999999927,9.71776864745709,0.6871500108618932,0.0,0.0844177594727174,0.005969237017573338,-0.0005000000000004689,14.618295455138208,1.0336695845716715
R:A:ASN:263,0.0,4.131100895015758,0.29211294566314583,-0.00022499999999999075,1.1229973208227169,0.0794079020808068,0.010600000000000023,3.687138321815443,0.2607200510528487,-0.010115000000000042,2.010155107889687,0.14213943080255736,0.0,0.07830642769483814,0.005537100603351412,0.0002599999999998204,5.997412946093368,0.42408113637586103
R:A:GLN:264,0.0,4.5621699736857675,0.3225941325318859,-0.00035499999999998976,1.5589237622074403,0.1102325563609726,0.002034999999999485,5.530688894963719,0.39107876222619786,-0.0013049999999999895,4.392042187749909,0.310564281421536,0.0,0.1106930642311143,0.007827181634813898,0.0003749999999990905,8.551867945162266,0.6047083815836104
R:A:ASP:265,0.0,10.035329269911873,0.709604937819453,-0.00024000000000000356,1.7672973974829476,0.12496679741335294,-0.05211999999999984,22.776838667926462,1.610565707608277,0.05145499999999991,20.1656237026003,1.4259249266964846,0.0,0.18197780579641454,0.012867774050409333,-0.000904999999999987,32.08272196351375,2.2685910259323157
R:A:SER:266,0.0,5.331545106252033,0.3769971698832765,-0.00020000000000000906,0.7815892116706831,0.05526670316745878,0.0028450000000001196,5.399568118467902,0.38180712320473403,-0.002125000000000043,2.3632227237133194,0.1671050813391831,0.0,0.10612925033456004,0.007504471259381207,0.0005200000000002558,7.986718715556882,0.5647462963199784
R:A:ILE:267,0.0,4.088867777270378,0.289126613268305,-0.0006150000000000233,1.5110441050396244,0.10684695333454762,0.004180000000000383,2.2750802694740244,0.16087246862888005,-0.0029649999999999998,1.0487515561728622,0.07415793371497753,0.0,0.01743221446557287,0.0012326437059704803,0.000600000000000275,5.02774978778789,0.35551559690540424
R:A:SER:268,0.0,3.7712454215484303,0.2666673211095615,-0.0006249999999999911,0.9936908031047686,0.07026455052780883,0.0014149999999998996,2.854387718123626,0.20183569116208114,0.0018100000000000282,1.9064168976118523,0.13480403160699608,0.0,0.013580461490969737,0.0009602836411907472,0.00260000000000027,5.19536837034048,0.36736802054298556
R:A:SER:269,0.0,6.397187241280343,0.4523494478829393,-0.0005100000000000304,1.0815251036152604,0.07647537347898341,-0.0010499999999992937,8.795396867256757,0.6219284768064169,0.0035349999999999783,4.289916223433157,0.303342885231177,0.0,0.177126729860763,0.012524751181394326,0.0019750000000002886,11.742549224287126,0.830323618491026
R:A:LYS:270,0.0,4.608160474614573,0.3258461520395784,-0.002294999999999998,1.9041094785686563,0.1346408724417478,-0.007964999999999946,25.688705420571022,1.816465780278939,0.03166500000000015,22.899855161355823,1.6192642872784462,0.0,0.18434036522311448,0.013034832229566905,0.021405000000000625,34.773664026564354,2.458869363988636
R:A:LEU:271,0.0,5.126001101438626,0.3624630139196964,-0.0012399999999999612,1.2371581365169126,0.08748029077312214,-0.003774999999999693,3.004054357210435,0.21241872070364937,0.003679999999999993,1.2734287723897242,0.09004501203148345,0.0,0.0029712484811553544,0.00021009899496151808,-0.0013350000000003103,6.20100151543624,0.4384770221713023
R:A:LYS:272,0.0,4.648277010758933,0.32868281951411754,-0.0005849999999999545,1.9304164585847792,0.13650105683794173,0.02391499999999951,23.800964088661935,1.682982310587035,-0.020719999999999867,21.678049657880898,1.53286959159863,0.0,0.17914548713469144,0.012667498877190772,0.002609999999999475,32.585101020208775,2.3041145897038313
R:A:GLU:273,0.0,4.392924376716494,0.3106266616015921,-0.0014849999999999807,1.3985750490678004,0.09889419011941501,-0.04825500000000025,21.538392454542073,1.5229943360463867,0.06588999999999935,20.672864824758808,1.4617922904139802,0.0,0.16864744847721888,0.011925175444805036,0.01614999999999881,30.208474445061405,2.1360617129403447
R:A:CYS:274,0.0,3.2854489464911794,0.23231632293061114,-0.0013200000000000323,0.969366608461422,0.06854457022988764,-0.003179999999999765,1.9729736941986837,0.13951030782705628,0.006899999999999995,1.0205058681604924,0.07216066196169489,0.0,0.016740767925405572,0.001183751052232453,0.0024000000000002435,4.082668744811502,0.28868827547945836
R:A:CYS:275,0.0,2.9079078818886264,0.20562013823492578,-0.0003899999999999881,1.048776427056787,0.07415969235204525,-0.0038249999999998606,3.02481145393808,0.21388646908903566,0.0038099999999999913,2.149550124909861,0.15199614698241531,0.0,0.06278785671989029,0.004439771926280376,-0.0004049999999999637,4.830098614917347,0.34153954844078066
R:A:GLU:276,0.0,4.185229804676202,0.2959404375710592,-0.0004099999999999904,1.3885352843734293,0.0981842715497243,-0.07021000000000005,10.294510643809154,0.7279318285234544,0.07116999999999969,9.903507193885913,0.7002837094326485,0.0,0.14023251929519184,0.009915936533650352,0.0005500000000005656,14.950593568424562,1.0571666094996992
R:A:LYS:277,0.0,5.110949618143383,0.3613987133291982,-0.001355000000000093,1.5962210239734973,0.11286987103241945,0.13632999999999967,14.239903245905499,1.0069132148620108,-0.11529500000000031,13.684968077711215,0.9676733728071032,0.0,0.1188360779727572,0.008402979658414992,0.01967999999999887,20.463065393794935,1.4469572303816167
R:A:PRO:278,0.0,3.6355516824548104,0.2570723248017958,-0.0005300000000000349,1.0933389269115044,0.07731073693543478,-0.007800000000000082,2.145996153305034,0.15174484324022353,0.005220000000000002,1.1552154667203862,0.08168606902495675,0.0,0.06892561328068189,0.004873776854821172,-0.003110000000000319,4.511895283538406,0.31903917509936075
R:A:LEU:279,0.0,4.272308482869654,0.3020978299557943,-0.0005850000000000444,1.5465878486445572,0.10936027554772802,-0.008700000000000329,3.0807882596747866,0.21784462698159437,0.008950000000000003,1.0455282887373254,0.07393001428885294,0.0,0.10144556604457922,0.007173284767142973,-0.0003350000000004238,5.58920662104606,0.3952165903194419
R:A:LEU:280,0.0,5.530057147873789,0.39103409096106945,-0.0013400000000000389,1.138265733890817,0.08048754192264788,-0.015505000000000706,3.320534715746095,0.23479726146694088,0.017224999999999987,1.493169043301863,0.10558299559765769,0.0,0.15438347751875067,0.01091656038566695,0.0003799999999990877,6.719860101831048,0.4751658646629658
R:A:GLU:281,0.0,3.9888022635309963,0.2820509129355018,-0.002239999999999962,1.2350497223796297,0.0873312033797199,-0.2409699999999999,16.68842832277953,1.1800500834383048,0.26151000000000024,15.92545420037212,1.1260996658558913,0.0,0.14689896962176158,0.010387325756886424,0.018300000000000517,23.443148295275446,1.6576809131951118
R:A:LYS:282,0.0,4.894865004875006,0.34611922379398397,-0.0012899999999999511,1.4107543513666723,0.09975539684398033,0.1459000000000003,8.996442452911595,0.6361445465008325,-0.14098999999999975,8.646088829956584,0.6113708042403563,0.0,0.05788390911267441,0.004093010465515787,0.003620000000000587,13.477540972552601,0.9530060615411481
R:A:SER:283,0.0,3.68080996996585,0.2602725690021905,-0.0017450000000000321,1.1565799679118605,0.0817825538294996,-0.01478999999999985,3.6363140710752697,0.2571262338181384,0.02812499999999999,1.5478859785769106,0.10945206719553084,0.0,0.018550577479402846,0.0013117239130612205,0.011589999999999942,5.523143525862316,0.39054522406038206
R:A:HIS:284,0.0,3.9258763291525116,0.27760137744434915,-0.015994999999999905,1.199019425270083,0.08478347663828725,-0.026220000000000496,5.812725386989307,0.4110217538315337,0.07749000000000002,5.133052561342033,0.36296162743119276,0.0,0.11874680510827745,0.008396667113630034,0.035274999999999314,8.774979108792705,0.6204847232597609
R:A:CYS:285,0.0,3.319816412966235,0.23474646979028244,-0.004565000000000006,0.9283702027074113,0.06564568657859403,-0.010015000000000072,2.5079253064585076,0.1773370990906161,0.01749500000000001,1.647685186853059,0.11650893688844217,0.0,0.06527220473364118,0.004615441859015434,0.002915000000000049,4.570762357368384,0.3232017058087394
R:A:ILE:286,0.0,4.270537447113653,0.30197259881651506,-0.0039600000000000034,1.5556758576901555,0.11000289483009074,-0.0027400000000000445,1.9354024237222602,0.136853617813889,0.013994999999999995,0.9574754114205754,0.06770373562348683,0.0,0.05002057680560223,0.003536988905810387,0.007295000000000043,5.032162678682891,0.35582763541305334
R:A:ALA:287,0.0,3.1043529670367698,0.21951090341882787,-0.012845000000000016,0.8234064372926653,0.058223627548229934,-0.04863000000000014,2.8381169064628042,0.20068517103600353,0.078575,2.303501658687269,0.16288216433322278,0.0,0.13646705928453925,0.00964967830286843,0.01710000000000017,4.867715709603403,0.3441994787148853
R:A:GLU:288,0.0,4.268335884012645,0.3018169247967218,-0.05998000000000004,1.1855206065480264,0.08382896601264983,-0.5780049999999999,17.722237223781175,1.2531514118732323,0.8586400000000005,17.301607930952542,1.2234084293407494,-0.001775736000000001,0.1311589524892238,0.009274338471845434,0.21887926400000127,25.16077666151212,1.779135579727544
R:A:VAL:289,0.0,5.33157773354192,0.3769994769810695,-0.010169999999999995,1.349945320281529,0.09545554902021149,-0.035364999999999716,4.729749778981442,0.3344438142033352,0.044094999999999995,1.8939510632207475,0.13392256400388622,0.0,0.03804628232303767,0.0026902784229557806,-0.001440000000000059,7.497139762455986,0.530127836553593
R:A:GLU:290,0.0,4.115697952808248,0.29102379317463034,-0.01684499999999998,1.1765528988851286,0.08319485332263647,0.03529999999999999,9.731238318351371,0.688102460424863,0.07174999999999962,9.060722545553418,0.6406898354410658,-0.0002576520000000004,0.11567950760613568,0.008179776427261934,0.08994734799999954,13.968905482075357,0.9877507792129423
R:A:ASN:291,0.0,4.382135782720567,0.30986379280419324,-0.006059999999999981,1.3201079730082688,0.09334572996125746,0.02892499999999977,4.367219149455979,0.30880902755080686,0.001729999999999945,2.0128818342242547,0.14233223947071866,0.0,0.07790501804300433,0.00550871665466687,0.02459499999999913,6.638988224749405,0.4694473593937943
R:A:ASP:292,0.0,13.80533115466449,0.976184327598917,-0.0028150000000000098,1.1792527790406093,0.08338576367926961,0.10388000000000018,14.390355539414237,1.0175517985605205,-0.08386500000000005,20.735579522460302,1.4662268892164592,0.0,0.17390316275036988,0.012296810565057435,0.01720000000000052,28.79330891717492,2.0359943988133473
R:A:GLU:293,0.0,4.433256983161477,0.3134786075536096,-0.0026449999999999664,1.0095194492306723,0.0713838048290717,0.25832000000000005,13.250643823133652,0.9369620102425444,-0.2282400000000001,13.715898432153471,0.9698604791441655,0.0,0.11461191509568291,0.008104286236893422,0.02743499999999937,19.605903815353855,1.3863467539127916
R:A:MET:294,0.0,4.127801819952117,0.2918796658282314,-0.000875000000000008,1.2445507182011508,0.08800302523706217,0.014124999999999766,2.748870477427956,0.19437449551928102,-0.011270000000000068,1.8951662526939423,0.13400849087557848,0.0,0.15940649056195924,0.011271741044151077,0.0019799999999993733,5.455365140046382,0.3857525684375496
R:A:PRO:295,0.0,3.5553471769645784,0.25140100983041014,-0.00042499999999999315,0.8042763875528114,0.056870928758681265,-0.004350000000000236,2.440020271944477,0.17253548805245833,0.004305000000000014,1.8886321506251555,0.13354646008739804,0.0,0.08069446343864244,0.005705960230167399,-0.00047000000000001484,4.77645223786752,0.3377461767409784
R:A:ALA:296,0.0,3.04067566957576,0.21500823853459658,-0.00021000000000001128,0.4532594814231689,0.03205028529514207,-0.0028599999999995873,1.79603564803152,0.1269988985975863,0.0029300000000000016,1.2709371412859096,0.08986882710651119,0.0,0.060142119799654815,0.004252690074526964,-0.00013999999999968703,3.7809780514734537,0.2673555219714378
R:A:ASP:297,0.0,7.815546090658029,0.5526425639380304,-0.00012499999999998846,0.9743652490596121,0.06889802749625709,0.09691500000000004,7.005309644032518,0.4953501953606913,-0.09678500000000043,6.4514957366005445,0.45618963841463456,0.0,0.06816970865322139,0.004820326326020411,4.999999999348858e-06,12.358517544232516,0.873879156093973
R:A:LEU:298,0.0,4.897213389832017,0.34628527968677786,-0.00026000000000001353,1.2640755487707211,0.08938363924678833,0.006100000000000279,3.4042478143930706,0.24071667143968234,-0.005874999999999974,1.9035286936568623,0.13459980474679376,0.0,0.13763517219675803,0.009732276359010576,-3.499999999945436e-05,6.388415616453788,0.45172920034325115
R:A:PRO:299,0.0,3.4594094608111954,0.24461718886404943,-9.999999999999953e-05,1.0266759569357804,0.07259695312304781,0.0010000000000002984,2.46274406319455,0.17414230274117776,-0.0011599999999999772,1.2755163421728473,0.0901926255064681,0.0,0.075845199740961,0.0053630655057281705,-0.00025999999999983816,4.551854577243627,0.3218647238543994
R:A:SER:300,0.0,8.726104411795104,0.6170287602922168,-0.00012000000000000899,0.8951691938399131,0.06329802072734976,-0.007045000000000314,7.467972770516441,0.5280654187748665,0.00724499999999999,2.714443419188361,0.19194013488552883,0.0,0.07508662336475119,0.005309426055761583,7.999999999981355e-05,11.835991064093802,0.8369309543484108
R:A:LEU:301,0.0,4.388889458388078,0.31034134979043637,-0.0003049999999999109,1.4684594413789576,0.10383576288964703,-0.0044900000000000165,2.6259955563081214,0.1856859265231213,0.004670000000000019,1.0714306078090172,0.07576158483525804,0.0,0.061254958841207685,0.004331379677792082,-0.000124999999999873,5.428286303061735,0.3838378055117007
R:A:ALA:302,0.0,2.777397957621486,0.19639169298878198,-5.499999999999172e-05,0.7899297642037549,0.05585646929295656,-0.004004999999999655,3.1357815813565524,0.22173324204970934,0.003939999999999995,1.8801855973280936,0.13294919857599743,0.0,0.07329191466695442,0.005182520986714925,-0.00011999999999962041,4.659562657428864,0.32948083524315597
R:A:ALA:303,0.0,2.8467904172945366,0.20129848086858482,-4.5000000000001704e-05,0.7374742693647013,0.05214730568183748,-0.0020800000000005523,1.8724698600378058,0.1324036135600158,0.0021050000000000036,1.169072763507473,0.08266592787766311,0.0,0.07752826102888345,0.005482075910712423,-2.000000000064617e-05,3.6779028144253845,0.26006700206252775
R:A:ASP:304,0.0,12.795617038431558,0.9047867577341083,-6.0000000000011155e-05,1.272851784773074,0.09000421284584405,0.022450000000000195,18.160191340255754,1.284119444434006,-0.022405000000000685,8.264943724876474,0.5844197753985357,0.0,0.08406395343190488,0.005944219152505008,-1.5000000000071622e-05,23.737246641060576,1.678476806659153
R:A:PHE:305,0.0,3.9905227966019687,0.2821725729956758,-0.00022000000000002906,1.3084930604898142,0.09252443162078869,-0.001290000000000262,2.2011818570713326,0.15564706177599372,0.0010250000000000068,1.017609147401398,0.07195583287249895,0.0,0.05566988734159968,0.003936455484713628,-0.00048500000000067044,4.849768588363946,0.3429304256017656
R:A:VAL:306,0.0,4.294513755007661,0.3036679798064821,-5.999999999999783e-05,1.214666824339086,0.08588991483724966,0.0004500000000001947,2.562100202753592,0.18116784274464934,-0.00048000000000000375,1.608878540661165,0.11376489262070262,0.0,0.045192314244927624,0.003195579186010173,-8.999999999982133e-05,5.391952692570365,0.3812686312753569
R:A:GLU:307,0.0,4.04319195512036,0.28589684491045014,-4.0000000000004476e-05,1.5721019301400276,0.11116439355184735,0.04746,6.213358206553845,0.43935077217953084,-0.047409999999999,6.174926915498676,0.4366332695280445,0.0,0.1409765448355141,0.009968547084144137,1.0000000001255671e-05,9.776212081659938,0.6912825857259596
R:A:SER:308,0.0,10.704885507633888,0.7569497134273518,-2.0000000000002238e-05,1.4629553520186458,0.10344656499855372,0.0013100000000001088,10.931375590791399,0.77296498079457,-0.0013099999999999928,3.3317280910587526,0.2355887526257355,0.0,0.07613683360835627,0.005383687134254055,-1.9999999999886774e-05,15.72691938335928,1.1120611343147504
R:A:LYS:309,0.0,4.720872613638288,0.3338161038221493,-2.4999999999997247e-05,1.120345920631213,0.07922041977530161,-0.00902500000000046,17.92750591530163,1.2676661002471725,0.009065000000000217,15.8113934966174,1.118034356146704,0.0,0.12931323900085268,0.009143826819469965,1.4999999999849577e-05,24.39168234824949,1.7247523992995424
R:A:ASP:310,0.0,5.893355976283802,0.41672319747765424,-2.9999999999995586e-05,1.9152876538786543,0.13543128879804694,0.0019500000000000916,17.436606786239974,1.2329542899433659,-0.0019199999999995755,19.00403573124272,1.3437882535473176,0.0,0.11491487325489443,0.008125708613772847,8.526512829121202e-16,26.525493533216213,1.8756356351657097
R:A:VAL:311,0.0,3.6086607465651293,0.2551708484897912,-7.000000000001005e-05,1.2875792942960833,0.09104560503121498,-0.0034249999999999047,2.524038613824083,0.17847648198117025,0.0036049999999999975,0.9638897029613918,0.06815729452798872,0.0,0.013119057561554945,0.0009276574564552153,0.00011000000000001009,4.688317311799757,0.33151409635278933
R:A:CYS:312,0.0,3.1202455626440684,0.2206346796312855,-1.5000000000000568e-05,0.792584119999259,0.056044160591224836,-0.001199999999999477,2.044358717299877,0.1445579912180575,0.0012349999999999794,1.0858734431668362,0.0767828475173655,0.0,0.056083488498913044,0.003965701503017916,2.000000000045965e-05,3.965575748328634,0.2804085502952095
R:A:LYS:313,0.0,4.89455935044208,0.34609761076176176,-2.4999999999999466e-05,1.3531841502822148,0.09568456888587103,0.007769999999999441,21.439929283127313,1.5160319384259358,-0.007615000000000003,19.70684177770185,1.3934841456783336,0.0,0.134910099153032,0.009539584596165843,0.00012999999999938617,29.560720556699962,2.0902585962403117
R:A:ASN:314,0.0,4.958735309148897,0.3506355363208356,-4.5000000000001704e-05,1.3000931179630941,0.09193046598856659,-0.005759999999999792,4.8464506291718275,0.3426958104573209,0.005939999999999962,3.2403314935975303,0.22912603724151476,0.0,0.09024093743498882,0.0063809978800911556,0.00013500000000000512,7.763715173662939,0.5489775646497959
R:A:TYR:315,0.0,5.117915279701296,0.36189125998150323,-0.00014500000000000846,1.4057773856393478,0.09940347222242792,-0.002890000000000228,5.923847901989045,0.41887930222141556,0.0026849999999999942,3.493890599442833,0.24705537355899587,0.0,0.11846688611037481,0.008376873851470045,-0.0003500000000000725,8.688069219225564,0.614339266033251
R:A:ALA:316,0.0,3.090887825334332,0.21855877411808472,-2.9999999999998917e-05,0.7697227804541061,0.054427619769286256,-0.0019400000000001682,1.7861555817313342,0.1263002724096429,0.0018649999999999656,0.9509510222798018,0.06724239164303275,0.0,0.0742841556832357,0.0052526830218333175,-0.0001050000000001905,3.7744189555825107,0.26689172385314397
R:A:GLU:317,0.0,4.392957489840984,0.31062900305307933,-4.000000000000004e-05,1.216283552877371,0.08600423480852558,-0.02394500000000015,19.023202358708563,1.345143538772675,0.023894999999998775,18.886211252039804,1.3354568047239022,0.0,0.15798916492317527,0.011171520987117706,-9.000000000128239e-05,27.19142484684892,1.922724089933125
R:A:ALA:318,0.0,3.4877017630454015,0.24661775674056807,-4.9999999999990055e-05,1.1106601145039827,0.07853552985591936,-0.00109500000000061,2.3905508823020276,0.1690374739647248,0.0011700000000000044,0.9589601924741193,0.06780872549864066,0.0,0.06133514939479971,0.004337050006215284,2.499999999926228e-05,4.4761288687968195,0.3165101076591101
R:A:LYS:319,0.0,5.03541256041151,0.35605743675388946,-0.00012000000000000454,1.6950052756850051,0.11985497245838406,0.033719999999999715,18.331766041894326,1.2962516079348754,-0.033105000000000155,16.363670332018273,1.1570862256871244,0.0,0.12238113601769564,0.008653653116742582,0.0004949999999994859,25.14093778343059,1.7777327592052858
R:A:ASP:320,0.0,5.774776222573478,0.40833834268165414,-0.00019500000000000073,1.4230826683207831,0.10062714049586721,-0.06956999999999997,13.797742397910609,0.9756477214627726,0.06884500000000067,13.965979197531228,0.9875438596484588,0.0,0.10687960008085044,0.007557528998767562,-0.0009199999999988507,20.513675881605508,1.4505359322946183
R:A:VAL:321,0.0,4.855326637575478,0.3433234390305299,-0.00014499999999998626,1.093111222234499,0.07729463578331293,-0.001375000000000135,3.280471923454764,0.23196439425669405,0.001275000000000002,1.2216560535498524,0.08638412797426967,0.0,0.08432167367552597,0.005962442725696361,-0.0002450000000002572,6.085239403682195,0.43029140474872624
R:A:PHE:322,0.0,4.175106730396242,0.2952246281240777,-0.0001950000000000074,1.1720265438440378,0.08287479168827516,0.0004750000000003851,2.119768533207105,0.1498902704376605,-0.000260000000000023,0.882485972778038,0.062401181565335764,0.0,0.07236322218930276,0.005116852511856482,2.000000000057067e-05,4.9074024689366595,0.34700575637967174
R:A:LEU:323,0.0,5.872895942271581,0.41527645459831936,-0.0003299999999999681,1.2916592819122232,0.09133410372226795,0.0018300000000005666,3.2653380941871855,0.23089427092665163,-0.0015249999999999964,0.7425436506192751,0.052505765067990394,0.0,0.03213479688438239,0.0022722732788999123,-2.4999999999097965e-05,6.882886533780418,0.4866935742173705
R:A:GLY:324,0.0,2.7206396665490264,0.1923782757381924,-0.0002200000000000002,0.882753750119477,0.06242011628273372,4.000000000019099e-05,1.9822053816771867,0.14016308670884073,-0.00018499999999999905,0.7035052425355478,0.049745332759717265,0.0,0.02505938975394636,0.0017719664427412161,-0.00036500000000021736,3.5504675963864023,0.2510559713787927
R:A:MET:325,0.0,4.029709625667834,0.28494350025224296,-0.00029499999999997416,1.1387388903409772,0.08052099913609492,0.0010550000000002769,2.2043751054153646,0.1558728585318015,-0.0007450000000000156,1.433290877552425,0.10134896989301372,0.0,0.09098207125520519,0.006433403955095325,1.5000000000392476e-05,4.945417678004041,0.34969383759164874
R:A:PHE:326,0.0,4.5453143074544355,0.3214022569425267,-0.0005400000000000471,1.1349474269762454,0.0802529021905127,0.003984999999999843,1.7372061465971733,0.12283902465778128,-0.0019200000000000233,0.9024678065172187,0.06381411057908744,0.0,0.018589441112342456,0.0013144719869005348,0.0015249999999995011,5.077466565172622,0.3590311039481528
R:A:LEU:327,0.0,4.879804637231905,0.345054294985224,-0.0012150000000000106,1.3970461637952414,0.09878608160502673,0.006685000000000656,2.053646027867267,0.1452147032461762,-0.005134999999999997,0.6467474315952093,0.04573194945959553,0.0,0.0203718798324192,0.0014405094375021083,0.00033500000000063145,5.513654916918805,0.3898742780875837
R:A:TYR:328,0.0,4.8014822336389,0.33951606471527973,-0.0007949999999999502,1.342103114695365,0.09490102134526793,0.0007500000000009522,2.6376665925681357,0.1865111934114143,-0.0018950000000000006,1.6205188866147164,0.11458798937661399,0.0,0.07854225386460585,0.005553776031733812,-0.0019399999999990493,5.86898694933735,0.4150000470571788
R:A:GLU:329,0.0,3.799856299914511,0.2686904157203974,-0.00040500000000001093,1.8864325484562123,0.13339092472644082,0.01699499999999995,13.045562198942406,0.9224605495263063,-0.017615000000000408,11.639832328812773,0.8230604371577915,0.0,0.08325742059421808,0.0058871886686272116,-0.0010250000000009507,17.991021571531423,1.2721573353703326
R:A:TYR:330,0.0,5.383957189725788,0.3807032638473172,-0.0016550000000000154,1.285324549666348,0.090886170509462,0.005554999999999666,2.011902628204208,0.14226299914902327,0.0029999999999999714,1.406390439813923,0.0994468216988356,0.0,0.10799800340445646,0.007636612056189901,0.006899999999999629,6.056104692134157,0.4282312695383731
R:A:ALA:331,0.0,3.2555584797389217,0.2302027477572759,-0.0017199999999999794,0.9374837323121932,0.06629011043700259,0.004919999999999902,2.052984053895694,0.14516789461774937,0.002540000000000001,0.9762819552516577,0.06903355909085088,0.0,0.007970084772790815,0.0005635700989472029,0.0057400000000000255,4.07988606057832,0.28849150999033996
R:A:ARG:332,0.0,5.670816161700183,0.4009872562800469,-0.0013200000000000856,1.8543583320922632,0.1311229351372215,0.009804999999999708,9.95916635205854,0.7042194062505485,-0.002240000000000286,7.686196968228176,0.5434961997769625,0.0,0.14403431961867488,0.010184764412595559,0.006245000000000261,13.924085783677254,0.984581547946139
R:A:ARG:333,0.0,5.8432972389054445,0.41318351021186694,-0.001400000000000019,1.9047645938015543,0.13468719608411187,-0.05644500000000008,10.71153984082004,0.7574202458393722,0.06478999999999985,8.682962234177344,0.6139781476573495,0.0,0.07770774625233415,0.0054947674325749,0.006945000000003603,15.096662154113822,1.0674952182456194
R:A:HIS:334,0.0,4.183000734395107,0.29578281849990884,-0.009964999999999976,1.110402577345262,0.07851731922878545,-0.0760649999999999,4.564051105364071,0.3227271486284893,0.09093000000000004,3.880140000760282,0.2743673306490771,0.0,0.12644812854985238,0.008941232916594889,0.004899999999999846,7.391381946213696,0.5226496296507526
R:A:PRO:335,0.0,3.6600567693684747,0.2588050961148176,-0.015825000000000027,1.2563550151828105,0.08883771508134931,-0.06499999999999982,3.1752077979244127,0.2245210965588757,0.07958000000000003,2.0631875073657264,0.14588938773176752,0.0,0.06908586966422792,0.004885108692374555,-0.0012450000000000295,5.414600962869956,0.38287010582645553
R:A:ASP:336,0.0,13.354796265881408,0.9443267000969526,-0.13578,1.2161922608494102,0.08599777948732164,0.016509999999999712,26.347899354384023,1.86307783035056,0.3859349999999997,17.587309091355475,1.2436105521321275,-0.035601336,0.14357975166399048,0.010152621604268814,0.23106366399999975,34.400226213315264,2.432463322978645
R:A:TYR:337,0.0,5.007073503549753,0.3540535628259515,-0.029839999999999967,1.209328375897134,0.08551242952781776,-0.08988999999999912,2.688823803998693,0.1901285545223284,0.13472499999999996,1.6696528101898909,0.11806228243124472,-1.7820000000000334e-05,0.09656505380821506,0.0068281804373432715,0.014977180000000421,6.0464947660476795,0.4275517451481281
R:A:SER:338,0.0,7.264363846545685,0.5136680936898846,-0.03612,1.1248238564326416,0.07953705765239244,0.001539999999999715,6.977526734036925,0.4933856469547933,0.041384999999999984,1.987676389172795,0.14054994535884743,-0.00010907999999999998,0.03039772684673431,0.00214944387859822,0.0066959200000000375,10.32830439022168,0.730321407248454
R:A:VAL:339,0.0,4.316890020552991,0.30525022071695546,-0.026409999999999996,1.2620920187926077,0.08924338249696724,0.04601499999999991,2.9715666902788835,0.21012149574442637,-0.022315,0.9889021633988874,0.06992594256694006,0.0,0.04335561616247805,0.003065705019100931,-0.002709999999999606,5.480732752694007,0.38754632953011453
R:A:VAL:340,0.0,4.8792506612183795,0.3450151229656462,-0.021484999999999962,1.2824170691997983,0.09068058059405552,-0.0026449999999994846,3.5118192513816826,0.24832312069534526,0.03944500000000001,1.2418527456486135,0.08781224976832673,0.0,0.05419183798772328,0.0038319416126081874,0.015315000000000436,6.271338773015654,0.4434506173517491
R:A:LEU:341,0.0,4.172016719615346,0.2950061313663666,-0.007485000000000146,1.3254307310738649,0.0937221057935373,-0.016604999999999634,2.4364490743651914,0.17228296624993136,0.027005000000000005,0.8857855278649568,0.06263449534302165,0.0,0.0031332715167939084,0.0002215557536823632,0.002915000000000525,5.087573099461608,0.35974574384115643
R:A:LEU:342,0.0,5.402252635780744,0.3819969472443464,-0.004125000000000032,1.2754875521050764,0.09019058974125294,0.010310000000000272,4.241261294962856,0.2999024622452273,0.0012050000000000027,0.733617737909192,0.0518746077274325,0.0,0.023616195874254765,0.001669917224851531,0.007390000000000616,7.024119312668852,0.4966802397851537
R:A:LEU:343,0.0,4.517588998298762,0.31944178153107966,-0.0035350000000000216,1.3551276642349974,0.09582199607540536,0.0056149999999993835,2.45100992461781,0.1733125738452782,0.007089999999999983,1.0960776778814538,0.07750439587371803,0.0,0.04338396275609355,0.0030677094259578368,0.009169999999999963,5.427310516146504,0.3837688069572254
R:A:ARG:344,0.0,5.418826031974083,0.38316886332790656,-0.004415000000000031,1.9938158957323517,0.14098407403098762,-0.27899,11.302319988885026,0.7991947107280866,0.38286000000000003,8.545171027603837,0.6042348380017492,0.0,0.04113483593997905,0.0029086721436155294,0.09945500000000038,15.300426611299201,1.0819035411896774
R:A:LEU:345,0.0,4.469088805198437,0.31601229998807,-0.0012049999999999583,1.3881952604641035,0.09816022822851932,-0.003424999999999869,2.8479958418465077,0.20138371725607557,0.0053050000000000085,0.8159297921236851,0.05769494889827878,0.0,0.04295210216058479,0.0030371722703966863,0.0006750000000002742,5.538818236217452,0.39165359345890727
R:A:ALA:346,0.0,3.478728167017365,0.24598322768026273,-0.0004700000000000326,0.9462168188634146,0.06690763290910835,0.002555000000000547,2.420295525958555,0.17114073788807557,-0.0007700000000000018,0.9975175314248869,0.07053514108230025,0.0,0.022346608429426422,0.0015801438356967887,0.0013150000000004415,4.455361596737496,0.31504163976912075
R:A:LYS:347,0.0,4.801831355175856,0.33954075133590367,-0.0005650000000000532,1.4945067588923777,0.10567758637419289,-0.016695000000000137,12.91675465236818,0.9133524805612426,0.02265000000000001,12.137117040250951,0.8582237763216246,0.0,0.18698202520694493,0.013221625798382472,0.005389999999999206,18.424935763575963,1.3028397021351101
R:A:THR:348,0.0,5.137040432700526,0.3632436125192018,-0.00032999999999999474,1.3778080023537387,0.09742573816374192,-0.002444999999999915,4.8004194605654,0.33944091531056625,0.00487499999999999,1.5105958397516523,0.10681525619205806,0.0,0.09589788002478537,0.00678100412669397,0.0021000000000003815,7.322749653674721,0.5177965937044837
R:A:TYR:349,0.0,4.414806841975083,0.3121739855589348,-0.0003200000000000269,1.3559692359157711,0.09588150417963831,-0.0009999999999995878,2.329779734556466,0.16474030489758718,0.0013000000000000045,0.9690862267105027,0.06852474424614804,0.0,0.006835153628754221,0.0004833183481343947,-1.9999999999629204e-05,5.262719873447106,0.3721304909999658
R:A:GLU:350,0.0,3.8031111459895564,0.2689205680935357,-0.00021999999999999353,1.689223169196421,0.119446115787622,-0.02686500000000123,17.98667944714296,1.271850300810349,0.026539999999999717,15.594339578706114,1.102686326422886,0.0,0.08335491286927992,0.0058940824135081645,-0.000545000000001572,24.1666741976606,1.7088419203891778
R:A:THR:351,0.0,5.307449562944522,0.37529335767636496,-0.00015500000000000735,1.224869540553197,0.08661135581940164,0.0005550000000004474,4.617882665028963,0.3265336147165786,-0.00021999999999999125,2.6230957839164013,0.185480881650913,0.0,0.1145555520140071,0.008100300765167268,0.00018000000000037097,7.608411202652445,0.5379959155451239
R:A:THR:352,0.0,4.23049946435997,0.29914148590549916,-9.999999999999786e-05,1.4453464638452609,0.10220142857489811,0.0012249999999998807,3.585152152234965,0.2535085398430889,-0.0006849999999999995,1.4498186632386136,0.10251766082668391,0.0,0.09317600230810746,0.0065885383075916185,0.00043999999999965844,5.9118629886742236,0.4180318408737313
R:A:LEU:353,0.0,4.536052933972442,0.32074737894330485,-7.499999999998507e-05,1.2694049804435934,0.08976048697436416,0.0006250000000002132,2.3547682295875743,0.16650725832640148,-0.0005499999999999955,0.9399397899333766,0.06646377993689495,0.0,0.006108529221018101,0.0004319382435258078,1.865174681370263e-16,5.349357228871451,0.3782566771524281
R:A:GLU:354,0.0,3.847646384317301,0.2720696849958665,-7.500000000000062e-05,1.5359810790419912,0.10861026367648224,-0.0006499999999999417,14.06347652099935,0.9944379615056436,0.0005399999999997362,13.076281754053786,0.9246327500997354,0.0,0.10212417040288162,0.00722126934149281,-0.00018500000000035044,19.645471902914558,1.3891446402160672
R:A:LYS:355,0.0,5.458787035138852,0.38599453295998903,-5.500000000000949e-05,1.2072177688283916,0.08536318707074496,-0.04723500000000087,10.281334616409243,0.7270001426910967,0.0472450000000001,11.038148323354555,0.7805149531186926,0.0,0.14258096189808128,0.010081996502623402,-4.500000000096982e-05,16.087965063053215,1.137590919157719
R:A:CYS:356,0.0,3.4081798583994947,0.240994708937769,-2.4999999999999466e-05,1.0607406825303722,0.07500569296976729,0.0008100000000002439,2.2049959183975827,0.15591675663875898,-0.0007949999999999985,0.910236290956914,0.06436342538177252,0.0,0.015364820169349461,0.0010864568533458842,-9.999999999809606e-06,4.293207882923774,0.30357564070589416
R:A:CYS:357,0.0,3.252430932940775,0.2299815968023311,-2.4999999999999466e-05,0.7724737788915557,0.05462214473430167,-7.500000000028706e-05,2.252630428937468,0.1592850251808845,7.499999999999396e-05,1.1069697441100186,0.07827458126285314,0.0,0.056826150579829635,0.004018215642372539,-2.5000000000274802e-05,4.18066714625366,0.2956178088999775
R:A:ALA:358,0.0,3.1158447557524425,0.22032349559170938,0.0,0.7086600693915244,0.05010983406228762,-0.0005199999999993565,1.8987592458102742,0.13426255385530994,0.0005299999999999949,1.2126369895191222,0.08574638384066116,0.0,0.0852325938642947,0.00602685450995617,1.0000000000625064e-05,3.9107195466891813,0.2765296310782701
R:A:ALA:359,0.0,3.4021538275333763,0.2405686042088618,-1.4999999999996128e-05,0.696815249743431,0.04927227883277777,-0.0018349999999998801,2.244990988818218,0.15874483518960547,0.0018000000000000106,1.1967419307436338,0.0846224334559105,0.0,0.06722614966051922,0.004753606629801486,-4.999999999987459e-05,4.305449721265849,0.30444126939648125
R:A:ALA:360,0.0,2.9744052601402515,0.21032221294421088,-1.0000000000001119e-05,0.29237480654119297,0.020674020835338248,-0.0009050000000002001,1.4381135806587042,0.10168998650002367,0.0009199999999999875,0.81300114806192,0.0574878624907032,0.0,0.03407496832648811,0.0024094641172376567,4.99999999989953e-06,3.4150947746938805,0.24148366735807875
R:A:ASP:361,0.0,4.633432319112906,0.32763314130136467,-2.000000000000668e-05,1.2791604144906923,0.09045030033117633,0.032774999999999804,9.09521332873369,0.6431287021085864,-0.032829999999998805,7.94669557181474,0.5619162326855311,0.0,0.10959356415081403,0.007749435238544352,-7.499999999822648e-05,12.999608962479538,0.91921116501427
R:A:PRO:362,0.0,3.451082352074491,0.24402837335850927,-2.4999999999990586e-05,1.0829530601900528,0.07657634525671096,0.002675000000000338,2.1292804268285095,0.15056286288582252,-0.0026950000000000064,1.1126651880395109,0.07867730996529432,0.0,0.06638279459621445,0.004693972421309694,-4.499999999982407e-05,4.34269759061616,0.3070750914967168
R:A:HIS:363,0.0,3.5619946540105873,0.2518710574401116,-2.4999999999995027e-05,1.182892717821443,0.08364314621877275,0.0015249999999996078,5.422042925980484,0.38339633208453494,-0.0014649999999999824,3.7078843884046604,0.262187019489667,0.0,0.11652082460227968,0.008239266522572026,3.499999999964143e-05,7.5662126806342815,0.5350120294376146
R:A:GLU:364,0.0,4.015538090212818,0.2839414213702362,-1.9999999999997796e-05,1.110214880102046,0.07850404702943664,0.04514499999999996,10.08803937367787,0.7133321050004513,-0.04517500000000076,9.67495826766581,0.6841228598763346,0.0,0.13243578133847558,0.00936462390561749,-5.000000000094928e-05,14.585884215777892,1.0313777638578374
R:A:CYS:365,0.0,3.535609183655625,0.2500053229388326,-3.0000000000005578e-05,1.0490647765986616,0.07418008174368641,0.0035849999999996384,2.860084689108873,0.20223852784367027,-0.003529999999999992,2.535143553400872,0.17926171978911168,0.0,0.1191852167639593,0.00842766749909842,2.4999999999565368e-05,5.312467560952261,0.37564818371829023
R:A:TYR:366,0.0,4.407510861676918,0.31165808184451116,-0.00010500000000002174,1.519856245299206,0.10747006574797932,0.0036599999999999255,2.2128186204476856,0.15646990520544196,-0.003615000000000035,1.2324019805952116,0.0871439797626606,0.0,0.03794816032047762,0.0026833401496163993,-6.000000000010442e-05,5.30593403217772,0.37518619346813464
R:A:ALA:367,0.0,2.945881633603088,0.2083052879693648,-1.5000000000000568e-05,0.8747212603881307,0.0618521334868491,0.002420000000000115,3.1198007573160815,0.22060322714491276,-0.0024050000000000304,2.0039563225467267,0.14170111048744466,0.0,0.1074665264772878,0.007599030962265386,-2.2204460492503132e-17,4.817042935755617,0.34061637251395516
R:A:LYS:368,0.0,4.315961245516461,0.3051845464043027,-6.0000000000004494e-05,1.650353578524917,0.11669762067304541,-0.07121500000000068,16.63516833511988,1.1762840335942997,0.071125,15.382957555020912,1.087739360186012,0.0,0.22919534995056712,0.016206558616646983,-0.00015000000000055635,23.125049785735357,1.6351879518769987
R:A:VAL:369,0.0,4.709294273561591,0.33299739154383773,-0.00015000000000002346,1.418442640468764,0.10029904097996149,0.007000000000000064,3.761968719061869,0.26601135918603175,-0.006230000000000005,0.9691970498820144,0.06853258062775688,0.0,0.0299304996539308,0.002116405926959608,0.0006200000000000872,6.267541741289764,0.44318212666357343
R:A:PHE:370,0.0,4.612553157959266,0.3261567616576422,-0.00027499999999996305,1.3802229805995117,0.09759650291314233,0.0075699999999999075,2.6092376667045873,0.18450096478541783,-0.007734999999999996,1.7270827811008365,0.12212319461869231,0.0,0.133221836572536,0.00942020640425662,-0.00043999999999979944,5.743635286387861,0.40613634596671944
R:A:ASP:371,0.0,10.16257625112845,0.7186026581498288,-0.00011499999999998511,1.146189558875407,0.08104784096060177,0.12355000000000015,20.413919156798382,1.4434820666366104,-0.12332000000000008,15.321244085868159,1.0833755589331662,0.0,0.135853250730551,0.00960627548378089,0.00011500000000033594,27.49688670285527,1.944323504910717
R:A:GLU:372,0.0,4.186023065625653,0.2959965295907199,-0.00023499999999998522,1.2072637660739263,0.0853664395671683,0.11223999999999988,16.90156198258611,1.1951209090531385,-0.11124499999999948,16.519363555533097,1.1680953991003369,0.0,0.1495081896198894,0.010571825472314798,0.0007600000000001827,24.032369781955822,1.6993451640803632
R:A:PHE:373,0.0,4.020035478848414,0.2842594347704223,-0.0005900000000000549,1.2949581073339786,0.09156736590483533,0.013009999999999664,2.2618591634980283,0.15993759525983878,-0.013795000000000002,1.0711545238549853,0.07574206275165075,0.0,0.03952118434354922,0.0027945697449847265,-0.0013750000000004902,4.909434037079724,0.3471494099407121
R:A:LYS:374,0.0,4.633745799911774,0.32765530774122986,-0.00039499999999999426,1.1940653683425375,0.0844331719135021,-0.15340500000000076,15.175193711942363,1.07304823795339,0.15412000000000037,13.627352071257278,0.9635993059202564,0.0,0.1247010858451003,0.008817698342239621,0.00031999999999984927,20.950039887118617,1.4813915270310227
R:A:PRO:375,0.0,3.807479960492241,0.26922948992959517,-0.00040499999999999537,0.9699460291041971,0.06858554145645422,0.01788499999999999,1.9818488423123999,0.14013787556858065,-0.017025000000000005,1.1948436913985863,0.08448820766459068,0.0,0.07338625486279805,0.005189191845936875,0.0004549999999997389,4.560532948239469,0.3224783773524807
R:A:LEU:376,0.0,5.076333571368218,0.35895098918793916,-0.0009800000000000342,1.2800501781375604,0.0905132161220117,0.019769999999999968,3.5737436299068803,0.25270183549293823,-0.010209999999999999,0.7896562983349148,0.05583713233592857,0.0,0.07248347105734934,0.005125355390859057,0.008579999999999812,6.388125346431965,0.4517086751531706
R:A:VAL:377,0.0,3.86642949227708,0.2733978512968783,-0.0016000000000000502,1.160660579820819,0.08207109666472112,0.028149999999999977,2.984756288300604,0.21105414116465468,-0.020684999999999995,1.46871496954821,0.1038538314597733,0.0,0.0803227522124485,0.005679676277298909,0.0058650000000000715,5.2315156032595365,0.369924015894805
R:A:GLU:378,0.0,4.426552893477045,0.31300455682585515,-0.0010149999999999348,1.160377402862965,0.08205107303000368,0.33295500000000017,13.154575549536936,0.9301689574708322,-0.33278500000000055,12.714967418038277,0.8990839683860873,0.0,0.1224989604554946,0.008661984562638296,-0.0008450000000014768,18.859191567015475,1.3335462244732794
R:A:GLU:379,0.0,3.772064376863152,0.26672522999521436,-0.001655000000000002,1.8947939228778943,0.13398216318180192,0.4056599999999991,11.085248840752291,0.783845462643626,-0.39763499999999996,9.799675928227167,0.6929417302280004,0.0,0.06621074319647555,0.004681806550162892,0.006369999999999578,15.386340945642814,1.087978602031227
R:A:PRO:380,0.0,3.5890425174341423,0.25378363020445194,-0.004384999999999919,1.0396992559750151,0.07351783942945413,0.052059999999999815,1.7487767199245303,0.12365718774398031,-0.04297500000000001,0.6909719047653095,0.048859091946893564,0.0,0.00506533900875351,0.0003581735562098352,0.004700000000000104,4.1830477623150895,0.2957861438760213
R:A:GLN:381,0.0,4.268390317198042,0.3018207738041734,-0.0038350000000000506,1.4097193642264407,0.09968221220145047,0.0792600000000001,4.8492395568532185,0.3428930174248959,-0.062485,4.657596369735681,0.3293417977069946,0.0,0.19778813851454619,0.013985733398189976,0.012940000000000076,8.090359260050635,0.5720747895017182
R:A:ASN:382,0.0,10.119474306741433,0.7155548904339903,-0.0013800000000000123,1.1565082321367195,0.08177748134419402,0.023704999999999147,9.594257575699903,0.6784164592227807,-0.012915000000000015,4.271688696262288,0.3020540044244986,0.0,0.15263253141621824,0.010792749799407668,0.009409999999999315,14.63084655691859,1.0345570814896985
R:A:LEU:383,0.0,4.465863927147804,0.31578426667425974,-0.005035000000000003,1.5099780610575109,0.10677157264166806,0.00262999999999991,2.295077545421941,0.1622864895716831,0.022120000000000008,0.9091470743504596,0.06428640613691203,0.0,0.09670452756426248,0.00683804272121314,0.019714999999999802,5.322335527625672,0.3763459543334194
R:A:ILE:384,0.0,4.977914867487189,0.35199173589695254,-0.015815000000000003,1.534217678452116,0.10848557242497733,-0.0027650000000000573,2.4550377170371536,0.17359738177857117,0.012565,1.0808545537097025,0.076427958440449,0.0,0.02429832251575306,0.001718150862234676,-0.0060149999999998035,5.859138800169532,0.4143036777513088
R:A:LYS:385,0.0,4.554226353350259,0.32203243375124496,-0.0027400000000000245,1.290300365418843,0.09123801381551441,-0.4788550000000021,15.045400408210313,1.063870465431236,0.4876499999999999,13.696120621750891,0.9684619767588968,0.0,0.2037119086712566,0.014404607202990019,0.006054999999997284,20.890072876397763,1.4771512190382023
R:A:GLN:386,0.0,4.415814088024994,0.3122452086101563,-0.0018300000000000115,1.1631531408632312,0.08224734734628222,-0.007645000000000337,4.285954062805038,0.3030627181663476,0.025339999999999984,3.360109026862075,0.23759558784203041,0.0,0.16386913483716342,0.011587297647053097,0.01586499999999962,7.1090735882622065,0.5026874142214388
R:A:ASN:387,0.0,4.394595184536341,0.31074480555553935,-0.006229999999999931,1.3333544773615154,0.09428239926677724,-0.01229499999999966,3.2716219350919813,0.23133860557821948,0.06832500000000002,1.5949400545396684,0.11277929281510414,0.0,0.06685413604838186,0.004727301295017883,0.049800000000000254,5.860214529990071,0.41437974333639155
R:A:CYS:388,0.0,3.2513838899690075,0.22990755968377807,-0.006234999999999995,0.9636445526619241,0.06813995978407236,0.016044999999999802,2.809530048099682,0.19866377489586523,-0.018475000000000005,1.8088345137339128,0.1279039150705521,0.0,0.0586416372633204,0.004146589936877558,-0.008665000000000202,4.761185593389101,0.33666666195731293
R:A:GLU:389,0.0,4.220453676063746,0.2984311414028368,-0.001639999999999966,1.4905857188367264,0.10540032697292737,0.4313900000000004,12.520760996580837,0.8853515006298344,-0.4247399999999999,12.307804287725329,0.8702931873367445,0.0,0.18059950412748613,0.012770313404747331,0.005010000000000403,18.119552795705005,1.2812458653910674
R:A:LEU:390,0.0,5.04775106192847,0.35692990056312174,-0.002080000000000002,1.4507602961033914,0.10258424432509117,-0.033259999999999935,3.156501653753725,0.22319837241958104,0.043324999999999995,1.1292730538603142,0.07985166341958694,0.0,0.13047008743810287,0.009225628356948432,0.007985000000000464,6.232196962868802,0.44068287341347356
R:A:PHE:391,0.0,4.225937086605763,0.2988188770806657,-0.01818999999999999,1.1825974445685228,0.08362226724682846,-0.031100000000000492,2.573346671738964,0.18196308819304538,0.03811000000000001,1.630077549734981,0.11526388892775567,0.0,0.12786347258053019,0.009041312852775308,-0.011180000000000136,5.343472275082033,0.3778405480792814
R:A:GLU:392,0.0,4.262517748226979,0.30140552046993097,-0.0031099999999999774,1.1035343254742918,0.07803166048149943,0.5825550000000002,18.78504535499915,1.3283032955416754,-0.5549600000000002,19.140455860752116,1.3534346134139617,0.0,0.2232441744667399,0.015785746962582448,0.024484999999999493,27.17851473259086,1.9218112069993483
R:A:GLN:393,0.0,4.2886045193978894,0.3032501337493522,-0.0010800000000000076,1.2006661495186746,0.0848999176265796,-0.03183000000000007,5.556276240644448,0.3928880607905386,0.03826000000000008,4.249021508788818,0.3004511922272069,0.0,0.12431734886404565,0.008790564040090041,0.005349999999999824,8.293103892640474,0.5864109999570633
R:A:LEU:394,0.0,4.016580650248417,0.2840151414973328,-0.0017049999999999964,1.4065090467803611,0.09945520847786203,-0.03187999999999946,2.407244499495222,0.1702178909567088,0.03826,1.8100029559091886,0.1279865364091083,0.0,0.11347872469255321,0.008024157575050568,0.004675000000000335,5.214882742721341,0.36874789504709615
R:A:GLY:395,0.0,2.8094597691015264,0.19865880542024814,-0.0021249999999999923,0.7709121814934564,0.05451172312333375,-0.012190000000000296,2.2533512014220065,0.15933599149203548,0.021150000000000013,1.2784346842721375,0.09039898345529113,0.0,0.03769089440267333,0.0026651487021116397,0.006835000000000316,3.8988174191921163,0.275688023571898
R:A:GLU:396,0.0,3.9408746843752853,0.2786619213128159,-0.038030000000000015,2.025132349625574,0.14319848172204896,0.3039349999999995,22.264715447824052,1.5743531274345266,-0.21918499999999994,19.65935059780396,1.3901260121430987,-7.729199999999991e-05,0.12650173175880386,0.008945023235849186,0.046642708000000116,30.030905362634968,2.123505682709064
R:A:TYR:397,0.0,4.263360180679085,0.30146508943988853,-0.0040400000000000704,1.4742363189801018,0.1042442498222324,0.009015000000000271,2.589263413574409,0.18308857180166926,-0.008360000000000012,1.2899461884706662,0.09121296972333483,0.0,0.13519006542390474,0.009559381201029605,-0.003385000000000469,5.360609601735079,0.3790523400680592
R:A:LYS:398,0.0,4.800566856111891,0.3394513377496103,-0.0016499999999999826,0.9251140291607299,0.06541544033903615,-0.1894449999999996,10.10094342625851,0.7142445593089072,0.19836999999999988,9.877270049793616,0.6984284631819854,0.0,0.08093249555154883,0.005722791642285027,0.007275000000000551,14.94982775528906,1.0571124583335756
R:A:PHE:399,0.0,4.68330882814704,0.3311599430773595,-0.00855999999999999,1.5987164635262874,0.11304632525540136,-0.024144999999999542,2.113442988437351,0.1494429868775213,0.023885000000000003,0.829559650221128,0.058658725407010004,0.0,0.02879064076074723,0.0020358057316630187,-0.008819999999999549,5.44471443605589,0.3849994499359409
R:A:GLN:400,0.0,3.960837431093329,0.28007350067035974,-0.011739999999999978,1.4633160916732926,0.10347207314415807,-0.044789999999999705,3.213542272306372,0.22723175323774625,0.104725,2.0271453239407875,0.14334082050091312,0.0,0.0366020216970969,0.002588153774715436,0.04819499999999973,5.680408343417515,0.40166552595391675
R:A:ASN:401,0.0,4.180486021259968,0.29560500142884927,-0.0014400000000000769,1.0861996276007464,0.07680591223987904,-0.011299999999999527,3.184638298143134,0.2251879336243396,0.013445000000000016,1.4373074023934476,0.10163298108820285,0.0,0.054565837792670234,0.0038583873924322317,0.0007050000000006662,5.555811740383129,0.3928552156620745
R:A:ALA:402,0.0,3.1763412875823036,0.22460124638122564,-0.000849999999999973,0.7794637879337308,0.05511641301372941,-0.019325000000000613,2.3338341615622564,0.1650269961805492,0.028020000000000003,1.0878104366110855,0.07691981363731976,0.0,0.07586144955318878,0.005364214540970098,0.007844999999998709,4.16324106569669,0.29438559892684385
R:A:LEU:403,0.0,5.147073919767424,0.3639530871935969,-0.0039549999999999,1.5044710387292273,0.10638216735842056,-0.02484000000000094,3.1961228134647772,0.2260000114905971,0.03949999999999999,0.8392454961451983,0.05934361814045382,0.0,0.06976373978344086,0.004933041348180476,0.010704999999999546,6.299222496694617,0.44542229436156183
R:A:LEU:404,0.0,6.742565256632671,0.47677136155577754,-0.00190500000000001,1.7046564062517116,0.12053741044536755,-0.004219999999999189,6.6844598162117785,0.47266268646123316,0.006975000000000002,1.0519593704963135,0.0743847604410675,0.0,0.002114282391212678,0.00014950234161697934,0.000850000000000648,9.703435769109827,0.6861365233145661
R:A:VAL:405,0.0,4.351615409931121,0.30770567654781733,-0.0005600000000000049,1.2749043020556485,0.09014934773474516,-0.011814999999999713,3.7397175661238107,0.2644379650728597,0.01378,1.178345511533014,0.08332161017857252,0.0,0.07268103991958816,0.005139325619083095,0.0014050000000005163,5.995098481913269,0.4239174790442049
R:A:ARG:406,0.0,6.032609969320908,0.4265699417560384,-0.0010999999999999899,1.8853525120783117,0.13331455462176664,-0.31060499999999996,14.019515281919523,0.9913294324793727,0.32291,11.132213876111974,0.7871663921417758,0.0,0.21161639935951845,0.014963539099739607,0.011205000000000923,18.985908278528655,1.3425064490733423
R:A:TYR:407,0.0,4.821641814963032,0.34094156238129725,-0.0028300000000000035,1.3571213392692636,0.09596297018902655,-0.02081499999999977,3.067360261099925,0.2168951240965896,0.017444999999999985,1.1223255755238761,0.07936040251520275,0.0,0.059372219755877344,0.004198249920347877,-0.0062000000000007474,5.980120972909222,0.4228584092260005
R:A:THR:408,0.0,4.191563480081149,0.29638829605392647,-0.0004699999999999882,1.2602270423618118,0.08911150874887036,-0.0123449999999999,2.8537452181081266,0.20179025955029395,0.015489999999999988,1.1536055212679939,0.08157222869028403,0.0,0.0014538235997424173,0.00010280085260269003,0.002674999999999805,5.350892092728843,0.37836520841660415
R:A:LYS:409,0.0,5.205863987293559,0.3681101727350114,-0.0003549999999999409,1.4811483390852518,0.10473300345103734,-0.14649499999999946,11.608953340115336,0.8208769629273774,0.14720000000000005,11.612440276769995,0.8211235265827852,0.0,0.1005442081414203,0.007109549138582997,0.0003500000000002301,17.2893463216193,1.2225414026299697
R:A:LYS:410,0.0,4.770841688166775,0.3373494509670203,-0.0007949999999999857,1.7073989565637553,0.12073133803770668,-0.26069500000000007,10.032823864604374,0.7094277789111977,0.280825,9.68910238563795,0.685123000049535,0.0,0.09129878350686678,0.006455798893178802,0.019334999999999623,14.839836145181822,1.0493348769955302
R:A:VAL:411,0.0,4.1517851520460445,0.29357554350413795,-0.0006199999999999584,1.4313022601812657,0.10120835341018052,-0.004670000000000165,2.109133652178069,0.14913827078838615,0.007864999999999997,0.7266526762319122,0.051382103493093786,0.0,0.010972856943631771,0.0007758981553831919,0.0025750000000000182,4.925701512167023,0.3482996941354133
R:A:PRO:412,0.0,3.748276058076567,0.26504314184251215,-0.00018500000000000406,0.9651706360923958,0.06824787017830666,-0.005094999999999636,2.7340266083516815,0.1933248754709931,0.002269999999999997,1.8151538876222038,0.12835076228347847,0.0,0.021657300555901975,0.001531402408527347,-0.0030099999999994866,5.0745720936762115,0.3588264339058465
R:A:GLN:413,0.0,4.085503836976536,0.2888887467689768,-0.00023999999999994913,1.8550576748850696,0.13117238614033824,-0.0032400000000001937,2.918670798488586,0.20638119136624344,0.004185000000000003,1.4207184803383814,0.10045996716043162,0.0,0.08765129065005552,0.006197882199840728,0.0007049999999997781,5.538713168072311,0.39164616401911573
R:A:VAL:414,0.0,4.904197356530425,0.3467791207079804,-0.0006900000000000439,1.1727021369043376,0.08292256333170121,0.005090000000000323,4.425610141093542,0.3129378941655197,0.0005549999999999895,2.260337717903013,0.1598300128100946,0.0,0.01754681583414518,0.0012407472464555543,0.004955000000000007,7.07967807349818,0.5006088374388276
R:A:SER:415,0.0,7.820119715400782,0.5529659680450507,-0.0004499999999999837,0.9703304920232074,0.06861272709016891,0.003685000000000045,7.427933710950509,0.5252342297217261,-0.005879999999999985,1.6807707436768407,0.11884843904738504,0.0,0.08705650651107769,0.006155824610039386,-0.002644999999999904,10.959132354769283,0.7749276803978257
R:A:THR:416,0.0,4.298369691167804,0.303940635667148,-0.0006199999999999917,1.5214314135050584,0.1075814469599661,0.0067150000000003015,4.908367640445753,0.34707400431158053,-0.003320000000000002,1.779760440003092,0.125848067601374,0.0,0.05176077632692739,0.0036600395940250474,0.0027750000000000517,6.932029633771842,0.4901685161426169
R:A:PRO:417,0.0,3.8530326211699797,0.27245054945622704,-0.0012199999999999566,0.9306238207514355,0.06580504143870741,-0.005195000000000434,2.535415118077314,0.17928092231153597,0.009505000000000019,1.4900581733190823,0.1053630238716363,0.0,0.10105782143311519,0.007145867082729497,0.00309000000000049,4.9366726587523315,0.3490754713501997
R:A:THR:418,0.0,5.367057693354898,0.3795082889990678,-0.0022099999999999876,1.1200058454758173,0.07919637283045229,-0.0037450000000002247,4.524104726559168,0.3199025130948099,0.016890000000000016,1.6781525270219033,0.11866330317225288,0.0,0.07614874687663119,0.005384529529532384,0.010934999999999447,7.304056372330097,0.5164747791043426
R:A:LEU:419,0.0,4.322190320745952,0.3056250085378322,-0.0017149999999999555,1.6579069610732082,0.1172317254751247,0.01611499999999985,2.1963827848931525,0.15530771612793423,-0.017509999999999998,0.7727027799548801,0.05463833755477924,0.0,0.002269998888288715,0.00016051316071948743,-0.003109999999999975,5.181810179574794,0.36640931167988183
R:A:VAL:420,0.0,4.434531391612873,0.3135687218394079,-0.0029699999999999436,1.4001177181758684,0.0990032732981592,0.028684999999999974,2.7283111680809067,0.19292073281369995,-0.022884999999999992,1.310143195332098,0.0926411137744738,0.0,0.030647320635121888,0.0021670928246293095,0.0028299999999999324,5.548557881861026,0.3923422904069998
R:A:GLU:421,0.0,4.406278100795501,0.31157091248662805,-0.014800000000000021,1.854966184381807,0.13116591678481113,-0.37209000000000075,15.278696851888252,1.0803670151663738,0.39203000000000016,13.88256859176644,0.9816458391525429,0.0,0.11492293785558126,0.008126278867156169,0.005139999999998785,21.19041485496203,1.49838860400998
R:A:VAL:422,0.0,4.601401470199052,0.3253682182539499,-0.009735000000000023,1.2040088889102936,0.08513628499573492,0.055095000000000026,3.02611871272014,0.21397890624399168,-0.04938999999999998,0.7920089099877602,0.056003487101251116,0.0,0.005246649886528354,0.0003709941713275829,-0.004030000000000209,5.692735107032035,0.4025371597681078
R:A:SER:423,0.0,3.7719071036015723,0.2667141090962381,-0.005044999999999975,1.3355773644289572,0.09443958111869724,0.06968500000000005,2.732316363321605,0.19320394288516735,-0.054969999999999984,0.8351054114900706,0.059050869947021106,0.0,0.0012930624949351829,9.143332586666635e-05,0.009669999999999936,4.916706776304706,0.34766367026309075
R:A:ARG:424,0.0,5.483031135621974,0.3877088497455274,-0.02545,1.7248309565722668,0.12196396657927293,0.24007000000000006,16.509611305955996,1.1674058109195578,-0.10619500000000004,15.521005586961016,1.0975008301374425,0.0,0.14034719471819304,0.00992404531057431,0.10842500000000044,23.377922266579642,1.6530687364750447
R:A:ASN:425,0.0,4.505566104364689,0.3185916345480528,-0.11674000000000002,1.0299357532147333,0.07282745552846125,0.12895500000000004,4.59331653431102,0.3247965269547613,0.15507,3.2704028767569295,0.23125240513668177,-0.004274244,0.11168786610673294,0.007897524750032602,0.1630107560000004,7.291601985617459,0.51559412097434
R:A:LEU:426,0.0,4.343610383908761,0.30713963572941877,-0.023044999999999986,1.3215623873563442,0.09344857258607538,0.13700999999999985,2.1397024086306953,0.15129980828639536,-0.11415499999999998,0.9540943008293258,0.06746465500078541,0.0,0.060958824946785194,0.0043104398493035495,-0.0001900000000001123,5.109385151032255,0.361288088798876
R:A:GLY:427,0.0,2.7547068177847893,0.19478718710364396,-0.014079999999999997,0.8180045810385173,0.05784165862939963,0.02782499999999992,2.6844705333780445,0.18982073180470835,0.03404,1.0318262698487572,0.07296113524164767,0.0,0.0007772468781539106,5.495965381987044e-05,0.04778499999999949,4.065536772234107,0.2874768620810005
R:A:LYS:428,0.0,5.249703699048166,0.37121010848170605,-0.6868950000000001,1.676502321046708,0.11854661598871136,0.29901999999999956,25.09826149877716,1.774715090177857,0.5598200000000001,23.25817651606742,1.6446014332544983,-0.136737396,0.18720527798272266,0.013237412153549587,0.03520760399999908,34.65935082903212,2.45078620027322
R:A:VAL:429,0.0,4.319687271730444,0.30544801624458134,-0.10523499999999984,1.2474011996446852,0.08820458471289913,0.20654500000000012,3.129391978272297,0.2212814288827126,-0.19043500000000002,0.7197707379957871,0.05089547697364668,0.0,0.015171443689954886,0.0010727830713556956,-0.08912499999999986,5.525133674408126,0.3906859488136132
R:A:GLY:430,0.0,3.007290524699933,0.2126475523013373,-0.03386000000000002,0.8412385997741664,0.05948455184961891,0.17309999999999995,2.5885175374719798,0.183035830396674,-0.14013,1.1917849372894422,0.08427192108733489,0.0,0.009794727657606821,0.0006925918346569212,-0.0008900000000009295,4.227570105502673,0.2989343489542468
R:A:SER:431,0.0,6.826705117664744,0.48272094818616484,-0.33075000000000004,1.3203522706838506,0.09336300441556067,0.03997500000000045,7.718953346514992,0.5458124254983345,0.42246500000000003,2.790950017158136,0.1973499683085229,-0.052283159999999995,0.10821415947759383,0.007651896598700909,0.07940684000000026,10.757815110444659,0.7606924015346526
R:A:LYS:432,0.0,5.141959404721122,0.3635914363664249,-1.9205200000000002,1.559845906043286,0.11029776177692818,-23.746190000000002,15.809156305418387,1.1178761628399407,25.44669,16.943713982452312,1.1981015055477353,-0.614208924,0.11876612037995314,0.008398032909588269,-0.8342289239999994,23.78877545755666,1.682120444216243
R:A:CYS:433,0.0,3.1453306630305184,0.22240846409028592,-0.2668349999999999,1.1718233574541004,0.0828604242408582,0.25429000000000007,2.163550760474549,0.15298614141728653,-0.24893500000000002,0.9001567971053709,0.0636506975364371,-0.000159048,0.0020354089215879937,0.0001439251450942468,-0.26163904800000004,4.093594173374967,0.28946081994191786
R:A:CYS:434,0.0,3.17787268208624,0.22470953232506619,-0.028889999999999937,1.0714835703360086,0.07576532985145647,-0.06380999999999894,3.26473809067435,0.23085184427138547,0.0898,1.8634621004463707,0.1317666687709756,0.0,0.07090975869175448,0.005014077122324131,-0.002899999999998777,5.038153016674634,0.3562512162746095
R:A:LYS:435,0.0,4.586250594352646,0.32429688954875896,-0.13233499999999998,1.4177584426745622,0.1002506608899662,-1.0375349999999997,13.522007209851465,0.9561502993339357,1.408785,12.42680973823833,0.8787081434423348,-0.034393643999999994,0.2646549198833856,0.01871392885239244,0.20452135600000138,18.983784000989992,1.342356239968071
R:A:HIS:436,0.0,4.7669300019981415,0.3370728529854488,-0.44823,1.5946970325111915,0.11276210856267277,-0.8302350000000004,4.828742077795728,0.34144362678101786,1.2994799999999997,2.395773586203421,0.16940677489920528,-0.145450944,0.15214328630163182,0.010758154945589023,-0.12443594400000028,7.371994911775352,0.5212787592989075
R:A:PRO:437,0.0,3.4969885209705796,0.2472744296909812,-0.018240000000000044,0.9919236283101639,0.07013959239972814,0.11106000000000041,2.1752067047524477,0.15381034114129,-0.132665,1.5205938561545618,0.10752222271174922,0.0,0.08589348111192868,0.006073586295396341,-0.03984500000000006,4.501549596980191,0.31830762458722633
R:A:GLU:438,0.0,3.9333581791581103,0.2781304241318271,-0.005380000000000001,1.1799558016086873,0.08343547488179114,0.6254050000000003,16.82901074561054,1.1899907618882488,-0.5980949999999997,16.60845865843291,1.1743953742434339,0.0,0.21700889513156058,0.015344846132532683,0.021930000000001008,23.99931659036599,1.6970079504890603
R:A:ALA:439,0.0,3.260447150438112,0.23054842897751443,-0.006544999999999995,0.6348878234578137,0.04489334852597877,-0.018474999999999894,2.3375928309213734,0.16529277423975616,0.05162000000000003,1.5395873730808527,0.1088652671734654,0.0,0.09996739363928764,0.007068762193988522,0.026599999999999895,4.34491210169907,0.3072316810770907
R:A:LYS:440,0.0,4.229982987903144,0.29910496550500465,-0.10984000000000002,1.3090395533367203,0.09256307450058042,-1.217425000000001,20.544764322794627,1.4527342170527529,1.4889350000000001,19.30969478453181,1.3654016124784953,-0.018956519999999998,0.20458056076528983,0.014466030181608297,0.14271347999999912,28.54119562294024,2.0181672968152853
R:A:ARG:441,0.0,5.659166533881114,0.40016350319713057,-0.043779999999999875,1.4740338350933468,0.10422993204929186,-0.8421549999999999,11.51707283457368,0.8143800300746422,0.9002549999999999,10.4506479062006,0.7389724002267439,0.0,0.1520542861120468,0.010751861681830776,0.0143200000000013,16.61568748043171,1.1749065291489682
R:A:MET:442,0.0,4.016035708406987,0.28397660829019006,-0.039290000000000005,1.46468677987821,0.10356899543661703,0.11411999999999935,2.2264539286385427,0.1574340670939743,-0.12746,1.2991495996035254,0.09186374916554409,0.0,0.07015613111828925,0.004960787605555489,-0.05263000000000119,4.992360046669661,0.3530131643124906
R:A:PRO:443,0.0,3.7453367283530064,0.2648352998445449,-0.2830599999999999,1.0591280707025001,0.07489166409387629,-0.08455500000000025,2.1487185013805323,0.15193734231871703,0.46626499999999993,1.4712034460179189,0.10402979331842872,-0.036866016,0.08671504804557548,0.00613167985039437,0.06178398399999906,4.683828536166493,0.3311966919838387
R:A:CYS:444,0.0,3.7439843474833063,0.2647396720761737,-1.2022199999999998,1.2879592757537017,0.0910724737777557,0.9506150000000008,3.140129115271377,0.22204065912097046,-0.67747,2.449974798921409,0.17323937940534764,-0.142109352,0.05526320654676433,0.003907698809932986,-1.0711843519999993,5.616235330550424,0.3971278086971676
R:A:ALA:445,0.0,3.089829970435267,0.2184839724808207,-0.17807000000000003,1.3014893844169457,0.09202919693635277,0.15349999999999972,1.8295851204439768,0.12937120454239423,-0.152755,0.9604511238865827,0.06791415026984435,-6.8039999999999996e-06,0.0035931163097433962,0.0002540716908211539,-0.17733180399999993,3.938373375996722,0.27848505210118385
R:A:GLU:446,0.0,4.398640584174843,0.3110308585072388,-0.09101000000000001,1.9974482544361445,0.141240920578103,0.6316400000000002,8.170068293778211,0.5777110693287779,-0.70864,6.604758041983825,0.46702691995831463,0.0,0.00938168150372885,0.0006633850610219075,-0.16801000000000016,11.563337375169759,0.817651427113039
R:A:ASP:447,0.0,15.915776162397798,1.125415325227869,-0.865305,1.2694773453965218,0.08976560394925776,-0.7245350000000008,9.393905381249855,0.6642494196906572,1.823975,15.43426768098101,1.0913675339870041,-0.166985064,0.16825980234848822,0.01189776472417242,0.06714993599999815,24.112525626801546,1.705013038224578
R:A:TYR:448,0.0,4.464695466859973,0.31570164405495255,-2.39429,1.2741076718629396,0.09009301747360891,-0.06147500000000079,2.2188047882080575,0.15689319118710987,0.5077750000000001,1.3934780988142585,0.09853378131065,-0.23151589199999997,0.0580828110317364,0.004107074955091762,-2.1795058920000008,5.331519997551106,0.3769953944300072
R:A:LEU:449,0.0,4.589168111019687,0.3245031891307079,-0.08791,1.2633107079020585,0.08932955683031232,-0.06983500000000042,1.9567493943719516,0.1383630765843077,0.08330000000000001,0.7793768152825691,0.05511026311858798,0.0,0.03330624699632716,0.002355107310697701,-0.0744450000000005,5.205172774708249,0.36806129662438
R:A:SER:450,0.0,7.730120688786172,0.5466020758431128,-0.05255000000000003,1.0766607972337434,0.07613141507616944,-0.01036500000000025,9.177274271801787,0.6489312870399878,0.07526,3.2127518897278704,0.2271758647496472,0.0,0.052078172056816585,0.003682482861317478,0.012344999999999478,12.468392608364955,0.8816484963871084
R:A:VAL:451,0.0,3.965341918265057,0.2803920160128494,-0.5359249999999999,1.072097474288136,0.07580873941621112,-0.08089999999999996,2.0890484635833606,0.14771803348271326,0.20110000000000003,0.7789554504270446,0.05508046812391848,-0.070914924,0.06348925933456234,0.004489368580798034,-0.4866399240000001,4.674211750244726,0.3305166825299886
R:A:VAL:452,0.0,4.125718298648128,0.29173233862395165,-0.10008499999999998,1.1708870384776662,0.08279421649109917,-0.14652999999999988,2.297776163935469,0.16247731071675822,0.171215,0.8470650279494486,0.05989654253690275,0.0,0.02525682208174322,0.0017859270165222765,-0.07539999999999983,4.938669892274808,0.34921669708693526
R:A:LEU:453,0.0,4.256896626505042,0.3010080471411853,-0.01407500000000006,1.144853940061788,0.08095339844858275,-0.038455000000000406,2.1413454545857378,0.15141598918005653,0.059704999999999994,0.6373122134205494,0.04506477878426787,0.0,0.015569228525109134,0.0011009107067947697,0.007174999999999527,4.942026815685228,0.3494540674176785
R:A:ASN:454,0.0,4.323986404326452,0.3057520108257671,-0.014845000000000042,1.1665291295012739,0.0824860657921991,0.023945000000000362,3.0457134166521644,0.2153644610465594,0.06804500000000002,2.0992930680290924,0.14844243641012833,0.0,0.018923773069667898,0.0013381128263197537,0.07714500000000023,5.808735520387565,0.41073962765852157
R:A:GLN:455,0.0,3.781477437292202,0.26739083388132434,-0.012709999999999999,1.5608461204583877,0.11036848761648407,0.005965000000000344,4.417586639090964,0.312370546898031,0.055450000000000006,2.6651747999990545,0.1884563174126832,0.0,0.055144146517021084,0.0038992799944930143,0.04870500000000053,6.584609443681538,0.46560219890921956
R:A:LEU:456,0.0,6.785146057289409,0.47978227884505076,-0.003014999999999941,1.2507910430103824,0.0884442828360036,-0.019275000000000445,5.411491115309624,0.3826502063966188,0.03501500000000001,0.8264764936614957,0.058440713315932424,0.0,0.0068441629668499265,0.0004839554045405423,0.012724999999999488,8.80738505915585,0.6227761699850183
R:A:CYS:457,0.0,3.2544186334198,0.23012214845109974,-0.002104999999999921,0.7833037767526722,0.0553879412270848,0.012769999999999726,2.077826377515696,0.14692451216696278,0.00543500000000001,1.075441757081712,0.07604521592036544,0.0,0.02918485666197948,0.002063681005364308,0.01609999999999929,4.084065943647137,0.2887870723565927
R:A:VAL:458,0.0,4.059967550061207,0.2870830586045613,-0.0028299999999999814,1.1357068402981465,0.08030660082147667,0.008699999999999904,2.750305124336207,0.19447594037502428,0.007599999999999996,1.262097315106882,0.08924375700294111,0.0,0.022697285070421968,0.0016049404187819557,0.01347000000000026,5.1894845226813775,0.36695196968506355
R:A:LEU:459,0.0,4.990397637283026,0.35287440101401524,-0.0012699999999999712,1.497859530713745,0.10591466314325888,-0.005204999999999948,3.571410762034381,0.2525368768237126,0.009069999999999962,0.9063932693649043,0.06409168271897688,0.0,0.0959064400774857,0.006781609413825141,0.0025950000000002096,6.382270237707218,0.4512946564447852
R:A:HIS:460,0.0,3.4315560097352336,0.2426476524505234,-0.0006600000000000162,1.3940309257688654,0.09857287207949254,0.0017500000000001137,2.5410174698927204,0.17967706840746264,-0.0024100000000000545,1.8360249398905233,0.12982656854242122,0.0,0.07295877831121703,0.005158964689094756,-0.0013200000000001789,4.853038142801132,0.3431616180131649
R:A:GLU:461,0.0,4.108191785299221,0.2904930269799948,-0.000824999999999989,1.676035666438814,0.11851361852493998,-0.21214000000000025,15.347177752243244,1.0852093460686514,0.21223,13.87686732051222,0.9812426983960186,0.0,0.18153756286413136,0.012836644174130645,-0.000735000000000241,21.161819458089035,1.4963666041060186
R:A:LYS:462,0.0,5.139842864816007,0.36344177439446895,-0.0006250000000000178,1.3562656635316694,0.09590246477737159,0.2165700000000011,11.999069636748924,0.8484623508074768,-0.2067150000000002,12.164708972855658,0.8601748205867077,0.0,0.12779885408764458,0.00903674363532436,0.00923000000000112,17.89501579529915,1.265368701829641
R:A:THR:463,0.0,5.156526057293806,0.36462145424775816,-0.0002750000000000008,1.1887540023802232,0.0840576016245705,-0.004480000000000075,4.166305961352334,0.29460231977701734,0.00612499999999996,3.0586478927910288,0.21627906662544805,0.0,0.0959890087021269,0.006787447897264845,0.0013700000000000001,7.397671474402713,0.5230943664540444
R:A:PRO:464,0.0,3.717580404402842,0.26287263135594774,-0.0002049999999999974,0.7569339650689484,0.053523313961067465,-0.0009749999999998593,1.7375273391734014,0.12286173640265305,0.0009950000000000481,0.8608110297707622,0.06086853164710809,0.0,0.08319902853990063,0.005883059726869684,-0.000184999999999933,4.261487070539459,0.3013326405517247
R:A:VAL:465,0.0,4.26433855773671,0.3015342711450889,-0.0003249999999999709,1.369312672867304,0.09682502765491471,0.00023499999999991418,3.0812249525756794,0.21787550583274612,0.0017300000000000037,1.5935577875778462,0.11268155178089267,0.0,0.10123055178306202,0.00715808096290591,0.0016400000000002036,5.665970507019456,0.4006446167516438
R:A:SER:466,0.0,4.808036651435802,0.3399795320423716,-0.00011000000000001009,0.9859197741956492,0.06971505580396532,-0.003549999999999898,4.731220048946148,0.33454777798955704,0.0025750000000000065,1.3005794283222383,0.0919648533238378,0.0,0.03930293602114692,0.002779137258109401,-0.0010849999999998428,6.940226866926245,0.4907481480576614
R:A:ASP:467,0.0,5.130936461461007,0.36281199657363866,-0.00013499999999999846,1.602677062409954,0.1133263818882214,0.01630999999999979,11.282660406214042,0.7978045683058915,-0.01629999999999992,10.063196419754014,0.711575442882025,0.0,0.07975352433997755,0.0056394257884324495,-0.00012500000000017052,16.04580292123363,1.1346096055187214
R:A:ARG:468,0.0,5.939642286026153,0.41999613382714596,-0.00027999999999996474,2.0276308918538404,0.14337515533731776,-0.031989999999999956,10.365947956819966,0.7329832093694235,0.03489499999999996,7.68318920282294,0.5432835186455365,0.0,0.1042536934260301,0.007371849358528927,0.0026250000000001706,14.348720490762163,1.0146077560368292
R:A:VAL:469,0.0,3.8262755940405024,0.27055854192346246,-0.000539999999999976,1.3160765768563774,0.09306066720559229,0.002120000000000175,2.829797532112501,0.20009690243417064,0.0019200000000000029,0.6927114206868543,0.04898209429730419,0.0,0.007834068382394425,0.0005539522877470224,0.0034999999999999433,4.985991078554736,0.3525628102581682
R:A:THR:470,0.0,4.313620007812463,0.30501899589861603,-0.000285000000000013,1.4680170047635688,0.10380447789654837,-0.004315000000000069,4.242001697757204,0.2999548166288966,0.0036199999999999887,1.326279130405813,0.09378209668561477,0.0,0.08254484786131543,0.005836802167474802,-0.0009799999999999898,6.365752106821977,0.4501266482086371
R:A:LYS:471,0.0,4.426162927361577,0.3129769820573871,-0.000374999999999992,1.3996829647727373,0.09897253159020941,-0.05119999999999884,22.673682510077622,1.6032714657346707,0.05669999999999992,19.722061148368848,1.394560317698736,0.0,0.1399132202632167,0.00989335868257676,0.005125000000001427,30.40765003873909,2.1501455542339794
R:A:CYS:472,0.0,3.0805814697796907,0.21783000472788405,-0.0008400000000000229,1.00359903646825,0.07096516842789849,0.005249999999999631,1.845709959270416,0.13051140283036575,0.002634999999999997,0.9696884194291483,0.06856732570164159,0.0,0.018334818515568892,0.0012964674504183432,0.00704499999999931,3.8528522250464,0.2724377935239988
R:A:CYS:473,0.0,3.668170073592553,0.2593787933582851,-0.0010400000000000676,1.128328742499277,0.07978489052289285,-0.001840000000000046,2.2923375609080794,0.16209274340867333,0.004000000000000012,1.0946236111102299,0.07740157782629498,0.0,0.022802719093889832,0.0016123957300781466,0.0011199999999999596,4.60240477871059,0.32543916287916297
R:A:THR:474,0.0,4.575621627516855,0.32354530809609955,-0.0004249999999999865,1.1597672324975385,0.08200792746969647,-0.005240000000000222,4.117361816643031,0.29114144611468495,0.0045400000000000015,2.435572634135554,0.17222099256696322,0.0,0.14658637943164415,0.010365222292569982,-0.001125000000000247,6.722168047862971,0.47532906109194434
R:A:GLU:475,0.0,4.279053002189854,0.30257473949051,-0.00041000000000002146,1.2107624927705682,0.0856138369044397,-0.0015550000000000175,25.91756703111569,1.83264873995588,0.0023049999999997794,25.021861661512617,1.7693128058767265,0.0,0.156440502419897,0.011062014011333965,0.00033999999999931416,36.29896080964988,2.5667241338528157
R:A:SER:476,0.0,6.289133232664101,0.44470887566024586,-0.0008399999999999386,1.1159716149615992,0.07891110965510496,-0.004725000000000002,5.870662118464578,0.4151184994021286,0.010789999999999989,1.863489712327385,0.13176862122580627,0.0,0.05330491078238282,0.0037692263884766806,0.005224999999999892,8.87348288409002,0.6274499920082817
R:A:LEU:477,0.0,5.775835750568917,0.40841326262469735,-0.0032899999999998863,1.1880762315188365,0.08400967598735279,0.006290000000000298,3.492393640148544,0.24694952255218064,0.018129999999999997,1.6792514646413146,0.11874100979653154,0.0,0.06491345007484967,0.0045900740738140594,0.021130000000000804,7.056395420092373,0.4989625052281013
R:A:VAL:478,0.0,3.980258137853624,0.28144675201492375,-0.0032899999999999397,1.3022978099881761,0.09208636125670293,0.021290000000000083,2.9002562562470238,0.20507908659709798,-0.013225000000000008,1.3476915244873362,0.09529618159126314,0.0,0.0723191899693963,0.005113738963727827,0.004775000000000294,5.269859893029683,0.3726353666264303
R:A:ASN:479,0.0,9.29958151445268,0.6575797151066552,-0.0015599999999999926,1.19632343584417,0.08459284139778021,0.003650000000000162,5.910903944486833,0.41796402620889517,0.010404999999999921,4.496338946684847,0.3179391759714033,0.0,0.15263535187858351,0.010792949236214124,0.012494999999999265,11.962129953405794,0.8458503207487956
R:A:ARG:480,0.0,5.813977184406557,0.4111102692757747,-0.004955000000000016,1.3015799480535184,0.0920356007525077,0.09013999999999989,7.590601129011457,0.5367365531606265,-0.005610000000000057,6.076467991152426,0.42967117222068785,0.0,0.043520820734424204,0.0030773867464115455,0.0795749999999994,11.403465432536832,0.806346773637318
R:A:ARG:481,0.0,5.985113461982152,0.4232114315138473,-0.008595000000000037,2.3478388076005134,0.16601727419872608,-0.49995999999999996,8.934309644351375,0.6317510934741228,0.6174750000000002,7.681447285126351,0.5431603464639838,0.0,0.030773017499835013,0.0021759809351705635,0.10891999999999939,13.422421480984942,0.9491085249148434
R:A:PRO:482,0.0,3.5641090261382304,0.2520205661270525,-0.0020099999999999606,1.208870592722811,0.08548005936913007,0.005590000000000082,2.5149194557182146,0.17783166012763307,-0.017230000000000016,1.4428141964057604,0.10202237022707324,0.0,0.053830875457083475,0.0038064177072912216,-0.013649999999999744,4.751175822615122,0.3359588642780726
R:A:CYS:483,0.0,2.893055530023577,0.20456991836289126,-0.0007750000000000146,0.9616055169220901,0.06799577818420052,-0.0018550000000000112,2.2889940990476583,0.1618563249532591,0.017000000000000005,1.6291894701200347,0.11520109221595946,0.0,0.06699959119950723,0.004737586527389809,0.014369999999999897,4.14640768982271,0.2931952995037685
R:A:PHE:484,0.0,4.390613394936976,0.31046325051284246,-0.0022800000000000333,1.257269220572905,0.08890235916442263,-0.003025000000000375,2.4864395184027703,0.17581782444728122,-0.0038349999999999973,1.3301532735271524,0.0940560399728534,0.0,0.028410265750701314,0.0020089091567632817,-0.009140000000000812,5.367560733680619,0.37954385932162055
R:A:SER:485,0.0,3.4010590525893547,0.24049119193018273,-0.001064999999999967,1.0838919849666757,0.07664273726436838,0.0038449999999996365,3.431984514020278,0.2426779522790956,-0.00771500000000004,2.4549798225800146,0.17359328802224755,0.0,0.10306335736918706,0.007287679888760471,-0.004934999999999531,5.527937246718455,0.39088419131283125
R:A:ALA:486,0.0,3.451460015095061,0.24405507816679414,-0.0003300000000000014,0.63354085448375,0.044798103436417935,-0.001990000000000336,2.034138600280227,0.14383531981314604,0.0020450000000000012,1.0447383437851796,0.0738741567456103,0.0,0.05271492397711297,0.003727508021394991,-0.00027500000000049154,4.188785882022965,0.29619189021169123
R:A:LEU:487,0.0,6.570300712204884,0.4645904188034876,-0.0005099999999999483,1.8172763768618136,0.12850084493691083,0.01550499999999957,6.22239329355474,0.4399896493082252,-0.014374999999999995,1.8111397425861429,0.12806691936591197,0.0,0.16819145970632396,0.011892932169600563,0.000619999999999199,9.407339619290257,0.6651993637725014
R:A:GLU:488,0.0,3.7608777673303875,0.26593421724930394,-0.0003400000000000114,1.547352809074259,0.10941436641844617,0.23314000000000093,20.63179644219451,1.4588883172336222,-0.23199499999999976,18.66996098334635,1.3201656015812466,0.0,0.1455349062448676,0.01029087191050943,0.000805000000000895,28.121133516579857,1.9884644204225919
R:A:VAL:489,0.0,5.035208216370004,0.356042987448145,-0.00022499999999998633,1.4656922656461688,0.10364009401710805,0.002725000000000115,4.3428114826198705,0.30708314487753147,-0.0026100000000000147,1.4676596204501915,0.10377920700940049,0.0,0.16225108644558078,0.01147288434805549,-0.00010999999999998789,6.967204414246992,0.4926557487226896
R:A:ASP:490,0.0,4.138577972564973,0.29264165488699656,-0.0001750000000000096,1.9515933913535883,0.13799849211449738,0.05301000000000009,9.64561826500251,0.6820482083920095,-0.05362499999999972,7.71448378598173,0.5454963798421352,0.0,0.05351025924599088,0.00378374671758903,-0.0007899999999994379,13.171583790355076,0.9313716217126883
R:A:GLU:491,0.0,4.305026724835748,0.304411359032067,-6.500000000000394e-05,1.1385635038393773,0.08050859743763394,0.07147500000000008,24.102979915594975,1.7043380545120366,-0.0715550000000004,23.16385162939175,1.6379316565541964,0.0,0.20861607969284632,0.014751384461536484,-0.0001450000000004792,33.72522447282718,2.3847334921774603
R:A:THR:492,0.0,6.919970916756081,0.48931583608519147,-7.500000000000062e-05,1.2932385692806259,0.09144577620303193,-0.0032149999999999323,5.870891588939025,0.4151347254149849,0.0033350000000000033,2.4589536153362066,0.1738742776027409,0.0,0.087593531812159,0.00619379803324572,4.4999999999895127e-05,9.491046151193784,0.6711183094063606
R:A:TYR:493,0.0,4.5942948733401945,0.32486570597094416,-0.0001399999999999668,1.3564410660806463,0.09591486761055348,0.0006850000000000022,2.9674212641239532,0.20982836984992043,-0.0008699999999999575,1.9682321120995865,0.13917502734147386,0.0,0.09517284185834345,0.006729736186282954,-0.0003250000000001352,5.969594812435127,0.42211409728089144
R:A:VAL:494,0.0,6.183651086130264,0.4372501615494269,-3.499999999999615e-05,1.1154249555102305,0.0788724549945987,-0.0018550000000001176,4.175506261398131,0.2952528792321507,0.0018949999999999844,1.6887934011817431,0.11941572659987042,0.0,0.11579543780571169,0.008187973930288384,4.999999999820703e-06,7.731881909382839,0.5467266129458196
R:A:PRO:495,0.0,4.072342845193662,0.2879581241152957,-5.0000000000007815e-05,0.8892087426189645,0.06287655317962332,-0.00022500000000004407,2.3673835880724945,0.1673992988795801,0.00021000000000000684,1.985873681317621,0.14042247466395827,0.0,0.09278570513001855,0.006560940129461154,-6.500000000022155e-05,5.189554600835363,0.3669569249588532
R:A:LYS:496,0.0,5.1732917953465565,0.3658069709546279,-2.4999999999995027e-05,1.204724216024149,0.08518686626103228,0.0113750000000001,16.014349633240652,1.1323855221956765,-0.011304999999999983,14.6697123346702,1.0373053069901237,0.0,0.17529880839184447,0.012395497614779448,4.499999999993953e-05,22.35855300028042,1.5809884444017113
R:A:GLU:497,0.0,4.344816377224704,0.30722491233459565,-5.500000000000283e-05,1.299007367444465,0.09185369183312665,-0.02415500000000044,19.797965362301124,1.3999275561379507,0.024075000000000558,19.58489300996753,1.3848610656161053,0.0,0.216453994194432,0.015305608710979645,-0.00013499999999989855,28.21593820029431,1.9951681238968655
R:A:PHE:498,0.0,4.748975809577261,0.3358032998642956,-9.500000000002729e-05,1.8080949565703124,0.1278516204820064,-0.0020499999999999473,3.496546592532409,0.24724318063143821,0.002020000000000044,2.362558041138884,0.1670580811836111,0.0,0.132627019418049,0.009378146479906237,-0.0001249999999998641,6.606594214094333,0.4671567569333912
R:A:ASN:499,0.0,4.206420552227274,0.29743884970023676,-0.0001450000000000129,1.4571768293433025,0.10303796174165616,-0.00336500000000008,5.547774909977423,0.39228692593416237,0.0035950000000000413,2.4649287121486902,0.1742967807501762,0.0,0.11384991653723929,0.008050404802100435,8.499999999934005e-05,7.5288764092273786,0.5323719563680104
R:A:ALA:500,0.0,2.9990785436863767,0.21206687755517123,-4.499999999999949e-05,1.128376358036183,0.07978825744979647,-0.0008299999999996999,3.5230660273545826,0.2491183878510376,0.0008400000000000052,1.5484458931457696,0.10949165913438338,0.0,0.11492544839688727,0.008126456389234362,-3.4999999999807964e-05,5.009051017145286,0.35419339415328055
R:A:GLU:501,0.0,4.396298528029006,0.3108652501289747,-9.500000000001174e-05,1.3351274846152332,0.09440776981199693,-0.062105000000000035,19.195854417971997,1.3573518829617746,0.06207000000000029,18.450953630268,1.304679443132105,0.0,0.16994433413076174,0.012016879108809405,-0.00013000000000012334,27.019574458653178,1.91057243244885
R:A:THR:502,0.0,4.604210913278192,0.3255668758792116,-0.00020500000000001962,1.11928631434276,0.07914549429610633,-0.0046499999999998565,5.445386764105925,0.385046990708277,0.005359999999999976,2.703769097019936,0.1911853463265425,0.0,0.14192395198177324,0.010035538885910581,0.0005050000000000576,7.709364872430875,0.5451344179937234
R:A:PHE:503,0.0,4.254102212946934,0.3008104522635475,-0.000160000000000009,1.6593974617161495,0.11733711978632337,-0.0023900000000002565,2.6391827745535172,0.18661840366775193,0.00198,1.784319240662948,0.12617042348744018,0.0,0.011548693561492053,0.0008166159531176451,-0.0005700000000004884,5.567782306859076,0.3937016625350531
R:A:THR:504,0.0,8.457816947389556,0.5980579717533661,-6.999999999999673e-05,1.5463753607387825,0.10934525038381868,-0.002829999999999835,9.799745772689718,0.6929466689773103,0.002860000000000002,4.262687751659744,0.30141754152794425,0.0,0.1614640915829399,0.011417235407642255,-3.9999999999560386e-05,13.71705285410174,0.9699421091029625
R:A:PHE:505,0.0,4.55366409046605,0.3219926757614216,-0.00014000000000001124,1.2136415323109209,0.08581741574266845,0.0031249999999999646,2.826292606237896,0.1998490667488217,-0.0031599999999999697,2.0236149269932757,0.14309118373872656,0.0,0.054971816394294555,0.0038870944146547504,-0.0001750000000000229,5.856172093370606,0.41409389990177753
R:A:HIS:506,0.0,4.434018104067686,0.31353242692901795,-0.00011999999999998234,1.0999401718048123,0.07777751543826789,0.0011949999999995953,3.9135191206860096,0.2767275908540292,-0.0011949999999999795,2.2861246141614853,0.16165342173110656,0.0,0.09316077768927623,0.006587461764469965,-0.00012000000000038424,6.435919632709816,0.4550882415460745
R:A:ALA:507,0.0,2.5764049029218996,0.18217933779383438,-6.499999999999506e-05,1.0151653301679486,0.07178302889872369,-0.0021749999999993008,2.1396638437789712,0.15129708133957842,0.002144999999999996,1.2643009495270499,0.08939957748711679,0.0,0.06755738976763409,0.004777028842395674,-9.499999999939224e-05,3.72150576079592,0.26315019596835965
R:A:ASP:508,0.0,5.0291495005815845,0.35561457154621773,-0.00017499999999997628,1.4409011916765841,0.10188710036542899,-0.12921499999999964,14.378286912155948,1.0166984177431255,0.12895999999999985,13.509718544225857,0.9552813594543755,0.0,0.16939594248900297,0.01197810196394604,-0.0004299999999995663,20.41188050134484,1.44333791192704
R:A:ILE:509,0.0,4.414673555762644,0.3121645608004694,-0.00035499999999996754,1.5200398959813521,0.10748305181225083,-0.007259999999999991,2.6610150517706583,0.18816217879465041,0.0077850000000000055,1.145481373866463,0.08099776471838589,0.0,0.04667802344534446,0.003300634691058772,0.00017000000000057052,5.495013322169725,0.3885561182816631
R:A:CYS:510,0.0,3.032378064687845,0.21442150926621142,-0.0001450000000000129,0.7978985226048485,0.05641994560326161,0.0005399999999997362,2.180234663000751,0.15416587147857982,-0.00032500000000000264,1.5325427063788468,0.10836713401384665,0.0,0.07075757922919207,0.005003316409330612,6.999999999983464e-05,4.115710843489661,0.2910247046834545
R:A:THR:511,0.0,6.539171886271228,0.4623892784126812,-0.0002899999999999725,1.0304342496006236,0.07286270454594725,-0.009300000000000495,4.457719900773264,0.31520839704669984,0.011124999999999994,1.861136119921109,0.13160219711074356,0.0,0.09347593565546608,0.006609746797973745,0.0015349999999996378,8.195510711488435,0.5795101199380459
R:A:LEU:512,0.0,5.326438984988001,0.37663611258614066,-0.0009300000000000042,1.7708110252367417,0.12521524841448026,0.015274999999999856,4.735374401889991,0.3348415351033604,-0.011805000000000001,1.965583113855784,0.13898771487931946,0.0,0.19027270925064907,0.013454312298587028,0.002539999999999947,7.604618028233605,0.5377276976097454
R:A:SER:513,0.0,7.186011869681262,0.5081277722738641,-0.0016349999999999876,1.2425635065762233,0.08786250815549827,0.0054100000000000745,6.994658069176791,0.4945970152796112,0.001319999999999979,3.7651698641628375,0.26623771432687743,0.0,0.1877724042719829,0.013277514038042096,0.0050950000000001315,10.785162712985885,0.7626261690552621
R:A:GLU:514,0.0,4.032225545378135,0.2851214026410504,-0.002360000000000033,1.1737877997108335,0.08299933128495673,-0.08209499999999977,17.19299569492981,1.2157283844795985,0.09902000000000033,16.610925424394633,1.1745698009373475,0.0,0.209039355220252,0.01478131456111037,0.014565000000000338,24.273488882322948,1.7163948591746825
R:A:LYS:515,0.0,4.913740296958112,0.3474539084968681,-0.020690000000000017,1.8816456180428875,0.1330524376308078,0.5958050000000003,32.749452321151495,2.315735981643174,-0.43986499999999995,30.50346966180036,2.1569210247577155,-0.0005184720000000004,0.4403841074426564,0.031139858869948744,0.13473152800000007,45.06514907157956,3.1865872503696555
R:A:GLU:516,0.0,4.462611243649842,0.31555426721841356,-0.003964999999999981,1.9414335995791874,0.13728008634858518,-0.39812499999999945,19.59005983280998,1.385226415163014,0.41044999999999987,16.665285301156715,1.1784136246856407,0.0,0.12286119487126418,0.008687598403815278,0.008359999999999595,26.17635071641491,1.8509475098294323
R:A:ARG:517,0.0,5.866387753869497,0.41481625618308404,-0.0013100000000000377,1.7504109319528374,0.12377274398469157,0.12206500000000009,15.48604155765362,1.095028499915356,-0.11411500000000013,13.528348700705308,0.9565987104524942,0.0,0.199950739470134,0.01413865237825964,0.006640000000000867,21.455817991885432,1.517155439796652
R:A:GLN:518,0.0,4.3407269129490285,0.3069357435425206,-0.0034300000000000485,1.5204940993966403,0.10751516884374968,-0.002115000000000222,5.983072583871517,0.4230671196386868,0.022234999999999977,3.4370342271026337,0.24303502091545365,0.0,0.12670002281272355,0.008959044530736709,0.01669000000000004,8.293384541731484,0.5864308448446021
R:A:ILE:519,0.0,4.458913107473614,0.31529276950161733,-0.0035500000000000553,1.7991849716746746,0.12722158940800887,0.021305000000000334,2.9683631408025204,0.20989497058856607,-0.020155,1.1859195505914386,0.0838571756164909,0.0,0.134287189069702,0.00949553820176663,-0.002400000000000295,5.775343334174882,0.40837844352755837
R:A:LYS:520,0.0,4.909942047641703,0.3471853317120411,-0.00070500000000008,1.502093788641375,0.10621407039265089,0.10077499999999893,14.98964786616667,1.0599281653764914,-0.09639000000000003,15.17932235308777,1.0733401769684903,0.0,0.17582559093555408,0.012432746765666225,0.0036799999999976877,21.943019426462893,1.5516057836160058
R:A:LYS:521,0.0,5.024238272489672,0.3552672952774432,-0.0008250000000001023,1.3997288244067134,0.09897577435602613,0.011164999999999807,16.759983837649575,1.185109822417895,0.0020599999999999065,15.31251077676029,1.082758020723929,0.0,0.10844901297022574,0.007668503248423447,0.01239999999999974,23.29343290963602,1.6470944367517522
R:A:GLN:522,0.0,4.260107512140979,0.30123509104186386,-0.0023049999999999837,1.4975358294127725,0.10589177400475923,-0.02194999999999972,2.8278612377466468,0.19995998574652377,0.03411,1.4914534329807283,0.1054616836284629,0.0,0.0054547925771042845,0.0003857120821236483,0.00985500000000073,5.532846631964152,0.3912313372727002
R:A:THR:523,0.0,4.512402738564012,0.3190750575883361,-0.0006499999999999994,1.241943696610277,0.0878186809725015,0.01257000000000005,4.091447016368415,0.28930899301395735,-0.011589999999999996,1.5440865739167606,0.10918340871556446,0.0,0.06460353076718356,0.004568159469406925,0.0003300000000000747,6.405662984597112,0.45294877344042767
R:A:ALA:524,0.0,3.0397238371190882,0.21494093381612997,-0.0001800000000000601,1.10380307996943,0.0780506642940981,0.0028750000000005117,1.8746948610840646,0.13256094489281148,-0.0018449999999999873,0.7175770839951622,0.0507403622117048,0.0,0.004152092582782807,0.0002935972821400089,0.0008500000000006902,3.8062733978030026,0.26914417306364646
R:A:LEU:525,0.0,4.593286200700975,0.32479438204462524,-0.0005799999999999539,1.3178136170756471,0.09318349449741624,5.999999999936278e-05,3.3440276519415932,0.23645846291632283,0.003685000000000001,0.8530684130683774,0.06032104596966965,0.0,0.047927166748062716,0.003388962461061356,0.003164999999998903,5.894697152402106,0.41681803295045605
R:A:VAL:526,0.0,3.9453897266303106,0.27898118301240316,-0.000599999999999996,1.4846266342754328,0.1049789560626319,0.00605499999999985,2.31131261288364,0.16343448220120194,-0.0027950000000000006,0.7966102298960265,0.05632884955220549,0.0,0.0010293768009820307,7.27879316370509e-05,0.0026600000000000534,4.873086419371875,0.34457924524459244
R:A:GLU:527,0.0,3.779092620616753,0.2672222018770147,-0.0002450000000000019,2.2105404083334466,0.156308811281946,-0.01870000000000019,16.859631048565387,1.1921559442743848,0.016229999999999852,13.031249311694946,0.9214484755632026,0.0,0.048490150852939194,0.0034287714488871954,-0.0027150000000004584,21.753873194079826,1.5382311252606105
R:A:LEU:528,0.0,4.486749941772998,0.3172611309316034,-0.00016000000000000015,1.312969479081673,0.09284096221496198,-0.001239999999999597,2.348189794873916,0.1660420927468394,0.002194999999999999,0.8264396836279101,0.05843811045349601,0.0,0.003955915544643491,0.0002797254707418687,0.0007950000000003054,5.296397587577125,0.37451186500358563
R:A:VAL:529,0.0,4.216473479556109,0.2981496990087362,-0.0001550000000000029,1.1611367306975522,0.08210476561610172,-0.0011449999999996053,2.0895317681181593,0.1477522082741067,0.0031949999999999813,0.8594267818581174,0.06077065053852065,0.0,0.006841289828682308,0.00048375224299238137,0.0018950000000004874,4.92256958485825,0.34807823343159167
R:A:LYS:530,0.0,4.66724847369411,0.33002430452316683,-0.00030000000000002025,1.7108784357165765,0.1209773743681024,0.01297000000000068,11.13970561581858,0.7876961381367182,-0.010119999999999933,10.242482799692661,0.7242529043849255,0.0,0.07592604555765037,0.005368782168249332,0.002550000000000949,15.928514469670235,1.1263160595731867
R:A:HIS:531,0.0,4.116939400665257,0.2911115767944484,-8.499999999998842e-05,1.3586006279532628,0.09606757169500538,0.002569999999999908,4.310400532096756,0.3047913445875719,-0.002629999999999973,3.121960179294412,0.2207559213373448,0.0,0.10587665279297702,0.0074866099159247666,-0.00014499999999995295,6.865302882526863,0.4854502223134296
R:A:LYS:532,0.0,4.008520010153374,0.2834451681701419,-6.999999999997453e-05,1.5680190284240814,0.11087568880282098,-0.0348200000000017,20.01210180022453,1.4150692888734282,0.03512500000000006,18.938831697451008,1.339177632101834,0.0,0.1583087388447776,0.011194118275823246,0.00023499999999837374,27.887551748567308,1.9719476952102704
R:A:PRO:533,0.0,3.802056410707237,0.2688459870464872,-0.00012000000000001343,1.205146972095105,0.08521675962948837,0.0065800000000002965,3.8540802004823407,0.27252462449978715,-0.007009999999999997,2.33020202144578,0.1647701650898912,0.0,0.07628669185342335,0.00539428371238442,-0.0005499999999995619,6.016444754703888,0.4254268884685353
R:A:LYS:534,0.0,5.440256683576613,0.38468423923524603,-0.00010000000000001341,1.1528303861366598,0.08151741835951382,-0.06596999999999958,21.550524479356646,1.5238521997479775,0.06569500000000005,20.113239298705093,1.422220789974213,0.0,0.27556390200168523,0.019485310375561685,-0.00037499999999922816,29.999480771653555,2.121283628571167
R:A:ALA:535,0.0,3.114470919682828,0.22022635071160307,-5.0000000000001154e-05,0.8814763222571551,0.06232978849234128,-0.0008650000000002223,2.7049701042294347,0.19127027036075156,0.0010399999999999854,1.2210435374711257,0.08634081654698432,0.0,0.09804117798810147,0.006932558179090382,0.00012499999999987966,4.392533696399641,0.3105990363314598
R:A:THR:536,0.0,6.005090953844912,0.42462405351057303,-0.00010999999999998789,1.3579091674887538,0.09601867805666771,-0.0032600000000000406,6.045818227084734,0.42750390661928456,0.0035649999999999914,1.8274886686037208,0.12922296301112662,0.0,0.16618955524960244,0.011751376147937028,0.00019499999999998075,8.821807439986381,0.6237959863136306
R:A:LYS:537,0.0,4.570620221720461,0.3231916553006899,-6.499999999998618e-05,1.1327050226228361,0.08009434025806692,-0.10499000000000024,16.450127333280737,1.1631996588744986,0.10471,15.292431913536513,1.0813382306895238,0.0,0.17534578078807955,0.012398819064770089,-0.0003450000000001463,22.949281015613874,1.6227592229496268
R:A:GLU:538,0.0,4.6803350482150305,0.33094966508179147,-7.000000000000783e-05,1.3298441236099816,0.09403417977256993,0.058630000000000314,34.58047893233262,2.4452091149730935,-0.05854000000000024,33.03516827098055,2.335939150204902,0.0,0.1725472053146265,0.012200929895275988,2.0000000000379713e-05,48.071152055845424,3.399143759813794
R:A:GLN:539,0.0,4.213119670736876,0.2979125489128479,-0.00010500000000001287,1.5773632639550725,0.11153642603371779,-0.004415000000000049,5.427402500899947,0.383775311261518,0.005084999999999971,3.2908962185208757,0.23270150322972774,0.0,0.04770445970515343,0.00337321469503544,0.0005649999999999977,7.779937260013783,0.5501246393761634
R:A:LEU:540,0.0,4.645067773881238,0.3284558921982524,-0.00021999999999996689,1.3282517003000598,0.0939215784404734,-0.0009749999999999659,3.079062598693797,0.21772260432342572,0.0008449999999999935,2.315919620836397,0.16376024685763943,0.0,0.09778419377836955,0.006914386651354452,-0.0003500000000000725,6.180176302396469,0.43700445723529463
R:A:LYS:541,0.0,4.942766053410781,0.34950633941854325,-6.500000000000838e-05,1.374425975371173,0.09718659274238911,-0.08157500000000027,19.235068069897096,1.3601247068809073,0.08136999999999996,17.621307443023348,1.2460145986334792,0.0,0.1686408079860735,0.011924705891173105,-0.0002700000000002678,26.58658952174513,1.8799557739449189
R:A:ALA:542,0.0,3.189099005918444,0.22550335329602095,-3.4999999999998364e-05,0.7862909931284982,0.05559916932270661,-0.0015150000000001284,3.424781857691815,0.2421686475658544,0.0015299999999999492,2.096176456968735,0.14822205872861838,0.0,0.1358267950774608,0.00960440478661081,-2.000000000021096e-05,5.189425924436249,0.366947826163414
R:A:VAL:543,0.0,4.556157310492034,0.3221689730401579,-5.999999999999783e-05,1.3979499522515102,0.09884998909964532,-0.0031000000000001647,4.483221268658285,0.317011616062803,0.0033850000000000104,1.375936515895628,0.09729340408719904,0.0,0.08145151227434275,0.005759491666708707,0.00022499999999977537,6.6866988937237775,0.4728210131504668
R:A:MET:544,0.0,3.5202670426829834,0.2489204697468651,-0.0002550000000000319,1.1371090956346273,0.08040575524721473,-0.0065749999999997755,2.2563597214484665,0.15954872598324002,0.006630000000000022,1.8147704277676557,0.1283236475771321,0.0,0.08617512251239082,0.006093501349809306,-0.00019999999999977924,4.69864599613442,0.3322444446261669
R:A:ASP:545,0.0,11.414884663716492,0.8071542352176254,-6.500000000001283e-05,0.9442561952537033,0.06676899588413023,0.06340500000000031,20.923442219576945,1.4795107879227765,-0.06355999999999991,24.070707046927392,1.7020560180837174,0.0,0.13949234934184557,0.009863598614326183,-0.00021999999999980702,33.88805160847589,2.3962471093552993
R:A:ASP:546,0.0,5.891239599231217,0.4165735470211112,-8.000000000000007e-05,1.0838783127270328,0.07664177049103182,0.024034999999999834,8.99297742473954,0.6358995320090863,-0.02400999999999982,8.318068113420328,0.5881762369371105,0.0,0.07632566166946915,0.005397039294503178,-5.499999999969418e-05,13.636393288562571,0.9642386165269319
R:A:PHE:547,0.0,4.372864185839757,0.30920819190150833,-0.0002149999999999963,1.1052265712852727,0.07815132033033735,-0.004199999999999449,2.2319429885640005,0.15782220224353735,0.004139999999999997,1.1127027006348102,0.07867996250634593,0.0,0.014824105657212242,0.0010482225635240637,-0.00027499999999924417,5.1539658050848125,0.3644404170779055
R:A:ALA:548,0.0,3.3233842172099206,0.23499875164774808,-9.500000000000507e-05,0.8847517538694116,0.06256139648277521,-0.005024999999999693,2.590159287027537,0.18315191962104846,0.005039999999999998,2.0462345354821867,0.14469063159375592,0.0,0.08645109747096674,0.006113015726273977,-7.99999999997425e-05,4.767718848653299,0.33712863286736666
R:A:ALA:549,0.0,3.4514157906575096,0.24405195102682545,-7.99999999999934e-05,0.982258501795734,0.0694561647497902,-0.0030000000000001137,2.835427539181702,0.20049500405184667,0.002910000000000008,1.4773046955520044,0.10446121681035503,0.0,0.12346561887198247,0.008730337634777258,-0.00017000000000004346,4.807746351134121,0.3399590047111817
R:A:PHE:550,0.0,4.484270528051358,0.31708580990600954,-0.0001449999999999818,1.3964206481125234,0.09874185096692789,-0.0024100000000000675,2.9055034184629696,0.20545011699558607,0.0026899999999999958,1.4578101933722374,0.10308274734163811,0.0,0.1207243875338268,0.008536503307976163,0.00013500000000004508,5.713178436524665,0.4039827214595348
R:A:VAL:551,0.0,4.192729989344651,0.29647078071498034,-0.0002099999999999902,1.2354312111566552,0.08735817870983803,-0.005704999999999849,3.0943821736131754,0.2188058618544645,0.006344999999999981,1.8909237036102222,0.13370849735291693,0.0,0.034556122980183526,0.002443486889080406,0.0004300000000000637,5.679547751004072,0.4016046728807784
R:A:GLU:552,0.0,4.725200985138093,0.33412216590605004,-0.00032500000000003083,1.9084408566091324,0.1349471471201781,-0.029214999999999627,22.574756341860592,1.5962763292963642,0.030784999999999698,22.506042042117823,1.5914174945651045,0.0,0.2556270600480842,0.018075562761478113,0.0012450000000000473,32.282759614737145,2.282735823899585
R:A:LYS:553,0.0,4.738338738503189,0.3350511453554516,-0.00011499999999999843,1.4713347317571892,0.10403907662207984,-0.006465000000000672,14.7911546122463,1.0458925727898039,0.006570000000000049,14.444352379954596,1.0213699517713941,0.0,0.2063882762533473,0.014593854969614437,-1.0000000000447429e-05,21.26209882523183,1.5034574261579954
R:A:CYS:554,0.0,3.0003612982439285,0.2121575819997955,-7.000000000000117e-05,0.8504358449054226,0.06013489528967353,0.0005700000000001637,2.394558580093626,0.16932086099326335,-0.0005050000000000054,1.4884399927356833,0.10524860122526572,0.0,0.05862942397363972,0.004145726326882178,-5.000000000097149e-06,4.204546451298937,0.2973063307527312
R:A:CYS:555,0.0,3.4513387316807953,0.24404650213432685,-0.0001500000000000079,1.0676299171295267,0.07549283541999201,-0.0027550000000000807,2.9643593481012043,0.20961185969160948,0.0027400000000000445,2.903991633837811,0.20534321767957175,0.0,0.0850356344581853,0.006012927376788327,-0.00016500000000019722,5.502671850469796,0.38909765801115204
R:A:LYS:556,0.0,4.733432628183272,0.3347042309678053,-0.00016999999999998795,1.2836814535935308,0.09076998607193901,0.02476500000000094,19.1291485504341,1.3526350658336768,-0.024080000000000042,17.99528993659174,1.2724591543582056,0.0,0.23393191932769328,0.01654148464925963,0.0005150000000010113,26.718209723507023,1.8892627276656166
R:A:ALA:557,0.0,3.7953084765009546,0.26836883604286094,-2.5000000000003908e-05,0.9541985423249189,0.0674720259876269,-0.0026799999999998648,4.1763492653692165,0.2953124886146029,0.0027200000000000054,3.347485953420865,0.2367030017590609,0.0,0.10620966199678446,0.007510157222545744,1.5000000000021662e-05,6.63126663443542,0.46890136050653797
R:A:ASP:558,0.0,8.89480537926491,0.6289577201012799,-3.500000000000003e-05,1.1616836473735006,0.08214343846513243,-0.033910000000000086,10.509344211688473,0.7431228557908511,0.03374499999999948,9.79660403238668,0.6927245143900097,0.0,0.1314149009789169,0.00929243676311508,-0.00020000000000017337,16.938243941887816,1.197714715270083
R:A:ASP:559,0.0,11.426726168067562,0.8079915560202346,-3.0000000000001136e-05,1.4692955212447905,0.10389488266392143,-0.01766000000000016,23.950214444679823,1.6935359044705105,0.01756499999999875,27.922125298543715,1.9743924143740714,0.0,0.1436846172325535,0.010160036719733203,-0.00012500000000134292,38.548766499742946,2.725809419834505
R:A:LYS:560,0.0,5.060856537578396,0.35785659763339556,-5.5000000000005043e-05,1.819556641293422,0.12866208398115972,0.011164999999999098,18.029444507606854,1.274874247235536,-0.011099999999999909,15.789025913936236,1.1164527292074438,0.0,0.2754522713265843,0.019477416894826453,9.999999999141806e-06,24.563247704292465,1.7368839019670097
R:A:GLU:561,0.0,4.91551763817403,0.3475795854994939,-2.000000000000002e-05,1.1768825131464908,0.08321816057057498,-0.036810000000000065,8.036251384554243,0.5682487849338086,0.03674500000000144,6.695988193289696,0.4734778658220203,0.0,0.17550377188131802,0.012409990722109689,-8.499999999838082e-05,11.618767657342994,0.8215709399538168
R:A:THR:562,0.0,5.370789900545357,0.37977219590038447,-3.499999999999615e-05,1.3422435431303068,0.0949109511351298,-0.0009349999999998815,7.9783448362285645,0.5641541736341893,0.0009249999999999864,3.5075569859340847,0.2480217330152239,0.0,0.16500124652483325,0.011667350032194285,-4.4999999999868476e-05,10.326236954068978,0.7301752174361293
R:A:CYS:563,0.0,3.26018764094952,0.23053007888559787,-3.9999999999991153e-05,0.8597411051880677,0.060792876554329946,0.00041000000000035897,3.0054696858810606,0.21251879955371009,-0.0003749999999999995,1.768888808143406,0.12507932714031922,0.0,0.04214037823193561,0.002979774720956764,-4.999999999710236e-06,4.85093492864546,0.34301289831398857
R:A:PHE:564,0.0,4.718902612255311,0.33367680368846436,-0.00011499999999999843,1.9062896808394572,0.13479503602275195,-0.0011299999999997822,3.3293188933323883,0.23541839662078234,0.001055000000000015,2.3748429765302377,0.1679267572957776,0.0,0.2236794505413262,0.01581652562898527,-0.00018999999999960604,6.532706802275337,0.4619321279392377
R:A:ALA:565,0.0,3.2307316737157246,0.2284472274678553,-9.999999999998898e-06,0.6691319235771074,0.04731477206697713,-0.0010299999999998021,3.0127470125700895,0.2130333842587823,0.0010099999999999979,2.5974193991248313,0.18366528707066557,0.0,0.11167928186189507,0.00789691775225898,-2.9999999999896775e-05,5.169242598040567,0.36552064946728513
R:A:GLU:566,0.0,4.383874340785785,0.3099867274239334,-1.9999999999997796e-05,1.3344481539572828,0.09435973388050646,-0.022370000000000428,17.157390953473957,1.2132107490670159,0.02238999999999983,16.68589889665822,1.1798712260020159,0.0,0.17001921461139385,0.012022173958372753,-5.684341886080802e-16,24.36848987862373,1.7231124440450587
R:A:GLU:567,0.0,4.291826130122234,0.303477936028305,-4.000000000002224e-05,1.656011612881987,0.11709770411925248,-0.010130000000000194,17.258476424254546,1.2203585712538547,0.010089999999999292,16.319239632700413,1.1539445008090725,0.0,0.14415120689359257,0.01019302959106843,-8.000000000102147e-05,24.194121522380158,1.7107827393326405
R:A:GLY:568,0.0,3.0079916102276614,0.21269712653442216,-3.999999999999559e-05,0.7262677307646266,0.05135488373806332,0.0030800000000004244,2.6167676724921534,0.18503341660089404,-0.003014999999999978,1.4726516308261774,0.10413219544826181,0.0,0.02055898113353986,0.0014537394973812329,2.5000000000655608e-05,4.311853069531736,0.30489405449459206
R:A:LYS:569,0.0,5.234194580253011,0.3701134481746779,-5.499999999999172e-05,1.5055498588472587,0.1064584514605346,0.040245000000000884,21.714658089651675,1.5354581986340021,-0.0402050000000001,20.413449042334197,1.4434488245240544,0.0,0.3085419205024705,0.021817208426761752,-1.4999999999193437e-05,30.29841496105997,2.142421467816945
R:A:LYS:570,0.0,4.716359310819099,0.33349696511924964,-3.0000000000001136e-05,1.4649593139401518,0.10358826650494736,0.01362000000000009,21.863322580599455,1.5459703656010841,-0.01365999999999984,19.55258031051145,1.3825762127257215,0.0,0.1586589912139042,0.011218884858356851,-6.999999999973027e-05,29.74430356686962,2.103239875380472
R:A:LEU:571,0.0,6.658279747949166,0.47081147608119117,-4.999999999999449e-05,1.498709869954822,0.10597479120762635,0.0027599999999999626,6.198523112193742,0.4383017725973738,-0.0027249999999999753,1.6518845756211296,0.1168058785159163,0.0,0.1008389894139895,0.007130393322263045,-1.500000000000501e-05,9.366931215804408,0.6623420581603249
R:A:VAL:572,0.0,4.345500771781084,0.307273306337778,-6.0000000000011155e-05,1.4274664576619653,0.10093712121291154,0.002160000000000082,3.3229914361535746,0.2349709778329017,-0.002085000000000003,1.1350913136726049,0.08026307651638453,0.0,0.07694619996673539,0.005440917978301469,1.5000000000129354e-05,5.766945685379247,0.40778464008661675
R:A:ALA:573,0.0,3.5859187087202624,0.25356274357198055,-4.999999999999449e-06,0.6696296949620738,0.047349969819156165,0.0006600000000002026,3.206556026674101,0.22673775107158486,-0.0006099999999999573,1.730785350613992,0.122385005819749,0.0,0.11052505872429243,0.007815301851498856,4.500000000020599e-05,5.157232996930719,0.3646714424288732
R:A:ALA:574,0.0,3.46553067058279,0.2450500237579054,-1.0000000000001119e-05,0.8831214966809494,0.062446119891471245,0.00044999999999966177,2.8518656767631954,0.2016573559072418,-0.0004549999999999921,1.9933151559587863,0.14094866638203782,0.0,0.12943138223594353,0.00915218080773837,-1.5000000000222612e-05,4.991292622020122,0.3529376859916811
R:A:SER:575,0.0,6.7077143533062005,0.47430703054851514,-1.0000000000001119e-05,1.1264926288041126,0.07965505767840483,0.00115000000000002,6.564522326437775,0.46418182522746415,-0.0011649999999999527,3.685947846656949,0.2606358717471081,0.0,0.15966621445889834,0.01129010629702726,-2.4999999999921197e-05,10.147269371161617,0.7175202982874933
R:A:GLN:576,0.0,4.798410315844197,0.33929884732489146,-4.499999999999283e-05,1.9087918390633904,0.13497196532752645,-0.0007600000000001473,5.1471264427251056,0.36395680112755135,0.0008700000000000507,2.624130827788508,0.18555407030499224,0.0,0.10113134060771087,0.007151065673419881,6.500000000002615e-05,7.749672806698236,0.5479846193593306
R:A:ALA:577,0.0,4.5760207466258285,0.3235735300789451,-1.4999999999996128e-05,1.3282118711165776,0.09391876209190046,0.001740000000000208,3.088969061677375,0.21842309703875185,-0.0017849999999999878,2.173478523375605,0.15368814026422142,0.0,0.21692288940216822,0.015338764609085261,-5.999999999986905e-05,6.084152113782706,0.43021452174262187
R:A:ALA:578,0.0,4.148796908014419,0.2933642427422777,-3.4999999999998364e-05,0.8602765106493377,0.06083073543756479,-0.0018050000000001986,18.276507454773053,1.2923442357676513,0.0018049999999998078,16.677605365383698,1.1792847847815962,0.0,0.21519796439020708,0.01521679399178566,-3.500000000016712e-05,25.10322981391942,1.7750664031106735
L:B:UNL:579,0.0,12.783886876877473,0.9039573100561775,-20.030255,4.067886573268114,0.2876430181055591,-26.517135,9.619359115100913,0.6801914060956482,25.135,4.701954313878432,0.332478378017278,-3.6644962320000003,0.2678927067436956,0.01894287495688863,-25.076886232000003,17.16646951213838,1.2138527001065174

