| Run on Tue Sep 16 20:13:28 2025
| GB non-polar solvation energies calculated with gbsa=2
idecomp = 1: Per-residue decomp adding 1-4 interactions to Internal.
Energy Decomposition Analysis (All units kcal/mol): Generalized Born model

Complex:
Total Energy Decomposition:
Residue,Internal,,,van der Waals,,,Electrostatic,,,Polar Solvation,,,Non-Polar Solv.,,,TOTAL,,
,Avg.,Std. Dev.,Std. Err. of Mean,Avg.,Std. Dev.,Std. Err. of Mean,Avg.,Std. Dev.,Std. Err. of Mean,Avg.,Std. Dev.,Std. Err. of Mean,Avg.,Std. Dev.,Std. Err. of Mean,Avg.,Std. Dev.,Std. Err. of Mean
R:A:SER:1,-2.09396,3.780959207449877,0.26735418949775225,-4.49007,1.371315024018916,0.09696661526267687,-187.56605000000002,12.020939515175177,0.8500087847413696,97.83013499999997,10.35318087675353,0.7320804404803306,0.509100732,0.12686717064623526,0.008970863667390385,-95.810844268,16.367149837304076,1.157332263865401
R:A:GLU:2,87.44894500000001,2.815703638875192,0.1991003136860286,-8.485355,1.1126882442872306,0.07867894028820545,36.9346,7.738405904319054,0.547187929051802,-165.79592499999998,7.507762899118152,0.5308790057507219,0.43537672799999994,0.08308402681519725,0.005874927876931092,-49.462358272,11.199222953215854,0.7919046494238963
R:A:VAL:3,44.100860000000004,2.9308741785344523,0.2072441006446263,-9.83496,0.8463022441184946,0.05984260557495805,-48.12417500000001,1.7812887481750395,0.12595613530858668,-0.17079499999999995,0.7777026957488318,0.05499188499110573,0.0022745879999999997,0.0036940487992250456,0.0002612086955966053,-14.026795412000002,3.617191683080471,0.2557740767957782
R:A:ALA:4,83.01225500000001,2.2315246178285824,0.15779261896513094,-6.96407,0.7276380453907011,0.05145177961450896,-72.111595,1.4301341968413317,0.10112575885932824,-0.218795,0.8843115757327844,0.0625302711882413,0.07175682,0.02400268561886357,0.0016972461767787252,3.789551820000001,2.8873908910886867,0.20416936790250784
R:A:HIS:5,112.72903000000001,3.0744547726548195,0.2173967818195568,-9.759095,1.0906322001366915,0.07711934244970584,-73.10084,5.972720946469875,0.42233514833837826,-11.18274,3.539762238117131,0.2502989882360694,0.5868884159999999,0.11233122900214589,0.007943017376643633,19.273243416,7.671875993320287,0.5424835539299055
R:A:ARG:6,-192.39560999999998,3.816631911502601,0.2698766305916464,-11.893699999999999,1.6455643621566431,0.1163589719359878,-123.59729999999999,8.868894627855266,0.62712555329854,145.71168999999998,6.798960394347065,0.4807590999861573,0.1046997,0.04446266482633266,0.0031439851808324412,-182.0702203,11.92307395390817,0.8430886445397169
R:A:PHE:7,104.52603500000001,2.994795673126132,0.2117640328735619,-14.249859999999998,0.8249372584627269,0.05833187295124338,-80.79944499999999,1.5191328437549498,0.1074189135342329,-1.5888550000000001,0.7535205265784072,0.05328194741068498,0.09995630400000001,0.0251430030521492,0.0017778787957568759,7.987831304,3.5391400870448018,0.2502549955118527
R:A:LYS:8,121.0288,3.094559682733555,0.21881841364473875,-6.38164,0.9546674292129171,0.0675051812974382,-214.66602500000002,8.95259205506288,0.6330438551331772,84.42939,8.143576925890736,0.5758378467411638,0.9946845719999999,0.06354226714033435,0.004493116798689755,-14.594790428,12.528307020598927,0.8858850851052532
R:A:ASP:9,76.565985,3.2488689146801537,0.22972972407565154,-5.570450000000001,0.9443325989819477,0.06677439844356518,-13.761330000000001,10.53878783784454,0.7452048345626187,-123.26165499999999,9.459827548426823,0.6689108208347919,0.368377596,0.09804987145542611,0.00693317290006011,-65.659072404,14.560594541317414,1.029589513827337
R:A:LEU:10,69.73950500000001,3.4850858353812466,0.24643278272152633,-9.894525,0.9505770402103135,0.06721594711729502,-75.66460000000001,3.032009854865251,0.21439547289996586,0.017860000000000015,1.2483578575072134,0.08827223063908604,0.065802312,0.0327309766787894,0.002314429556443073,-15.735957688,4.878726514838103,0.34497806021966343
R:A:GLY:11,81.305005,1.9089253115234759,0.13498140325568925,-3.899135,0.49549042046743946,0.035036463632550016,-82.453655,1.5035054027089492,0.10631388658061089,-2.2022749999999998,0.8571691078048718,0.06061100887524476,0.19256385599999998,0.026540310829318937,0.0018766833762210182,-7.057496144000001,2.624019505491321,0.1855461986298684
R:A:GLU:12,93.60435000000001,2.6936657081939472,0.19047092885136038,-6.124939999999999,1.0942726197799157,0.0773767589913147,-36.23312,9.940752302295838,0.7029173363049172,-108.036555,8.960572650616422,0.6336081684565589,0.45766130399999994,0.07359841882942039,0.0052041941038890845,-56.33260369600001,13.69558698281053,0.9684242427875533
R:A:GLU:13,92.180915,2.9777911457614015,0.2105616312125146,-5.757035000000001,0.9579634772657045,0.06773824709036247,-17.3846,12.538694628628612,0.886619599913063,-122.48031999999999,12.109955015919754,0.8563031311620902,0.8949976559999999,0.15234137613287357,0.010772162011884537,-52.546042344,17.710957498227813,1.2523538148303617
R:A:ASN:14,23.98243,7.6258613588957935,0.5392298279263675,-8.437265,0.967301310231202,0.06839853159151153,-85.34187000000001,4.004619265685566,0.2831693438836556,-6.01567,2.723247286072273,0.19256266228295663,0.27904536,0.1064429967460894,0.007526656480897742,-75.53332964,9.08591297810139,0.6424710680086352
R:A:PHE:15,113.024035,3.138420834396656,0.2219198654219018,-15.02049,0.885237538686651,0.06259574665662196,-88.00291000000001,1.592986726843636,0.11264117168912974,0.342825,0.5592457817230274,0.039544648460632444,0.00137736,0.003215731591784364,0.00022738656150265345,10.344837360000001,3.6720163031881645,0.2596507628611909
R:A:LYS:16,120.48064999999998,3.348634784132185,0.23678423635770188,-10.03775,1.0318901528263558,0.0729656524503139,-180.635965,13.413565050864554,0.9484822807353203,57.323265,12.018781987155563,0.8498562244720428,0.45116683199999996,0.10325070692762822,0.007300927503083076,-12.418633168000001,18.348396680419548,1.2974275716625399
R:A:ALA:17,86.56816,2.2048926423751336,0.15590945392117822,-6.84007,0.5786039190154176,0.04091347547569138,-77.669725,1.2924453912545006,0.0913896900469358,0.353485,0.6469814524196192,0.04574849723078344,0.08508182399999999,0.046366809583004785,0.0032786285478128077,2.4969318240000002,2.6995340393632574,0.19088588252776717
R:A:LEU:18,80.94192500000001,3.214570027138154,0.22730442647884128,-11.661904999999999,1.0056807226824027,0.07111236587173148,-84.90446499999999,1.5234073909414385,0.1077211696644397,0.47574500000000003,0.5262504251542226,0.037211524422885445,0.013602672,0.01434654928967994,0.0010144542289359732,-15.135097328000002,3.7340018194393685,0.26403380074884836
R:A:VAL:19,52.720465,3.259578665836276,0.230487017842383,-10.08611,0.9477554262044612,0.0670164288775521,-56.972335,2.0475740310853228,0.14478534823619063,-0.195605,0.44979751997426576,0.03180548765346949,0.006178823999999999,0.009180589198315322,0.0006491656877416733,-14.527406176,3.989743717539138,0.282117483786835
R:A:LEU:20,72.615995,2.844629890684375,0.20114570856688688,-11.754845,0.9134337748162151,0.06458952163373716,-74.114075,1.363876907706484,0.09644066101429939,-1.89882,0.6146394777428472,0.04346157426969253,0.031509324,0.02281157294646347,0.001613021791997591,-15.120235676,3.3413683949521773,0.23627042505130946
R:A:ILE:21,77.586125,2.7365765930035653,0.19350518661491997,-11.468955000000001,1.0731967074935518,0.07588646694157661,-65.027145,1.3215014581811857,0.09344426424278271,-0.6356099999999999,0.5136561085979607,0.036320971758751174,0.0004974840000000001,0.0022143599236221743,0.0001565788917980965,0.4549124840000006,3.263558828581901,0.23076845784914876
R:A:ALA:22,87.92456,2.2478355180929053,0.15894597378354697,-7.18119,0.718580534039157,0.050811316844773864,-75.92393999999999,1.7968515871935562,0.12705659420903745,-0.6787000000000001,0.7427154502230313,0.05251791313447251,0.018686952,0.013835690148225204,0.000978331032620595,4.159416951999999,3.0577141450799292,0.21621304069160446
R:A:PHE:23,96.93892,3.047029939728194,0.2154575532860243,-14.001154999999999,1.0766553770705833,0.07613103181275688,-75.32888,1.3179089936714146,0.09319023864117959,-2.461225,0.44537544204300267,0.031492799524256335,0.009596483999999999,0.015461310948795512,0.001093279781792712,5.1572564839999995,3.5183889362442944,0.24878766756700638
R:A:ALA:24,90.03464500000001,2.111139225388747,0.1492800862301298,-8.88873,0.5356535980463494,0.037876429154554685,-76.27746,1.0980147122875905,0.07764136489011511,-0.94663,0.5478677971007239,0.03874010345236573,0.00017618400000000002,0.000494824896447218,3.49894039777759e-05,3.9220011839999995,2.4999258553858508,0.17677145248069154
R:A:GLN:25,33.58462,3.0790274951029586,0.21772012212471312,-12.96638,0.7698260878925838,0.054434924708315714,-75.21719,1.7314005873569518,0.1224285096270472,-6.082154999999999,1.0818571259528682,0.07649885100362619,0.018623556,0.01319495926243291,0.0009330245171946556,-60.66248144400001,3.773775226881556,0.266846205360175
R:A:TYR:26,86.99394000000001,3.2074514534751732,0.22680106730789432,-13.86096,0.9000739905141132,0.06364484222621657,-78.236225,2.953715599778523,0.2088592330299884,-3.943275,1.1135856767105978,0.07874239834342742,0.057677544,0.037639106288774496,0.0026614867294593673,-8.988842455999999,4.589531960981667,0.32452891720825294
R:A:LEU:27,68.96288,3.3039960692470562,0.2336278025578291,-10.78006,0.9885894579652366,0.06990383095367521,-72.678275,1.675255780284014,0.11845847224607872,0.229235,0.5356339606251642,0.03787504057918618,0.003036924,0.009569298414942654,0.0006766515800403631,-14.263183075999997,3.871327470341685,0.2737441906472368
R:A:GLN:28,30.418274999999998,2.784462867300442,0.19689125754302803,-11.21754,1.2895205885909693,0.09118287526723425,-83.39817,2.3094020635437214,0.16329938596179713,-2.37372,1.1771705108436925,0.08323852508304072,0.042482016,0.028893194435668478,0.00204305737156026,-66.528672984,4.016964018653851,0.2840422497372503
R:A:GLN:29,27.26043,2.6839334520624765,0.18978275442067966,-7.18938,1.0825570495821457,0.07654834307808367,-70.3338,2.9723330617546884,0.21017568639117132,-8.413530000000002,2.437647427151843,0.17236770258810086,0.614707236,0.11115151772747821,0.007859599192427659,-58.06157276399999,4.81296914697083,0.3403283121464707
R:A:CYS:30,100.52205,4.534012033232819,0.32060306546803324,-6.737785,0.752296436768778,0.053195391190167966,-79.24699000000001,5.171782679105919,0.36570026032189257,1.65223,1.1370054384654456,0.08039842557849003,0.09195541200000001,0.048485975023182276,0.003428476173133376,16.281460411999998,7.011824540235512,0.49581086808907765
R:A:PRO:31,81.803345,2.3121702675138356,0.16349512754169468,-6.045159999999999,0.7793712173284307,0.05510986728345478,-55.32241,1.8405341593950384,0.13014541851137135,-5.065905,1.1647239226421857,0.08235841839104853,0.489433068,0.062119116163462725,0.004392484828049936,15.859303068,3.2713234986535547,0.231317502935283
R:A:PHE:32,91.67393499999999,3.0962232220521497,0.21893604363803365,-11.244200000000001,0.8712390946232842,0.06160590718429523,-68.507485,1.9580529307899217,0.1384552505283747,-5.859715,1.0599740250473122,0.07495148209925538,0.333968184,0.07426059497671524,0.0052510170282983005,6.396503184,3.9126316783325383,0.27666483920342405
R:A:GLU:33,94.56567500000001,3.0897365032272575,0.21847736335116047,-4.904529999999999,0.7339294237867834,0.051896647247196996,-7.6884749999999995,6.607766471310483,0.46723964803607465,-136.83659,6.422115657779764,0.4541121531180376,0.9715163759999998,0.07550383280006534,0.005338927217850147,-53.892403623999996,9.746639018067587,0.6891914543452983
R:A:ASP:34,86.86068500000002,7.097600705574736,0.5018761589066321,-6.6312549999999995,1.2203549729382022,0.08629212768193284,-11.368065,15.702412793923582,1.1103282567573767,-129.72816,10.883474760590019,0.7695778806085839,0.455995944,0.18279280903301218,0.01292540348193805,-60.410799055999995,20.41848196272091,1.4438047057375163
R:A:HIS:35,119.071385,3.0604341843560365,0.2164053765133274,-12.453724999999999,0.9302302453559549,0.06577721145560216,-94.51943500000002,1.673577275113104,0.118339784007218,-7.312625000000001,1.1666485907825888,0.0824945129804098,0.11534525999999999,0.05844894247274282,0.004132964357565886,4.90094526,3.7943289018186315,0.268299569652806
R:A:VAL:36,63.600475,3.023214535783889,0.21377354992345282,-6.689220000000001,0.9667666738153524,0.06836072708799987,-62.13067499999999,2.707687760687151,0.1914624376917702,-2.116705,1.2890707769455485,0.09115106878076087,0.53859096,0.09232729145108937,0.0065285253873652044,-6.7975340399999995,4.367638347788389,0.3088386693491578
R:A:LYS:37,118.71628000000001,3.680120854211177,0.2602238411598753,-6.293030000000001,1.2281606080232341,0.08684406943194221,-175.181645,12.396129786710647,0.8765387432651649,52.31111,12.356845981394281,0.8737609587521635,0.9980047439999999,0.21184152302495576,0.014979457746783236,-9.449280255999998,17.92908868594421,1.2677780190326156
R:A:LEU:38,80.267,4.8730304041735675,0.3445752843719352,-10.147115,1.3231004503721553,0.09355733006491261,-82.98737499999999,3.3190021308180873,0.234688891347407,-2.14943,0.9413134202272907,0.06656091026646195,0.074524428,0.0969867295892341,0.006857997417765341,-14.942395572,6.116230264383971,0.43248278952442964
R:A:VAL:39,48.455045,2.918281854614972,0.2063536888811901,-9.680745,1.1030435530725884,0.07799695763217307,-53.74129,2.136983040620585,0.1511075199303463,-1.8085000000000002,1.0023988976450444,0.07088030579787308,0.035346024000000004,0.026473741164486444,0.0018719761900785812,-16.740143976,3.912195673508835,0.27663400900667695
R:A:ASN:40,16.177835,7.7859243239178095,0.5505479887247569,-7.313515,0.8666157220908239,0.06127898537732981,-82.08931999999999,8.954530919461947,0.6331809535496152,-6.3221050000000005,3.516201709796382,0.24863300730167542,0.49239640799999995,0.09579877429702707,0.006773996293478737,-79.05470859200001,12.406777028877476,0.8772916169788749
R:A:GLU:41,110.451505,2.5905542669426946,0.1831798489186925,-7.42127,1.2022435182191666,0.08501145443703453,-28.88862,18.36334193918961,1.2984843610448298,-128.82074,17.27869668471555,1.221788359582788,0.5571331559999999,0.10653408534023871,0.007533097417158915,-54.12199184400001,25.37584277805201,1.7943430506684255
R:A:VAL:42,59.574425,3.116780108441242,0.2203896350146145,-9.032275,0.942147742859367,0.0666199057855458,-62.14113999999999,1.6168153266220604,0.11432610813808015,-2.3962499999999998,0.589602084036344,0.041691163182381946,0.016487028,0.01770880199925495,0.0012522013980363065,-13.978752972000002,3.6829331562381427,0.2604227009432765
R:A:THR:43,36.39024500000001,2.887932990042359,0.2042077000871294,-9.574225,0.9095524802753275,0.06431507266477277,-51.455455,2.204185211812973,0.15585943102640598,-0.9234699999999998,1.0819422485049746,0.07650487007700882,0.025380108000000002,0.02017918361031328,0.0014268837569660958,-25.537524892,3.8983177584537896,0.27565269222226163
R:A:GLU:44,88.45359499999999,2.8021912409710725,0.19814484286721923,-6.423795,0.9434408052310436,0.06671133910269678,4.727199999999999,9.140372214521681,0.6463219175457381,-145.13509,8.855814787014236,0.6262006688829866,0.771431796,0.10899912422670553,0.0077074019884098375,-57.606658204,13.066219685698393,0.9239212544230493
R:A:PHE:45,93.020025,3.1688998492181786,0.2240750572283202,-11.201179999999999,0.9386710859507712,0.06637406901795309,-69.711205,1.5385195523538207,0.1087897608457478,-3.744465,0.6815816303092389,0.04819509927238453,0.4212026279999999,0.0876875667635088,0.00620044730842252,8.784377628,3.7097593861448614,0.2623196018513475
R:A:ALA:46,100.61679,2.0885023811094876,0.147679419620677,-8.35978,0.6060737757072154,0.04285588767019066,-81.068585,1.3026777010354482,0.09211322361026675,-1.9966949999999999,0.5131622569665466,0.03628605117500387,0.000275112,0.0010045072433068863,7.102938834933045e-05,9.192005111999999,2.5864016163938657,0.18288621218239498
R:A:LYS:47,139.97566999999998,3.5754595971846754,0.25282317270278054,-7.932860000000001,1.1408024502077474,0.08066691485361269,-222.49233999999996,9.988004306887337,0.7062585575920478,73.96321,9.211264560629013,0.6513347634124099,0.743797152,0.08788940549677701,0.006214719462122525,-15.742522847999998,14.09612325958448,0.9967464345293606
R:A:THR:48,40.601535000000005,2.9155885218554074,0.2061632414953621,-5.60904,0.8795946671052525,0.062196735380564784,-59.364995,2.678386044799181,0.1893904934912917,-3.4946250000000005,0.9952585967350395,0.07037541027855539,0.48250591200000004,0.06629507859771384,0.004687769963573861,-27.384619088000004,4.176485331468467,0.29532210994074987
R:A:CYS:49,89.24602999999999,2.2001010156581446,0.15557063474672847,-8.339894999999999,0.7261395210116304,0.05134581793948753,-73.805875,1.7020984370402907,0.12035653470782133,-3.74637,1.196729544675822,0.08462155762865631,0.037343016,0.03206078505336611,0.0022670398521399482,3.3912330159999997,3.114169499158361,0.22020503706191913
R:A:VAL:50,46.69359,2.8019512418848405,0.19812787236908388,-6.09123,0.7563735433633305,0.053483686162230815,-48.986844999999995,1.6370836786722296,0.11575929705589524,-4.247885,0.9076704092207699,0.06418199014423749,0.512333244,0.05014751075889275,0.003545964491723841,-12.120036756,3.453904314625018,0.2442279162440825
R:A:ALA:51,80.2178,2.425282183581944,0.17149334783017098,-3.095475,0.4670656585267215,0.03302652944036052,-68.87803,1.5253276071388728,0.10785694945389471,-3.4423000000000004,0.920590897195926,0.06509560661058471,0.6502323240000001,0.040110506070233316,0.0028362410839086155,5.452227324000001,3.0456304373925946,0.21535859352684544
R:A:ASP:52,109.052525,3.162617517085334,0.22363082926304015,-4.24701,1.2786078209912528,0.09041122607010701,-18.855875,6.195042145891745,0.43805563110965134,-151.94366000000002,4.639032624847555,0.32802914271753353,0.49202971199999995,0.09101480639090903,0.00643571867873925,-65.501990288,8.458394770760727,0.5980988300357742
R:A:GLU:53,99.36269000000001,2.7014597783235645,0.19102205283552998,-3.82136,1.5102810137189702,0.1067929946297977,14.016380000000002,6.482353392526514,0.458371604190312,-163.52631499999998,7.010303155768301,0.4957032899617219,1.040986944,0.3029948882142405,0.021424974012114937,-52.927618056,10.041707793894373,0.7100559675756517
R:A:SER:54,67.523945,5.364012068589611,0.3792929308066194,-2.2155350000000005,1.1326961502428619,0.0800937128860624,-65.2018,6.304379828341563,0.44578697277960017,-4.91925,2.398304669448817,0.16958574951186198,0.6849668879999998,0.13934638616475226,0.009853277459093562,-4.127673111999999,8.693222288863154,0.6147036430817177
R:A:ALA:55,88.586025,3.078990239408855,0.2177174877493193,-3.8520999999999996,0.635154587482449,0.04491221159105839,-73.232825,3.4564698703120498,0.24440932842646368,-4.681295,1.7954895510626065,0.1269602837105959,0.33425305200000005,0.09597827877666745,0.006786689176959445,7.154058051999999,5.006374013866916,0.3540041014361411
R:A:GLU:56,94.69200000000001,2.909602859498182,0.20573999125109338,-4.235435,0.8537558584132819,0.06036965569617736,13.814035,8.887392404061778,0.6284335435977896,-157.99176,8.154683615101202,0.576623208266889,1.0550772,0.10815477229330937,0.007647697290628598,-52.666082800000005,12.437483424178696,0.8794628870132036
R:A:ASN:57,12.20143,3.197782767027804,0.22611738793268418,-6.623634999999999,0.9511079285627893,0.06725348659270387,-70.24752000000001,3.5357805757145058,0.2500174421875402,-10.45351,2.6880285600975298,0.19007232228680743,0.49367581200000005,0.14649790658451287,0.010358966317554242,-74.629559188,5.556898808958882,0.39293208301822746
R:A:CYS:58,87.929165,2.425627625538388,0.1715177742651618,-7.95944,0.7716195801040822,0.05456174375879129,-81.472055,2.1140219043271524,0.1494839224126628,0.33135,1.0699708115177722,0.075658361649589,0.030167496,0.026806469405820377,0.0018955036296525308,-1.1408125040000003,3.477601312751651,0.2459035470509932
R:A:ASP:59,110.410325,5.392371940934249,0.38129827661146726,-5.572925000000001,1.0036814033222894,0.0709709926440021,-0.8941700000000004,11.408782048540502,0.806722715160234,-162.58671999999999,11.374047987484492,0.8042666461491488,0.648574416,0.0893413063220353,0.006317384354037572,-57.99491558400001,17.018293358338415,1.2033750637903076
R:A:LYS:60,136.371305,3.4585633740001063,0.24455736149189006,-7.86991,1.2299375723588577,0.08696971978510683,-229.44728500000002,16.382217739176067,1.1583977254245947,87.19516500000002,15.51937687433922,1.0973856627634948,0.702018468,0.1800761285403087,0.012733305162067266,-13.048706531999999,22.863397627594527,1.6166863503436513
R:A:SER:61,77.46366,3.6420392988544212,0.25753106855678604,-4.793055000000001,1.1094424284184377,0.07844942644707481,-79.61321,5.959767480019669,0.42141919994169696,-0.33704999999999996,3.1094892808144556,0.21987409564907823,0.279523584,0.08586331216603132,0.006071453028773813,-7.000131415999999,7.725958663373181,0.5463077762038131
R:A:LEU:62,67.24827499999999,3.685836914375756,0.2606280276502797,-9.25366,1.0584317476342062,0.07484242661752757,-71.08061,2.639160059166552,0.1866167974473359,1.9404699999999997,1.0002815149246735,0.07073058422987893,0.042296976,0.023789652221102853,0.001682182440761144,-11.103228024,4.761508836317306,0.3366895186839634
R:A:HIS:63,119.33983,2.964660682287266,0.20963316723624625,-9.236419999999999,0.9358763238804579,0.06617644949678095,-99.43081000000001,4.014727687390515,0.28388411723712187,-5.878534999999999,3.283178808529167,0.23215579993589436,0.47108502,0.10482345151311705,0.007412137339230433,5.26515002,6.0475918267821385,0.42762931905659907
R:A:THR:64,34.670730000000006,3.9644556205234536,0.2803293452985256,-7.326370000000001,1.205765716505491,0.08526051146632889,-47.217600000000004,3.133596301376423,0.2215787194204353,-1.97031,1.8707882974564494,0.13228470912958912,0.21520119599999998,0.13209354357057115,0.009340424040971154,-21.628348803999998,5.523359726502795,0.3905605117542801
R:A:LEU:65,66.708345,4.142163684111844,0.2928952029820137,-9.45426,1.1315325503051161,0.08001143394540558,-68.961365,3.3998744391190394,0.24040742710838825,-0.3484650000000001,0.8073456625107984,0.05708795927229313,0.11965708800000002,0.07732312646488278,0.00546757070658636,-11.936087912,5.536679328334928,0.39150234983210064
R:A:PHE:66,101.309715,3.150375256025066,0.222765170681763,-12.85257,0.8726419340714725,0.061705102912968234,-81.49750999999999,1.2295125334456738,0.08693966499532878,-0.603585,0.7105650658278945,0.05024453765211697,0.09199098,0.05160374995942446,0.003648936153096406,6.448040980000001,3.564496448105942,0.2520479609971074
R:A:GLY:67,75.05336,1.8708016624965884,0.13228565418064045,-4.613375,0.8394218572178116,0.059356088751492043,-77.706435,1.994399560212296,0.14102534534215824,0.9958499999999999,0.9468863857401267,0.06695497843700646,0.036922932,0.024976921439540462,0.0017661350523062724,-6.233677067999999,3.013200158412082,0.21306542650855623
R:A:ASP:68,110.37377000000001,3.6425296618009853,0.2575657424532618,-7.1017350000000015,0.8746420952452494,0.0618465356659126,-23.586595000000003,10.362279445709568,0.7327238064611215,-139.003745,9.500954415214032,0.6718189294742111,0.556018308,0.0900604017855813,0.006368232081896959,-58.762286691999996,14.54943648801543,1.0288005203118697
R:A:LYS:69,126.23969500000001,3.330802693342102,0.23552331712566169,-8.6873,1.5545965360825942,0.10992657526731196,-211.50782500000003,12.340519377415808,0.8726064935134709,81.276385,11.268647266055273,0.7968136896626933,0.42009843599999996,0.10666217184900889,0.007542154501051905,-12.258946563999999,17.11120169660882,1.2099446753922853
R:A:LEU:70,63.255265,4.545230034307944,0.3213962979311911,-11.061115,1.0829075592011537,0.07657312785093084,-74.54394,2.9672870077564117,0.20981887649112982,0.16156000000000004,0.5354249120091444,0.03786025860978765,0.00459954,0.006525333205009534,0.0004614107358763989,-22.18363046,5.560873982507016,0.3932131702354554
R:A:CYS:71,97.815585,2.0072169122381864,0.14193166899559448,-7.754185,0.5813803322911775,0.04110979754115799,-90.09798500000001,1.8494910177600214,0.13077876404017205,-0.9301949999999999,0.929888308871017,0.06575303289487869,0.162221112,0.03775110127650657,0.0026694059709877925,-0.8045588880000005,2.941709921278369,0.20801030336196796
R:A:THR:72,47.92088,4.626657283136498,0.3271540739131946,-5.403090000000001,0.9653443281544674,0.06826015206179957,-56.982569999999996,3.657103901326841,0.2585962968131988,-3.62284,1.952335922529727,0.1380509969974864,0.558745308,0.1116632386349793,0.007895783324804555,-17.528874692,6.287792972566961,0.4446141049599217
R:A:VAL:73,39.00068,3.024960072067068,0.21389697797771712,-7.19268,0.8456869560304215,0.05979909813701207,-41.004439999999995,1.980652058388853,0.14005325016578515,-1.563325,0.8369256235622136,0.0591795783769621,0.228535524,0.0879880787122291,0.006221696712099291,-10.531229475999998,3.807458317955755,0.269227959571164
R:A:ALA:74,94.65012999999999,2.345220384761313,0.16583212374416484,-7.52674,0.6086698796556308,0.04303945994084963,-79.62972,1.2871889378020618,0.0910180026588147,-2.6475699999999995,0.6778230632694642,0.047929328448247634,0.0066401279999999995,0.008761879633390087,0.0006195584504710432,4.852740128,2.826112862702888,0.19983635696157384
R:A:THR:75,39.505605,3.814715627536999,0.2697411288529708,-5.63644,0.7310123982532717,0.05169038239363295,-47.55036,3.026259329667569,0.21398884936369936,-6.2309149999999995,1.1184353972290935,0.07908532536997619,0.590582052,0.0712806481075172,0.005040302964419746,-19.321527947999996,5.0498176842678815,0.3570760328301567
R:A:LEU:76,75.539885,3.460303921879551,0.2446804368127436,-6.54216,0.9569985028201454,0.06767001309294982,-70.555145,2.533194533385662,0.17912390326216934,-3.180815,0.9438647788613578,0.06674131856560071,0.734522904,0.053614826838690656,0.0037911407629780667,-4.003712096,4.494483193936978,0.317807954436181
R:A:ARG:77,-193.407005,4.08460035437679,0.28882486090168036,-6.645715,1.1074573959186873,0.07830906345292989,-36.496225,17.737095684310184,1.2542020636930378,59.10264,14.699009266967622,1.0393769129396708,1.20183606,0.1816914198105161,0.012847523503142774,-176.24446894000002,23.422401039508266,1.6562138606707133
R:A:GLU:78,100.16083,2.949833961615467,0.20858475976326746,-4.11479,0.6845062131931309,0.04840189851131874,-23.27242,5.261110044809935,0.37201665892537655,-134.33295,5.3318029096638595,0.377015399337348,1.1737737,0.05645153268763922,0.003991726157180374,-60.38555629999999,8.079644614934669,0.5713171496797675
R:A:THR:79,33.444525,3.401248225192481,0.24050456845323126,-5.111105,0.7935679895100356,0.05611373067151212,-43.785734999999995,3.01242379567932,0.21301052937325657,-5.80873,1.3039493153876802,0.09220314032341848,0.638313444,0.10280405898111836,0.007269344723905058,-20.622731555999998,4.79414113890778,0.33899697092870895
R:A:TYR:80,81.8803,3.6908845958658745,0.26098495263137295,-11.466885,1.1214301189886957,0.07929708417637436,-75.65459000000001,3.622403927214633,0.2561426381130248,-4.726495,1.5681347454778878,0.11088387123416552,0.227011212,0.09121558689871297,0.006449916004599074,-9.740658788,5.51991047816387,0.390316613065235
R:A:GLY:81,79.285445,2.4706664965095952,0.17470250337323442,-4.02626,0.6446252108008188,0.045581885788106666,-76.98367,3.338183200649718,0.2360451978022429,-2.562285,1.8781218687228471,0.13280327092686758,0.19728874799999999,0.08010368151284245,0.005664185639573837,-4.089481252,4.604015642245571,0.32555306813207807
R:A:GLU:82,94.81867,3.0518915611633384,0.21580132183445955,-6.019355000000001,1.090101513151413,0.07708181721310804,-11.364035,13.765156053738549,0.9733435189689583,-131.28125,12.35812577325138,0.8738514537022297,0.7795267560000001,0.12879583239703862,0.009107240647651204,-53.066443244,18.78088777421858,1.3280093101853483
R:A:MET:83,83.64879,2.7519807531848763,0.19459442522718887,-12.133475,0.9093502512096205,0.06430077291040132,-68.37126,1.6607165057287774,0.11743039028292464,-2.005455,1.0093338040385846,0.0713706777316497,0.009939132,0.015166169411429373,0.00107241012354457,1.1485391320000005,3.4895959649140775,0.24675169703919578
R:A:ALA:84,87.99790000000002,2.4278619318239665,0.1716757635777398,-7.384510000000001,0.8010739915263759,0.056644485164047534,-76.85897500000002,1.8573079185678938,0.13133150239708297,-1.9470049999999999,1.0023020278214545,0.0708734560669578,0.059713775999999996,0.03089183886656513,0.002184382874587035,1.8671237759999997,3.31532644922918,0.2344289814097071
R:A:ASP:85,100.685355,8.238001343103495,0.5825146613132367,-6.85333,1.2625950028017694,0.0892789488373379,-47.344485000000006,14.73564652466172,1.0419675582756283,-113.93395500000001,12.20516635990575,0.8630355898599286,0.39770398799999995,0.11215472732583615,0.007930536823422691,-67.048711012,20.870475685179926,1.4757654883579683
R:A:CYS:86,86.82916499999999,2.279106278297482,0.1611571504428984,-8.972025,0.7227336815003159,0.051104988718079176,-78.29213,1.3557988062762112,0.09586945298425352,0.630405,0.7112607545584109,0.05029373027401129,0.007350047999999999,0.0099822446378806,0.0007058512874908425,0.20276504799999898,2.8391638401883417,0.20075920042968157
R:A:CYS:87,84.191205,2.112124753175105,0.14934977356820797,-7.895519999999999,0.601535227231124,0.04253496382977185,-73.50265499999999,1.615928230453011,0.11426338096641021,-1.489415,1.034598483845303,0.07315716037323346,0.164002428,0.04446987145770511,0.0031444947666237383,1.4676174280000003,2.9165924022380065,0.2062342265579657
R:A:ALA:88,100.98769499999999,2.364071399508695,0.167165091780177,-3.89756,0.5225173455494085,0.03694755583255813,-80.97591,1.6051097787690412,0.1134984009116428,-2.967805,0.7223908962431628,0.0510807501400968,0.62024274,0.068940314439779,0.004874816383750058,13.76666274,2.9941337201609843,0.21171722573051366
R:A:LYS:89,133.23938,3.420850935892997,0.24189068941982858,-7.955425,1.1709915646045448,0.08280160760441188,-210.22071499999998,10.855385125999675,0.7675916434985954,70.312715,9.9040427005226,0.7003215754700657,0.6539779440000001,0.08431384965943416,0.005961889484212897,-13.970067056,15.133076331095717,1.070070089393142
R:A:GLN:90,29.24665,2.827619125253612,0.19994286580796025,-5.37554,1.020590196112034,0.07216662484833276,-81.8759,4.03108311127419,0.28504062035085453,-8.72934,2.5789518073046653,0.18235943112984312,0.8736170400000001,0.05568239038696525,0.003937339583529975,-65.86051296,5.651615545036588,0.3996295676554677
R:A:GLU:91,102.31897500000001,2.704831422542817,0.19126046408464817,-5.795965,1.078178757801785,0.07623875109729303,0.30133499999999996,11.123816545717347,0.7865726112151853,-138.86262,10.344630981605869,0.7314758715965961,0.619484112,0.18505483379912738,0.013085352787071248,-41.418790888000004,15.468145087179572,1.0937630283522055
R:A:PRO:92,78.38649500000001,2.6176174987906466,0.18509350839474356,-4.838945,0.8982265872122691,0.06351421108598453,-53.385115000000006,1.5424228479165498,0.10906576552188592,-6.7250700000000005,1.2368835374035827,0.0874608736836078,0.7588866959999998,0.10835099271390357,0.0076615721696295415,14.196251696000001,3.4028548950031783,0.24061817716505846
R:A:GLU:93,102.017535,2.8079766681322336,0.198553934344991,-6.7176,1.0779210870931137,0.07622053102675158,-15.713805,10.986802765453424,0.7768842739011229,-131.25546000000003,10.481629282148841,0.741163114329093,0.598679208,0.07702278595798476,0.0054463334256771015,-51.070650791999995,15.47988910695767,1.0945934559545536
R:A:ARG:94,-197.65371,3.9516634175875858,0.279424799954299,-13.25476,1.1448356530087627,0.08095210535866254,-54.051945,8.490546987796193,0.6003723351053702,88.668925,7.195517576892923,0.5087999272767981,0.33388124399999997,0.07845822695037445,0.0055478344316482915,-175.957608756,11.865804207175602,0.8390390619125733
R:A:ASN:95,28.35897,2.966431573304869,0.2097583881409752,-8.162389999999998,0.9067542930143756,0.06411721094604787,-95.90534,5.364779403144178,0.3793471895533167,-7.13632,4.047617219747934,0.28620975837312046,0.216565632,0.09607239562289563,0.006793344242978628,-82.628514368,7.402378856435324,0.5234272286297339
R:A:GLU:96,99.00309499999999,3.1393196629166322,0.2219834221960617,-6.89387,0.8379978419423286,0.059255395665711315,-0.04666999999999998,8.153809095821412,0.5765613704155872,-149.39182499999998,7.651761111298169,0.5410612169818448,0.7647523919999999,0.09620836018512287,0.006802958389373823,-56.564517607999996,11.644778883822546,0.8234102114168838
R:A:CYS:97,84.62989999999999,2.4224513699969292,0.17129317908194708,-7.698735,0.6573023389392434,0.04647829411537174,-74.36741,2.1173663315307536,0.14972040912814794,-0.69622,1.1784659908542123,0.08333012935307374,0.11053706399999999,0.05583395147333837,0.003948056570723818,1.9780720639999996,3.489334708567255,0.24673322342574916
R:A:PHE:98,100.80649,3.0236859476308053,0.21380688377482143,-14.482954999999999,0.8435905007614772,0.059650856363299594,-76.167055,1.4318971792607877,0.10125042054171925,-0.628245,0.8152109450780209,0.05764411873621628,0.02732004,0.023643139192281552,0.0016718224051399716,9.55555504,3.5453884212954536,0.2506968194638283
R:A:LEU:99,73.83439,3.6234527688242335,0.2562168024144787,-9.14101,1.007137046235516,0.07121534349773229,-76.91513,2.5842612180466586,0.18273486316381993,-0.33523500000000006,1.3066759543876976,0.09239594281609448,0.23479577999999995,0.09267497733842722,0.006553110492231151,-12.322189219999998,4.747434227253673,0.33569429353281893
R:A:GLN:100,29.891955,3.212518148271695,0.22715933673277663,-6.540850000000001,0.8169811855238773,0.05776929363857585,-74.376915,4.596815744379472,0.3250439584715812,-10.31983,3.5264892501041314,0.2493604462530094,0.9426500640000001,0.10382525180023164,0.007341553960634459,-60.402989936,6.67572859036835,0.4720452955610372
R:A:HIS:101,107.69082999999999,3.0453209044532565,0.2153367062428048,-9.608285,0.7949310874377727,0.05621011625032454,-74.58547,2.660560412601074,0.18813003095066982,-7.102465,1.7396968870395209,0.12301514660347723,0.3918064680000001,0.09777745748963702,0.006913910323810172,16.786416468,4.474436528094139,0.31639044110041575
R:A:LYS:102,123.73208500000001,3.634702241969072,0.25701226028902785,-11.331215000000002,0.9926543752862825,0.07019126401394264,-195.91940499999998,6.199568730240435,0.4383757089585086,73.62394,6.637864588585701,0.4693679063187001,0.08673584399999999,0.049371035458111105,0.003491059396663185,-9.807859156000001,9.833349344606201,0.6953228003347337
R:A:ASP:103,93.926215,4.635973786463315,0.32781285018112855,-6.923820000000001,1.1123179795364273,0.07865275861659271,-62.157309999999995,14.24287149362445,1.007123101671042,-96.74662499999998,10.854454692170167,0.7675258518915664,0.270028476,0.08284171714496884,0.005857793995834534,-71.631511524,18.531458173461402,1.310371973972943
R:A:ASP:104,73.81216,3.7535489479158253,0.2654159914586911,-6.428895,1.27042535159489,0.08983263811040505,-51.306945,6.943642793374022,0.4909896905331872,-79.55880499999999,6.237428680712509,0.44105281172992755,0.19853845200000003,0.0933412840129066,0.006600225489018573,-63.283946548,10.140587491000025,0.7170478180101595
R:A:ASN:105,28.98228,5.388600959581253,0.3810316279628241,-5.037605,1.072900190593235,0.07586550003048156,-83.09394,5.757721051457773,0.407132359966633,-6.501334999999999,4.297483133506751,0.3038779465737437,0.5656777559999999,0.20441932178776756,0.01445462886416854,-65.08492224400001,9.047078830698347,0.6397250791116061
R:A:PRO:106,80.05968499999999,2.5650717428124694,0.18137796235726927,-7.407769999999999,0.6762582473434243,0.04781867925298649,-57.123155,1.6967022163523569,0.11997496428369962,-0.60592,1.143953532098223,0.08088972999089564,0.166690908,0.044189997929318076,0.0031247047196440304,15.089530907999999,3.3505669838651175,0.23692086351107822
R:A:ASN:107,18.004109999999997,7.399636340246729,0.5232333034502868,-3.564815,0.6371371836386571,0.045052402309699306,-72.557905,7.984247986878601,0.5645715894196899,-13.85638,2.7408661068355746,0.1938085010467807,1.1010302639999998,0.07363949627647859,0.005207098718025952,-70.873959736,11.24395604161017,0.7950677564386002
R:A:LEU:108,80.77798000000001,3.5633291104808156,0.2519654177620413,-7.745285,0.8898729424895444,0.06292351920287835,-71.102185,2.2768497360992,0.16099758881385456,-4.864975,1.1621226288025717,0.08217447913966354,0.260557236,0.041359236339781516,0.0029245396480556594,-2.6739077640000004,4.474982962532439,0.3164290798500954
R:A:PRO:109,96.20250499999999,2.490882345670907,0.17613197977617523,-3.1381799999999997,0.75645469633019,0.05348942454354879,-71.349785,1.6675534320599743,0.11791383398005086,-1.44589,1.084162306990978,0.07666185191801721,0.759942144,0.05320371359115512,0.0037620706664612666,21.028592144000005,3.276536518854916,0.23168611912876752
R:A:ARG:110,-193.26757999999998,3.6967263914982946,0.261398029961972,-6.314605,1.2048994974581904,0.08519926053009497,21.99271,7.964603905148077,0.5631825430795063,9.114645000000001,5.851215876975913,0.413743442479606,0.8139768839999999,0.11534937202905331,0.008156432316735346,-167.660853116,10.620852926911166,0.7510077126603876
R:A:LEU:111,77.83712,4.536619241858412,0.32078742295794577,-7.441599999999999,0.9232049934873618,0.06528045113201959,-82.18636000000001,3.1402058484118514,0.22204608497336756,-2.121865,1.071831897629008,0.0757899603105517,0.323309484,0.13622461000569075,0.009632534549951674,-13.589395516,5.697499024760442,0.40287401962118496
R:A:VAL:112,66.93262,3.054631867443277,0.2159950907497668,-3.9525650000000003,0.7306449861423809,0.05166440243412286,-63.22779499999999,1.8267743054288346,0.12917244990660742,-3.219525,1.0197392948077464,0.07210645704009454,0.8417610719999999,0.09061197053131344,0.006407233881936734,-2.625503928000001,3.774890867684597,0.26692509307789486
R:A:ARG:113,-181.471915,4.544054749645409,0.3213131927557208,-6.921605,1.2077393091950763,0.08540006554373948,10.843875,9.63697682934721,0.6814371666169046,17.059210000000004,8.246005832880547,0.5830806642133659,0.530113608,0.09434203965832376,0.0066709895993370925,-159.960321392,13.527154276952412,0.956514251938966
R:A:PRO:114,84.706615,2.5463760006674194,0.1800559737522613,-5.717584999999999,0.5799990713570152,0.04101212764384457,-66.657185,1.646856836757525,0.1164503636914673,-0.32188500000000003,1.4332328463215598,0.10134486646532719,0.487790388,0.057578318390087216,0.004071401938294876,12.497750388,3.4044145979666807,0.24072846481927138
R:A:GLU:115,104.29235,3.041428402494459,0.21506146478972002,-5.44281,0.8958115057867923,0.0633434390406773,-36.51429,6.810032790368927,0.48154203661726147,-115.82316999999999,6.509759027882676,0.4603094752506187,0.929964636,0.060685648252471545,0.004291123340002419,-52.557955364,9.940319760264446,0.7028867509645625
R:A:VAL:116,43.853765,3.1617659258355926,0.223570612668291,-7.51115,0.8323650326028839,0.058857095897606085,-47.214620000000004,2.442731746549342,0.17272721826046986,-1.9395600000000002,1.1851841360733784,0.08380517395722056,0.132138612,0.06751052994581405,0.00477371535261826,-12.679426388,4.250382666411175,0.3005474406057101
R:A:ASP:117,91.01444500000001,10.463908962093228,0.7399100984814809,-5.202715,1.0233796821194958,0.07236387129552288,-45.170125000000006,11.592409621358925,0.8197071453555074,-106.78116000000001,13.66077126499086,0.9659623997713368,0.666773604,0.09061246701390259,0.006407268988557287,-65.472781396,20.773770474897024,1.468927397361257
R:A:VAL:118,53.939220000000006,2.909840370467081,0.20575678581276485,-5.830830000000001,0.9468921433299572,0.0669553855600877,-57.31188,2.1813672560116966,0.15424595789841622,-2.49306,0.9687545181313995,0.06850128890758188,0.565731684,0.05409395130240112,0.0038250199787102706,-11.130818316,3.881178981993423,0.27444079771662505
R:A:MET:119,81.24118499999999,2.8549847881862696,0.201877910391095,-12.060349999999998,0.8786394012904272,0.062129187887014915,-66.615095,1.6438610786727086,0.11623853160581049,-2.13734,0.9440639037692311,0.06675539882286675,0.038669579999999995,0.048944787443056685,0.003460919110471956,0.4670695799999999,3.5382024858489722,0.25018869709549074
R:A:CYS:120,95.692925,2.5379799308455926,0.17946228196162833,-7.388630000000001,0.7875382804029276,0.05568736585169028,-86.90845000000002,1.5746803731233845,0.1113467170036908,-1.257795,1.1161724656051142,0.07892531194030847,0.10791280799999999,0.039127193746507506,0.002766710402695533,0.24596280800000023,3.284592647534924,0.23225577345074203
R:A:THR:121,39.945339999999995,3.639803833230576,0.257372997266613,-5.884975,1.0356079588217735,0.07322854103336349,-48.76192999999999,3.1251765510287575,0.22098335316376208,-5.224504999999999,1.3848987219197655,0.09792712775260488,0.53173728,0.0800553978914901,0.005660771471965989,-19.39433272,5.100170350153175,0.36063650397998787
R:A:ALA:122,82.49569000000001,2.0005426973448976,0.1414597307345804,-6.61177,0.8879053086337528,0.06278438647864609,-67.26519,1.6363399536465517,0.11570670775499575,-3.62883,1.4139228448186274,0.0999794431645826,0.156660444,0.10486166433235582,0.007414839393591632,5.146560444000001,3.0786895174159,0.21769622349327225
R:A:PHE:123,103.0523,3.1779959109476525,0.22471824592142045,-13.464545000000003,0.9410306413581865,0.06654091478086996,-75.48206,2.1294259288362207,0.15057315143145542,-5.3142700000000005,2.169285411627525,0.15339164248908738,0.16891606799999997,0.05775074447355441,0.004083594303582186,8.960341068,4.497642250108634,0.3180313334402937
R:A:HIS:124,106.649355,3.0806721375334636,0.21783641590623684,-7.715215000000001,1.1607635111317895,0.0820783750075195,-76.83336,3.049845881417617,0.215656670432426,-15.69395,2.468105367989786,0.1745214042388497,0.9705886559999999,0.1711877754008903,0.012104803684220919,7.377418656,5.124482609014953,0.36235564029070044
R:A:ASP:125,92.655615,6.210980928708041,0.43918267325097765,-5.102185,0.7700479275830824,0.0544506111432645,-16.29822,7.137891239126581,0.5047251298558454,-137.095975,5.284227695167479,0.37365132365866843,0.8064166319999999,0.07474579334004407,0.005285325733591344,-65.034348368,10.864961965747833,0.7682688283314214
R:A:ASN:126,29.92864,7.732530770090735,0.5467724943264795,-5.96179,0.940486286928204,0.06650242310998901,-97.48707999999999,8.954521409522679,0.6331802810953607,-5.202494999999999,3.2864320638003455,0.23238583982221245,0.554562432,0.05375777330018586,0.0038012486042050546,-78.168162568,12.315174617035085,0.8708143483201952
R:A:GLU:127,101.16145,2.6570080405410894,0.18787884031337854,-7.5183,1.1247537819451863,0.07953210263786566,-48.9283,14.63420862260751,1.0347948154344415,-101.979145,14.450244707062057,1.0217866022168596,0.478752948,0.11204605002513071,0.007922852177793706,-56.785542052000004,20.767930836238868,1.468514472551771
R:A:GLU:128,104.33773000000001,3.0227290247556096,0.2137392191094091,-5.20948,1.2464650414672689,0.0881383883333477,-32.969155,10.817479614077163,0.7649113190461199,-120.57261999999999,10.438755561157661,0.7381314844443366,0.8798906519999999,0.15484986938680606,0.010949539270926173,-53.53363434799999,15.385058570097291,1.0878879243868003
R:A:THR:129,40.39491,3.816682830927925,0.2698802311387405,-5.9945699999999995,0.8237618133295571,0.05824875642878567,-53.910215,3.7741101479388486,0.2668698878552524,-0.72973,1.6031564855309666,0.11336028222221396,0.49193424,0.08799272733704303,0.006222025419512202,-19.747670760000002,5.662809567956458,0.40042110460700747
R:A:PHE:130,89.084925,2.8627333528247094,0.20242581665112533,-13.333805000000002,0.9674051152309461,0.06840587171343554,-66.15806,1.7770222385777847,0.12565444752176505,-0.057330000000000006,0.7029106921224061,0.049703291696828286,0.189047484,0.05372300457020757,0.003798790083730966,9.724777484,3.5757366436959614,0.252842762849464
R:A:LEU:131,78.532755,3.5735342288797236,0.25268702860430925,-9.93896,1.0579967336433511,0.07481166648324311,-78.3554,2.335011605966874,0.16511025407284674,1.09428,0.8252050360970903,0.058350807689354224,0.181560708,0.05799909993492947,0.004101155686670487,-8.485764291999999,4.475054236606329,0.3164341196881924
R:A:LYS:132,143.105855,3.569717342308072,0.25241713396652576,-9.908885,1.0247071883103973,0.07245774015848824,-183.499595,15.323473533470636,1.0835332046849673,44.805730000000004,13.323982209050717,0.9421478172428677,0.421989408,0.13619544385246934,0.009630472191479276,-5.074905592,20.64337179248466,1.4597068181020998
R:A:LYS:133,129.332955,3.489085154159325,0.24671557726433693,-9.209494999999999,0.8533105530667013,0.060338167853150784,-153.35789,5.95191302590184,0.4208638061647734,17.816035000000003,5.698059014592162,0.40291361688192545,0.7184729519999999,0.10850131008389942,0.0076722012127949605,-14.699922048000001,8.989258692957662,0.6356365779630484
R:A:TYR:134,84.982955,3.096680352082694,0.21896836761248184,-15.43845,0.7594903603733228,0.053704078406579134,-82.22731,1.3996914816844461,0.0989731338268118,-2.8205199999999997,0.7229908433721689,0.05112317280842417,0.121128984,0.04316578730390706,0.003052282091784886,-15.382196015999998,3.5566796452827414,0.2514952295687591
R:A:LEU:135,70.116345,4.1165305496224605,0.29108266665996274,-10.750345,0.9393704040339997,0.06642351827383881,-73.81512500000001,2.913001520661292,0.2059803128866324,-0.787505,0.6096563704046731,0.043109215370672194,0.068545944,0.026908926949457943,0.001902748472041515,-15.168084055999998,5.165871016745343,0.3652822426675677
R:A:TYR:136,87.60924499999999,2.9634947722199545,0.2095507249447613,-17.0751,0.9372508789006282,0.06627364521436858,-89.66210000000001,1.6541009098600967,0.11696259701289126,-3.10447,0.6732697595317942,0.04760736125327679,0.0014080319999999998,0.0037717966510107622,0.00026670629891864197,-22.231016968000002,3.584703152357944,0.25347679075730956
R:A:GLU:137,101.80411500000002,2.5455987589907014,0.18000101446623848,-8.757014999999999,1.400237099485298,0.09901171483150366,-101.63681000000001,9.270867414319978,0.655549321614705,-53.434095,8.285738268010583,0.5858901716447162,0.16102807200000002,0.08095653200699506,0.005724491276349198,-61.862776928,12.769092849396136,0.9029112143408662
R:A:ILE:138,75.67546999999999,2.932401831110463,0.20735212199420575,-10.303099999999999,1.1253302937360212,0.079572868177539,-62.19204,1.5003628322509195,0.10609167329248796,0.04132999999999999,0.6299228771048088,0.044542273802535046,0.04237398,0.03239359595860268,0.0022905731369345095,3.26403398,3.5375541796075898,0.25014285492153404
R:A:ALA:139,98.19551,2.2823828272005557,0.1613888374377237,-8.393965000000001,0.6398138899516015,0.04524167402821209,-78.430785,1.443482323679442,0.10206961395966484,-0.37933500000000003,0.754084546171714,0.053321829618599915,4.7880000000000006e-06,6.754305187064026e-05,4.776014999976445e-06,10.991429788,2.875920358735107,0.20335827878140425
R:A:ARG:140,-173.654705,4.077759064483211,0.28834110865409907,-14.76394,1.2450892885251243,0.08804110790988492,-30.267020000000002,7.654930341916901,0.5412853154280097,51.944934999999994,6.19695246881683,0.43819071133910975,0.122234004,0.05368586243815017,0.003796163738386414,-166.61849599599998,10.732261035614803,0.7588854555747386
R:A:ARG:141,-189.04799,3.6859849755391023,0.260638497155543,-12.25789,1.1889639556773788,0.08407244756458562,-5.1885449999999995,7.655656112834158,0.5413366351817277,29.127185,6.520875350807972,0.4610955179828524,0.24770635200000002,0.052172602150056646,0.0036891600772452904,-177.119533648,10.776536009635244,0.7620161690114098
R:A:HIS:142,116.76429,2.9170898367893985,0.20626940049241427,-11.733605,1.145724071919151,0.08101492606226954,-81.82116,2.312947384702038,0.16355007802505014,-7.468565000000001,1.1509033955006824,0.08138115954491557,0.15257332799999998,0.05995165495873167,0.004239222176467527,15.893533327999998,4.062018610984234,0.28722809051329123
R:A:PRO:143,78.24627500000001,2.5247653196633943,0.17852786784386074,-10.20813,0.8354908276576111,0.05907812298558578,-55.964195,2.61785611082332,0.18511038081338116,-1.60534,1.398420296048366,0.09888324742846989,0.013065120000000001,0.014664187733004512,0.0010369146586600075,10.48167512,3.9851536761148707,0.2817929188451323
R:A:TYR:144,82.2832,2.933607344209514,0.20743736464292056,-13.384789999999999,1.0456979133095752,0.07394200855738231,-77.89434499999999,1.8636367473236304,0.13177901817009793,-4.44232,1.3880426101528727,0.09814943422149716,0.13773203999999997,0.06981500908203622,0.004936666635050821,-13.300522959999999,3.886414095920316,0.27481097617242406
R:A:PHE:145,103.52841500000001,3.2482605072215187,0.22968670317167902,-14.438570000000002,0.8770752391328808,0.06201858492016728,-74.05424,1.9241966979495626,0.13606125334568986,-5.5958000000000006,0.9353417343409841,0.0661386483079296,0.019504728,0.014006899115664965,0.0009904373348082552,9.459309728,3.9872359578406984,0.2819401583979997
R:A:TYR:146,82.80885999999998,3.110278707833109,0.2199299165688924,-13.720265,0.8065692436331799,0.05703305816695261,-76.090385,2.3542029536076536,0.1664672872785371,-4.26264,1.8400326248194623,0.1301099546614324,0.157926708,0.04274035068956192,0.0030221991802880364,-11.106503291999998,4.3879614777168525,0.310275731647893
R:A:ALA:147,95.95401,2.2726848659460024,0.1607030880210458,-6.3456150000000004,0.6801427841086017,0.048093357481829024,-70.917205,1.422448762864589,0.10058231661119661,0.8629049999999999,0.6861233678974941,0.04851624861708704,0.0021288239999999996,0.002721859331454144,0.0001924645190707108,19.556223824,2.849881378960047,0.2015170448639918
R:A:PRO:148,83.271705,2.586844449899336,0.18291752523986046,-8.712925,0.6250763628349739,0.044199573492003284,-60.444275,1.2495689814392001,0.08835787003360256,-3.268335,0.9390726344511375,0.06640246278471153,0.096274692,0.04052880754009345,0.0028658194645004554,10.942444692000002,3.08664985117208,0.21825910409122254
R:A:GLU:149,92.565715,2.7758926084729936,0.19628524872968675,-7.700265000000001,0.9669096207893477,0.06837083496546609,-76.273305,15.36529428588906,1.0864903784479065,-62.041090000000004,14.32960807286438,1.0132563040067897,0.399105936,0.11552832539039724,0.008169086230267589,-53.049839064000004,21.215177981727905,1.5001396214959335
R:A:LEU:150,72.596045,3.513786045418105,0.2484621940353804,-12.496210000000001,0.9842542638464921,0.06959728643776278,-75.353065,2.448399179213838,0.1731279662673682,1.744715,0.5042876399189257,0.035658520985523225,0.00041148,0.001351694248859556,9.557921694594488e-05,-13.508103519999999,4.4231680072660975,0.31276520922652457
R:A:LEU:151,68.086485,3.2029613609556704,0.22648356982102477,-9.290560000000001,0.8536086201532878,0.06035924437896816,-75.0522,1.8959747202956054,0.13406565816792904,0.62466,1.0653024708504153,0.0753282601153113,0.310605552,0.08741447979374181,0.006181137143604927,-15.321009448,3.9654558302738177,0.28040007080823476
R:A:PHE:152,98.31925,3.2317859764377963,0.22852177792827535,-9.863629999999999,0.9115082737419337,0.06445336814705652,-80.980125,1.8053808017631627,0.12765970075507385,-0.28064500000000003,0.8814942308234354,0.06233105481920709,0.6165889920000001,0.09519506150109225,0.0067313073522892765,7.811438992000001,3.914177046159792,0.2767741132104319
R:A:PHE:153,93.10764499999999,3.1090021066211904,0.21983964723151053,-13.695015000000001,0.9247341806027287,0.0653885809899175,-74.32933999999999,1.3934917525410764,0.09853474677493215,0.34125,0.5784971024127952,0.04090592240128561,0.038732148,0.02582036571590139,0.0018257755690430518,5.463272148000001,3.5774533200218985,0.25296415019658125
R:A:ALA:154,100.688195,2.2831933332451286,0.16144614886975472,-7.1312750000000005,0.6453164877600758,0.045630766450663524,-83.334835,1.79244593719727,0.1267450677102466,0.472175,0.6371581392205549,0.045053884093105664,0.047765015999999993,0.029535593714725694,0.002088481860205331,10.742025016,3.041235020480344,0.215047790616366
R:A:LYS:155,146.094585,3.5541060595844636,0.2513132495788374,-7.420640000000001,0.8014279758031909,0.05666951563230446,-158.60527000000002,9.63517793230099,0.6813099653869008,17.857655,8.89074997320108,0.62867095958846,0.93618792,0.10673778771211627,0.007547501350008755,-1.1374820800000018,13.607624278748137,0.962204340334151
R:A:ARG:156,-189.21231500000002,4.058256872818058,0.2869620954566561,-9.39344,1.1662524625483113,0.08246650248434209,4.87119,13.511763123067988,0.9554259330107697,16.975900000000003,10.753737427517931,0.7604040658097508,0.689765436,0.09782943516995436,0.006917585700832445,-176.06889956400002,17.777788827760908,1.257079503461218
R:A:TYR:157,96.18823499999999,3.182865085072724,0.22506254852568205,-14.796289999999999,0.8999578245117934,0.0636366280494182,-85.43907999999999,1.6979130170889205,0.1200605808248486,-6.139749999999999,0.7651992599970285,0.054107758570282695,0.11799388799999999,0.04688615259244307,0.0033153516441863716,-10.068891112000001,3.7962074585143424,0.2684324036706441
R:A:LYS:158,120.067955,3.3601936079599635,0.23760156862881815,-8.757885,1.0492905278210605,0.07419604476570836,-160.946405,13.277309142705649,0.938847533071731,34.79576,12.015883723322226,0.8496512862710207,0.547698744,0.0917902309852724,0.0064905494776365666,-14.292876256,18.250170872203615,1.2904819581548383
R:A:ALA:159,81.66881000000001,2.2539599406156263,0.15937903585321372,-5.2353700000000005,0.5919406499810602,0.041856524766158025,-70.888745,2.1922068469866156,0.1550124327267816,-4.92659,1.2615059856774364,0.0892019436979935,0.37528127999999994,0.05116708753313989,0.0036180594568248872,0.9933862800000008,3.439551632076719,0.2432130283282705
R:A:ALA:160,93.76854500000002,2.2648127578179613,0.16014644591708863,-7.18046,0.6049035281761878,0.04277313867370502,-78.855805,1.4214825981963333,0.10051399845232996,-2.59993,0.8718940561214992,0.061652219955975626,0.035755668000000004,0.025823926841938197,0.0018260273786799802,5.168105668000001,2.876936565801814,0.20343013547220007
R:A:PHE:161,111.91749500000002,3.155771587104333,0.22314674891173072,-14.209285,0.9859543669840913,0.06971750188349408,-90.14874,1.7821179962056388,0.12601477199915892,-1.2840699999999998,0.8309384544597751,0.05875622158971761,0.001938744,0.005451905310702305,0.0003855079215584551,6.277338744,3.8467432088094364,0.27200582084324515
R:A:THR:162,38.153495,3.9060049359895848,0.27619625775863615,-5.7204500000000005,0.7327852738012685,0.051815743625851785,-48.492,3.5758541622946534,0.25285107266926904,-7.117115,1.7135063705090214,0.12116319741932778,0.639411696,0.0909877770850414,0.006433807418192273,-22.536658304,5.614709668792224,0.3970199281196656
R:A:GLU:163,84.153995,3.0246767901670086,0.21387694692246517,-5.6213999999999995,0.9428646244291913,0.06667059696747885,-43.44966,13.395183293049783,0.9471824941752249,-89.94366,13.003148150136568,0.9194614233734878,0.844355196,0.08631864061166848,0.00610364961193153,-54.01636980400001,18.935625460002427,1.3389509168776355
R:A:CYS:164,83.859825,2.2532149219226736,0.15932635507622397,-7.46962,0.7530511639988349,0.0532487584643999,-73.16287,1.6296879986979098,0.11523634350976254,-0.616545,0.8629361088603258,0.06101879743058691,0.005397516,0.010838763505093373,0.0007664163174128796,2.616187515999999,3.0074445497538798,0.21265844351734914
R:A:CYS:165,87.73217999999999,2.0390762387904973,0.14418446358051204,-6.37851,0.7263064091001813,0.051357618709398895,-77.33266499999999,2.6520113202577016,0.18752551883377094,-1.8364249999999998,1.7267178705205433,0.1220973915441071,0.12093444,0.0568269274206234,0.004018270573311857,2.30551444,3.8344883432252166,0.27113927098753204
R:A:GLN:166,26.874184999999997,3.048695485084563,0.21557532512761055,-3.75428,1.0277638695731621,0.07267388016337092,-64.734495,2.289475177846443,0.16189034236134967,-15.411170000000002,2.3607888683870057,0.16693298177861676,1.274312376,0.15708476546965153,0.011107570288468902,-55.751447624,4.603318262622372,0.32550375594601555
R:A:ALA:167,87.75047500000001,2.347422982629036,0.16598787093301423,-4.506545,0.618290908856826,0.043719769439865525,-75.35019,2.516217763608706,0.17792346435897652,-1.767885,1.5012820127394453,0.10615666916814505,0.28794538799999997,0.07145071568523757,0.00505232855816635,6.413800387999999,3.805651459053618,0.2691001953529292
R:A:ALA:168,89.28152999999999,2.4406716348374276,0.17258154636432022,-2.4863999999999997,0.3364872211540878,0.0237932395860673,-74.97093999999998,2.2044629950171535,0.15587907326514355,-4.36447,1.507218859057967,0.10657646759721395,0.82814022,0.06802558795530693,0.004810135453739946,8.28786022,3.634019117343312,0.25696395608350076
R:A:ASP:169,99.90084,4.40664706260894,0.3115970020266562,-3.99727,0.8627096945670658,0.06100278752237474,-56.60229999999999,9.703230034890444,0.6861219757084013,-96.57437,7.464234506839935,0.5278010836153143,0.7491958200000001,0.08169948309388254,0.005777025851512004,-56.52390418,13.03982174111816,0.9220546378608424
R:A:LYS:170,119.855615,3.454612249844402,0.24427797482350921,-8.890215000000001,1.0662039198835278,0.0753920021877321,-161.331955,11.632356198680258,0.822531794926418,37.10317499999999,10.804679179613572,0.764006191644986,0.47890738799999993,0.1362426471704534,0.009633809970103378,-12.784472612000002,16.283196908525305,1.151395895341407
R:A:ALA:171,82.35033,2.263261388152062,0.1600367475160002,-5.164375,0.5141464911627813,0.036355647042447196,-73.66093000000001,1.3702730549419706,0.0968929369226674,-1.45213,0.7486540009243255,0.05293783208160304,0.332323416,0.04668516380684278,0.0033011395908623307,2.4052184160000003,2.797679268285532,0.1978257982189718
R:A:ALA:172,90.471955,2.2659768782966436,0.1602287616655481,-4.053945,0.38564185713560706,0.02726899722899615,-77.566175,1.5692619871694466,0.11096357925857926,-2.438385,1.0564030134257474,0.07469897344592494,0.574908552,0.05941642763176607,0.004201375889230154,6.988358551999999,2.9774941944481643,0.21054063358378736
R:A:CYS:173,87.42976,2.383105262551363,0.16851098914314164,-6.57795,0.7353790706159647,0.05199915275752096,-74.974465,2.385674021901358,0.16869262785870343,0.524465,1.7498111808920984,0.12373033518048433,0.252931464,0.06330966575763217,0.004476669397187547,6.654741464,3.8700466264928055,0.27365362131011844
R:A:LEU:174,75.204305,2.747289659277849,0.19426271479590468,-11.956875,0.9340059311241016,0.06604419275663076,-76.511405,1.4905522100802102,0.10539795754603119,0.4745700000000001,0.7058944645625151,0.04991427626942015,0.00020739600000000005,0.0007219735862093571,5.105124186462069e-05,-12.789197604000002,3.3376639972697766,0.23600848457916573
R:A:LEU:175,77.050285,2.8897789039604747,0.20433822591202805,-8.95951,1.0690016136096334,0.07558982900827332,-69.844265,1.5676193558306815,0.11084742768271622,-0.777505,0.7224390285518909,0.05108415360828639,0.300518604,0.06642359434644277,0.00469685739931541,-2.230476396,3.532328870916594,0.24977336980061446
R:A:PRO:176,94.274685,2.5152867482207677,0.1778576316295565,-7.40755,0.8830263175579762,0.06243938971114307,-66.8159,2.2202047135343173,0.1569921808562452,-1.3981900000000003,1.4194390278909481,0.10036949621025304,0.379802124,0.12404119802678715,0.008771037227124459,19.032847124,3.7504540053149467,0.2651971459686447
R:A:LYS:177,123.85435,3.380464667394114,0.23903494898759048,-8.934645,1.0523647461669363,0.07441342482963004,-151.95549,11.19385801767648,0.7915252911938443,27.061580000000003,10.84080668371132,0.7665607919584722,0.57952242,0.10027067335415474,0.007090207308286407,-9.39468258,15.980319584035543,1.1299792343399722
R:A:LEU:178,63.43211,3.1141442143709397,0.22020324915745448,-11.448720000000002,0.8535577962856411,0.06035565058882225,-73.34678,1.6741122846452086,0.11837761489403306,-0.621995,0.6956117343568897,0.049187177443669204,0.05576651999999999,0.045838497312595226,0.0032412712289137417,-21.92961848,3.7033881640885116,0.2618690884192985
R:A:ASP:179,84.95201499999999,3.4614444867388823,0.2447610869273852,-6.52788,1.5586148098872923,0.11021071013290859,-115.71033,13.097080233819293,0.9261034247077915,-35.611295,10.41513035626415,0.7364609301856243,0.06205564799999999,0.08860516377572188,0.0062653312153957575,-72.835434352,17.15888049741293,1.2133160757290282
R:A:GLU:180,99.33928499999998,2.7999275336649343,0.19798477458854002,-7.3825400000000005,1.1369647612833038,0.08039554926735683,-98.28264000000001,17.856131788279342,1.2626191873252997,-49.24036,15.74301950962394,1.1131995851607204,0.45846356400000005,0.16598540355872352,0.011736940443435909,-55.10779143600001,23.996748528439632,1.6968263610887968
R:A:LEU:181,81.24588,4.469453327376851,0.31603807559849495,-10.29561,0.9800168865381862,0.06929765861484788,-78.538965,3.4368264261924835,0.24302032717218325,-0.7446550000000001,0.7486585643502651,0.05293815476454577,0.08526887999999999,0.03551320615919661,0.002511162889684379,-8.24808112,5.7714792610787145,0.40810521229862834
R:A:ARG:182,-192.95734000000002,3.878201864833753,0.2742302837434261,-9.275709999999998,1.4651807314799086,0.10360392308933093,13.041205,8.10996305866895,0.5734609873957208,12.72181,6.357348556898544,0.44953242749494726,0.49052988,0.16250969250317593,0.011491170557753633,-175.97950512,11.108600054342245,0.7854966427914651
R:A:ASP:183,86.20139999999999,10.232837263926365,0.7235708620100729,-6.29893,1.341731703843954,0.09487475863210404,-124.06746,15.025909990027225,1.0624922847446938,-33.3644,10.176287050294917,0.7195721580564385,0.156025332,0.06866320637836959,0.004855221884815654,-77.373364668,20.87703777429667,1.4762294981292883
R:A:GLU:184,100.41211,2.7585021946520176,0.19505556077564154,-6.67421,1.5008114824654029,0.10612339765339215,-110.357485,11.757344321732482,0.8313697898642187,-44.02563,11.333748807129087,0.8014170637785921,0.31786045199999996,0.14163912186363375,0.010015398355108321,-60.327354548,16.63041907552294,1.1759482102276386
R:A:GLY:185,88.93805,2.0138910093398796,0.14240359892748494,-5.917525,0.6435772831408828,0.04550778611265329,-79.36267,1.826719357509522,0.12916856450197162,-2.176545,0.6935743276498922,0.04904311103381392,0.005313168,0.006889154281374166,0.00048713677090000095,1.4866231680000004,2.878879145847688,0.2035674966245436
R:A:LYS:186,119.12277000000002,3.1590310804264026,0.2233772298948575,-8.05282,1.1666022105242215,0.08249123340088933,-148.83456,11.837416263543323,0.8370317311679407,23.864675,10.232685249208782,0.7235601129463086,0.434623644,0.11737003006123013,0.008299314416436476,-13.465311355999999,16.00582659578791,1.1317828524377622
R:A:ALA:187,92.86755,2.3182906305077453,0.16392790255932635,-6.162905,0.572638704572962,0.04049167111734214,-86.125455,1.5199313069921943,0.10747537341119126,-0.35688000000000003,0.8312943495537546,0.058781387173152004,0.181650924,0.06805586356707131,0.004812276262778263,0.40396092399999917,2.9509760432127976,0.20866551712748155
R:A:SER:188,87.39591499999999,3.7396104754071646,0.2644303926156655,-7.133489999999999,0.7973227952968609,0.05637923553490238,-82.76939999999999,4.333989209723531,0.30645931597848347,-1.613105,1.3235609936738844,0.09358989539408087,0.11067048,0.06292924129576646,0.004449769325516099,-4.00940952,5.929557016427117,0.4192829975747887
R:A:SER:189,60.15626,4.881991545711648,0.3452089327668101,-8.310395,1.0028958215961417,0.07091544362742858,-53.83644,6.52236591325571,0.4612009166643101,-2.17319,1.4460802273387185,0.10225331348909922,0.04997386800000001,0.02395246654859946,0.0016936951522658616,-4.113791132,8.335023715162949,0.5893751790342412
R:A:ALA:190,95.87467499999998,2.0723512128437593,0.14653735956019884,-6.571434999999999,0.7031773430472572,0.04972214676454548,-77.821485,1.4207353200983637,0.10046115791127931,0.187585,0.6080098459523497,0.042992788510109466,0.099678204,0.036614158751914316,0.002589011994091939,11.769018203999998,2.6792915750849344,0.1894545241518543
R:A:LYS:191,128.76399,3.407200146733384,0.24092543286149756,-8.643505,1.1544793848202748,0.081634020174649,-144.634165,10.705111989501791,0.7569657281138129,12.784320000000001,9.612510878932726,0.679707162672279,0.576343296,0.09588801490770983,0.006780306557575838,-11.153016704000002,14.830738960235694,1.0486916088790186
R:A:GLN:192,40.015660000000004,2.908812158665458,0.2056840802590225,-11.31497,1.0094691719413724,0.07138024968785134,-91.385445,2.508008621790404,0.17734299037423218,4.11368,1.3999937491289023,0.0989945073627825,0.040032324,0.02238982959600684,0.0015832000336947695,-58.531042676,4.210796508090167,0.29774827650671915
R:A:ARG:193,-190.523465,3.9150292666562536,0.2768343742996433,-11.05287,1.476555428387299,0.10440823562104667,-41.772695000000006,7.561959541810244,0.5347112871072341,63.801939999999995,6.086659482540485,0.43039181948777794,0.10437357600000001,0.05179964956687085,0.0036627883471821187,-179.442716424,10.570761990696095,0.7474657485930217
R:A:LEU:194,81.88271499999999,3.0811113082417196,0.21786746996482748,-10.056215000000002,0.9724956805945207,0.06876582904230123,-84.182555,2.803280253020558,0.19822184764771772,-2.6831099999999997,0.7318953599388371,0.05175281721317208,0.143209476,0.04025174787178097,0.0028462283874747508,-14.895955524000001,4.339892388139566,0.3068767337273367
R:A:LYS:195,125.073475,3.4543473217635485,0.24425924157925938,-12.18818,0.9046655832958388,0.0639695168654571,-131.60394,5.944733765813234,0.42035615581551794,7.685184999999999,5.616731560327144,0.39716289744118216,0.157851,0.047927925176756814,0.00338901609006862,-10.875608999999999,8.924167484430228,0.6310339344685107
R:A:CYS:196,81.79705,2.062377578791042,0.14583211713302388,-8.337394999999999,0.8745698479681312,0.061841427011955344,-75.777965,1.8201540274864108,0.12870432556396466,-2.672745,0.584604498763908,0.041337780538812194,0.016862003999999996,0.019488294533898647,0.001378030521868046,-4.974192996,2.9450596927479826,0.20824716797412685
R:A:ALA:197,98.428045,2.2225727823796912,0.15715962861013325,-6.535335,0.7328311761756592,0.05181898941387221,-84.53296,1.3736598445029975,0.0971324191091728,-2.42872,0.7260744050026829,0.051341213542338476,0.067313664,0.035404054918439835,0.0025034447314329746,4.998343663999999,2.8093148920786133,0.19864856106771414
R:A:SER:198,80.52779500000001,3.416215432752302,0.24156290984932888,-7.9287350000000005,0.9215015055739193,0.06515999634649314,-71.32113,3.0530619193033086,0.21588407865217854,-2.16816,1.0190544658652942,0.07205803232117847,0.056759291999999996,0.021190512188041515,0.001498395486498034,-0.8334707079999991,4.783283499130779,0.33822921985730914
R:A:LEU:199,64.35308,4.0548393560781175,0.28672044053049306,-11.09977,0.9357474911000296,0.06616733964351294,-63.29272,3.6233767071062313,0.2562114240388199,-4.09631,1.3849197319339486,0.09792861338495507,0.12167485199999999,0.044221611125101444,0.00312694011015537,-14.014045148000001,5.6891266945894685,0.4022820064773622
R:A:GLN:200,39.71026,3.24180911566366,0.22923052089981386,-7.440125,0.982780855213918,0.0694931007142076,-78.37593,2.5311306772073228,0.17897796659225962,-6.643915000000001,2.281900111261446,0.16135470426633058,0.5439142079999999,0.14661187270059658,0.01036702493890507,-52.205795791999996,4.807324642237798,0.33992918538915406
R:A:LYS:201,123.14066499999998,3.534299005853212,0.24991267937796796,-6.102344999999999,0.8861927025060632,0.062663286938007,-157.327045,9.883378214101441,0.6988603756222518,30.900365,9.53538905246005,0.674253826024647,0.9938300759999998,0.15470644658084234,0.010939397747058799,-8.394529924,14.209340250627882,1.004752084740593
R:A:PHE:202,95.17717,3.210427234979793,0.22701148683601893,-9.78338,0.9531185999653978,0.06739566253105611,-75.69834999999999,1.856564126956029,0.13127890838782902,-4.746775,1.15270353273294,0.08150844846931513,0.47218773599999997,0.07018544274286445,0.004962860250405961,5.420852736000001,3.999469950499443,0.28280523231499816
R:A:GLY:203,80.65527500000002,2.0027662767719545,0.14161696154371828,-3.4732499999999997,0.7391641208148566,0.052266796223797755,-79.371925,3.0972309373656657,0.2190072998712029,-0.70908,2.1511342876724364,0.15210816420560733,0.266747868,0.06678055408943068,0.004722098264803146,-2.632232131999999,4.333833661119735,0.30644831703122866
R:A:GLU:204,103.182225,2.836115550250906,0.20054365378110323,-6.270294999999999,1.142552321766929,0.08079064945818296,-30.604705,8.898281920009897,0.6292035486548649,-116.057435,8.003456687317987,0.565929849653537,0.6689198879999999,0.09700746889272524,0.006859463907978908,-49.081290112000005,12.352859091931755,0.8734790430946842
R:A:ARG:205,-199.955265,3.912544250839216,0.276658657146085,-5.920555,1.2738967332460664,0.0900781018609684,-13.834655,17.20913851783334,1.2168698544338565,44.648610000000005,13.433102038914914,0.9498637544087573,0.97879014,0.2144552182778745,0.01516427391051263,-174.08307485999998,22.216648832717134,1.570954304485448
R:A:ALA:206,86.08203499999999,2.222494538525348,0.157154095934134,-6.139255,0.45299764897292794,0.03203177094503206,-79.259815,1.534551237585438,0.1085091586174872,-0.37579499999999993,0.817219751948642,0.05778616283224731,0.1785078,0.03695754049615314,0.0026132927500806327,0.48567780000000027,2.8581025746637443,0.20209837118714644
R:A:PHE:207,112.42816,3.2480372172128824,0.22967091418375124,-14.634210000000001,0.8756561573471633,0.06191824068479336,-86.599085,1.5594610408006349,0.11027054769463601,0.38384500000000005,0.6354285254652957,0.04493158193158794,0.013581504,0.011435588889584304,0.0008086182450686602,11.592291504,3.7619593819900894,0.26601069895535456
R:A:LYS:208,121.21771000000001,3.451190831568142,0.2440360440170673,-9.88572,0.9280595571405965,0.06562372061991,-175.668495,12.56896190343399,0.888759819439355,50.33763000000001,11.903501937795449,0.841704694008237,0.557896248,0.08957719416306416,0.0063340641432366685,-13.440978752,17.67631744692002,1.2499043933123226
R:A:ALA:209,89.341205,2.179629962396141,0.15412311268876908,-6.323715000000001,0.5703477744104908,0.040329677892031325,-79.520545,1.302417436145186,0.09209482010338582,-2.1632249999999997,0.5159524245267193,0.036483345815248355,0.147234924,0.045577562377755836,0.0032228203427264015,1.4809549239999995,2.653423967874772,0.1876254081047167
R:A:TRP:210,117.98975,3.3491128582805327,0.23681804130492254,-16.112065,0.8721008661703072,0.0616668436347686,-85.56377,1.5889548033534497,0.11235607164501614,-4.340450000000001,0.8301873930023269,0.058703113524752666,0.258587388,0.06115647427744552,0.004324415767504239,12.232052388,3.8980566244246693,0.27563422725798264
R:A:ALA:211,99.48736,2.2657705334830354,0.16021417088385156,-7.6848,0.7436556393923198,0.05258439454819272,-86.79215500000001,1.2594255202174522,0.08905483257451557,-0.008000000000000007,0.5751171619765837,0.04066692452104043,0.00015620399999999998,0.0006061152259958497,4.2858818648208205e-05,5.002561204,2.757472135625429,0.1949827246033692
R:A:VAL:212,48.902615,3.158225594661502,0.22332027345020647,-8.28638,1.1692194642581006,0.08267630118722051,-55.03547,2.011699490256932,0.14224863512701977,-1.14187,0.5042170793418247,0.03565353159926797,0.094364424,0.03278942176572536,0.002318562248173018,-15.466740576,3.9552127516424105,0.2796757757721852
R:A:ALA:213,95.46895,2.3237554491598296,0.1643143235920107,-8.18775,0.6438906797741368,0.04552994660111079,-74.978545,1.3822161256384615,0.0977374395504353,-2.835225,0.5134108436476581,0.03630362890779653,2.5920000000000003e-05,0.0002857819588427513,2.020783610384843e-05,9.467455919999999,2.826401738787558,0.19985678358541312
R:A:ARG:214,-187.932985,4.265906097744651,0.30164511296202856,-12.97221,1.0836246794439484,0.07662383590959147,6.643304999999999,11.613099783949806,0.8211701607826938,25.50662,10.43394174392401,0.7377910961634059,0.45975661200000006,0.08201337191466192,0.005799221142883179,-168.295513388,16.220670466458003,1.1469746082224812
R:A:LEU:215,72.625765,3.7885685594660945,0.2678922519388625,-11.8026,0.9840589565671358,0.06958347612759799,-80.970235,3.007528332331218,0.21266436784020726,-1.212855,0.7040675279935866,0.049785092345751444,0.005487012,0.009747538210802561,0.0006892550368733477,-21.354437988,4.986246737579896,0.3525808880812044
R:A:SER:216,79.67371999999999,2.6577277102065966,0.18792972864344798,-8.625625,0.9106426600895656,0.0643921600187088,-72.81895,1.8111559699539956,0.1280680668140969,-2.8202549999999995,0.6749467089889394,0.04772593948656223,0.00032472,0.0007525649962627812,5.3214381214104137e-05,-4.5907852799999995,3.410077155989886,0.24112886813697845
R:A:GLN:217,39.223095,3.1543273000712846,0.2230446223962259,-11.493015,1.1774882864704006,0.08326099521309484,-82.28907,2.9981916041340657,0.21200416145797707,-1.71931,1.5332309688693353,0.10841580152127273,0.064583424,0.05474944653970689,0.0038713704914437102,-56.213716575999996,4.762269100087312,0.3367432774506895
R:A:ARG:218,-194.098085,4.133848044833651,0.2923071984896626,-13.319855,1.2536663487447526,0.08864759765427938,-16.68083,11.729323188534792,0.8293883965341569,51.53892,10.50636809147671,0.7429124123125147,0.19437911999999996,0.09027261510549033,0.006383237829653537,-172.36547088,16.328788107250578,1.1546196799195134
R:A:PHE:219,104.339955,3.0879296661315006,0.21834960067486955,-12.71226,0.9429142815760083,0.06667410825800371,-74.48559999999999,1.27088848055209,0.08986538627302505,-2.08388,0.5125948942391058,0.036245932571807284,0.018149724000000002,0.01518600994264866,0.00107381306096132,15.076364724,3.5074974890757913,0.24801752595202803
R:A:PRO:220,91.29838,2.7284664255951543,0.1929317111778154,-9.526015,0.9788852970471055,0.06921764315458162,-66.40938,1.4664386641111171,0.10369287235871127,-0.452865,0.9838477660568223,0.0695685427034015,0.005549004,0.009280563419102527,0.0006562349326879208,14.915669004000002,3.394293795711764,0.2400128160287214
R:A:LYS:221,117.410105,3.3451054279312333,0.23653467318741028,-7.35977,1.237614708663403,0.08751257529921057,-185.18769,12.78331154880847,0.9039166282182777,61.820789999999995,11.765027983642877,0.8319131068083372,0.7631286839999999,0.08733742075262438,0.00617568824655234,-12.553436316000003,17.735782642047084,1.2541092175842155
R:A:ALA:222,90.91738500000001,2.3942858448345303,0.16930157569814583,-5.43043,0.8947654916792444,0.0632694746738109,-90.06381499999999,2.1088533402716747,0.1491184497434003,1.414535,1.0590550121570645,0.07488649807458618,0.008809272,0.008913133296053413,0.0006302536995258972,-3.1535157279999995,3.478814362016196,0.2459893225870805
R:A:GLU:223,102.557255,2.7012101547223235,0.19100440178141181,-6.507835,0.9501824655164923,0.06718804647312646,4.69287,7.004172962820093,0.49526981986135593,-155.58273,6.523941336117301,0.46131231588317684,0.765646524,0.10482189762962615,0.007412027463075075,-54.074793475999996,9.991527415674375,0.706507679003465
R:A:PHE:224,88.67186,3.1604413568993808,0.22347695150059657,-11.157775,0.8758952302501709,0.061935145691884824,-67.345935,2.1367584212481767,0.1510916369422047,-3.3203549999999997,0.7807975979567304,0.055210727624937166,0.33357099599999995,0.08151550445794704,0.00576401659740566,7.1813659959999985,3.992193412397755,0.28229070337147155
R:A:ALA:225,90.760695,2.098936631243306,0.14841723252329897,-4.440145,0.5134416656008742,0.036305808349009386,-78.12247,2.40607552231845,0.17013523178783402,-3.301665,1.912643948249386,0.13524435058025527,0.574414164,0.06591531111643412,0.004660916347445158,5.4708291639999995,3.757779722930094,0.2657151524289175
R:A:GLU:226,112.915065,2.7264326033802853,0.19278789822982925,-8.044385,1.1973615146542,0.08466624465437805,-10.254625,10.012552997831024,0.7079944121756012,-147.71738,8.75236301724283,0.6188855240898756,0.21278912399999997,0.07566315793923899,0.005350193206482464,-52.888535876,13.62820274911532,0.9636594579284592
R:A:VAL:227,56.648500000000006,2.8982745918908375,0.20493896176666845,-9.49443,0.9915985856686161,0.07011660841412681,-62.61312,2.4089851920673984,0.1703409765088835,0.505905,0.6046308675340683,0.04275385865480448,0.002932704,0.0055189956017000046,0.0003902519215300803,-14.950212296,3.943612806296715,0.2788555357706518
R:A:SER:228,78.70588,4.26173623486954,0.30135025913046765,-5.852735,0.8501464666603045,0.06011443315772844,-70.456925,5.629844766898551,0.39809014117015634,-2.459355,2.1246425249850858,0.15023491370142628,0.318839688,0.06290535050529371,0.00444807999152098,0.2557046880000003,7.422826940717883,0.5248731265355809
R:A:LYS:229,124.65477500000001,3.1413982849003723,0.22213040296608433,-8.232055,1.313301131490794,0.09286441358171062,-223.17449499999998,7.9070618746772805,0.559113707084592,95.83085,7.288974384472756,0.5154083215155727,0.67965462,0.11132872297911083,0.007872129495936788,-10.241270380000001,11.28079395248336,0.797672590096918
R:A:LEU:230,76.333625,3.3736567496375502,0.23855355650644783,-11.128654999999998,0.902123243229549,0.06378974627536152,-83.201035,1.7783703618130287,0.12574977422991665,-0.34527500000000005,0.792035213469073,0.05600534703825163,0.008739396,0.010953221841704112,0.0007745097440109583,-18.332600604,3.99817797334845,0.28271387573453766
R:A:VAL:231,62.17915,2.9359987751189545,0.207606464344201,-8.54894,1.1529476642068366,0.08152571117138446,-71.45569499999999,2.051016775156898,0.1450287870040807,0.224555,0.7291137887703125,0.0515561304296104,0.037006308,0.02294320970580045,0.001622329916515651,-17.563923692,3.8325161765766373,0.270999817746448
R:A:THR:232,33.446234999999994,3.3449984902500334,0.2365271115514562,-6.978885,0.8331112721449638,0.058909863001665515,-49.69993,3.8567702206768817,0.272714837651896,-0.639015,1.7601879799541298,0.1244640856788616,0.53197524,0.06852015389058023,0.004845106546397508,-23.339619760000005,5.46449655164263,0.3863982567437008
R:A:ASP:233,74.54824,3.3896782254957474,0.2396864459288426,-7.664145000000001,1.1194170375579424,0.07915473782329772,-3.0155700000000003,12.367115513938568,0.8744871243623316,-127.022965,11.65591031296033,0.8241973223196463,0.245981916,0.07545369555293195,0.005335381979106342,-62.908458084,17.36532457500932,1.2279138764494493
R:A:LEU:234,81.80197,4.0355113689717195,0.28535374545553105,-11.781315000000001,0.9319903893147181,0.06590167242851276,-86.98392,2.6959415004038942,0.1906318516617829,-0.8327249999999999,0.7055228907519585,0.04988800203330456,0.008875907999999998,0.010119407254791952,0.0007155501491451734,-17.787114092,4.991985939508765,0.35298671094145456
R:A:THR:235,57.432170000000006,2.9328986414637654,0.2073872517911841,-7.863614999999999,1.0738274194557522,0.07593106501212135,-71.441335,2.3001430657189568,0.1626446759469089,1.744775,0.9267417085547622,0.06553053465274794,0.058084272000000006,0.03273867825451138,0.002314974140084956,-20.069920728,3.988180024281609,0.2820069139762255
R:A:LYS:236,135.512785,3.3872922989867584,0.23951773544745072,-7.306165,1.428587980411077,0.10101642484702672,-251.661345,18.257463809521163,1.290997646698039,114.50804499999998,16.843343082148955,1.191004211123905,0.746093376,0.10189082150449973,0.007204769082649986,-8.200586624000003,25.110917653781733,1.7756100154806054
R:A:VAL:237,55.81264,2.671660339639004,0.18891491431858945,-10.762565000000002,0.8600524029237987,0.06081488862832029,-60.26431,1.6833151944600275,0.11902835888770373,-2.6765000000000003,0.829145566230683,0.05862944524724756,0.002447748,0.003184362240276065,0.00022516841338535918,-17.888287252,3.3761667109664293,0.23873103757406447
R:A:HIS:238,112.30680000000001,2.9816743182312853,0.21083621297111177,-13.313999999999998,0.9490896164219689,0.06711077037257135,-90.12836999999999,1.7811235114668493,0.12594445130890045,-5.568420000000001,1.3484430516710744,0.09534932258804987,0.028818396000000003,0.01965651434092993,0.0013899254584962173,3.3248283960000005,3.8447677231864135,0.27186613291522754
R:A:THR:239,40.506205,3.230749721500414,0.22844850363894925,-7.177325000000001,0.8918678710296722,0.06306458195274904,-56.342805000000006,3.488870290935878,0.24670038414010423,-1.2606950000000001,1.522897380644868,0.1076851064905217,0.34124076,0.09086023142573212,0.006424788578131423,-23.933379240000004,5.072756645351198,0.35869806232369544
R:A:GLU:240,88.12130499999999,2.8699795107239,0.20293819738993193,-11.03473,1.0920411837929924,0.07721897263950098,39.499745000000004,10.91724029093319,0.7719654641561855,-171.659315,9.573661253970448,0.6769600793465409,0.175797396,0.050560139270440944,0.0035751417335865053,-54.897197604000006,14.841597556951475,1.0494594276162086
R:A:CYS:241,85.84955,2.420768338255439,0.17117417076621108,-9.2326,0.5415691922552464,0.03829472483254057,-71.04939999999999,1.3615508437072776,0.0962761834515681,-2.0053799999999997,0.9472381461913366,0.06697985165704684,0.053529336000000004,0.020941753061000025,0.0014808055599367256,3.6156993360000005,2.984113922108415,0.21100871901560453
R:A:CYS:242,91.85949000000001,2.222393484489189,0.15714695033471057,-7.48086,0.7285500260105685,0.051516266382570855,-82.74789999999999,1.3526981370579318,0.09565020256120735,1.6462200000000002,0.9292419392171234,0.06570732765833655,0.017482644,0.022414641216518812,0.0015849544802063937,3.294432643999999,2.8572019858667437,0.20203468994260446
R:A:HIS:243,110.63755499999999,2.909919053337223,0.20576234953186892,-8.837325,0.8790478766113937,0.062158071453955195,-88.68354000000001,5.642854607235597,0.3990100758026042,-5.1985149999999996,4.417514149357645,0.3123654210998314,0.46591092,0.10850760112929231,0.0076726460568807674,8.38408592,7.785137593133974,0.550492358457535
R:A:GLY:244,72.77972,1.8347899884182932,0.1297392442863762,-4.715765,0.5164736970795318,0.03652020535094237,-72.89370500000001,1.7840136344700392,0.12614881386630233,-0.95579,1.096190802689021,0.07751239500557315,0.036689184,0.02856786223186719,0.0020200529108156348,-5.748850816,2.831669900959944,0.20022929890506158
R:A:ASP:245,83.21225,3.677935400126,0.26006930621951524,-8.79921,0.788092073237639,0.055726524918569977,39.378145,7.079305125079368,0.5005824660032301,-171.33308499999998,6.752879804777736,0.4775007102496026,0.14158443599999998,0.045479552012766176,0.003215889963355326,-57.400315564,10.481808671446036,0.7411757990679448
R:A:LEU:246,66.53118500000001,3.0335880324749107,0.2145070669089366,-10.761490000000002,0.9719957303918572,0.06873047722444534,-67.147635,1.369836158733956,0.09686204369553122,-0.80902,0.7422119101712125,0.052482307475948495,0.027535499999999997,0.01630862631545649,0.0011531940259496662,-12.159424499999998,3.546128542980682,0.2507491539700812
R:A:LEU:247,70.763315,3.0990635869202494,0.21913688776396137,-11.132959999999999,0.8752528254167479,0.06188972081048678,-74.429145,2.1511313613945107,0.15210795728651083,-2.3887400000000003,1.0717222365893133,0.07578220610407169,0.039891275999999996,0.030924344833632673,0.002186681393561284,-17.147638724,4.018354591826535,0.2841405781092644
R:A:GLU:248,97.46342,2.9876307241022944,0.21125739446940076,-11.394095,1.0799355378794608,0.07636297420789084,33.956225,8.539918206538925,0.6038634074622132,-177.51526499999997,7.468426576915316,0.5280975077330654,0.12941226,0.04330668558765956,0.0030622451049747796,-57.360302739999995,11.781412143191561,0.8330716418404289
R:A:CYS:249,79.518575,2.2030583070756435,0.1557797468282543,-9.732945,0.6753895705257819,0.04775725452614503,-70.84499,1.3133644162607727,0.09286888849071039,2.3155099999999997,1.177469808487674,0.08325968862240597,0.000858816,0.0024478992148664943,0.00017309261344933236,1.2570088159999993,2.9018932110538747,0.20519483678154
R:A:ALA:250,90.38263500000001,2.1000338668161995,0.14849481879471416,-7.37403,0.5694527891757138,0.040266392879174065,-80.17633,1.2336301881439187,0.08723082715130014,0.50009,0.7167217953292616,0.05067988417015177,0.025483428000000002,0.01500866855427276,0.0010612731311307566,3.3578484280000005,2.601956485801938,0.18398610754628691
R:A:ASP:251,105.8268,2.8411858615725936,0.20090217893293244,-10.278665,0.9809160324793351,0.06936123783407415,-2.94113,6.527665849528452,0.4615756787521414,-157.41856499999997,6.060691606225728,0.42855561334426007,0.05597737199999999,0.017493225723416935,0.0012369578533855063,-64.755582628,9.400917166138429,0.6647452277549505
R:A:ASP:252,98.04391,3.570622598637386,0.2524811452554428,-6.965135,1.302076121728296,0.09207068552951585,-4.50572,9.139827848028649,0.6462834250218706,-150.43956,7.144897649819765,0.5052205579071383,0.17166657600000002,0.04852274146300705,0.0034310759530253943,-63.694838424,12.207912104168923,0.8632297432987179
R:A:ARG:253,-197.27493,4.209978273708785,0.29769041859875167,-13.220535,0.8626426657515844,0.06099804786937856,-2.986085,6.393674185300265,0.45210103731231915,44.650529999999996,5.350246916647866,0.37831958757841233,0.20185505999999998,0.06804038704818484,0.004811181907632884,-168.62916493999998,9.379600768957049,0.6632379308552084
R:A:ALA:254,85.577415,2.293744801143972,0.16219225032002915,-7.29547,0.6588087727861552,0.04658481507422778,-84.42801500000002,1.525437604353256,0.1078647274315149,3.5449850000000005,0.8398488285251103,0.05938628018216834,0.015217379999999997,0.014383256744965654,0.0010170498379912362,-2.58586762,2.954286213199322,0.2088995814919167
R:A:ASP:255,107.20769499999999,3.1666497551789656,0.2239159515529767,-7.447970000000001,0.541242504890368,0.038271624547437225,-6.55729,7.212378919323361,0.5099922042340451,-156.633985,6.986242144012402,0.4940019195042414,0.600410016,0.06375174711436654,0.00450792926970585,-62.831139984,10.54280168536856,0.7454886564429071
R:A:LEU:256,70.509305,2.9319157989231206,0.20731775432865127,-10.811979999999998,0.9607883115442236,0.06793799303776937,-74.914455,1.6917438836818655,0.1196243572182313,-0.86078,0.6778784932419674,0.04793324793919143,0.031456008,0.01901236425066425,0.0013443771688033384,-16.046453992,3.583451202562189,0.2533882645382812
R:A:ALA:257,101.543355,2.370095221499549,0.16759104031801633,-7.8077749999999995,0.6076826921798908,0.042969655245009813,-85.299145,1.37379019649108,0.09714163638664422,-0.20195500000000002,0.7304926919381193,0.05165363360766598,0.002936916,0.003992901085795139,0.00028234074343728717,8.237416916,2.8995800788319466,0.20503127363354934
R:A:LYS:258,129.45096,3.495662562147554,0.24718067024344764,-7.957265,1.0418909370826681,0.07367281468679611,-203.39914499999998,11.470721577301708,0.8111025012412888,69.649225,11.067931778989921,0.7826209614633861,0.7689206519999999,0.12654186082453067,0.008947860789298996,-11.487304347999999,16.352301785499982,1.1562823480535926
R:A:TYR:259,89.34765500000002,3.066284001193464,0.21681902102877182,-10.641085,1.1555985841870005,0.08171315952082014,-97.98101000000001,2.7192119924529616,0.1922773239347272,-2.83149,1.060589501126614,0.07499500283018862,0.47819764800000003,0.07794993110196374,0.0055118924875222726,-21.627732352,4.388911688028001,0.31034292166334965
R:A:ILE:260,78.04407499999999,3.3818754899278884,0.23913470920565874,-10.73671,1.1561852904703467,0.08175464591997203,-60.94228499999999,1.8183158481889223,0.1285743466593356,-3.06545,0.8117177264911738,0.05739711088112363,0.006553224,0.00970569374135739,0.0006862961860633643,3.306183224,4.0913443569370935,0.2893017338959533
R:A:CYS:261,84.72587,2.2365985475940917,0.15815139997957653,-7.5584299999999995,0.6990600940548674,0.04943101329631024,-76.51803,3.1022732357256992,0.21936384420751748,-1.84124,1.947674226455749,0.13772136530691234,0.12209025600000001,0.03908347584786266,0.0027636190804364337,-1.069739744000001,4.348576746222188,0.3074908105763841
R:A:GLU:262,93.961895,3.1741560994971563,0.22444673024990808,-5.570945,0.8306261445289331,0.05873413794272459,11.21396,10.677504732773476,0.755013600269558,-154.09273,10.030659001635936,0.7092746999826655,1.007155872,0.08622644939324602,0.006097130708360292,-53.48066412800001,15.01318983634141,1.0615928340517964
R:A:ASN:263,17.22485,2.8583681756379806,0.20211715201214364,-7.80847,0.9539335401903006,0.06745328750698515,-76.22869,2.57905949212111,0.182367045596237,-11.364650000000001,1.7038443612900798,0.12047999019546772,0.297532908,0.0581584929248303,0.004112426473073735,-77.879427092,4.317206702058551,0.30527261348096124
R:A:GLN:264,33.37473,3.1316660784796326,0.22144223205048308,-9.481495,1.0607751505267267,0.07500813022516291,-81.71851,3.310292526333586,0.23407302930816265,-3.304775,2.491849314138999,0.17620035477227336,0.262652976,0.08420815892807196,0.005954416020927419,-60.867397024,5.301605131974659,0.37488009399926825
R:A:ASP:265,85.76800999999999,4.774632951327254,0.337617533756024,-4.4642349999999995,1.086199309415634,0.07680588974079397,-7.969164999999999,15.370727146032324,1.0868745396727604,-137.449515,17.634315339694226,1.2469343958279744,0.8794479599999999,0.2053712051394742,0.014521937181457575,-63.23545704,23.90078359780544,1.6900406157680434
R:A:SER:266,79.59203,4.310635431012463,0.30480795444919084,-4.982935,0.8689889704564725,0.06144679937860881,-72.68531999999999,5.424897843978263,0.38359820527213107,-4.54045,2.5502685265477436,0.1803312168968534,0.38772730800000005,0.18712669878243973,0.01323185576501156,-2.228947692,7.4367413714860495,0.5258570253708331
R:A:ILE:267,81.90133,3.2274749992989875,0.22821694581143617,-9.979605,1.0217255888813785,0.07224690924098413,-63.47006,1.615025224694648,0.11419952881689131,-2.071215,0.9292280230250269,0.06570634363495659,0.020600136,0.01270608623275885,0.0008984559737524816,6.401050136,3.8642529277827236,0.2732439449455134
R:A:SER:268,67.13731,2.536005383255327,0.1793226603625431,-6.81713,1.1538800904340103,0.08159164366220353,-62.964895,3.627457465494943,0.2564999772317241,-2.3996999999999997,1.9441080294057735,0.13746919709520383,0.036504396,0.02001636262804968,0.0014153705748982913,-5.007910604,4.970026852618388,0.3514339690165696
R:A:SER:269,76.853735,4.690151100420433,0.3316437647896836,-4.165705,0.7061484248902634,0.049932233976410466,-61.202619999999996,4.647779848013458,0.3286476647992497,-6.762065,2.414451306358238,0.17072748915706285,0.608553036,0.12416434615480365,0.008779745114765548,5.331898036,7.0670370279192,0.4997149805338091
R:A:LYS:270,120.91072,3.3314434156383324,0.23556862303371387,-7.326015,1.4405362698575137,0.10186129649614223,-195.92972,19.630977235777134,1.3881197124736757,71.60724,16.880242594003203,1.1936134006293662,0.49943951999999997,0.1039121843893352,0.007347701022960582,-10.23833548,26.14387719873316,1.8486512853732577
R:A:LEU:271,74.814835,2.9414475786209415,0.2079917529347618,-10.50852,0.9514151930676743,0.06727521347420608,-77.6534,1.8907672305178125,0.1336974330344453,0.10161000000000002,0.7767094681410804,0.05492165319343546,0.0041472,0.0063718022206593955,0.0004505544558607761,-13.241327799999999,3.7061602292856333,0.26206510302917607
R:A:LYS:272,126.3863,3.0509174652881055,0.21573244285456925,-6.59282,0.952537793265968,0.06735459329548356,-180.62122499999998,11.979298475051658,0.8470643185566695,46.094525000000004,10.892004113540125,0.7701809969395992,1.0324564559999998,0.13588753973953632,0.009608700082858258,-13.700763543999999,16.503734020360557,1.1669902240696073
R:A:GLU:273,89.87326000000002,2.906741136117904,0.20553763685028592,-5.924815,1.033653423916837,0.07309033454482884,-19.938595,9.459895625797095,0.6689156346318085,-125.72673999999999,8.78223278058604,0.6209976353111178,0.8721719640000001,0.1256732954799177,0.00888644394479105,-60.844718035999996,13.272174466670744,0.9384844566473833
R:A:CYS:274,84.617215,2.23898676833406,0.15832027268759674,-8.21856,0.7676883914714355,0.0542837667447645,-76.18319500000001,1.557422375906742,0.11012639231753216,1.44473,0.7525092604745804,0.053210440098724984,0.012313836,0.021895109603203722,0.001548218047524805,1.6725038360000004,2.931675503031421,0.20730076284320006
R:A:CYS:275,89.85474500000001,2.394800592946102,0.16933797388617536,-7.365,0.6249226032077893,0.04418870104449779,-82.066545,2.5632230215053466,0.18124723801999024,-0.79349,1.8051861067214094,0.12764593373664512,0.150449364,0.048072660489707694,0.0033992504221950926,-0.21984063600000056,3.9945861185530296,0.2824598932462497
R:A:GLU:276,107.64799000000001,2.9120488216889497,0.20591294689625517,-4.836875,0.9792772280488299,0.06924535686148928,-22.973209999999998,9.49569841538262,0.6714472741619404,-129.172155,9.47658920820012,0.670096049163756,1.078246368,0.1120395153324423,0.007922390105242412,-48.256003631999995,13.76319717577082,0.9732050053795086
R:A:LYS:277,142.88189,3.1866381702195183,0.2253293459350113,-8.0597,1.0754494176854623,0.07604575760685141,-181.297025,11.819208137788886,0.8357442222485747,47.057605,11.33677980640777,0.801631387792965,0.654515388,0.08063270395422353,0.005701593175143881,1.2372853880000003,16.71927071657723,1.1822309700185427
R:A:PRO:278,85.458225,2.529604377046933,0.17887004087290587,-4.1478,0.7052061826161197,0.0498656073862537,-63.255069999999996,1.5976449026927102,0.11297055446221373,-2.28283,0.9176627654536279,0.06488855642946605,0.743838336,0.043324493355467,0.0030635043043122237,16.516363335999998,3.208218393797328,0.22685529817815042
R:A:LEU:279,68.302115,2.8045779275632543,0.1983136070946091,-7.1047199999999995,0.9536827048866933,0.06743555077257098,-72.03515999999999,1.6524564485637738,0.11684631603948838,-0.30030999999999997,0.6757070251965714,0.0477797019611885,0.29950365599999995,0.05737733441256455,0.004057190224953264,-10.838571344000002,3.459140429381162,0.24459816546919652
R:A:LEU:280,69.258985,3.8526390883101156,0.2724227224808441,-7.892435000000001,0.8177222607799056,0.05782169557246657,-76.084975,2.538496228946382,0.17949878975044653,-1.7957600000000002,1.003001431903265,0.07092291140386157,0.39192155999999995,0.10697991710904246,0.007564622483857868,-16.122263439999998,4.79300712705392,0.3389167841815279
R:A:GLU:281,110.04975,3.163753706833072,0.22371117001057414,-7.287960000000001,0.8482989970523365,0.05998379732894542,-57.03745,11.888584514461762,0.840649872888529,-98.19658,11.61496486665371,0.8213020420454341,0.6492755519999999,0.0983703635629395,0.006955835114314059,-51.822964448,16.940616164869198,1.1978824567657453
R:A:LYS:282,132.212855,3.473957696054315,0.24564590444352014,-12.156479999999998,1.088817532739072,0.07699102608746035,-182.656955,6.275095883169834,0.44371628515851763,50.34857,6.0267795591924544,0.4261576695021456,0.267083784,0.039343159859082794,0.0027819815129663814,-11.984926216000002,9.431561576742087,0.6669121148092816
R:A:SER:283,80.046235,2.36362411346961,0.16713346388104028,-7.9313,0.7801166579429003,0.05516257789480111,-76.0042,2.0278342585132543,0.14338953553171166,-2.421935,1.1293699043161192,0.07985851178099301,0.017642808,0.01167775086755733,0.0008257416827456876,-6.293557192000001,3.4033844156097506,0.24065561992622697
R:A:HIS:284,104.048765,2.8267866597560913,0.1998840016081202,-9.77657,0.9072522279388461,0.06415242026221614,-84.30918,5.061803865975054,0.35792358386672424,-4.58723,3.709781865164042,0.2623211913580372,0.35528839199999995,0.07847210329266277,0.005548815637221305,5.731073391999998,6.942933613435331,0.4909395439388142
R:A:CYS:285,87.89527999999999,2.2467799317245114,0.15887133255562502,-6.92831,0.7193363635323882,0.05086476206078232,-75.66896,1.9102840334358655,0.135077479403489,-2.10431,1.0159904644729694,0.07184137470497066,0.12432776399999998,0.061795548620258274,0.004369605147652763,3.318027764000001,3.2016722611206285,0.2263924166975263
R:A:ILE:286,82.518415,2.9643269797333427,0.2096095709023684,-10.822775,1.0236723862520667,0.0723845686032251,-67.15485000000001,2.4714350664138443,0.17475684947234546,-1.08324,0.9370603461890809,0.06626017251713129,0.021736224,0.019987948378265938,0.00141336138402785,3.479286224,4.101415913453594,0.2900139004869454
R:A:ALA:287,86.459705,2.063733119367667,0.1459279683264144,-5.766645,0.9832486964013732,0.06952618208182439,-77.914995,2.258560987658956,0.1597043790097034,-0.60676,1.8140471499936268,0.12827250411526236,0.18121305599999998,0.1255861899778159,0.008880284655669566,2.3525180560000005,3.692344658267717,0.2610881946339028
R:A:GLU:288,110.46654000000001,2.794822657772761,0.19762380535249288,-6.08118,0.9790172253847221,0.06922697189679755,-51.84942,9.691792197710392,0.685313198485189,-105.04449499999998,9.899372170495207,0.6999913191246552,0.8014804919999999,0.09797458815867477,0.0069278495670958146,-51.707074508000005,14.167127895572195,1.0017672204896202
R:A:VAL:289,53.43128000000001,2.8757158728914787,0.2033438194487356,-6.94443,0.9725386188218954,0.06876886523347611,-64.671525,2.6783491593470408,0.18938788529595815,1.3472899999999999,1.6447570537620442,0.11630188661195483,0.163811124,0.07350070487375086,0.005197284683822035,-16.673573876,4.37032670238644,0.3090287647258094
R:A:GLU:290,85.82264500000001,3.224901288252867,0.2280349569580835,-4.7951049999999995,0.8906902907155775,0.06298131445020022,-16.137645,10.82544255672603,0.7654743841206412,-118.83692500000001,10.639636994248205,0.7523359467996161,0.9689637600000001,0.07831016719976021,0.005537365026280279,-52.97806624,15.54321497997074,1.0990712713777637
R:A:ASN:291,26.923104999999996,3.1590209454789946,0.2233765132458536,-6.7390300000000005,0.9278606463796166,0.06560965550511601,-93.86798999999999,5.59727701743446,0.395787253520752,-3.834035,3.8786925637094516,0.27426498139367883,0.38943,0.11074022697940256,0.0078305165447273,-77.12852,7.564811175741364,0.5349129280762498
R:A:ASP:292,105.53850999999999,2.943332171179461,0.2081250137525521,-7.18172,1.2851956822211938,0.09087705820502774,-71.22403,9.501909963217921,0.671886496921541,-95.92253000000001,8.003801683518901,0.565954244568852,0.05451552,0.030049006668121325,0.0021247856382948373,-68.73525448000001,12.832106977909035,0.9073669860990693
R:A:GLU:293,100.64395499999999,2.872120711769441,0.20308960316785052,-5.0853,1.034101242625692,0.0731220001094062,-34.27531,11.532317399113674,0.8154579835708887,-116.245965,11.335788180526972,0.8015612692544937,0.811040688,0.09044109464413318,0.006395151132080091,-54.151579311999996,16.45664183915572,1.1636603040025266
R:A:MET:294,98.36466,3.0417825208913274,0.21508650474169685,-6.9696299999999995,1.0540510154162368,0.07453266207173871,-68.55104999999999,1.9551233049350112,0.13824809469754004,-5.054645000000001,1.4073792235836793,0.09951673926970778,0.682391016,0.15192215174043758,0.010742518370811506,18.471726016,4.023651103682381,0.2845150980542548
R:A:PRO:295,74.84727,2.9380372729255835,0.20775060790645114,-7.521775,0.9848101209751046,0.06963659147226406,-48.5201,1.845342136298849,0.13048539381861862,-4.508325,1.3002257340073684,0.09193984335898664,0.149872644,0.10018734582986648,0.007084315162538036,14.446942644,3.835078363621066,0.27118099172982635
R:A:ALA:296,83.529725,2.1476769471629105,0.15186369331369165,-2.52225,0.38992838765598997,0.027572100708868737,-67.642345,1.5480730428422942,0.10946529463658788,-6.663790000000001,0.9124066395527819,0.0645168922027402,0.795041784,0.08630932990912016,0.0061029912458405765,7.496381784,2.828608445716614,0.2000128213287758
R:A:ASP:297,92.35411500000001,7.898081620354084,0.5584787072117208,-2.6016099999999995,1.49104166202692,0.10543256702508955,-33.926345,14.997549868761064,1.0604869213384365,-120.81696,15.618549552964257,1.1043982301199147,0.7718368679999998,0.19612102552168795,0.013867850707964549,-64.218963132,23.097769463320514,1.6332589417797498
R:A:LEU:298,80.82411499999999,3.7296000860380456,0.2637225511951433,-5.33972,1.0885143598501583,0.07696958852689807,-73.91811,3.0710349392183733,0.21715496307821286,-2.1971549999999995,1.8650115551853825,0.1318762317662853,0.722556072,0.15474499677048953,0.010942123657110354,0.09168607199999983,5.294171325738853,0.37435444451933175
R:A:PRO:299,88.807595,2.333751173749035,0.16502112805600072,-4.509085,0.8432019851583605,0.05962338416154353,-63.72763,5.201416098823473,0.3677956595250955,-5.6044350000000005,3.304057859023507,0.23363217175482273,0.6098450400000001,0.060251491798693255,0.0042604238427461655,15.576290039999998,6.6432328078947345,0.46974749674633154
R:A:SER:300,69.85347,6.858860219387767,0.48499465723397406,-4.96947,0.701059761432647,0.04957241113260479,-52.958645,6.792532160319523,0.48030455519896437,-11.134099999999998,1.8879233644404108,0.13349634133563362,0.426229308,0.09954061005550416,0.007038584037369283,1.2174843080000002,9.861445350972911,0.6973094879973498
R:A:LEU:301,56.499320000000004,3.1320150650340106,0.22146690912639744,-9.79435,0.9378134822554004,0.06631342727909635,-55.185615,2.1440076904654517,0.1516042376844229,-5.270255,1.1373936785365917,0.08042587829719361,0.09473662799999999,0.03949214148386506,0.0027925161046819546,-13.656163372000002,4.071978079642494,0.2879323312958183
R:A:ALA:302,84.06596000000002,2.1881251263124786,0.15472381149002243,-4.740214999999999,0.5267741724638747,0.037248558950313766,-67.22047500000001,1.7811663985644348,0.12594748388465327,-7.44245,1.3081834571267135,0.09250253935703602,0.375388632,0.06730573377287091,0.004759234076353345,5.038208631999999,3.1549659833108668,0.22308978412119979
R:A:ALA:303,90.67105,2.468906654270266,0.17457806373510962,-3.824955,0.6435541958335754,0.045506153593497654,-74.00783,1.7187982229162324,0.1215373878915455,-6.244644999999999,1.1303425493959784,0.07992728817415864,0.49216323599999995,0.06608701511283063,0.004673057653466039,7.085783236,3.278104814388418,0.2317970143694319
R:A:ASP:304,106.95071,3.039737673862664,0.21494191222165115,-6.664994999999999,0.8020528754234348,0.056713702708208,-15.330554999999999,6.144074223752102,0.4344516547728584,-148.154655,5.774255893703966,0.4083015498744463,0.5141617559999999,0.07742067768039017,0.005474468619186187,-62.685333244000006,8.998942554275889,0.6363213303636671
R:A:PHE:305,107.62052,2.897583236008933,0.20489007552343766,-11.247244999999998,1.1036543186047885,0.07804014527712644,-81.14897,2.4337939126187327,0.17209521796232455,-3.5399900000000004,1.6688102108688094,0.11800270166186874,0.19331477999999996,0.0826587566224777,0.005844856733220242,11.877629780000001,4.281256154871064,0.30273052591059735
R:A:VAL:306,51.0124,2.9139693443823322,0.20604874835824652,-7.956825,1.201372121523968,0.08494983738580669,-57.468770000000006,2.811715790598331,0.19881833023013745,-1.48349,1.2274745373733829,0.08679555691105392,0.149587128,0.12437467742936589,0.008794617781819405,-15.747097872,4.400275082510258,0.31114643499291983
R:A:GLU:307,94.26715,2.9729526766331147,0.21021949977939725,-5.862565,1.066472937197658,0.07541102458443989,-3.51768,8.668818507593754,0.612978035159499,-141.405565,8.260241485318392,0.5840872768507075,0.84317364,0.1383630658396322,0.009783746212096467,-55.675486359999994,12.384464469432604,0.8757138807699653
R:A:SER:308,79.51577,6.875141204157191,0.48614589670745956,-5.013764999999999,1.1386885657522867,0.08051744065030259,-69.60503,5.855300898254504,0.4140322971043443,-3.2010249999999996,2.0536805994056135,0.14521714782309628,0.271895292,0.05288279958599332,0.0037393786195385023,1.9678452919999996,9.331083936544674,0.6598072727351604
R:A:LYS:309,114.930825,3.3449815043397475,0.23652591046622143,-5.11299,0.9901551696072691,0.07001454348562161,-162.806005,17.466747118309552,1.235085533262727,40.708315,17.218974640372025,1.2175653733286251,1.284291612,0.19659518200760023,0.013901378634617765,-10.995563388,24.77475127525226,1.7518394628940939
R:A:ASP:310,88.20256,4.3738836240119605,0.3092802770659649,-4.941645,1.144424728400693,0.08092304860097028,-42.009565,10.55327742342515,0.746229402984682,-112.05080999999998,8.398463865130337,0.5938610750583843,0.4858845479999999,0.09998598529888723,0.007070076822846161,-70.31357545200001,14.22520378702204,1.0058738061563839
R:A:VAL:311,48.49481,2.7592148654825706,0.1951059542133453,-9.14773,0.820848084056971,0.058042724656066934,-53.607265,1.8546170614914017,0.13114123006848383,0.0020400000000000062,0.7579597340228569,0.0535958467793914,0.010634724,0.010989639243461271,0.0007770848431845265,-14.247510275999998,3.507318979839972,0.24800490344291282
R:A:CYS:312,90.66868000000001,2.2696069301973854,0.16048544509705542,-7.026915,0.5553043829963887,0.03926594948393582,-71.85311,1.5585353021025863,0.11020508808353632,-3.97702,0.8686348022040101,0.0614217559013091,0.178190604,0.04739277537819434,0.0033511752849172062,7.989825604,2.940286271442467,0.20790963611666782
R:A:LYS:313,123.744985,3.913476699148086,0.2767245911983158,-6.416335,0.8898155948144537,0.06291946410988415,-169.88613,15.04019074922589,1.0635020869116807,41.58153,13.617115733851277,0.9628754875608267,1.065194136,0.09953262933659847,0.007038019715323587,-9.910755864,20.682121677769246,1.4624468487675928
R:A:ASN:314,15.309245,3.246870738876896,0.2295884317096029,-8.49439,0.9678437621331245,0.06843688873334322,-82.05683,3.72085401636506,0.2631041106776935,-8.121155000000002,2.878227994960615,0.2035214533037611,0.35393745599999993,0.07382636395264813,0.005220312258126358,-83.009192544,5.797697170167175,0.40995909842912664
R:A:TYR:315,84.16187000000002,3.5977069910013517,0.2543963010059305,-13.563365000000001,1.1491046261220081,0.08125396734237043,-79.838305,3.456264709476836,0.24439482136468232,-4.410555,2.2440981344350788,0.15868170085071248,0.212106456,0.09232091101136332,0.006528074222145481,-13.438248544,5.590545802015664,0.3953112847139262
R:A:ALA:316,90.23491999999999,2.3513869404247356,0.16626816507678188,-4.06828,0.5825519561378195,0.04119264385785404,-77.67766999999999,1.880691099330243,0.13298494296535976,-3.39289,1.4985869971076087,0.10596610278527752,0.590459832,0.06739300890548645,0.004765405360163485,5.686539831999999,3.4140432249532715,0.24140931156284479
R:A:GLU:317,94.31944500000002,3.064968664925467,0.2167260127093077,-4.342265,0.9558062799411815,0.0675857102047097,-22.08052,16.910871434364346,1.1957791867012906,-122.39345499999999,16.54350766155639,1.1698026452098127,1.00268352,0.12462014087564498,0.008811974668559142,-53.49411148,23.874428729476165,1.6881770451567526
R:A:ALA:318,100.644155,2.40991477462897,0.1704067079221795,-3.88601,0.8248881620559237,0.05832840131102514,-83.03486000000001,1.7960532175857151,0.1270001409526777,-1.4364249999999998,0.813213467900649,0.05750287577047777,0.273308544,0.048340240629256945,0.0034181711953137042,12.560168544,3.221426669119459,0.22778926428295618
R:A:LYS:319,125.52319,3.699609854281935,0.26160192157073314,-7.807815000000001,1.0557195890836732,0.07465064804725408,-166.966385,9.505194180908404,0.6721187261815244,36.689685,9.230705416476848,0.6527094395126173,0.808963884,0.1364651508051464,0.009649543352996386,-11.752361116,13.797641775485015,0.9756406063828249
R:A:ASP:320,99.76384999999999,9.146411318517224,0.646748946684492,-4.898785,1.058932891535153,0.07487786284259855,-57.66340999999999,15.734740256575575,1.1126141535633545,-104.92097000000001,13.82919777207268,0.9778719523002487,0.723490164,0.18244458356374713,0.012900780222868133,-66.995824836,22.883186553960243,1.6180856387462113
R:A:VAL:321,53.03297500000001,3.2792306055498748,0.23187661982587848,-5.383870000000001,0.8217891171705793,0.05810926574566229,-57.78086999999999,2.727474671394768,0.1928615835657791,-0.916535,1.195567007229206,0.08453935381746776,0.648056304,0.08907076198900953,0.006298253980788161,-10.400243696,4.506120600915081,0.3186308433751454
R:A:PHE:322,89.99325,3.0721333235229227,0.21723263057722242,-13.16018,0.8858968605881837,0.06264236775537782,-66.83756,1.6424949486680314,0.11614193162678152,-2.4901800000000005,0.7784730423078245,0.05504635671867848,0.20885759999999998,0.05857076580432938,0.004141578567953046,7.7141876,3.678322562487812,0.260096682732661
R:A:LEU:323,68.85223,3.391406917062593,0.23980868288179225,-10.12724,0.8683945142618071,0.06140476497797218,-73.10252,2.3854329040239213,0.16867557825008334,-1.1985249999999998,0.7248642144395046,0.051255640146963335,0.10204988400000001,0.05070810634396974,0.003585604585694959,-15.474005116000003,4.298143726136201,0.3039246575265323
R:A:GLY:324,81.51659,1.8790312855032516,0.1328675764041025,-5.106450000000001,0.5657374545670456,0.04000367904955743,-81.04655000000001,1.553066607554228,0.10981839298359812,-0.60166,0.7352007306851647,0.05198654222007846,0.10732330799999999,0.02980877001159786,0.0021077983414031047,-5.130746692,2.60849420242208,0.18444839392184473
R:A:MET:325,88.52488,2.9377596864958164,0.20773097958176576,-9.361435,0.8149007889154359,0.05762218738363721,-73.56372499999999,1.655507882607329,0.11706208500994252,-2.7959249999999995,1.165330399232338,0.08240130276200129,0.5458761719999999,0.08184548077076471,0.00578734944624809,3.349671172000001,3.6605867347800403,0.2588425703284488
R:A:PHE:326,96.828675,3.2347776676883067,0.2287333224453206,-14.41258,0.8018131039088847,0.05669674830182062,-71.20954499999999,1.3700746359140443,0.09687890657865109,-1.9899349999999998,0.6888488228740759,0.048708967386663,0.027569376,0.024830406331999965,0.0017557748696974563,9.244184376,3.668640697970246,0.25941207152717094
R:A:LEU:327,74.29430500000001,3.046264356876304,0.21540341840341115,-11.06471,0.8268147772627192,0.05846463357877136,-78.128855,1.4256067283704161,0.10080561849358897,-0.830135,0.5451724376516113,0.03854951275794546,0.05860854,0.02457471357973476,0.0017376946617947584,-15.670786460000002,3.5062117242363633,0.24792660864833097
R:A:TYR:328,89.72924,2.896062858848198,0.204782568623406,-15.58934,1.1557178610716372,0.08172159367021668,-95.53595999999999,1.6588594661393112,0.1172990777542603,-0.5524650000000001,0.7420255647718614,0.052469130866396096,0.082755612,0.03668702125968605,0.002594164151425904,-21.865769388,3.609241812556192,0.25521193606005094
R:A:GLU:329,98.54477999999999,2.8783705740574823,0.20353153516838612,-9.558644999999999,1.3217985054368158,0.0934652686556616,-39.536485,8.45097530819816,0.5975741948066993,-107.57187,7.730583531215479,0.5466348037451512,0.133281396,0.05540242862425422,0.003917543297441385,-57.988938604,11.883439875412654,0.8402860919726909
R:A:TYR:330,82.85652,3.18797242610409,0.2254236920733932,-13.902455,0.8606293034605549,0.060855681656481336,-76.115945,1.942221077008228,0.13733576941159578,-4.05916,0.9967244826931864,0.07047906406870057,0.12355217999999998,0.06078679826490945,0.0042982757259736135,-11.09748782,3.9589428423246145,0.27993953301376795
R:A:ALA:331,101.05846,1.9072306044104892,0.13486156936651744,-8.341434999999999,0.6657189540451737,0.04707343867697579,-81.25830500000001,1.4972397944133733,0.10587084116920485,-0.04314500000000001,0.7164522900898566,0.050660827271916904,0.001153224,0.002631667380696884,0.00018608698507182063,11.416728224000002,2.6145263654815576,0.1848749322623027
R:A:ARG:332,-174.11273,4.46771081171331,0.3159148611342936,-13.781755,1.3638987334017876,0.09644220432401471,-73.215065,10.561575082854594,0.7468161361097355,91.132055,9.1726889324764,0.6486070545868855,0.142552908,0.074551842520219,0.005271611339599845,-169.83494209199998,14.748264579673373,1.0428597895020408
R:A:ARG:333,-190.49317,3.845092251312054,0.2718890805190602,-10.906984999999999,1.350756993235645,0.0955129429652076,-61.878449999999994,13.568345909413571,0.9594269402031089,82.19571,10.879269041893394,0.7692804913875693,0.24388056,0.08743549581438421,0.006182623200675907,-180.83901444,17.862682593754034,1.2630823992226385
R:A:HIS:334,117.39092499999998,3.222823961896616,0.22788806780275928,-9.869864999999999,0.7924231551229431,0.056032778655667255,-84.96209999999999,2.7190340692974044,0.19226474286774475,-6.917835,1.3110429847167484,0.0927047384920264,0.41506221600000004,0.07213707521464219,0.005100861505923752,16.056187215999998,4.486837692801638,0.31726733586634415
R:A:PRO:335,76.044475,2.5468963326713943,0.1800927667811092,-7.6079099999999995,1.1129458216373338,0.07869715375729926,-55.240085,1.7199370156418519,0.12161791269741065,-1.6518449999999998,1.2611822552569474,0.08917905250043308,0.277857828,0.13111887373450098,0.009271504475920834,11.822492828000001,3.5058929688560667,0.24790406923923622
R:A:ASP:336,76.467145,3.4933175398144094,0.2470148521240676,-6.1086149999999995,0.9797057654086762,0.06927565902880319,-39.226125,14.54916942575675,1.0287816361584585,-94.335425,14.425732384332346,1.0200533192543784,0.46534590000000003,0.16045816481886985,0.011346105644017158,-62.73767410000001,20.807905311375215,1.4713410947960994
R:A:TYR:337,98.22770499999999,3.3516403204960703,0.23699675987210247,-11.71592,1.41692763174412,0.10019191368568624,-88.34148499999999,2.19079328093159,0.15491247851246526,-7.840725,1.3533695834379462,0.09569768099005847,0.32799117599999994,0.13462161569160067,0.009519185734982016,-9.342433824,4.45987490409052,0.315360778792611
R:A:SER:338,81.565695,3.578096381034894,0.25300962147688183,-8.26209,0.7789988394728199,0.05508353619276817,-69.04370999999999,3.157445167520728,0.22326508891786012,-4.540085,1.6919801647108632,0.1196410648100183,0.029909664,0.030948661092937507,0.0021884008127460376,-0.25028033600000027,5.122775379340133,0.36223492092268966
R:A:VAL:339,55.234735,2.854723164297197,0.20185941078848665,-9.164665,0.7680663465970893,0.0543104922079979,-54.675035,1.9261038091896814,0.13619610647472638,-1.9618149999999996,0.6957940792899865,0.049200071177539974,0.05513921999999999,0.02871363316039961,0.002030360472022148,-10.51164078,3.5964148835791003,0.25430493521390096
R:A:VAL:340,47.10433,2.8130275080595997,0.19891108266132385,-9.83212,0.8249776152114674,0.058334726604313485,-49.322739999999996,2.0604595367053435,0.14569649107648405,-0.5749599999999999,0.6441297915793058,0.045546854359000466,0.051226127999999996,0.025721435766139028,0.0018187801652091106,-12.574263872000001,3.640710110645707,0.2574370807572005
R:A:LEU:341,68.14184499999999,3.0099329146967713,0.2128343974898677,-11.66735,1.2448505482587058,0.08802422642375224,-70.65874,1.8216030254696,0.12880678519394853,-0.46752499999999997,0.5965897412585973,0.042185265163028195,0.0027292680000000004,0.005911035830594838,0.0004179733519650266,-14.649040731999998,3.7793572046837003,0.2672409107958079
R:A:LEU:342,68.28432,3.0640634878539967,0.21666200702476657,-12.527314999999998,1.0500352450156136,0.07424870422354182,-71.2555,1.7365553057705938,0.12279300326158654,-1.07913,0.4928247488712392,0.03484797218634106,0.00336456,0.0042598182248542015,0.0003012146353416447,-16.57426044,3.708042311318239,0.2621981863259766
R:A:LEU:343,80.495,2.9282871853696313,0.2070611726036535,-10.218325,1.0230653592879586,0.07234164531495671,-77.828095,1.6934562869985748,0.11974544241796843,-1.9058099999999998,0.7537237384479807,0.053296316659784286,0.14210604,0.031821065903429445,0.002250089148489899,-9.315123960000001,3.6136456411061153,0.2555233337631343
R:A:ARG:344,-190.10625,3.8572081104731692,0.2727458011363328,-11.900835000000002,1.3912474214800903,0.09837604860368707,3.3701300000000005,7.332420055691026,0.5184803943887367,22.471245,5.650523529282486,0.39955235048097887,0.14538700799999998,0.04692814259066233,0.003318320785434657,-176.020322992,10.124654368121263,0.7159211760868545
R:A:LEU:345,60.325599999999994,3.103057221515581,0.2194192803743554,-11.562089999999998,1.0107938572725894,0.07147391908591552,-69.73680499999999,1.7623382073186182,0.12461612971391385,-1.357755,0.6219846259956913,0.043980954683533184,0.007375248,0.009217642844073315,0.0006517857761599895,-22.323674752,3.760778395331158,0.26592719058785247
R:A:ALA:346,101.224535,1.9785205732503763,0.13990253140624365,-6.734225,0.6433243617142133,0.045489901867062754,-81.85075,1.5514785810638838,0.10970610255359549,-3.1399350000000004,0.7532659562033851,0.05326394656683825,0.076924512,0.026778937271584473,0.0018935568137706563,9.576549512,2.70252148796386,0.19109712704416038
R:A:LYS:347,141.504865,3.1348031432252648,0.22166405602594885,-7.012615,1.0008921903856578,0.07077376550583556,-155.25565500000002,10.42589555654453,0.7372221447975331,7.346705000000001,9.65021103074824,0.6823729659723303,0.943546968,0.1418576395233608,0.010030849887008522,-12.473153032,14.58337308743732,1.0312002002700327
R:A:THR:348,43.803824999999996,2.9691943072784914,0.20995374293371147,-7.364119999999999,0.9992020144094987,0.07065425201642149,-61.869369999999996,2.9248244892813653,0.2068163230151334,-3.040965,0.9926620541629462,0.07019180699251872,0.2504853,0.06408166494373566,0.004531257983143974,-28.220144700000002,4.399841156977369,0.3111157518242363
R:A:TYR:349,81.205035,3.267355959147243,0.23103695552632916,-14.778435000000002,1.0325057993904925,0.07300918523634543,-76.3638,1.640464309273444,0.1159983437381758,-4.16993,0.9107917078564121,0.06440269928737459,0.009358344,0.008487280862847888,0.0006001413851954554,-14.097771655999999,3.906714720655508,0.27624644711368185
R:A:GLU:350,105.98843000000001,2.917717089626752,0.20631375396589538,-8.778645000000001,1.264773896384251,0.08943301988010356,-71.04279,13.027480511821922,0.9211819811684876,-84.131025,11.693275728142861,0.8268394561653881,0.28723111199999996,0.08144381996843872,0.005758947738541936,-57.676798888,17.79233837527156,1.2581083118320158
R:A:THR:351,51.164395000000006,3.7150114762911564,0.26269098070713237,-6.070550000000001,0.9179851020032951,0.06491134906547545,-62.79864499999999,3.2839195360080002,0.23220817727822377,-2.9319,1.8505583778957098,0.1308542377991634,0.52264566,0.09830648192475408,0.006951318000358637,-20.11405434,5.372370511221132,0.37988396195311014
R:A:THR:352,36.310805,3.0416259742077094,0.215075435219541,-7.530725,0.9360385084893676,0.06618791768045736,-47.00131,2.4183283614720312,0.17100163835326254,-1.77803,0.8483031705115808,0.05998409243707868,0.15685945199999998,0.07012677132615544,0.0049587115547442846,-19.842400548,4.086625105561633,0.2889680324309821
R:A:LEU:353,64.882985,3.935263648699411,0.27826516117522687,-11.44703,1.0609826620166798,0.07502280350333491,-71.09569,3.222837194755577,0.22788900350718985,-0.693745,0.5537042170464299,0.03915280066451185,0.0026724960000000003,0.004103490458473615,0.0002901605929720988,-18.350807504,5.225444380756908,0.36949471563463493
R:A:GLU:354,108.172685,3.001514813519168,0.2122391478471279,-6.69341,0.7921618470363239,0.05601430138366452,-38.842895,9.879276588089585,0.6985703468655644,-115.15171999999998,9.552689626047735,0.6754771613148738,0.822343068,0.09642947848366792,0.006818593814208387,-51.692996932,14.088999084660722,0.9962426792894657
R:A:LYS:355,120.90818999999999,3.2674052846104047,0.23104044336327784,-6.647620000000001,0.7804985493900678,0.05518958169799804,-149.783615,8.751107174339426,0.6187967225865655,23.183275,9.075006064426349,0.6416998327464913,1.165055508,0.1056832904964391,0.00747293713681399,-11.174714492000003,13.047371232686688,0.9225884675291041
R:A:CYS:356,82.667025,2.389018636255272,0.16892912780771407,-7.67789,0.8411931275872385,0.0594813364804457,-77.43554499999999,1.5824057374690603,0.11189298275528721,-0.8480099999999999,0.7805758834988434,0.05519505004527127,0.005477255999999999,0.008643995877281756,0.0006112228101374489,-3.288942744,3.086810209393303,0.2182704431297871
R:A:CYS:357,83.20919000000002,2.129289140511453,0.1505634790362524,-6.06813,0.569076930739597,0.04023981567427962,-72.555295,1.251876035386491,0.08852100338267181,-3.9019100000000004,0.7321785246099479,0.051772839979085564,0.284874696,0.039371482676703755,0.002783984238606591,0.9687296959999999,2.638664417943889,0.18658175032037783
R:A:ALA:358,86.48665499999998,2.0445526517981873,0.14457170445794362,-2.851715,0.5182295570256487,0.036644363398413676,-72.78691,1.4220248000298734,0.10055233791165677,-3.5051900000000002,0.6080843970206767,0.04299806006670533,0.693296496,0.04160543975276771,0.00294194885834304,8.036136496,2.615799992003789,0.18496499125735957
R:A:ALA:359,91.365045,2.4385085652863725,0.1724285942495473,-4.48053,0.4786193467673449,0.033843498570626525,-73.766535,1.6485128445890254,0.11656746112820249,-6.183579999999999,0.9986066060266173,0.07061215028591042,0.34396552799999996,0.05008372488506437,0.0035414541493310457,7.278365527999999,3.14526924665415,0.2224041212966653
R:A:ALA:360,88.62124,2.276423926337096,0.1609674795168266,-2.19692,0.2960904483430697,0.020936756386794972,-71.84642,1.5090575680205183,0.10670648395481881,-7.083515,1.0108749525905765,0.07147965339084264,0.8758485,0.046412373835566734,0.003281850427009433,8.3702335,2.9276359862216568,0.20701512587030993
R:A:ASP:361,110.35743500000001,9.87923266330817,0.6985672409144843,-4.79462,1.0298944778956727,0.0728245369226609,-26.943705,16.10230036044462,1.138604577757298,-129.48446500000003,8.848714189009327,0.6256985807830115,0.604729584,0.0999364570619058,0.0070665746476231825,-50.260625416,20.886687809309905,1.4769118586489427
R:A:PRO:362,83.827225,2.356369305600249,0.16662047149697723,-7.659255000000001,0.8195946009918562,0.05795409001852242,-60.985974999999996,1.627078392203338,0.11505181646490853,-1.591525,0.777175365908493,0.05495459714050317,0.280633896,0.057442142625960466,0.004061772857670148,13.871103896,3.0787817164991513,0.21770274295297085
R:A:HIS:363,107.28311,3.209544548358848,0.22694907146648563,-9.683045,1.088270941895905,0.07695237627828656,-90.92389500000002,4.771796385427086,0.33741695825769485,-3.0731549999999994,3.5793456805643964,0.2530979602937863,0.4008304079999999,0.13474155337357194,0.009527666609806184,4.003845408,6.861881766835576,0.48520831290297634
R:A:GLU:364,91.347775,3.12009662420493,0.22062414809325612,-5.641135,0.8291872326410966,0.058632391507382677,-12.568490000000002,11.208386432038289,0.7925526052253566,-131.3702,10.488383389731707,0.7416407018563638,0.883323072,0.11237610747372778,0.007946190763802118,-57.348726928,15.686596040587675,1.1092098434033593
R:A:CYS:365,84.31494500000001,2.6565068025463443,0.18784339743487127,-6.3041149999999995,0.849940569554719,0.060099874033769825,-71.990645,2.2932561891282446,0.16215770023306014,-1.186285,1.4447472110286284,0.1021590550018695,0.27237617999999997,0.07642301660133288,0.005403923327753458,5.10627618,3.8899339703864446,0.2750598688828166
R:A:TYR:366,83.65469499999999,3.2745993498403743,0.23154914059411882,-14.105775000000001,1.1973670549898223,0.08466663641526691,-83.39556499999999,1.8665077620452053,0.13198202956794913,-0.9183250000000001,0.8708527770955319,0.061578590409938745,0.024655247999999998,0.016830319021506873,0.0011900832709640448,-14.740314752,4.049593536534052,0.2863495050732441
R:A:ALA:367,97.69248499999999,2.1942777125457478,0.1551588650347604,-5.778955000000001,0.6650581350340736,0.047026711716587205,-77.9459,2.1810554784324037,0.15422391189436224,-2.8651150000000003,1.6090840971729847,0.11377942766104511,0.19237330800000002,0.07175517101857633,0.005073856801243575,11.294888308000003,3.5508393992256124,0.2510822618096797
R:A:LYS:368,139.98042,3.0253085104828563,0.2139216162943801,-6.14538,1.0534188082619371,0.07448795827514672,-189.778455,11.530978429776678,0.8153633041410896,46.80295,11.252186495854927,0.7956497374394714,0.9869394599999999,0.13749848125387712,0.00972261084974679,-8.153525540000002,16.4273020635472,1.161585668573399
R:A:VAL:369,51.408744999999996,3.9509031056171193,0.2793710377792855,-8.996395,0.9248005184768225,0.06539327178597962,-57.96785,3.33943498476913,0.23613371230618468,-0.85576,0.8170525150808852,0.05777433739992178,0.014650596,0.019004844606699208,0.0013438454496793595,-16.396609404,5.318331821442558,0.37606284955422353
R:A:PHE:370,88.84520499999999,3.181529448704663,0.22496810477237653,-11.904854999999998,1.1105852168901764,0.07853023379485764,-69.70203500000001,1.865930634770489,0.13194122050699317,-0.552665,1.266833273471691,0.08957863983045847,0.241865964,0.09911576466960391,0.007008542932036695,6.927515964,4.056096247416479,0.28680931616935
R:A:ASP:371,86.47227,7.774477597697481,0.5497385829514788,-5.977425,0.9289007613168374,0.06568320273764823,-36.89301,16.77501559164402,1.1861727279361551,-109.26677,12.673599289747962,0.8961587999821796,0.6444585359999999,0.11896198694720218,0.008411882767379222,-65.020476464,22.435257465712613,1.5864122691671505
R:A:GLU:372,98.99886000000001,2.848505341472963,0.20141974432016344,-7.289485,0.9681135882606958,0.06845596832179791,-30.912455,8.314717328206353,0.5879393006424004,-115.88766500000001,8.410632450224833,0.5947215239621607,0.6997783679999999,0.1271417561800582,0.00899027979668858,-54.390966632,12.20412447032107,0.862961917140871
R:A:PHE:373,108.50931499999999,3.3344402762345284,0.23578053307869798,-13.153155,1.099709271114416,0.07776118829387191,-81.16019,1.6358727529670516,0.11567367167813081,0.027264999999999998,0.7653929936803707,0.054121457610406244,0.04650271200000001,0.023460333372129563,0.0016588960816329877,14.269737712000001,3.948456524094818,0.27919803834077106
R:A:LYS:374,140.44716499999998,3.1134726428499415,0.22015576187979954,-6.04906,1.0270286297859472,0.07262189085943715,-165.385985,10.916553934038662,0.771916931394742,34.017285,10.024488761217452,0.7088383980985193,1.018212984,0.09528225075543789,0.006737472563588717,4.0476179839999995,15.179562020362576,1.0733571240040147
R:A:PRO:375,84.15708000000001,2.571704056379738,0.18184693774710642,-5.836865,0.6796782082537294,0.048060507008093445,-61.005855000000004,1.6686334930040811,0.11799020582181813,-1.736135,1.0645890882284113,0.07527781634635133,0.640455192,0.06551895108132254,0.0046328894605832845,16.218680192,3.3162636526783866,0.23449525170113567
R:A:LEU:376,73.86608,4.172612104377785,0.29504823142666015,-8.51338,0.9928812897824191,0.07020730929183941,-76.41515,2.8007449433141893,0.1980425741791396,0.08295499999999999,0.6234333669086055,0.04408339613590359,0.37325304,0.07425760473754052,0.00525080558645852,-10.60624196,5.160897269035332,0.36493054559420174
R:A:VAL:377,51.991725,2.8036905480767667,0.19825085988937097,-8.256245,0.8983932908114352,0.06352599881052638,-62.275144999999995,2.470808771227551,0.17471256371502022,0.70844,1.0486279637698015,0.07414919441234678,0.196938756,0.07967270274925323,0.005633710838945705,-17.634286244,3.9848030722092624,0.28176812740521573
R:A:GLU:378,90.15652,2.9506690172908243,0.20864380711633881,-7.270015,0.8661160804274448,0.06124365537649594,-49.038875000000004,11.12500445210585,0.7866566088814578,-94.45945999999999,10.977262693786644,0.7762096889642643,0.6855106319999998,0.11114076598521253,0.007858838929441095,-59.926319367999994,15.929060778715542,1.1263546894562426
R:A:GLU:379,106.60895499999998,2.9251268849359335,0.20683770561692805,-6.004684999999999,1.250390197408393,0.08841593877166605,-87.14029000000001,9.890209957624762,0.6993434528395186,-57.534165,8.58730627017431,0.6072142495766013,0.620668908,0.06524703240624768,0.0046136619066756155,-43.449516092,13.478953301264266,0.9531059282620763
R:A:PRO:380,80.08626,2.7351346333224615,0.19340322466804935,-9.74755,0.8330327469553643,0.05890431043225954,-59.32695,1.1612196895936615,0.08211063169590158,1.007205,0.6147587762488633,0.04347000994795147,0.005573304000000001,0.007063593292169645,0.0004994714716436966,12.024538304,3.1466354149671028,0.2225007239844984
R:A:GLN:381,24.816545,3.1620357980223757,0.22358969551362382,-9.214435000000002,1.0796018783676695,0.07633938091755134,-69.858825,3.7305658102190073,0.26379083820685467,-5.0376900000000004,3.1077443256966943,0.2197507086894147,0.48534019199999995,0.12992338066094777,0.009186970350003732,-58.809064808,5.895429309801567,0.41686980429666154
R:A:ASN:382,22.886190000000003,7.1682358962230035,0.5068708211364115,-7.086734999999999,0.8286532596780151,0.05859463391706615,-85.045245,6.302776887608746,0.44567362775339864,-6.334075,2.8731423771499736,0.20316184581971833,0.579498624,0.10151612051828332,0.007178273721822895,-75.000366376,10.003025603573656,0.707320723666959
R:A:LEU:383,83.46673500000001,3.182440559503822,0.2250325300348263,-8.446085,0.9205015088390677,0.06508928589925535,-86.852925,2.086382699644291,0.1475295355068774,0.25771,0.7987669409158092,0.0564813520509203,0.3265422479999999,0.09360850985860257,0.006619121209778566,-11.248022751999999,3.9968781431190705,0.2826219638575791
R:A:ILE:384,96.90655999999998,3.5713220376213624,0.25253060306030234,-10.396614999999999,1.2229541474540246,0.08647591707449538,-76.192825,2.4355452232251817,0.17221905432290296,-0.39364,0.7116569752345577,0.050321747306706265,0.041667947999999996,0.032166358498190245,0.0022745050220147854,9.965147948000002,4.548552385382522,0.3216312236286228
R:A:LYS:385,125.07541,3.245864877332388,0.22951730655769728,-7.668934999999999,0.9242933467114215,0.06535740932652548,-141.47947,9.53559719887014,0.6742685441984523,11.3955,8.919301021941125,0.6306898236058672,0.9778698,0.14815054845336212,0.010475825744787852,-11.6996252,13.486787988130535,0.9536599242832375
R:A:GLN:386,25.669230000000002,3.041579608871022,0.21507215669514265,-7.4227300000000005,0.7586319378328333,0.05364337876662878,-71.310715,3.062496230818089,0.21655118521697128,-9.94712,2.445516441490427,0.17292412592810755,0.792286164,0.09063237110700957,0.0064086764204782185,-62.219048836,5.019400062783149,0.3549251821882147
R:A:ASN:387,22.822975,5.862806025648043,0.4145629897517083,-9.802815,0.8605245091076721,0.06084827157672599,-84.69311499999999,4.484493466577357,0.3171015740403617,-5.3027750000000005,1.7379538441440268,0.12289189485834694,0.146592936,0.04278034081533134,0.0030250269091992425,-76.82913706400001,7.631906203489419,0.5396572629867047
R:A:CYS:388,92.476135,2.1462769781123314,0.15176470055278007,-7.668324999999999,0.6527786909627182,0.04615842389938157,-83.12946,1.9285522285901413,0.13636923587085176,-2.83793,1.1884420958128334,0.08403554649968072,0.12054675599999999,0.05079101190991635,0.0035914668944828547,-1.039033244,3.1885596946804737,0.22546521823266705
R:A:GLU:389,99.48622500000002,2.8823275758273903,0.20381133744685304,-6.9165,0.8006170432859895,0.05661217404410468,-50.062985,10.99086908277844,0.7771718059566205,-96.76501,10.327721808312809,0.730280212486618,0.7882923599999999,0.1071383285015106,0.00757582386084101,-53.469977639999996,15.375998161761208,1.0872472567693239
R:A:LEU:390,67.615875,3.615827068510744,0.2556775839741822,-8.73901,1.0523110471243757,0.07440962773391627,-72.393395,2.048962410337242,0.1448835214745797,-1.4142750000000002,0.8047132031817298,0.05690181628801491,0.4580688959999999,0.07161374143603715,0.005063856219556191,-14.472736104,4.36262567218269,0.30848421965789
R:A:PHE:391,99.34861000000001,3.0797536505214174,0.21777146906677186,-11.971940000000002,0.887072582374182,0.06272550384014464,-80.245185,1.7577774235593648,0.1242936336015445,-2.781705,1.2165667544261598,0.08602426018208469,0.459661356,0.09046450627478417,0.006396806584359286,4.809441356000001,3.853541264855683,0.2724865159961639
R:A:GLU:392,96.01836500000002,3.0173495474961127,0.2133588326244662,-5.483214999999999,0.7157948230987703,0.05061433733513657,-42.039390000000004,6.569907795996836,0.46456263543197274,-104.72734499999999,6.578333979509933,0.46515845658213606,1.097378964,0.06936846638015508,0.00490509129779187,-55.134206035999995,9.801007034920083,0.6930358536849048
R:A:GLN:393,27.983114999999998,3.1622959604968983,0.22360809177861835,-5.7903150000000005,0.8150939245111571,0.05763584413257951,-70.15697,5.007673254027264,0.35409597158891826,-7.949735,3.9796233546373454,0.28140186606324236,0.963535248,0.08916345108991294,0.00630480808996725,-54.95036975200001,7.182383826588166,0.5078712308865075
R:A:LEU:394,67.073175,2.8461626647777876,0.2012540920624348,-8.210099999999999,0.9662744382420556,0.06832592077681793,-74.370395,1.7084579857213347,0.12080622270758655,1.1767500000000002,1.2676125462853387,0.08963374273955094,0.345662172,0.07512792411046651,0.005312346459497919,-13.984907828,3.683156617065197,0.2604385020098905
R:A:GLY:395,80.445375,2.296633626500971,0.16239652111998892,-3.8979700000000004,0.5547987464838038,0.03923019558324939,-80.072665,2.3603087558145863,0.16689903269304768,-1.7603300000000002,0.979619697178451,0.06926957308587949,0.202769532,0.030441589072086498,0.002152545406296666,-5.082820468,3.4805123944177003,0.24610939160965833
R:A:GLU:396,93.84903,2.9717267554571705,0.2101328140617262,-7.095705000000001,1.222032498739293,0.08641074666888951,-104.2081,13.063946073449628,0.9237604857591603,-37.795385,11.435698997296798,0.8086260308596768,0.37864893599999994,0.08482687540183892,0.0059981658823506645,-54.871511064,17.657112377244488,1.2485463898122497
R:A:TYR:397,96.79471,2.8979125790644544,0.20491336359422727,-12.329585,0.920131253015025,0.0650631048588599,-83.55389,1.8523459849337,0.13098064070502938,-6.66405,1.0507393147208304,0.07429848946984051,0.46007999999999993,0.07733156583845435,0.005468167460414504,-5.292735,3.712917688981272,0.2625429275866142
R:A:LYS:398,125.92130499999999,3.1838451802773013,0.22513185172221856,-7.899605,0.6266884863909659,0.04431356784185853,-100.50279,6.385112533534549,0.4514956371101497,-28.978665,6.368253729459513,0.4503035396417343,1.026806076,0.08249386295417026,0.0058331969901167504,-10.432948924000002,9.584400422407763,0.6777194532291739
R:A:PHE:399,99.21659,3.1689657984743222,0.22407972054494354,-13.676480000000002,1.0911378554518216,0.07715509767993299,-81.89058499999999,1.438629334740189,0.10172645582086792,0.611375,0.7471295566198677,0.0528300375910807,0.068413068,0.035667933926261775,0.002522103795017342,4.329313068,3.7231781034702824,0.2632684484529106
R:A:GLN:400,28.369174999999995,2.7235259580872366,0.19258236737010737,-12.231835,1.0590670317666393,0.07488734798932993,-76.748135,2.245336731266604,0.15876928287258524,-1.37328,1.1306126841673059,0.07994638958702263,0.027745632,0.01970994410477554,0.00139370351332946,-61.956329368000006,3.8547927547952057,0.2725750096984462
R:A:ASN:401,10.437909999999999,2.767348194915125,0.19568106745288366,-10.089750000000002,0.8250574873910302,0.05834037442029319,-71.79385,2.267096556721835,0.16030793488626818,-7.0007850000000005,1.1843401702108225,0.08374549655877025,0.12194539199999997,0.051138342968429625,0.0036160269091619988,-78.32452960799999,3.85797089877523,0.27279973841443245
R:A:ALA:402,92.60583500000001,2.2916250517427588,0.16204236140242775,-6.139100000000001,0.5243446957870366,0.03707676900702109,-79.13832999999998,1.4145723527271405,0.10002537030923699,0.5643250000000001,0.9257137891243709,0.06545784977277362,0.21884382,0.07479269397292491,0.005288642109146543,8.111573819999998,2.896556169888947,0.20481745098162077
R:A:LEU:403,72.945605,3.921073674260023,0.2772617784601314,-10.855865,1.1155324498978056,0.07888005599563809,-76.621325,2.060488318184551,0.14569852623439605,1.8864550000000002,0.644596756100277,0.04557987373693569,0.18504511199999998,0.06513554187310225,0.004605778335473092,-12.460084887999999,4.613522638062494,0.3262253142531639
R:A:LEU:404,76.75439,2.8850195836250405,0.2040016911437256,-11.424665,1.071246630228072,0.07574857565575077,-81.41913000000001,1.6588011674399084,0.11729495541369209,-0.49094499999999996,0.6022724565966802,0.04258709381813931,9.3924e-05,0.0006095671964796007,4.3102909821959825e-05,-16.580256076,3.5475711602901177,0.2508511624182971
R:A:VAL:405,63.945249999999994,2.5933653844955975,0.1833786249471295,-8.48806,0.8929770861561902,0.0631430153065246,-63.793925,1.8775651118869354,0.13276390227345308,0.11040500000000002,1.0182491399333466,0.07200108717842392,0.056798567999999994,0.04305033368099922,0.003044118287817817,-8.169531432,3.4766201238386745,0.24583416651759413
R:A:ARG:406,-195.677105,4.3547816815513265,0.3079295657611899,-8.387175,1.257046603899394,0.08888661778847814,48.199375,13.935405328313022,0.9853819606233284,-15.171860000000002,10.686873212516373,0.7556760518251191,0.9699007319999999,0.10968985543665273,0.007756244060662923,-170.066864268,18.1372848642654,1.2824997119834194
R:A:TYR:407,93.569485,3.143022209558023,0.2222452317798404,-12.775145,1.067910222806674,0.07551265602450359,-91.37836499999999,1.7678706773333281,0.1250073344203251,-6.472205,0.9073351712432401,0.06415828523951524,0.17927056800000002,0.08017327106437766,0.005669106363952865,-16.876959432,3.869634666463122,0.27362449133706174
R:A:THR:408,52.409225000000006,3.7527395305796274,0.2653587570099676,-9.895555,0.8031440698747642,0.05679086180782081,-59.369715,3.0098100411446236,0.21282570901767248,-1.0552199999999998,0.6950272955791017,0.04914585138137297,0.004059864,0.00548531891600698,0.0003878706202479377,-17.907205136,4.926473779027816,0.3483543016488286
R:A:LYS:409,132.73223,3.436767360049265,0.24301615056514242,-10.698875000000001,1.0367017745595886,0.07330588548592125,-113.94291000000001,9.272730309455786,0.655681048193022,-12.80958,8.926344105153017,0.6311878447958262,0.20359904399999998,0.07223417830751079,0.005107727731467909,-4.515535956000001,13.36242809928236,0.9448663522120225
R:A:LYS:410,137.829165,3.5007909146041554,0.2475432995232854,-11.29911,1.2108834245706726,0.08562238807403119,-138.969305,9.733534816908756,0.6882648473951541,0.3569150000000002,8.833299749118389,0.6246086152855042,0.16380543600000003,0.05271230297465198,0.0037273226885336233,-11.918529564,13.656260058021369,0.9656434092673905
R:A:VAL:411,65.370065,2.976786362971821,0.2104905823401014,-7.4681500000000005,1.1175693613821023,0.07902408738796038,-61.981835000000004,1.6110931313164365,0.11392148782769211,-0.34147,0.5277610909303565,0.03731834462432652,0.01588194,0.016025185174231217,0.0011331517106469018,-4.40550806,3.603418929532046,0.25480019605280796
R:A:PRO:412,77.887685,2.308178256932294,0.163212849766417,-9.55093,0.77402444089318,0.05473179309596936,-57.06936,2.6447691317769118,0.1870134187752312,-0.7089950000000002,1.4686024393875288,0.10384587437580271,0.021280175999999998,0.018238297479343406,0.0012896423824941237,10.579680176000002,3.88313407207953,0.27457904346239675
R:A:GLN:413,36.745565,2.9856254915469562,0.2111156031156272,-6.594935,1.3964300450702856,0.09874251543218351,-84.83955000000002,3.1662125335327698,0.22388503531388604,-5.1014800000000005,1.58311754130892,0.11194331488749115,0.546231204,0.08658020878387383,0.006122145274762427,-59.244168796,4.837627056336925,0.3420718896387356
R:A:VAL:414,60.732780000000005,3.1720017704282575,0.22429439618055552,-7.432440000000001,0.9626841051975461,0.06807204589256885,-67.06122,3.5717370258181105,0.25255994715710567,0.27397,1.622306814107615,0.11471441494206383,0.06760569599999999,0.04343501098854222,0.0030713190810910413,-13.419304304000002,5.1360906630315215,0.36317645366185
R:A:SER:415,77.645555,5.3359723525309795,0.37731022346985904,-5.184755,0.6218705291095568,0.043972886815343386,-70.46647,5.162691565365881,0.3650574215044806,-4.66893,1.3273109602124138,0.09385505807094255,0.45938826,0.07684553136263682,0.005433799633040401,-2.2152117399999995,7.5683794647097615,0.5351652442089285
R:A:THR:416,46.809935,3.3371629433959322,0.23597305471997224,-6.508655000000001,1.151094264591306,0.08139465602774544,-54.432889999999986,3.876413447750381,0.2741038235587019,2.26457,1.1430751222470026,0.08082761703464973,0.061792344000000006,0.030077642399683923,0.0021268104902920524,-11.805247656,5.366170062001607,0.3794455239841572
R:A:PRO:417,87.596175,2.611347840555716,0.1846501766093794,-5.994549999999999,0.554347064121386,0.03919825681710859,-64.814015,1.7501868313911522,0.12375689768200804,-2.508195,0.9994343034812243,0.07067067733420276,0.6398601839999999,0.062277640115378036,0.004403694164187917,14.919275183999998,3.3454954174357114,0.2365622496097311
R:A:THR:418,38.69984,3.118711088639023,0.2205261759338333,-8.27576,0.6857882635332861,0.048492553160253374,-46.56691000000001,3.014345355446187,0.21314640416741729,-2.15647,0.9998841628408763,0.07070248719458178,0.12328495199999999,0.05855946326444682,0.004140779357693487,-18.176015048,4.504013750926814,0.31848186658378075
R:A:LEU:419,71.300535,3.5698472318539065,0.25242631854439224,-12.124205,0.9048633393916453,0.06398350033309368,-76.27849,1.521132525423081,0.1075603123810079,0.964345,0.5389432585857253,0.03810904328207414,0.0066225960000000006,0.00882627924162747,0.0006241121904400841,-16.131192404,4.02081693450849,0.284314692030066
R:A:VAL:420,52.5146,3.0033609556628384,0.21236968981001028,-9.609115,0.911252616882388,0.06443529047715235,-62.556374999999996,1.7963841555677895,0.1270235418018054,1.5138999999999998,0.7138095754471216,0.050473959127455024,0.033720228,0.016865863993641594,0.0011925966800473997,-18.103269771999997,3.6861040359054233,0.26064691599478257
R:A:GLU:421,98.98692,2.823856748066375,0.1996768255657126,-8.814494999999999,1.1503524590207124,0.08134220245281656,-104.804835,9.34773010777349,0.6609843347908291,-42.813265,7.633626187125945,0.5397788841959965,0.19053284399999998,0.05286564799260541,0.0037381658187392278,-57.255142156000005,12.447994996097272,0.8802061673916591
R:A:VAL:422,56.638115,3.0490019222320934,0.21559699350611317,-9.638754999999998,0.8420697565968035,0.05954332351217052,-62.653195,2.289083494976756,0.16186264620002663,0.591185,0.5377277478194704,0.03802309369153173,0.024983711999999998,0.02849319461508407,0.0020147731129993964,-15.037666287999999,3.94149215864238,0.278705583336963
R:A:SER:423,86.11012500000001,2.4618349659095755,0.1740780198556814,-9.58672,0.7833647819502738,0.05539225494597597,-76.982595,1.8020638393172979,0.12742515609123262,1.8660249999999998,0.6476290715949987,0.04579429082183717,0.000596772,0.0019054556408418435,0.0001347360604889426,1.4074317720000005,3.215766301690189,0.22738901586363178
R:A:ARG:424,-199.10989999999998,4.422410793899636,0.31271166615590157,-12.451419999999999,1.347076305782267,0.09525267905943642,23.953964999999997,13.14660486071499,0.9296053446591597,14.70357,10.687749995443381,0.7557380497404507,0.11528150399999998,0.0720081417739993,0.005091744534903722,-172.78850349599998,17.562423987165232,1.2418509095397818
R:A:ASN:425,13.622685,3.0886428193909055,0.2184000282254446,-9.864994999999999,0.9305127269280093,0.06579718591911815,-83.60700500000002,3.5611338678818294,0.25181019066923205,-0.5322049999999998,1.9313657662325383,0.136568183025458,0.09567795600000001,0.0554044644139483,0.0039176872495111596,-80.285842044,5.178849891952555,0.36619998773468704
R:A:LEU:426,72.724105,4.2335132058344875,0.2993545896088366,-9.742725,0.9810067427775409,0.06936765202077262,-75.2129,3.4920693020041855,0.24692658838205334,-1.9416049999999998,0.8905240024698942,0.0629695560955848,0.174836304,0.044180523829474724,0.0031240347996195432,-13.998288696,5.645754265021712,0.39921511257097253
R:A:GLY:427,86.940315,1.8416624136293276,0.1302251981333682,-6.331225,0.4939616223706048,0.034928361282416324,-77.500635,1.4304872392912145,0.10115072273036411,-1.63933,0.7931383240645985,0.05608334873650111,0.001125036,0.0028883217070651947,0.0002042351865314104,1.470250036,2.5121880931624694,0.17763852362912844
R:A:LYS:428,136.658205,3.129167977749836,0.22126558965387047,-9.759665,1.4515525697593594,0.10264026653256021,-146.30059,15.402169447577831,1.0890978461366545,9.132445,13.667098978092424,0.9664098366556887,0.21344371199999998,0.1687209905748264,0.011930375656397131,-10.056161287999997,20.879262008923725,1.4763867752680622
R:A:VAL:429,54.47062999999999,3.2015426021060533,0.2263832484206815,-9.257380000000001,0.8652780914827325,0.061184400609959395,-62.481545000000004,1.9691157350381923,0.13923750891866388,0.03099500000000006,0.7959767113270336,0.056284053024591246,0.0186381,0.015315376021436755,0.0010829606241179776,-17.2186619,3.938249798120058,0.27847631382572446
R:A:GLY:430,77.7653,1.8859522714003134,0.13335696401013336,-5.301614999999999,0.7034480128445882,0.04974128600946099,-75.75597499999999,1.7159425556745773,0.12133546172440685,-1.0795400000000002,0.8473204520132864,0.05991460374566455,0.0029865600000000005,0.005179103387421417,0.0003662179125711903,-4.368843439999999,2.7774255530368226,0.1963936442793134
R:A:SER:431,80.43341500000001,6.301523727859398,0.44558501597773126,-5.7490749999999995,0.9322782306666825,0.06592202588570074,-70.77056,7.567636315680081,0.5351126956370966,-3.134905,2.456002562289991,0.17366560664067884,0.21302495999999999,0.06506983954436649,0.004601132479254211,0.9918999600000005,10.192332709863004,0.7207067575253591
R:A:LYS:432,116.89560000000002,3.4249944846670926,0.2421836825634626,-8.655009999999999,0.9093339210103183,0.06429961819093484,-109.32861000000001,9.68716561424961,0.6849860496313046,-8.936395,8.782776107756305,0.6210360543437675,0.568413936,0.13402049280163353,0.009476679927799794,-9.456001064,13.548201751127927,0.9580025331106015
R:A:CYS:433,80.52158000000001,2.1709566724372924,0.15350981847425918,-8.2562,0.6742164711722787,0.047674303875358266,-75.886685,1.472450262581049,0.10411795656309722,-0.11875,0.660279030032001,0.04668877796109039,0.0019048320000000002,0.0032541387219010807,0.0002301023557177979,-3.7381501679999998,2.787778593485111,0.19712571479000177
R:A:CYS:434,98.88155,2.2563456467261394,0.1595477307500799,-7.0664549999999995,0.7068096476244506,0.04997898948433232,-80.68304,1.9222232124287757,0.13592170684625768,-3.47741,0.9309629379841069,0.06582902064819132,0.093141252,0.0419600059219502,0.0029670204726038674,7.747786251999998,3.1865451931318933,0.22532277146209584
R:A:LYS:435,130.491875,3.332283797844205,0.23562804702936996,-5.546215,1.0921393037405989,0.0772259107675332,-114.30895000000001,5.594671694344539,0.3956030293583455,-19.01499,5.361275275519809,0.37909941031278327,1.2895862399999998,0.14825189822422105,0.010482992255812458,-7.08869376,8.506614258380186,0.6015084627038803
R:A:HIS:436,121.00103499999999,3.313906388806872,0.23432856797427626,-8.753015,0.9772153625353013,0.0690995609528382,-89.53326999999999,3.140988369462708,0.22210141756751578,-8.485019999999999,2.033066321987554,0.14375949828793924,0.48804350399999996,0.08293716943362116,0.005864543491893117,14.717773504000002,5.093424250867354,0.36015948272483167
R:A:PRO:437,80.97138,2.395940236232949,0.1694185588358017,-4.603,0.7949017171952769,0.05620803946056115,-62.821009999999994,1.4780728567631571,0.1045155340105001,-0.62763,0.9345324248521288,0.06608142148516478,0.670555368,0.05801928803675357,0.004102583201040398,13.590295368,3.071451581318561,0.2171844241236499
R:A:GLU:438,85.99734000000001,2.8313096465063654,0.20020382506835377,-4.91113,0.7719422731655522,0.05458456160399202,-48.27067,12.505895134339646,0.8843003254299413,-87.462345,12.476071624753322,0.8821914848432142,0.9782287199999999,0.1395120085814551,0.009864988732490271,-53.668576279999996,17.90758077142509,1.2662571798120505
R:A:ALA:439,96.774165,2.17304981944156,0.153657826318333,-3.68438,0.5359801447815021,0.03789951949563477,-72.954275,1.8300496330359461,0.12940405054276702,-5.60493,1.4397972548591693,0.10180904024446943,0.523341468,0.1010447683546188,0.007144944090697481,15.053921467999999,3.2313662858088117,0.2284921013192998
R:A:LYS:440,143.96532,3.403414787768308,0.2406577675621545,-7.456385,1.0096694096460483,0.0713944086317339,-156.77049499999998,14.953120162025549,1.057345266646555,17.40329,14.006429044046165,0.9904040957253255,0.793645524,0.11524349165630406,0.008148945443778791,-2.064624476,20.794032863843874,1.4703601646239928
R:A:ARG:441,-187.06139000000002,4.201896577487362,0.2971189563785859,-13.30297,0.9839144521247768,0.06957325812048763,3.1657899999999994,8.133845005647698,0.5751496960613819,20.372895,6.946649006101791,0.49120226187373667,0.480228588,0.11530116199855688,0.008153023352786823,-176.34544641200003,11.534846502872641,0.8156368182127177
R:A:MET:442,98.09784499999999,2.5983381979594187,0.1837302559593139,-11.077804999999998,0.9419698970641259,0.06660733018876376,-75.63696,1.450252715356879,0.1025483529463053,0.2954,1.1718233868633958,0.08286042632040942,0.08327822400000001,0.040009376091444164,0.0028290901145303095,11.761758224,3.3341674247891673,0.23576123956797082
R:A:PRO:443,78.707525,2.8033782975857897,0.19822878044541112,-8.523415,0.8080395428288147,0.05713702402011326,-55.70807500000001,1.6718844724965298,0.11822008478627902,-2.7022200000000005,0.996570414772584,0.07046816982155844,0.189495684,0.08099574597820397,0.005727264122845106,11.963310683999998,3.5081003939442166,0.2480601577641154
R:A:CYS:444,76.48546999999999,2.091288757943292,0.14787644621608942,-7.594774999999999,0.5271781618912149,0.037277125316673765,-64.94724500000001,1.620081712437678,0.11455707649409964,-1.377785,0.9809622412585512,0.06936450528818756,0.184059504,0.044411392462425495,0.003140359677211819,2.749724504,2.870597416741931,0.2029818899434805
R:A:ALA:445,94.28943000000001,2.172930602918556,0.15364939643714842,-7.17274,0.7415064614688128,0.05243242471982389,-82.88852999999999,1.2166021367316433,0.08602676208889883,-0.09870999999999999,0.5339293360548754,0.03775450541988333,0.005034204,0.00846629158486666,0.0005986572191161817,4.134484204,2.652683963572216,0.18757308189867225
R:A:GLU:446,102.666515,3.0242640377081824,0.21384776091620644,-8.507295,1.4729079971182857,0.10415032328262355,-125.884,8.015061140128626,0.5667504083809732,-32.66412999999999,6.451959023668703,0.4562223977573876,0.017479044000000003,0.012833261375833658,0.0009074486143591382,-64.371430956,10.825191728253479,0.7654566478692557
R:A:ASP:447,103.09713499999998,2.8521813716478475,0.20167967890661415,-7.94739,0.7594368294334953,0.0537002931975236,-101.23130499999999,11.603963716850162,0.8205241432827404,-58.753065,10.770779656124017,0.7616091333511402,0.372832776,0.10873623179889685,0.007688812686567226,-64.461792224,16.105439291914106,1.1388265337300731
R:A:TYR:448,88.04348,3.354059953191057,0.23716785374076305,-13.675530000000002,0.8953688229439307,0.06331213663666706,-82.031805,2.330737927561784,0.16480805937476176,-4.43719,1.439833366712968,0.10181159373813967,0.18805438800000002,0.06819284599576012,0.004821962383201188,-11.912990611999998,4.4228399444045,0.3127420116791155
R:A:LEU:449,75.523285,3.655775001798524,0.25850232942639995,-9.70126,1.058660371601771,0.07485859277330827,-81.33432,2.7497210035929096,0.19443463680116252,0.24556,0.4941196377396875,0.03493953465631733,0.074501496,0.028949055225792497,0.0020470073259101734,-15.192233504,4.721378030614946,0.3338518421993015
R:A:SER:450,86.82590499999998,4.995138322006209,0.35320961804553824,-6.96953,0.8193134193335295,0.05793420747278761,-83.27899000000001,6.208442042082699,0.4390031468560333,0.396665,1.0779007759413666,0.07621909481143817,0.09006213599999999,0.036302861808875396,0.002566999976153393,-2.935887864,8.082736040817212,0.5715357465002757
R:A:VAL:451,58.11015,2.8082077963533965,0.19857027757824178,-8.79636,0.96123776996121,0.06796977454722063,-61.063990000000004,1.8110415400812871,0.12805997540020067,0.16689999999999997,0.5759075359812545,0.04072281240287807,0.079657308,0.03760568709451718,0.002659123635571253,-11.503642691999998,3.524622563552281,0.2492284515810931
R:A:VAL:452,44.40719,3.0975174872629854,0.21902756200875723,-9.645774999999999,0.9721146405517201,0.06873888544248445,-46.30549,1.6809429734229537,0.11886061752952491,-0.414965,0.6101081574401378,0.04314116153831512,0.027363096000000003,0.01998053996040107,0.0014128375297768388,-11.931676904000001,3.7064567883528747,0.262086072921923
R:A:LEU:453,54.055524999999996,3.0778114967253924,0.21763413805484425,-9.793299999999999,0.976898111370884,0.06907712790786832,-58.830529999999996,1.9277627211615023,0.13631340926519298,-0.59643,0.7453735339412045,0.052705868036680696,0.08500932,0.03256231366814096,0.0023025032805865874,-15.079725680000001,3.8340793742235464,0.2711103525120944
R:A:ASN:454,30.446679999999997,2.958360773739403,0.20918769643074134,-9.63932,0.832138238275348,0.058841059116912564,-96.66645,2.0250405693466993,0.1431919918762918,-1.4651750000000001,1.0633757728926307,0.07519202199618653,0.036304307999999993,0.01837045239145558,0.0012989871459462869,-77.287960692,3.830959061461773,0.27088971308076715
R:A:GLN:455,32.997370000000004,2.6944565134920992,0.19052684723025254,-10.023969999999998,0.8994008723033351,0.06359724558107843,-73.15485,3.975464558702542,0.2811077947825353,-5.660635,2.965334052307598,0.2096807816870087,0.14478026400000002,0.04494228424450969,0.003177899395130613,-55.69730473600001,5.715641883497261,0.4041569134654764
R:A:LEU:456,65.62141000000001,3.7172182612674227,0.2628470239692662,-9.49863,0.9926875203708365,0.07019360772534775,-65.9597,2.730486106904776,0.19307452421280236,-3.98219,0.9113710407402684,0.0644436643084485,0.034745076,0.02674653438480253,0.001891265583673303,-13.784364924000002,4.805206243856928,0.33977939200311724
R:A:CYS:457,98.49715999999998,2.2565466900554036,0.15956194666022344,-8.05178,0.5701601368036878,0.04031640990961373,-84.29056,1.442600542908535,0.102007262643402,-3.4174399999999996,0.8320690394432424,0.058836166020569354,0.09716252399999999,0.025461913439877686,0.0018004291655322404,2.8345425239999997,2.8620218496433636,0.2023755057786888
R:A:VAL:458,52.746880000000004,3.2542011317065205,0.23010676875746178,-8.52968,0.8957072164496611,0.0633360646709282,-49.657914999999996,2.548745804856773,0.1802235442134989,-5.522405000000001,1.1445571899101414,0.080932415044128,0.132509808,0.05217896420413054,0.003689609942403083,-10.830610192000002,4.3818894790096445,0.3098463765017707
R:A:LEU:459,67.61324,4.849030739477736,0.3428782518066726,-8.379439999999999,1.0297153472683604,0.07281187047453183,-68.556565,3.434671555734988,0.2428679548208759,-4.257595,0.8403862808107947,0.05942428379774551,0.19868846400000004,0.09408677825399647,0.00665293989233959,-13.381671535999999,6.0897851298212675,0.43061283612656176
R:A:HIS:460,111.21284,2.8071341603849285,0.19849436005085883,-10.271015,1.0600303131396762,0.07495546226843644,-86.32702,2.5102747079951224,0.17750322686644315,-11.13944,2.3664393160189,0.16733252876234195,0.44842896,0.1260042694453803,0.008909847338328529,3.9237939600000002,4.573954271862965,0.32342740824714794
R:A:GLU:461,102.097615,2.879989278934038,0.20364599488788138,-5.3866,1.1245534802756159,0.07951793917098203,-56.85432,12.286022681795764,0.8687529952109516,-92.10156,10.903300979813407,0.7709798060143987,0.5939944199999999,0.13404338176638636,0.0094782984220189,-51.65087058,16.715419587882632,1.1819586540970255
R:A:LYS:462,134.39734,3.3908573052253317,0.23976981945607748,-5.534285,1.144039598866665,0.08089581583045564,-196.376435,13.40609145373009,0.9479538176139567,55.813410000000005,13.092098713418716,0.9257511780222049,0.8492525639999999,0.16829141100786904,0.011899999793911658,-10.850717436,19.077772371397792,1.349002221374874
R:A:THR:463,55.36353999999999,3.749623907593934,0.2651384491958871,-4.68719,0.9252862064788385,0.06542761511395627,-58.52598,3.7284270409383096,0.2636396043806772,-5.047619999999999,2.0525606533303713,0.14513795567665957,0.5474522880000001,0.11224854033546919,0.007937170404950197,-12.349797711999999,5.748269929492476,0.40646406472348473
R:A:PRO:464,86.813585,2.669161490576207,0.1887382190068429,-4.331565,0.9690859124840273,0.06852472202698089,-60.84300999999999,1.894539107514015,0.13396414501462695,-4.409285,0.9056332777537495,0.06403794319678763,0.843039072,0.115304108142666,0.008153231676634613,18.072764072,3.533595289443823,0.24986291911345684
R:A:VAL:465,57.83515499999999,3.158531989860954,0.223341938862532,-7.67336,0.9611794995733107,0.06796565420857803,-56.87559,2.698292458555966,0.19079808950694446,-5.346110000000001,1.657533308232447,0.11720530422937352,0.11961828000000001,0.06536600074576997,0.004622074238637887,-11.94028672,4.575222610456074,0.3235170933291508
R:A:SER:466,63.122825000000006,7.3282708188477175,0.5181869990378715,-5.7897799999999995,0.8323543966364327,0.05885634382120588,-58.217600000000004,8.136074937585077,0.5753073760608324,-2.930145,1.671009510438226,0.11815821562580826,0.103538484,0.06947825648356573,0.004912854630454754,-3.711161516,11.108068348640732,0.7854590455207516
R:A:ASP:467,88.746695,4.398768623373479,0.31103991224580013,-4.75635,1.215909350033957,0.08597777467171384,-66.83209,12.338602732558497,0.8724709662558978,-75.98602999999999,9.074299358027593,0.6416498610578045,0.747161928,0.07800764126334046,0.005515973212167558,-58.080613072,15.98179315260245,1.1300834313725923
R:A:ARG:468,-179.76303500000003,3.8902148801544367,0.2750797322030014,-8.113545,1.4763606056702407,0.10439445957461056,-16.94228,8.532541010836104,0.6033417609514528,33.4139,6.4567650135342545,0.45656223255981215,0.5767878599999999,0.10773653532643232,0.007618123471086432,-170.82817214,11.481249503185364,0.811846938019705
R:A:VAL:469,61.206255,2.7406838507888867,0.19379561359812816,-8.155605000000001,0.9196654331739342,0.06503016642201526,-72.14967,2.0371587766052994,0.14404887852912981,0.70467,0.5789316981302717,0.04093665295917584,0.009865908,0.012496579117611987,0.0008836415835697638,-18.384484091999997,3.583638714440903,0.2534015236303804
R:A:THR:470,46.41975,3.7668105430854895,0.26635372784607314,-7.42595,0.9057464642492401,0.06404594669063765,-55.794465,3.387419377457565,0.23952672125229574,-1.9836500000000001,1.2006114098658234,0.0848960469486065,0.20854573199999998,0.08639396758314191,0.0061089760331650405,-18.575769268000002,5.285147116108477,0.3737163365368829
R:A:LYS:471,116.55562,3.7810524785567314,0.26736078476096675,-6.452319999999999,1.2795173455643343,0.09047553916943518,-132.2603,14.322251345720758,1.0127361048417303,9.65129,12.321128904686454,0.8712353800377369,1.012785804,0.11729581169609757,0.008294066385509094,-11.492924195999999,19.31021444434374,1.3654383579761877
R:A:CYS:472,81.526535,2.8790341659617376,0.20357845820193007,-8.1478,0.6680356652155631,0.04723725489483909,-76.758155,2.45547346370817,0.1736281937211667,-0.13402,0.7435515648561302,0.05257703536716386,0.032574636,0.04569682332366118,0.0032312533650844404,-3.4808653639999987,3.914002611012398,0.27676177878287195
R:A:CYS:473,98.612765,2.4994215950445415,0.1767357958900092,-7.669335,0.6717004338058745,0.047496393167007954,-87.328925,1.9516520077552248,0.138002636920006,-0.8556,1.0147158912720349,0.07175124876962073,0.06453442799999999,0.02956141445810765,0.002090307662479397,2.823439427999999,3.3967274779042493,0.24018490334687734
R:A:THR:474,37.473785,3.3759141071382435,0.2387131757860781,-5.739529999999999,0.7489300762421016,0.052957353554534806,-47.33434999999999,4.236618502709443,0.29957416725662445,-7.096245,1.9419311354873015,0.1373152674500363,0.595177056,0.10112847085499939,0.00715086275125962,-22.101162944,5.804132334636027,0.41041413327252424
R:A:GLU:475,90.87042,3.152911412266447,0.2229445040094059,-4.37852,0.9891891374251943,0.06994623469494265,-54.28429,16.340478492868563,1.1554463150140297,-87.05956,15.838554373313242,1.119954920156164,0.962211672,0.11476154536853368,0.008114866694953779,-53.889738328,22.99572911972559,1.626043599888692
R:A:SER:476,65.18615,4.945689465332412,0.34971305585794193,-6.250559999999999,0.9260838603495907,0.06548401776006112,-56.260095,3.9507657252708626,0.27936132352184156,-4.433985,1.5784083580540873,0.11161032534615692,0.18222364800000002,0.056175266210168474,0.003972191167216966,-1.5762663520000004,6.589427442895459,0.46594288290081104
R:A:LEU:477,74.83549,3.0002238916287567,0.21214786588485873,-8.773954999999999,1.0368065166534208,0.0733132918704037,-71.03932,1.659025740487471,0.11731083512617242,-3.1177750000000004,1.036796254996612,0.07331256626169214,0.223313436,0.07536607811659768,0.005329186490768128,-7.872246564000002,3.7295179421180804,0.2637167427428592
R:A:VAL:478,45.949875,2.644045668927638,0.1869622622265654,-7.08047,0.8639551082666276,0.06109085156960902,-52.061184999999995,1.816951336930904,0.12847786114298057,-1.580325,0.943675208625828,0.0667279139256953,0.16399803599999999,0.0508205233168678,0.0035935536660806275,-14.608106964000001,3.4542457518559972,0.24425205950221998
R:A:ASN:479,32.300645,6.957358642399786,0.4919595475187721,-6.8849599999999995,0.8622345495281433,0.06096918969446782,-84.47314,5.956821468736494,0.42121088548611846,-8.136579999999999,2.4009640821136826,0.16977379838479195,0.46514106,0.08997198898003533,0.0063619803524624305,-66.72889393999999,9.50814036445487,0.672327052817957
R:A:ARG:480,-172.906905,3.819372233230875,0.270070400599316,-14.076145000000002,1.0997473318790092,0.077763879596346,3.8314600000000003,6.7753548437259,0.47908993549437046,19.1145,5.356131551782498,0.378735694119263,0.05162540399999999,0.020174223502836087,0.0014265330244028422,-163.985464596,9.507419939586342,0.6722761110869698
R:A:ARG:481,-174.14332000000002,3.6642716312522468,0.25910313185679557,-7.93962,1.417478693173199,0.10023087961302146,-3.29572,13.06715323976879,0.9239872666644275,20.439615,9.149662480483912,0.64697883855183,0.238937796,0.06095681584831006,0.004310297784587965,-164.700107204,16.428836400213296,1.161694162559521
R:A:PRO:482,82.056665,2.5915758917645073,0.18325208870262572,-5.6076049999999995,0.6666040646253216,0.047136025446308044,-60.02915000000001,1.6297616044992593,0.11524154822588943,-4.489,1.0875725493041832,0.07690299246453287,0.591456996,0.07044906387924812,0.004981501079726061,12.522366995999999,3.317307129261845,0.23456903663795292
R:A:CYS:483,80.68834499999998,2.4934708412121043,0.1763150140512004,-6.779260000000001,0.5689506678087302,0.040230887536816785,-64.57715,1.901218382380099,0.13443644106974864,-5.79115,1.1575615134842727,0.08185195958252924,0.20225321999999998,0.05156609495885063,0.003646273542471272,3.743038219999999,3.3909203404863857,0.23977427672213197
R:A:PHE:484,104.43982,3.0455147311415196,0.21535041185936935,-12.396095,0.8993821134395547,0.06359591912909979,-82.71449000000001,2.3711616688661277,0.16766644953448498,-2.432255,1.3413850714746307,0.0948502480222113,0.06723997200000001,0.03763266172652708,0.0026610310300926743,6.964219972,4.184158929901997,0.295864715289595
R:A:SER:485,71.931875,3.351323723452421,0.23697437308045566,-4.52519,0.6476723816097147,0.04579735330234706,-63.560155,3.527407837346711,0.24942540017984333,-6.95904,1.5431243042606777,0.10911536597564983,0.594753984,0.07128909974337272,0.005040900585322301,-2.5177560160000003,5.145849883002051,0.36386653472387526
R:A:ALA:486,82.691995,2.277291717144512,0.16102884159328415,-3.50226,0.37751968478478043,0.02669467291427261,-65.17113499999999,1.156219674964494,0.08175707727086995,-5.642519999999999,0.6891770016476174,0.048732173130284266,0.6349328999999999,0.054953749322159996,0.003885816879732497,9.011012899999999,2.67271537360688,0.18898951648589615
R:A:LEU:487,76.74766000000001,4.5871476370834205,0.3243603200485535,-7.4945450000000005,1.1120318466550319,0.0786325259665172,-83.455,4.031445211087458,0.2850662246741974,0.46950000000000003,1.2027726801021046,0.08504887183261162,0.24802264799999996,0.06701962201148627,0.004739002919688115,-13.484362352,6.323151311815143,0.4471143171053101
R:A:GLU:488,103.96958500000001,2.955661374849121,0.20899682010469678,-5.519404999999999,1.0857616593778765,0.07677494320984549,-108.35607499999998,20.821364407967483,1.472292796643003,-44.01396999999999,19.828992996092868,1.4021215411637822,0.7409554919999999,0.17216307690984944,0.012173767915289567,-53.178909508000004,28.925121118454737,2.0453149289501558
R:A:VAL:489,49.329204999999995,3.484395705567179,0.2463839831743837,-6.026409999999999,0.8944990396305632,0.06325063366876256,-51.574435,3.0045334955322094,0.21245260089929466,-4.32933,1.1581389429166087,0.08189279000925538,0.46943406,0.13585574829269906,0.009606452088094023,-12.13153594,4.829917813596229,0.3415267638567596
R:A:ASP:490,94.17677499999999,3.202250067433054,0.22643327377369915,-6.248595,1.364599084337594,0.09649172661360661,-113.265995,6.461329014604889,0.456884956170451,-47.42046499999999,4.927531663903846,0.3484291054057841,0.063232128,0.03644149029369156,0.0025768024903213053,-72.69504787199999,8.840090784110467,0.6250888139749216
R:A:GLU:491,103.85888500000001,2.9167904864379612,0.20624823322606908,-3.864735,0.8162937490725996,0.057720684540942514,-64.01370500000002,15.000009058596431,1.0606608123193177,-91.07494500000001,14.534190910125512,1.0277224951609627,1.153285164,0.14865784965074227,0.010511697356465009,-53.941214836,21.105427703620762,1.4923791049072663
R:A:THR:492,38.76155,5.786620059888156,0.4091758284497021,-3.9259749999999998,0.9575572433933127,0.06770952201777088,-52.20286,4.353381519049301,0.3078305593211954,-4.481065,1.826055516892901,0.12912162388180765,0.6788935079999999,0.06076587663674026,0.0042967963434584235,-21.169456492,7.529408309078041,0.5324095673671418
R:A:TYR:493,89.73828999999999,3.4023146497494916,0.24057997605681988,-12.68061,1.010464228906694,0.07145061084063592,-81.70705,2.4546895704956255,0.17357276410053504,-8.205875,1.3797565761303696,0.09756352313685172,0.2389779,0.06193201517144747,0.004379254790027864,-12.6162671,4.530987486760275,0.32038919773595825
R:A:VAL:494,64.65548500000001,3.937351335577637,0.27841278293008564,-3.77522,0.7031427960236811,0.04971970392108143,-54.87498000000001,2.9093567793586264,0.20572259075755386,-3.6546049999999997,1.3505763691753978,0.09550017091542298,0.8754388919999999,0.06895063849124194,0.004875546404429935,3.2261188919999997,5.127408011900199,0.3625624975124865
R:A:PRO:495,87.26900499999999,2.664268103058512,0.18839220425716932,-6.0601400000000005,0.6539310287790295,0.04623990648779471,-54.901285,1.818721851679085,0.12860305544144354,-6.509440000000001,1.6450319773183741,0.11632132664305371,0.5073519599999999,0.05842816149071953,0.004131494920235047,20.305491959999998,3.680114610389898,0.2602233996550386
R:A:LYS:496,124.48752,3.6145834296084525,0.2555896454240664,-6.66912,1.0215580823428494,0.07223506474005542,-139.67085500000002,16.12165957319454,1.1399734808186879,9.628704999999998,15.99082952063385,1.1307223990838224,0.8269954199999999,0.23992697638910637,0.016965399199432178,-11.39675458,23.016969726511547,1.6275455375981789
R:A:GLU:497,95.465635,3.145432771777995,0.22241568426906183,-4.74885,1.0993912167649877,0.07773869845514524,-56.62326999999999,10.717626069102243,0.7578506071683917,-94.856055,9.161360285021814,0.6478059982432046,0.8976954960000001,0.10523092178621446,0.0074409498385543445,-59.864844504000004,14.488323324154868,1.0244791670533129
R:A:PHE:498,93.14885999999998,3.5065714936958012,0.24795204819077418,-12.297080000000001,0.9197356976871127,0.06503513487338979,-65.37130499999999,1.9904108425084004,0.14074330040849192,-6.051624999999999,1.1251028283561464,0.07955678394627953,0.159014592,0.059038677569267554,0.00417466492615152,9.587864592,4.286377801337527,0.30309268100532494
R:A:ASN:499,20.817575,7.250372828646469,0.5126787793266608,-6.0329999999999995,1.0571093131743754,0.07474891638010546,-85.12621999999999,6.773333082139103,0.47894697536157377,-8.217970000000001,3.6668239743816446,0.2592836097702668,0.47566911599999995,0.11191719960321803,0.007913741077084384,-78.083945884,10.631159429462153,0.7517364924447996
R:A:ALA:500,92.13963,2.2041761415776193,0.15585878966391342,-3.3478749999999997,0.9606232713061869,0.06792632293062094,-80.50196,2.386672478242459,0.16876322938365454,-3.12646,1.2841679517882387,0.0908043866891903,0.553882068,0.08460243090284449,0.005982295259626766,5.717217068,3.6240364168409887,0.25625807256152605
R:A:GLU:501,108.97789499999999,2.837766952019668,0.20066042552001873,-4.69729,0.7658982085760483,0.05415718169827525,-51.437985000000005,9.529692301683985,0.6738510049141984,-107.94822500000001,9.543599022086742,0.6748343585442839,1.1242418760000001,0.08639897817535008,0.006109330335537857,-53.981363124,13.803706161116832,0.9760694232032238
R:A:THR:502,38.682725,3.570780852891283,0.252492335521051,-7.097,0.9468205268159325,0.06695032150781652,-49.29081,4.165080443869002,0.2945156626047246,-2.7860750000000003,1.7618009392025535,0.12457813912109539,0.19147489200000004,0.08923025678909333,0.006309531966258486,-20.299685108,5.840098004432515,0.4129572901728255
R:A:PHE:503,100.24828000000001,3.1080520863717838,0.21977247065544853,-13.017639999999998,1.0760580980597656,0.07608879780887591,-76.613945,1.6410356339747774,0.11603874249523302,-1.7077800000000003,0.967497117101648,0.06841237722810105,0.051583571999999994,0.03887494451583971,0.0027488736885401045,8.960498572,3.801111506768265,0.2687791722482055
R:A:THR:504,43.01575,3.722789507546727,0.26324097057164186,-5.00344,1.0102327733745329,0.07143424446300249,-52.065045,4.186893361786875,0.296058068822444,-5.425465,1.8738247566875084,0.13249941922089695,0.608683608,0.13236690439865675,0.009359753570496163,-18.869516392,5.994876830513706,0.42390180592343585
R:A:PHE:505,91.76360000000001,3.1825510113743665,0.22504034016149196,-11.504505,0.7648683808179026,0.05408436187915136,-63.02274499999999,1.7960988252251044,0.1270033658997863,-6.0734699999999995,1.0654859825919814,0.07534123635500017,0.152221464,0.06008309757874259,0.004248516573262192,11.315101464,3.883103903794574,0.27457691024250985
R:A:HIS:506,107.02318,3.2825755037165556,0.23211313984348234,-7.154665,0.8335078300622016,0.05893790388090672,-86.25252499999999,3.3617836470205806,0.23771400136902954,-6.0792600000000006,2.1583796219386433,0.15262048670476713,0.8108152200000001,0.11125069556450781,0.007866612124538364,8.34754522,5.2385690641064935,0.3704227708943767
R:A:ALA:507,83.93948499999999,2.005080863649893,0.14178062755142185,-4.60698,0.6534922567253572,0.046208880618340026,-74.94073,1.7487840252872853,0.12365770431113461,-0.47617,1.0901972349533822,0.07708858576663603,0.301694004,0.06959305602730191,0.0049209721840400514,4.217299004,2.94941013950624,0.20855479101452234
R:A:ASP:508,96.1112,3.8271415024793636,0.270619770896363,-5.49663,0.9950575777813061,0.0703611960920222,-69.846215,10.275723796831784,0.7266033978339731,-83.42435499999999,9.300948632745747,0.6576763849682266,0.620955288,0.09992635763145706,0.00706586051004754,-62.035044712,14.413371637399747,1.0191792824567212
R:A:ILE:509,81.696635,4.8805184613701655,0.3451047699740979,-9.97044,1.210074545802861,0.08556519170784345,-70.07343,3.423510161384072,0.2420787250575729,1.843225,0.7828819990107065,0.05535811703693506,0.021762215999999997,0.023980201306605914,0.0016956562958119548,3.517752216,6.133322261034773,0.4336913761980096
R:A:CYS:510,94.65864499999999,2.367132697796007,0.1673815582579963,-6.18292,0.641909007258817,0.04538982119374343,-86.26941000000001,1.7672716519822298,0.12496497693153868,-1.0175100000000001,1.3332338391670082,0.09427386885823663,0.29898651600000004,0.05385407289032227,0.003808058013526149,1.4877915159999997,3.3043949832823976,0.23365601003977915
R:A:THR:511,39.61446,4.85485443225644,0.3432900490722095,-4.66176,0.6939527378719678,0.049069868677223905,-49.34994,3.3282038123288067,0.23533954848686187,-3.5777300000000003,1.8565577171475172,0.13127845514592257,0.824869044,0.09242168224574829,0.0065351998244636954,-17.150100956000003,6.211559458111075,0.4392235814573777
R:A:LEU:512,68.590265,2.9903993771359376,0.21145316780288495,-9.59591,0.974679466234926,0.06892024600580007,-71.975195,2.7475658112181773,0.19428224168686906,-2.9204149999999998,1.1954361726060492,0.08453010241254294,0.13137217199999998,0.046319025689295495,0.003275249716285474,-15.769882828,4.344285842180025,0.3071873978418207
R:A:SER:513,74.159065,4.750673444973355,0.3359233408143516,-5.2703549999999995,1.1632713049736076,0.08225570281065624,-74.752825,4.466018184510112,0.3157951743169534,-1.930205,1.8693354174612433,0.13218197499990308,0.16796584799999997,0.11562727816105374,0.008176083247782429,-7.626354152,6.882964572373953,0.48669909237923875
R:A:GLU:514,100.027675,3.062629301658135,0.2165605947463088,-6.0113650000000005,0.9909998192608311,0.07007426923539767,-78.75313999999999,11.263106979443995,0.7964219322394381,-64.089615,10.80389326570635,0.7639506191396634,0.793187604,0.12703437766944184,0.008982686989387525,-48.033257395999996,15.936110100693798,1.1268531517936018
R:A:LYS:515,123.397835,3.8123090900102787,0.2695709609525384,-8.361815,1.1847660911652562,0.0837756137182832,-133.12047,12.121984871674275,0.857153770420162,4.591725,11.72849211234654,0.8293296305733173,0.50001336,0.2046857668182876,0.014473469372957957,-12.992711640000003,17.334339099318527,1.2257228724515241
R:A:GLU:516,105.0377,3.2731680769554132,0.23144793431785038,-7.845845000000001,1.4882105465877467,0.1052323769325534,-132.33261,10.254512886914718,0.7251035600102237,-27.517625,7.069114333802715,0.4998618682414923,0.102513924,0.06466023781999432,0.004572169263565284,-62.555866076,12.963795464662537,0.9166787682978289
R:A:ARG:517,-191.17586500000002,4.269887118739206,0.30192661365615814,-12.4999,1.4245960550275294,0.100734153096157,-2.9321950000000006,10.622124508636443,0.7510976270664652,29.726855000000004,8.98517946754404,0.6353481331678522,0.33248678400000004,0.0982065912580604,0.006944254663579003,-176.548618216,14.623065123369022,1.0340068510466733
R:A:GLN:518,35.095085,2.9024484349898447,0.20523409704256013,-10.132964999999999,0.7466190352348377,0.05279393827775116,-82.351505,2.9105818284279517,0.20580921480797448,-6.7118400000000005,1.928975874499212,0.13639919216036434,0.319118688,0.08375478089489731,0.005922357352757538,-63.782106311999996,4.602292501487465,0.32543122368057853
R:A:ILE:519,92.774475,3.016507553342939,0.21329929464692332,-8.130615,1.1663327598824447,0.08247218036328978,-74.06269,1.6618931385320777,0.11751359078634264,-1.3451,0.6741465419328353,0.04766935913141691,0.224947476,0.08231320652499345,0.0058204226515031635,9.461017476,3.6990252437660422,0.26156058336471905
R:A:LYS:520,139.82706,3.1297432924123343,0.22130627054378732,-10.573165,0.9847451537199865,0.06963199759359916,-134.645995,8.681047843721114,0.6138427798100056,0.0238900000000001,8.384040577066644,0.5928411945786999,0.529688412,0.10655305474555601,0.00753443875667241,-4.838521588000001,12.50716185673335,0.8843898962293881
R:A:LYS:521,128.209055,3.555696926338773,0.251425740845831,-12.18464,1.016629214807444,0.07188654117426989,-143.83712,11.993405653758236,0.8480618467293527,10.389245,10.457565713634077,0.7394615630814593,0.21758724000000002,0.05456294553091502,0.003858182878642224,-17.20587276,16.336522045342914,1.1551665519265502
R:A:GLN:522,38.99928,2.755728842175877,0.19485945514139158,-12.491785,0.8942549629579921,0.06323337484173211,-92.381365,1.6723656603072783,0.11825410990267947,-2.515955,0.9134196094758422,0.06458851999291361,0.003328452000000001,0.004391689880182343,0.0003105393695145271,-68.386496548,3.4676930316948478,0.2452029257784764
R:A:THR:523,39.184435,2.704797030421137,0.19125803219440224,-8.516399999999999,0.9957272267041812,0.07040854742146012,-51.568715000000005,2.203570821138953,0.15581598704521624,-1.10456,0.8724772985012275,0.06169346142015375,0.110431764,0.038292146444829964,0.0027076636417327615,-21.894808236,3.7317297563501772,0.2638731416270833
R:A:ALA:524,82.377135,2.3566637449528094,0.16664129150326157,-8.07068,0.502580170321114,0.035537784652394974,-66.22416,1.3097169405638764,0.09261097301076154,-1.63555,0.6275703048264792,0.044375921821411216,0.003625632,0.007907124234699744,0.0005591181166040678,6.450370632,2.8134882812780053,0.1989436642480562
R:A:LEU:525,86.82890500000002,3.035831858976218,0.21466572940242465,-12.274915,0.9413666170918746,0.06656467185283046,-87.58417000000001,1.4898790189475122,0.10535035574453465,-1.0296349999999999,0.6232425785960071,0.04406990536494264,0.005527656,0.008885787661117275,0.0006283200711359777,-14.054287343999999,3.565206297515946,0.2520981549302509
R:A:VAL:526,51.31483,2.746605738197603,0.1942143542725408,-10.469215000000002,0.9397244642846114,0.06644855411425443,-60.11054,1.61202195655022,0.11398716568982667,0.746515,0.4977877657948215,0.035198910478521916,0.000225828,0.0007162401267843068,5.0645825060709586e-05,-18.518184172,3.357578459403431,0.2374166497010047
R:A:GLU:527,89.48045999999998,2.686073924597013,0.1899341086850911,-11.041550000000003,1.2398389845056494,0.08766985535233875,-88.542235,14.360437941782102,1.0154363049442712,-49.082855,12.299190821918936,0.8696841233286227,0.02642742,0.03250782932795729,0.0022986506559453525,-59.15975258,19.13754224942737,1.3532285899814147
R:A:LEU:528,82.107825,3.431139481917778,0.24261819948609584,-11.50751,0.9434567769113751,0.0667124684710437,-85.28818500000001,2.362355149162589,0.16704373455438246,0.27519,0.663342222310626,0.046905378364319794,0.025524612,0.019490210048571974,0.0013781659692095431,-14.387155388000002,4.322493893256269,0.3056464743558948
R:A:VAL:529,64.399475,3.0470044370455054,0.21545574997403755,-10.42475,0.8953142283578431,0.0633082762164632,-62.724465,1.8763647536593198,0.13267902412919308,0.67712,0.684046486432026,0.04836939092029173,0.008381124,0.011158834312481929,0.0007890487412493097,-8.064238876000001,3.751614640502568,0.26527921526980974
R:A:LYS:530,123.67055500000001,3.1325599414815666,0.22150543770949502,-11.14208,1.2239144347543254,0.08654381964068837,-143.62904999999998,9.642165912672317,0.6818040902176371,17.962745,9.078500702757863,0.6419469409926921,0.141770124,0.06749162713560715,0.004772378722090182,-12.996059875999999,13.66404010341683,0.9661935415530974
R:A:HIS:531,116.81462000000002,2.9597637330705977,0.20928690063642302,-11.724434999999998,0.84539662039483,0.05977856830733738,-91.31459999999998,2.6227814758381993,0.18545865671356518,-4.978095,1.9809507681855698,0.1400743721380717,0.312703812,0.06964149434481612,0.004924397290318408,9.110193812,4.503653556290112,0.31845639697676487
R:A:LYS:532,139.335555,3.494852545812914,0.24712339343913806,-8.265744999999999,1.2063768938333492,0.08530372822963249,-152.75297999999998,21.886050283219216,1.5475774568654066,22.990744999999997,19.603754854618415,1.3861947994419381,0.40137807600000003,0.1574120585728267,0.011130713405737977,1.7089530760000011,29.614194560762737,2.09403977932931
R:A:PRO:533,93.62602999999999,2.6767375924994967,0.18927393031133477,-7.2326049999999995,0.8511134583444208,0.060182809795447406,-67.74284,2.251346609120861,0.15919424541107005,-1.035635,1.2494313633709537,0.08834813896667547,0.15211638,0.08443848630461111,0.005970702625911793,17.76706638,3.8113105885271823,0.2695003562355662
R:A:LYS:534,115.71869000000001,3.1090769022171196,0.21984493607881897,-4.050325,0.7120127241664996,0.05034690255492386,-106.56322,16.022086937150227,1.1329326322019326,-16.92839,15.154089865706222,1.0715559706751208,1.4010404399999998,0.18892990290287875,0.013359361551154155,-10.42220456,22.283687425805134,1.575694648862821
R:A:ALA:535,98.7816,2.414446592906954,0.17072715586572626,-4.90892,0.6595414570745345,0.04663662367710596,-96.32103000000001,3.6992006378540756,0.2615729855996219,1.60846,1.990610066889043,0.1407573876995449,0.133169544,0.06741835087409409,0.004767197307948594,-0.7067204559999998,4.890368729976768,0.3458012891469217
R:A:THR:536,54.09754000000001,4.905600537997361,0.34687834062103096,-5.489214999999999,0.9297724177318878,0.06574483815384292,-54.908365,4.585708403483043,0.3242585508646996,-7.223344999999999,1.9435779444043402,0.13743171442529195,0.592802352,0.0702552926987234,0.0049677993881513055,-12.930582648,7.052697780358746,0.49870104261509807
R:A:LYS:537,117.41976999999999,3.351183025007736,0.23696442419802177,-6.85324,1.1498368025072079,0.08130574003107037,-82.48661,14.03934209918328,0.9927314001730276,-40.28723,12.770687409340972,0.9030239667558664,0.852944904,0.2106914889529057,0.014898138057689018,-11.354365095999999,19.307784096783795,1.36526650645216
R:A:GLU:538,93.88015999999999,3.4541842516576904,0.24424771078149327,-4.98088,1.283894156696727,0.09078502645260395,-114.03596499999999,19.651566980110648,1.3895756272577882,-36.630225,18.458158064508357,1.3051888735627017,0.815310864,0.1212283514241083,0.008572138936405283,-60.951599136000006,27.21180172776766,1.9241649530008322
R:A:GLN:539,28.47802,3.2395306495849057,0.2290694090183148,-6.637394999999999,1.0000187193122936,0.07071200177392094,-66.42878999999999,4.46691640350477,0.31585868799116473,-12.150234999999999,4.282635064977519,0.30282802957928945,0.784806804,0.13450774115384728,0.009511133589197026,-55.953593196,7.05740702076055,0.49903403619733344
R:A:LEU:540,77.356065,3.232416978172062,0.22856639648879934,-10.891264999999999,1.1490615060887732,0.08125091829557989,-69.760985,1.6594244227366906,0.1173390262183686,-4.46777,1.3794979438549373,0.09754523507327253,0.01380564,0.019171215953548697,0.0013556096804346006,-7.750149360000002,4.052891978938761,0.2865827401724164
R:A:LYS:541,120.33000500000001,3.2182907986965694,0.22756752475886144,-7.4094050000000005,1.5444234817481246,0.1092072316967837,-111.67277999999999,16.136449103244495,1.1410192585175765,-15.24788,14.313345851533105,1.0121063913087396,0.740287548,0.16169753171312076,0.011433742117547451,-13.259772451999998,21.863797583560643,1.5460039533825782
R:A:ALA:542,96.30348999999998,2.295406303881734,0.16230973630531229,-4.582015,0.7399666240953033,0.05232354177495059,-83.81243,2.0495699146650255,0.1449264785175573,-4.52524,1.1295486454332102,0.0798711506865902,0.369601884,0.06434226999071252,0.0045496855427368515,3.7534068840000003,3.3611304065570793,0.2376678102928808
R:A:VAL:543,53.05600999999999,2.8914724380322214,0.2044579768546583,-9.27107,0.8975814141903786,0.06346859046410279,-54.134899999999995,1.8924321810833802,0.13381516281797065,-2.1751750000000003,0.8916911765712388,0.06305208776777341,0.018590796,0.014655078997916866,0.0010362705738251568,-12.506544204,3.6800669478578016,0.2602200294050732
R:A:MET:544,81.09519499999999,3.0666158280709044,0.21684248473229362,-11.09623,0.9098789134274955,0.06433815497432296,-67.96804,2.363519341659806,0.16712605539532133,-1.86855,2.017050035943581,0.14262697584082754,0.135037584,0.060160653244057644,0.004254000586948563,0.29741258399999926,4.459859426503682,0.31535968436195
R:A:ASP:545,86.47187,10.235892494213681,0.7237868994154978,-6.320619999999999,0.6577200890956577,0.046507833512215976,-66.08736499999999,7.47130476970221,0.5283010266967829,-80.883195,11.57589493719492,0.8185393808393552,0.7198880400000001,0.049685989573287154,0.003513330015723544,-66.09942196,17.176446027191126,1.2145581462511579
R:A:ASP:546,86.03530500000001,3.4443277895657665,0.24355075366312254,-8.974035,0.9085734938765272,0.06424584787264465,-47.301615,6.048139637671653,0.4276680551360774,-93.23585999999999,5.868368693291176,0.4149563297529029,0.235361484,0.056175896945128916,0.0039722357669137315,-63.240843516,9.149305965171488,0.6469536291123289
R:A:PHE:547,94.55059,2.8871563227334955,0.20415278141504709,-14.5875,0.9185444355065245,0.06495089991678328,-74.01612500000002,1.6877228799109771,0.11934002931487411,-1.7021099999999998,0.8488883542021295,0.06002547117266136,0.006519852,0.01139997536308285,0.0008060999884595457,4.2513748520000005,3.570510527727553,0.2524732206454111
R:A:ALA:548,85.602155,2.325504726070235,0.16443801614856277,-6.0602,0.5872274431598032,0.04152325071571347,-74.42842,1.8816830560963231,0.13305508490095366,-0.051039999999999995,1.2519112542029487,0.08852349372906607,0.273659652,0.055492243809199995,0.003923894190074253,5.336154652,3.2960431735791897,0.23306544791214737
R:A:ALA:549,91.95417000000002,2.3251334501701186,0.16441176297789642,-5.189674999999999,0.5746476306181032,0.04063372364028431,-80.960835,2.337285095527501,0.16527101406137434,0.261115,1.7249683161655462,0.12197367936925982,0.35312896800000004,0.05895600933206195,0.004168819399039838,6.417903967999999,3.7654161232274665,0.2662551274723302
R:A:PHE:550,111.10215,3.4143706004913996,0.2414324605091453,-12.60087,1.0012676131284783,0.07080031190256156,-84.96316999999999,2.3653923566926487,0.16725849755842007,-2.693325,1.4188996650133512,0.10033135749542613,0.33532308,0.0586476641186808,0.004147016099907016,11.18010808,4.502472680603579,0.31837289645619626
R:A:VAL:551,52.85534,3.2233431316569447,0.2279247786485708,-10.100435,1.0124725851967549,0.07159262307580998,-56.02205,2.3158475980728954,0.16375515407919225,-1.96232,0.7502704429737319,0.05305213179505607,0.01460862,0.021163000055672634,0.0014964500849617402,-15.214856379999999,4.164318117993193,0.2944617580250988
R:A:GLU:552,99.02663000000001,3.0069232835408353,0.21262158442994444,-8.11402,1.2272848485987269,0.08678214388916651,-92.196085,14.01830623498342,0.9912439399506435,-51.246595,13.412197166049081,0.94838555667243,0.198309924,0.09997442337680085,0.007069259271495078,-52.331760076,19.67124177922633,1.3909668456451065
R:A:LYS:553,120.217385,3.4266392101846677,0.24229998222012938,-7.5574900000000005,0.8481706077788832,0.059974718836356376,-135.915905,11.956095728789354,0.8454236366342469,8.99916,11.280508774625373,0.7976524249771952,0.934550748,0.14869415856583099,0.010514264784472685,-13.322299251999999,16.81313364307325,1.1888680812012777
R:A:CYS:554,78.44804,2.273632272026415,0.1607700797474455,-7.7746450000000005,0.7129940455396525,0.050416292454671836,-67.604135,1.998407365072247,0.14130873994157261,-6.390905,1.489836050032016,0.1053473173833819,0.048211092000000004,0.025683551080789742,0.0018161013134177508,-3.2734339079999994,3.4484296882669825,0.24384080170185954
R:A:CYS:555,98.89485499999999,2.2766596614283388,0.16098414850498477,-6.639504999999999,0.5542662987905723,0.03919254584579828,-76.65126500000001,2.1031804807897494,0.14871731800256152,-7.33114,2.0228462349867327,0.1430368290056795,0.255743352,0.057011186033866165,0.004031299624803456,8.528688352,3.7428486002586303,0.2646593626197455
R:A:LYS:556,120.078115,3.4871617888728648,0.24657957480066142,-5.047835,0.8986774993149655,0.0635460953865381,-126.33743,9.194455785694986,0.650146203538481,0.09793499999999994,8.64739745187967,0.6114633377839386,1.271695428,0.12049846033104662,0.008520527842262126,-9.937519572000001,13.126230927207061,0.9281646900048696
R:A:ALA:557,86.261375,2.3497056165347607,0.1661492775243847,-4.596705,0.527902631149912,0.03732835302923235,-74.701325,2.5074426093880993,0.17730296725344163,-6.42385,1.8490908299756397,0.13075046649056363,0.273030336,0.051713697877594327,0.0036567106449479315,0.8125253360000003,3.9381311958558682,0.2784679273791972
R:A:ASP:558,90.07564,9.78793544269679,0.6921115525347052,-3.1608050000000003,0.745863792508391,0.05274053455241993,-17.352665,7.801912605430478,0.5516785309524695,-133.91171,9.067747648997518,0.6411865852694518,1.058878224,0.06946087202328102,0.0049116253634792955,-63.290661776,15.474453320514824,1.094209087809072
R:A:ASP:559,98.72408999999999,6.808059703168004,0.48140251828329694,-3.09553,0.9027081029325039,0.06383110210156175,-36.411719999999995,16.710839865536382,1.1816348188243269,-117.233045,15.762564673395476,1.1145816369449457,0.9547101720000001,0.09352625229917434,0.00661330472197101,-57.06149482800001,23.976737061064927,1.695411336660582
R:A:LYS:560,126.45936999999999,3.1803373253634595,0.22488380892251894,-5.619204999999999,1.1516683823805356,0.08143525228594185,-159.664975,14.859418608558512,1.0507195662601296,25.109785000000002,12.974615399262325,0.9174438532105794,0.908190252,0.1861804806973204,0.013164948042564637,-12.806834748000002,20.015456899122185,1.4153065301916363
R:A:GLU:561,98.368305,2.710869078722726,0.19168739084737682,-4.8257650000000005,1.0895464514076487,0.07704256842080875,-24.678154999999997,7.170710530412938,0.5070458041980773,-128.277825,7.292852887202305,0.5156825730736642,0.973186488,0.18110092918419235,0.012805769510532713,-58.440253512,10.638304043580039,0.7522416929539714
R:A:THR:562,34.976279999999996,3.8235162509920104,0.2703634269053416,-4.35112,0.8638286725965978,0.06108191121764282,-49.49013999999999,5.260085115318953,0.3719441854660454,-3.45432,2.6054537546462035,0.18423340179782816,0.700323444,0.12383206687882935,0.00875624942183663,-21.618976555999996,7.059581826566463,0.49918781819064595
R:A:CYS:563,81.544785,2.6805647648909736,0.1895445522664131,-7.263230000000001,0.9194123161563587,0.06501226834605911,-69.68572,2.3196505710127977,0.16402406487463964,-0.9173699999999999,1.097456957288075,0.0776019256558753,0.07451744399999999,0.05717833309691761,0.004043118706977365,3.7529824439999997,3.823507077586066,0.2703627782475866
R:A:PHE:564,93.57003499999999,3.256459624158574,0.23026646829027236,-12.701044999999999,1.0667833720934161,0.07543297564643064,-70.572565,2.017974907122237,0.14269237410904273,-2.611255,1.1611344495686104,0.08210460431592737,0.14628258,0.07196180893870582,0.005088468308700959,7.8314525800000006,4.143451518293141,0.2929862666102776
R:A:ALA:565,91.75366,2.428851844884739,0.17174576100154554,-4.0669,0.751644543650787,0.053149295385733944,-80.77088,2.183454818767725,0.15439357087651023,-1.07728,1.8457705305914927,0.13051568586955362,0.556270452,0.10482173721273129,0.007412016119887657,6.394870452,3.827482488293355,0.27064388223449914
R:A:GLU:566,101.779015,3.224472233525202,0.2280046182073403,-5.941305,1.3622388894665283,0.09632483563378139,-74.045385,15.009574974887697,1.0613372247470994,-79.79935,14.129416304203794,0.9991006082910269,0.6978726359999999,0.14542967614437535,0.01028343101874513,-57.309152364,20.909371386814296,1.4785158297964354
R:A:GLU:567,98.18143500000001,3.1645151960094933,0.22376501542661892,-8.45475,1.6594212236499808,0.11733880000877799,-84.35860000000001,14.204547366600599,1.00441317666088,-61.871265,13.086052109202951,0.925323618537793,0.21614868,0.09551747895449503,0.006754105709056677,-56.287031320000004,19.641560134236688,1.3888680364002115
R:A:GLY:568,88.15674999999999,2.603874353247484,0.18412172125390316,-4.7300450000000005,0.9714165908481284,0.06868952587458295,-79.11341,3.1523217288056116,0.22290280709201488,-1.8475600000000003,1.5182603256358904,0.10735721718636339,0.100193724,0.10295757605697127,0.00728020002044141,2.565928724,4.469525567802753,0.3160431837679981
R:A:LYS:569,138.927035,3.4500267381246483,0.24395373018028438,-5.9239049999999995,1.2775342915064942,0.09033531607225936,-137.29012999999998,11.128242140747117,0.7868855480408189,0.04197499999999991,10.296876855842017,0.7280991449808706,1.1783319120000002,0.11571154910290439,0.008182042103226386,-3.066693088,15.60165419594412,1.1032035479679638
R:A:LYS:570,127.31823499999999,3.349413033618726,0.2368392669066407,-7.9187,1.1026654569723313,0.07797022220052986,-156.43522,14.245753489078771,1.0073268895239518,20.852920000000005,12.74261860111963,0.9010392022925529,0.725555232,0.0774460543385328,0.005476263019891838,-15.457209768,19.43595271542683,1.3743293963899403
R:A:LEU:571,81.845715,2.9941586721105815,0.21171899009979006,-11.195235,1.1026788470697169,0.07797116902339607,-88.972955,2.346605917697942,0.16593009571766962,-1.81618,0.7991029205302655,0.05650510939729255,0.016706555999999997,0.024441210110100194,0.001728254540925705,-20.121948444,4.040619875325647,0.2857149714039907
R:A:VAL:572,48.321155,2.9210921264100858,0.20655240510552034,-7.52991,0.9127104480063762,0.06453837470451204,-52.771705000000004,2.2980179542325163,0.16249440787262495,-2.178705,0.953956937170122,0.06745494192329425,0.30529810799999996,0.07930547424023347,0.0056077438620484145,-13.853866892000001,3.9450005433547743,0.27895366359907753
R:A:ALA:573,78.116315,2.040279822910328,0.1442695698297981,-5.018775,0.5297997115656067,0.03746249687187174,-63.946450000000006,2.393618903982002,0.16925441585819853,-4.357514999999999,1.797166146958873,0.12707883694335184,0.450556056,0.05835213554503094,0.004126119074060796,5.244131056,3.6614276012434916,0.2589020285662867
R:A:ALA:574,98.32911999999999,2.3054701593384377,0.16302135834914394,-5.0231200000000005,0.7005893630365794,0.04953914894303292,-84.34037000000001,1.5932419756898195,0.11265922050813239,-3.683715,1.2415076454758545,0.08778784750109209,0.32624398800000004,0.08557645467361602,0.0060511691409617105,5.6081589880000005,3.145330295480827,0.222408438100598
R:A:SER:575,81.883925,3.2130648669728097,0.2271979955828726,-6.7158050000000005,1.0282275219886892,0.0727066653400842,-77.456305,2.9541586555185217,0.20889056180180807,-1.094945,2.090778647292678,0.14784037594606894,0.039430764,0.029256258598342744,0.002068729884703539,-3.343699236,4.94775730194673,0.3498592739871789
R:A:GLN:576,22.44371,3.3458687505489513,0.23658864824733244,-6.807915,1.064323455428377,0.07525903327093035,-62.640285000000006,3.7358155058534406,0.264162047745082,-12.90662,3.366145623053168,0.2380224396522311,0.632385,0.1685097079834963,0.011915435721089513,-59.278725,6.13541127266418,0.4338390916269227
R:A:ALA:577,94.365105,3.2872263405453235,0.23244200366946374,-2.8473650000000004,0.7542645038545828,0.05333455454838823,-74.902855,4.806547806271669,0.3398742547912021,-5.016515000000001,2.5928938157539347,0.18334528000162698,0.5992704,0.1473620640881499,0.01042007148063774,12.197640400000001,6.420474101453281,0.45399607755702204
R:A:ALA:578,129.022655,3.002455083090337,0.21230563494611962,-2.02813,1.1163871295836405,0.07894049097579771,-93.952135,15.146725391211627,1.0710352236896203,-88.28687,14.65673394597514,1.0363875963246085,0.9385982999999999,0.3770786787248979,0.026663489076723883,-54.3058817,21.322438535939057,1.5077240880195866
L:B:WAR:579,-63.48893,4.836194661621883,0.34197060403710144,-20.035335,1.6240396709363352,0.11483694642350517,60.445409999999995,4.205068384925505,0.29734323703339877,-4.268075,2.888762449453918,0.20426635172459265,0.49192761599999996,0.08993885523608439,0.006359637442959049,-26.855002384,7.21539474088779,0.5102054550219508

Receptor:
Total Energy Decomposition:
Residue,Internal,,,van der Waals,,,Electrostatic,,,Polar Solvation,,,Non-Polar Solv.,,,TOTAL,,
,Avg.,Std. Dev.,Std. Err. of Mean,Avg.,Std. Dev.,Std. Err. of Mean,Avg.,Std. Dev.,Std. Err. of Mean,Avg.,Std. Dev.,Std. Err. of Mean,Avg.,Std. Dev.,Std. Err. of Mean,Avg.,Std. Dev.,Std. Err. of Mean
R:A:SER:1,-2.09396,3.780959207449877,0.26735418949775225,-4.489975,1.3713224691424697,0.09696714171241204,-187.84309999999996,12.021135758321675,0.8500226612273346,98.10490999999998,10.346518613615887,0.731609347336063,0.509100732,0.12686717064623526,0.008970863667390385,-95.81302426799999,16.363081172678417,1.1570445658306832
R:A:GLU:2,87.44894500000001,2.815703638875192,0.1991003136860286,-8.485019999999999,1.112641455995596,0.07867563185637595,37.306149999999995,7.733213914505405,0.5468207999312937,-166.16995500000002,7.50404630669181,0.5306162029799646,0.43537672799999994,0.08308402681519725,0.005874927876931092,-49.464503272,11.193139388373657,0.7914744764285258
R:A:VAL:3,44.100860000000004,2.9308741785344523,0.2072441006446263,-9.83472,0.8463184398321947,0.059843750784856396,-48.10449500000001,1.7816639104991157,0.12598266329092667,-0.19123999999999997,0.7770887352162557,0.05494847142550918,0.0022745879999999997,0.0036940487992250456,0.0002612086955966053,-14.027320412000002,3.617248289842921,0.25577807949833714
R:A:ALA:4,83.01225500000001,2.2315246178285824,0.15779261896513094,-6.963925000000001,0.727679984179172,0.051454745134681214,-72.09586,1.430928953652137,0.1011819566523597,-0.23504999999999998,0.8847628086103078,0.0625621781710004,0.07175682,0.02400268561886357,0.0016972461767787252,3.7891768200000002,2.887933397114088,0.20420772887144742
R:A:HIS:5,112.72903000000001,3.0744547726548195,0.2173967818195568,-9.758415,1.0905091392441422,0.07711064073054379,-73.0673,5.989669550985263,0.42353359565682624,-11.224025000000001,3.5566142290632254,0.25149060394351713,0.5868884159999999,0.11233122900214589,0.007943017376643633,19.266178416,7.692837366099659,0.5439657468134328
R:A:ARG:6,-192.39560999999998,3.816631911502601,0.2698766305916464,-11.89192,1.6455999433641215,0.11636148790729689,-124.18605500000001,8.878034738159961,0.6277718566962643,146.27128000000002,6.816476675057284,0.4819976880732936,0.1046997,0.04446266482633266,0.0031439851808324412,-182.0976053,11.93987061586676,0.8442763478969385
R:A:PHE:7,104.52603500000001,2.994795673126132,0.2117640328735619,-14.249369999999999,0.8249482123745707,0.05833264750977791,-80.780535,1.517908771558752,0.10733235855917356,-1.6085749999999999,0.7552004464875534,0.05340073568664574,0.09995630400000001,0.0251430030521492,0.0017778787957568759,7.987511304000001,3.5389755015579696,0.25024335756047034
R:A:LYS:8,121.0288,3.094559682733555,0.21881841364473875,-6.381099999999999,0.9546473589760776,0.06750376211738127,-215.14674000000002,8.962226652032406,0.6337251240182923,84.89996,8.150295438718771,0.576312917339183,0.9946845719999999,0.06354226714033435,0.004493116798689755,-14.604395427999998,12.539557852273473,0.8866806390423593
R:A:ASP:9,76.565985,3.2488689146801537,0.22972972407565154,-5.56932,0.9442820540495303,0.06677082437711848,-13.173004999999998,10.570356825811274,0.7474370991092661,-123.85718499999999,9.48968670087559,0.6710221817524925,0.368377596,0.09804987145542611,0.00693317290006011,-65.665147404,14.602843171979126,1.0325769431510112
R:A:LEU:10,69.73950500000001,3.4850858353812466,0.24643278272152633,-9.892325000000001,0.9504738656980528,0.0672086515775685,-75.66411,3.027073046343612,0.21404638782165883,0.015539999999999984,1.2446717914374055,0.08801158640769975,0.065802312,0.0327309766787894,0.002314429556443073,-15.735587688,4.874697350860292,0.34469315530254113
R:A:GLY:11,81.305005,1.9089253115234759,0.13498140325568925,-3.8988199999999993,0.49550310554021754,0.035037360602648136,-82.42474,1.5048898306520648,0.10641178041927501,-2.23049,0.8588045411500803,0.06072665147610232,0.19256385599999998,0.026540310829318937,0.0018766833762210182,-7.056481143999999,2.625349920100922,0.18564027314909226
R:A:GLU:12,93.60435000000001,2.6936657081939472,0.19047092885136038,-6.124725000000001,1.0942591097975836,0.07737580369130262,-35.923474999999996,9.934499384436792,0.7024751882428838,-108.345215,8.953248557857366,0.6330902768909621,0.45766130399999994,0.07359841882942039,0.0052041941038890845,-56.331403695999995,13.686255603059559,0.9677644145975796
R:A:GLU:13,92.180915,2.9777911457614015,0.2105616312125146,-5.7567,0.957988246274452,0.06773999852376733,-17.030885,12.54360699008762,0.8869669563229934,-122.83492,12.117850684572739,0.8568614392467431,0.8949976559999999,0.15234137613287357,0.010772162011884537,-52.54659234399999,17.719835524576183,1.2529815860938103
R:A:ASN:14,23.98243,7.6258613588957935,0.5392298279263675,-8.436,0.9671813325328399,0.06839004788710122,-85.32256,3.9953920015938356,0.2825168777825494,-6.044915,2.735500677714228,0.1934291079152127,0.27904536,0.1064429967460894,0.007526656480897742,-75.54199964,9.08551883553335,0.6424431979203736
R:A:PHE:15,113.024035,3.138420834396656,0.2219198654219018,-15.019824999999999,0.8852793877499915,0.0625987058322694,-87.99378,1.592256556463185,0.1125895408463859,0.33498,0.5595487464019555,0.03956607129852545,0.00137736,0.003215731591784364,0.00022738656150265345,10.34678736,3.6717558484027326,0.2596323459266937
R:A:LYS:16,120.48064999999998,3.348634784132185,0.23678423635770188,-10.037475,1.0319057463620405,0.07296675507979643,-180.931905,13.427411942961122,0.9494614038653044,57.61729999999999,12.03109002044287,0.8507265338520952,0.45116683199999996,0.10325070692762822,0.007300927503083076,-12.420263168000002,18.36658279760639,1.298713524341167
R:A:ALA:17,86.56816,2.2048926423751336,0.15590945392117822,-6.839639999999999,0.5786432496798005,0.04091625657364075,-77.68334,1.2942598635513658,0.09151799261347464,0.36462999999999995,0.6470652154922254,0.04575442017444872,0.08508182399999999,0.046366809583004785,0.0032786285478128077,2.494891824,2.700431714250687,0.1909493577277874
R:A:LEU:18,80.94192500000001,3.214570027138154,0.22730442647884128,-11.659735000000001,1.0056289399052714,0.07110870427644564,-84.92064,1.5243649006717517,0.10778887582677535,0.490215,0.5268296107613922,0.03725247902992498,0.013602672,0.01434654928967994,0.0010144542289359732,-15.134632328000002,3.7344602872170847,0.26406621931630625
R:A:VAL:19,52.720465,3.259578665836276,0.230487017842383,-10.085749999999999,0.9477022145695345,0.06701266624676264,-56.97586499999999,2.046587903505491,0.14471561848630923,-0.19316499999999998,0.4508833638259455,0.03188226840855273,0.006178823999999999,0.009180589198315322,0.0006491656877416733,-14.528136175999999,3.9893476539458215,0.28208947786157346
R:A:LEU:20,72.615995,2.844629890684375,0.20114570856688688,-11.754544999999998,0.9134029986676199,0.0645873454314001,-74.12743,1.3641593144130935,0.09646063018402899,-1.887335,0.6158308150579995,0.043545814539115005,0.031509324,0.02281157294646347,0.001613021791997591,-15.121805676,3.3416946073340226,0.23629349175004044
R:A:ILE:21,77.586125,2.7365765930035653,0.19350518661491997,-11.467625,1.073152875584369,0.07588336755755505,-65.05455,1.3227829895716081,0.09353488219642983,-0.6095349999999999,0.5143160981099075,0.036367640064692126,0.0004974840000000001,0.0022143599236221743,0.0001565788917980965,0.45491248399999945,3.2641674793758475,0.23081149595952616
R:A:ALA:22,87.92456,2.2478355180929053,0.15894597378354697,-7.180755,0.7185836589952488,0.05081153781253821,-75.93636000000001,1.7977411550053588,0.12711949615224255,-0.667555,0.7432069745198844,0.05255266915081479,0.018686952,0.013835690148225204,0.000978331032620595,4.158576952,3.0583571218992525,0.2162585060185134
R:A:PHE:23,96.93892,3.047029939728194,0.2154575532860243,-14.00094,1.0766464212544433,0.07613039854092452,-75.33583,1.3173893050651353,0.09315349110741905,-2.4545799999999995,0.4456272698118911,0.031510606436563546,0.009596483999999999,0.015461310948795512,0.001093279781792712,5.157166484,3.5182234532269634,0.2487759661506338
R:A:ALA:24,90.03464500000001,2.111139225388747,0.1492800862301298,-8.888525,0.535596414639792,0.03787238567709988,-76.29359,1.0983265142479255,0.07766341261816913,-0.932585,0.5477610909648476,0.038732558189138504,0.00017618400000000002,0.000494824896447218,3.49894039777759e-05,3.920121184,2.500027187427504,0.176778617738072
R:A:GLN:25,33.58462,3.0790274951029586,0.21772012212471312,-12.965205000000001,0.7697878753104649,0.05443222267072142,-75.213635,1.729993887785445,0.12232904094643673,-6.09568,1.0781996186235645,0.07624022618014718,0.018623556,0.01319495926243291,0.0009330245171946556,-60.67127644399999,3.7720751669207147,0.26672599296750155
R:A:TYR:26,86.99394000000001,3.2074514534751732,0.22680106730789432,-13.860485,0.900115809090697,0.06364779924612476,-78.23720999999999,2.9528415121540132,0.2087974257013242,-3.9414999999999996,1.113682652284752,0.07874925555203681,0.057677544,0.037639106288774496,0.0026614867294593673,-8.987577456,4.589001203355391,0.32449138697658236
R:A:LEU:27,68.96288,3.3039960692470562,0.2336278025578291,-10.779855000000003,0.9886016659782646,0.06990469419055491,-72.6799,1.6760866713866562,0.11851722511938931,0.23048000000000002,0.5365361959830856,0.03793883825316743,0.003036924,0.009569298414942654,0.0006766515800403631,-14.263358076,3.871815139007434,0.2737786740292891
R:A:GLN:28,30.418274999999998,2.784462867300442,0.19689125754302803,-11.217334999999999,1.2895687662063624,0.09118628193908883,-83.40318500000001,2.310250655399756,0.16335939046738332,-2.3707249999999997,1.177854854969406,0.08328691552023643,0.042482016,0.028893194435668478,0.00204305737156026,-66.530487984,4.017667983916129,0.284092027598318
R:A:GLN:29,27.26043,2.6839334520624765,0.18978275442067966,-7.189314999999999,1.082578923577861,0.07654988980315386,-70.335585,2.9702012731084406,0.2100249461703895,-8.411665000000001,2.4349071733384418,0.17217393738273803,0.614707236,0.11115151772747821,0.007859599192427659,-58.061427764,4.8102701697844505,0.340137465639395
R:A:CYS:30,100.52205,4.534012033232819,0.32060306546803324,-6.737735,0.752298919828415,0.05319556676899871,-79.242305,5.17200062180729,0.3657156711980975,1.6474799999999998,1.137013209949647,0.0803989751054079,0.09195541200000001,0.048485975023182276,0.003428476173133376,16.281445411999997,7.011986818557486,0.49582234289926835
R:A:PRO:31,81.803345,2.3121702675138356,0.16349512754169468,-6.045084999999999,0.7793527235950356,0.05510855957902547,-55.31620000000001,1.840589272488569,0.13014931559558812,-5.072050000000001,1.1645367093827486,0.08234518041452092,0.489433068,0.062119116163462725,0.004392484828049936,15.859443067999997,3.2712834508557855,0.23131467112834558
R:A:PHE:32,91.67393499999999,3.0962232220521497,0.21893604363803365,-11.244035000000002,0.8712418113101552,0.061606099283066124,-68.511125,1.9597413807375195,0.13857464196913877,-5.855835,1.061052236119881,0.07502772313535176,0.333968184,0.07426059497671524,0.0052510170282983005,6.396908184000001,3.9137697042194874,0.2767453097856068
R:A:GLU:33,94.56567500000001,3.0897365032272575,0.21847736335116047,-4.904459999999999,0.7339434504101797,0.05189763907924906,-7.5550049999999995,6.607733907700506,0.46723734544113127,-136.969855,6.420504746044115,0.4539982444568206,0.9715163759999998,0.07550383280006534,0.005338927217850147,-53.892128623999994,9.74555663189602,0.6891149180851206
R:A:ASP:34,86.86068500000002,7.097600705574736,0.5018761589066321,-6.631225,1.2203303996766612,0.0862903900899457,-11.216085,15.704610073407585,1.1104836278797066,-129.879865,10.886149941406051,0.7697670444581756,0.455995944,0.18279280903301218,0.01292540348193805,-60.410494056000005,20.421596249454502,1.4440249190643044
R:A:HIS:35,119.071385,3.0604341843560365,0.2164053765133274,-12.45364,0.9302388673883714,0.06577782112536108,-94.52194,1.6728647722993033,0.1182894024500927,-7.310025,1.1664794273260888,0.0824825513176878,0.11534525999999999,0.05844894247274282,0.004132964357565886,4.9011252600000015,3.7939647898769673,0.26827382305049985
R:A:VAL:36,63.600475,3.023214535783889,0.21377354992345282,-6.689185,0.9667527661067229,0.0683597436644916,-62.125035000000004,2.7069798399277007,0.1914123801348152,-2.122325,1.2881296128010566,0.09108451842588289,0.53859096,0.09232729145108937,0.0065285253873652044,-6.797479040000001,4.366918721712907,0.30878778410136865
R:A:LYS:37,118.71628000000001,3.680120854211177,0.2602238411598753,-6.29299,1.2281651313646713,0.0868443892804826,-175.33474,12.394345897722882,0.8764126032651517,52.463894999999994,12.353996523958351,0.8735594716845986,0.9980047439999999,0.21184152302495576,0.014979457746783236,-9.449550255999998,17.925891784476235,1.2675519639619366
R:A:LEU:38,80.267,4.8730304041735675,0.3445752843719352,-10.146980000000001,1.3230661735529332,0.09355490632778166,-82.98510499999999,3.3206550745259586,0.23480577211788256,-2.15224,0.9425133964034677,0.06664576139560566,0.074524428,0.0969867295892341,0.006857997417765341,-14.942800572,6.117304755502329,0.4325587675200412
R:A:VAL:39,48.455045,2.918281854614972,0.2063536888811901,-9.680605,1.1030308921217935,0.07799606236775673,-53.73408499999999,2.1376572030554852,0.1511551904132802,-1.81603,1.00239125549857,0.0708797654165136,0.035346024000000004,0.026473741164486444,0.0018719761900785812,-16.740328976,3.912558438898548,0.2766596603933815
R:A:ASN:40,16.177835,7.7859243239178095,0.5505479887247569,-7.31346,0.8665864633145385,0.06127691646941774,-82.07419,8.951806889891,0.6329883355714383,-6.336965,3.5140604567615226,0.2484815978475569,0.49239640799999995,0.09579877429702707,0.006773996293478737,-79.05438359200001,12.404202294747,0.8771095557825337
R:A:GLU:41,110.451505,2.5905542669426946,0.1831798489186925,-7.421235,1.2022502483988098,0.08501193033260096,-28.6936,18.36676586500737,1.2987264691612317,-129.015415,17.28243362269258,1.2220526010012314,0.5571331559999999,0.10653408534023871,0.007533097417158915,-54.121611844,25.380865368301848,1.7946982014309036
R:A:VAL:42,59.574425,3.116780108441242,0.2203896350146145,-9.03217,0.9421267701854141,0.06661842279354864,-62.14130000000001,1.616915851242729,0.11433321630217526,-2.3970399999999996,0.5897950054044202,0.041704804783142195,0.016487028,0.01770880199925495,0.0012522013980363065,-13.979597971999999,3.6830028123181293,0.26042762637192746
R:A:THR:43,36.39024500000001,2.887932990042359,0.2042077000871294,-9.574085,0.9095583861275757,0.06431549027159009,-51.442255,2.2043280631464546,0.1558695321410666,-0.93674,1.0809020642037834,0.07643131793970322,0.025380108000000002,0.02017918361031328,0.0014268837569660958,-25.537454892,3.898111349689254,0.2756380969185517
R:A:GLU:44,88.45359499999999,2.8021912409710725,0.19814484286721923,-6.423719999999999,0.9434236914557531,0.06671012897604081,4.939080000000001,9.1366344265052,0.6460576160204289,-145.34637,8.850533520251759,0.6258272269288864,0.771431796,0.10899912422670553,0.0077074019884098375,-57.605983204000005,13.060024389653991,0.9234831808386038
R:A:PHE:45,93.020025,3.1688998492181786,0.2240750572283202,-11.201085,0.9386231926470814,0.06637068244997184,-69.71418,1.5383054012776527,0.10877461807793214,-3.7417599999999998,0.6813894572122466,0.048181510582380044,0.4212026279999999,0.0876875667635088,0.00620044730842252,8.784202628000001,3.709623156267346,0.2623099689443284
R:A:ALA:46,100.61679,2.0885023811094876,0.147679419620677,-8.3597,0.606068519228643,0.04285551598102629,-81.07298,1.3031236279033547,0.09214475540148774,-1.992715,0.5128531405529267,0.03626419334377921,0.000275112,0.0010045072433068863,7.102938834933045e-05,9.191670112,2.5865637027356976,0.1828976734175397
R:A:LYS:47,139.97566999999998,3.5754595971846754,0.25282317270278054,-7.932755000000001,1.1407960531904904,0.0806664625161845,-222.752495,9.990653795922217,0.7064459047583721,74.223015,9.21215177658157,0.6513974990540529,0.743797152,0.08788940549677701,0.006214719462122525,-15.742767847999998,14.098579897933817,0.9969201450929345
R:A:THR:48,40.601535000000005,2.9155885218554074,0.2061632414953621,-5.608990000000001,0.8795812412165235,0.06219578602686841,-59.371449999999996,2.6791361046986766,0.18944353073541464,-3.4881849999999996,0.9957962395866937,0.0704134273691815,0.48250591200000004,0.06629507859771384,0.004687769963573861,-27.384584088,4.1770916969102165,0.2953649864523237
R:A:CYS:49,89.24602999999999,2.2001010156581446,0.15557063474672847,-8.33983,0.7261348229495677,0.051345485736333234,-73.81355500000001,1.7008875262565128,0.1202709103851592,-3.7389099999999997,1.1956867114340612,0.08454781818296674,0.037343016,0.03206078505336611,0.0022670398521399482,3.391078015999999,3.1131060442929397,0.2201298394472366
R:A:VAL:50,46.69359,2.8019512418848405,0.19812787236908388,-6.09115,0.7563778536551689,0.05348399094588959,-48.99067,1.6373885034102318,0.11578085141982672,-4.2439,0.9071861440740814,0.06414774742732592,0.512333244,0.05014751075889275,0.003545964491723841,-12.119796756000001,3.453922524223048,0.24422920385710747
R:A:ALA:51,80.2178,2.425282183581944,0.17149334783017098,-3.095455,0.4670525323504841,0.033025601279537666,-68.881425,1.5254866418212254,0.10786819490412825,-3.4389250000000002,0.9207800494010501,0.06510898169127667,0.6502323240000001,0.040110506070233316,0.0028362410839086155,5.452227324000001,3.045765254319875,0.2153681265231953
R:A:ASP:52,109.052525,3.162617517085334,0.22363082926304015,-4.24697,1.2786147500713418,0.09041171603005885,-18.67011,6.1953663530012495,0.43807855601421536,-152.1291,4.63788263973982,0.32794782649073917,0.49202971199999995,0.09101480639090903,0.00643571867873925,-65.501625288,8.458002634272313,0.5980711017987635
R:A:GLU:53,99.36269000000001,2.7014597783235645,0.19102205283552998,-3.821315,1.5102625353808523,0.10679168801397888,14.226350000000002,6.461225463292547,0.4568776339869352,-163.73573,6.985022800041529,0.4939156988652011,1.040986944,0.3029948882142405,0.021424974012114937,-52.927018055999994,10.010422656739273,0.7078437743123794
R:A:SER:54,67.523945,5.364012068589611,0.3792929308066194,-2.2155150000000003,1.1326772310658497,0.08009237509822643,-65.20367,6.306629447739894,0.445946044892765,-4.91737,2.40073969707255,0.1697579319663738,0.6849668879999998,0.13934638616475226,0.009853277459093562,-4.1276431119999994,8.695523370176586,0.6148663541017966
R:A:ALA:55,88.586025,3.078990239408855,0.2177174877493193,-3.852085,0.6351527436569884,0.04491208121290974,-73.228955,3.4557992827962396,0.24436191072848285,-4.68513,1.7943993766996242,0.12688319674212184,0.33425305200000005,0.09597827877666745,0.006786689176959445,7.154108051999999,5.005519906884992,0.35394370695226335
R:A:GLU:56,94.69200000000001,2.909602859498182,0.20573999125109338,-4.235395,0.853751813453418,0.060369369674322416,13.975389999999999,8.881969873170029,0.6280501127613146,-158.15286,8.149903377365893,0.5762851944150569,1.0550772,0.10815477229330937,0.007647697290628598,-52.6657878,12.430474339382421,0.8789672698742679
R:A:ASN:57,12.20143,3.197782767027804,0.22611738793268418,-6.6236000000000015,0.9510861685462574,0.06725194792717902,-70.243905,3.5355030683023028,0.24999781945024038,-10.457284999999999,2.6882562254694027,0.19008842065963671,0.49367581200000005,0.14649790658451287,0.010358966317554242,-74.629684188,5.556828649642135,0.39292712200536395
R:A:CYS:58,87.929165,2.425627625538388,0.1715177742651618,-7.959385,0.7716071712827712,0.05456086632262174,-81.462615,2.1136664937437506,0.14945879108929994,0.32191499999999995,1.0696302808798002,0.07563428249725782,0.030167496,0.026806469405820377,0.0018955036296525308,-1.1407525040000004,3.4772777536317117,0.2458806679662108
R:A:ASP:59,110.410325,5.392371940934249,0.38129827661146726,-5.57284,1.0036661917191392,0.07096991702122808,-0.6563350000000002,11.393364838043896,0.8056325537513209,-162.82378500000002,11.363215349045136,0.8035006629392877,0.648574416,0.0893413063220353,0.006317384354037572,-57.994060583999996,17.000718462592705,1.2021323309942638
R:A:LYS:60,136.371305,3.4585633740001063,0.24455736149189006,-7.869800000000001,1.2299733777606734,0.08697225160934952,-229.63574500000001,16.38518884053446,1.158607814016406,87.382795,15.52224616777401,1.0975885524479903,0.702018468,0.1800761285403087,0.012733305162067266,-13.049426531999998,22.867476073388488,1.6169747400114125
R:A:SER:61,77.46366,3.6420392988544212,0.25753106855678604,-4.7929,1.109420628075754,0.07844788493006043,-79.632345,5.96379417786823,0.42170393047714766,-0.320405,3.1140460081660644,0.2201963049301123,0.279523584,0.08586331216603132,0.006071453028773813,-7.002466416,7.730896482926551,0.5466569327728594
R:A:LEU:62,67.24827499999999,3.685836914375756,0.2606280276502797,-9.253285,1.0584075083704765,0.07484071264275215,-71.09793499999999,2.6395470256797853,0.18664416011189583,1.9555550000000002,0.9996743104506587,0.07068764838976467,0.042296976,0.023789652221102853,0.001682182440761144,-11.105093023999999,4.761590426365208,0.33669528797157827
R:A:HIS:63,119.33983,2.964660682287266,0.20963316723624625,-9.236095,0.9358461176790767,0.06617431359579788,-99.42802999999999,4.021098102396906,0.28433457360212105,-5.881545000000001,3.290657924788749,0.23268465331833765,0.47108502,0.10482345151311705,0.007412137339230433,5.265245019999998,6.055878829710608,0.42821529865324237
R:A:THR:64,34.670730000000006,3.9644556205234536,0.2803293452985256,-7.326235,1.2058308877180914,0.08526511976696569,-47.22651,3.1334051668911256,0.22156520417136805,-1.9614300000000002,1.8721684526505622,0.13238230083927383,0.21520119599999998,0.13209354357057115,0.009340424040971154,-21.628243804000004,5.523733144905539,0.3905869164227601
R:A:LEU:65,66.708345,4.142163684111844,0.2928952029820137,-9.454105,1.1314914025192593,0.08000852435756456,-68.973685,3.3999386194128562,0.2404119653404859,-0.33674,0.806949318358966,0.0570599335085487,0.11965708800000002,0.07732312646488278,0.00546757070658636,-11.936527911999999,5.536652550414493,0.3915004563471881
R:A:PHE:66,101.309715,3.150375256025066,0.222765170681763,-12.852240000000002,0.8726800401063382,0.061707797416533997,-81.50866,1.229879081210832,0.08696558383636599,-0.592025,0.710725948854409,0.05025591380001959,0.09199098,0.05160374995942446,0.003648936153096406,6.44878098,3.564664301439881,0.25205983002017474
R:A:GLY:67,75.05336,1.8708016624965884,0.13228565418064045,-4.61331,0.8394244301305508,0.059356270683896574,-77.71285,1.9943196151820808,0.14101969237485953,1.0024650000000002,0.9465225981322369,0.06692925476856142,0.036922932,0.024976921439540462,0.0017661350523062724,-6.233412067999999,3.013033660147128,0.21305365330333575
R:A:ASP:68,110.37377000000001,3.6425296618009853,0.2575657424532618,-7.101704999999999,0.874643251831854,0.061846617448935715,-23.414484999999996,10.36364988504412,0.7328207111557881,-139.175515,9.502755819222916,0.671946307973245,0.556018308,0.0900604017855813,0.006368232081896959,-58.76191669199999,14.551588955526292,1.028952722749191
R:A:LYS:69,126.23969500000001,3.330802693342102,0.23552331712566169,-8.68722,1.5545796575280406,0.10992538177327382,-211.713135,12.34337237454882,0.8728082308754168,81.48106499999999,11.270370239738135,0.796935522300189,0.42009843599999996,0.10666217184900889,0.007542154501051905,-12.259496564,17.114392429473757,1.2101702942768604
R:A:LEU:70,63.255265,4.545230034307944,0.3213962979311911,-11.061,1.0829460605219448,0.07657585030543244,-74.550935,2.9677820928725547,0.20985388429541876,0.168315,0.535118599728135,0.037838599060681405,0.00459954,0.006525333205009534,0.0004614107358763989,-22.18375546,5.561116190235413,0.3932302969081759
R:A:CYS:71,97.815585,2.0072169122381864,0.14193166899559448,-7.754149999999999,0.581385910992002,0.04111019201487631,-90.10172999999999,1.849430711624525,0.13077449975243638,-0.9263050000000002,0.9299957698694118,0.06576063153494649,0.162221112,0.03775110127650657,0.0026694059709877925,-0.804378888,2.9417070800808136,0.20801010245896215
R:A:THR:72,47.92088,4.626657283136498,0.3271540739131946,-5.403025,0.9653291171279359,0.06825907647979865,-56.987505,3.6575240368280557,0.2586260048793914,-3.617965,1.9526562866451944,0.138073650161336,0.558745308,0.1116632386349793,0.007895783324804555,-17.528869691999997,6.288134481115002,0.44463825326093703
R:A:VAL:73,39.00068,3.024960072067068,0.21389697797771712,-7.19264,0.8456633197673883,0.059797426800824796,-41.011185,1.9806903293485834,0.14005595633129994,-1.55678,0.8367219380415456,0.059165175635672716,0.228535524,0.0879880787122291,0.006221696712099291,-10.531389476,3.80742820974611,0.2692258305992431
R:A:ALA:74,94.65012999999999,2.345220384761313,0.16583212374416484,-7.5267100000000005,0.6086765527765958,0.04303993180175824,-79.63088,1.28719190317528,0.09101821234236585,-2.6463900000000002,0.6781105794042739,0.047949658909110085,0.0066401279999999995,0.008761879633390087,0.0006195584504710432,4.8527901280000005,2.826184622956312,0.1998414311777554
R:A:THR:75,39.505605,3.814715627536999,0.2697411288529708,-5.6364,0.7310411411131388,0.05169241482074522,-47.55112499999999,3.026108401788508,0.21397817715102396,-6.23019,1.118947368690771,0.0791215272192088,0.590582052,0.0712806481075172,0.005040302964419746,-19.321527947999996,5.049844816728988,0.3570779513848805
R:A:LEU:76,75.539885,3.460303921879551,0.2446804368127436,-6.5421499999999995,0.9570012891840847,0.06767021011863344,-70.551825,2.5332145357973532,0.17912531764626405,-3.1841299999999997,0.9438029524747208,0.06673694677987599,0.734522904,0.053614826838690656,0.0037911407629780667,-4.003697096000001,4.49448207766,0.3178078755034789
R:A:ARG:77,-193.407005,4.08460035437679,0.28882486090168036,-6.645684999999999,1.1074520105968475,0.07830868265317072,-36.581955,17.737500472811128,1.2542306865624342,59.188280000000006,14.700294522954293,1.0394677942620443,1.20183606,0.1816914198105161,0.012847523503142774,-176.24452894,23.423513909474764,1.6562925524607024
R:A:GLU:78,100.16083,2.949833961615467,0.20858475976326746,-4.1147849999999995,0.6845029720717068,0.04840166932942498,-23.19241,5.260658698480638,0.3719847439203656,-134.412885,5.3315344931618895,0.3769964194244755,1.1737737,0.05645153268763922,0.003991726157180374,-60.3854763,8.079173317183683,0.5712838238961996
R:A:THR:79,33.444525,3.401248225192481,0.24050456845323126,-5.111095000000001,0.7935624398716209,0.0561133382528165,-43.785435,3.0127810085990316,0.21303578814104213,-5.809035,1.304000062797161,0.09220672870715564,0.638313444,0.10280405898111836,0.007269344723905058,-20.622726555999996,4.794378487295615,0.3390137539941631
R:A:TYR:80,81.8803,3.6908845958658745,0.26098495263137295,-11.466849999999999,1.1214090143654099,0.07929559185415037,-75.652205,3.621528190277552,0.2560807141603502,-4.728739999999999,1.5674213353147903,0.11083342551775616,0.227011212,0.09121558689871297,0.006449916004599074,-9.740483787999999,5.519128883815658,0.39026134599885925
R:A:GLY:81,79.285445,2.4706664965095952,0.17470250337323442,-4.026255,0.6446282727083881,0.045582102297667224,-76.981455,3.33760941063735,0.23600462472137063,-2.5644799999999996,1.8777078765345796,0.13277399725849937,0.19728874799999999,0.08010368151284245,0.005664185639573837,-4.089456252,4.603431176233322,0.3255117401440146
R:A:GLU:82,94.81867,3.0518915611633384,0.21580132183445955,-6.019314999999999,1.0900845635889906,0.07708061869805535,-11.26199,13.765167432323517,0.9733443235564175,-131.38318999999998,12.356901811696167,0.8737649065506694,0.7795267560000001,0.12879583239703862,0.009107240647651204,-53.066298244,18.78008976674813,1.327952882535969
R:A:MET:83,83.64879,2.7519807531848763,0.19459442522718887,-12.13341,0.9093636246848673,0.06430171855790481,-68.370665,1.6611224948133718,0.11745909804640507,-2.006065,1.0085335496526628,0.07131409120135375,0.009939132,0.015166169411429373,0.00107241012354457,1.1485891320000006,3.489561311117002,0.2467492466457052
R:A:ALA:84,87.99790000000002,2.4278619318239665,0.1716757635777398,-7.384485,0.8010591986707349,0.056643439151193846,-76.857535,1.8570823349477532,0.13131555122633037,-1.9483599999999999,1.0023854101093053,0.07087935208507481,0.059713775999999996,0.03089183886656513,0.002184382874587035,1.867233776,3.3152217142535974,0.23442157552856094
R:A:ASP:85,100.685355,8.238001343103495,0.5825146613132367,-6.853295,1.2625882891802063,0.08927847411260455,-47.24241,14.729772276308282,1.0415521861911194,-114.035905,12.202908047919356,0.8628759030879671,0.39770398799999995,0.11215472732583615,0.007930536823422691,-67.048551012,20.86500731218867,1.4753788159955508
R:A:CYS:86,86.82916499999999,2.279106278297482,0.1611571504428984,-8.97194,0.7227545962496538,0.051106467614187544,-78.294385,1.3560113298844516,0.09588448067270842,0.632515,0.7114361248734843,0.050306130827912014,0.007350047999999999,0.0099822446378806,0.0007058512874908425,0.20270504799999967,2.8393145943929863,0.20076986036172123
R:A:CYS:87,84.191205,2.112124753175105,0.14934977356820797,-7.89549,0.6015249038069829,0.04253423385345033,-73.50037,1.6158417753913903,0.11425726767037622,-1.49157,1.0344397783824828,0.0731459382023363,0.164002428,0.04446987145770511,0.0031444947666237383,1.467777428,2.9164860792643026,0.2062267083883955
R:A:ALA:88,100.98769499999999,2.364071399508695,0.167165091780177,-3.89755,0.5225326473054099,0.03694863783010139,-80.977565,1.6047856884254046,0.11347548426367256,-2.966135,0.7223195115563472,0.051075702480484785,0.62024274,0.068940314439779,0.004874816383750058,13.766687739999998,2.9939454402143095,0.21170391232780814
R:A:LYS:89,133.23938,3.420850935892997,0.24189068941982858,-7.9554100000000005,1.1709839246975169,0.08280106738140516,-210.32996500000002,10.856722617980761,0.7676862184635563,70.421615,9.905588194386793,0.700430858389231,0.6539779440000001,0.08431384965943416,0.005961889484212897,-13.970402056000003,15.135046639614112,1.0702094112445806
R:A:GLN:90,29.24665,2.827619125253612,0.19994286580796025,-5.3755,1.0205794138625373,0.0721658624281592,-81.872335,4.031496581019883,0.28506985707695404,-8.73296,2.5795653351679233,0.1824028141010988,0.8736170400000001,0.05568239038696525,0.003937339583529975,-65.86052796,5.652188495377185,0.39967008136257964
R:A:GLU:91,102.31897500000001,2.704831422542817,0.19126046408464817,-5.79586,1.0781464976523367,0.07623646996024934,0.4855000000000001,11.123753415551786,0.7865681472383687,-139.046365,10.344515568733753,0.7314677106741452,0.619484112,0.18505483379912738,0.013085352787071248,-41.41826588799999,15.468020254320281,1.0937542013360737
R:A:PRO:92,78.38649500000001,2.6176174987906466,0.18509350839474356,-4.838855000000001,0.898191379370232,0.06351172151559899,-53.38035,1.5418027232755818,0.10902191608800499,-6.7297400000000005,1.236303996758079,0.08741989397156691,0.7588866959999998,0.10835099271390357,0.0076615721696295415,14.196436696000001,3.4023539309531112,0.24058275365736514
R:A:GLU:93,102.017535,2.8079766681322336,0.198553934344991,-6.717560000000001,1.0779359611776573,0.07622158278335606,-15.595194999999999,10.994836431115063,0.777452339847836,-131.373775,10.48943597360578,0.7417151307758761,0.598679208,0.07702278595798476,0.0054463334256771015,-51.070315792,15.490878174141121,1.0953705003469871
R:A:ARG:94,-197.65371,3.9516634175875858,0.279424799954299,-13.25469,1.1448309761270439,0.08095177465318472,-54.214355,8.493944056736835,0.6006125441537788,88.83057000000001,7.1987942535608,0.5090316233059592,0.33388124399999997,0.07845822695037445,0.0055478344316482915,-175.95830375600002,11.870221639348241,0.8393514215370438
R:A:ASN:95,28.35897,2.966431573304869,0.2097583881409752,-8.162155,0.9067802716066335,0.064119047909923,-95.901685,5.367756188182824,0.37955768004201285,-7.142735,4.050659485167199,0.2864248790239336,0.216565632,0.09607239562289563,0.006793344242978628,-82.631039368,7.406203170709383,0.5236976484853914
R:A:GLU:96,99.00309499999999,3.1393196629166322,0.2219834221960617,-6.89364,0.8380057042765282,0.05925595161669417,0.11126500000000018,8.163810017680165,0.5772685423820313,-149.549875,7.6614624138851575,0.541747202666405,0.7647523919999999,0.09620836018512287,0.006802958389373823,-56.564402608,11.658157567947626,0.8243562272437035
R:A:CYS:97,84.62989999999999,2.4224513699969292,0.17129317908194708,-7.69866,0.6573202373272863,0.046479559722527486,-74.37077000000001,2.117344531978676,0.14971886766703785,-0.693925,1.177896476510139,0.08328985860760602,0.11053706399999999,0.05583395147333837,0.003948056570723818,1.977082064,3.489132548501436,0.24671892855040656
R:A:PHE:98,100.80649,3.0236859476308053,0.21380688377482143,-14.48277,0.8436086516270446,0.0596521398233123,-76.16995,1.432121135763313,0.10126625665788189,-0.62629,0.8139476247892121,0.05755478850191355,0.02732004,0.023643139192281552,0.0016718224051399716,9.55480004,3.5451929352901046,0.2506829965158274
R:A:LEU:99,73.83439,3.6234527688242335,0.2562168024144787,-9.140365,1.0071084458860424,0.07121332114762657,-76.91663,2.5831880676985177,0.18265897997497962,-0.3351599999999999,1.3051929720926327,0.09229108013237249,0.23479577999999995,0.09267497733842722,0.006553110492231151,-12.32296922,4.746436065997274,0.33562371287350723
R:A:GLN:100,29.891955,3.212518148271695,0.22715933673277663,-6.54069,0.8170130500181744,0.057771546798575504,-74.3829,4.59867272373236,0.3251752667408762,-10.31382,3.52879953066195,0.24952380775789712,0.9426500640000001,0.10382525180023164,0.007341553960634459,-60.402804936,6.678231787485845,0.47222229832667995
R:A:HIS:101,107.69082999999999,3.0453209044532565,0.2153367062428048,-9.608145,0.794944616923091,0.056211072929406,-74.598205,2.659704074323871,0.18806947869038984,-7.090285,1.7388783234530816,0.12295726541719687,0.3918064680000001,0.09777745748963702,0.006913910323810172,16.786001468,4.473611558128191,0.31633210691469604
R:A:LYS:102,123.73208500000001,3.634702241969072,0.25701226028902785,-11.33068,0.9926902425228125,0.07019380021055992,-196.287505,6.202005201543691,0.4385479934965784,73.970845,6.6389487602311705,0.4694445688309483,0.08673584399999999,0.049371035458111105,0.003491059396663185,-9.828519156,9.835621025917336,0.6954834324607135
R:A:ASP:103,93.926215,4.635973786463315,0.32781285018112855,-6.923615,1.1123362921234745,0.07865405351204093,-62.025905,14.253870873765308,1.0079008752996867,-96.87791999999999,10.86506362998395,0.7682760170784977,0.270028476,0.08284171714496884,0.005857793995834534,-71.631196524,18.546127636119202,1.3114092616251123
R:A:ASP:104,73.81216,3.7535489479158253,0.2654159914586911,-6.428425,1.2704634683354732,0.08983533337097936,-51.13184499999999,6.953047111948473,0.4916546762768305,-79.734905,6.23893192830111,0.44115910738629777,0.19853845200000003,0.0933412840129066,0.006600225489018573,-63.284476548,10.147958192219074,0.7175690052915684
R:A:ASN:105,28.98228,5.388600959581253,0.3810316279628241,-5.0374099999999995,1.072888732301724,0.07586468980691875,-83.10001,5.757456562571706,0.40711365777814434,-6.4957899999999995,4.299289580372553,0.3040056816566098,0.5656777559999999,0.20441932178776756,0.01445462886416854,-65.085252244,9.047767390821901,0.6397737676648682
R:A:PRO:106,80.05968499999999,2.5650717428124694,0.18137796235726927,-7.407594999999999,0.6762619544045044,0.047818941381789284,-57.12966,1.6966035790366587,0.1199679895722188,-0.599075,1.1437523418008815,0.08087550368853971,0.166690908,0.044189997929318076,0.0031247047196440304,15.090045908,3.350449097724362,0.2369125277021246
R:A:ASN:107,18.004109999999997,7.399636340246729,0.5232333034502868,-3.5647699999999998,0.6371561716722204,0.0450537449664287,-72.55800500000001,7.98452559736488,0.5645912194454276,-13.856255,2.7425272231966997,0.19392595971110985,1.1010302639999998,0.07363949627647859,0.005207098718025952,-70.873889736,11.244559276172714,0.7951104115635822
R:A:LEU:108,80.77798000000001,3.5633291104808156,0.2519654177620413,-7.7452250000000005,0.8898949737890421,0.06292507705100567,-71.10791,2.275909932730204,0.16093113468033465,-4.85937,1.1611696056562968,0.08210709022672767,0.260557236,0.041359236339781516,0.0029245396480556594,-2.6739677640000004,4.4742618246371775,0.31637808770050435
R:A:PRO:109,96.20250499999999,2.490882345670907,0.17613197977617523,-3.138125,0.7564265789718126,0.05348743634607102,-71.34325,1.6673109900375516,0.11789669074024088,-1.452325,1.0840747572815261,0.07665566121869277,0.759942144,0.05320371359115512,0.0037620706664612666,21.028747144,3.2763776768505934,0.23167488730292815
R:A:ARG:110,-193.26757999999998,3.6967263914982946,0.261398029961972,-6.3145050000000005,1.2048915884738345,0.08519870128044793,21.933220000000002,7.940001525919249,0.5614428921609036,9.173745000000002,5.831397795552538,0.41234209250314835,0.8139768839999999,0.11534937202905331,0.008156432316735346,-167.66114311600003,10.591490910763108,0.7489315045876276
R:A:LEU:111,77.83712,4.536619241858412,0.32078742295794577,-7.44149,0.9231849218331071,0.06527903185173628,-82.193175,3.14013397554547,0.2220410027942474,-2.1151350000000004,1.0720490178975026,0.07580531303197026,0.323309484,0.13622461000569075,0.009632534549951674,-13.589370515999999,5.6974970093034,0.4028738771068508
R:A:VAL:112,66.93262,3.054631867443277,0.2159950907497668,-3.95253,0.7306386309934617,0.05166395305723324,-63.22085,1.8262962868877546,0.12913864889141435,-3.2264549999999996,1.0192165461642584,0.0720694931290279,0.8417610719999999,0.09061197053131344,0.006407233881936734,-2.6254539280000007,3.7745171451960013,0.2668986669072981
R:A:ARG:113,-181.471915,4.544054749645409,0.3213131927557208,-6.9215599999999995,1.2077206822771562,0.0853987484217421,10.769974999999999,9.609932413621596,0.6795248376416236,17.132595,8.21836546710932,0.5811261952062349,0.530113608,0.09434203965832376,0.0066709895993370925,-159.960791392,13.491043517088361,0.953960835621599
R:A:PRO:114,84.706615,2.5463760006674194,0.1800559737522613,-5.71755,0.5799931012520753,0.041011705493675825,-66.65858,1.6467835175274252,0.11644517923898781,-0.32043999999999995,1.4328912088501347,0.10132070904805197,0.487790388,0.057578318390087216,0.004071401938294876,12.497835387999999,3.4042342996661716,0.24071571580417875
R:A:GLU:115,104.29235,3.041428402494459,0.21506146478972002,-5.4428,0.8958086960953215,0.0633432403654881,-36.453255,6.825339688980688,0.48262439779799254,-115.88417,6.52436207234853,0.46134206642739617,0.929964636,0.060685648252471545,0.004291123340002419,-52.557910364,9.960371730838101,0.7043046394014411
R:A:VAL:116,43.853765,3.1617659258355926,0.223570612668291,-7.511110000000001,0.8323557159652356,0.058856437111840194,-47.209954999999994,2.442868746571334,0.1727369056249272,-1.944225,1.1854202522207051,0.08382186989011281,0.132138612,0.06751052994581405,0.00477371535261826,-12.679386388000001,4.250525422424689,0.3005575349802312
R:A:ASP:117,91.01444500000001,10.463908962093228,0.7399100984814809,-5.2026900000000005,1.0234048045128574,0.07236564771699346,-45.1105,11.604212021072348,0.8205417010426709,-106.84065999999999,13.679782662908062,0.9673067086100458,0.666773604,0.09061246701390259,0.006407268988557287,-65.472631396,20.792862936941926,1.4702774382994068
R:A:VAL:118,53.939220000000006,2.909840370467081,0.20575678581276485,-5.830795,0.9469202146828423,0.06695737050448591,-57.30848,2.181387397873197,0.1542473821431015,-2.4965500000000005,0.9686651730603304,0.06849497125702002,0.565731684,0.05409395130240112,0.0038250199787102706,-11.130873315999997,3.8811748514132294,0.27444050564049854
R:A:MET:119,81.24118499999999,2.8549847881862696,0.201877910391095,-12.060295000000002,0.87866391070477,0.06213092096432339,-66.60862999999999,1.6425722337541202,0.11614739650762733,-2.14382,0.9423723932713649,0.06663579096851781,0.038669579999999995,0.048944787443056685,0.003460919110471956,0.46710957999999975,3.5371589265493637,0.2501149063097584
R:A:CYS:120,95.692925,2.5379799308455926,0.17946228196162833,-7.388590000000001,0.7875252769911579,0.05568644637162619,-86.90630499999999,1.5746346820691457,0.11134348615826162,-1.25994,1.1165458057778015,0.07895171107708812,0.10791280799999999,0.039127193746507506,0.002766710402695533,0.24600280800000046,3.2846945134883514,0.23226297646138608
R:A:THR:121,39.945339999999995,3.639803833230576,0.257372997266613,-5.88495,1.0355791169678925,0.07322650160631737,-48.759344999999996,3.125303183048806,0.22099230739977124,-5.22717,1.384074626275621,0.0978688553907728,0.53173728,0.0800553978914901,0.005660771471965989,-19.39438772,5.100018379938112,0.3606257580630269
R:A:ALA:122,82.49569000000001,2.0005426973448976,0.1414597307345804,-6.6117349999999995,0.8878747292129673,0.06278222418706587,-67.25963,1.6358759497895923,0.11567389772762048,-3.634455,1.4126388384774786,0.09988865020549131,0.156660444,0.10486166433235582,0.007414839393591632,5.146530444,3.077844570214122,0.21763647670366004
R:A:PHE:123,103.0523,3.1779959109476525,0.22471824592142045,-13.464415,0.9410213721138324,0.06654025934631604,-75.47473,2.128163846394351,0.15048390872614914,-5.321549999999999,2.1674994826989002,0.15326535824347262,0.16891606799999997,0.05775074447355441,0.004083594303582186,8.960521068,4.4961816851482155,0.31792805590150613
R:A:HIS:124,106.649355,3.0806721375334636,0.21783641590623684,-7.7151700000000005,1.1607665575385948,0.08207859042101051,-76.82481,3.049772218363201,0.21565146166789595,-15.702415,2.466768564899229,0.17442687798580528,0.9705886559999999,0.1711877754008903,0.012104803684220919,7.377548655999999,5.123795742532747,0.36230707149596664
R:A:ASP:125,92.655615,6.210980928708041,0.43918267325097765,-5.102165,0.7700573535620577,0.05445127766062978,-16.172684999999998,7.148198322358929,0.50545395070063,-137.221255,5.290406472094086,0.37408822916509277,0.8064166319999999,0.07474579334004407,0.005285325733591344,-65.034073368,10.874741341931864,0.7689603346529716
R:A:ASN:126,29.92864,7.732530770090735,0.5467724943264795,-5.96173,0.9404957772898291,0.06650309417989511,-97.48348,8.951119584700004,0.6329397357553086,-5.206130000000001,3.2844137716036936,0.23224312501234562,0.554562432,0.05375777330018586,0.0038012486042050546,-78.168137568,12.312163496249966,0.8706014299275822
R:A:GLU:127,101.16145,2.6570080405410894,0.18787884031337854,-7.518199999999999,1.124760974607494,0.07953261123589492,-48.702195,14.658748228855526,1.0365300276330034,-102.204645,14.4755545810506,1.0235762805696873,0.478752948,0.11204605002513071,0.007922852177793706,-56.784837052,20.80283426268585,1.4709825175045015
R:A:GLU:128,104.33773000000001,3.0227290247556096,0.2137392191094091,-5.209390000000001,1.246453596368513,0.08813757904265354,-32.70737,10.810751793150189,0.7644355902661126,-120.83362000000001,10.428797635662512,0.7374273527799196,0.8798906519999999,0.15484986938680606,0.010949539270926173,-53.532759348,15.373571161761639,1.0870756419535603
R:A:THR:129,40.39491,3.816682830927925,0.2698802311387405,-5.99452,0.8237829262615243,0.058250249338522145,-53.90269,3.7735126611553858,0.2668276391596268,-0.7372749999999999,1.6037901325843729,0.11340508783504821,0.49193424,0.08799272733704303,0.006222025419512202,-19.747640760000003,5.662593880443768,0.40040585319672345
R:A:PHE:130,89.084925,2.8627333528247094,0.20242581665112533,-13.333685000000001,0.9673768116793993,0.0684038703501125,-66.155005,1.776774142927288,0.12563690451008014,-0.06052,0.7025314082658511,0.04967647227813183,0.189047484,0.05372300457020757,0.003798790083730966,9.724762484000001,3.575531155079627,0.2528282326100573
R:A:LEU:131,78.532755,3.5735342288797236,0.25268702860430925,-9.938625,1.0579641886070625,0.07480936520165775,-78.35155,2.3353671376252607,0.1651353939575039,1.0900450000000002,0.824500068511216,0.058300958953305386,0.181560708,0.05799909993492947,0.004101155686670487,-8.485814292,4.475102125697052,0.31643750595827186
R:A:LYS:132,143.105855,3.569717342308072,0.25241713396652576,-9.908605,1.0247228156799282,0.07245884518038498,-183.80299,15.320361503890828,1.0833131509630538,45.10664500000001,13.321308939776713,0.9419587885597092,0.421989408,0.13619544385246934,0.009630472191479276,-5.0771055920000006,20.639337112193097,1.4594215231226912
R:A:LYS:133,129.332955,3.489085154159325,0.24671557726433693,-9.209335000000001,0.8533183185511722,0.060338716955823636,-153.51432,5.9626052173190205,0.4216198582704567,17.97193,5.70848113906843,0.4036505723710793,0.7184729519999999,0.10850131008389942,0.0076722012127949605,-14.700297048,9.002947172606307,0.6366044996414174
R:A:TYR:134,84.982955,3.096680352082694,0.21896836761248184,-15.437895,0.759451943163621,0.053701361899629686,-82.2386,1.4007174947147623,0.09904568390394404,-2.8119650000000003,0.7244252851571374,0.051224603159761024,0.121128984,0.04316578730390706,0.003052282091784886,-15.384376016000001,3.5573671775511975,0.25154384544169006
R:A:LEU:135,70.116345,4.1165305496224605,0.29108266665996274,-10.749575,0.9393744484362984,0.06642380425626794,-73.815455,2.9148217386274236,0.20610902173334136,-0.78862,0.6104061726424463,0.04316223439536002,0.068545944,0.026908926949457943,0.001902748472041515,-15.168759056,5.166986904790312,0.36536114786793195
R:A:TYR:136,87.60924499999999,2.9634947722199545,0.2095507249447613,-17.074855000000003,0.9372660902726611,0.06627472082080015,-89.65245999999999,1.653987299951242,0.11695456357919513,-3.113195,0.6735117422695762,0.04762447201675836,0.0014080319999999998,0.0037717966510107622,0.00026670629891864197,-22.229856968000004,3.584700164696481,0.25347657949774155
R:A:GLU:137,101.80411500000002,2.5455987589907014,0.18000101446623848,-8.756815,1.4002203436513125,0.0990105300151201,-101.4607,9.255665636787016,0.6544743936167403,-53.60892,8.269866662987983,0.5847678796907367,0.16102807200000002,0.08095653200699506,0.005724491276349198,-61.86129192800001,12.747756077687736,0.9014024767445022
R:A:ILE:138,75.67546999999999,2.932401831110463,0.20735212199420575,-10.302375000000001,1.1252446109068908,0.07956680948658806,-62.20487,1.501141549987875,0.10614673695173112,0.0529,0.6299806981170137,0.04454636236551757,0.04237398,0.03239359595860268,0.0022905731369345095,3.26349898,3.5378675655872325,0.25016501465666746
R:A:ALA:139,98.19551,2.2823828272005557,0.1613888374377237,-8.393575,0.6398253389597821,0.04524248359534432,-78.43507,1.4437252630261759,0.10208679236561409,-0.37644000000000005,0.7543705034000203,0.053342049848126384,4.7880000000000006e-06,6.754305187064026e-05,4.776014999976445e-06,10.990429787999998,2.8761198393559795,0.20337238419137768
R:A:ARG:140,-173.654705,4.077759064483211,0.28834110865409907,-14.763699999999998,1.2450921853421135,0.08804131274577862,-30.452389999999994,7.641361235925181,0.5403258347418712,52.127655,6.183416642599382,0.43723358388837774,0.122234004,0.05368586243815017,0.003796163738386414,-166.620905996,10.714770115297654,0.7576486607381936
R:A:ARG:141,-189.04799,3.6859849755391023,0.260638497155543,-12.25751,1.188982455673758,0.0840737557118748,-5.360215,7.635027291292088,0.5398779572216993,29.293449999999996,6.501293774895887,0.4597108914714769,0.24770635200000002,0.052172602150056646,0.0036891600772452904,-177.12455864800003,10.7500394876712,0.7601425819755465
R:A:HIS:142,116.76429,2.9170898367893985,0.20626940049241427,-11.732370000000001,1.1458212308645708,0.08102179623718546,-81.79085500000001,2.311222006639561,0.16342807537224133,-7.499669999999998,1.1508550608569263,0.08137774176947894,0.15257332799999998,0.05995165495873167,0.004239222176467527,15.893968328000001,4.0610501283544,0.28715960844978955
R:A:PRO:143,78.24627500000001,2.5247653196633943,0.17852786784386074,-10.207225,0.8354785720621446,0.059077256384119606,-55.943234999999994,2.620195107196218,0.18527577283302585,-1.6303550000000002,1.40275948721618,0.09919007457843249,0.013065120000000001,0.014664187733004512,0.0010369146586600075,10.478525120000002,3.9882121283730476,0.28200918407830156
R:A:TYR:144,82.2832,2.933607344209514,0.20743736464292056,-13.380459999999998,1.0458689202763414,0.07395410057596537,-77.84632500000001,1.8621760307164843,0.13167572990826745,-4.489225,1.3892663475284355,0.09823596552116234,0.13773203999999997,0.06981500908203622,0.004936666635050821,-13.295077959999999,3.8861971820332433,0.2747956380443758
R:A:PHE:145,103.52841500000001,3.2482605072215187,0.22968670317167902,-14.430565,0.8772475282239329,0.062030767598628016,-74.069335,1.9264971016783285,0.1362239164532976,-5.5778,0.9387146478030477,0.06637714930606767,0.019504728,0.014006899115664965,0.0009904373348082552,9.470219728,3.9891768592715766,0.2820774008543386
R:A:TYR:146,82.80885999999998,3.110278707833109,0.2199299165688924,-13.49919,0.822586161991557,0.05816562532544458,-76.334805,2.225483349067119,0.1573654367543108,-4.2727949999999995,1.7185884390903483,0.12152255393495891,0.20287184399999997,0.043034829690394544,0.0030430219901286153,-11.095058156,4.273014859653132,0.3021477783371613
R:A:ALA:147,95.95401,2.2726848659460024,0.1607030880210458,-6.339285,0.6801490673190694,0.04809380177190196,-70.951115,1.4204114656588065,0.10043825794424649,0.8873400000000001,0.6825089628715508,0.04826067158670712,0.0021288239999999996,0.002721859331454144,0.0001924645190707108,19.553078824,2.8479982230275738,0.20138388563100348
R:A:PRO:148,83.271705,2.586844449899336,0.18291752523986046,-8.682475,0.6266412764692413,0.04431022959627946,-60.570164999999996,1.2467988601915707,0.08816199288171178,-3.1738199999999996,0.9284912749186176,0.06565424767674975,0.096274692,0.04052880754009345,0.0028658194645004554,10.941519692,3.082643269495453,0.21797579598393046
R:A:GLU:149,92.565715,2.7758926084729936,0.19628524872968675,-7.633975,0.9637002928167036,0.06814390120821526,-75.02845,15.661225791345325,1.1074158958753932,-63.48605499999999,14.682097708501159,1.038181085172464,0.4063735439999999,0.11558918534491391,0.008173389678921733,-53.176391456000005,21.667617434720267,1.5321319220246565
R:A:LEU:150,72.596045,3.513786045418105,0.2484621940353804,-12.49154,0.984391445716591,0.06960698666082306,-75.388795,2.4502032248315646,0.17325553155635462,1.7750599999999996,0.5036529027018508,0.03561363828647671,0.00041148,0.001351694248859556,9.557921694594488e-05,-13.50881852,4.424125089532093,0.31283288516256846
R:A:LEU:151,68.086485,3.2029613609556704,0.22648356982102477,-9.286545,0.8535067064616423,0.06035203799272233,-75.120895,1.8973007995505082,0.1341594261312823,0.684615,1.0678315816527437,0.07550709525518116,0.310605552,0.08741447979374181,0.006181137143604927,-15.325734448,3.966748174484689,0.28049145334374814
R:A:PHE:152,98.31925,3.2317859764377963,0.22852177792827535,-9.85009,0.9111355891962514,0.06442701537010698,-81.03331,1.8105862486774829,0.12802778143629606,-0.24052500000000004,0.8862059125141291,0.0626642210266353,0.6165889920000001,0.09519506150109225,0.0067313073522892765,7.811913991999998,3.9175571779374447,0.2770131246205601
R:A:PHE:153,93.10764499999999,3.1090021066211904,0.21983964723151053,-13.691590000000001,0.9246336419901667,0.06538147183644613,-74.363525,1.3934187021046474,0.09852958132903539,0.37357999999999997,0.5785142207413747,0.040907132849907726,0.038732148,0.02582036571590139,0.0018257755690430518,5.464842148,3.5774016471645593,0.25296049637379847
R:A:ALA:154,100.688195,2.2831933332451286,0.16144614886975472,-7.130585000000001,0.6453387504055526,0.0456323406574219,-83.36744999999999,1.792545228857559,0.12675208869087717,0.50234,0.63717224076383,0.045054881222793164,0.047765015999999993,0.029535593714725694,0.002088481860205331,10.740265016,3.041301220357181,0.21505247165454852
R:A:LYS:155,146.094585,3.5541060595844636,0.2513132495788374,-7.41866,0.8013770737923565,0.05666591631660075,-159.109915,9.684464029969599,0.6847950187748703,18.34212,8.94921752756072,0.6328052400051694,0.93618792,0.10673778771211627,0.007547501350008755,-1.1556820800000007,13.68073850184542,0.9673742966294785
R:A:ARG:156,-189.21231500000002,4.058256872818058,0.2869620954566561,-9.39011,1.1661096508905155,0.0824564041751761,4.698905,13.668398275803021,0.966501710877883,17.131715,10.908853434425406,0.7713724238452363,0.689765436,0.09782943516995436,0.006917585700832445,-176.082039564,17.990748340238955,1.272138015000359
R:A:TYR:157,96.18823499999999,3.182865085072724,0.22506254852568205,-14.795665000000001,0.8999183033892576,0.06363383348404368,-85.456615,1.6978759279685314,0.12005795822799506,-6.12298,0.7650396261632465,0.054096470753645286,0.11799388799999999,0.04688615259244307,0.0033153516441863716,-10.069031112,3.7961493266506157,0.26842829312713967
R:A:LYS:158,120.067955,3.3601936079599635,0.23760156862881815,-8.75751,1.0492713185349156,0.07419468646405887,-161.205775,13.267846172773295,0.9381784000507978,35.051355,12.013358828361657,0.8494727492361804,0.547698744,0.0917902309852724,0.0064905494776365666,-14.296276256,18.241623536098132,1.2898775702227117
R:A:ALA:159,81.66881000000001,2.2539599406156263,0.15937903585321372,-5.235055,0.5919363073633852,0.041856217696717414,-70.90203,2.1932923628873553,0.15508919029223148,-4.91385,1.262598557539173,0.08927920019523025,0.37528127999999994,0.05116708753313989,0.0036180594568248872,0.9931562800000008,3.440643629224279,0.2432902441870781
R:A:ALA:160,93.76854500000002,2.2648127578179613,0.16014644591708863,-7.180319999999999,0.6049179676617318,0.04277415969951952,-78.865725,1.4217671185447356,0.10053411707910405,-2.5904450000000003,0.8724459335540512,0.061691243583469765,0.035755668000000004,0.025823926841938197,0.0018260273786799802,5.167810668,2.8772474862483657,0.2034521208678167
R:A:PHE:161,111.91749500000002,3.155771587104333,0.22314674891173072,-14.209105,0.9859655795082302,0.06971829472867937,-90.15919000000002,1.783074233984665,0.12608238822095652,-1.2736349999999999,0.831270318112586,0.05877968789365081,0.001938744,0.005451905310702305,0.0003855079215584551,6.2775037440000006,3.847260872737449,0.2720424252106325
R:A:THR:162,38.153495,3.9060049359895848,0.27619625775863615,-5.72034,0.7328087024592435,0.051817400282144606,-48.49879500000001,3.5741268490325018,0.252728933177179,-7.110640000000001,1.7115652749457149,0.12102594123575326,0.639411696,0.0909877770850414,0.006433807418192273,-22.536868304,5.613020608667749,0.39690049353288076
R:A:GLU:163,84.153995,3.0246767901670086,0.21387694692246517,-5.6212349999999995,0.9428474371683894,0.06666938164461254,-43.431734999999996,13.400037105723811,0.9475257105608664,-89.962875,13.00747162093291,0.9197671389253232,0.844355196,0.08631864061166848,0.00610364961193153,-54.01749480400001,18.94202719580502,1.3394035879573734
R:A:CYS:164,83.859825,2.2532149219226736,0.15932635507622397,-7.4695350000000005,0.7530399582857472,0.05324796610082867,-73.16953500000001,1.6294157077845421,0.11521708963463277,-0.60997,0.8630309143362132,0.06102550119007627,0.005397516,0.010838763505093373,0.0007664163174128796,2.616182515999999,3.0073214078011876,0.21264973606636944
R:A:CYS:165,87.73217999999999,2.0390762387904973,0.14418446358051204,-6.378475,0.7263090522463561,0.051357805608057285,-77.33414499999999,2.6525915203768173,0.18756654517763816,-1.8349950000000002,1.7273188805125128,0.12213988936819536,0.12093444,0.0568269274206234,0.004018270573311857,2.30549944,3.8351607965775134,0.2711868206200761
R:A:GLN:166,26.874184999999997,3.048695485084563,0.21557532512761055,-3.75424,1.0277800116756504,0.07267502158238413,-64.73643,2.2900494241609723,0.16193094770765717,-15.40923,2.360749024589442,0.1669301643966722,1.274312376,0.15708476546965153,0.011107570288468902,-55.751402624,4.603587064335556,0.3255227630974342
R:A:ALA:167,87.75047500000001,2.347422982629036,0.16598787093301423,-4.506515,0.6183033234384236,0.04372064728334885,-75.346825,2.5163579066529866,0.1779333739686712,-1.77126,1.5013303508555338,0.10616008718911266,0.28794538799999997,0.07145071568523757,0.00505232855816635,6.413820388,3.8057652056711184,0.26910823845338633
R:A:ALA:168,89.28152999999999,2.4406716348374276,0.17258154636432022,-2.48639,0.33647726208467643,0.023792535373515788,-74.96894,2.204103844286834,0.15585367747345585,-4.36639,1.5068873673569634,0.10655302759424529,0.82814022,0.06802558795530693,0.004810135453739946,8.28795022,3.6336628561159423,0.25693876461052606
R:A:ASP:169,99.90084,4.40664706260894,0.3115970020266562,-3.9972399999999997,0.8626999086588569,0.061002095554169286,-56.602965,9.721404787054956,0.6874071247585924,-96.57375,7.477374319739516,0.5287302086957959,0.7491958200000001,0.08169948309388254,0.005777025851512004,-56.52391917999999,13.060869114404785,0.9235429118985561
R:A:LYS:170,119.855615,3.454612249844402,0.24427797482350921,-8.890170000000001,1.0661935805002767,0.07539127108293107,-161.379345,11.631605255336643,0.8224786952133624,37.1505,10.804866574372864,0.7640194424554914,0.47890738799999993,0.1362426471704534,0.009633809970103378,-12.784492612000001,16.282784132719993,1.1513667076843024
R:A:ALA:171,82.35033,2.263261388152062,0.1600367475160002,-5.164345,0.5141383724008547,0.03635507295928588,-73.659675,1.3702353372231357,0.0968902698771915,-1.4533850000000001,0.7484635106503189,0.05292436238515302,0.332323416,0.04668516380684278,0.0033011395908623307,2.4052484159999996,2.7976083335135873,0.1978207823731454
R:A:ALA:172,90.471955,2.2659768782966436,0.1602287616655481,-4.05392,0.3856392920852334,0.02726881585254482,-77.56802499999999,1.5695570567440358,0.11098444382829065,-2.43654,1.056743591605835,0.07472305595999135,0.574908552,0.05941642763176607,0.004201375889230154,6.9883785519999995,2.977770233114456,0.21056015246506785
R:A:CYS:173,87.42976,2.383105262551363,0.16851098914314164,-6.57788,0.7353578078731469,0.05199764925455765,-74.976705,2.38689919727981,0.16877926084052805,0.52667,1.7513215555973722,0.12383713480010751,0.252931464,0.06330966575763217,0.004476669397187547,6.654776464000001,3.8714809673887514,0.2737550445275241
R:A:LEU:174,75.204305,2.747289659277849,0.19426271479590468,-11.956815,0.933998228464594,0.06604364809635367,-76.511615,1.4916604830774998,0.10547632428121013,0.47485,0.7073267897513851,0.05001555695481157,0.00020739600000000005,0.0007219735862093571,5.105124186462069e-05,-12.789067604000001,3.338460104340152,0.23606477784996704
R:A:LEU:175,77.050285,2.8897789039604747,0.20433822591202805,-8.959444999999999,1.0690124587557435,0.07559059587590906,-69.840305,1.5676625408470408,0.11085048132450756,-0.7813749999999999,0.7226525267201381,0.05109925020854024,0.300518604,0.06642359434644277,0.00469685739931541,-2.2303213960000003,3.5323949893784397,0.24977804508188772
R:A:PRO:176,94.274685,2.5152867482207677,0.1778576316295565,-7.407464999999999,0.8830351628191259,0.0624400151655571,-66.81486000000001,2.2201322281341707,0.15698705536444713,-1.3991250000000002,1.419930304407579,0.10040423470588777,0.379802124,0.12404119802678715,0.008771037227124459,19.033037124,3.7505991418882556,0.26520740867416315
R:A:LYS:177,123.85435,3.380464667394114,0.23903494898759048,-8.934365,1.052408828248319,0.0744165419034975,-151.96757000000002,11.184322165205186,0.7908510045991597,27.07177,10.834233601279788,0.7660960048424088,0.57952242,0.10027067335415474,0.007090207308286407,-9.396292579999999,15.969184072438074,1.1291918347637169
R:A:LEU:178,63.43211,3.1141442143709397,0.22020324915745448,-11.44851,0.8536019563590515,0.06035877317755887,-73.341785,1.6737440123193865,0.11835157410814184,-0.6272150000000001,0.6941718222277536,0.049085360280586715,0.05576651999999999,0.045838497312595226,0.0032412712289137417,-21.929633479999996,3.7029616786007753,0.2618389313412529
R:A:ASP:179,84.95201499999999,3.4614444867388823,0.2447610869273852,-6.52774,1.5586228897331131,0.11021128146428567,-115.66089,13.056937000610057,0.9232648694656912,-35.66038,10.37929971605021,0.7339273213186711,0.06205564799999999,0.08860516377572188,0.0062653312153957575,-72.834939352,17.106496443039486,1.2096119637216776
R:A:GLU:180,99.33928499999998,2.7999275336649343,0.19798477458854002,-7.382145,1.1370134801201788,0.08039899420934941,-98.33447,17.870912171153996,1.2636643182212197,-49.191900000000004,15.756171028203521,1.1141295379577727,0.45846356400000005,0.16598540355872352,0.011736940443435909,-55.110766436000006,24.016377168529075,1.6982143155400684
R:A:LEU:181,81.24588,4.469453327376851,0.31603807559849495,-10.294870000000001,0.9799586486684018,0.06929354057558323,-78.53243,3.437499461105413,0.243067917927274,-0.752765,0.7493331700752343,0.05298585659282107,0.08526887999999999,0.03551320615919661,0.002511162889684379,-8.24891612,5.77195772085925,0.4081390445141625
R:A:ARG:182,-192.95734000000002,3.878201864833753,0.2742302837434261,-9.275355000000001,1.4651527323030182,0.10360194324854625,12.98954,8.091809107263963,0.5721773091813411,12.771025,6.323849842016728,0.44716371064955057,0.49052988,0.16250969250317593,0.011491170557753633,-175.98160012,11.07618991739973,0.7832049000303415
R:A:ASP:183,86.20139999999999,10.232837263926365,0.7235708620100729,-6.298435,1.3417023163783388,0.09487268062448219,-124.05468,14.980960127027908,1.0593138494506715,-33.377365,10.152681870903619,0.7179030198145673,0.156025332,0.06866320637836959,0.004855221884815654,-77.373054668,20.8331935552632,1.4731292436698487
R:A:GLU:184,100.41211,2.7585021946520176,0.19505556077564154,-6.671855000000001,1.5009808772849174,0.10613537567594981,-110.343235,11.899371531714396,0.8414126301933403,-44.051795,11.489096226552157,0.8124017851499804,0.31786045199999996,0.14163912186363375,0.010015398355108321,-60.336914548,16.836766748561534,1.1905391941164039
R:A:GLY:185,88.93805,2.0138910093398796,0.14240359892748494,-5.91658,0.6436060624326032,0.04550982111588662,-79.342945,1.829670268648152,0.12937722542965205,-2.196005,0.6957895119754249,0.04919974821963015,0.005313168,0.006889154281374166,0.00048713677090000095,1.487833167999999,2.881293035860238,0.20373818442423486
R:A:LYS:186,119.12277000000002,3.1590310804264026,0.2233772298948575,-8.05157,1.1665972505967943,0.08249088268105753,-148.881175,11.827383009963574,0.8363222730035803,23.905679999999997,10.222453621200733,0.7228366275916017,0.434623644,0.11737003006123013,0.008299314416436476,-13.469671356000001,15.991865092544131,1.130795625075839
R:A:ALA:187,92.86755,2.3182906305077453,0.16392790255932635,-6.160275,0.5727331048359262,0.040498346223950925,-86.119555,1.520797924438023,0.10753665251845528,-0.36394499999999996,0.8335863494413761,0.058943456039453605,0.181650924,0.06805586356707131,0.004812276262778263,0.4054259239999995,2.952087191529216,0.2087440871784259
R:A:SER:188,87.39591499999999,3.7396104754071646,0.2644303926156655,-7.12569,0.797506911506101,0.056392254516910385,-82.7275,4.34285017240982,0.3070858806588151,-1.667475,1.333797368184163,0.0943137163771792,0.11067048,0.06292924129576646,0.004449769325516099,-4.014079520000001,5.938352204985829,0.4199049113219567
R:A:SER:189,60.15626,4.881991545711648,0.3452089327668101,-8.306615,1.0030769495781469,0.07092825130986243,-53.795280000000005,6.532567238199696,0.46192225926880814,-2.21166,1.4579425929713419,0.10309210940707343,0.04997386800000001,0.02395246654859946,0.0016936951522658616,-4.107321131999999,8.345094958466845,0.5900873234777576
R:A:ALA:190,95.87467499999998,2.0723512128437593,0.14653735956019884,-6.56794,0.7032150001244285,0.04972480952200822,-77.816805,1.4177977172273204,0.10025343802022454,0.18257500000000002,0.6125946085095755,0.04331698017954391,0.099678204,0.036614158751914316,0.002589011994091939,11.772183204000001,2.6787896527622532,0.18941903288405462
R:A:LYS:191,128.76399,3.407200146733384,0.24092543286149756,-8.56705,1.1583300037122408,0.08190630004767642,-144.83522,10.948532355599083,0.7741781472684436,12.76139,9.899662128976928,0.7000118222855239,0.5845661280000001,0.09501486595266456,0.0067185656028659925,-11.292323872000003,15.193203746137678,1.0743217396842808
R:A:GLN:192,40.015660000000004,2.908812158665458,0.2056840802590225,-11.228074999999999,1.0143838915198722,0.07172777284201008,-91.23122500000001,2.5322082012297096,0.17905415904657174,3.90153,1.4642081099010482,0.10353514835793688,0.04231508399999999,0.02423039099450407,0.0017133473783015282,-58.499794916,4.248144739659625,0.3003891952875281
R:A:ARG:193,-190.523465,3.9150292666562536,0.2768343742996433,-11.046509999999998,1.4765081103400686,0.10440488972983976,-41.937865,7.581741962555505,0.5361101154929601,63.940909999999995,6.102083582015244,0.43148246802100776,0.10437357600000001,0.05179964956687085,0.0036627883471821187,-179.46255642399998,10.593792936953474,0.7490942824205952
R:A:LEU:194,81.88271499999999,3.0811113082417196,0.21786746996482748,-10.04136,0.9720463416936459,0.06873405598391528,-84.17944,2.8042593097643445,0.1982910774139875,-2.672455,0.7363222039127979,0.05206584235249632,0.143209476,0.04025174787178097,0.0028462283874747508,-14.867330524,4.341172865915009,0.3069672771791542
R:A:LYS:195,125.073475,3.4543473217635485,0.24425924157925938,-11.581330000000001,0.8859275371609125,0.06264453691663784,-131.83127499999998,5.814572164774894,0.4111523407410871,7.3217,5.563172584955459,0.39337570597330995,0.24977822399999997,0.05784877789172234,0.0040905263130591295,-10.767651776000001,8.802208141764972,0.622410106645745
R:A:CYS:196,81.79705,2.062377578791042,0.14583211713302388,-8.326085,0.8747904021964347,0.06185702255100062,-75.76698999999999,1.8208315270502105,0.12875223201754604,-2.70226,0.589317802547997,0.04167106144556435,0.016862003999999996,0.019488294533898647,0.001378030521868046,-4.981422996,2.94648302917204,0.20834781305786293
R:A:ALA:197,98.428045,2.2225727823796912,0.15715962861013325,-6.5323649999999995,0.7328957987156155,0.05182355891749427,-84.53099,1.3739928383728934,0.09715596533152249,-2.42797,0.728266729365004,0.05149623428465425,0.067313664,0.035404054918439835,0.0025034447314329746,5.0040336640000005,2.8100619603230585,0.19870138676987978
R:A:SER:198,80.52779500000001,3.416215432752302,0.24156290984932888,-7.918724999999999,0.9213371420793802,0.06514837409233633,-71.368965,3.057837962315041,0.216221795892262,-2.1103050000000003,1.0292776165714477,0.07278091824011979,0.056759291999999996,0.021190512188041515,0.001498395486498034,-0.8134407079999991,4.788488745513223,0.3385972863587864
R:A:LEU:199,64.35308,4.0548393560781175,0.28672044053049306,-11.080900000000002,0.9353984070972111,0.06614265567695328,-63.323655,3.628684451144106,0.25658673821901823,-4.07731,1.3903868324678568,0.09831519577105056,0.12167485199999999,0.044221611125101444,0.00312694011015537,-14.007110148000002,5.693783831896456,0.40261131581443094
R:A:GLN:200,39.71026,3.24180911566366,0.22923052089981386,-7.437470000000001,0.9827857442494778,0.06949344642122737,-78.400665,2.528588986524896,0.17879824192053737,-6.636620000000001,2.2795884618939444,0.16119124597198198,0.5439142079999999,0.14661187270059658,0.01036702493890507,-52.220580792,4.804890739766283,0.33975708249491854
R:A:LYS:201,123.14066499999998,3.534299005853212,0.24991267937796796,-6.101165,0.8861674659876653,0.06266150244667773,-157.411165,9.912636521520147,0.7009292503804326,30.97337,9.566772222285842,0.6764729512445415,0.9938300759999998,0.15470644658084234,0.010939397747058799,-8.404464924,14.25075401114056,1.0076804798298882
R:A:PHE:202,95.17717,3.210427234979793,0.22701148683601893,-9.78143,0.9530279193706761,0.06738925044471113,-75.71436,1.8569671942174957,0.1313074095472148,-4.735555,1.1540161900835708,0.08160126736071567,0.47218773599999997,0.07018544274286445,0.004962860250405961,5.4180127360000006,4.000013971219102,0.2828437003889958
R:A:GLY:203,80.65527500000002,2.0027662767719545,0.14161696154371828,-3.4719199999999995,0.7389494323700371,0.05225161545828033,-79.39131499999999,3.103867469106083,0.2194765735309238,-0.694555,2.1594428417939198,0.15269566770172296,0.266747868,0.06678055408943068,0.004722098264803146,-2.635767132,4.342667995383654,0.30707299879775724
R:A:GLU:204,103.182225,2.836115550250906,0.20054365378110323,-6.26397,1.142269705060937,0.08077066543925461,-30.44839,8.935410045873665,0.6318289036119668,-116.22759,8.040186570714637,0.5685270446157332,0.6689198879999999,0.09700746889272524,0.006859463907978908,-49.088805112,12.403382390392387,0.8770515797896267
R:A:ARG:205,-199.955265,3.912544250839216,0.276658657146085,-5.915710000000001,1.2739414295406206,0.09008126236626571,-13.657775,17.241809947751282,1.2191800733984604,44.470195000000004,13.467970243395069,0.952329308792329,0.97879014,0.2144552182778745,0.01516427391051263,-174.07976485999998,22.26304455982316,1.5742349778109233
R:A:ALA:206,86.08203499999999,2.222494538525348,0.157154095934134,-6.13152,0.45293958714159666,0.03202766535356581,-79.32526,1.5402545284465166,0.10891244218178199,-0.29336,0.8227360210906047,0.058176221963960495,0.1785078,0.03695754049615314,0.0026132927500806327,0.5104027999999995,2.8627400643395005,0.2024262912268874
R:A:PHE:207,112.42816,3.2480372172128824,0.22967091418375124,-14.151370000000002,0.8597616082961601,0.0607943263430067,-86.70405500000001,1.5452751703094831,0.10926745517250326,0.25689500000000004,0.6265332664551819,0.04430259213494172,0.044109972,0.021364753565122532,0.001510716212427761,11.873739972000001,3.750974743469343,0.26523396771666424
R:A:LYS:208,121.21771000000001,3.451190831568142,0.2440360440170673,-9.846734999999999,0.9275006602558297,0.06558420064218973,-175.76205000000002,12.653732381297623,0.8947539974135349,50.36018,11.978948973829048,0.8470396050882155,0.557896248,0.08957719416306416,0.0063340641432366685,-13.472998752,17.78738770588557,1.2577582466425914
R:A:ALA:209,89.341205,2.179629962396141,0.15412311268876908,-6.305575,0.5701914979855451,0.04031862748004946,-79.621465,1.307844757138629,0.09247858965119979,-2.01885,0.5206572264935925,0.03681602555273994,0.147234924,0.045577562377755836,0.0032228203427264015,1.542549924,2.656976531288393,0.18787661227275337
R:A:TRP:210,117.98975,3.3491128582805327,0.23681804130492254,-15.055510000000002,0.8326653348735013,0.05887833047480202,-85.82282,1.5972336922316654,0.11294147749166376,-4.349749999999999,0.8478616440787965,0.0599528718036092,0.39979076399999997,0.07430167938003221,0.005253922134316944,13.161460764,3.8968492493370452,0.2755488529467932
R:A:ALA:211,99.48736,2.2657705334830354,0.16021417088385156,-7.1310899999999995,0.689228657195854,0.04873582572912867,-87.177605,1.2662405020275571,0.08953672455967439,0.32508499999999996,0.5153871338857811,0.036443373730693486,0.0271629,0.014315474203127187,0.0010122568884932321,5.5309129,2.7345833488580418,0.19336424296973395
R:A:VAL:212,48.902615,3.158225594661502,0.22332027345020647,-8.208350000000001,1.1653870762540657,0.08240531043264139,-55.20345499999999,2.0214082685036687,0.14293514942055016,-0.944555,0.4833189702204953,0.03417581213190112,0.094364424,0.03278942176572536,0.002318562248173018,-15.359380576000001,3.956422589335564,0.2797613242158816
R:A:ALA:213,95.46895,2.3237554491598296,0.1643143235920107,-8.138250000000001,0.644477119454213,0.045571414148564665,-75.09406,1.378641358874744,0.0974846653684568,-2.6670050000000005,0.5131763780368306,0.03628704968545941,2.5920000000000003e-05,0.0002857819588427513,2.020783610384843e-05,9.56966092,2.8247463988907624,0.19973973337879383
R:A:ARG:214,-187.932985,4.265906097744651,0.30164511296202856,-11.122774999999999,0.9256118810684096,0.06545064378503086,15.47013,11.379379579884837,0.8046436466632294,16.850289999999998,10.463375692667256,0.7398723906387505,0.68720724,0.08782678474483738,0.006210291506288573,-166.04813276000002,16.063465885115477,1.135858565672392
R:A:LEU:215,72.625765,3.7885685594660945,0.2678922519388625,-10.29855,1.020804274824513,0.07218176249926292,-81.200405,3.065251371580315,0.21674600308858064,-1.067895,0.7993138144527467,0.0565200218495623,0.128994516,0.04041861522444508,0.0028580276911374944,-19.812090484,5.042974846921375,0.35659217116112957
R:A:SER:216,79.67371999999999,2.6577277102065966,0.18792972864344798,-8.58309,0.9096776417500871,0.06432392291752734,-72.68643499999999,1.8068823331293602,0.1277658750561941,-3.0406550000000006,0.6674018099878064,0.04719243456185536,0.00032472,0.0007525649962627812,5.3214381214104137e-05,-4.6361352799999995,3.4060651053090676,0.24084517331269137
R:A:GLN:217,39.223095,3.1543273000712846,0.2230446223962259,-11.426425,1.1729091671459473,0.0829372025804765,-82.29969499999999,2.9864797374124272,0.2111760074200547,-1.7822500000000003,1.5572654357880031,0.11011529497531211,0.064583424,0.05474944653970689,0.0038713704914437102,-56.220691576,4.7615786239146995,0.33669445341229937
R:A:ARG:218,-194.098085,4.133848044833651,0.2923071984896626,-12.026335,1.1438731104344573,0.08088404332051533,-10.419075,13.237412508469133,0.936026415010215,44.817555,12.077988605184848,0.8540427645820056,0.332055216,0.09078875919749396,0.0064197347284060515,-171.393884784,18.4258591825645,1.3029049977179774
R:A:PHE:219,104.339955,3.0879296661315006,0.21834960067486955,-12.212705000000001,0.9434762307419302,0.06671384406459427,-74.59988,1.3219672974775132,0.09347720405532034,-2.0920199999999998,0.5713678321361818,0.040401806865535114,0.07427051999999999,0.028807680860520515,0.0020370106486731973,15.509620519999999,3.5355827862781775,0.2500034563623727
R:A:PRO:220,91.29838,2.7284664255951543,0.1929317111778154,-9.514294999999999,0.9788976442790124,0.06921851623572264,-66.36067499999999,1.4645243355352617,0.10355750888697061,-0.5194999999999999,0.9817147752784411,0.06941771747904132,0.005549004,0.009280563419102527,0.0006562349326879208,14.909459004,3.3928529575870767,0.23991093338786557
R:A:LYS:221,117.410105,3.3451054279312333,0.23653467318741028,-7.355374999999999,1.2375751792820509,0.08750978014984954,-184.62523500000003,12.65329600854161,0.8947231412000447,61.237375,11.629017232095539,0.822295694334997,0.7631286839999999,0.08733742075262438,0.00617568824655234,-12.570001315999997,17.551891411969358,1.241106144005346
R:A:ALA:222,90.91738500000001,2.3942858448345303,0.16930157569814583,-5.422885,0.8947306029051426,0.06326700766493544,-90.09480500000001,2.113484565113973,0.14944592679251917,1.4364400000000002,1.065699655813025,0.07535634533335596,0.008809272,0.008913133296053413,0.0006302536995258972,-3.155055728,3.4836417390239993,0.24633066968883668
R:A:GLU:223,102.557255,2.7012101547223235,0.19100440178141181,-6.50416,0.9499933180817641,0.06717467172975242,4.520115,7.108651979930864,0.5026576020104291,-155.41115000000002,6.63414086958515,0.46910459962304785,0.765646524,0.10482189762962615,0.007412027463075075,-54.072293476,10.136802715051363,0.7167801939363025
R:A:PHE:224,88.67186,3.1604413568993808,0.22347695150059657,-11.152915,0.875698634105935,0.06192124424521039,-67.338395,2.1388325341117755,0.15123829886928442,-3.31436,0.7855052834959164,0.055543611261782394,0.33357099599999995,0.08151550445794704,0.00576401659740566,7.199760996,3.994183972354933,0.2824314572158795
R:A:ALA:225,90.760695,2.098936631243306,0.14841723252329897,-4.43807,0.5132124658462613,0.03628960147893608,-78.10261,2.410390270869014,0.17044033058375588,-3.3264549999999997,1.9185867449701095,0.13566456976629895,0.574414164,0.06591531111643412,0.004660916347445158,5.467974164,3.7635386541378275,0.26612237035985503
R:A:GLU:226,112.915065,2.7264326033802853,0.19278789822982925,-8.032810000000001,1.1970602423854868,0.084644941487959,-10.04371,10.053848284408314,0.7109144298925856,-147.92521,8.791944387671023,0.6216843496337189,0.21278912399999997,0.07566315793923899,0.005350193206482464,-52.873875876,13.68394184144117,0.9676008069445383
R:A:VAL:227,56.648500000000006,2.8982745918908375,0.20493896176666845,-9.458645,0.9913443342123865,0.07009863012124416,-62.55499,2.4123729354931833,0.17058052614381278,0.463765,0.6143933754322226,0.04344417220842169,0.002932704,0.0055189956017000046,0.0003902519215300803,-14.898437295999999,3.9471270638228066,0.27910403130340533
R:A:SER:228,78.70588,4.26173623486954,0.30135025913046765,-5.84328,0.8501047356649649,0.060111482330749415,-70.42638000000001,5.6444062296755355,0.39911979207751647,-2.5076800000000006,2.1348908233443695,0.15095957782797353,0.318839688,0.06290535050529371,0.00444807999152098,0.2473796879999995,7.436807876604194,0.5258617279928355
R:A:LYS:229,124.65477500000001,3.1413982849003723,0.22213040296608433,-8.215325,1.3128810720606037,0.09283471089455171,-223.586375,7.960355187073942,0.5628821133433493,96.223495,7.345165124758939,0.5193816068651979,0.67965462,0.11132872297911083,0.007872129495936788,-10.243775379999997,11.354432587877747,0.8028796279413875
R:A:LEU:230,76.333625,3.3736567496375502,0.23855355650644783,-10.909105,0.9057789321766101,0.06404824251979908,-83.12493,1.782352629279627,0.1260313630629297,-0.43122,0.7899327259963345,0.05585667872331831,0.013509107999999999,0.013501222206642478,0.0009546805776623298,-18.118120892,4.0003690114851995,0.282868805526971
R:A:VAL:231,62.17915,2.9359987751189545,0.207606464344201,-8.40348,1.1487871689743057,0.08123151973218277,-71.36743,2.0560923313654955,0.14538768302541996,0.10474499999999999,0.7427091287812476,0.0525174661410373,0.037079244,0.02291287544210163,0.0016201849601592774,-17.449935756,3.8365946218014773,0.2712882073739662
R:A:THR:232,33.446234999999994,3.3449984902500334,0.2365271115514562,-6.958845,0.8329489365951552,0.058898384144855785,-49.687385000000006,3.859488156060982,0.27290702470598843,-0.6704600000000001,1.7654108412491412,0.12483339774275153,0.53197524,0.06852015389058023,0.004845106546397508,-23.33847976,5.468074442380443,0.38665125182400606
R:A:ASP:233,74.54824,3.3896782254957474,0.2396864459288426,-7.61873,1.1160472333642515,0.07891645668363476,-2.3438549999999996,12.33483368610923,0.8722044544256095,-127.61861999999999,11.635573839119411,0.8227593164638126,0.245981916,0.07545369555293195,0.005335381979106342,-62.78698308399999,17.328470036020132,1.2253078670057733
R:A:LEU:234,81.80197,4.0355113689717195,0.28535374545553105,-9.80762,0.817669300879029,0.057817950741962484,-86.77540499999999,2.690196448398332,0.19022561513864267,-1.14254,0.6838366386791512,0.048354552443384276,0.3132108,0.03937088648519868,0.0027839420815009785,-15.610384200000004,4.965911259857312,0.35114295266157364
R:A:THR:235,57.432170000000006,2.9328986414637654,0.2073872517911841,-7.791735,1.0744833850623285,0.07597744878498489,-71.41446,2.294366095112111,0.1622361824378273,1.66635,0.9245037520205096,0.06537228722861087,0.058096548000000005,0.03274734174558442,0.0023155867414136055,-20.049578452000002,3.98450804242712,0.28174726564925523
R:A:LYS:236,135.512785,3.3872922989867584,0.23951773544745072,-7.288589999999999,1.4287501887663918,0.10102789470982755,-252.25481,18.254563774681117,1.2907925832679317,115.07528500000001,16.846176850661845,1.1912045888170828,0.746093376,0.10189082150449973,0.007204769082649986,-8.209236624,25.11071944504691,1.775596000006557
R:A:VAL:237,55.81264,2.671660339639004,0.18891491431858945,-10.66905,0.8565274820459645,0.06056563908273403,-60.32727500000001,1.6813703337977033,0.1188908364714245,-2.490075,0.811163059671112,0.057357890014147137,0.0035651520000000003,0.004758625241905061,0.00033648561776765433,-17.670194848,3.3699291759863725,0.23828997724583584
R:A:HIS:238,112.30680000000001,2.9816743182312853,0.21083621297111177,-12.568849999999998,0.8748924948243642,0.06186424158995243,-90.207905,1.7707219448504619,0.12520894947995934,-5.87662,1.2863568072661644,0.09095916214433816,0.132838416,0.033745755221013266,0.002386185235303982,3.7862634160000006,3.8009377047079362,0.26876688258666126
R:A:THR:239,40.506205,3.230749721500414,0.22844850363894925,-7.167245,0.8916939132768599,0.06305228128208368,-56.381890000000006,3.491121807943687,0.2468595904345221,-1.2433750000000001,1.5261490734443341,0.1079150358934055,0.34124076,0.09086023142573212,0.006424788578131423,-23.94506424,5.075251703302974,0.35887448956341084
R:A:GLU:240,88.12130499999999,2.8699795107239,0.20293819738993193,-11.028599999999999,1.0922479159970964,0.07723359081384214,39.987539999999996,10.913501289155558,0.7717010768050023,-172.13024,9.577387395965562,0.6772235573737819,0.175797396,0.050560139270440944,0.0035751417335865053,-54.874197604,14.841266925382687,1.049436048433772
R:A:CYS:241,85.84955,2.420768338255439,0.17117417076621108,-9.21993,0.5424520394468068,0.03835715155613096,-71.0924,1.3582556349965935,0.09604317700909314,-1.951755,0.9421537215205383,0.06662032854073147,0.053529336000000004,0.020941753061000025,0.0014808055599367256,3.6389943360000014,2.9811615395003783,0.2107999540393245
R:A:CYS:242,91.85949000000001,2.222393484489189,0.15714695033471057,-7.47168,0.7285872134480539,0.05151889593149294,-82.756495,1.3529468688662536,0.09566779055604345,1.62894,0.9275320190699619,0.06558641804520202,0.017482644,0.022414641216518812,0.0015849544802063937,3.277737644,2.8567736032132234,0.20200439871467976
R:A:HIS:243,110.63755499999999,2.909919053337223,0.20576234953186892,-8.83531,0.8790306273958831,0.062156851750229426,-88.70312,5.645790495191971,0.39921767443087985,-5.191504999999999,4.41991440075201,0.31253514450358216,0.46591092,0.10850760112929231,0.0076726460568807674,8.37353092,7.788625762350688,0.5507390092682415
R:A:GLY:244,72.77972,1.8347899884182932,0.1297392442863762,-4.71491,0.516512644472524,0.036522959347511805,-72.915615,1.7828203321633396,0.12606443465099504,-0.94025,1.0953142094851138,0.07745041050569067,0.036689184,0.02856786223186719,0.0020200529108156348,-5.754365816000001,2.8305860330552575,0.20015265787053013
R:A:ASP:245,83.21225,3.677935400126,0.26006930621951524,-8.797505,0.7881041618815371,0.05572737971477754,39.849025,7.08174595240291,0.5007550585584483,-171.80232,6.758976971968465,0.4779318450762619,0.14158443599999998,0.045479552012766176,0.003215889963355326,-57.396965564,10.487386748332556,0.7415702286671887
R:A:LEU:246,66.53118500000001,3.0335880324749107,0.2145070669089366,-10.75805,0.9720838994140372,0.06873671171579274,-67.08858500000001,1.3714558843706928,0.09697657559367104,-0.8689199999999999,0.7437797413213134,0.05259316987974769,0.027535499999999997,0.01630862631545649,0.0011531940259496662,-12.1568345,3.547107127779241,0.2508183503647839
R:A:LEU:247,70.763315,3.0990635869202494,0.21913688776396137,-11.131225000000002,0.8751926841416123,0.06188546818013903,-74.382505,2.1465798843683874,0.15178611925955218,-2.436245,1.0683152928677002,0.07554129880320433,0.039891275999999996,0.030924344833632673,0.002186681393561284,-17.146768724,4.014998932777367,0.28390329718236273
R:A:GLU:248,97.46342,2.9876307241022944,0.21125739446940076,-11.391105,1.0799996823957867,0.07636750991013784,34.49827,8.548232130510963,0.604451290664103,-178.04492000000002,7.481463546232114,0.5290193606740683,0.12941226,0.04330668558765956,0.0030622451049747796,-57.34492274,11.79571029982051,0.8340826741915086
R:A:CYS:249,79.518575,2.2030583070756435,0.1557797468282543,-9.71753,0.6751421399231423,0.047739758540445085,-70.71374,1.3075696778374757,0.09245913860727883,2.18957,1.1668890328990156,0.08251151480551062,0.000858816,0.0024478992148664943,0.00017309261344933236,1.2777338159999987,2.8949364903544197,0.20470292234339943
R:A:ALA:250,90.38263500000001,2.1000338668161995,0.14849481879471416,-7.3661650000000005,0.5692417129611989,0.040251467536910994,-80.0906,1.2267990014668255,0.08674778930900776,0.40929000000000004,0.7148295082745256,0.05054607926931624,0.025483428000000002,0.01500866855427276,0.0010612731311307566,3.360643428000001,2.598157163372103,0.18371745488088187
R:A:ASP:251,105.8268,2.8411858615725936,0.20090217893293244,-10.273515,0.9807037217095693,0.06934622519557213,-2.128225,6.549731553611568,0.46313595965102405,-158.222655,6.0958454348822695,0.4310413644070311,0.05597737199999999,0.017493225723416935,0.0012369578533855063,-64.741617628,9.438894950844151,0.6674306626649363
R:A:ASP:252,98.04391,3.570622598637386,0.2524811452554428,-6.94819,1.3016536228582472,0.09204081034791034,-3.653965,9.15618160500189,0.6474398102672363,-151.25347000000002,7.157874553881201,0.5061381635932031,0.17166657600000002,0.04852274146300705,0.0034310759530253943,-63.640048424,12.227707555593325,0.8646294930926023
R:A:ARG:253,-197.27493,4.209978273708785,0.29769041859875167,-12.942189999999998,0.8843514651426774,0.06253309179546458,-5.528254999999999,6.2622853280551665,0.44281044211928317,46.80034,5.160584240606871,0.3649084111417548,0.270903636,0.08044569963225819,0.0056883699727265915,-168.67413136399998,9.184787059260781,0.6494625213357746
R:A:ALA:254,85.577415,2.293744801143972,0.16219225032002915,-7.276904999999999,0.65907276227667,0.04660348195011827,-84.365125,1.5145134629229944,0.107092273983117,3.47764,0.8348545085222934,0.0590331284280276,0.015217379999999997,0.014383256744965654,0.0010170498379912362,-2.57175762,2.9473008120311697,0.2084056390383858
R:A:ASP:255,107.20769499999999,3.1666497551789656,0.2239159515529767,-7.43369,0.5401891093867035,0.03819713823704597,-5.702315,7.170984766806788,0.5070651956394513,-157.478975,6.955811834313447,0.49185017167006767,0.600410016,0.06375174711436654,0.00450792926970585,-62.806874984,10.494278442622205,0.7420575450437962
R:A:LEU:256,70.509305,2.9319157989231206,0.20731775432865127,-10.33287,0.8817182844310308,0.0623468978017351,-75.04853999999999,1.6613724532446055,0.11747677277657909,-0.810895,0.6552860321836564,0.04633571969738897,0.08004891599999998,0.03018945856334863,0.00213471708704941,-15.602951084,3.5445771258160472,0.2506394522103249
R:A:ALA:257,101.543355,2.370095221499549,0.16759104031801633,-7.687945,0.619689932123316,0.04381869532374281,-85.37123,1.3772494389543237,0.09738624176699703,-0.140195,0.7162080333080606,0.050643555709241034,0.00854334,0.010695334230121095,0.0007562743361175228,8.35252834,2.9002157376994027,0.2050762215031193
R:A:LYS:258,129.45096,3.495662562147554,0.24718067024344764,-7.943955,1.042202390601269,0.07369483777629882,-204.132035,11.425593992601653,0.8079114991252909,70.34398,11.023192194169527,0.779457395081989,0.7689206519999999,0.12654186082453067,0.008947860789298996,-11.512129347999998,16.29039040806852,1.151904552572154
R:A:TYR:259,89.34765500000002,3.066284001193464,0.21681902102877182,-10.61722,1.1561802115587345,0.08175428678668782,-98.100105,2.7063650296985076,0.19136890648659466,-2.709085,1.0542923587767294,0.07454972762441858,0.47819764800000003,0.07794993110196374,0.0055118924875222726,-21.600557352,4.379597070631476,0.30968427875082555
R:A:ILE:260,78.04407499999999,3.3818754899278884,0.23913470920565874,-10.307685000000001,1.1505726903481588,0.08135777515932328,-61.181084999999996,1.8111006785308756,0.12806415712007396,-2.8580799999999997,0.7945919856127419,0.05618613813032534,0.07991982,0.036386042557920474,0.002572881743324788,3.77714482,4.0833424275485415,0.2887359120426312
R:A:CYS:261,84.72587,2.2365985475940917,0.15815139997957653,-7.54472,0.6991932147840109,0.04944042635333963,-76.57148,3.0774791923910714,0.2176106405900226,-1.807835,1.9250644918482602,0.136122615640734,0.12209025600000001,0.03908347584786266,0.0027636190804364337,-1.0760747440000002,4.3208243669651,0.30552842101970934
R:A:GLU:262,93.961895,3.1741560994971563,0.22444673024990808,-5.567235,0.8305941907905449,0.05873187847221473,11.644414999999999,10.656281751285247,0.7535129088568256,-154.53831,10.00708610754899,0.7076078446565582,1.007155872,0.08622644939324602,0.006097130708360292,-53.49207912800001,14.982346337640175,1.0594118693430803
R:A:ASN:263,17.22485,2.8583681756379806,0.20211715201214364,-7.80261,0.9537572583734291,0.06744082250017418,-76.358015,2.5733368288615077,0.1819623921965058,-11.261499999999998,1.702620621277682,0.12039345870935014,0.297532908,0.0581584929248303,0.004112426473073735,-77.899742092,4.313268292197263,0.30499412584896035
R:A:GLN:264,33.37473,3.1316660784796326,0.22144223205048308,-9.47415,1.060062176242507,0.07495771533004458,-81.77285499999999,3.3077523054145086,0.2338934085644035,-3.2681550000000006,2.5038016856322707,0.1770455150656887,0.262652976,0.08420815892807196,0.005954416020927419,-60.877777024,5.3055068988344605,0.3751559905797857
R:A:ASP:265,85.76800999999999,4.774632951327254,0.337617533756024,-4.4621249999999995,1.0860936512911767,0.07679841858316486,-7.876765000000001,15.442760980788863,1.0919681009758824,-137.5499,17.7124804762066,1.2524615056360016,0.8794479599999999,0.2053712051394742,0.014521937181457575,-63.24133204,24.004785520827934,1.6973946622706082
R:A:SER:266,79.59203,4.310635431012463,0.30480795444919084,-4.979620000000001,0.8686591135767817,0.06142347497496377,-72.74033,5.423841004408223,0.3835234754294709,-4.498139999999999,2.5498959567794137,0.1803048722358883,0.38772730800000005,0.18712669878243973,0.01323185576501156,-2.2383326920000006,7.435804160115919,0.5257907545193107
R:A:ILE:267,81.90133,3.2274749992989875,0.22821694581143617,-9.936010000000001,1.022425434885107,0.07229639582648639,-63.612930000000006,1.6224943343814793,0.11472767462778977,-1.9401300000000001,0.9358460947719982,0.06617431197602283,0.020821176,0.012894236247603967,0.0009117601888902147,6.433081176000001,3.8691614957931653,0.2735910331181233
R:A:SER:268,67.13731,2.536005383255327,0.1793226603625431,-6.80435,1.155022323377345,0.0816724117281962,-62.853635000000004,3.6347951389005404,0.2570188290940471,-2.523,1.9538537893097323,0.13815832638679434,0.036504396,0.02001636262804968,0.0014153705748982913,-5.007170604000001,4.979465920954561,0.3521014119394287
R:A:SER:269,76.853735,4.690151100420433,0.3316437647896836,-4.16279,0.7061483455337129,0.04993222836505496,-61.168504999999996,4.643242414517575,0.3283268197998375,-6.8092999999999995,2.414735931732495,0.17074761521028634,0.608553036,0.12416434615480365,0.008779745114765548,5.321693035999999,7.064151000333022,0.4995109075661213
R:A:LYS:270,120.91072,3.3314434156383324,0.23556862303371387,-7.314124999999999,1.4393538999756106,0.10177769032000579,-195.38993000000002,19.576426334372165,1.3842623812433466,71.02500500000001,16.824289628539297,1.1896569284986638,0.49943951999999997,0.1039121843893352,0.007347701022960582,-10.26889048,26.06672672494793,1.8431959230547286
R:A:LEU:271,74.814835,2.9414475786209415,0.2079917529347618,-10.43722,0.9414152811591704,0.06656811292202897,-77.625535,1.8972091552527885,0.1341529459008448,0.06583000000000001,0.7817464941398842,0.05527782471751217,0.005130935999999999,0.006699651274559296,0.00047373688478259744,-13.176959064000002,3.7079578792884367,0.26219221607989435
R:A:LYS:272,126.3863,3.0509174652881055,0.21573244285456925,-6.58961,0.9525260457856257,0.06735376262318238,-180.74592999999996,11.96548247021824,0.8460873794860079,46.203320000000005,10.882318110476279,0.7694960930946952,1.0324564559999998,0.13588753973953632,0.009608700082858258,-13.713463543999996,16.48731290641554,1.1658290759670913
R:A:GLU:273,89.87326000000002,2.906741136117904,0.20553763685028592,-5.921209999999999,1.0335680606036546,0.07308429844706726,-19.81822,9.44839140497471,0.6681021633762309,-125.869605,8.768204529946539,0.6200056881955802,0.8721719640000001,0.1256732954799177,0.00888644394479105,-60.86360303599999,13.254686400140587,0.9372478636040517
R:A:CYS:274,84.617215,2.23898676833406,0.15832027268759674,-8.205544999999999,0.7676555790033704,0.05428144655289687,-76.203625,1.5532724501435669,0.10983294825267596,1.447115,0.7519468477060064,0.053170671510476525,0.012313836,0.021895109603203722,0.001548218047524805,1.667473836000001,2.929319989131357,0.2071342028580086
R:A:CYS:275,89.85474500000001,2.394800592946102,0.16933797388617536,-7.358924999999999,0.6244712478369201,0.04415678540015113,-82.03536499999998,2.558368171662359,0.18090394829542833,-0.8308150000000001,1.7979313865592867,0.12713294755442034,0.150449364,0.048072660489707694,0.0033992504221950926,-0.21991063599999974,3.9881261480282393,0.2820031043498153
R:A:GLU:276,107.64799000000001,2.9120488216889497,0.20591294689625517,-4.835415,0.9792043365789389,0.06924020265622421,-22.694505,9.486501819426115,0.6707969766254727,-129.45682,9.469796043611499,0.669615699889123,1.078246368,0.1120395153324423,0.007922390105242412,-48.260503632,13.752169872541785,0.9724252572903634
R:A:LYS:277,142.88189,3.1866381702195183,0.2253293459350113,-8.056155,1.0752863948618527,0.07603423015244516,-181.68785499999998,11.821158929816272,0.8358821640756997,47.410375,11.339309547074505,0.8018102674709741,0.654515388,0.08063270395422353,0.005701593175143881,1.2027703879999994,16.722354641023852,1.18244903640743
R:A:PRO:278,85.458225,2.529604377046933,0.17887004087290587,-4.14592,0.7052424998537737,0.049868175402755614,-63.20191,1.5955821952817095,0.11282469902242148,-2.3233949999999997,0.9137130670921808,0.06460927057996399,0.743838336,0.043324493355467,0.0030635043043122237,16.530838336,3.2060718037147122,0.22670351133776587
R:A:LEU:279,68.302115,2.8045779275632543,0.1983136070946091,-7.098175,0.9537055019108363,0.06743716276560721,-71.93748,1.654807898095728,0.11701258863045465,-0.38965999999999995,0.6710803337902251,0.0474525454744,0.29950365599999995,0.05737733441256455,0.004057190224953264,-10.823696344,3.459370128889693,0.24461440767720827
R:A:LEU:280,69.258985,3.8526390883101156,0.2724227224808441,-7.88461,0.8173243590521452,0.05779355967147204,-75.98652,2.5264913258509316,0.1786499149118185,-1.888805,0.9984934185937332,0.07060414672577667,0.39192155999999995,0.10697991710904246,0.007564622483857868,-16.10902844,4.785649306198131,0.3383965076793395
R:A:GLU:281,110.04975,3.163753706833072,0.22371117001057414,-7.28061,0.8483793301937524,0.05998947773985035,-56.3692,11.913375591325911,0.8424028667448847,-98.85703000000001,11.640670137028195,0.8231196791448374,0.6492755519999999,0.0983703635629395,0.006955835114314059,-51.807814448,16.975643756656996,1.200359281533924
R:A:LYS:282,132.212855,3.473957696054315,0.24564590444352014,-12.130795,1.0895816137284073,0.07704505477235382,-183.416805,6.2749680140200725,0.4437072434442276,51.06329000000001,6.029817452120752,0.4263724809711574,0.267083784,0.039343159859082794,0.0027819815129663814,-12.004371216000003,9.433506248158883,0.6670496238438812
R:A:SER:283,80.046235,2.36362411346961,0.16713346388104028,-7.831914999999999,0.7795310499107782,0.05512116915373803,-75.689575,2.0025111171663936,0.1415989190349806,-2.89345,1.1033955127242452,0.07802184493781213,0.024200856000000003,0.013256964522184706,0.0009374089511586285,-6.344504144,3.3796591228307835,0.2389779883852626
R:A:HIS:284,104.048765,2.8267866597560913,0.1998840016081202,-9.684515,0.898018763598512,0.06349951573732669,-84.11253,4.994863291332407,0.35319017044009027,-4.857715,3.6441296620420904,0.2576788795553004,0.355350528,0.0784243120891246,0.005545436288811014,5.749355527999999,6.857962611822235,0.4849311867943309
R:A:CYS:285,87.89527999999999,2.2467799317245114,0.15887133255562502,-6.88028,0.7187755502241294,0.050825106571457376,-75.812415,1.9067806226136763,0.13482975084852375,-1.940325,1.0123889861979931,0.0715867117339175,0.12432776399999998,0.061795548620258274,0.004369605147652763,3.3865877639999997,3.1983153135954687,0.2261550446616135
R:A:ILE:286,82.518415,2.9643269797333427,0.2096095709023684,-9.93596,0.9461264389076125,0.06690124208114526,-67.20343999999999,2.633116307040006,0.18618943963608675,-1.3759899999999998,1.1558877021146994,0.08173360324554399,0.11123524800000002,0.03835703545438432,0.0027122519876007977,4.114260248,4.237126244241946,0.29961007000469675
R:A:ALA:287,86.459705,2.063733119367667,0.1459279683264144,-4.382595,0.5599941169110618,0.03959756374923841,-78.20229,2.307848956474405,0.1631895647077349,-0.5899449999999998,1.8597627246439261,0.131505083399369,0.47984252399999994,0.07031051412757429,0.004971704132832033,3.764717524000001,3.6554637961853604,0.2584803238664588
R:A:GLU:288,110.46654000000001,2.794822657772761,0.19762380535249288,-5.90377,0.9350467512910785,0.06611778985643728,-51.69550999999999,9.90976516976563,0.7007262151507535,-105.417475,9.983553952344575,0.7059438700044607,0.8140804199999999,0.08943597529073186,0.0063240784610109,-51.73613458,14.37247856663739,1.0162877056927608
R:A:VAL:289,53.43128000000001,2.8757158728914787,0.2033438194487356,-6.853159999999999,0.9561859674770384,0.06761255816784334,-64.97119,2.6967388627562734,0.19068823369442592,1.6531,1.7347465809160714,0.1226651071005932,0.163834164,0.0734869834299293,0.005196314431224647,-16.576135836000002,4.412615994694488,0.3120190692620695
R:A:GLU:290,85.82264500000001,3.224901288252867,0.2280349569580835,-4.775295,0.8905622706891416,0.06297226206731818,-16.788075000000003,11.029855301379751,0.7799285479112013,-118.24792000000001,10.833513466258305,0.7660450836067026,0.9689637600000001,0.07831016719976021,0.005537365026280279,-53.01968124,15.818405227841772,1.118530160416365
R:A:ASN:291,26.923104999999996,3.1590209454789946,0.2233765132458536,-6.702625,0.9291439470690211,0.06570039856709393,-94.06327999999999,5.740018073281651,0.40588057037507963,-3.6962150000000005,4.016579991581769,0.28401509492256743,0.38943,0.11074022697940256,0.0078305165447273,-77.149585,7.741815518119536,0.5474290251557569
R:A:ASP:292,105.53850999999999,2.943332171179461,0.2081250137525521,-7.171035,1.2853282474819419,0.0908864319845102,-71.992215,9.473463897581233,0.669875056330563,-95.16391,7.971884350133285,0.5636973482814159,0.05451552,0.030049006668121325,0.0021247856382948373,-68.73413448,12.791154530657181,0.9044712107832723
R:A:GLU:293,100.64395499999999,2.872120711769441,0.20308960316785052,-5.08243,1.0340351469365052,0.07311732643840309,-34.920105,11.514369183936,0.8141888531046558,-115.61373999999999,11.319746951782978,0.8004269830921494,0.811040688,0.09044109464413318,0.006395151132080091,-54.161279312,16.43301111835717,1.1619893597104287
R:A:MET:294,98.36466,3.0417825208913274,0.21508650474169685,-6.967695,1.0539299559150028,0.07452410187231376,-68.521365,1.962124797706558,0.13874317499925898,-5.092725000000001,1.408588839716899,0.09960227204675101,0.682391016,0.15192215174043758,0.010742518370811506,18.465266016,4.027449048431829,0.2847836533029454
R:A:PRO:295,74.84727,2.9380372729255835,0.20775060790645114,-7.520560000000001,0.984684292755805,0.06962769407355093,-48.53569,1.8445368236768818,0.13042844961702182,-4.4916599999999995,1.296767717981906,0.09169532470088101,0.149872644,0.10018734582986648,0.007084315162538036,14.449232643999999,3.833487483488688,0.27106849951686046
R:A:ALA:296,83.529725,2.1476769471629105,0.15186369331369165,-2.522015,0.3899461177842395,0.02757335441826039,-67.636705,1.5460440317064061,0.10932182188325894,-6.6690949999999996,0.9124095385160109,0.06451709719039597,0.795041784,0.08630932990912016,0.0061029912458405765,7.496951783999999,2.827501875955056,0.19993457503055043
R:A:ASP:297,92.35411500000001,7.898081620354084,0.5584787072117208,-2.6013,1.4910561927707484,0.10543359450383921,-34.26003,14.987680673776714,1.0597890638686078,-120.48331999999999,15.617633883133514,1.10433348248525,0.7718368679999998,0.19612102552168795,0.013867850707964549,-64.21869813200001,23.090744149878038,1.6327621771022363
R:A:LEU:298,80.82411499999999,3.7296000860380456,0.2637225511951433,-5.339385,1.088447576493696,0.07696486623047559,-73.926075,3.0775505372576744,0.2176156854339204,-2.1902749999999993,1.8726907618117306,0.13241923367424763,0.722556072,0.15474499677048953,0.010942123657110354,0.09093607199999866,5.300647973722222,0.3748124126901715
R:A:PRO:299,88.807595,2.333751173749035,0.16502112805600072,-4.50894,0.8431883694643801,0.059622421386589124,-63.74246,5.210759748673891,0.36845635534212184,-5.589925000000001,3.313897299159254,0.23432792523912935,0.6098450400000001,0.060251491798693255,0.0042604238427461655,15.57611504,6.655443176634743,0.4706109002000164
R:A:SER:300,69.85347,6.858860219387767,0.48499465723397406,-4.969295,0.7009778156083115,0.049566616687797035,-52.938125,6.792751706736748,0.4803200794750049,-11.156309999999998,1.891590371592116,0.13375563789799666,0.426229308,0.09954061005550416,0.007038584037369283,1.2159693079999996,9.862293426145879,0.697369455967926
R:A:LEU:301,56.499320000000004,3.1320150650340106,0.22146690912639744,-9.79388,0.9377775139125485,0.06631088393318249,-55.161445,2.144470439753134,0.15163695900035387,-5.2958750000000006,1.1375781025384586,0.08043891904342697,0.09473662799999999,0.03949214148386506,0.0027925161046819546,-13.657143372,4.072264980178597,0.2879526182272787
R:A:ALA:302,84.06596000000002,2.1881251263124786,0.15472381149002243,-4.740130000000001,0.526771832105704,0.03724839346200048,-67.20770999999999,1.7815052668740556,0.1259714454926195,-7.45469,1.3084691795758892,0.09252274298517096,0.375388632,0.06730573377287091,0.004759234076353345,5.038818631999999,3.1552753925923334,0.22311166266130847
R:A:ALA:303,90.67105,2.468906654270266,0.17457806373510962,-3.82489,0.643557571550518,0.0455063922927318,-73.99689500000001,1.7193137857805356,0.12157384369129318,-6.255699999999999,1.1309317530249117,0.07996895116231048,0.49216323599999995,0.06608701511283063,0.004673057653466039,7.085728235999999,3.2785790264902137,0.23183054622872196
R:A:ASP:304,106.95071,3.039737673862664,0.21494191222165115,-6.6648950000000005,0.8020529433740643,0.05671370751304308,-15.58255,6.151431481167616,0.4349718914338029,-147.90373,5.788022851293869,0.40927502078125905,0.5141617559999999,0.07742067768039017,0.005474468619186187,-62.686303243999994,9.012802328122342,0.6373013643709211
R:A:PHE:305,107.62052,2.897583236008933,0.20489007552343766,-11.246985,1.1036961605328706,0.07804310394823491,-81.137355,2.4354936971741474,0.17221541088089354,-3.5515499999999998,1.6709234176047685,0.11815212794317331,0.19331477999999996,0.0826587566224777,0.005844856733220242,11.877944780000002,4.2830574255893845,0.30285789498456506
R:A:VAL:306,51.0124,2.9139693443823322,0.20604874835824652,-7.9567499999999995,1.2013805548201617,0.08495043370989931,-57.46053,2.812141770803883,0.19884845157933714,-1.4915,1.2278860737055373,0.08682465692417103,0.149587128,0.12437467742936589,0.008794617781819405,-15.746792871999999,4.400664402903914,0.31117396410196063
R:A:GLU:307,94.26715,2.9729526766331147,0.21021949977939725,-5.862525000000001,1.066450247022804,0.07540942014678935,-3.6997899999999997,8.665183515996647,0.612721002438712,-141.22379,8.259130572638988,0.5840087234618161,0.84317364,0.1383630658396322,0.009783746212096467,-55.67578136,12.381177297279269,0.8754814425979102
R:A:SER:308,79.51577,6.875141204157191,0.48614589670745956,-5.0137100000000006,1.1386765238205272,0.08051658915714201,-69.601845,5.856371625074267,0.4141080089238495,-3.2042650000000004,2.0526702328369746,0.14514570411787941,0.271895292,0.05288279958599332,0.0037393786195385023,1.967845291999999,9.331532086921314,0.6598389617521916
R:A:LYS:309,114.930825,3.3449815043397475,0.23652591046622143,-5.11296,0.990145236013384,0.07001384107446183,-162.67235499999998,17.483352254329688,1.2362596936909636,40.57488,17.235106455302212,1.2187060649016233,1.284291612,0.19659518200760023,0.013901378634617765,-10.995318388000001,24.797670033552315,1.7534600638351283
R:A:ASP:310,88.20256,4.3738836240119605,0.3092802770659649,-4.9416,1.1444224438554147,0.08092288705922447,-42.161785,10.59163877446616,0.7489419601303395,-111.899005,8.419755196855489,0.595366599562719,0.4858845479999999,0.09998598529888723,0.007070076822846161,-70.31394545200001,14.266241529828598,1.0087756127786947
R:A:VAL:311,48.49481,2.7592148654825706,0.1951059542133453,-9.147639999999999,0.8208585751516518,0.058043466488486024,-53.60522,1.8539750191413042,0.13109583081852755,-0.0004749999999999765,0.758326248639067,0.05362176327644401,0.010634724,0.010989639243461271,0.0007770848431845265,-14.247890276,3.5070612081122428,0.24798667622924525
R:A:CYS:312,90.66868000000001,2.2696069301973854,0.16048544509705542,-7.026890000000001,0.5553028884311696,0.039265843802215684,-71.85403000000001,1.5583768187123421,0.11019388161554161,-3.9760900000000006,0.8685682425117787,0.06141704942033604,0.178190604,0.04739277537819434,0.0033511752849172062,7.9898606039999995,2.9401823228599357,0.20790228584190756
R:A:LYS:313,123.744985,3.913476699148086,0.2767245911983158,-6.41629,0.8898402080710897,0.06292120452995159,-169.781685,15.040324708122993,1.0635115592361348,41.47718999999999,13.617730755302073,0.9629189761446701,1.065194136,0.09953262933659847,0.007038019715323587,-9.910605863999999,20.682625086401696,1.4624824451333642
R:A:ASN:314,15.309245,3.246870738876896,0.2295884317096029,-8.494295,0.967856382928273,0.06843778115832656,-82.046445,3.721177606212178,0.26312699193521555,-8.13207,2.8780497763416117,0.203508851344358,0.35393745599999993,0.07382636395264813,0.005220312258126358,-83.00962754400001,5.797818486037612,0.4099676767565918
R:A:TYR:315,84.16187000000002,3.5977069910013517,0.2543963010059305,-13.563234999999999,1.1491076580438404,0.08125418173161919,-79.831725,3.456866391600202,0.2444373667156374,-4.416745000000001,2.244752756981267,0.1587279896548652,0.212106456,0.09232091101136332,0.006528074222145481,-13.437728544000002,5.59118121176867,0.3953562149684444
R:A:ALA:316,90.23491999999999,2.3513869404247356,0.16626816507678188,-4.068225,0.5825258315087839,0.04119079656761933,-77.67444499999999,1.880696641400468,0.13298533484890354,-3.3960450000000004,1.498602930390502,0.10596722943851555,0.590459832,0.06739300890548645,0.004765405360163485,5.686664831999999,3.414048814175675,0.2414097067805511
R:A:GLU:317,94.31944500000002,3.064968664925467,0.2167260127093077,-4.342165,0.9558210961131796,0.06758675786627881,-22.16166,16.933266983202028,1.1973627911464426,-122.31256499999999,16.56714426948033,1.1714740057845392,1.00268352,0.12462014087564498,0.008811974668559142,-53.494261480000006,23.906671810070858,1.6904569752502376
R:A:ALA:318,100.644155,2.40991477462897,0.1704067079221795,-3.8858000000000006,0.8248750147749657,0.058327471657873185,-83.04096,1.7973857706124197,0.12709436668082502,-1.43042,0.8130653316923554,0.0574924009587354,0.273308544,0.048340240629256945,0.0034181711953137042,12.560283543999999,3.22212905263571,0.22783893029768965
R:A:LYS:319,125.52319,3.699609854281935,0.26160192157073314,-7.80747,1.0557097087267884,0.0746499494005187,-166.855285,9.495446100830387,0.6714294328288528,36.57623,9.217564398315858,0.6517802292072842,0.808963884,0.1364651508051464,0.009649543352996386,-11.754371115999998,13.782135135430186,0.9745441213492061
R:A:ASP:320,99.76384999999999,9.146411318517224,0.646748946684492,-4.897965,1.058848177868291,0.07487187268176881,-57.81512,15.766211227038664,1.1148394872258516,-104.77874,13.881985716114249,0.9816046236199176,0.723490164,0.18244458356374713,0.012900780222868133,-67.004484836,22.93674408836936,1.6218727283226428
R:A:VAL:321,53.03297500000001,3.2792306055498748,0.23187661982587848,-5.383050000000001,0.8217911154910352,0.058109407048256824,-57.80544,2.729466089989029,0.19300239812499737,-0.893975,1.197232021946874,0.0846570881372316,0.648056304,0.08907076198900953,0.006298253980788161,-10.401433696,4.5077685447781475,0.3187473706032043
R:A:PHE:322,89.99325,3.0721333235229227,0.21723263057722242,-13.15973,0.8858757458583004,0.06264087471850947,-66.86035,1.6443972444333517,0.11627644425032957,-2.4702349999999997,0.7807048928852695,0.05520417238646912,0.20885759999999998,0.05857076580432938,0.004141578567953046,7.711792600000001,3.6796401938887864,0.2601898533425343
R:A:LEU:323,68.85223,3.391406917062593,0.23980868288179225,-10.12635,0.8683601772882034,0.06140233698728412,-73.137485,2.385529829990604,0.16868243195091479,-1.16822,0.724658396487614,0.05124108662001616,0.10204988400000001,0.05070810634396974,0.003585604585694959,-15.477775116,4.29815587758564,0.3039255167637622
R:A:GLY:324,81.51659,1.8790312855032516,0.1328675764041025,-5.105165,0.5656821437653834,0.039999767985264605,-81.100275,1.552993615368395,0.1098132316566405,-0.5477,0.7333398870919268,0.051854960707727854,0.10732330799999999,0.02980877001159786,0.0021077983414031047,-5.129226692,2.607914872425786,0.1844074291049523
R:A:MET:325,88.52488,2.9377596864958164,0.20773097958176576,-9.36013,0.8148834475555384,0.057620961164319355,-73.6025,1.6565707953480289,0.11713724429061836,-2.75877,1.1664715414874038,0.08248199370468684,0.5458761719999999,0.08184548077076471,0.00578734944624809,3.3493561720000016,3.661427091793935,0.2589019925427631
R:A:PHE:326,96.828675,3.2347776676883067,0.2287333224453206,-14.41132,0.8018297310526717,0.05669792401843298,-71.24287,1.3722107502493919,0.09702995267184249,-1.9601600000000001,0.6896379081808076,0.048764764143795464,0.027569376,0.024830406331999965,0.0017557748696974563,9.241894376,3.669590823723213,0.25947925556346124
R:A:LEU:327,74.29430500000001,3.046264356876304,0.21540341840341115,-11.058499999999999,0.8266143538555328,0.05845046150373836,-78.1883,1.4225955328202038,0.10059269481428558,-0.76393,0.5453397428209318,0.03856134301992087,0.05860854,0.02457471357973476,0.0017376946617947584,-15.657816460000001,3.5049672214761904,0.2478386090142386
R:A:TYR:328,89.72924,2.896062858848198,0.204782568623406,-15.582054999999999,1.1556198172301302,0.08171466092369836,-95.585655,1.6589763819822754,0.1173073449527991,-0.49358500000000005,0.7408354491889545,0.05238497698648917,0.082755612,0.03668702125968605,0.002594164151425904,-21.849299388,3.609019670305762,0.2551962282308842
R:A:GLU:329,98.54477999999999,2.8783705740574823,0.20353153516838612,-9.557004999999998,1.3218038148586952,0.09346564408848311,-40.088705,8.495807327027551,0.6007442972595537,-107.02464,7.794798066685242,0.5511754570932925,0.133281396,0.05540242862425422,0.003917543297441385,-57.992288604,11.95712636690135,0.8454965137540411
R:A:TYR:330,82.85652,3.18797242610409,0.2254236920733932,-13.900155,0.8606749159671148,0.060858906947750875,-76.12903,1.9362250925705924,0.13691178928602166,-4.05548,0.9916120307862345,0.070117559127511,0.12355217999999998,0.06078679826490945,0.0042982757259736135,-11.10459282,3.9547296448832374,0.2796416149656404
R:A:ALA:331,101.05846,1.9072306044104892,0.13486156936651744,-8.335395,0.6655205849370852,0.047059411862825064,-81.29691499999998,1.4850965011658328,0.10501218066907758,-0.02215,0.7100541651874172,0.05020841152137756,0.001153224,0.002631667380696884,0.00018608698507182063,11.405153224000001,2.6057900315112117,0.1842571801629885
R:A:ARG:332,-174.11273,4.46771081171331,0.3159148611342936,-13.77605,1.3639587301307912,0.09644644673340745,-72.570855,10.689973836449509,0.755895299046022,90.43778999999999,9.30789822440598,0.6581677953071693,0.142552908,0.074551842520219,0.005271611339599845,-169.879292092,14.924439395558489,1.0553172302007066
R:A:ARG:333,-190.49317,3.845092251312054,0.2718890805190602,-10.905155,1.3507365808976226,0.09551149959494405,-61.32189,13.648229345885861,0.965075552166513,81.62669999999999,10.961141540003943,0.7750697512482345,0.24388056,0.08743549581438421,0.006182623200675907,-180.84963444000002,17.97324836627768,1.2709005799744983
R:A:HIS:334,117.39092499999998,3.222823961896616,0.22788806780275928,-9.866890000000001,0.7923444692177766,0.056027214721954544,-85.04724,2.732313446952966,0.19320373666676324,-6.843990000000002,1.3127892671331527,0.09282821930587702,0.41506221600000004,0.07213707521464219,0.005100861505923752,16.047867216,4.495393223867687,0.3178723032696897
R:A:PRO:335,76.044475,2.5468963326713943,0.1800927667811092,-7.599970000000001,1.1111579721623743,0.07857073370855079,-55.386190000000006,1.7309121161688135,0.1223939694980925,-1.5230199999999998,1.2659126824548368,0.08951354421538676,0.277857828,0.13111887373450098,0.009271504475920834,11.813152828,3.5124260563070084,0.24836602828310078
R:A:ASP:336,76.467145,3.4933175398144094,0.2470148521240676,-6.104685,0.9803233424615575,0.06931932832100295,-40.306155,14.535342187612061,1.0278039027727395,-93.278835,14.430288521986489,1.0203754868375048,0.46534590000000003,0.16045816481886985,0.011346105644017158,-62.757184099999996,20.80142897618231,1.4708831487428855
R:A:TYR:337,98.22770499999999,3.3516403204960703,0.23699675987210247,-11.710735,1.4177930966029566,0.10025311129274245,-88.504695,2.1841728553333413,0.15444434372897897,-7.694675,1.340316757104454,0.09477470678865221,0.32799117599999994,0.13462161569160067,0.009519185734982016,-9.354408824,4.45295555260901,0.3148715067572121
R:A:SER:338,81.565695,3.578096381034894,0.25300962147688183,-8.25576,0.7795446891615644,0.05512213359441015,-68.962225,3.1521505078874332,0.2228906999447824,-4.627910000000001,1.6924161107422724,0.11967189084952237,0.029909664,0.030948661092937507,0.0021884008127460376,-0.25029033600000017,5.119740869445782,0.3620203486703023
R:A:VAL:339,55.234735,2.854723164297197,0.20185941078848665,-9.114435,0.7656194849760551,0.05413747296351206,-54.54560000000001,1.9249047327075697,0.13611131896356013,-2.0745950000000004,0.6964080779076303,0.04924348743615748,0.05513921999999999,0.02871363316039961,0.002030360472022148,-10.444755780000001,3.595369863345671,0.2542310411245475
R:A:VAL:340,47.10433,2.8130275080595997,0.19891108266132385,-9.825185,0.8252941056223533,0.05835710585588528,-49.291055,2.058647524948115,0.14556836249637142,-0.61624,0.64513023677394,0.045617596517133596,0.051226127999999996,0.025721435766139028,0.0018187801652091106,-12.576923872,3.63993384122677,0.2573821902201847
R:A:LEU:341,68.14184499999999,3.0099329146967713,0.2128343974898677,-11.665,1.2448903646506386,0.08802704186782605,-70.59837999999999,1.8201509980218677,0.12870411134847248,-0.5337500000000001,0.5937142810308675,0.0419819394204222,0.0027292680000000004,0.005911035830594838,0.0004179733519650266,-14.652555732000001,3.778217756352801,0.26716033963164887
R:A:LEU:342,68.28432,3.0640634878539967,0.21666200702476657,-12.520755,1.0498390281252645,0.07423482959416691,-71.16477,1.735895165930248,0.12274632432582254,-1.1742949999999999,0.49269251869193226,0.03483862210069451,0.00336456,0.0042598182248542015,0.0003012146353416447,-16.57213544,3.7076600617776854,0.2621711572017535
R:A:LEU:343,80.495,2.9282871853696313,0.2070611726036535,-10.20994,1.0230436629978215,0.07234011115556846,-77.783045,1.6922492585239917,0.11966009261602215,-1.95459,0.7509271681727863,0.05309856927921881,0.14210604,0.031821065903429445,0.002250089148489899,-9.310468960000001,3.6124916500263673,0.2554417342713424
R:A:ARG:344,-190.10625,3.8572081104731692,0.2727458011363328,-11.89929,1.3912898173637296,0.09837904644536864,3.9098350000000006,7.29434685751747,0.5157882127277387,21.91393,5.608096994088101,0.396552341407159,0.14538700799999998,0.04692814259066233,0.003318320785434657,-176.03638799200002,10.073439928189478,0.7122997683098108
R:A:LEU:345,60.325599999999994,3.103057221515581,0.2194192803743554,-11.561135,1.0108159757220896,0.07147548309647861,-69.69404,1.762488626459757,0.1246267659533858,-1.406335,0.6223301798683718,0.04400538903219695,0.007375248,0.009217642844073315,0.0006517857761599895,-22.328534751999996,3.7609119948344443,0.2659366374993261
R:A:ALA:346,101.224535,1.9785205732503763,0.13990253140624365,-6.733445000000001,0.6433558245442408,0.045492126625109534,-81.818395,1.5508685982297143,0.10966297025375063,-3.177165,0.7520785515988341,0.05317998438204923,0.076924512,0.026778937271584473,0.0018935568137706563,9.572454512,2.701848079367416,0.1910495098656549
R:A:LYS:347,141.504865,3.1348031432252648,0.22166405602594885,-7.0118599999999995,1.00084734120644,0.07077059418996,-154.98555,10.389565906114653,0.7346532505798228,7.072284999999999,9.615479455740884,0.6799170727514312,0.943546968,0.1418576395233608,0.010030849887008522,-12.476713032,14.534418963905683,1.0277386209984063
R:A:THR:348,43.803824999999996,2.9691943072784914,0.20995374293371147,-7.3638650000000005,0.9992026705203504,0.07065429841046474,-61.844570000000004,2.921552798615832,0.20658497954957905,-3.0688,0.9932626138136882,0.07023427297267339,0.2504853,0.06408166494373566,0.004531257983143974,-28.222924700000004,4.397802706583364,0.3109716116145649
R:A:TYR:349,81.205035,3.267355959147243,0.23103695552632916,-14.778015,1.0325029805162793,0.07300898591183828,-76.34046500000001,1.6411858848939078,0.11604936683961269,-4.1949749999999995,0.9130691892594996,0.06456374154178954,0.009358344,0.008487280862847888,0.0006001413851954554,-14.099061655999998,3.9075485736758853,0.276305409426204
R:A:GLU:350,105.98843000000001,2.917717089626752,0.20631375396589538,-8.778155,1.2647585109320278,0.08943193196434371,-71.29393,13.012202138573624,0.9201016370355505,-83.88366999999998,11.684395871464643,0.8262115554780748,0.28723111199999996,0.08144381996843872,0.005758947738541936,-57.680093887999995,17.77531523146878,1.25690459379001
R:A:THR:351,51.164395000000006,3.7150114762911564,0.26269098070713237,-6.070409999999999,0.9180212916376178,0.06491390805905928,-62.781659999999995,3.283723886748093,0.2321943427863823,-2.949455,1.8508271361677728,0.13087324187883098,0.52264566,0.09830648192475408,0.006951318000358637,-20.11448434,5.3723496886965965,0.3798824895782801
R:A:THR:352,36.310805,3.0416259742077094,0.215075435219541,-7.530654999999999,0.9360325827528654,0.06618749866761094,-46.98673000000001,2.4180451933535068,0.1709816153435801,-1.793345,0.8483789106142373,0.0599894480710983,0.15685945199999998,0.07012677132615544,0.0049587115547442846,-19.843065548000002,4.086471908637281,0.2889571997725755
R:A:LEU:353,64.882985,3.935263648699411,0.27826516117522687,-11.446885000000002,1.0609842184382385,0.07502291355895876,-71.08535499999999,3.2245844149246583,0.22801255063016818,-0.70435,0.5539700059570012,0.03917159477861477,0.0026724960000000003,0.004103490458473615,0.0002901605929720988,-18.350932504,5.226550655227493,0.36957294105263533
R:A:GLU:354,108.172685,3.001514813519168,0.2122391478471279,-6.693339999999999,0.7921452924811206,0.05601313079984015,-38.979575,9.8856130975461,0.6990184057461398,-115.015165,9.560293376658217,0.6760148276767861,0.822343068,0.09642947848366792,0.006818593814208387,-51.693051931999996,14.098597084343025,0.996921360355584
R:A:LYS:355,120.90818999999999,3.2674052846104047,0.23104044336327784,-6.647575,0.780522520094712,0.055191276682778415,-149.620475,8.740205426039768,0.6180258525716178,23.020335,9.061573897661212,0.6407500351259257,1.165055508,0.1056832904964391,0.00747293713681399,-11.174469492,13.030718861533126,0.9214109670725521
R:A:CYS:356,82.667025,2.389018636255272,0.16892912780771407,-7.677835,0.8411743622906014,0.059480009573595394,-77.43041000000001,1.5829446585083131,0.11193109022742519,-0.8531700000000001,0.7809661523395237,0.05522264621964435,0.005477255999999999,0.008643995877281756,0.0006112228101374489,-3.2889127440000006,3.087180103883595,0.21829659862002804
R:A:CYS:357,83.20919000000002,2.129289140511453,0.1505634790362524,-6.068104999999999,0.5690777749789565,0.04023987537101723,-72.553525,1.2516655461324322,0.08850611954478062,-3.903665,0.732240583944239,0.05177722823669687,0.284874696,0.039371482676703755,0.002783984238606591,0.9687696960000005,2.638581964554667,0.18657591998531275
R:A:ALA:358,86.48665499999998,2.0445526517981873,0.14457170445794362,-2.8516999999999997,0.5182297174033924,0.0366443747388327,-72.783235,1.4220730641479007,0.10055575070017127,-3.508845,0.6081358491118576,0.04300169827896336,0.693296496,0.04160543975276771,0.00294194885834304,8.036171496,2.615838223082999,0.18496769460289572
R:A:ALA:359,91.365045,2.4385085652863725,0.1724285942495473,-4.480510000000001,0.47861758210496197,0.03384337379015278,-73.765005,1.649054248645265,0.1166057441761554,-6.185135,0.9992939491335869,0.07066075278310442,0.34396552799999996,0.05008372488506437,0.0035414541493310457,7.278360528,3.1457710508114483,0.22243960420891062
R:A:ALA:360,88.62124,2.276423926337096,0.1609674795168266,-2.19691,0.29608220463242974,0.02093617346842541,-71.84572,1.5093379083558458,0.10672630701003383,-7.084200000000001,1.0111978589771637,0.07150248632040707,0.8758485,0.046412373835566734,0.003281850427009433,8.3702585,2.927891170167541,0.20703317010016842
R:A:ASP:361,110.35743500000001,9.87923266330817,0.6985672409144843,-4.794585,1.0299053902058188,0.07282530853951118,-27.063895000000002,16.08774143358772,1.1375751061665667,-129.36444,8.839035381556068,0.6250141857446118,0.604729584,0.0999364570619058,0.0070665746476231825,-50.260755415999995,20.871365583841783,1.4758284136958049
R:A:PRO:362,83.827225,2.356369305600249,0.16662047149697723,-7.65924,0.8195865984751092,0.057953524155136577,-60.991795,1.6269780523949917,0.11504472136901805,-1.58582,0.7769197369098045,0.05493652144065912,0.280633896,0.057442142625960466,0.004061772857670148,13.871003895999998,3.0786620400913547,0.21769428055302076
R:A:HIS:363,107.28311,3.209544548358848,0.22694907146648563,-9.682995,1.088289191793707,0.07695366674093573,-90.92337500000002,4.771777387344782,0.3374156148904122,-3.0736199999999996,3.579303420443704,0.2530949720519947,0.4008304079999999,0.13474155337357194,0.009527666609806184,4.003950408,6.861849405885816,0.4852060246382743
R:A:GLU:364,91.347775,3.12009662420493,0.22062414809325612,-5.641105,0.8291777698268328,0.05863172238536917,-12.707170000000001,11.203034993746114,0.7921742013948068,-131.23172,10.483589482214573,0.7413017214049891,0.883323072,0.11237610747372778,0.007946190763802118,-57.348896928,15.679566595112918,1.108712786547041
R:A:CYS:365,84.31494500000001,2.6565068025463443,0.18784339743487127,-6.304079999999999,0.8499288461983157,0.06009904506728872,-71.99763499999999,2.293288039426142,0.16215995238922273,-1.17941,1.4445660150716546,0.10214624251287953,0.27237617999999997,0.07642301660133288,0.005403923327753458,5.10619618,3.8898828924167437,0.2750562571249421
R:A:TYR:366,83.65469499999999,3.2745993498403743,0.23154914059411882,-14.105704999999999,1.1973519941834148,0.08466557145543281,-83.40270499999998,1.8662852482873562,0.1319662954692409,-0.9112950000000001,0.87064373768781,0.061563809091665214,0.024655247999999998,0.016830319021506873,0.0011900832709640448,-14.740354752,4.049441579469738,0.28633876008618153
R:A:ALA:367,97.69248499999999,2.1942777125457478,0.1551588650347604,-5.778935000000001,0.6650478033758175,0.04702598115802582,-77.952655,2.1824593824341836,0.15432318289834157,-2.858365,1.6104526512055546,0.11387619904473013,0.19237330800000002,0.07175517101857633,0.005073856801243575,11.294903308,3.552320194305111,0.2511869698339058
R:A:LYS:368,139.98042,3.0253085104828563,0.2139216162943801,-6.145330000000001,1.0534205290860814,0.07448807995578889,-189.603055,11.535212176287656,0.8156626752278634,46.627829999999996,11.255748130226618,0.7959015830211044,0.9869394599999999,0.13749848125387712,0.00972261084974679,-8.153195540000002,16.432713657522367,1.161968326053086
R:A:VAL:369,51.408744999999996,3.9509031056171193,0.2793710377792855,-8.996245,0.9247706715586301,0.06539116129015449,-57.972075000000004,3.337716592129266,0.2360122035973458,-0.8524100000000001,0.8180503724710355,0.05784489657264502,0.014650596,0.019004844606699208,0.0013438454496793595,-16.397334404000002,5.317401225255015,0.37599704646674775
R:A:PHE:370,88.84520499999999,3.181529448704663,0.22496810477237653,-11.904615000000002,1.1106041629559111,0.07853157348401342,-69.70728,1.8660338184502445,0.13194851669495947,-0.546805,1.2676261227092946,0.08963470273769528,0.241865964,0.09911576466960391,0.007008542932036695,6.928370964000001,4.056396599585774,0.28683055427491533
R:A:ASP:371,86.47227,7.774477597697481,0.5497385829514788,-5.977334999999999,0.928908161647318,0.06568372602003482,-37.14969,16.786355629912645,1.186974589732021,-109.01061000000001,12.684412124647324,0.8969233828702985,0.6444585359999999,0.11896198694720218,0.008411882767379222,-65.020906464,22.449845668200336,1.5874438108575897
R:A:GLU:372,98.99886000000001,2.848505341472963,0.20141974432016344,-7.289415,0.9681013184450271,0.06845510071481159,-31.146220000000003,8.313952652114397,0.5878852298773971,-115.65469499999999,8.411479466299314,0.5947814170431647,0.6997783679999999,0.1271417561800582,0.00899027979668858,-54.391691632000004,12.204186305645884,0.8629662895586203
R:A:PHE:373,108.50931499999999,3.3344402762345284,0.23578053307869798,-13.152819999999998,1.0996326966764858,0.0777557736634393,-81.168345,1.6355931052602903,0.11565389759915139,0.036474999999999994,0.7655802501207826,0.05413469864028985,0.04650271200000001,0.023460333372129563,0.0016588960816329877,14.271127712,3.9483556496302263,0.2791909054389749
R:A:LYS:374,140.44716499999998,3.1134726428499415,0.22015576187979954,-6.04894,1.0270038638680965,0.07262013964459169,-165.11322500000003,10.912446577847472,0.7716264974531881,33.74526,10.020590504176887,0.7085627496997002,1.018212984,0.09528225075543789,0.006737472563588717,4.048472983999999,15.174032157217113,1.0729661036310956
R:A:PRO:375,84.15708000000001,2.571704056379738,0.18184693774710642,-5.836775,0.6796840989570081,0.04806092354371688,-61.01335999999999,1.669469912996338,0.11804934964666261,-1.7287099999999997,1.064836952730323,0.07529534301336305,0.640455192,0.06551895108132254,0.0046328894605832845,16.218690192,3.316765365114903,0.2345307281277423
R:A:LEU:376,73.86608,4.172612104377785,0.29504823142666015,-8.513060000000001,0.9928773219285452,0.0702070287222013,-76.42452499999999,2.8017326084719434,0.19811241265219853,0.09036,0.6238590869739736,0.04411349909041449,0.37325304,0.07425760473754052,0.00525080558645852,-10.60789196,5.161484002846115,0.3649720339398373
R:A:VAL:377,51.991725,2.8036905480767667,0.19825085988937097,-8.255935,0.8984752032054084,0.06353179089145056,-62.284285,2.4722009129063522,0.1748110029971655,0.7166900000000002,1.0494535691968463,0.07420757353195157,0.196938756,0.07967270274925323,0.005633710838945705,-17.634866244,3.9859021898923177,0.28184584676191676
R:A:GLU:378,90.15652,2.9506690172908243,0.20864380711633881,-7.269864999999999,0.8660864545615524,0.06124156051142884,-49.351555000000005,11.11932628386158,0.7862551017544337,-94.14727500000001,10.972364460287261,0.7758633315519395,0.6855106319999998,0.11114076598521253,0.007858838929441095,-59.926664368000004,15.921718014165078,1.1258354775956139
R:A:GLU:379,106.60895499999998,2.9251268849359335,0.20683770561692805,-6.004485,1.250389715158838,0.08841590467147298,-87.473535,9.916971485729652,0.7012357786393069,-57.202955,8.610969969926442,0.6088875258328709,0.620668908,0.06524703240624768,0.0046136619066756155,-43.451351091999996,13.513668124522587,0.9555606369554415
R:A:PRO:380,80.08626,2.7351346333224615,0.19340322466804935,-9.74712,0.8330386159116516,0.058904725430138465,-59.314859999999996,1.1593570935652227,0.08197892626766956,0.9941400000000001,0.6153240287848346,0.04350997933807829,0.005573304000000001,0.007063593292169645,0.0004994714716436966,12.023993304000001,3.1460605879655583,0.2224600775774183
R:A:GLN:381,24.816545,3.1620357980223757,0.22358969551362382,-9.21414,1.0795694514018077,0.07633708798480592,-69.852125,3.730792732030955,0.26380688400205743,-5.04538,3.104935164476063,0.21955207099455926,0.48534019199999995,0.12992338066094777,0.009186970350003732,-58.809759807999995,5.894086651737686,0.416774864034483
R:A:ASN:382,22.886190000000003,7.1682358962230035,0.5068708211364115,-7.086635,0.8286728134643975,0.05859601657856104,-85.03866999999998,6.300340836899223,0.44550137295579684,-6.34096,2.8712236604625563,0.20302617206163348,0.579498624,0.10151612051828332,0.007178273721822895,-75.00057637600001,10.00094145507812,0.7071733521135396
R:A:LEU:383,83.46673500000001,3.182440559503822,0.2250325300348263,-8.445815,0.9204850464700663,0.06508812183397981,-86.83636999999999,2.0863666367875036,0.14752839969138143,0.23986000000000002,0.7984542005650669,0.056459237968644244,0.3265422479999999,0.09360850985860257,0.006619121209778566,-11.249047751999997,3.996803478051923,0.2826166842400493
R:A:ILE:384,96.90655999999998,3.5713220376213624,0.25253060306030234,-10.39618,1.222977018426757,0.08647753429648651,-76.17266,2.4342928222381133,0.17213049619983087,-0.41425000000000006,0.7130830789606496,0.05042258806824576,0.041667947999999996,0.032166358498190245,0.0022745050220147854,9.965137947999999,4.54811143009041,0.32160004338089754
R:A:LYS:385,125.07541,3.245864877332388,0.22951730655769728,-7.66881,0.9243229976041925,0.06535950596126014,-141.166365,9.521590412939164,0.6732781148670102,11.08339,8.899981488626816,0.6293237263042765,0.9778698,0.14815054845336212,0.010475825744787852,-11.6985052,13.464112108879739,0.9520564974844771
R:A:GLN:386,25.669230000000002,3.041579608871022,0.21507215669514265,-7.42265,0.7586259865704575,0.053642957948830526,-71.30189,3.060782592393651,0.2164300126819291,-9.95614,2.444753619569874,0.1728701862728215,0.792286164,0.09063237110700957,0.0064086764204782185,-62.21916383600001,5.0179821113264715,0.3548249178791737
R:A:ASN:387,22.822975,5.862806025648043,0.4145629897517083,-9.802605000000002,0.860524473199339,0.06084826903762341,-84.682,4.494791927331009,0.31782978518383076,-5.315240000000001,1.731583489872781,0.12244144278797109,0.146592936,0.04278034081533134,0.0030250269091992425,-76.830277064,7.636515100051218,0.5399831611879683
R:A:CYS:388,92.476135,2.1462769781123314,0.15176470055278007,-7.66816,0.6527737926724694,0.046158077537956456,-83.12539000000001,1.9279954221678015,0.13632986371114728,-2.8416949999999996,1.1879939023307318,0.08400385443463294,0.12054675599999999,0.05079101190991635,0.0035914668944828547,-1.038563244,3.188054905101359,0.2254295242192206
R:A:GLU:389,99.48622500000002,2.8823275758273903,0.20381133744685304,-6.916455,0.800625398032688,0.056612764813909235,-50.257450000000006,10.971430782149609,0.7757973105376815,-96.57098500000001,10.309393091970788,0.7289841765250292,0.7882923599999999,0.1071383285015106,0.00757582386084101,-53.47037264000001,15.349793849953135,1.0853943321117425
R:A:LEU:390,67.615875,3.615827068510744,0.2556775839741822,-8.738909999999999,1.0523017161917014,0.07440896793733938,-72.38443,2.0486233902550266,0.14485954913467042,-1.4233749999999998,0.8047772638283216,0.05690634605977614,0.4580688959999999,0.07161374143603715,0.005063856219556191,-14.472771103999998,4.362476023855314,0.30847363792318194
R:A:PHE:391,99.34861000000001,3.0797536505214174,0.21777146906677186,-11.971715,0.8870972234062059,0.06272724622422858,-80.236035,1.7569340948866008,0.12423400125921645,-2.79072,1.2159606702521262,0.08598140355914179,0.459661356,0.09046450627478417,0.006396806584359286,4.809801356,3.852971012601254,0.2724461930725545
R:A:GLU:392,96.01836500000002,3.0173495474961127,0.2133588326244662,-5.483164999999999,0.7158250119791848,0.05061647201134232,-42.223945,6.551626861473034,0.463269978155152,-104.54308999999999,6.560892001237333,0.46392512247074963,1.097378964,0.06936846638015508,0.00490509129779187,-55.13445603599999,9.77705140149897,0.691341934600936
R:A:GLN:393,27.983114999999998,3.1622959604968983,0.22360809177861835,-5.79028,0.8150848247881933,0.05763520068499804,-70.14717,5.00346070546177,0.35379809942324447,-7.959504999999999,3.9756158239919257,0.2811184908537234,0.963535248,0.08916345108991294,0.00630480808996725,-54.950304752,7.177225741570363,0.5075064991971051
R:A:LEU:394,67.073175,2.8461626647777876,0.2012540920624348,-8.210075,0.966267302238361,0.06832541618515763,-74.363585,1.7086503307508532,0.12081982355505655,1.16991,1.2676983678698968,0.08963981124199225,0.345662172,0.07512792411046651,0.005312346459497919,-13.984912828,3.6832735064621724,0.2604467673384155
R:A:GLY:395,80.445375,2.296633626500971,0.16239652111998892,-3.89793,0.5547995179341813,0.039230250133028714,-80.07708,2.357321113806942,0.16668777450071137,-1.75593,0.977130792217705,0.06909358092833226,0.202769532,0.030441589072086498,0.002152545406296666,-5.0827954680000005,3.4777870303571254,0.24591667926881486
R:A:GLU:396,93.84903,2.9717267554571705,0.2101328140617262,-7.09554,1.2220260506224898,0.08641029071817777,-104.33724000000001,13.064840144157907,0.9238237061052287,-37.667045,11.435753672713268,0.8086298969954517,0.37864893599999994,0.08482687540183892,0.0059981658823506645,-54.872146064,17.657808845710882,1.2485956375697966
R:A:TYR:397,96.79471,2.8979125790644544,0.20491336359422727,-12.32952,0.9201235240988027,0.06506255834195271,-83.555165,1.8524884447075505,0.13099071413224295,-6.662825000000001,1.050548901467704,0.07428502521958917,0.46007999999999993,0.07733156583845435,0.005468167460414504,-5.29272,3.7129329671736637,0.2625440079179586
R:A:LYS:398,125.92130499999999,3.1838451802773013,0.22513185172221856,-7.89952,0.6266647106707063,0.04431188664455622,-100.410945,6.379076412144237,0.4510688188734342,-29.070434999999996,6.362710434694872,0.44991156950991495,1.026806076,0.08249386295417026,0.0058331969901167504,-10.432788923999999,9.57669483573274,0.677174585970081
R:A:PHE:399,99.21659,3.1689657984743222,0.22407972054494354,-13.676355,1.0911519046287737,0.07715609110676228,-81.887095,1.4379936251510295,0.10168150436473192,0.607925,0.7463342946528719,0.052773804078112455,0.068413068,0.035667933926261775,0.002522103795017342,4.329478068000001,3.722777116311903,0.2632400943790247
R:A:GLN:400,28.369174999999995,2.7235259580872366,0.19258236737010737,-12.231725,1.0590820314664016,0.0748884086282717,-76.73895,2.244782002222042,0.15873005760567213,-1.3832200000000001,1.1300742416319383,0.07990831595021886,0.027745632,0.01970994410477554,0.00139370351332946,-61.95697436799999,3.854315880249907,0.2725412895759706
R:A:ASN:401,10.437909999999999,2.767348194915125,0.19568106745288366,-10.089719999999998,0.8250607805489241,0.05834060728172101,-71.79127,2.267182124819265,0.1603139854644628,-7.003245,1.1841840122949643,0.08373445452664632,0.12194539199999997,0.051138342968429625,0.0036160269091619988,-78.324379608,3.857973952179635,0.2727999543227285
R:A:ALA:402,92.60583500000001,2.2916250517427588,0.16204236140242775,-6.139075,0.5243467167581007,0.03707691191125549,-79.13495,1.4140660407137993,0.099989568643434,0.5609050000000001,0.9255703895301535,0.06544770989022458,0.21884382,0.07479269397292491,0.005288642109146543,8.11155882,2.8962634751860423,0.20479675434069664
R:A:LEU:403,72.945605,3.921073674260023,0.2772617784601314,-10.855719999999998,1.1155304037093745,0.07887991130826656,-76.61778,2.060595957872382,0.14570613750971506,1.8825999999999998,0.6449736661290909,0.045606525300662844,0.18504511199999998,0.06513554187310225,0.004605778335473092,-12.460249887999998,4.613622894319615,0.3262324034410906
R:A:LEU:404,76.75439,2.8850195836250405,0.2040016911437256,-11.424615000000001,1.0712304405565591,0.07574743087309957,-81.41713,1.6590763704844935,0.11731441520759502,-0.49292499999999995,0.6026121716120576,0.04261111529724374,9.3924e-05,0.0006095671964796007,4.3102909821959825e-05,-16.580186076,3.5477526490332116,0.25086399561039213
R:A:VAL:405,63.945249999999994,2.5933653844955975,0.1833786249471295,-8.48804,0.8929643488964158,0.06314211464624858,-63.79173499999999,1.8774543708902751,0.13275607170248369,0.108265,1.0180296777476578,0.07198556885845246,0.056798567999999994,0.04305033368099922,0.003044118287817817,-8.169461432,3.4764927752952457,0.24582516161573084
R:A:ARG:406,-195.677105,4.3547816815513265,0.3079295657611899,-8.387125,1.2570587095975272,0.08888747379060224,48.33053999999999,13.943061300819128,0.985923319630893,-15.302919999999999,10.690477961419687,0.7559309460645198,0.9699007319999999,0.10968985543665273,0.007756244060662923,-170.066709268,18.145292211472807,1.2830659169343868
R:A:TYR:407,93.569485,3.143022209558023,0.2222452317798404,-12.77499,1.0678748943111267,0.07551015792262654,-91.37154999999998,1.76849172389921,0.1250512490441419,-6.478995,0.9080222766953463,0.06420687093197269,0.17927056800000002,0.08017327106437766,0.005669106363952865,-16.876779432000003,3.8700698424632027,0.27365526292712844
R:A:THR:408,52.409225000000006,3.7527395305796274,0.2653587570099676,-9.895535,0.8031528364981351,0.05679148170170418,-59.36962,3.010611161475357,0.21288235677951328,-1.05532,0.6956318189962274,0.04918859764213654,0.004059864,0.00548531891600698,0.0003878706202479377,-17.907190136,4.927050004320395,0.34839504693001594
R:A:LYS:409,132.73223,3.436767360049265,0.24301615056514242,-10.698845,1.0366987368445086,0.07330567068702802,-113.8695,9.27032789549539,0.6555111718727606,-12.882905000000001,8.923719040622862,0.6310022247027938,0.20359904399999998,0.07223417830751079,0.005107727731467909,-4.515420956000002,13.35900717645461,0.9446244564390807
R:A:LYS:410,137.829165,3.5007909146041554,0.2475432995232854,-11.299050000000001,1.210872415863868,0.08562160964090783,-138.83533,9.728619651887927,0.6879172927434662,0.22305500000000023,8.827911457529181,0.6242276055333302,0.16380543600000003,0.05271230297465198,0.0037273226885336233,-11.918354564,13.649270627225283,0.9651491818761359
R:A:VAL:411,65.370065,2.976786362971821,0.2104905823401014,-7.468075,1.1175810124438408,0.07902491124243671,-61.979895,1.6110790309525473,0.11392049078139979,-0.3435250000000001,0.5279306198498056,0.037330332129181486,0.01588194,0.016025185174231217,0.0011331517106469018,-4.40554806,3.6034410720948205,0.25480176176843705
R:A:PRO:412,77.887685,2.308178256932294,0.163212849766417,-9.550905,0.7740204816250018,0.05473151313343163,-57.066849999999995,2.6446663924775082,0.18700615400970094,-0.7113349999999999,1.4685531766929654,0.10384239097726419,0.021280175999999998,0.018238297479343406,0.0012896423824941237,10.579875176,3.8830446775075798,0.274572722311594
R:A:GLN:413,36.745565,2.9856254915469562,0.2111156031156272,-6.59491,1.396422809144852,0.09874200377498929,-84.83828,3.1660406348624135,0.22387288024233745,-5.10276,1.5830053734589784,0.11193538342275867,0.546231204,0.08658020878387383,0.006122145274762427,-59.244153796,4.837475755415014,0.34206119104794724
R:A:VAL:414,60.732780000000005,3.1720017704282575,0.22429439618055552,-7.432384999999999,0.9626977390515675,0.06807300995163208,-67.06207500000001,3.571606841377561,0.2525507417270339,0.274585,1.622237711550006,0.11470952865335556,0.06760569599999999,0.04343501098854222,0.0030713190810910413,-13.419489303999999,5.135980859651307,0.3631686893903753
R:A:SER:415,77.645555,5.3359723525309795,0.37731022346985904,-5.184705000000001,0.6218608590151015,0.04397220303640698,-70.47222,5.163061758453022,0.3650835981087072,-4.6631,1.3282280451789896,0.09391990577082156,0.45938826,0.07684553136263682,0.005433799633040401,-2.21508174,7.568792081451334,0.5351944206185282
R:A:THR:416,46.809935,3.3371629433959322,0.23597305471997224,-6.50863,1.1510933077296557,0.08139458836740929,-54.43833000000001,3.876143716517745,0.2740847506803324,2.269815,1.1432163840564042,0.08083760575298479,0.061792344000000006,0.030077642399683923,0.0021268104902920524,-11.805417656,5.366005105320188,0.3794338597853539
R:A:PRO:417,87.596175,2.611347840555716,0.1846501766093794,-5.9945,0.554342782040138,0.039197954028239786,-64.81931,1.7510548089366025,0.1238182729628386,-2.5029000000000003,1.0001992601476968,0.07072476793882042,0.6398601839999999,0.062277640115378036,0.004403694164187917,14.919325184,3.346177441907907,0.23661047602265356
R:A:THR:418,38.69984,3.118711088639023,0.2205261759338333,-8.275605,0.6857809628263241,0.04849203692231334,-46.56983,3.0146387165131414,0.21316714792739522,-2.154135,1.0005488077925035,0.07074948468981948,0.12328495199999999,0.05855946326444682,0.004140779357693487,-18.176445048,4.50435656914368,0.3185061074923668
R:A:LEU:419,71.300535,3.5698472318539065,0.25242631854439224,-12.12415,0.9048827203013659,0.06398487077036258,-76.285195,1.5210486997381112,0.10755438500997992,0.9710599999999999,0.5385904254626144,0.03808409421267624,0.0066225960000000006,0.00882627924162747,0.0006241121904400841,-16.131127403999997,4.020742306198601,0.28430941501166684
R:A:VAL:420,52.5146,3.0033609556628384,0.21236968981001028,-9.609045000000002,0.9112701152649526,0.06443652779964948,-62.56549499999999,1.7965707556272312,0.1270367364185455,1.52269,0.7145714827083433,0.050527834106559526,0.033720228,0.016865863993641594,0.0011925966800473997,-18.103529771999998,3.686346917236392,0.26066409029839777
R:A:GLU:421,98.98692,2.823856748066375,0.1996768255657126,-8.814215,1.1503653805530658,0.08134311614313161,-104.80804,9.320387757942262,0.6590509386929055,-42.811260000000004,7.6105507496107005,0.5381472043614088,0.19053284399999998,0.05286564799260541,0.0037381658187392278,-57.256062156000006,12.413315950619829,0.8777539885694415
R:A:VAL:422,56.638115,3.0490019222320934,0.21559699350611317,-9.638510000000002,0.8421043937066235,0.05954577272569397,-62.663410000000006,2.289078183876645,0.16186227064853623,0.601075,0.5367685994681507,0.03795527166119352,0.024983711999999998,0.02849319461508407,0.0020147731129993964,-15.037746288,3.941365734753548,0.2786966438180533
R:A:SER:423,86.11012500000001,2.4618349659095755,0.1740780198556814,-9.586604999999999,0.7833752031912933,0.0553929918389953,-76.995435,1.8020837538180632,0.12742656425908613,1.8787650000000002,0.6472338292881484,0.0457663429702986,0.000596772,0.0019054556408418435,0.0001347360604889426,1.4074467720000001,3.215700425204625,0.22738435769266543
R:A:ARG:424,-199.10989999999998,4.422410793899636,0.31271166615590157,-12.45114,1.3470632948751888,0.09525175904937398,23.98343,13.149329793761353,0.9297980265226959,14.671405,10.690570655534483,0.7559375005282347,0.11528150399999998,0.0720081417739993,0.005091744534903722,-172.790923496,17.566179348081263,1.2421164536567348
R:A:ASN:425,13.622685,3.0886428193909055,0.2184000282254446,-9.86457,0.930459679459567,0.06579343489665211,-83.621295,3.55897874087146,0.251657800176897,-0.5235150000000001,1.9301841181024673,0.13648462788488305,0.09567795600000001,0.0554044644139483,0.0039176872495111596,-80.29101704399999,5.176917977262341,0.3660633807368746
R:A:LEU:426,72.724105,4.2335132058344875,0.2993545896088366,-9.74241,0.9809431389739162,0.06936315455268739,-75.225775,3.4936692222325516,0.24703971982633685,-1.929175,0.8915611332797095,0.0630428923184446,0.174836304,0.044180523829474724,0.0031240347996195432,-13.998418695999998,5.646896609050927,0.3992958884919231
R:A:GLY:427,86.940315,1.8416624136293276,0.1302251981333682,-6.331115,0.49394157728925797,0.034926943881121345,-77.50408,1.4315916853628339,0.10122881886103381,-1.636325,0.7923257217678851,0.05602588907705972,0.001125036,0.0028883217070651947,0.0002042351865314104,1.4699200359999998,2.512556839740602,0.17766459794972211
R:A:LYS:428,136.658205,3.129167977749836,0.22126558965387047,-9.759210000000001,1.4515283104025218,0.1026385511369875,-146.18789,15.389300176353048,1.0881878512414571,9.014275,13.65614498492803,0.9656352723709273,0.21344371199999998,0.1687209905748264,0.011930375656397131,-10.061176287999999,20.86259689513294,1.4752083737709911
R:A:VAL:429,54.47062999999999,3.2015426021060533,0.2263832484206815,-9.256875,0.8652674438432316,0.06118364770814993,-62.497755,1.967940363673401,0.1391543976124182,0.04586000000000002,0.7931141471440287,0.056081639170052794,0.0186381,0.015315376021436755,0.0010829606241179776,-17.2195019,3.937082253216546,0.2783937559338632
R:A:GLY:430,77.7653,1.8859522714003134,0.13335696401013336,-5.30145,0.703495136799111,0.04974461817624093,-75.775835,1.718370189387316,0.12150712135045831,-1.0598699999999999,0.8488455001353309,0.06002244093253789,0.0029865600000000005,0.005179103387421417,0.0003662179125711903,-4.36886844,2.7794033517082224,0.1965334957645503
R:A:SER:431,80.43341500000001,6.301523727859398,0.44558501597773126,-5.748785000000001,0.932294598705259,0.06592318328080797,-70.78213,7.568133558090793,0.5351478559851474,-3.1251499999999997,2.458164896320017,0.17381850674626104,0.21302495999999999,0.06506983954436649,0.004601132479254211,0.9903749600000009,10.193224652001366,0.7207698273588051
R:A:LYS:432,116.89560000000002,3.4249944846670926,0.2421836825634626,-8.65294,0.9092221435930825,0.06429171433396375,-109.0266,9.658665475623431,0.6829707855025718,-9.26129,8.76330903688213,0.6196595245612707,0.568413936,0.13402049280163353,0.009476679927799794,-9.476816064,13.515200245086673,0.9556689742394875
R:A:CYS:433,80.52158000000001,2.1709566724372924,0.15350981847425918,-8.255230000000001,0.6742689575384587,0.04767801522190284,-75.912615,1.473111790318373,0.1041647336379977,-0.09461499999999999,0.6623783562096516,0.04683722273870431,0.0019048320000000002,0.0032541387219010807,0.0002301023557177979,-3.7389751680000005,2.7886386506087204,0.19718653001243294
R:A:CYS:434,98.88155,2.2563456467261394,0.1595477307500799,-7.0661249999999995,0.7067896783166828,0.04997757744103849,-80.690215,1.9223793457002702,0.13593274713576192,-3.4707850000000002,0.9315555317719926,0.06587092335678163,0.093141252,0.0419600059219502,0.0029670204726038674,7.747566252000001,3.1868081251499865,0.22534136356339432
R:A:LYS:435,130.491875,3.332283797844205,0.23562804702936996,-5.545515,1.0919426540688848,0.07721200553589448,-113.99033500000002,5.615347102608618,0.3970650014970786,-19.33858,5.367944123554193,0.37957096907956484,1.2895862399999998,0.14825189822422105,0.010482992255812458,-7.0929687600000015,8.524399092654688,0.6027660403956583
R:A:HIS:436,121.00103499999999,3.313906388806872,0.23432856797427626,-8.751100000000001,0.9771355023741589,0.06909391398668915,-89.48514500000002,3.142145918631883,0.22218326865422383,-8.54227,2.033848302381473,0.14381479265186875,0.48804350399999996,0.08293716943362116,0.005864543491893117,14.710563503999998,5.094434984267016,0.36023095236891894
R:A:PRO:437,80.97138,2.395940236232949,0.1694185588358017,-4.6023249999999996,0.7948478907155758,0.05620423335368075,-62.849720000000005,1.477476799005656,0.10447338636226931,-0.59836,0.9342503199892415,0.06606147365900945,0.670555368,0.05801928803675357,0.004102583201040398,13.591530368,3.071065022880384,0.21715709031435393
R:A:GLU:438,85.99734000000001,2.8313096465063654,0.20020382506835377,-4.9107650000000005,0.771908763893117,0.05458219214061487,-48.662975,12.488809378574684,0.8830921800536311,-87.07295500000001,12.459501196395264,0.8810197786172993,0.9782287199999999,0.1395120085814551,0.009864988732490271,-53.67112628000001,17.884103299077186,1.2645970718218185
R:A:ALA:439,96.774165,2.17304981944156,0.153657826318333,-3.683835,0.53588781267631,0.03789299062986451,-72.99061,1.8286714816773404,0.12930660052564988,-5.573415,1.4387393832014885,0.10173423742219233,0.523341468,0.1010447683546188,0.007144944090697481,15.049646468,3.2300993346082767,0.22840251434076675
R:A:LYS:440,143.96532,3.403414787768308,0.2406577675621545,-7.453275,1.0094467838251802,0.07137866660897357,-155.813135,14.937381399923314,1.0562323681055579,16.427665,13.9908884704573,0.989305211228504,0.793645524,0.11524349165630406,0.008148945443778791,-2.0797794759999992,20.77223674448407,1.4688189462437058
R:A:ARG:441,-187.06139000000002,4.201896577487362,0.2971189563785859,-13.301975,0.9839059428497219,0.06957265642387819,3.54926,8.107869905986405,0.5733129791501322,19.98747,6.91824214299413,0.48919359332017015,0.480228588,0.11530116199855688,0.008153023352786823,-176.346406412,11.499431676032222,0.813132611791377
R:A:MET:442,98.09784499999999,2.5983381979594187,0.1837302559593139,-11.076179999999999,0.9419816280586367,0.06660815969534062,-75.641915,1.4490680135090281,0.10246458187527534,0.29307,1.164978092111607,0.08237639088658837,0.08327822400000001,0.040009376091444164,0.0028290901145303095,11.756098223999997,3.331255557837799,0.2355553394812483
R:A:PRO:443,78.707525,2.8033782975857897,0.19822878044541112,-8.51781,0.8093424021389217,0.057229150085424126,-55.7226,1.6596845875045056,0.11735742264552339,-2.6970849999999995,0.9916791607042068,0.07012230592953286,0.189495684,0.08099574597820397,0.005727264122845106,11.959525684,3.5012149037036515,0.2475732800800257
R:A:CYS:444,76.48546999999999,2.091288757943292,0.14787644621608942,-7.591024999999999,0.5274895111516437,0.03729914103401042,-64.93995,1.6231744599703384,0.11477576676938385,-1.39451,0.9802129921093681,0.069311525372769,0.184059504,0.044411392462425495,0.003140359677211819,2.744044504000001,2.872145376309397,0.2030913472141963
R:A:ALA:445,94.28943000000001,2.172930602918556,0.15364939643714842,-7.171505,0.7415771638710297,0.05243742413462926,-82.87413999999998,1.2183072069063698,0.08614732875719364,-0.11371499999999997,0.5330715934797126,0.03769385386074233,0.005034204,0.00846629158486666,0.0005986572191161817,4.135104204,2.6533136918470834,0.1876176104120186
R:A:GLU:446,102.666515,3.0242640377081824,0.21384776091620644,-8.50476,1.4729996681601798,0.10415680540415974,-126.39844000000001,7.992089403053496,0.5651260612748273,-32.14857,6.427957548483033,0.45452523717116083,0.017479044000000003,0.012833261375833658,0.0009074486143591382,-64.367775956,10.793896282449287,0.7632437256744157
R:A:ASP:447,103.09713499999998,2.8521813716478475,0.20167967890661415,-7.926579999999999,0.7610245617586859,0.05381256282690874,-102.456805,11.570124234293035,0.8181313305239415,-57.66356,10.739021815621756,0.7593635149136413,0.372832776,0.10873623179889685,0.007688812686567226,-64.576977224,16.059896789265355,1.1356061924845595
R:A:TYR:448,88.04348,3.354059953191057,0.23716785374076305,-13.671395,0.8952615198784096,0.06330454916413986,-82.01041,2.332614692121269,0.16494076666943203,-4.461175000000001,1.4420757380855558,0.1019701533384892,0.18805438800000002,0.06819284599576012,0.004821962383201188,-11.911445612,4.424537869551464,0.31286207311765196
R:A:LEU:449,75.523285,3.655775001798524,0.25850232942639995,-9.699795,1.058671362120937,0.07485936992037136,-81.298665,2.747633817082437,0.19428705042764688,0.20916000000000004,0.4942870263318673,0.034951370817179694,0.074501496,0.028949055225792497,0.0020470073259101734,-15.191513504,4.720182753000509,0.33376732330864467
R:A:SER:450,86.82590499999998,4.995138322006209,0.35320961804553824,-6.96641,0.819370216629821,0.057938223648123684,-83.22120999999999,6.200644898387587,0.43845180553796337,0.329365,1.0752629965617715,0.0760325756427796,0.09006213599999999,0.036302861808875396,0.002566999976153393,-2.9422878639999994,8.07640266290169,0.5710879090530875
R:A:VAL:451,58.11015,2.8082077963533965,0.19857027757824178,-8.7913,0.9610120602781216,0.06795381446247149,-61.03955,1.812675193601987,0.12817549214846027,0.138245,0.575412126197389,0.04068778164111432,0.079657308,0.03760568709451718,0.002659123635571253,-11.502797692,3.5253198248778577,0.24927775540225053
R:A:VAL:452,44.40719,3.0975174872629854,0.21902756200875723,-9.64481,0.9720807445372015,0.06873648863231231,-46.280085,1.6793754219277477,0.11874977490031298,-0.44445499999999993,0.6080104669946069,0.042992832424428605,0.027363096000000003,0.01998053996040107,0.0014128375297768388,-11.934796904,3.70539246443978,0.26201081385629016
R:A:LEU:453,54.055524999999996,3.0778114967253924,0.21763413805484425,-9.792495,0.9769295317345054,0.06907934966308672,-58.814130000000006,1.9288501686497062,0.1363903034145023,-0.616895,0.74674167151365,0.05280260997218793,0.08500932,0.03256231366814096,0.0023025032805865874,-15.08298568,3.834900431653529,0.27116841003974285
R:A:ASN:454,30.446679999999997,2.958360773739403,0.20918769643074134,-9.637755,0.8319862949442135,0.05883031510093244,-96.67232,2.025057828211333,0.14319321226231363,-1.47012,1.0643489867519957,0.0752608386081367,0.036304307999999993,0.01837045239145558,0.0012989871459462869,-77.29721069200001,3.8312054381481646,0.2709071345433345
R:A:GLN:455,32.997370000000004,2.6944565134920992,0.19052684723025254,-10.023195000000001,0.8993138089538044,0.06359108927259384,-73.15962999999999,3.984360819893198,0.28173685544404725,-5.662229999999999,2.9765438023150272,0.2104734307115746,0.14478026400000002,0.04494228424450969,0.003177899395130613,-55.702904736,5.727636963808731,0.40500509372838817
R:A:LEU:456,65.62141000000001,3.7172182612674227,0.2628470239692662,-9.49837,0.9926574903258424,0.07019148428050229,-65.94773500000001,2.7308007241054777,0.19309677100841174,-3.995415,0.9119343522288214,0.06448349644579611,0.034745076,0.02674653438480253,0.001891265583673303,-13.785364924,4.805485691337723,0.3397991519239828
R:A:CYS:457,98.49715999999998,2.2565466900554036,0.15956194666022344,-8.05139,0.5701411648881354,0.0403150683925998,-84.28748,1.443483955435598,0.10206972934224914,-3.4242399999999997,0.8327640256399167,0.058885308965819304,0.09716252399999999,0.025461913439877686,0.0018004291655322404,2.831212524,2.8626655538738746,0.20242102254133607
R:A:VAL:458,52.746880000000004,3.2542011317065205,0.23010676875746178,-8.529074999999999,0.8957445893640665,0.06333870733504908,-49.65161,2.5492248347095634,0.1802574167392288,-5.53081,1.145912398004315,0.08102824272745891,0.132509808,0.05217896420413054,0.003689609942403083,-10.832105192000002,4.382529920158037,0.30989166252966865
R:A:LEU:459,67.61324,4.849030739477736,0.3428782518066726,-8.379214999999999,1.0296724618901878,0.07280883802035987,-68.54868,3.433602721282705,0.2427923768119584,-4.2657050000000005,0.8404905103420264,0.05943165393857889,0.19868846400000004,0.09408677825399647,0.00665293989233959,-13.381671535999999,6.0891894993169835,0.4305707186896957
R:A:HIS:460,111.21284,2.8071341603849285,0.19849436005085883,-10.270815,1.059995212618906,0.07495298028681047,-86.324205,2.5120459575762144,0.17762847312543953,-11.142394999999999,2.3681898063658244,0.16745630712181314,0.44842896,0.1260042694453803,0.008909847338328529,3.92385396,4.575824185110641,0.32355963108091423
R:A:GLU:461,102.097615,2.879989278934038,0.20364599488788138,-5.386300000000001,1.1245446144995759,0.0795173122659462,-56.73963,12.291281834825039,0.8691248734879815,-92.21703000000001,10.909663143245991,0.7714296789050185,0.5939944199999999,0.13404338176638636,0.0094782984220189,-51.65135058,16.723434620530867,1.1825254024907252
R:A:LYS:462,134.39734,3.3908573052253317,0.23976981945607748,-5.534125000000001,1.144033504480966,0.08089538489231016,-196.47109,13.413626896999187,0.9484866539174392,55.90682499999999,13.102442011486827,0.9264825596425843,0.8492525639999999,0.16829141100786904,0.011899999793911658,-10.851797436,19.09016556028441,1.3498785521650993
R:A:THR:463,55.36353999999999,3.749623907593934,0.2651384491958871,-4.68715,0.9252962214880163,0.06542832328204659,-58.52486999999999,3.728558911040565,0.26364892900503123,-5.04878,2.0532710784501886,0.1451881903186344,0.5474522880000001,0.11224854033546919,0.007937170404950197,-12.349807712000002,5.7486107848251,0.4064881668351949
R:A:PRO:464,86.813585,2.669161490576207,0.1887382190068429,-4.3315,0.9690402107239926,0.06852149042453762,-60.84189000000001,1.8951722290863173,0.134008913470336,-4.41047,0.9062184720584766,0.06407932268290606,0.843039072,0.115304108142666,0.008153231676634613,18.072764072,3.534072258334509,0.24989664590715874
R:A:VAL:465,57.83515499999999,3.158531989860954,0.223341938862532,-7.67329,0.9611693533920024,0.06796493676521739,-56.87326,2.6989836480423515,0.19084696398423528,-5.348565,1.6588107926388107,0.1172956360180335,0.11961828000000001,0.06536600074576997,0.004622074238637887,-11.940341720000001,4.57609107744847,0.32357850321910675
R:A:SER:466,63.122825000000006,7.3282708188477175,0.5181869990378715,-5.789755,0.8323442106334373,0.058855623562026754,-58.21985500000001,8.135483339911342,0.5752655437881492,-2.9278999999999997,1.67065579339372,0.11813320405372911,0.103538484,0.06947825648356573,0.004912854630454754,-3.711146516000001,11.107581071567697,0.7854245898284856
R:A:ASP:467,88.746695,4.398768623373479,0.31103991224580013,-4.756325,1.2159286078446383,0.0859791364045662,-66.876235,12.341617124987106,0.8726841159886405,-75.94202999999999,9.076076639666502,0.6417755338476996,0.747161928,0.07800764126334046,0.005515973212167558,-58.080733071999994,15.985131009857893,1.130319453522588
R:A:ARG:468,-179.76303500000003,3.8902148801544367,0.2750797322030014,-8.11348,1.4763731708480752,0.10439534806685592,-16.895895,8.529698066987775,0.6031407344640842,33.367455,6.450607455734304,0.4561268274722229,0.5767878599999999,0.10773653532643232,0.007618123471086432,-170.82816714,11.475676118485094,0.8114528402081328
R:A:VAL:469,61.206255,2.7406838507888867,0.19379561359812816,-8.155505,0.9196443714692109,0.06502867713459193,-72.15448500000001,2.037089563513348,0.14404398442446326,0.709095,0.5792152069611087,0.04095670006085695,0.009865908,0.012496579117611987,0.0008836415835697638,-18.384774092,3.5836397768455526,0.2534015987537336
R:A:THR:470,46.41975,3.7668105430854895,0.26635372784607314,-7.425874999999999,0.9057622090675896,0.06404706001742,-55.799355,3.3875150979700446,0.23953348971464303,-1.97876,1.2013393202588516,0.08494751798610715,0.20854573199999998,0.08639396758314191,0.0061089760331650405,-18.575694268000003,5.2853765680303955,0.3737325612378774
R:A:LYS:471,116.55562,3.7810524785567314,0.26736078476096675,-6.452190000000001,1.2795705779283923,0.09047930326599558,-132.16964,14.337383161874415,1.0138060858231224,9.560225,12.333985056111223,0.8721444472229785,1.012785804,0.11729581169609757,0.008294066385509094,-11.493199196,19.329644598691313,1.366812277366055
R:A:CYS:472,81.526535,2.8790341659617376,0.20357845820193007,-8.147590000000001,0.6680481508843505,0.047238137764945815,-76.76511500000001,2.4570212253407577,0.173737636995773,-0.12828,0.7453404937342395,0.05270353174124102,0.032574636,0.04569682332366118,0.0032312533650844404,-3.481875364,3.915316080945684,0.27685465513254304
R:A:CYS:473,98.612765,2.4994215950445415,0.1767357958900092,-7.6690949999999996,0.671698992090207,0.04749629122231545,-87.33024999999999,1.95317730057975,0.13811049140995768,-0.855745,1.016420144416176,0.0718717576651288,0.06453442799999999,0.02956141445810765,0.002090307662479397,2.8222094279999994,3.3981131824072257,0.24028288745195486
R:A:THR:474,37.473785,3.3759141071382435,0.2387131757860781,-5.739325,0.7488768319122979,0.05295358861186841,-47.33600499999999,4.2369799450758565,0.2995997250914544,-7.0953800000000005,1.9422843009199244,0.13734024001726514,0.595177056,0.10112847085499939,0.00715086275125962,-22.101747944,5.804507463716665,0.4104406589041982
R:A:GLU:475,90.87042,3.152911412266447,0.2229445040094059,-4.378305,0.9891788826976645,0.0699455095762051,-54.384975000000004,16.324556406358337,1.1543204534798277,-86.960305,15.823821783373793,1.1189131687311016,0.962211672,0.11476154536853368,0.008114866694953779,-53.890953327999995,22.974267630203585,1.6245260434111548
R:A:SER:476,65.18615,4.945689465332412,0.34971305585794193,-6.2501549999999995,0.9260632327087605,0.06548255916559002,-56.24862000000001,3.9491216119030823,0.27924506715070185,-4.448384999999999,1.582918300726541,0.11192922645080239,0.18222364800000002,0.056175266210168474,0.003972191167216966,-1.5787863520000005,6.58952084080351,0.46594948713022416
R:A:LEU:477,74.83549,3.0002238916287567,0.21214786588485873,-8.770955,1.0367516785494006,0.07330941423088169,-71.041755,1.65750545850534,0.11720333495628435,-3.121855,1.034897494428796,0.0731783036143569,0.223313436,0.07536607811659768,0.005329186490768128,-7.875761564,3.728299164170664,0.26363056212772135
R:A:VAL:478,45.949875,2.644045668927638,0.1869622622265654,-7.0781849999999995,0.8640910257461306,0.06110046238675285,-52.074965,1.8158245685569405,0.12839818658717495,-1.5686900000000004,0.9404962540595256,0.06650312789260365,0.16399803599999999,0.0508205233168678,0.0035935536660806275,-14.607966963999997,3.452819948015708,0.24415123994580895
R:A:ASN:479,32.300645,6.957358642399786,0.4919595475187721,-6.8844650000000005,0.8621616836620611,0.060964037299665444,-84.476325,5.9595719778667835,0.42140537585189275,-8.137369999999999,2.39624292864893,0.16943996242179707,0.46514106,0.08997198898003533,0.0063619803524624305,-66.73237394,9.508666328093863,0.6723642440635359
R:A:ARG:480,-172.906905,3.819372233230875,0.270070400599316,-14.075104999999999,1.0997311507704963,0.07776273541919035,4.00712,6.7636794472831125,0.47826436029459685,18.924,5.3492932981843495,0.37825215657019057,0.05162540399999999,0.020174223502836087,0.0014265330244028422,-163.999264596,9.495247143431493,0.6714153644162603
R:A:ARG:481,-174.14332000000002,3.6642716312522468,0.25910313185679557,-7.939105,1.417424098135417,0.10022701916087796,-2.9089,13.045452000601589,0.9224527573268996,20.048965,9.123771985520847,0.6451481040961642,0.238937796,0.06095681584831006,0.004310297784587965,-164.70342220400002,16.397156050326174,1.1594540235359663
R:A:PRO:482,82.056665,2.5915758917645073,0.18325208870262572,-5.6074,0.6666309548768344,0.0471379268742273,-60.019104999999996,1.6303625007877849,0.11528403800993006,-4.498175,1.0879908981122037,0.07693257419243814,0.591456996,0.07044906387924812,0.004981501079726061,12.523441995999999,3.317744954291463,0.23459999554269456
R:A:CYS:483,80.68834499999998,2.4934708412121043,0.1763150140512004,-6.779170000000001,0.5689331429087253,0.04022964833925348,-64.56506499999999,1.9023571091608955,0.13451696121261064,-5.803895,1.1576252346830558,0.08185646535170572,0.20225321999999998,0.05156609495885063,0.003646273542471272,3.7424682199999997,3.391577741107272,0.23982076196583046
R:A:PHE:484,104.43982,3.0455147311415196,0.21535041185936935,-12.395909999999999,0.8994419669439491,0.06360015141098328,-82.706645,2.3712650208222192,0.1676737576213851,-2.4392,1.3415527831583816,0.09486210702909775,0.06723997200000001,0.03763266172652708,0.0026610310300926743,6.965304971999999,4.184284134198301,0.29587356857029007
R:A:SER:485,71.931875,3.351323723452421,0.23697437308045566,-4.525110000000001,0.6476693970692147,0.04579714226346443,-63.554174999999994,3.527895594313273,0.24945988980570605,-6.9649,1.543681165266973,0.10915474199502281,0.594753984,0.07128909974337272,0.005040900585322301,-2.517556016,5.146350876824492,0.3639019603367933
R:A:ALA:486,82.691995,2.277291717144512,0.16102884159328415,-3.502215,0.3775426052447591,0.026696293635540495,-65.168,1.1562615966986016,0.08176004158511661,-5.645615,0.6892651208170917,0.04873840409651305,0.6349328999999999,0.054953749322159996,0.003885816879732497,9.0110979,2.6727594701150275,0.18899263457988993
R:A:LEU:487,76.74766000000001,4.5871476370834205,0.3243603200485535,-7.494515,1.1120481148650898,0.07863367630268217,-83.460385,4.031399775112237,0.28506301186557853,0.47484499999999996,1.202685121291105,0.08504268048971057,0.24802264799999996,0.06701962201148627,0.004739002919688115,-13.484372352000001,6.323108549729283,0.4471112933692212
R:A:GLU:488,103.96958500000001,2.955661374849121,0.20899682010469678,-5.519355000000001,1.0857611058492562,0.07677490406946139,-108.47194499999999,20.816488131814523,1.4719479918495335,-43.898230000000005,19.824737160857897,1.4018206081683562,0.7409554919999999,0.17216307690984944,0.012173767915289567,-53.178989507999994,28.91869348891606,2.0448604269067805
R:A:VAL:489,49.329204999999995,3.484395705567179,0.2463839831743837,-6.026405,0.8944987037301956,0.06325060991701978,-51.576570000000004,3.0050453000079713,0.21248879094083994,-4.3272,1.1586003970308312,0.0819254197425927,0.46943406,0.13585574829269906,0.009606452088094023,-12.13153594,4.8303468077762455,0.34155709832613756
R:A:ASP:490,94.17677499999999,3.202250067433054,0.22643327377369915,-6.24857,1.3645880019624972,0.09649094297134836,-113.320245,6.45602353503881,0.45650980211258885,-47.366294999999994,4.921419854876741,0.3479969352449458,0.063232128,0.03644149029369156,0.0025768024903213053,-72.695102872,8.832805169629852,0.6245736432344862
R:A:GLU:491,103.85888500000001,2.9167904864379612,0.20624823322606908,-3.86473,0.816293732120981,0.05772068334228207,-64.06989,14.994208817003317,1.0602506733030166,-91.01875,14.528579466950648,1.027325706208844,1.153285164,0.14865784965074227,0.010511697356465009,-53.941199836,21.09744109437298,1.491814366351487
R:A:THR:492,38.76155,5.786620059888156,0.4091758284497021,-3.9259649999999997,0.9575592116287117,0.06770966119303064,-52.200495000000004,4.353452516104316,0.3078355795710999,-4.483445,1.8259832165096699,0.12911651147268113,0.6788935079999999,0.06076587663674026,0.0042967963434584235,-21.169461492,7.529432074863843,0.532411247861972
R:A:TYR:493,89.73828999999999,3.4023146497494916,0.24057997605681988,-12.680579999999999,1.0104631827038528,0.07145053686292356,-81.70737,2.454868897334438,0.17358544442291238,-8.205575,1.3799020270928657,0.09757380807304283,0.2389779,0.06193201517144747,0.004379254790027864,-12.6162571,4.531128700608514,0.320399183062927
R:A:VAL:494,64.65548500000001,3.937351335577637,0.27841278293008564,-3.775215,0.7031404474036463,0.04971953784856613,-54.874584999999996,2.909306218460855,0.2057190155621862,-3.6549850000000004,1.3505606779315769,0.09549906137693187,0.8754388919999999,0.06895063849124194,0.004875546404429935,3.2261388920000003,5.1273748679659015,0.36256015388241675
R:A:PRO:495,87.26900499999999,2.664268103058512,0.18839220425716932,-6.06013,0.6539146298256371,0.046238746906679895,-54.89977,1.8190344298830632,0.12862515805821192,-6.510905,1.6454565311715166,0.11635134713390731,0.5073519599999999,0.05842816149071953,0.004131494920235047,20.30555196,3.6804559732735815,0.2602475376560284
R:A:LYS:496,124.48752,3.6145834296084525,0.2555896454240664,-6.6690949999999996,1.0215467810996224,0.07223426562148326,-139.66326500000002,16.10557009157934,1.1388357826630997,9.621119999999998,15.973913600166993,1.1295262628766096,0.8269954199999999,0.23992697638910637,0.016965399199432178,-11.39672458,22.99394789569528,1.6259176483296276
R:A:GLU:497,95.465635,3.145432771777995,0.22241568426906183,-4.74883,1.0993930057536294,0.07773882495574524,-56.62991,10.728894709237295,0.7586474203538163,-94.84942,9.17144834928486,0.6485193321081492,0.8976954960000001,0.10523092178621446,0.0074409498385543445,-59.864829504,14.503038728324317,1.0255197032609247
R:A:PHE:498,93.14885999999998,3.5065714936958012,0.24795204819077418,-12.297080000000001,0.9197356976871127,0.06503513487338979,-65.36993000000001,1.990208136125466,0.14072896690269565,-6.05298,1.1247838679497497,0.07953423003965022,0.159014592,0.059038677569267554,0.00417466492615152,9.587884592,4.286199964321441,0.3030801060293229
R:A:ASN:499,20.817575,7.250372828646469,0.5126787793266608,-6.032995,1.057106591113214,0.07474872390131486,-85.12591,6.773840423415657,0.4789828498072765,-8.21823,3.667669349477949,0.2593433868165911,0.47566911599999995,0.11191719960321803,0.007913741077084384,-78.083890884,10.631774005212726,0.7517799495128779
R:A:ALA:500,92.13963,2.2041761415776193,0.15585878966391342,-3.34787,0.960630409210535,0.06792682765667774,-80.502315,2.3866677346826055,0.16876289396332061,-3.126075,1.2842141174177302,0.09080765109215741,0.553882068,0.08460243090284449,0.005982295259626766,5.7172520680000005,3.6240515438752623,0.25625914220437745
R:A:GLU:501,108.97789499999999,2.837766952019668,0.20066042552001873,-4.697285,0.765893689603851,0.05415686215868678,-51.408874999999995,9.545835099108668,0.6749924730668299,-107.97729,9.559952351131255,0.6759907135305189,1.1242418760000001,0.08639897817535008,0.006109330335537857,-53.98131312399999,13.826157669304035,0.9776569845719274
R:A:THR:502,38.682725,3.570780852891283,0.252492335521051,-7.096990000000001,0.9468221955045203,0.06695043950191813,-49.290245,4.164901379981884,0.29450300087583997,-2.7865949999999997,1.7619315994030529,0.12458737819247581,0.19147489200000004,0.08923025678909333,0.006309531966258486,-20.299630108000002,5.840009989199646,0.4129510665560246
R:A:PHE:503,100.24828000000001,3.1080520863717838,0.21977247065544853,-13.017629999999999,1.0760593724790468,0.0760888879239275,-76.61444,1.6408088025117369,0.11602270308866278,-1.7072250000000002,0.9674833147786064,0.06841140125647917,0.051583571999999994,0.03887494451583971,0.0027488736885401045,8.960568572,3.8010104310283217,0.2687720251140928
R:A:THR:504,43.01575,3.722789507546727,0.26324097057164186,-5.00343,1.010230392088854,0.07143407608067734,-52.064805,4.1871186986966356,0.2960740025481383,-5.425695000000001,1.8740612988840573,0.1325161452800186,0.608683608,0.13236690439865675,0.009359753570496163,-18.869496392000002,5.995107747899957,0.4239181342484071
R:A:PHE:505,91.76360000000001,3.1825510113743665,0.22504034016149196,-11.504489999999999,0.764885252766714,0.05408555490609299,-63.02301500000001,1.7961419806838768,0.1270064174515406,-6.073149999999999,1.0653923866350838,0.07533461812141878,0.152221464,0.06008309757874259,0.004248516573262192,11.315166463999999,3.8831015079173063,0.27457674082840355
R:A:HIS:506,107.02318,3.2825755037165556,0.23211313984348234,-7.15465,0.8335140895629781,0.058938346494451316,-86.25452000000001,3.362253192369664,0.2377472032390707,-6.077205,2.1588389455851034,0.15265296579128426,0.8108152200000001,0.11125069556450781,0.007866612124538364,8.34762022,5.239060651962198,0.3704575314050085
R:A:ALA:507,83.93948499999999,2.005080863649893,0.14178062755142185,-4.606975,0.6534869045168388,0.04620850216004626,-74.941,1.7488991108694636,0.12366584209069213,-0.47591500000000003,1.0902197887467462,0.07709018056065894,0.301694004,0.06959305602730191,0.0049209721840400514,4.2172890039999995,2.949485528930803,0.20856012185185616
R:A:ASP:508,96.1112,3.8271415024793636,0.270619770896363,-5.49662,0.9950747186015731,0.07036240813104679,-69.81246999999999,10.276347677998249,0.7266475128943193,-83.457965,9.302452535959267,0.6577827269842793,0.620955288,0.09992635763145706,0.00706586051004754,-62.03489971199999,14.414788095404822,1.0192794411627868
R:A:ILE:509,81.696635,4.8805184613701655,0.3451047699740979,-9.97043,1.2100710537402337,0.08556494478172703,-70.07334,3.423846501290617,0.24210250788044307,1.843105,0.7827901404431459,0.055351621655331834,0.021762215999999997,0.023980201306605914,0.0016956562958119548,3.5177322159999993,6.133497593160424,0.4337037740515104
R:A:CYS:510,94.65864499999999,2.367132697796007,0.1673815582579963,-6.182905000000001,0.6419037279647158,0.045389447891277544,-86.27076000000001,1.7674143352366471,0.12497506616121472,-1.0162,1.3335165353305523,0.09429385849566238,0.29898651600000004,0.05385407289032227,0.003808058013526149,1.4877665160000004,3.304584338236335,0.2336693994569772
R:A:THR:511,39.61446,4.85485443225644,0.3432900490722095,-4.661735,0.6939597789317475,0.04907036655533561,-49.348710000000004,3.3284192337955267,0.23535478108485497,-3.5789099999999996,1.855287021433611,0.13118860339030977,0.824869044,0.09242168224574829,0.0065351998244636954,-17.150025956,6.211296002310962,0.43920495231909745
R:A:LEU:512,68.590265,2.9903993771359376,0.21145316780288495,-9.595905,0.9746812483961104,0.06892037202362594,-71.97664,2.7476807657368054,0.19429037019883405,-2.9189700000000003,1.1956712002469576,0.0845467213764082,0.13137217199999998,0.046319025689295495,0.003275249716285474,-15.769877827999998,4.344423624877161,0.3071971405497682
R:A:SER:513,74.159065,4.750673444973355,0.3359233408143516,-5.27033,1.163268301424912,0.08225549042769122,-74.75479500000002,4.464068020648319,0.3156572769078435,-1.9282650000000001,1.869989086806391,0.13222819640256386,0.16796584799999997,0.11562727816105374,0.008176083247782429,-7.626359152,6.881876449565186,0.4866221504775544
R:A:GLU:514,100.027675,3.062629301658135,0.2165605947463088,-6.011329999999999,0.9909953940861683,0.07007395632829647,-78.77845,11.253249116477427,0.7957248760642713,-64.06441,10.793183586963579,0.7631933304933292,0.793187604,0.12703437766944184,0.008982686989387525,-48.033327396000004,15.921882283919349,1.1258470932213327
R:A:LYS:515,123.397835,3.8123090900102787,0.2695709609525384,-8.361704999999999,1.184765267036049,0.08377555544354809,-133.08013,12.102283379309046,0.8557606645350673,4.55072,11.705885601764608,0.8277311088801723,0.50001336,0.2046857668182876,0.014473469372957957,-12.993266640000002,17.305267588615553,1.223667206215783
R:A:GLU:516,105.0377,3.2731680769554132,0.23144793431785038,-7.845800000000001,1.4882040014729163,0.10523191412304539,-132.291895,10.221741299503476,0.7227862588413501,-27.558075,7.041144126445289,0.4978840759121293,0.102513924,0.06466023781999432,0.004572169263565284,-62.555556076,12.92262617116602,0.9137676596370242
R:A:ARG:517,-191.17586500000002,4.269887118739206,0.30192661365615814,-12.499870000000001,1.4245919286237725,0.10073386131534916,-2.935045,10.614266838692863,0.7505420058963221,29.729699999999998,8.974866396220058,0.6346188889010475,0.33248678400000004,0.0982065912580604,0.006944254663579003,-176.548593216,14.611020842412639,1.033155191772796
R:A:GLN:518,35.095085,2.9024484349898447,0.20523409704256013,-10.132925,0.7466097771761363,0.05279328363414232,-82.35394500000001,2.911242504837926,0.20585593168494076,-6.70954,1.929733843927706,0.13645278869264638,0.319118688,0.08375478089489731,0.005922357352757538,-63.782206312,4.603026566385181,0.3254831299072791
R:A:ILE:519,92.774475,3.016507553342939,0.21329929464692332,-8.130535,1.1663270119374756,0.08247177392220323,-74.06572,1.6619062162468743,0.11751451552042416,-1.3421300000000003,0.6736852774849692,0.04763674280951626,0.224947476,0.08231320652499345,0.0058204226515031635,9.461037476,3.6989452695083815,0.2615549283307278
R:A:LYS:520,139.82706,3.1297432924123343,0.22130627054378732,-10.573105,0.9847216327343479,0.06963033440875463,-134.66801999999998,8.68186597625188,0.6139006305160469,0.04598500000000001,8.385081381523676,0.5929147905676455,0.529688412,0.10655305474555601,0.00753443875667241,-4.8383915879999995,12.508425557528238,0.8844792533695338
R:A:LYS:521,128.209055,3.555696926338773,0.251425740845831,-12.18461,1.016627516792655,0.07188642110649271,-143.80967,11.996691655248124,0.8482942021230016,10.36182,10.461084541652458,0.7397103817968219,0.21758724000000002,0.05456294553091502,0.003858182878642224,-17.20581776,16.341186912632754,1.1554964078559482
R:A:GLN:522,38.99928,2.755728842175877,0.19485945514139158,-12.491734999999998,0.894270001048341,0.06323443819529828,-92.37764499999999,1.672047032524803,0.11823157951611318,-2.519835,0.9135428494465928,0.0645972343748167,0.003328452000000001,0.004391689880182343,0.0003105393695145271,-68.386606548,3.467575722326046,0.2451946307534588
R:A:THR:523,39.184435,2.704797030421137,0.19125803219440224,-8.516375,0.9957441159128181,0.07040974166885572,-51.56934999999999,2.203510065214134,0.15581169095257258,-1.1039050000000001,0.8720984783698456,0.06166667479177874,0.110431764,0.038292146444829964,0.0027076636417327615,-21.894763236,3.731609836532264,0.2638646620154388
R:A:ALA:524,82.377135,2.3566637449528094,0.16664129150326157,-8.07068,0.502580170321114,0.035537784652394974,-66.22431499999999,1.3095688511013845,0.09260050150444651,-1.6354250000000001,0.6272322332079243,0.04435201654801053,0.003625632,0.007907124234699744,0.0005591181166040678,6.450340632,2.8133439546451946,0.19893345881397959
R:A:LEU:525,86.82890500000002,3.035831858976218,0.21466572940242465,-12.274875000000002,0.9413711326437623,0.06656499115056652,-87.583565,1.4900046630044483,0.10535924012100219,-1.03031,0.6231447696161784,0.04406298922565286,0.005527656,0.008885787661117275,0.0006283200711359777,-14.054317344000001,3.56524290087609,0.25210074317866815
R:A:VAL:526,51.31483,2.746605738197603,0.1942143542725408,-10.469165,0.9397267569751326,0.0664487162319559,-60.11168,1.6121013422238688,0.11399277910464327,0.747555,0.49762238391676067,0.0351872162137757,0.000225828,0.0007162401267843068,5.0645825060709586e-05,-18.518234172,3.357592701095521,0.23741765674070997
R:A:GLU:527,89.48045999999998,2.686073924597013,0.1899341086850911,-11.041535,1.2398365411516956,0.08766968258112379,-88.55243999999999,14.370018640433281,1.0161137626427466,-49.072575,12.308873312954969,0.8703687788356583,0.02642742,0.03250782932795729,0.0022986506559453525,-59.15966258,19.150954088423834,1.354176950211673
R:A:LEU:528,82.107825,3.431139481917778,0.24261819948609584,-11.507494999999999,0.9434667508582378,0.0667131737355899,-85.28753499999999,2.3620206347055905,0.1670200808102876,0.274535,0.663622429379086,0.04692519199614424,0.025524612,0.019490210048571974,0.0013781659692095431,-14.387145387999999,4.322356270622279,0.305636742966121
R:A:VAL:529,64.399475,3.0470044370455054,0.21545574997403755,-10.424724999999999,0.8953306033946343,0.06330943410641893,-62.72406,1.876253974386197,0.13267119085166906,0.67671,0.684414440160346,0.04839540917793752,0.008381124,0.011158834312481929,0.0007890487412493097,-8.064218876,3.7516302523880483,0.26528031919681877
R:A:LYS:530,123.67055500000001,3.1325599414815666,0.22150543770949502,-11.142035,1.2239412378766392,0.08654571490764289,-143.61102499999998,9.641768961885314,0.6817760215583084,17.944755,9.076866379151728,0.641831376862237,0.141770124,0.06749162713560715,0.004772378722090182,-12.995979876000002,13.66267656939274,0.9660971251376161
R:A:HIS:531,116.81462000000002,2.9597637330705977,0.20928690063642302,-11.72443,0.8453956263785614,0.05977849801977297,-91.31540500000001,2.6231287732353135,0.18548321434802395,-4.977295000000001,1.981340714762355,0.1401019455249462,0.312703812,0.06964149434481612,0.004924397290318408,9.110193812,4.504027158819602,0.3184828146649719
R:A:LYS:532,139.335555,3.494852545812914,0.24712339343913806,-8.265740000000001,1.2063682698081877,0.08530311841896521,-152.721365,21.879403231161834,1.547107439306939,22.959145,19.59720094998199,1.3857313684007715,0.40137807600000003,0.1574120585728267,0.011130713405737977,1.7089730760000015,29.60494330515276,2.0933856167716796
R:A:PRO:533,93.62602999999999,2.6767375924994967,0.18927393031133477,-7.232595,0.8511121024724065,0.06018271392081784,-67.74569000000001,2.251230533263975,0.1591860376085164,-1.03279,1.2493733973076264,0.08834404014702972,0.15211638,0.08443848630461111,0.005970702625911793,17.767071379999997,3.811222718215824,0.26949414286626355
R:A:LYS:534,115.71869000000001,3.1090769022171196,0.21984493607881897,-4.050325,0.7120127241664996,0.05034690255492386,-106.51576000000001,16.019861596855325,1.1327752768806354,-16.975905,15.151387840589884,1.0713649086468506,1.4010404399999998,0.18892990290287875,0.013359361551154155,-10.42225956,22.280249883918735,1.5754515779449725
R:A:ALA:535,98.7816,2.414446592906954,0.17072715586572626,-4.90891,0.6595352014108117,0.04663618133488204,-96.32336500000001,3.6994575510167707,0.26159115210357364,1.61082,1.9908713890153726,0.1407758659643051,0.133169544,0.06741835087409409,0.004767197307948594,-0.7066854559999994,4.890668596961932,0.345822492944788
R:A:THR:536,54.09754000000001,4.905600537997361,0.34687834062103096,-5.489195,0.9297518523643822,0.06574338396276085,-54.905005,4.585591184893721,0.3242502622587605,-7.226715,1.9440011429459088,0.1374616390811451,0.592802352,0.0702552926987234,0.0049677993881513055,-12.930572648,7.052735491302448,0.49870370918149975
R:A:LYS:537,117.41976999999999,3.351183025007736,0.23696442419802177,-6.85323,1.1498377568596363,0.08130580751397774,-82.39347000000002,14.048795260772362,0.9933998396393569,-40.380245,12.779064461257523,0.9036163137775208,0.852944904,0.2106914889529057,0.014898138057689018,-11.354230096000002,19.32019881424081,1.3661443595421972
R:A:GLU:538,93.88015999999999,3.4541842516576904,0.24424771078149327,-4.980865,1.283879623163714,0.09078399877662914,-114.10239000000001,19.648118955459832,1.3893318150965592,-36.563925,18.455425979894777,1.304995686006998,0.815310864,0.1212283514241083,0.008572138936405283,-60.95170913599999,27.20745777597825,1.9238577892240882
R:A:GLN:539,28.47802,3.2395306495849057,0.2290694090183148,-6.637394999999999,1.0000187193122936,0.07071200177392094,-66.42779999999999,4.467810227617104,0.3159218909002666,-12.15122,4.283689703001373,0.30290260374912586,0.784806804,0.13450774115384728,0.009511133589197026,-55.953588196,7.058612774660848,0.4991192958732677
R:A:LEU:540,77.356065,3.232416978172062,0.22856639648879934,-10.891264999999999,1.1490615060887732,0.08125091829557989,-69.75911,1.659492846595007,0.11734386451578964,-4.46971,1.38082805442966,0.09763928809398398,0.01380564,0.019171215953548697,0.0013556096804346006,-7.75021436,4.0533729195413475,0.28661674780856006
R:A:LYS:541,120.33000500000001,3.2182907986965694,0.22756752475886144,-7.409395000000001,1.5444144162027884,0.10920659066592546,-111.60690500000001,16.13547472391113,1.1409503594941697,-15.313605000000003,14.311348951058912,1.011965189122074,0.740287548,0.16169753171312076,0.011433742117547451,-13.259612452,21.86177053695931,1.5458606195428197
R:A:ALA:542,96.30348999999998,2.295406303881734,0.16230973630531229,-4.582015,0.7399666240953033,0.05232354177495059,-83.81150000000001,2.04972421071714,0.14493738889603336,-4.5262,1.129704939353635,0.07988220233568927,0.369601884,0.06434226999071252,0.0045496855427368515,3.7533768839999997,3.3612770225589212,0.2376781776097941
R:A:VAL:543,53.05600999999999,2.8914724380322214,0.2044579768546583,-9.27106,0.8975800779874741,0.06346849598028931,-54.13294,1.8925674483093067,0.13382472765524314,-2.177145,0.891887971650588,0.0630660032812846,0.018590796,0.014655078997916866,0.0010362705738251568,-12.506544203999999,3.6801838714954767,0.26022829715478135
R:A:MET:544,81.09519499999999,3.0666158280709044,0.21684248473229362,-11.096224999999999,0.9098819562860887,0.06433837013691751,-67.96549,2.3641571690350878,0.16717115660155013,-1.8710550000000001,2.017738719947407,0.14267567315374757,0.135037584,0.060160653244057644,0.004254000586948563,0.2974625839999995,4.460509587191104,0.3154056576650437
R:A:ASP:545,86.47187,10.235892494213681,0.7237868994154978,-6.320615,0.6577104657636216,0.04650715303988194,-66.12352,7.47589198421165,0.5286253917454211,-80.84708499999999,11.566211938131474,0.8178546894093566,0.7198880400000001,0.049685989573287154,0.003513330015723544,-66.09946196,17.171917961160016,1.2142379636315321
R:A:ASP:546,86.03530500000001,3.4443277895657665,0.24355075366312254,-8.97403,0.9085684999492333,0.06424549474865922,-47.326080000000005,6.049547314766618,0.42776759293803446,-93.211455,5.872441440148637,0.4152443164449996,0.235361484,0.056175896945128916,0.0039722357669137315,-63.240898515999994,9.152848603251755,0.6472041314533136
R:A:PHE:547,94.55059,2.8871563227334955,0.20415278141504709,-14.587475,0.9185448216472617,0.06495092722105666,-74.01437,1.6876987892097333,0.1193383258450528,-1.703895,0.8489097619741452,0.060026984930737604,0.006519852,0.01139997536308285,0.0008060999884595457,4.251369852000001,3.5705043296134344,0.2524727823725587
R:A:ALA:548,85.602155,2.325504726070235,0.16443801614856277,-6.0602,0.5872274431598032,0.04152325071571347,-74.426395,1.8816235726029262,0.13305087878279873,-0.05307999999999999,1.2519146031578992,0.0885237305359416,0.273659652,0.055492243809199995,0.003923894190074253,5.336139651999999,3.296010487342688,0.23306313664619918
R:A:ALA:549,91.95417000000002,2.3251334501701186,0.16441176297789642,-5.189674999999999,0.5746476306181032,0.04063372364028431,-80.95965,2.3370947343871187,0.16525755349605048,0.25997,1.7248841378770923,0.12196772706540038,0.35312896800000004,0.05895600933206195,0.004168819399039838,6.417943967999999,3.765259401171632,0.266244045549486
R:A:PHE:550,111.10215,3.4143706004913996,0.2414324605091453,-12.600864999999999,1.0012769880382753,0.0708009748087906,-84.96201500000001,2.3655307004507473,0.1672682799393687,-2.69452,1.4189787523426838,0.10033694981411383,0.33532308,0.0586476641186808,0.004147016099907016,11.18007308,4.502572370007681,0.3183799455615616
R:A:VAL:551,52.85534,3.2233431316569447,0.2279247786485708,-10.10043,1.0124706045609424,0.07159248302370858,-56.020415,2.3159478627065417,0.1637622438594287,-1.96394,0.7502961724545848,0.05305395114409482,0.01460862,0.021163000055672634,0.0014964500849617402,-15.214836379999998,4.164378031740917,0.294465994566829
R:A:GLU:552,99.02663000000001,3.0069232835408353,0.21262158442994444,-8.11401,1.2272818991169063,0.08678193532930688,-92.20823,14.013983861026098,0.9909383019570389,-51.23452499999999,13.409701478384036,0.9482090849052623,0.198309924,0.09997442337680085,0.007069259271495078,-52.331825075999994,19.666459792621662,1.390628708129536
R:A:LYS:553,120.217385,3.4266392101846677,0.24229998222012938,-7.557485000000001,0.8481710616231847,0.059974750927994695,-135.90644500000002,11.952328834456278,0.8451572769815537,8.98966,11.276918219726523,0.7973985344054754,0.934550748,0.14869415856583099,0.010514264784472685,-13.322334252000001,16.808045974494377,1.1885083287060225
R:A:CYS:554,78.44804,2.273632272026415,0.1607700797474455,-7.77464,0.7129910661431881,0.05041608177952745,-67.602765,1.998333388044898,0.14130350897580357,-6.392194999999999,1.4898498806842924,0.10534829535818319,0.048211092000000004,0.025683551080789742,0.0018161013134177508,-3.2733489080000004,3.448392177572922,0.2438381492952458
R:A:CYS:555,98.89485499999999,2.2766596614283388,0.16098414850498477,-6.639504999999999,0.5542662987905723,0.03919254584579828,-76.64972,2.103339711411355,0.1487285773077925,-7.33271,2.023017648440072,0.1430489497672038,0.255743352,0.057011186033866165,0.004031299624803456,8.528663352,3.7430307194548895,0.2646722403916114
R:A:LYS:556,120.078115,3.4871617888728648,0.24657957480066142,-5.047825,0.8986831668474713,0.06354649614160485,-126.328845,9.194376484078461,0.6501405960674006,0.08940000000000012,8.646127871480967,0.6113735648930202,1.271695428,0.12049846033104662,0.008520527842262126,-9.937459572,13.125339414890083,0.928101650564385
R:A:ALA:557,86.261375,2.3497056165347607,0.1661492775243847,-4.5967,0.5279003315020744,0.03732819041957432,-74.70056000000001,2.507475837650285,0.1773053168463935,-6.42467,1.8490245647638108,0.13074578083249952,0.273030336,0.051713697877594327,0.0036567106449479315,0.8124753360000002,3.9381209311577994,0.2784672015554361
R:A:ASP:558,90.07564,9.78793544269679,0.6921115525347052,-3.1608000000000005,0.7458737359634002,0.052741237660866476,-17.34357,7.801463886675372,0.5516468017450115,-133.920825,9.06215483173704,0.6407911133683697,1.058878224,0.06946087202328102,0.0049116253634792955,-63.290676776,15.470950896522723,1.0939614290335313
R:A:ASP:559,98.72408999999999,6.808059703168004,0.48140251828329694,-3.09553,0.9027081029325039,0.06383110210156175,-36.403800000000004,16.71044222484851,1.18160670138164,-117.24098,15.760713275090058,1.114450723315302,0.9547101720000001,0.09352625229917434,0.00661330472197101,-57.061509828,23.975242820260846,1.695305677880053
R:A:LYS:560,126.45936999999999,3.1803373253634595,0.22488380892251894,-5.619204999999999,1.1516683823805356,0.08143525228594185,-159.669735,14.861138707204606,1.050841195601826,25.11453,12.97666035731459,0.9175884535811792,0.908190252,0.1861804806973204,0.013164948042564637,-12.806849748,20.01805950738839,1.4154905623870169
R:A:GLU:561,98.368305,2.710869078722726,0.19168739084737682,-4.8257650000000005,1.0895464514076487,0.07704256842080875,-24.656530000000004,7.173965361576539,0.5072759555168173,-128.299355,7.294963260289595,0.5158317989857498,0.973186488,0.18110092918419235,0.012805769510532713,-58.440158512,10.641944754431702,0.7524991300871264
R:A:THR:562,34.976279999999996,3.8235162509920104,0.2703634269053416,-4.35111,0.8638291485589035,0.06108194487326022,-49.49040999999999,5.259887233762716,0.37193019312701675,-3.4540499999999996,2.6053305754740608,0.18422469171503586,0.700323444,0.12383206687882935,0.00875624942183663,-21.618966555999997,7.059388983452284,0.49917418212327186
R:A:CYS:563,81.544785,2.6805647648909736,0.1895445522664131,-7.263225,0.9194047391519145,0.06501173257093676,-69.6862,2.3196440438136188,0.16402360333195948,-0.916915,1.0974575835880855,0.07760196994197376,0.07451744399999999,0.05717833309691761,0.004043118706977365,3.7529624439999996,3.823501475441162,0.2703623821161215
R:A:PHE:564,93.57003499999999,3.256459624158574,0.23026646829027236,-12.701039999999999,1.0667843635899432,0.07543304575582244,-70.57342,2.0183286807653507,0.1427173896832478,-2.6104,1.1614016703965944,0.08212349968188154,0.14628258,0.07196180893870582,0.005088468308700959,7.83145758,4.143698971658141,0.2930037642055195
R:A:ALA:565,91.75366,2.428851844884739,0.17174576100154554,-4.066895,0.7516433688758253,0.05314921231659976,-80.77166500000001,2.1837180868360733,0.15441218674015014,-1.07643,1.845969638184767,0.13052976490249263,0.556270452,0.10482173721273129,0.007412016119887657,6.394940451999999,3.827728467752421,0.270661275608853
R:A:GLU:566,101.779015,3.224472233525202,0.2280046182073403,-5.941305,1.3622388894665283,0.09632483563378139,-74.04157500000001,15.014313320774114,1.0616722763978887,-79.803155,14.13412565675624,0.9994336098035101,0.6978726359999999,0.14542967614437535,0.01028343101874513,-57.309147364,20.915955114285445,1.4789813696304688
R:A:GLU:567,98.18143500000001,3.1645151960094933,0.22376501542661892,-8.454740000000001,1.659417410539012,0.11733853038111565,-84.363055,14.21112543826051,1.0048783165686652,-61.866749999999996,13.093163478605925,0.9258264682906295,0.21614868,0.09551747895449503,0.006754105709056677,-56.28696131999999,19.65105499092697,1.3895394241554209
R:A:GLY:568,88.15674999999999,2.603874353247484,0.18412172125390316,-4.7300450000000005,0.9714165908481284,0.06868952587458295,-79.11469,3.152922578164583,0.2229452935576349,-1.8462400000000003,1.5186983381830639,0.1073881893505985,0.100193724,0.10295757605697127,0.00728020002044141,2.5659687239999998,4.470098156555684,0.31608367190700093
R:A:LYS:569,138.927035,3.4500267381246483,0.24395373018028438,-5.923889999999999,1.2775254744622513,0.09033469261308194,-137.29407,11.130563979201593,0.7870497268124168,0.04591000000000008,10.299512974014839,0.7282855466844718,1.1783319120000002,0.11571154910290439,0.008182042103226386,-3.0666830879999996,15.605049406883364,1.1034436256358338
R:A:LYS:570,127.31823499999999,3.349413033618726,0.2368392669066407,-7.9187,1.1026654569723313,0.07797022220052986,-156.431255,14.253349782418693,1.007864028577206,20.84891,12.750619407773883,0.9016049447565713,0.725555232,0.0774460543385328,0.005476263019891838,-15.457254767999999,19.44676610578177,1.3750940185546998
R:A:LEU:571,81.845715,2.9941586721105815,0.21171899009979006,-11.195219999999999,1.1026857537848214,0.07797165740190469,-88.97471000000002,2.346658146364741,0.1659337888421162,-1.8144400000000003,0.7992143181900584,0.05651298640135734,0.016706555999999997,0.024441210110100194,0.001728254540925705,-20.121948444,4.0406741245028215,0.2857188074000961
R:A:VAL:572,48.321155,2.9210921264100858,0.20655240510552034,-7.529905,0.9127104392823608,0.064538374087631,-52.77352499999999,2.2981015533206968,0.1625003192208403,-2.1768899999999998,0.9540603795882103,0.0674622564068235,0.30529810799999996,0.07930547424023347,0.0056077438620484145,-13.853866892000001,3.945074254367016,0.27895887575473793
R:A:ALA:573,78.116315,2.040279822910328,0.1442695698297981,-5.018775,0.5297997115656067,0.03746249687187174,-63.947489999999995,2.393841876544898,0.16927018239932276,-4.35646,1.7973764737527862,0.12709370929357597,0.450556056,0.05835213554503094,0.004126119074060796,5.244146056000001,3.661676607808596,0.25891963598936124
R:A:ALA:574,98.32911999999999,2.3054701593384377,0.16302135834914394,-5.02311,0.700603709596231,0.04954016339799456,-84.34166499999999,1.5932429013728566,0.11265928596380766,-3.6824700000000004,1.2415533210861303,0.08779107725446816,0.32624398800000004,0.08557645467361602,0.0060511691409617105,5.608118988,3.1453519890418478,0.22240997206700858
R:A:SER:575,81.883925,3.2130648669728097,0.2271979955828726,-6.715799999999999,1.0282251893432683,0.07270650039714469,-77.458585,2.9541068197976528,0.20888689646283465,-1.09271,2.0905460018617146,0.14782392542988432,0.039430764,0.029256258598342744,0.002068729884703539,-3.3437392360000002,4.947627562450227,0.34985010001940237
R:A:GLN:576,22.44371,3.3458687505489513,0.23658864824733244,-6.807910000000001,1.0643287095160028,0.07525940479102927,-62.64101500000001,3.7362033476210845,0.26418947229947487,-12.905919999999998,3.3666690071345,0.2380594484955386,0.632385,0.1685097079834963,0.011915435721089513,-59.27875,6.135935501442278,0.43387616019931136
R:A:ALA:577,94.365105,3.2872263405453235,0.23244200366946374,-2.8473650000000004,0.7542645038545828,0.05333455454838823,-74.90328500000001,4.807169558459011,0.3399182193099908,-5.016095,2.593504151910114,0.18338843728511076,0.5992704,0.1473620640881499,0.01042007148063774,12.197630399999998,6.42118606516213,0.45404642099367065
R:A:ALA:578,129.022655,3.002455083090337,0.21230563494611962,-2.028125,1.1163898733753366,0.07894068499116916,-93.97987,15.15129198923643,1.0713581309326494,-88.259085,14.662379419377164,1.0367867915771665,0.9385982999999999,0.3770786787248979,0.026663489076723883,-54.3058267,21.329563295721126,1.5082278846152093

Ligand:
Total Energy Decomposition:
Residue,Internal,,,van der Waals,,,Electrostatic,,,Polar Solvation,,,Non-Polar Solv.,,,TOTAL,,
,Avg.,Std. Dev.,Std. Err. of Mean,Avg.,Std. Dev.,Std. Err. of Mean,Avg.,Std. Dev.,Std. Err. of Mean,Avg.,Std. Dev.,Std. Err. of Mean,Avg.,Std. Dev.,Std. Err. of Mean,Avg.,Std. Dev.,Std. Err. of Mean
L:B:WAR:579,-63.48893,4.836194661621883,0.34197060403710144,-2.9523400000000004,1.1021217829260068,0.07793177864003875,73.38382,2.0670529909995046,0.14616271870076852,-23.191370000000003,1.3993537126473778,0.09894924994915323,3.803976288,0.038522640242645054,0.0027239620144784106,-12.444843711999999,5.553002260400339,0.3926565554273306

DELTAS:
Total Energy Decomposition:
Residue,Internal,,,van der Waals,,,Electrostatic,,,Polar Solvation,,,Non-Polar Solv.,,,TOTAL,,
,Avg.,Std. Dev.,Std. Err. of Mean,Avg.,Std. Dev.,Std. Err. of Mean,Avg.,Std. Dev.,Std. Err. of Mean,Avg.,Std. Dev.,Std. Err. of Mean,Avg.,Std. Dev.,Std. Err. of Mean,Avg.,Std. Dev.,Std. Err. of Mean
R:A:SER:1,0.0,5.347083789955045,0.3780959207449877,-9.50000000000123e-05,1.9393375697580346,0.13713187465857454,0.27705000000000085,17.000314460253378,1.2021037637148884,-0.27477500000000005,14.63689863627794,1.034985028125226,0.0,0.17941727334780774,0.012686717064623527,0.0021800000000004615,23.14376847577822,1.6365115631434226
R:A:GLU:2,0.0,3.982006273720572,0.2815703638875192,-0.00033500000000000527,1.5735457217936184,0.1112664850387348,-0.37155000000000016,10.940087905839697,0.7735810344996185,0.3740300000000005,10.614952412627671,0.7505904832941529,0.0,0.11749855753862186,0.008308402681519726,0.0021449999999997972,15.83379184287196,1.1196181583991005
R:A:VAL:3,0.0,4.144882012892526,0.2930874178534452,-0.000239999999999978,1.1968635636529337,0.08463103420140865,-0.019679999999999892,2.5193879999614985,0.1781476339212789,0.020445,1.099403649882517,0.07773957760931687,0.0,0.005224173911932106,0.00036940487992250453,0.0005250000000002108,5.115521563097752,0.36172199865724275
R:A:ALA:4,0.0,3.155852379302619,0.22315246178285822,-0.00014500000000000846,1.0290652479191977,0.07276590150870804,-0.01573499999999932,2.0230772331710427,0.14305316304393625,0.016255,1.2509245342845428,0.0884537220945224,0.0,0.03394492353557451,0.002400268561886357,0.0003750000000005946,4.083770985756772,0.2887662156841485
R:A:HIS:5,0.0,4.347935636391136,0.3074454772654819,-0.0006800000000000628,1.5422998342572691,0.10905706714262033,-0.03354000000000056,8.458695929893686,0.5981201252022874,0.04128499999999993,5.017910070614558,0.35481982383158217,0.0,0.15886034753287268,0.011233122900214589,0.007064999999999104,10.86450311786707,0.7682363828866193
R:A:ARG:6,0.0,5.397532611832928,0.38166319115026004,-0.001779999999999915,2.327204598568849,0.16455821528565504,0.5887550000000001,12.548975764259607,0.8873465859853605,-0.5595900000000004,9.627575847818598,0.6807724168380355,0.0,0.06287970361664882,0.004446266482633266,0.02738500000000087,16.87365410437235,1.1931475240597909
R:A:PHE:7,0.0,4.235280657471238,0.29947956731261316,-0.0004900000000000038,1.1666452046359252,0.08249427354368301,-0.018909999999999413,2.1475128953629126,0.1518520930996672,0.019720000000000005,1.0668274923107297,0.07543609541691564,0.0,0.035557575915137515,0.0025143003052149194,0.0003200000000008762,5.004983532076301,0.3539057795258151
R:A:LYS:8,0.0,4.3763682728947755,0.3094559682733555,-0.0005399999999999694,1.3500894342227852,0.09546573941472407,0.480714999999999,12.667691623448015,0.8957410648920116,-0.47057000000000004,11.521508620241535,0.8146936874872052,0.0,0.08986233597379512,0.006354226714033436,0.009604999999999038,17.725659026758404,1.2533933698821405
R:A:ASP:9,0.0,4.594594481513031,0.32488689146801536,-0.001130000000000033,1.3354522286850998,0.0944307326853922,-0.588325,14.92643602860626,1.0554584134774685,0.5955299999999994,13.399346660443937,0.9474768887069227,0.0,0.1386634580012022,0.00980498714554261,0.006074999999999591,20.62168620899028,1.4581734157878135
R:A:LEU:10,0.0,4.928655654430527,0.34850858353812464,-0.002200000000000095,1.3442459889283658,0.09505254543540641,-0.0004899999999995686,4.28442002935053,0.30295424562052264,0.002319999999999999,1.7628400973429212,0.1246516186978733,0.0,0.04628859112886145,0.00327309766787894,-0.00036999999999956404,6.896712743696717,0.48767123489636277
R:A:GLY:11,0.0,2.699628065113785,0.19089253115234758,-0.00031500000000001416,0.7007382424093892,0.04954967630444219,-0.02891499999999965,2.127256895246787,0.15041977759548442,0.028215000000000007,1.2133771545875585,0.08579872141457003,0.0,0.03753366752442037,0.002654031082931894,-0.0010149999999996195,3.711864837002128,0.26246847970921033
R:A:GLU:12,0.0,3.809418577027208,0.26936657081939475,-0.00021499999999998742,1.5475256268556588,0.1094265864809599,-0.30964500000000006,14.0539259409951,0.9937626335171166,0.3086600000000002,12.666985512178895,0.8956911352853449,0.0,0.10408388207778169,0.007359841882942039,-0.0011999999999994415,19.3618876981561,1.369092208793857
R:A:GLU:13,0.0,4.211232624250292,0.29777911457614015,-0.0003350000000000186,1.3547824562545088,0.09579758618501302,-0.353715,17.73586590250882,1.2541151049879253,0.35460000000000086,17.131646613831375,1.211390349353172,0.0,0.21544324023769074,0.015234137613287357,0.0005500000000009208,25.053354795756675,1.7715397067552057
R:A:ASN:14,0.0,10.784596558527351,0.7625861358895792,-0.0012649999999999738,1.367885797416948,0.09672413232422919,-0.019310000000000827,5.656865979453641,0.400000829433515,0.029244999999999993,3.8599274266331745,0.27293808582602574,0.0,0.15053312961795484,0.01064429967460894,0.00866999999999983,12.849142662312632,0.908571590895463
R:A:PHE:15,0.0,4.438397308438036,0.3138420834396656,-0.0006650000000000311,1.2519445252386385,0.08852584634656141,-0.009129999999999755,2.2523071845332288,0.15926216834986268,0.007844999999999998,0.7911072265976339,0.05593972845728695,0.0,0.004547731230053069,0.0003215731591784364,-0.0019500000000002781,5.192831091144728,0.3671886078104776
R:A:LYS:16,0.0,4.735684727154037,0.3348634784132185,-0.00027499999999999855,1.4593240753427594,0.10318979496236534,0.2959399999999988,18.979439371587084,1.3420490282768174,-0.2940349999999996,17.005829810237874,1.2024937578523538,0.0,0.1460185500616615,0.010325070692762821,0.0016299999999994873,25.96141414490671,1.8357491991055888
R:A:ALA:17,0.0,3.1181890784235646,0.22048926423751336,-0.0004299999999999793,0.8182973209659188,0.057862358468178596,0.013614999999999995,1.829077276600144,0.12933529455981843,-0.011145,0.9150291759692694,0.0647023335311409,0.0,0.06557257095625615,0.004636680958300478,0.002039999999999996,3.818352455315225,0.26999829141136994
R:A:LEU:18,0.0,4.546088529576825,0.32145700271381533,-0.0021699999999999207,1.4222107019531247,0.10056548316271342,0.016175000000000283,2.1551005612673855,0.1523886221011103,-0.014469999999999997,0.7446401471516293,0.05265400975946657,0.0,0.020289084578719464,0.001434654928967994,-0.00046499999999925377,5.281000210601968,0.37342310603642365
R:A:VAL:19,0.0,4.60974035684766,0.3259578665836276,-0.00036000000000001363,1.3402909517712935,0.09477288207604535,0.003529999999999944,2.895009751201194,0.2047081026675544,-0.00244,0.6368780234471904,0.04503407691681933,0.0,0.012983313754833468,0.0009180589198315321,0.0007299999999999729,5.642069623434831,0.39895456906573995
R:A:LEU:20,0.0,4.022914171337738,0.2844629890684375,-0.00030000000000002025,1.2917686708346816,0.09134183868715365,0.013354999999999678,1.9290129223193406,0.13640181183684846,-0.011484999999999999,0.8700742958937473,0.061523543476257936,0.0,0.03226043583995182,0.0022811572946463466,0.0015699999999995251,4.725639173643136,0.33415315051238537
R:A:ILE:21,0.0,3.8701037322983995,0.2736576593003565,-0.0013299999999999601,1.5176983453077888,0.10731747917627399,0.02740500000000047,1.869791683978459,0.13221423791473824,-0.026075000000000004,0.7268862680467971,0.05139862092872727,0.0,0.00313157783596193,0.00022143599236221743,1.2089634848777563e-15,4.615799558151301,0.32638631681666547
R:A:ALA:22,0.0,3.178919475670939,0.2247835518092905,-0.000434999999999981,1.016228546575523,0.07185820965189015,0.012419999999999619,2.5417609814457385,0.1797296426135656,-0.011145000000000002,1.050705880337119,0.07429612530189579,0.0,0.019566620652411902,0.0013835690148225205,0.0008399999999995372,4.3247154909998144,0.3058035650388478
R:A:PHE:23,0.0,4.309151065720487,0.3047029939728194,-0.00021500000000001406,1.5226143035499833,0.10766508991718254,0.0069499999999991504,1.863437333719597,0.13176491749893066,-0.006644999999999996,0.6300340847724034,0.044550137372122656,0.0,0.02186559563585424,0.0015461310948795511,8.999999999883434e-05,4.975636338552338,0.35183061957085626
R:A:ALA:24,0.0,2.985601724602596,0.21111392253887468,-0.00020499999999996633,0.7574881493957513,0.05356250071061843,0.01612999999999971,1.5530477907327895,0.10981706243339416,-0.014044999999999998,0.7747266200893062,0.05478144466308825,0.0,0.0006997880795555181,4.948248964472181e-05,0.0018799999999994674,3.535500702913712,0.2499976521920091
R:A:GLN:25,0.0,4.354402442494263,0.3079027495102959,-0.001175000000000024,1.0886714741256887,0.07698069818386294,-0.003555000000000774,2.447575707853589,0.1730697380490737,0.01352500000000002,1.527392961413336,0.10800299205519726,0.0,0.018660490343893114,0.001319495926243291,0.008794999999999149,5.33572211869442,0.3772925292655877
R:A:TYR:26,0.0,4.536021346157886,0.3207451453475173,-0.00047499999999992324,1.2729264150668727,0.09000949000452675,0.000985000000000511,4.176566633046216,0.2953278588304446,-0.0017749999999999867,1.5749165404474614,0.11136341655532575,0.0,0.053229734589187346,0.0037639106288774493,-0.0012650000000000783,6.4902030526994645,0.4589266589841423
R:A:LEU:27,0.0,4.672556051156582,0.3303996069247056,-0.00020500000000001073,1.3980852514689512,0.09885955619905949,0.0016250000000003694,2.3697570464870448,0.1675671277335594,-0.0012450000000000004,0.7581390567534427,0.05360852681127321,0.0,0.013533031600807263,0.0009569298414942654,0.00017500000000050253,5.475228657624201,0.387157131235299
R:A:GLN:28,0.0,3.9378251508605606,0.2784462867300442,-0.0002049999999999974,1.8236915723814155,0.12895446776236563,0.005014999999999787,3.266587819403452,0.23098263984415582,-0.0029949999999999964,1.665254476341379,0.11775127326222422,0.0,0.040861147431205204,0.0028893194435668478,0.0018149999999994648,5.681342795162459,0.40173160167047095
R:A:GLN:29,0.0,3.7956550884135933,0.26839334520624764,-6.500000000000838e-05,1.530982328890507,0.10825679866352506,0.0017849999999999255,4.202006595993752,0.29712673586177835,-0.0018649999999999923,3.4454169445620075,0.24362776855148305,0.0,0.15719198384855318,0.01111515177274782,-0.00014499999999955548,6.804658045487021,0.4811619847619471
R:A:CYS:30,0.0,6.412061309360665,0.4534012033232819,-5.000000000000338e-05,1.0639095795931155,0.07522976782996209,-0.004685000000000343,7.314159316823431,0.5171891651604613,0.0047500000000000086,1.6079740068483694,0.1137009324214186,0.0,0.06856952346266752,0.0048485975023182274,1.4999999999698587e-05,9.916332110547371,0.7011905679865954
R:A:PRO:31,0.0,3.2699025508338937,0.23121702675138356,-7.500000000000728e-05,1.10218426870238,0.07793619705165887,-0.006210000000000022,2.602947341361327,0.18405617161480894,0.006144999999999967,1.6470359933756762,0.11646303197742622,0.0,0.08784969656099872,0.006211911616346272,-0.00014000000000000235,4.626321740722955,0.3271303474815954
R:A:PHE:32,0.0,4.378720872760673,0.30962232220521496,-0.00016499999999999737,1.2321200646751111,0.08712404529677786,0.0036400000000005404,2.7702991822454845,0.19588973376813293,-0.0038800000000000236,1.499792246129443,0.10605132676091326,0.0,0.10502034056596603,0.007426059497671523,-0.0004049999999995513,5.534101548395872,0.3913200732645694
R:A:GLU:33,0.0,4.36954726702321,0.3089736503227257,-7.000000000000783e-05,1.037942863311849,0.07339364371319902,-0.13347,9.344769934800429,0.6607750189525554,0.1332649999999996,9.081104047189141,0.6421310252428043,0.0,0.10677854435700294,0.0075503832800065335,-0.00027500000000099336,13.783063745554179,0.9746097840007815
R:A:ASP:34,0.0,10.037523178132641,0.7097600705574736,-2.9999999999996697e-05,1.7258251778062574,0.12203426863692837,-0.15198000000000012,22.208118900720745,1.5703511472096774,0.15170500000000167,15.393449366895483,1.0884812433183562,0.0,0.258508069638761,0.018279280903301217,-0.00030499999999783256,28.87829633198076,2.0420039165458195
R:A:HIS:35,0.0,4.328107530266548,0.3060434184356037,-8.500000000000619e-05,1.3155503258237595,0.09302345563821524,0.002505000000000166,2.366291918207684,0.16732210616315765,-0.002600000000000009,1.649770647317378,0.1166564012120638,0.0,0.08265928715131772,0.0058448942472742816,-0.00018000000000016226,5.365733933210103,0.3794146850215629
R:A:VAL:36,0.0,4.275470998469056,0.30232145357838885,-3.500000000000725e-05,1.3672047075602833,0.0966759719986047,-0.005640000000000001,3.8287482109888082,0.27073338234460487,0.005620000000000007,1.8223559935835807,0.12886002807988983,0.0,0.1305705077473041,0.009232729145108937,-5.4999999999928993e-05,6.176264555467032,0.43672785495728556
R:A:LYS:37,0.0,5.204476823197506,0.3680120854211177,-4.0000000000008914e-05,1.7368845871271932,0.1228162869696035,0.153095,17.529513510687483,1.2395237874308322,-0.15278499999999987,17.473204420537037,1.2355421334820498,0.0,0.29958915493566474,0.021184152302495575,0.00027000000000001025,25.353299930723125,1.7927490306470746
R:A:LEU:38,0.0,6.891505687438705,0.4873030404173568,-0.00013500000000002288,1.8711223640839207,0.13230833120735444,-0.002270000000000891,4.694946780140325,0.33198287055471704,0.0028100000000000048,1.3320669868666515,0.0941913599408141,0.0,0.13715994835530682,0.00969867295892341,0.0004049999999990961,8.650415603811057,0.6116767533536721
R:A:VAL:39,0.0,4.127073777623802,0.2918281854614972,-0.000139999999999989,1.5599302000249882,0.11030372226153566,-0.007204999999999906,3.0226271410273213,0.21373201484189258,0.007530000000000012,1.4176007121541665,0.10023950765790901,0.0,0.037439523801571624,0.002647374116448644,0.00018500000000004402,5.532936699946737,0.3912377060408256
R:A:ASN:40,0.0,11.010959774495138,0.778592432391781,-5.5000000000018366e-05,1.2255590186421053,0.0866601092826163,-0.015130000000000407,12.661693037722088,0.8953169008275784,0.014859999999999951,4.971146282071168,0.3515131246322817,0.0,0.13547992586957475,0.009579877429702706,-0.00032500000000055705,17.54401182208016,1.240548972860984
R:A:GLU:41,0.0,3.66359697837385,0.25905542669426945,-3.500000000000725e-05,1.700233847703015,0.12022468833136976,-0.19501999999999975,25.972108414905403,1.8365053981891803,0.19467499999999893,24.438409748696312,1.7280565254718592,0.0,0.1506619483431783,0.01065340853402387,-0.0003800000000006065,35.890412696711614,2.5378354197428545
R:A:VAL:42,0.0,4.4077927002922905,0.3116780108441242,-0.00010500000000000842,1.3323832858734757,0.09421372565807488,0.00015999999999984028,2.2865932455073854,0.16168655897136283,0.000789999999999994,0.8339596908124517,0.05896985526097211,0.0,0.02504402796072613,0.0017708801999254948,0.0008449999999999624,5.208503273384927,0.36829679844428115
R:A:THR:43,0.0,4.084154001742588,0.28879329900423584,-0.0001399999999999668,1.2863056293704074,0.09095554332062449,-0.013200000000000251,3.1172896333112843,0.22042566386369353,0.013270000000000004,1.5293620570355473,0.10814222814192428,0.0,0.028537675139321914,0.0020179183610313277,-7.000000000026318e-05,5.512907893340171,0.3898214555437679
R:A:GLU:44,0.0,3.9628968573443846,0.28021912409710725,-7.499999999998507e-05,1.3342146808422548,0.09434322483822036,-0.21187999999999999,12.923795605920112,0.9138503511615017,0.21128000000000022,12.52027951505077,0.8853174547443418,0.0,0.15414803976819674,0.01089991242267055,-0.0006749999999998125,18.474044872016773,1.3063122404947625
R:A:PHE:45,0.0,4.481501144566404,0.31688998492181786,-9.500000000001841e-05,1.327447515111238,0.09386471396043883,0.0029749999999991415,2.1756437945065827,0.1538412480542036,-0.0027050000000000216,0.9637661081273817,0.0681485550534639,0.0,0.1240089461684504,0.00876875667635088,0.00017499999999907257,5.246295708841125,0.37096912718314445
R:A:ALA:46,0.0,2.9535883924135398,0.20885023811094874,-8.000000000000007e-05,0.8571140365202288,0.060607114747362786,0.004394999999999527,1.842579817097485,0.13029006835471,-0.003980000000000008,0.7255024781143067,0.0513007722042271,0.0,0.001420587766986609,0.00010045072433068862,0.0003349999999994369,3.6578388577949417,0.2586482660834459
R:A:LYS:47,0.0,5.056463454055612,0.35754595971846753,-0.00010499999999999065,1.6133337737043134,0.1140799251703603,0.26015500000000047,14.127044747730327,0.9989329139245914,-0.2598050000000005,13.027322639770421,0.92117081792867,0.0,0.1242943892424505,0.008788940549677701,0.0002449999999999264,19.936665871901003,1.409735163227161
R:A:THR:48,0.0,4.123264829907242,0.29155885218554073,-4.999999999999227e-05,1.243925214110559,0.08795879541865043,0.006454999999999593,3.788340279393471,0.2678761101001263,-0.006440000000000045,1.407888427805982,0.09955274544556769,0.0,0.09375539927147723,0.006629507859771385,-3.500000000036252e-05,5.9068709794922345,0.4176788525192983
R:A:CYS:49,0.0,3.111412694934569,0.22001010156581444,-6.500000000000394e-05,1.026913036763581,0.07261371719843986,0.00768000000000022,2.406274603271622,0.1701493089370333,-0.007460000000000009,1.6916939188281077,0.11962082416953998,0.0,0.04534079704279897,0.003206078505336611,0.00015500000000010173,4.40334882930043,0.311363781712818
R:A:VAL:50,0.0,3.962557447381678,0.280195124188484,-7.999999999999563e-05,1.0696767710855462,0.07563756985123199,0.0038250000000003936,2.315401494789834,0.163723609813536,-0.003984999999999996,1.283297421401212,0.09074283089520074,0.0,0.07091928983447682,0.0050147510758892745,-0.0002399999999996849,4.884571201028871,0.3453913419436033
R:A:ALA:51,0.0,3.4298669566034197,0.24252821835819438,-2.0000000000002238e-05,0.6605213072641942,0.04670590954847149,0.003394999999999513,2.1572514465112773,0.15254071265526128,-0.0033749999999999713,1.3020458898882943,0.09206854781560857,0.0,0.05672482167817231,0.004011050607023331,-3.4416913763379854e-16,4.307267201555346,0.3045697846602189
R:A:ASP:52,0.0,4.472616585260803,0.3162617517085334,-3.9999999999991153e-05,1.8082294210082968,0.12786112855359913,-0.1857650000000001,8.76134187423793,0.6195204251567296,0.18544000000000055,6.559769742483343,0.4638457667932305,0.0,0.128714373574785,0.009101480639090902,-0.0003649999999988296,11.961699321559198,0.8458198704789034
R:A:GLU:53,0.0,3.8204410567106,0.27014597783235644,-4.500000000000059e-05,2.1358468264777324,0.15102717745781719,-0.20997,9.152504574874573,0.6471798049734709,0.20941499999999805,9.896206033267244,0.6997674394142492,0.0,0.4284994802422987,0.030299488821424046,-0.0006000000000017991,14.179014676080914,1.0026077428000393
R:A:SER:54,0.0,7.585858616132389,0.5364012068589611,-2.000000000000002e-05,1.6018608798987508,0.11326866906938564,0.001870000000000367,8.91733031860433,0.6305504738365518,-0.0018800000000000138,3.3934372516078732,0.23995224921429675,0.0,0.19706554918187125,0.013934638616475224,-2.9999999999725803e-05,12.295700079494226,0.8694372905646338
R:A:ALA:55,0.0,4.354349754986385,0.3078990239408855,-1.4999999999996128e-05,0.8982429280406276,0.06351536655703878,-0.0038699999999998623,4.88771241455039,0.34561345928182546,0.0038349999999999834,2.538434921575694,0.17949445466469152,0.0,0.1357337835391889,0.009597827877666746,-4.9999999999934544e-05,7.07947810964508,0.5005946978591757
R:A:GLU:56,0.0,4.114799825021867,0.29096028594981815,-4.0000000000004476e-05,1.2073902537083856,0.08537538359357455,-0.16135500000000003,12.564837148633284,0.8884681552303239,0.16109999999999985,11.529084522320062,0.8152293846605384,0.0,0.15295394581257196,0.010815477229330937,-0.0002950000000002717,17.584302267328226,1.2433979375661772
R:A:ASN:57,0.0,4.522347758653684,0.31977827670278036,-3.499999999998949e-05,1.3450543452868362,0.09510970486167537,-0.0036149999999996753,5.0001526202282065,0.35356418247310484,0.003775000000000017,3.8016074328729683,0.26881423951936584,0.0,0.20717932635108482,0.014649790658451286,0.00012499999999946,7.858592050392505,0.5556863729411234
R:A:CYS:58,0.0,3.430355485303236,0.24256276255383882,-5.499999999998284e-05,1.0912261008494069,0.07716133757183709,-0.009440000000000098,2.9894271455832473,0.21138442065050586,0.009434999999999994,1.512926460630192,0.10698005597481709,0.0,0.03791007259305062,0.0026806469405820377,-6.00000000001652e-05,4.917842155494014,0.3477439536954885
R:A:ASP:59,0.0,7.625965532229346,0.539237194093425,-8.500000000000841e-05,1.419409096693057,0.10036737975495325,-0.23783500000000005,16.123556374568082,1.1401076049300676,0.23706500000000005,16.077674915558376,1.136863295850418,0.0,0.12634768708075145,0.00893413063220353,-0.0008549999999998192,24.055077157947466,1.7009508180350275
R:A:LYS:60,0.0,4.891147229837801,0.3458563374000106,-0.00010999999999999676,1.7394197141288241,0.12299554751900574,0.18846000000000032,23.170055489656256,1.638370335720453,-0.18763000000000013,21.949742245884117,1.5520811587361498,0.0,0.2546661032413453,0.018007612854030866,0.0007200000000003826,32.33661103214884,2.2865436941424164
R:A:SER:61,0.0,5.1506213711357205,0.3642039298854421,-0.0001550000000000029,1.5689731138470795,0.1109431528300643,0.019135000000001057,8.431231784969205,0.5961781168907284,-0.016645,4.400705185362342,0.3111768478572514,0.0,0.12142906057547627,0.008586331216603132,0.0023350000000012137,10.929647647471405,0.7728427967506627
R:A:LEU:62,0.0,5.212560553005595,0.36858369143757563,-0.0003750000000000142,1.4968313927009282,0.10584196280717305,0.017324999999999306,3.7326095856217,0.26393535495150133,-0.015085000000000005,1.4141823913749596,0.0999977958775842,0.0,0.03364364881522288,0.0023789652221102853,0.0018649999999993073,6.733848066802561,0.47615496315160144
R:A:HIS:63,0.0,4.1926633447249255,0.2964660682287266,-0.00032499999999998866,1.3235076310981362,0.09358612209016356,-0.0027799999999993472,5.68218869389252,0.40179141574329325,0.0030100000000000083,4.648407540948836,0.3286920493923606,0.0,0.14824274678460866,0.010482345151311705,-9.49999999993173e-05,8.558448183140403,0.6051736746732266
R:A:THR:64,0.0,5.606586905970513,0.3964455620523454,-0.000134999999999994,1.7052563129556215,0.12057983025520894,0.008910000000000267,4.431439237979012,0.3133500735591106,-0.008879999999999992,2.646670279615502,0.18714785022810174,0.0,0.18680848081942308,0.013209354357057116,-0.00010499999999965759,7.81147428623311,0.5523546438859778
R:A:LEU:65,0.0,5.857904059640274,0.4142163684111843,-0.0001550000000000029,1.6001995832942217,0.11315119765992318,0.012319999999999389,4.808193924702913,0.33999065294173897,-0.011725000000000006,1.1414789622130581,0.08071475147626363,0.0,0.10935141413172722,0.007732312646488278,0.0004399999999994586,7.830028061815782,0.5536665939390899
R:A:PHE:66,0.0,4.45530341363526,0.3150375256025066,-0.0003300000000000569,1.234129003589171,0.08726609872968999,0.011149999999999948,1.7390525076316699,0.12296958209858239,-0.011560000000000004,1.0050045209599805,0.07106455118939399,0.0,0.07297872306192812,0.005160374995942445,-0.000740000000000196,5.0410779115700795,0.3564580375760922
R:A:GLY:67,0.0,2.645713083612809,0.18708016624965884,-6.499999999999062e-05,1.1871235943552803,0.08394231436751669,0.0064149999999999355,2.820450377736684,0.19943595880977685,-0.006614999999999986,1.338842356767592,0.09467045094101433,0.0,0.03532270104612545,0.002497692143954046,-0.0002650000000001107,4.261190799745324,0.3013116910429646
R:A:ASP:68,0.0,5.151314849065236,0.3642529661800985,-3.0000000000001136e-05,1.2369315311487534,0.08746426735387428,-0.17211000000000012,14.655445208206743,1.0362964688030882,0.17177000000000114,13.437652434847019,0.9501855159908248,0.0,0.12736464163793917,0.00900604017855813,-0.00036999999999917324,20.57753248689914,1.4550512761572865
R:A:LYS:69,0.0,4.710466342513234,0.3330802693342102,-8.000000000000007e-05,2.198519570438253,0.15545880968282244,0.20531000000000035,17.454147360474245,1.2341945958420617,-0.20467999999999922,15.937492166195723,1.1269508785824474,0.0,0.15084309002103813,0.01066621718490089,0.0005500000000010985,24.20114980185977,1.7112797137406515
R:A:LEU:70,0.0,6.427925958623823,0.45452300343079444,-0.00011500000000000288,1.5314897818056117,0.1082926810032654,0.0069949999999998624,4.1967276224667,0.29675345606391,-0.006754999999999998,0.7569886076916879,0.053527177777975554,0.0,0.009228214717527978,0.0006525333205009533,0.00012499999999991297,7.864434673301183,0.5560995087689877
R:A:CYS:71,0.0,2.8386333799118897,0.20072169122381864,-3.4999999999993925e-05,0.8221998955698061,0.05813831216482811,0.0037449999999994077,2.6155326382737027,0.18494608649380764,-0.003889999999999995,1.3151366464934358,0.09299420409224438,0.0,0.05338811941975585,0.003775110127650657,-0.00018000000000053195,4.160204058209787,0.29417085006799343
R:A:THR:72,0.0,6.543081478263892,0.46266572831364977,-6.49999999999995e-05,1.3651922854583527,0.0965336722671162,0.004934999999999761,5.172223025457718,0.36573139751103534,-0.004874999999999982,2.76124648088051,0.1952496111158099,0.0,0.1579156664960911,0.01116632386349793,-5.000000000254801e-06,8.892523585487412,0.628796372915946
R:A:VAL:73,0.0,4.277939559554342,0.3024960072067068,-4.0000000000008914e-05,1.1959652494951516,0.08456751379814828,0.006745000000000054,2.8010920651015736,0.1980671193961153,-0.006545000000000003,1.1834475488905285,0.08368237869990909,0.0,0.12443393424198582,0.00879880787122291,0.00016000000000002013,5.384537901746159,0.3807443263880693
R:A:ALA:74,0.0,3.316642474883297,0.2345220384761313,-2.9999999999992255e-05,0.8607939174390118,0.06086732162252583,0.0011600000000002097,1.8203621500130132,0.1287190420489525,-0.0011799999999999977,0.9587898951282289,0.06779668365783094,0.0,0.012391169009420864,0.0008761879633390088,-4.9999999999897904e-05,3.996777881715398,0.2826148743057363
R:A:THR:75,0.0,5.394822577059416,0.38147156275369987,-4.000000000000004e-05,1.0338279723435615,0.07310267698244709,0.0007650000000000468,4.279670266477898,0.30261838666689606,-0.0007250000000000112,1.5820685673114805,0.11186914122480338,0.0,0.10080605928839492,0.00712806481075172,1.0658141036401502e-16,7.141539842176144,0.5049831250516658
R:A:LEU:76,0.0,4.893608736254872,0.34603039218795506,-9.999999999998898e-06,1.3534022321172667,0.09569998960031291,-0.003319999999999865,3.5824922091122544,0.25332045346112503,0.0033149999999999846,1.334782654170708,0.0943833866174286,0.0,0.07582281525956133,0.0053614826838690646,-1.4999999999939507e-05,6.356158299396648,0.44944826357985235
R:A:ARG:77,0.0,5.776497218033607,0.408460035437679,-3.0000000000001136e-05,1.5661774610656354,0.11074547032610407,0.08573000000000007,25.084327504187748,1.773729807971538,-0.08563999999999947,20.78844709188255,1.4699651909007914,0.0,0.2569504700628555,0.018169141981051608,5.999999999957595e-05,33.12506414066116,2.342295748110084
R:A:GLU:78,0.0,4.171695195265349,0.2949833961615467,-5.00000000000167e-06,0.9680356784101503,0.06845045926343372,-0.08000999999999997,7.440014035302622,0.5260884376485573,0.07993499999999926,7.540118190007037,0.5331668703102013,0.0,0.07983452314360748,0.005645153268763922,-8.000000000080832e-05,11.426009740619671,0.8079408969495714
R:A:THR:79,0.0,4.810091369064626,0.3401248225192481,-9.999999999998898e-06,1.122270689250147,0.07935652146956795,-0.0002999999999998693,4.260463182630499,0.3012602407433646,0.0003049999999999775,1.8440986906548684,0.1303974689339291,0.0,0.14538689447810116,0.010280405898111834,-5.000000000094928e-06,6.78010725130591,0.47942598145704923
R:A:TYR:80,0.0,5.219699052627459,0.3690884595865874,-3.499999999998949e-05,1.5859267603754594,0.11214195667267002,-0.002384999999999735,5.122233560164452,0.36219660852135954,0.002245000000000027,2.217173024906942,0.15677780809755887,0.0,0.12899832009198148,0.009121558689871296,-0.00017499999999968542,7.805779610206245,0.5519519694824522
R:A:GLY:81,0.0,3.4940500674646886,0.2470666496509595,-5.00000000000167e-06,0.9116398808603099,0.06446267417564214,-0.0022150000000001314,4.720498242672589,0.3337896317972968,0.0021950000000000025,2.6557726979873486,0.1877914884036947,0.0,0.11328371279147675,0.008010368151284244,-2.5000000000167666e-05,6.510648095877921,0.46037234185145615
R:A:GLU:82,0.0,4.316026436689191,0.30518915611633385,-4.0000000000004476e-05,1.5416243591582226,0.10900930384031449,-0.10204499999999993,19.466878425255423,1.3765161743032208,0.10194000000000124,17.47616362395935,1.2357513807627325,0.0,0.18214481295302407,0.012879583239703861,-0.00014499999999884495,26.559621933207385,1.8780488774721902
R:A:MET:83,0.0,3.891888504543777,0.2751980753184876,-6.499999999999062e-05,1.2860249147178293,0.09093569379718286,-0.0005950000000000344,2.3488949008363487,0.16609195126758852,0.0006100000000000036,1.4268478015366601,0.10089337561876895,0.0,0.021448202470891402,0.0015166169411429374,-5.000000000012217e-05,4.935009436909844,0.34895786380585564
R:A:ALA:84,0.0,3.4335152715547963,0.24278619318239666,-2.4999999999999466e-05,1.1328792432007042,0.08010665951327019,-0.0014400000000001968,2.626470541077893,0.18571951301828787,0.0013550000000000031,1.4175280827465113,0.10023437198324235,0.0,0.04368765749174071,0.003089183886656513,-0.00011000000000017329,4.688505569967591,0.3315274082154982
R:A:ASP:85,0.0,11.650293226264735,0.8238001343103494,-3.500000000000281e-05,1.7855742295057353,0.126259164599545,-0.10207500000000028,20.83519785871195,1.4732709693258654,0.1019500000000005,17.259115003352573,1.2204037256149087,0.0,0.15861073646845383,0.011215472732583614,-0.00016000000000023106,29.511443296853056,2.0867741677807077
R:A:CYS:86,0.0,3.2231430088579685,0.2279106278297482,-8.500000000001062e-05,1.0221145634296578,0.07227441389506385,0.0022549999999993274,1.9175393424581928,0.13559050722441815,-0.0021099999999999934,1.0059986186620735,0.07113484451202519,0.0,0.01411702574981685,0.0009982244637880599,5.999999999929094e-05,4.015290609329045,0.28392392182912324
R:A:CYS:87,0.0,2.9869954713641595,0.2112124753175105,-2.9999999999996697e-05,0.8506919768635414,0.06015300655411997,-0.002284999999999613,2.285206487185567,0.16158850035004035,0.002155000000000003,1.4630309900596774,0.10345191341572663,0.0,0.06288989533247477,0.0044469871457705114,-0.00015999999999959962,4.124609350148803,0.2916539241235657
R:A:ALA:88,0.0,3.34330183560354,0.23640713995086948,-1.0000000000001119e-05,0.7389619367058089,0.05225249964834218,0.0016550000000003706,2.2697388633221665,0.16049477417777502,-0.0016700000000000126,1.0215645274528673,0.07223552047815535,0.0,0.09749632767500117,0.006894031443977899,-2.499999999965752e-05,4.234211382676249,0.2994039581667643
R:A:LYS:89,0.0,4.837813788396572,0.3420850935892997,-1.4999999999996128e-05,1.656026749866982,0.11709877446572615,0.10925000000000068,15.352778648751176,1.0856053892587996,-0.10890000000000043,14.007524381222758,0.990481547759851,0.0,0.11923778968425794,0.008431384965943416,0.00033500000000017847,21.40279505172312,1.5134061517419302
R:A:GLN:90,0.0,3.998857316159205,0.28276191252536115,-4.0000000000008914e-05,1.443324872785057,0.10205848050015248,-0.0035649999999997563,5.701104781774758,0.40312898514479834,0.0036200000000000186,3.647622478108172,0.25792585894787673,0.0,0.0787467916705995,0.005568239038696524,1.5000000000284785e-05,7.992996500447965,0.5651902027467098
R:A:GLU:91,0.0,3.8252092816929637,0.2704831422542817,-0.00010499999999999954,1.524752210746061,0.10781626278477195,-0.18416499999999988,15.731407584598875,1.112378498067935,0.1837449999999984,14.629435822935038,1.0344573275330766,0.0,0.26170705574142494,0.018505483379912736,-0.000525000000001441,21.875172297060885,1.5468082670875858
R:A:PRO:92,0.0,3.7018701678948713,0.26176174987906464,-8.999999999999675e-05,1.2702593262597996,0.08982089834637594,-0.004765000000000228,2.1808768601814728,0.15421128167671455,0.004669999999999956,1.748807724565511,0.12365938010316888,0.0,0.15323144339259084,0.010835099271390357,-0.00018500000000010175,4.812009321262707,0.3402604422197736
R:A:GLU:93,0.0,3.97107868689982,0.2807976668132233,-4.000000000000004e-05,1.5244211381373587,0.1077928524161041,-0.11861000000000012,15.543367175549513,1.0990820332303455,0.11831500000000048,14.828783478518224,1.0485533354407277,0.0,0.10892666851354203,0.0077022785957984756,-0.0003349999999991837,21.899640941572272,1.5485384615336302
R:A:ARG:94,0.0,5.588495999085979,0.3951663417587586,-6.999999999998785e-05,1.61903880012185,0.11448333145702914,0.16240999999999986,12.009849032812612,0.8492245692128497,-0.16164500000000004,10.178315769540411,0.7197156101699997,0.0,0.11095668863296583,0.007845822695037445,0.0006949999999999079,16.78390512515718,1.1868013128790291
R:A:ASN:95,0.0,4.195167762819504,0.2966431573304869,-0.00023500000000002962,1.2823625886912797,0.09067672824035393,-0.0036550000000000436,7.589048987862379,0.5366268002074392,0.006414999999999993,5.726346778040516,0.40491386381781863,0.0,0.13586688485957257,0.009607239562289562,0.002524999999999551,10.4712491203307,0.7404291260479509
R:A:GLU:96,0.0,4.439668443921234,0.3139319662916632,-0.00023000000000001464,1.1851134728370951,0.08380017731186493,-0.157935,11.538301295072642,0.8158811089119389,0.158050000000001,10.828086369426039,0.7656613299094776,0.0,0.13605916778747645,0.009620836018512286,-0.00011499999999891485,16.47766710223914,1.1651470146127783
R:A:CYS:97,0.0,3.425863581638942,0.24224513699969294,-7.499999999998507e-05,0.9295785384651477,0.06573112881941859,0.0033599999999996298,2.994392767991534,0.21173554317827697,-0.0022950000000000028,1.666199928272415,0.11781812680939636,0.0,0.07896113141447637,0.005583395147333837,0.0009899999999995557,4.9345215218321075,0.34892336299984456
R:A:PHE:98,0.0,4.276137675496429,0.30236859476308053,-0.00018499999999999517,1.1930299619351563,0.08435995762430777,0.002895000000000536,2.0251667781876637,0.14320091618902098,-0.001954999999999998,1.151989418733957,0.08145795298419302,0.0,0.033436448102799436,0.0023643139192281552,0.0007550000000000656,5.013798161702038,0.35452906796401573
R:A:LEU:99,0.0,5.124336048289575,0.36234527688242335,-0.0006449999999999533,1.4242866465971655,0.10071227461623035,0.001500000000000412,3.6539385101832242,0.25837246985892287,-7.499999999999563e-05,1.846870527182401,0.13059346737442498,0.0,0.13106220984462302,0.009267497733842722,0.0007800000000001673,6.713180101166612,0.47469351728615045
R:A:GLN:100,0.0,4.543186734655533,0.3212518148271695,-0.00015999999999998237,1.1554084045912079,0.08169971179263731,0.005984999999999587,6.502192384709561,0.4597744327807659,-0.006010000000000002,4.988842807575721,0.35276445795105266,0.0,0.1468310792126892,0.010382525180023165,-0.00018500000000038597,9.44267610477283,0.6676980306233041
R:A:HIS:101,0.0,4.306734124856096,0.30453209044532564,-0.00014000000000001124,1.124211891838011,0.07949378522092151,0.012734999999999986,3.7619951451424014,0.2660132277921062,-0.012180000000000026,2.459724188308518,0.17392876534015295,0.0,0.13827820647620345,0.009777745748963703,0.00041500000000033844,6.327225507041872,0.4474024062125799
R:A:LYS:102,0.0,5.140245205780557,0.3634702241969072,-0.0005349999999999789,1.4038506424741202,0.09926723090665418,0.3681000000000004,8.769237193790005,0.6200787085562203,-0.34690500000000085,9.388124782797416,0.6638406696541536,0.0,0.0698211879332637,0.00493710354581111,0.020659999999999387,13.908062420716064,0.9834485250854118
R:A:ASP:103,0.0,6.55625700362257,0.46359737864633144,-0.00020500000000001073,1.573068121339632,0.11123271358676365,-0.13140500000000022,20.15024127076088,1.4248372245100052,0.13129500000000013,15.358020521798212,1.0859760456565675,0.0,0.11715587991669069,0.008284171714496883,-0.00031500000000004745,26.21781440795502,1.8538794355755364
R:A:ASP:104,0.0,5.308319829173822,0.3753548947915825,-0.00046999999999999267,1.796679715016007,0.12704444101081322,-0.17509999999999995,9.82644591818171,0.6948346543709157,0.17610000000000045,8.822119255198832,0.6238180349787508,0.0,0.13200450978037145,0.00933412840129066,0.0005300000000006832,14.34616917973758,1.0144273511041892
R:A:ASN:105,0.0,7.6206325592564825,0.5388600959581253,-0.00019500000000001073,1.5173018983956357,0.10728944614627758,0.006069999999999993,8.1424601795956,0.5757588808533483,-0.005544999999999991,6.07883641650892,0.4298386451837189,0.0,0.2890925772833708,0.020441932178776753,0.0003299999999997638,12.794988477028431,0.9047423117310539
R:A:PRO:106,0.0,3.6275592471453857,0.2565071742812469,-0.00017500000000001404,0.95637620635135,0.06762601008765044,0.006504999999999974,2.3994295395728957,0.169665289841131,-0.006844999999999998,1.6176523430499523,0.11438529413729286,0.0,0.06249409439288061,0.004418999792931808,-0.0005149999999999011,4.738333912865258,0.33505080413132116
R:A:ASN:107,0.0,10.464666069005737,0.7399636340246728,-4.5000000000001704e-05,0.9010614728613136,0.0637146677726173,0.00010000000000012221,11.291628090357474,0.7984386793328275,-0.00012500000000007283,3.877344785491097,0.2741696790819054,0.0,0.10414197436051906,0.007363949627647859,-6.999999999994344e-05,15.901781685742755,1.124425766293675
R:A:LEU:108,0.0,5.039308355240826,0.35633291104808157,-6.000000000000227e-05,1.2584859626352611,0.08898839582074732,0.005724999999999909,3.2192873035308605,0.22763798829144266,-0.005605000000000007,1.6428158318798245,0.1161646214962843,0.0,0.05849079296111319,0.004135923633978152,5.9999999999818255e-05,6.328071696050955,0.4474622408112287
R:A:PRO:109,0.0,3.5226395955235046,0.2490882345670907,-5.499999999999838e-05,1.0697686090809544,0.07564406377816436,-0.006534999999999407,2.358105253434418,0.1667432215455099,0.006434999999999991,1.5331751326169492,0.1084118533020029,0.0,0.07524141332922533,0.005320371359115512,-0.0001549999999991769,4.633610065678249,0.32764570988153335
R:A:ARG:110,0.0,5.227960599239441,0.3696726391498295,-0.00010000000000000009,1.7039796181146063,0.12048955429725017,0.059490000000000036,11.246267807477288,0.7952312229707156,-0.05910000000000008,8.26086723588692,0.5841315240977412,0.0,0.16312864633470692,0.01153493720290533,0.0002900000000013847,14.999406541855414,1.0606182079519826
R:A:LEU:111,0.0,6.415748459158915,0.4536619241858412,-0.00010999999999999676,1.305594829914702,0.09231949577147829,0.006815000000000211,4.440870877966955,0.314016991218429,-0.006730000000000005,1.5159527411994083,0.10719404632604368,0.0,0.19265069099903348,0.013622461000569075,-2.4999999999970602e-05,8.057478967280483,0.5697498017032009
R:A:VAL:112,0.0,4.319901814995337,0.3054631867443277,-3.5000000000000586e-05,1.0332835549233328,0.0730641808574831,-0.006945000000000476,2.5831110100951915,0.18265353117959424,0.006929999999999995,1.441759549075365,0.10194779539916494,0.0,0.1281446776387347,0.009061197053131343,-5.000000000052629e-05,5.338237606392877,0.3774704011065447
R:A:ARG:113,0.0,6.426263855114416,0.45440547496454087,-4.500000000000615e-05,1.707988139705601,0.12077299957720267,0.0739,13.609633477935768,0.9623464121711839,-0.07338500000000005,11.642084999984968,0.8232197250639558,0.0,0.13341979198674186,0.009434203965832376,0.0004699999999996862,19.104767939246052,1.3509110962836226
R:A:PRO:114,0.0,3.601119475045226,0.25463760006674196,-3.500000000000725e-05,0.8202383313860674,0.05799960863122268,0.0013950000000003725,2.328955429881603,0.16468201775505123,-0.0014450000000000105,2.026655769531422,0.14330620377665093,0.0,0.08142803876589753,0.005757831839008722,-8.49999999997575e-05,4.81444180792252,0.34043244500100356
R:A:GLU:115,0.0,4.3012292957944,0.3041428402494458,-1.000000000000334e-05,1.266866794063212,0.08958101009421585,-0.061035000000000075,9.64167041937625,0.681769053550669,0.06100000000000016,9.216521201201678,0.6517064640319291,0.0,0.08582246680004837,0.006068564825247155,-4.500000000003723e-05,14.07192104699222,0.9950350796649899
R:A:VAL:116,0.0,4.471412253365821,0.3161765925835593,-4.000000000000004e-05,1.1771353301128973,0.08323603742970948,-0.004665000000000106,3.454641240212216,0.24428002475207625,0.004665000000000006,1.6762704467880476,0.11853022000264322,0.0,0.0954743070523652,0.006751052994581405,-4.0000000000004476e-05,6.0110497567069885,0.4250454045017258
R:A:ASP:117,0.0,14.79820196962962,1.0463908962093227,-2.5000000000003908e-05,1.447295190234183,0.10233922433932652,-0.05962500000000004,16.40249058708387,1.159831232247552,0.0594999999999996,19.332695757674355,1.3670280268867936,0.0,0.12814537977114576,0.00906124670139026,-0.00015000000000000568,29.392051457122836,2.07833188983155
R:A:VAL:118,0.0,4.115135716255297,0.2909840370467081,-3.500000000000725e-05,1.339127560792847,0.09469061791104227,-0.0033999999999999985,3.0849334004480546,0.21813773269656944,0.0034899999999999983,1.369962603102727,0.0968709846625913,0.0,0.07650039957420542,0.005409395130240112,5.4999999999947317e-05,5.488813033572013,0.38811769167038757
R:A:MET:119,0.0,4.037558207821901,0.28549847881862694,-5.500000000003169e-05,1.2426010886342407,0.08786516560830578,-0.00646499999999996,2.323859459837234,0.16432167825754157,0.006479999999999979,1.333912434157505,0.09432185277018258,0.0,0.06921838220943913,0.004894478744305668,-3.999999999994952e-05,5.00303608847025,0.3537680744678333
R:A:CYS:120,0.0,3.589245639232567,0.25379799308455925,-3.9999999999991153e-05,1.11373812227112,0.07875317787238811,-0.0021450000000004365,2.2269020318538937,0.15746575277619893,0.002144999999999996,1.5787702522453988,0.11163591512983176,0.0,0.05533420805391067,0.003912719374650751,-4.0000000000263715e-05,4.645187499679745,0.3284643580906531
R:A:THR:121,0.0,5.14745994533226,0.3639803833230576,-2.4999999999995027e-05,1.4645504265388065,0.10355935379952406,-0.002585000000000406,4.419756606542379,0.31252398676801596,0.0026649999999999786,1.957959918148224,0.13844867354140666,0.0,0.11321542943931978,0.00800553978914901,5.499999999963201e-05,7.212622621230652,0.5100094365611686
R:A:ALA:122,0.0,2.829194614691608,0.20005426973448975,-3.499999999998949e-05,1.2556661068432962,0.08878900190550065,-0.0055599999999992634,2.3138060780886542,0.16361079681671375,0.005624999999999994,1.998681139920773,0.14132809874676372,0.0,0.14829678787183265,0.010486166433235581,3.0000000000797723e-05,4.353327042968757,0.30782670728059885
R:A:PHE:123,0.0,4.494364918428409,0.31779959109476524,-0.00012999999999999012,1.3308117412880005,0.09410260067474224,-0.007329999999999615,3.0105707338476533,0.21287949811454362,0.007280000000000022,3.0665702673508073,0.21683926310288,0.0,0.08167188607164372,0.005775074447355441,-0.00017999999999979144,6.35959397727752,0.44969120269260604
R:A:HIS:124,0.0,4.356728318124737,0.30806721375334634,-4.5000000000015026e-05,1.6415696542867135,0.11607650343361915,-0.00855000000000004,4.313081321317742,0.30498090501128094,0.00846500000000018,3.489482950277161,0.24674370569758208,0.0,0.24209607368441838,0.01711877754008903,-0.0001299999999998702,7.24662713414271,0.5124139187282747
R:A:ASP:125,0.0,8.783653465019553,0.6210980928708041,-1.9999999999997796e-05,1.0890188880593394,0.07700526405869926,-0.12553499999999992,10.101793434701335,0.714304663982306,0.12527999999999997,7.477396804660697,0.5287317986198201,0.0,0.10570651467182689,0.007474579334004407,-0.00027500000000060256,15.37229318517797,1.0869852753627094
R:A:ASN:126,0.0,10.93544988652959,0.7732530770090734,-6.000000000000227e-05,1.3300551729157704,0.09404910321209872,-0.0035999999999994257,12.661200397008177,0.8952820658686289,0.003635000000000051,4.646289867526024,0.3285423072685997,0.0,0.0760249720841011,0.005375777330018585,-2.499999999940883e-05,17.414157912642672,1.2313669148683006
R:A:GLU:127,0.0,3.757576806267571,0.26570080405410895,-0.00010000000000000453,1.5906471387457368,0.11247573782820895,-0.22610499999999994,20.713255698874935,1.4646483565125368,0.22549999999999976,20.453636657644772,1.4462905180546368,0.0,0.15845704355587412,0.01120460500251307,-0.0007049999999996004,29.394980261595304,2.0785389875818754
R:A:GLU:128,0.0,4.274784382188182,0.30227290247556093,-9.000000000001008e-05,1.7627596737785898,0.12464593189310272,-0.261785,15.293469833039035,1.08141162268138,0.2609999999999997,14.755590052288658,1.0433777786382072,0.0,0.2189907854185235,0.015484986938680606,-0.0008749999999993464,21.749637180216897,1.5379315938478428
R:A:THR:129,0.0,5.39760462277481,0.3816682830927925,-4.999999999999449e-05,1.1649900577687349,0.08237723698631802,-0.007524999999999693,5.336975286871301,0.3773811416371716,0.007544999999999993,2.2676537448373817,0.16034733403575815,0.0,0.12444050839024404,0.008799272733704303,-2.9999999999850147e-05,8.008269579489593,0.5662701725227032
R:A:PHE:130,0.0,4.048516333022507,0.28627333528247095,-0.00012000000000002231,1.3680974207818681,0.09673909635586844,-0.0030550000000004475,2.5129135264419666,0.17768981950825152,0.0031900000000000027,0.9937976759381156,0.07027210757832726,0.0,0.07597580167461931,0.005372300457020757,1.4999999999696368e-05,5.056709956682814,0.3575633900863951
R:A:LEU:131,0.0,5.053740572086185,0.35735342288797234,-0.00033500000000002305,1.4962103170259857,0.10579804612503485,-0.0038499999999994116,3.3024564898723505,0.23351893785622618,0.004235000000000013,1.1665177729357576,0.08248526276175035,0.0,0.08202311373340976,0.005799909993492947,5.000000000048882e-05,6.328716256555237,0.447507818121575
R:A:LYS:132,0.0,5.048342679330515,0.35697173423080714,-0.000279999999999978,1.4491658534308625,0.10247150020249532,0.303395000000001,21.668463668217807,1.5321917597691144,-0.300915,18.841066152850136,1.3322645641464668,0.0,0.1926094438295855,0.013619544385246932,0.0022000000000003263,29.19128355166149,2.0641354550919164
R:A:LYS:133,0.0,4.9343115452867385,0.3489085154159325,-0.00015999999999996906,1.206768848102237,0.08533144358177705,0.15642999999999957,8.424840036790016,0.5957261520426143,-0.15589499999999995,8.065645259300398,0.5703272457496441,0.0,0.1534440242558992,0.01085013100838994,0.0003749999999996412,12.722414458020726,0.899610553633223
R:A:TYR:134,0.0,4.379367352249638,0.30966803520826947,-0.0005550000000000211,1.0740544034056188,0.07594711520113846,0.011290000000000333,1.9801883102119355,0.14002045821771902,-0.008555000000000014,1.02347826228748,0.0723708419660501,0.0,0.061045641835697724,0.004316578730390706,0.002180000000000697,5.030390773596733,0.35570234280284924
R:A:LEU:135,0.0,5.821653333199254,0.411653054962246,-0.0007699999999999641,1.3284732253041458,0.09393724262373257,0.0003299999999997283,4.120893547199441,0.29139117717726104,0.0011149999999999962,0.8627146605772965,0.0610031386723257,0.0,0.0380549694408303,0.002690892694945794,0.0006750000000004786,7.306433947961491,0.5166428990895168
R:A:TYR:136,0.0,4.191014498895226,0.29634947722199545,-0.00024499999999989976,1.325483660395329,0.0937258484617504,-0.009640000000000412,2.3391716073003277,0.16540441058810973,0.008724999999999993,0.952318348072219,0.0673390761770237,0.0,0.00533412597837284,0.0003771796651010762,-0.0011600000000002008,5.0695337025509515,0.3584701658527524
R:A:GLU:137,0.0,3.6000202893247697,0.25455987589907014,-0.00019999999999996022,1.9802224485016828,0.14002287215933687,-0.17610999999999946,13.10024156242548,0.926326964397291,0.17482499999999987,11.706585892973878,0.8277806269464604,0.0,0.11448982552698397,0.008095653200699505,-0.0014849999999989195,18.043143218761085,1.2758428923906033
R:A:ILE:138,0.0,4.147042439884116,0.2932401831110463,-0.00072500000000014,1.5913967777945888,0.1125287453136975,0.012830000000000084,2.122384173871451,0.15007522416275113,-0.01157,0.8908863626187125,0.06299517882743091,0.0,0.04581146273869019,0.0032393595958602676,0.0005349999999999617,5.0030787006895325,0.35377108760675496
R:A:ALA:139,0.0,3.227776748754474,0.22823828272005556,-0.00039000000000002813,0.9048415762717804,0.06398196144813005,0.004285000000000778,2.041564070480033,0.1443603798463242,-0.002895000000000001,1.0666388138329674,0.07542275383380667,0.0,9.55202999995289e-05,6.754305187064026e-06,0.0010000000000007247,4.067306632173696,0.2876020100775039
R:A:ARG:140,0.0,5.766822173081981,0.40777590644832107,-0.00023999999999998244,1.7608242065578268,0.12450907369344613,0.18536999999999998,10.816115757401082,0.7648148798156975,-0.18272000000000005,8.75424818455303,0.619018825548747,0.0,0.07592327476772828,0.005368586243815017,0.002410000000000423,15.16534620640925,1.0723519141593665
R:A:ARG:141,0.0,5.212769943110859,0.3685984975539102,-0.0003800000000000203,1.6814620328154901,0.11889732057115501,0.17167000000000004,10.812155763618557,0.7645348659699895,-0.1662650000000002,9.208074504926369,0.6511091924104396,0.0,0.07378320154490581,0.005217260215005665,0.00502499999999884,15.221599040621692,1.0763295902126244
R:A:HIS:142,0.0,4.125388009848286,0.2917089836789398,-0.0012349999999999993,1.6203672244509884,0.11457726524217184,-0.030305000000000318,3.2697817615821085,0.2312084856614804,0.031104999999999973,1.6275890135027946,0.11508792284325493,0.0,0.08478444352935055,0.005995165495873167,-0.0004350000000003185,5.7438770304550895,0.4061534398536443
R:A:PRO:143,0.0,3.570557356877215,0.2524765319663394,-0.0009050000000000313,1.181553793728834,0.08354846998823498,-0.020960000000000107,3.7038619057343376,0.2619025870123279,0.025014999999999996,1.98073559653352,0.14005915720464335,0.0,0.02073829317320015,0.001466418773300451,0.003149999999999187,5.638021444013294,0.3986683195536971
R:A:TYR:144,0.0,4.1487472928584115,0.2933607344209514,-0.004329999999999989,1.4789610962767075,0.10457834202883502,-0.04802000000000021,2.6345476832560846,0.1862906532189686,0.046904999999999974,1.9638541880636147,0.13886546136413833,0.0,0.09873333270101643,0.006981500908203622,-0.005445000000000056,5.49606614430824,0.38863056404901586
R:A:PHE:145,0.0,4.593734063433581,0.32482605072215187,-0.008004999999999986,1.240493531170155,0.08771613879084625,0.015095000000000311,2.7228521838643758,0.19253472433791002,-0.018000000000000044,1.3251601224003082,0.09370297087072532,0.0,0.019808746696165107,0.0014006899115664966,-0.010910000000000579,5.640175759499492,0.39882065266260763
R:A:TYR:146,0.0,4.398598331377848,0.31102787078331084,-0.221075,1.152042507321236,0.08146170691419988,0.24441999999999914,3.239606100091491,0.22907474417479984,0.010154999999999999,2.517789960138653,0.17803463544174486,-0.044945136,0.060652569142188854,0.004288784293682768,-0.011445136000001091,6.124774438356366,0.4330869538599814
R:A:ALA:147,0.0,3.214061760420916,0.22726848659460022,-0.006330000000000035,0.9618715925475708,0.06801459257210911,0.03391000000000013,2.010206261742809,0.1421430479262,-0.024435000000000002,0.967772576783926,0.06843185516902928,0.0,0.003849290381414216,0.00027218593314541444,0.003145000000000735,4.029009524996365,0.284893995659012
R:A:PRO:148,0.0,3.6583505047972094,0.2586844449899336,-0.030449999999999925,0.885098722601044,0.06258593087707491,0.12588999999999984,1.765199715938681,0.12481846892888086,-0.09451499999999999,1.3205883008625359,0.09337969426955198,0.0,0.057316389290009116,0.0040528807540093454,0.0009250000000001091,4.362349920708589,0.3084647210841641
R:A:GLU:149,0.0,3.9257049745937356,0.27758926084729935,-0.06629000000000003,1.36514924793958,0.09653062905497924,-1.2448550000000005,21.940060660341736,1.5513965672571843,1.444965,20.51588800524791,1.4506923530574547,-0.007267607999999998,0.16342476475800835,0.0115558759374204,0.12655239199999951,30.32440307893605,2.14425910525499
R:A:LEU:150,0.0,4.969243880707608,0.35137860454181047,-0.004669999999999969,1.3920427343655797,0.09843228571713653,0.03572999999999922,3.463835213134423,0.24493013681201006,-0.030345000000000007,0.7127217340414139,0.05039703712397188,0.0,0.0019115843389188977,0.0001351694248859556,0.0007149999999989754,6.255980980496159,0.44236465742829006
R:A:LEU:151,0.0,4.529671396420496,0.32029613609556706,-0.004014999999999924,1.2071128258679882,0.08535576648285105,0.06869500000000031,2.682251006892345,0.1896637875818022,-0.05995499999999999,1.5083546138673758,0.10665677758996378,0.0,0.12362274287209854,0.00874144797937418,0.004725000000000678,5.6089153159617435,0.39661020550176357
R:A:PHE:152,0.0,4.570435558565507,0.32317859764377965,-0.013539999999999983,1.2888038621140148,0.09113219505202319,0.05318499999999957,2.5568774713065543,0.18079853986239766,-0.040119999999999996,1.2499571986072162,0.08838532113281028,0.0,0.13462614704578554,0.009519506150109224,-0.0004749999999992288,5.537872894089697,0.39158674767599955
R:A:PHE:153,0.0,4.396792944630211,0.31090021066211904,-0.003424999999999958,1.3077005301960383,0.09246839126628621,0.034184999999999806,1.9706432817166584,0.1393455227801561,-0.032330000000000005,0.8181305526014782,0.05785056616404026,0.0,0.03651551138086104,0.002582036571590139,-0.0015699999999999863,5.059246465835738,0.3577427483686525
R:A:ALA:154,0.0,3.2289229773950945,0.22831933332451285,-0.0006899999999999818,0.9126310712166227,0.06453276191788168,0.03261500000000034,2.5349715649835205,0.1792495583714922,-0.030164999999999997,0.9010876532141587,0.06371651900312038,0.0,0.04176963720410662,0.0029535593714725694,0.001760000000000561,4.301002622963878,0.3041268120598886
R:A:LYS:155,0.0,5.026264991576748,0.35541060595844637,-0.0019800000000000173,1.133354320060589,0.08014025252019112,0.5046449999999999,13.661094294926558,0.9659852414371426,-0.484465,12.614829742869103,0.8920031654696494,0.0,0.15095002700017512,0.010673778771211628,0.01819999999999878,19.295855629317177,1.3644230364286791
R:A:ARG:156,0.0,5.739241909133122,0.4058256872818058,-0.0033299999999999706,1.6492290696868037,0.116618105890552,0.17228499999999994,19.219595576387007,1.3590306363726223,-0.15581499999999993,15.318157588749862,1.08315731062892,0.0,0.13835171401664892,0.009782943516995437,0.013140000000001066,25.292623459148544,1.7884585561961888
R:A:TYR:157,0.0,4.501250970513642,0.3182865085072724,-0.0006250000000000532,1.27270461564143,0.08999380641674735,0.01753500000000017,2.401185390671658,0.16978944726299985,-0.016769999999999986,1.0820422991269798,0.076511944724337,0.0,0.06630703288372744,0.004688615259244307,0.00013999999999888768,5.368606968135202,0.37961783926937526
R:A:LYS:158,0.0,4.752031372576363,0.33601936079599637,-0.0003749999999999565,1.4839073123598387,0.10492809232219463,0.25937000000000154,18.770260523907226,1.3272578501092958,-0.2555950000000001,16.991240448871736,1.2014621342168361,0.0,0.12981098955273135,0.009179023098527242,0.0034000000000015264,25.803595991593085,1.8245897704653486
R:A:ALA:159,0.0,3.1875807170642747,0.22539599406156263,-0.0003149999999999653,0.8371274246343863,0.059193847867620504,0.013285000000000267,3.1010163251867926,0.2192749672109769,-0.012740000000000019,1.7848116061366255,0.12620523898396613,0.0,0.07236118913649775,0.0051167087533139895,0.00023000000000017006,4.865032786430451,0.3440097673979856
R:A:ALA:160,0.0,3.202928918341773,0.2264812757817961,-0.00013999999999997126,0.8554729837931762,0.06049107479620443,0.00992000000000047,2.010481165380566,0.1421624865488431,-0.009484999999999995,1.2334346971262808,0.08721700384887686,0.0,0.036520547573599606,0.0025823926841938194,0.00029500000000061145,4.0688225693399405,0.28770920302251435
R:A:PHE:161,0.0,4.462934978234615,0.3155771587104333,-0.00017999999999999795,1.3943579661442755,0.09859599732620997,0.010450000000000301,2.520971692879553,0.17825961792144623,-0.010434999999999998,1.1753591182591812,0.08311044028505082,0.0,0.007710158431169102,0.0005451905310702304,-0.00016500000000002957,5.440482472852755,0.384700204948074
R:A:THR:162,0.0,5.523925155172724,0.3906004935989585,-0.00010999999999998567,1.0363314392123786,0.07327969882238872,0.006794999999999867,5.055800205998551,0.3574990609985919,-0.006474999999999993,2.4218917754877074,0.17125360977472853,0.0,0.12867614836384547,0.00909877770850414,0.0002099999999999991,7.939204306362051,0.5613865202254047
R:A:GLU:163,0.0,4.277538938449304,0.30246767901670085,-0.00016499999999997962,1.333399786176299,0.09428560308379534,-0.017924999999999996,18.94708235822009,1.3397610419197428,0.01921500000000016,18.392285877067458,1.3005310065195967,0.0,0.1220729922386306,0.008631864061166849,0.0011250000000003625,26.783545430881798,1.893882659839449
R:A:CYS:164,0.0,3.1865271015244794,0.22532149219226735,-8.500000000001062e-05,1.0649672456817627,0.07530455611631344,0.006664999999999708,2.304534339487047,0.1629551858928552,-0.006575000000000002,1.2204429880477827,0.08629835129001596,0.0,0.015328326348257593,0.0010838763505093372,4.9999999997857316e-06,4.253081796728536,0.30073829794078133
R:A:CYS:165,0.0,2.883689271610241,0.2039076238790497,-3.500000000000725e-05,1.0271542431762621,0.0726307730674471,0.001479999999999606,3.750920662550728,0.2652301436182357,-0.001429999999999992,2.4423728460965988,0.17270184016607928,0.0,0.08036541146623714,0.00568269274206234,1.499999999959062e-05,5.423260936921174,0.38348245846410717
R:A:GLN:166,0.0,4.311506502552211,0.3048695485084563,-3.9999999999991153e-05,1.4534890175023683,0.1027771940656097,0.0019349999999999667,3.238212926148465,0.22897623190055122,-0.0019399999999999817,3.338631461871765,0.23607689465722814,0.0,0.22215140576937803,0.015708476546965153,-4.499999999982407e-05,6.51026519320913,0.46034526654409247
R:A:ALA:167,0.0,3.3197574186602847,0.23474229826290358,-3.000000000001002e-05,0.8744041672762087,0.06182971161787834,-0.0033650000000003642,3.558568384656251,0.25162878361064933,0.003374999999999997,2.1231675638477054,0.15013061819920345,0.0,0.101046571163327,0.007145071568523757,-2.0000000000376938e-05,5.382084338664145,0.38057083327873314
R:A:ALA:168,0.0,3.4516309272864043,0.24406716348374274,-1.0000000000001119e-05,0.4758577496479384,0.03364822416562277,-0.0020000000000000282,3.1173275177305317,0.22042834269666864,0.0019199999999999961,2.131294964804262,0.15070531223218375,0.0,0.09620270907479893,0.006802558795530694,-9.00000000001211e-05,5.139027213114689,0.36338409910956015
R:A:ASP:169,0.0,6.231940040533124,0.440664706260894,-3.000000000000336e-05,1.2200488307850634,0.0862704801626837,0.0006650000000002443,13.735297016947797,0.9712321662295145,-0.000619999999999905,10.56531700852369,0.747080730211267,0.0,0.11554051703024008,0.008169948309388254,1.5000000000462421e-05,18.455981498250118,1.3050349670866115
R:A:LYS:170,0.0,4.885559496470185,0.3454612249844402,-4.5000000000015026e-05,1.5078327327243564,0.10661987502044354,0.047389999999999904,16.450104909967898,1.163198073306842,-0.04732500000000013,15.28025634157932,1.0804772877399482,0.0,0.1926761994020676,0.01362426471704534,1.999999999975799e-05,23.02762603210687,1.6282990521930638
R:A:ALA:171,0.0,3.2007349503200038,0.2263261388152062,-2.9999999999992255e-05,0.7271072000399941,0.05141424317978433,-0.0012549999999993844,1.9378320681821222,0.13702541962123307,0.0012549999999999924,1.0586219532368484,0.07485587618467236,0.0,0.06602279181724661,0.004668516380684278,-2.9999999999457683e-05,3.9564658062391165,0.27976438011243804
R:A:ALA:172,0.0,3.2045752333109614,0.22659768782966433,-2.500000000000169e-05,0.5453781308184258,0.03856405746125529,0.0018500000000004492,2.219480240675731,0.15694095288913598,-0.0018449999999999912,1.49422031346619,0.10565733162386316,0.0,0.08402751778460309,0.0059416427631766066,-1.9999999999447126e-05,4.211007865012252,0.29776322169800495
R:A:CYS:173,0.0,3.370219782862833,0.23831052625513627,-6.999999999999673e-05,1.0399680202294683,0.07353684393214056,0.0022400000000000375,3.3747189981908123,0.23862866882197956,-0.002205000000000003,2.4756749301705585,0.17505665311371343,0.0,0.08953338794375094,0.006330966575763217,-3.499999999961201e-05,5.474086752334282,0.38707638633790153
R:A:LEU:174,0.0,3.8852542959180933,0.2747289659277849,-6.000000000002004e-05,1.3208784085410739,0.09340020798022881,0.00021000000000015006,2.1087429638886763,0.14911064495451018,-0.000279999999999999,0.9992988454911774,0.07066109900786996,0.0,0.0010210248372924137,7.219735862093571e-05,-0.00012999999999981028,4.720732657855317,0.33380620745382883
R:A:LEU:175,0.0,4.086764518240561,0.2889778903960475,-6.500000000000394e-05,1.5118042488612737,0.10690070361964416,-0.003959999999999653,2.2169790902825404,0.15676409484875675,0.0038700000000000045,1.0218340493201428,0.0722545785521582,0.0,0.0939371479863082,0.006642359434644277,-0.0001549999999995705,4.9955141490438,0.35323619303022163
R:A:PRO:176,0.0,3.55715263259113,0.25152867482207675,-8.500000000001062e-05,1.2487940487826645,0.08830307401996262,-0.0010400000000005249,3.1397923626252737,0.22201684711300623,0.0009350000000000044,2.007737339214221,0.14196846873998112,0.0,0.17542074454248918,0.012404119802678715,-0.000190000000000623,5.304045547420935,0.37505265743036564
R:A:LYS:177,0.0,4.78069897975181,0.33804646673941136,-0.0002800000000000313,1.4882996676576932,0.10523867874384397,0.01208000000000105,15.823764394574384,1.118909110730179,-0.01018999999999981,15.326568672755817,1.083752064082694,0.0,0.14180414616572815,0.010027067335415474,0.0016100000000009728,22.591712063217336,1.5974752798514906
R:A:LEU:178,0.0,4.40406498314909,0.31141442143709397,-0.0002099999999999902,1.2071442380676802,0.08535798766079247,-0.004995000000000189,2.3672919043444978,0.16739281586100102,0.005220000000000003,0.9827259046906213,0.0694892151254423,0.0,0.06482542457827484,0.004583849731259523,1.4999999999920632e-05,5.237080206288304,0.3703174927484303
R:A:ASP:179,0.0,4.895221738547704,0.3461444486738882,-0.00014000000000000012,2.204219915979347,0.15586188498154382,-0.04943999999999989,18.493704725906056,1.3077024020949872,0.04908499999999982,14.70390434318637,1.039723047098541,0.0,0.12530662430791514,0.008860516377572186,-0.00049499999999977,24.229308708261165,1.7132708491073738
R:A:GLU:180,0.0,3.959695491770801,0.27999275336649343,-0.0003949999999999454,1.6079454351360931,0.11369891209626853,0.051829999999999606,25.262837217333686,1.786352350838854,-0.04845999999999991,22.273293172550844,1.5749596641666732,0.0,0.2347388088687182,0.01659854035587235,0.002975000000000172,33.9504096033938,2.400656485462064
R:A:LEU:181,0.0,6.320761511969899,0.4469453327376851,-0.0007400000000000562,1.3859119925161194,0.09799877680359077,-0.006535000000000508,4.860882474291577,0.34371629601224174,0.008109999999999996,1.0592402209838898,0.07489959431632456,0.0,0.05022325779368758,0.003551320615919661,0.0008349999999992808,8.162442575139405,0.5771718495926859
R:A:ARG:182,0.0,5.484605674868522,0.3878201864833753,-0.000355000000000012,2.072058663473358,0.14651667319583458,0.05166499999999999,11.456390157522353,0.8100891168302875,-0.04921500000000005,8.966992667459643,0.6340621322010761,0.0,0.22982341115507268,0.016250969250317594,0.0020949999999994875,15.687032168439,1.1092406822994727
R:A:ASP:183,0.0,14.47141724020146,1.0232837263926364,-0.0004950000000000054,1.8974743926796482,0.1341717010191605,-0.012779999999999632,21.218085148193744,1.5003451892081368,0.01296499999999992,14.374761469387067,1.0164491312942694,0.0,0.09710443769631308,0.006866320637836959,-0.0003099999999999881,29.493603712338547,2.085512718662332
R:A:GLU:184,0.0,3.901111215512831,0.2758502194652018,-0.0023549999999999903,2.122587736673092,0.15008961822649491,-0.0142499999999999,16.728125667556125,1.1828571096069678,0.026164999999999897,16.13856233144932,1.1411686863169592,0.0,0.20030796710216642,0.014163912186363375,0.00955999999999996,23.665323855231406,1.6733910977009896
R:A:GLY:185,0.0,2.848071978549699,0.20138910093398796,-0.0009450000000000469,0.9101760725128957,0.06435916729476072,-0.019724999999999396,2.5854587413213546,0.18281954084663657,0.019460000000000012,0.9824298412354951,0.06946828027776418,0.0,0.009742735418000019,0.0006889154281374166,-0.001209999999998712,4.073057168134695,0.28800863437485186
R:A:LYS:186,0.0,4.467544597897151,0.31590310804264027,-0.0012500000000000445,1.6498211608231965,0.11665997305631438,0.04661500000000061,16.73354154567332,1.1832400700212424,-0.04100500000000008,14.463969214810124,1.0227570714665701,0.0,0.16598628832872953,0.011737003006123013,0.0043599999999999065,22.625786928912838,1.5998847367116216
R:A:ALA:187,0.0,3.2785580511865273,0.23182906305077453,-0.0026300000000000347,0.8099001761637048,0.05726859066495351,-0.005900000000000247,2.1501203466201604,0.15203646774622853,0.007064999999999999,1.1772495477064324,0.08324411383320143,0.0,0.09624552525556526,0.0068055863567071315,-0.0014650000000003126,4.174096117006258,0.2951531669659561
R:A:SER:188,0.0,5.28860785231331,0.3739610475407165,-0.007800000000000042,1.1277149080330542,0.07974148587153364,-0.041899999999999944,6.135455165674345,0.43384219533143614,0.05436999999999999,1.879050058766397,0.13286890387427,0.0,0.08899538651032197,0.006292924129576646,0.004670000000000181,8.391881393437357,0.5933956240212769
R:A:SER:189,0.0,6.904178655336202,0.48819915457116475,-0.003780000000000037,1.4184369551552158,0.10029863896758519,-0.04115999999999996,9.231234577671612,0.6527468568595333,0.03847000000000001,2.0534713604771797,0.14520235239657792,0.0,0.03387390304531723,0.002395246654859946,-0.006469999999999927,11.794627175038535,0.8340060857036881
R:A:ALA:190,0.0,2.9307471912039773,0.20723512128437593,-0.0034950000000000016,0.9944695632220224,0.07031961718379161,-0.004680000000000248,2.007147034163168,0.14192672786952432,0.005009999999999999,0.8631037754233266,0.061030653246954523,0.0,0.05178023988183878,0.0036614158751914314,-0.0031649999999998047,3.788735586982446,0.26790406256780824
R:A:LYS:191,0.0,4.818508657229952,0.34072001467333846,-0.07645499999999995,1.635405468828755,0.11564062969983775,0.2010549999999998,15.312406193977973,1.0827506256044717,0.022929999999999943,13.798683838160073,0.9757142913412205,-0.008222831999999998,0.13499013354665593,0.009545243882411805,0.13930716799999932,21.23168053118511,1.501306527958739
R:A:GLN:192,0.0,4.1136816051804495,0.29088121586654575,-0.08689499999999999,1.4310844449140658,0.10119295154493221,-0.15421999999999975,3.5640125731189563,0.252013745868653,0.21215000000000003,2.0258054908356824,0.14324607999348532,-0.00228276,0.03299115513413812,0.0023328269514526446,-0.03124776000000015,5.981433019071774,0.42295118489987754
R:A:ARG:193,0.0,5.536687485992866,0.3915029266656253,-0.0063599999999999525,2.0881312537769268,0.14765317695532323,0.16516999999999996,10.708223162539618,0.7571857212690621,-0.13896999999999976,8.618749775825957,0.6094376411836571,0.0,0.07325576694364237,0.005179964956687085,0.019840000000001367,14.96560917086206,1.0582283729304147
R:A:LEU:194,0.0,4.35734939929655,0.30811113082417196,-0.014855000000000028,1.374998886972277,0.09722710371020521,-0.0031150000000002365,3.965129311053424,0.28037698241274195,-0.01065500000000001,1.0381913146790431,0.07341121187785282,0.0,0.05692456774949502,0.004025174787178097,-0.0286250000000002,6.138440175841781,0.4340532674245667
R:A:LYS:195,0.0,4.885184831585188,0.34543473217635484,-0.60685,1.266209863608715,0.08953455809630158,0.22733500000000084,8.315594326671727,0.5880013137985961,0.36348499999999995,7.905476749113554,0.5590016217810776,-0.09192722399999999,0.07512367879247277,0.005312046270183752,-0.10795722399999855,12.534737071878107,0.8863397583915418
R:A:CYS:196,0.0,2.9166423426604777,0.20623775787910417,-0.01131000000000006,1.2369845054607596,0.0874680132033991,-0.010975000000000606,2.574565620386282,0.18204928087848907,0.029515000000000003,0.8300951104391593,0.05869658816213256,0.0,0.02756061043736092,0.0019488294533898645,0.007229999999999518,4.165949931894007,0.2945771446925888
R:A:ALA:197,0.0,3.143192572202665,0.22225727823796912,-0.0029700000000000104,1.0364254843209906,0.07328634881579242,-0.0019700000000003113,1.9428838586750365,0.1373826351527004,-0.000750000000000004,1.0283756466875322,0.07271713933798551,0.0,0.050068894628659495,0.0035404054918439835,-0.0056900000000004005,3.9734995134905127,0.28096884510305886
R:A:SER:198,0.0,4.831258196986578,0.34162154327523025,-0.010010000000000012,1.3030837095712615,0.09214193274915607,0.04783500000000007,4.321060065177873,0.3055450874001659,-0.05785500000000001,1.4484075449869074,0.10241787969820015,0.0,0.02996790972996068,0.0021190512188041513,-0.020030000000000023,6.768266062956124,0.4785886829991052
R:A:LEU:199,0.0,5.734408810609861,0.4054839356078117,-0.018870000000000033,1.3230999762300655,0.09355729653800392,0.030935000000000167,5.127982996030213,0.3626031550302272,-0.018999999999999965,1.962441899216382,0.13876559746205108,0.0,0.0625388022031074,0.0044221611125101435,-0.00693499999999994,8.048933896576365,0.5691455739591409
R:A:GLN:200,0.0,4.584610417996277,0.32418091156636597,-0.0026549999999999564,1.3898654713586491,0.0982783299734738,0.024735000000000083,3.57776253654082,0.2529860151063197,-0.0072950000000000115,3.225459916566163,0.22807445794493295,0.0,0.2073404987781014,0.014661187270059656,0.014785000000000572,6.796862896731002,0.4806107845073732
R:A:LYS:201,0.0,4.9982535875593594,0.3534299005853212,-0.0011799999999999233,1.2532478939738936,0.08861800843366995,0.08412000000000021,13.997911548897214,0.9898018178674709,-0.073005,13.507286001816759,0.9551093527310759,0.0,0.21878795494117598,0.015470644658084233,0.009934999999999902,20.124346951992067,1.4230062196704418
R:A:PHE:202,0.0,4.540229736720379,0.3210427234979793,-0.0019499999999998963,1.3478491312828746,0.09530732607465178,0.016009999999999493,2.6258631948180393,0.18567656715240077,-0.011219999999999963,1.631097422396958,0.11533600481527875,0.0,0.09925720500811923,0.007018544274286445,0.0028400000000001003,5.6564893401204275,0.39997419701085735
R:A:GLY:203,0.0,2.832339230874366,0.20027662767719545,-0.00132999999999998,1.0451841278454241,0.07390567843880468,0.019390000000000285,4.384841245147879,0.31005509788705293,-0.014525000000000015,3.0480439810762245,0.21552925683738391,0.0,0.09444196529606291,0.006678055408943067,0.0035350000000003755,6.135216338515209,0.43382530770106054
R:A:GLU:204,0.0,4.010873075622064,0.28361155502509056,-0.006324999999999967,1.6156131613338014,0.11424110221533666,-0.15631500000000012,12.610351851390787,0.8916865307266759,0.1701549999999993,11.344598672393616,0.802184265108943,0.0,0.13718927815957815,0.009700746889272523,0.007514999999998793,17.505342683518567,1.2378146518510293
R:A:ARG:205,0.0,5.5331731429217,0.39125442508392155,-0.004845000000000004,1.8015936425495622,0.12739190815893683,-0.17687999999999995,24.36051023275888,1.7225481978748085,0.17841499999999988,19.0219466108197,1.3450547439879075,0.0,0.3032854782102526,0.02144552182778745,-0.003309999999999178,31.451909932926856,2.223985879484111
R:A:ALA:206,0.0,3.1430819186826806,0.2222494538525348,-0.007734999999999949,0.6405943643016226,0.0452968618987563,0.06544499999999978,2.1742197481337993,0.15374055276951168,-0.08243500000000001,1.159630408093458,0.08199825252330076,0.0,0.05226585500161266,0.0036957540496153143,-0.024724999999999216,4.045247953250091,0.28604222593241413
R:A:PHE:207,0.0,4.593418283675025,0.32480372172128824,-0.48283999999999994,1.2271771383952685,0.08677452762763967,0.10497000000000022,2.1954029447347474,0.1552384309658855,0.12695,0.8923639083636227,0.06309965708900485,-0.030528468000000003,0.024232733815027968,0.0017135130407294832,-0.2814484679999999,5.3124523449992616,0.3756471077879354
R:A:LYS:208,0.0,4.880720880341347,0.3451190831568142,-0.03898499999999999,1.312079272138311,0.09277801507833092,0.09355500000000064,17.83523889684338,1.2611418368040033,-0.022550000000000025,16.887527258325893,1.1941285041834904,0.0,0.12668128286473337,0.008957719416306416,0.03202000000000161,25.076749388303465,1.7731939542584987
R:A:ALA:209,0.0,3.0824622537753816,0.21796299623961407,-0.01814000000000004,0.8064830612914322,0.05702696415512577,0.10091999999999977,1.8457380872566937,0.13051339177934956,-0.144375,0.7330012632151461,0.05183101638377353,0.0,0.06445640685452803,0.004557756237775583,-0.061595000000000226,3.755021044030193,0.26552008437319385
R:A:TRP:210,0.0,4.736360826098451,0.3349112858280533,-1.0565550000000001,1.205774224585598,0.08526111307844274,0.25905000000000017,2.252983096851816,0.15930996256825872,0.00929999999999996,1.186625667596989,0.08390710562878449,-0.141203376,0.09623333052919325,0.006804724059335895,-0.9294083759999997,5.511830868167105,0.3897452983634295
R:A:ALA:211,0.0,3.2042834176770314,0.22657705334830353,-0.5537099999999999,1.0139328636058702,0.07169588035236056,0.3854500000000002,1.7859220727540157,0.1262837608315099,-0.333085,0.7722587958547316,0.05460694313798383,-0.027006696,0.014328299875686018,0.0010131638004971949,-0.5283516959999999,3.883503401646808,0.27460515900654825
R:A:VAL:212,0.0,4.46640546900413,0.31582255946615023,-0.07803000000000003,1.6508183404299819,0.11673048430251627,0.16798499999999986,2.8518461085891365,0.20165597222838455,-0.19731500000000005,0.6984497763440117,0.04938785731710781,0.0,0.04637124496346036,0.0032789421765725356,-0.1073599999999999,5.59437106529049,0.39558177167407155
R:A:ALA:213,0.0,3.286286471840214,0.23237554491598295,-0.04950000000000001,0.9110137018728094,0.06441839663481233,0.11551500000000026,1.9522226856521772,0.13804298994108682,-0.16821999999999998,0.7259068048654732,0.0513293624229836,0.0,0.0004041567220769686,2.8578195884275133e-05,-0.10220499999999945,3.995965341074377,0.2825574190060107
R:A:ARG:214,0.0,6.032902259240571,0.42659060977446506,-1.849435,1.4251315028007063,0.10077201497129547,-8.826825,16.258978018777043,1.1496833612240265,8.65633,14.776649525569049,1.0448669082746853,-0.227450628,0.12016545797952362,0.008496981020170827,-2.2473806280000033,22.828602379990144,1.614225954790239
R:A:LEU:215,0.0,5.35784503877725,0.3788568559466094,-1.5040499999999997,1.4178904744372887,0.10025999694544178,0.2301699999999996,4.29429768888348,0.3036527016243228,-0.14496,1.065182452892461,0.07531977356411793,-0.123507504,0.041577385173105816,0.002939965099990814,-1.5423475039999999,7.091844036265027,0.5014691009160376
R:A:SER:216,0.0,3.75859457286896,0.26577277102065966,-0.04253499999999999,1.2871610102372584,0.09101602788176925,-0.13251499999999936,2.558341203450978,0.18090204135491392,0.22039999999999998,0.9491987336432767,0.06711848612528444,0.0,0.0010642876242820828,7.525649962627812e-05,0.04535000000000029,4.819741249424926,0.3408071721032888
R:A:GLN:217,0.0,4.460892447924518,0.31543273000712846,-0.06659000000000001,1.6619851320484187,0.11752009571026564,0.010625000000000568,4.23180979216635,0.299234140073246,0.06294,2.185377047879839,0.15452949300052726,0.0,0.07742740982887421,0.005474944653970689,0.006975000000000442,6.734377326328532,0.4761923874515836
R:A:ARG:218,0.0,5.846143969793252,0.41338480448336506,-1.29352,1.6970931049149895,0.1200026042790322,-6.261755000000001,17.686325576005746,1.2506120749066734,6.721365,16.00817226358384,1.1319487161982538,-0.13767609599999997,0.12803024578045824,0.009053105498834238,-0.9715860959999987,24.61994329130724,1.7408928853711596
R:A:PHE:219,0.0,4.366992013497391,0.30879296661315003,-0.499555,1.3338795824117706,0.09431952980096432,0.11428000000000055,1.8337816297476643,0.1296679425609892,0.008140000000000007,0.767603234229768,0.05427774521845947,-0.056120795999999994,0.032565278665164586,0.002302712937536748,-0.433255796,4.980249418904593,0.35215681361078005
R:A:PRO:220,0.0,3.8586342235563085,0.2728466425595154,-0.011720000000000081,1.384361593930574,0.09788914706825265,-0.048705,2.0725042545131234,0.14654818124042,0.06663500000000001,1.3898634201873938,0.0982781849337634,0.0,0.013124698653758416,0.0009280563419102527,0.006209999999999738,4.799237602308803,0.3393573453118021
R:A:LYS:221,0.0,4.7306934637482065,0.33451054279312337,-0.004395000000000018,1.7502235547137972,0.12375949441305503,-0.5624550000000016,17.98663264854417,1.2718469916496933,0.5834149999999994,16.542367582673133,1.1697220294588688,0.0,0.12351376493104681,0.008733742075262438,0.016564999999997953,24.952492421870453,1.7644076599010534
R:A:ALA:222,0.0,3.3860315139629167,0.23942858448345303,-0.0075450000000000005,1.2653648236279527,0.0894748047462245,0.030990000000000677,2.985645561306633,0.21111702226194362,-0.021905000000000004,1.5024357807157682,0.10623825288414243,0.0,0.012605073990517943,0.0008913133296053412,0.0015400000000010076,4.923201106113817,0.34812288872781916
R:A:GLU:223,0.0,3.8200880356282365,0.27012101547223233,-0.003675000000000033,1.343627188685537,0.095008789650616,0.17275499999999994,9.979547678370748,0.7056605836550423,-0.1715800000000027,9.304495452984003,0.6579271830324386,0.0,0.1482405492615015,0.010482189762962614,-0.0025000000000031976,14.233249431596613,1.0064427191401537
R:A:PHE:224,0.0,4.469539030011932,0.31604413568993805,-0.00485999999999998,1.2385639071723349,0.08757969376944635,-0.007540000000000475,3.0232997138474382,0.2137795729220872,-0.005995000000000015,1.1075483914371416,0.07831549780774555,0.0,0.1152803319481132,0.008151550445794704,-0.018395000000001112,5.647221781284055,0.39931888164103296
R:A:ALA:225,0.0,2.9683446504659794,0.2098936631243306,-0.0020750000000000135,0.7259541163703116,0.05133270785157354,-0.01986000000000004,3.4057569903033302,0.24082338629169714,0.02479000000000001,2.709092462569338,0.1915617651144142,0.0,0.09321832694890315,0.006591531111643411,0.0028550000000002198,5.3183767868828316,0.3760660290909972
R:A:GLU:226,0.0,3.855757964596585,0.2726432603380285,-0.011574999999999993,1.693111874825465,0.11972108879965553,-0.21091500000000005,14.189118466637561,1.0033221886818686,0.20783000000000115,12.405730309074915,0.8772176027118356,0.0,0.1070038641296493,0.0075663157939238985,-0.014659999999998306,19.312642866550885,1.3656100733572134
R:A:VAL:227,0.0,4.09877923533337,0.28982745918908376,-0.03578499999999999,1.402152396879526,0.0991471468090484,-0.05812999999999967,3.409215868128623,0.24106796588825316,0.042140000000000004,0.8620079499343379,0.06095316668352843,0.0,0.007805038430601607,0.0005518995601700005,-0.05177499999999978,5.57959622409632,0.3945370326341363
R:A:SER:228,0.0,6.027005182609353,0.426173623486954,-0.009455000000000014,1.2022591552469044,0.08501256014186963,-0.030544999999999937,7.972105981795211,0.5637130200065233,0.04832499999999998,3.011953632872691,0.21297728384237366,0.0,0.08896159983041958,0.0062905350505293705,0.008325000000000787,10.507353195994193,0.7429820697209637
R:A:LYS:229,0.0,4.442608059321686,0.3141398284900372,-0.016729999999999936,1.856991268517437,0.13130911185728886,0.4118799999999986,11.220021488141189,0.7933753279323412,-0.39264500000000047,10.347975564692593,0.7317123693346825,0.0,0.15744258991873578,0.011132872297911083,0.0025049999999979633,16.005606879810752,1.131767316172024
R:A:LEU:230,0.0,4.771071130128957,0.337365674963755,-0.21955000000000005,1.2783825014251406,0.09039529357079382,-0.07610500000000059,2.517812947554882,0.1780362608975346,0.085945,1.1186212455406879,0.07909846683011625,-0.004769712,0.017385513216086546,0.001229341428950314,-0.21447971200000068,5.655827024814301,0.3999273642464328
R:A:VAL:231,0.0,4.15212928688402,0.2935998775118954,-0.14546000000000003,1.627574967858624,0.115086929666231,-0.08826500000000018,2.904166917908645,0.20535561213508383,0.11981,1.0407803644141254,0.0735942853403034,-7.2936e-05,0.032425155861300035,0.002292804759055598,-0.11398793600000033,5.422881018034383,0.38345559414199204
R:A:THR:232,0.0,4.7305422310291245,0.33449984902500335,-0.020040000000000023,1.1780824770575276,0.0833030108324423,-0.012544999999999718,5.456218962053759,0.3858129427706839,0.03144500000000001,2.4929775697296193,0.1762801344901773,0.0,0.09690213092795016,0.006852015389058023,-0.001140000000000043,7.730495499664196,0.546628578974464
R:A:ASP:233,0.0,4.793728918576853,0.33896782254957475,-0.04541499999999992,1.5807137410280836,0.1117733405395714,-0.6717150000000001,17.46693070344859,1.235098514692401,0.5956549999999994,16.46957266565757,1.164574651513107,0.0,0.10670763958212685,0.007545369555293195,-0.12147500000000022,24.53223127611246,1.734690709297583
R:A:LEU:234,0.0,5.707074909110621,0.4035511368971719,-1.9736950000000002,1.239834332229512,0.08766952638673828,-0.20851499999999945,3.8085768345374102,0.26930705063713983,0.30981499999999995,0.9825452141123074,0.06947643837212009,-0.30433489199999997,0.04065057325326097,0.0028744296006501325,-2.176729891999999,7.041320775325524,0.4978965668742396
R:A:THR:235,0.0,4.147745035823682,0.29328986414637653,-0.07188000000000005,1.5190852087852083,0.1074155452332203,-0.026874999999999788,3.2488111519715943,0.22972563963535936,0.078425,1.3090291753337662,0.09256234066495402,-1.2276000000000023e-05,0.04630560922020692,0.003274301028658263,-0.020342275999999673,5.637542394186075,0.39863444561556177
R:A:LYS:236,0.0,4.790354708949015,0.3387292298986758,-0.01757499999999997,2.0204431988242084,0.14286690868908375,0.593464999999998,25.817902381097408,1.8256013849686288,-0.5672400000000002,23.82208808368297,1.6844760025995476,0.0,0.14409538165299973,0.010189082150449974,0.008649999999997889,35.5120601551482,2.511081854960989
R:A:VAL:237,0.0,3.778298286371789,0.2671660339639004,-0.09351500000000007,1.2138078362224394,0.08582917520502571,0.06296500000000002,2.3791923510458335,0.16823430451716737,-0.186425,1.159943050056769,0.08202035964853482,-0.001117404,0.005725790519237672,0.00040487453038066007,-0.21809240400000032,4.770212187251429,0.3373049385304199
R:A:HIS:238,0.0,4.216724259422236,0.29816743182312855,-0.7451499999999999,1.2908167869608762,0.09127453033294666,0.07953499999999998,2.511544777437783,0.17759303433799145,0.30820000000000003,1.8636020227505656,0.13177656277198915,-0.10402001999999999,0.03905322715822251,0.0027614801750797777,-0.46143502000000014,5.406418988602943,0.3822915528776857
R:A:THR:239,0.0,4.568970072778985,0.3230749721500414,-0.010079999999999971,1.2611686383469898,0.0891780896394961,0.03908499999999972,4.935600002519957,0.3489996231006202,-0.017320000000000012,2.1560026498940115,0.15245240939962212,0.0,0.12849577156262845,0.00908602314257321,0.01168499999999982,7.1757257357590305,0.5074004327690038
R:A:GLU:240,0.0,4.058763947798639,0.28699795107238996,-0.006130000000000093,1.5445256414511221,0.10921445547865906,-0.487795,15.436665636023054,1.091537095014125,0.4709249999999996,13.54183662352249,0.9575524506213093,0.0,0.0715028346717301,0.005056013927044094,-0.02299999999999983,20.988954761801885,1.484143224208779
R:A:CYS:241,0.0,3.4234834153242217,0.24207683382554387,-0.012670000000000056,0.766519018094137,0.05420107956028182,0.042999999999999684,1.9231950161125104,0.13599042374373277,-0.053625000000000006,1.3360066394202537,0.09446993544443119,0.0,0.029616111198734512,0.0020941753061000023,-0.023295000000000562,4.218087247167552,0.29826380961086724
R:A:CYS:242,0.0,3.142939006694212,0.2222393484489189,-0.009179999999999971,1.0303516234761803,0.07285686199665754,0.008594999999999757,1.9131799392568904,0.13528225086786141,0.017279999999999997,1.3129380137691193,0.0928387372813741,0.0,0.03169908960412787,0.002241464121651881,0.016694999999999616,4.040390897927665,0.28569878025690554
R:A:HIS:243,0.0,4.115246990637378,0.29099190533372227,-0.0020149999999999045,1.2431492321016813,0.08790392520459481,0.019580000000000056,7.982277772290312,0.5644322742101128,-0.007010000000000065,6.249005886519071,0.4418714438032288,0.0,0.15345292113761536,0.010850760112929231,0.010554999999999575,11.012313953478655,0.7786881873059995
R:A:GLY:244,0.0,2.5947848857275244,0.18347899884182933,-0.000855000000000048,0.7304316475037209,0.0516493171143143,0.021910000000000665,2.522132626320432,0.1783417083123014,-0.015539999999999991,1.5496281790803883,0.10957525937455041,0.0,0.0404010582163127,0.002856786223186719,0.005515000000000155,4.003819641108975,0.2831128018876045
R:A:ASP:245,0.0,5.2013861243903055,0.3677935400126,-0.0017049999999999477,1.1145390463662546,0.07880981175827664,-0.4708800000000001,10.013375394358787,0.7080525643917618,0.4692349999999986,9.554326525997267,0.6755929076203175,0.0,0.06431779926710653,0.004547955201276618,-0.003350000000001643,14.827460801968172,1.0484598080849419
R:A:LEU:246,0.0,4.2901413381787314,0.30335880324749104,-0.0034399999999999097,1.374671890816132,0.09720398159026201,-0.05904999999999983,1.9383865312547957,0.13706462608109357,0.059899999999999995,1.0507553583969962,0.07429962392906171,0.0,0.023063880518993326,0.001630862631545649,-0.0025899999999998745,5.015675091080421,0.35466178691314204
R:A:LEU:247,0.0,4.382737755279228,0.30990635869202493,-0.0017349999999998823,1.237751890636811,0.0875222755295759,-0.04664000000000065,3.0389424696676968,0.21488568279378223,0.047505000000000006,1.5132369666958974,0.10700201206928307,0.0,0.04373362787122568,0.003092434483363267,-0.0008700000000000152,5.680439248496263,0.40166771127299233
R:A:GLU:248,0.0,4.225147889388015,0.2987630724102294,-0.0029899999999999593,1.5273048418537802,0.10799676106138555,-0.5420449999999998,12.083148411381654,0.8544076179771426,0.5296549999999999,10.571172703554465,0.7474947903777491,0.0,0.061244902099495596,0.004330668558765956,-0.015379999999999611,16.671546225981356,1.178856338925641
R:A:CYS:249,0.0,3.1155949365650857,0.22030583070756435,-0.015415000000000002,0.9549701466930786,0.06752658665573878,-0.1312499999999995,1.8532848006445206,0.13104702500056994,0.12594000000000002,1.6577289178270371,0.1172191359164535,0.0,0.0034618522689866473,0.00024478992148664944,-0.02072499999999949,4.09898054295774,0.28984169378771346
R:A:ALA:250,0.0,2.9698963758942836,0.21000338668161997,-0.007864999999999971,0.805178617994169,0.056934726085008956,-0.08573000000000014,1.7397928701716192,0.12302193363583586,0.09079999999999998,1.0122605187401117,0.07157762771285452,0.0,0.02122546262261513,0.001500866855427276,-0.0027950000000003805,3.677036605690586,0.26000575185549785
R:A:ASP:251,0.0,4.018043578658649,0.2841185861572593,-0.0051500000000000365,1.3870746384207306,0.0980809882839177,-0.8129050000000001,9.247129547458227,0.6538708009518203,0.8040899999999997,8.596005718457265,0.6078293934639473,0.0,0.024739157067710127,0.0017493225723416936,-0.013965000000000529,13.32178597102008,0.9419925197624114
R:A:ASP:252,0.0,5.049622905108856,0.3570622598637386,-0.016945,1.8411149830130111,0.13018648894326554,-0.851755,12.937237521023372,0.9148008380936665,0.8139100000000016,10.113591377720379,0.7151389045335877,0.0,0.06862151906050788,0.004852274146300704,-0.05478999999999779,17.278598033643476,1.2217813838985847
R:A:ARG:253,0.0,5.953808371975033,0.42099782737087843,-0.278345,1.2354067681031216,0.08735645032494738,2.54217,8.949597036612879,0.6328320753475997,-2.1498099999999996,7.433489878482381,0.5256271100956457,-0.069048576,0.10536130627033011,0.007450169413842312,0.04496642399999857,13.127727294127645,0.9282704991245384
R:A:ALA:254,0.0,3.243845006400583,0.22937448011439718,-0.018564999999999984,0.9318829889395985,0.06589407807515786,-0.06289000000000045,2.1495838932570184,0.15199853476514175,0.067345,1.1841993519568401,0.08373553920453967,0.0,0.020340996759824724,0.0014383256744965652,-0.014110000000000266,4.173055128571773,0.2950795579678401
R:A:ASP:255,0.0,4.478319031059534,0.3166649755178966,-0.01427999999999999,0.7646879906210113,0.054071606366003215,-0.8549749999999999,10.170616117112818,0.7191711625255667,0.8449900000000014,9.858544394034547,0.6971043593650451,0.0,0.09015858539411699,0.0063751747114366535,-0.024264999999997913,14.87550158509942,1.0518568044375036
R:A:LEU:256,0.0,4.146355086573026,0.2931915798923121,-0.47911000000000004,1.3040480484629393,0.09221012180612279,0.13408500000000018,2.3711085585386007,0.16766269406721043,-0.04988499999999999,0.9428250291411445,0.06666779715781075,-0.04859290799999999,0.035677351397603495,0.002522769710802078,-0.4435029079999998,5.040352122818677,0.3564067165613097
R:A:ALA:257,0.0,3.351820806360327,0.23700952214995488,-0.11982999999999996,0.8679250349828607,0.06137156777979522,0.07208500000000029,1.9452803194077195,0.13755209051619316,-0.061759999999999995,1.0230217592749433,0.07233856232847043,-0.005606424,0.011416366907862763,0.0008072590457063457,-0.11511142399999912,4.101074975998167,0.2899897925682762
R:A:LYS:258,0.0,4.9436134048689535,0.3495662562147554,-0.013310000000000077,1.473676541086951,0.10420466754781188,0.7328900000000005,16.19017145022714,1.1448180021028451,-0.6947549999999998,15.620815600152733,1.1045584638532606,0.0,0.17895721578597992,0.012654186082453067,0.024825000000000513,23.081910521691153,1.6321375452628935
R:A:TYR:259,0.0,4.336380420575436,0.30662840011934633,-0.023865000000000015,1.6346745148117408,0.11558894344562112,0.1190950000000003,3.836473059187958,0.2712796115991304,-0.12240500000000001,1.4954539336519197,0.10574456174373698,0.0,0.11023784975044547,0.007794993110196375,-0.02717500000000001,6.200275502458951,0.43842568530135523
R:A:ILE:260,0.0,4.782694184113176,0.33818754899278886,-0.42902500000000005,1.6311290389405124,0.11533824044251324,0.2388,2.5663901089955123,0.18147118492408096,-0.20736999999999997,1.1358970424734804,0.08032005014627418,-0.073366596,0.037658260501884894,0.0026628411368572326,-0.4709615960000002,5.7803792287062805,0.4087345350448076
R:A:CYS:261,0.0,3.163027999591531,0.22365985475940917,-0.013709999999999934,0.98871440097735,0.06991266575878793,0.05344999999999956,4.369780018341885,0.30899010832630225,-0.033405,2.7384864779974722,0.19364023587796778,0.0,0.055272381608728674,0.003908347584786266,0.006334999999999104,6.130223725765945,0.4334722766679762
R:A:GLU:262,0.0,4.488934604998161,0.31741560994971557,-0.003710000000000029,1.174660164366699,0.08306101678133973,-0.4304550000000002,15.085272555747045,1.0666898520216055,0.4455799999999991,14.168835251035986,1.0018879487522543,0.0,0.12194261416720585,0.008622644939324601,0.011414999999998586,21.210058247044607,1.4997776015846898
R:A:ASN:263,0.0,4.042343040242873,0.28583681756379803,-0.005859999999999968,1.348941105830792,0.09538454033542333,0.1293249999999996,3.643296625128813,0.2576199749502647,-0.10314999999999996,2.408734644476224,0.17032326011881055,0.0,0.0822485294614747,0.00581584929248303,0.020314999999999587,6.102668028721009,0.43152379464389656
R:A:GLN:264,0.0,4.428844641009662,0.31316660784796324,-0.007345000000000029,1.4996585402934228,0.10604187233057985,0.05434499999999993,4.679664723447075,0.33090226596288963,-0.03661999999999998,3.532468808829032,0.24978326490529743,0.0,0.11908832041854839,0.008420815892807194,0.010379999999999931,7.500361353225596,0.5303556374215329
R:A:ASP:265,0.0,6.75235067512048,0.4774632951327254,-0.0021099999999999617,1.5360430850565359,0.10861464816381813,-0.09240000000000011,21.78848594344155,1.540678616239529,0.1003850000000007,24.994020127217933,1.7673441121068856,0.0,0.2904387436291515,0.020537120513947422,0.00587500000000027,33.87443260764785,2.3952841005714496
R:A:SER:266,0.0,6.096159088983817,0.4310635431012462,-0.003314999999999968,1.228702765674026,0.08688240576707693,0.05500999999999969,7.671216843415391,0.5424369449931484,-0.04230999999999993,3.606360900949876,0.25500822484676844,0.0,0.2646371153002312,0.018712669878243972,0.009385000000000303,10.516477819782127,0.743627278056586
R:A:ILE:267,0.0,4.564338916228723,0.3227474999298987,-0.04359500000000002,1.445433135387106,0.10220755717839557,0.1428699999999999,2.2892781267246662,0.1618764087429048,-0.131085,1.3188148588315949,0.09325429298094001,-0.00022103999999999996,0.01810265051762664,0.0012800506938463962,-0.03203104000000053,5.468350882158693,0.3866707990681851
R:A:SER:268,0.0,3.586453207250862,0.25360053832553264,-0.012780000000000003,1.6326407536871055,0.1154451348173668,-0.11126000000000015,5.135190684458562,0.3631128155666638,0.12330000000000002,2.7562838496787663,0.1948987000982818,0.0,0.028307411497965826,0.002001636262804968,-0.0007400000000002218,7.035356975569591,0.4974748625493337
R:A:SER:269,0.0,6.6328752957936725,0.46901511004204327,-0.002914999999999982,0.9986446234146559,0.07061483852119892,-0.034115000000000215,6.569745629442208,0.4645511685249268,0.04723499999999998,3.414751049604495,0.2414593623239219,0.0,0.17559490229531097,0.012416434615480363,0.010205000000000207,9.992259089389501,0.7065594161480232
R:A:LYS:270,0.0,4.711372460674277,0.3331443415638332,-0.011889999999999961,2.036390039788547,0.1439945206275225,-0.5397899999999985,27.72384777148908,1.9603720759803482,0.5822349999999996,23.832736131996572,1.6852289333164425,0.0,0.14695402045921163,0.010391218438933519,0.030555000000001015,36.91851239060905,2.610533046271924
R:A:LEU:271,0.0,4.159835058695236,0.29414475786209415,-0.07130000000000004,1.3384519420584362,0.09464284445218242,-0.02786499999999954,2.678507662631376,0.18939909317067752,0.035780000000000006,1.1020005349363493,0.07792320511246954,-0.0009837359999999998,0.009245820176701686,0.0006537782144577165,-0.0643687359999991,5.242573345191819,0.3707059163252978
R:A:LYS:272,0.0,4.3146488570913855,0.30509174652881055,-0.003209999999999997,1.347083559212271,0.09525319195439069,0.12470500000000001,16.931519798868468,1.1972392465574182,-0.10879500000000025,15.396772423692408,1.0887162189178936,0.0,0.19217400165716517,0.01358875397395363,0.012699999999999854,23.328195890142528,1.649552550676793
R:A:GLU:273,0.0,4.110752737005718,0.29067411361179035,-0.003605000000000019,1.4617463311652266,0.10336107431414884,-0.12037500000000005,13.370180454749853,0.9454145265241458,0.1428649999999992,12.410037199435584,0.8775221458498212,0.0,0.177728878895821,0.01256732954799177,0.018884999999998868,18.75732727868815,1.32634333156958
R:A:CYS:274,0.0,3.166405453751935,0.223898676833406,-0.013014999999999922,1.0856521332245426,0.07676719854127151,0.020429999999999778,2.199595363095222,0.15553487971111174,-0.0023850000000000017,1.063811190425726,0.07522281066521644,0.0,0.0309643609504961,0.0021895109603203722,0.00502999999999957,4.144349991711495,0.293049798274961
R:A:CYS:275,0.0,3.386759477723507,0.2394800592946102,-0.006074999999999935,0.8834549220956325,0.062469696628645474,-0.031180000000000447,3.6215134902068224,0.25607967470838056,0.037325,2.547793977282111,0.18015623984024254,0.0,0.06798500844390186,0.004807266048970769,6.999999999923249e-05,5.644631824231154,0.3991357440215241
R:A:GLU:276,0.0,4.118258937925104,0.291204882168895,-0.0014599999999999873,1.3848555961362903,0.09792407829921096,-0.2787049999999999,13.422444083171849,0.9491101231308066,0.28466499999999895,13.397118351667084,0.9473193234822537,0.0,0.15844780210484824,0.01120395153324423,0.004499999999999318,19.456304189192558,1.375768462900629
R:A:LYS:277,0.0,4.5065869187002265,0.31866381702195185,-0.003545000000000007,1.520799881961792,0.10753679093628842,0.3908299999999993,16.716263920157218,1.182018357404719,-0.35277000000000003,16.034416652418322,1.1338044747295497,0.0,0.11403186350287761,0.008063270395422354,0.03451500000000078,23.64680016480811,1.6720812749898983
R:A:PRO:278,0.0,3.5774008174581176,0.25296043770469334,-0.001879999999999985,0.9973378282207087,0.07052243414687272,-0.053159999999999916,2.2579530059325856,0.159661388209548,0.040565,1.2949812817469604,0.09156900458329227,0.0,0.06127008608624448,0.0043324493355467,-0.014474999999999945,4.5355883491421505,0.3207145278349113
R:A:LEU:279,0.0,3.966272141892182,0.28045779275632543,-0.006544999999999996,1.3487271354781143,0.0953694103466882,-0.09767999999999986,2.3385896377945405,0.16536325912971114,0.08935,0.9523280938311124,0.06733976530624383,0.0,0.08114380449906529,0.005737733441256455,-0.014874999999999914,4.892125734160313,0.34592552810419747
R:A:LEU:280,0.0,5.448454449616881,0.3852639088310115,-0.007825000000000016,1.1561525866748732,0.08175233341241704,-0.09845500000000029,3.581497106514956,0.2532500890816724,0.093045,1.4152741710972472,0.10007499636210336,0.0,0.15129244967715735,0.010697991710904246,-0.013235000000000587,6.773134916853814,0.4789329629598714
R:A:GLU:281,0.0,4.474223400211483,0.3163753706833072,-0.007349999999999996,1.1997327520327183,0.08483391645739338,-0.6682499999999999,16.83053652553893,1.1900986508216451,0.6604499999999998,16.44422725739036,1.1627824605073385,0.0,0.13911670228628117,0.00983703635629395,-0.015150000000000219,23.982430172906902,1.6958139004595336
R:A:LYS:282,0.0,4.912918088870403,0.3473957696054315,-0.02568499999999996,1.5403609033518737,0.1089199640234746,0.7598500000000005,8.874235286488071,0.627503194892066,-0.7147199999999998,8.525301775362559,0.6028298697020578,0.0,0.05563963025932763,0.003934315985908279,0.019445000000000264,13.33961745740598,0.943253396256622
R:A:SER:283,0.0,3.342669277620806,0.23636241134696098,-0.09938500000000001,1.1028375482250323,0.07798239088970664,-0.3146250000000002,2.8499407983982747,0.20152124645276234,0.47151499999999996,1.57891039589807,0.11164582478254616,-0.0065580479999999995,0.017666832587286265,0.0012492337124557595,0.050946951999999435,4.796365422582881,0.3391542515357036
R:A:HIS:284,0.0,3.997680032162404,0.28267866597560914,-0.09205499999999996,1.276536057021109,0.09026473023487634,-0.19664999999999977,7.111295077318899,0.5028444972190708,0.270485,5.200207926696297,0.36771022885469884,-6.213599999999958e-05,0.11094252440713052,0.007844821133023604,-0.018282135999999866,9.758892270423003,0.6900578901285088
R:A:CYS:285,0.0,3.1774266511125004,0.22467799317245113,-0.04803000000000001,1.016898763643658,0.07190560115526468,0.1434550000000003,2.699073439381559,0.19085331319071983,-0.163985,1.4342831252144745,0.1014191323980589,0.0,0.08739210295305526,0.006179554862025828,-0.06855999999999957,4.525475236128086,0.3199994227557962
R:A:ILE:286,0.0,4.1921914180473685,0.29643269797333427,-0.886815,1.39393701176739,0.09856623135676337,0.04858999999999952,3.611273012927713,0.25535556361571604,0.2927499999999999,1.4880048629960858,0.10521783290630918,-0.089499024,0.04325251725878067,0.003058414825707199,-0.6349740240000001,5.8970205447135955,0.41698232159633714
R:A:ALA:287,0.0,2.918559366528288,0.20637331193676667,-1.38405,1.1315349795521126,0.08001160571910802,0.28729500000000024,3.2291275200702434,0.22833379667577683,-0.016815000000000014,2.597976992656979,0.1837047148874383,-0.298629468,0.14392866118333725,0.01017729323298388,-1.4121994680000003,5.195750633032731,0.36739505059717414
R:A:GLU:288,0.0,3.952476107049858,0.27948226577727614,-0.17740999999999998,1.3538046959218304,0.09572844808885182,-0.15391000000000019,13.861251087961001,0.9801384640026634,0.3729800000000001,14.059477902445382,0.9941552164761547,-0.012599928000000003,0.13265675105725427,0.00938024882427602,0.029060071999999656,20.181071650384453,1.4270172615598435
R:A:VAL:289,0.0,4.066876388974713,0.28757158728914783,-0.09126999999999992,1.3638632517595008,0.09643969539302785,0.29966500000000024,3.8007834341455182,0.26875597401057894,-0.30581,2.3905169871598906,0.16903507721623937,-2.303999999999997e-05,0.10393599160333694,0.007349384447206762,-0.09743803999999993,6.210550330061383,0.4391522253286755
R:A:GLU:290,0.0,4.56069913916167,0.32249012882528666,-0.01980999999999998,1.2595357684281934,0.08906262830025845,0.6504300000000001,15.454705254981409,1.0928126887036724,-0.5890049999999997,15.184429175737064,1.0737012838610536,0.0,0.11074730052560558,0.00783101671997602,0.041615000000000464,22.17686803554097,1.5681413773410209
R:A:ASN:291,0.0,4.467530264917072,0.31590209454789947,-0.03640499999999999,1.3131008542663432,0.09285025184335798,0.19528999999999955,8.017313608154542,0.5669096819225263,-0.13781999999999997,5.583652105257813,0.3948238267414342,0.0,0.156610330894546,0.011074022697940255,0.021064999999999615,10.824143182775156,0.7653825045074453
R:A:ASP:292,0.0,4.162500275051042,0.2943332171179461,-0.010684999999999991,1.8176349043124693,0.12852619665607085,0.7681849999999997,13.417630609309342,0.9487697591298823,-0.75862,11.296538473399716,0.7987858958475669,0.0,0.04249571276589675,0.0030049006668121324,-0.0011200000000004095,18.11840510971243,1.2811647117362652
R:A:GLU:293,0.0,4.061792063357011,0.28721207117694414,-0.00287000000000001,1.4623932662249237,0.10340681953091876,0.644795,16.296473308598856,1.1523346785935822,-0.6322249999999999,16.019886539116783,1.132777040564857,0.0,0.12790302264160183,0.009044109464413318,0.00970000000000006,23.256502639870444,1.6444830723335235
R:A:MET:294,0.0,4.301730094833937,0.3041782520891327,-0.001934999999999989,1.4905676418985485,0.10539904874037051,-0.029685000000000236,2.7699171213729485,0.1958627179847533,0.03807999999999998,1.9911902968701911,0.14079841615497668,0.0,0.21485036741623012,0.015192215174043757,0.00645999999999999,5.692988146999683,0.40255505239581135
R:A:PRO:295,0.0,4.155012158129023,0.2938037272925583,-0.0012149999999999882,1.3926428583003614,0.09847472088752017,0.015589999999999833,2.6091384964964965,0.18449395239275457,-0.016664999999999996,1.8363533085370582,0.12984978771209063,0.0,0.14168630325076073,0.010018734582986648,-0.0022900000000001166,5.422495029152066,0.38342830060637717
R:A:ALA:296,0.0,3.037273866273833,0.21476769471629104,-0.0002349999999999919,0.5514545514138042,0.03899372528208865,-0.005639999999999361,2.1878716356198775,0.15470588699125185,0.005304999999999991,1.2903398939329902,0.09124080890355478,0.0,0.12205982491681154,0.008630932990912015,-0.0005699999999990579,3.999474040134367,0.2828055214958569
R:A:ASP:297,0.0,11.169574144234415,0.7898081620354084,-0.0003099999999999975,2.1086616153143205,0.1491048927416535,0.33368500000000006,21.202761000517715,1.4992616083343742,-0.3336399999999999,22.087317135541834,1.5618091724759462,0.0,0.277357014159291,0.019612102552168793,-0.0002650000000003416,32.66021156661158,2.309425707373836
R:A:LEU:298,0.0,5.274451023902866,0.37296000860380457,-0.00033500000000000527,1.5393445482980737,0.10884809686841107,0.007965000000001084,4.347708926236322,0.3074294464366987,-0.00687999999999998,2.642960232457159,0.1868855102776831,0.0,0.2188424731422071,0.015474499677048953,0.0007500000000010778,7.491669971882169,0.5297410639529514
R:A:PRO:299,0.0,3.3004225611200146,0.2333751173749035,-0.0001450000000000018,1.1924580555201931,0.08431951773388531,0.014829999999999828,7.362523113138592,0.5206090019942989,-0.014510000000000058,4.679606142096789,0.3308981236358858,0.0,0.0852084768549233,0.006025149179869325,0.0001749999999998586,9.403587933193528,0.6649340795045134
R:A:SER:300,0.0,9.699893144679482,0.6858860219387767,-0.00017499999999997628,0.9913902798973772,0.07010187897178648,-0.02051999999999989,9.606246347994102,0.6792641934415137,0.022210000000000122,2.6725210502257974,0.18897577574784552,0.0,0.14077168074738566,0.009954061005550416,0.001515000000000355,13.946789452545179,0.9861869397675712
R:A:LEU:301,0.0,4.429338182527949,0.313201506503401,-0.00047000000000000595,1.326243112366658,0.09377954982564161,-0.024170000000000053,3.0324119845017763,0.21442390775925618,0.02562000000000001,1.6086479786920442,0.11374858942751773,0.0,0.0558503220936391,0.003949214148386506,0.0009799999999999054,5.75884949880425,0.40721215324372356
R:A:ALA:302,0.0,3.0944762298004487,0.21881251263124785,-8.499999999999286e-05,0.7449695241249805,0.0526773002286089,-0.012764999999999525,2.5191893051684304,0.1781335840777224,0.012240000000000075,1.8502528344526323,0.1308326326151087,0.0,0.09518468152706691,0.0067305733772870914,-0.0006099999999995064,4.462014473188922,0.3155120691744407
R:A:ALA:303,0.0,3.4915612747021925,0.24689066542702662,-6.499999999999728e-05,0.9101254588654247,0.06435558836942601,-0.010934999999999917,2.4311123431620754,0.17190560236762203,0.011054999999999987,1.5989624476437838,0.11306371895915594,0.0,0.09346115306932078,0.006608701511283063,5.500000000030703e-05,4.636275618107495,0.3278341929013662
R:A:ASP:304,0.0,4.298838244433023,0.30397376738626636,-0.00010000000000000675,1.134274102212512,0.08020529093987504,0.2519949999999999,8.694237018535611,0.6147753953049642,-0.25092500000000145,8.175771502009765,0.578114347050283,0.0,0.10948937238372375,0.007742067768039016,0.0009699999999979525,12.736230717954388,0.9005875107421959
R:A:PHE:305,0.0,4.097801510468754,0.2897583236008933,-0.00026000000000006904,1.5608324925340322,0.11036752397671154,-0.011615000000000037,3.443106498218578,0.2434643953237824,0.011559999999999964,2.361548768795597,0.16698671485181088,0.0,0.11689713466440485,0.00826587566224777,-0.00031499999999991425,6.055884342894747,0.4282156884942315
R:A:VAL:306,0.0,4.12097496716493,0.29139693443823317,-7.500000000000062e-05,1.699002710967525,0.12013763381794647,-0.00823999999999998,3.976667829502484,0.2811928788767596,0.008009999999999995,1.7362021627391206,0.1227680322783582,0.0,0.1758923556363881,0.012437467742936588,-0.00030499999999993754,6.223203997037724,0.4400469747012602
R:A:GLU:307,0.0,4.204389995587945,0.2972952676633115,-4.0000000000008914e-05,1.508204447397633,0.10664615921705758,0.18211,12.256990645484724,0.8667001202362326,-0.18177499999999924,11.680960029538456,0.8259686047655657,0.0,0.19567492424192934,0.01383630658396322,0.0002950000000005204,17.511953387937684,1.2382820992433472
R:A:SER:308,0.0,9.72291793414919,0.687514120415719,-5.5000000000007266e-05,1.610340298096958,0.11386825448023252,-0.003184999999999718,8.281403094891289,0.5855836286136892,0.003239999999999997,2.9036286073032826,0.2053175478271402,0.0,0.07478757239077004,0.005288279958599331,2.9920510513647967e-16,13.196462348678304,0.9331308014423383
R:A:LYS:309,0.0,4.730518209324429,0.33449815043397474,-3.0000000000001136e-05,1.4002838456184517,0.09901502028227838,-0.13365000000000038,24.7134550588126,1.7475051658635377,0.13343499999999975,24.362717052729874,1.7227042436114433,0.0,0.27802757269235534,0.019659518200760024,-0.0002450000000006192,35.0529990135445,2.4786213303402675
R:A:ASP:310,0.0,6.185605541319298,0.43738836240119605,-4.499999999999949e-05,1.6184593566027536,0.11444235861286238,0.15222000000000047,14.951738236892393,1.0572475497832805,-0.1518050000000003,11.892286275938492,0.8409116269527821,0.0,0.14140153645692324,0.009998598529888724,0.00037000000000027457,20.146515087471393,1.4245737435628112
R:A:VAL:311,0.0,3.9021190842669062,0.27592148654825704,-8.999999999999898e-05,1.1608619114692325,0.08208533296210718,-0.002044999999999888,2.622370648168371,0.1854296068104417,0.002515000000000001,1.0721761318808585,0.07581430134793171,0.0,0.01554169686369053,0.001098963924346127,0.00038000000000029124,4.9599158000707435,0.3507190096344323
R:A:CYS:312,0.0,3.209708901941109,0.22696069301973854,-2.4999999999999466e-05,0.7853179328622262,0.055530363571428196,0.0009199999999998454,2.2039896998398154,0.1558456062422037,-0.0009299999999999576,1.2283880541180787,0.08686015229954412,0.0,0.06702350569834413,0.004739277537819434,-3.500000000010495e-05,4.158119220235405,0.2940234297610574
R:A:LYS:313,0.0,5.534491823966316,0.39134766991480857,-4.4999999999997265e-05,1.2584066865187105,0.08898279015278741,-0.10444500000000019,21.270136461689074,1.504025772882358,0.10433999999999997,19.2579446419653,1.36174232480488,0.0,0.14076039430647175,0.009953262933659847,-0.0001500000000001389,29.249292941175607,2.0682373383617088
R:A:ASN:314,0.0,4.591768634192058,0.3246870738876896,-9.500000000000507e-05,1.368746698945791,0.09678500725512706,-0.010385000000000063,5.262311031103635,0.3721015814806153,0.010914999999999963,4.070303048432021,0.28781388870305585,0.0,0.10440624516252717,0.007382636395264813,0.0004349999999990217,8.19926775230593,0.5797757828419705
R:A:TYR:315,0.0,5.08792602011861,0.35977069910013515,-0.000129999999999999,1.6250814907413105,0.11491061420839242,-0.006579999999999728,4.888321899317801,0.34565655636303205,0.006190000000000006,3.17409693880795,0.22444254695745633,0.0,0.1305614844429096,0.00923209110113633,-0.0005199999999994054,7.906675009589678,0.5590863515919072
R:A:ALA:316,0.0,3.325363301535638,0.23513869404247356,-5.499999999999838e-05,0.8238344044618433,0.05825388939697503,-0.003224999999999625,2.6597027781455203,0.1880693870367397,0.0031549999999999677,2.119333322267878,0.14985949637702312,0.0,0.09530810720326972,0.006739300890548645,-0.00012499999999958212,4.828190183435577,0.34140460195656175
R:A:GLU:317,0.0,4.334520254186154,0.3064968664925467,-0.00010000000000000286,1.3517246807504848,0.09558136880558889,0.08114000000000011,23.93142501803852,1.6922072913712434,-0.0808900000000002,23.412772475590113,1.655533018386752,0.0,0.17623949337118283,0.012462014087564496,0.00014999999999997014,33.78634789664715,2.3890555709247048
R:A:ALA:318,0.0,3.4081341584435902,0.240991477462897,-0.00020999999999998353,1.1665587297260263,0.0824881588441638,0.006099999999999852,2.540945251043399,0.1796719617636542,-0.006005,1.1499527720628355,0.08131394031698992,0.0,0.06836342390627409,0.004834024062925694,-0.00011500000000034927,4.556281972875822,0.3221777880018515
R:A:LYS:319,0.0,5.232038431414662,0.3699609854281935,-0.0003449999999999287,1.4930059744940742,0.10557146489167894,-0.11110000000000113,13.435483358277438,0.9500321391156984,0.11345499999999975,13.044899996660572,0.9224137247539062,0.0,0.19299086705992774,0.01364651508051464,0.002009999999998815,19.501850359795824,1.378989063509694
R:A:ASP:320,0.0,12.934978933689841,0.9146411318517224,-0.0008200000000000118,1.4974973564417402,0.10588905355488828,0.15171000000000026,22.2745475239678,1.5750483602059653,-0.14223000000000036,19.59480131161069,1.3855616883442976,0.0,0.25801560445736266,0.018244458356374713,0.008659999999999855,32.399605803754675,2.290998097160595
R:A:VAL:321,0.0,4.63753239651757,0.3279230605549875,-0.0008199999999999963,1.1621867279400502,0.08217901163314147,0.02456999999999976,3.858640073847261,0.2728470562375559,-0.02255999999999999,1.691964829170512,0.11963998042356075,0.0,0.12596507961576323,0.008907076198900953,0.0011899999999998357,6.373782246302629,0.45069446481670145
R:A:PHE:322,0.0,4.344652611544449,0.30721333235229226,-0.0004499999999999638,1.252832424827838,0.08858863032861497,0.022789999999999644,2.3241841480183965,0.16434463717900866,-0.019944999999999994,1.1025064205595358,0.07795897662793554,0.0,0.0828315713590609,0.005857076580432937,0.002394999999999965,5.202865444174855,0.36789814371771984
R:A:LEU:323,0.0,4.796173657635846,0.3391406917062593,-0.0008899999999999464,1.2280710198925793,0.08683773459447222,0.03496499999999862,3.373580102706174,0.23854813674995448,-0.030304999999999995,1.0249672780020833,0.07247613127695904,0.0,0.07171209171389918,0.005070810634396974,0.0037699999999983593,6.078501742909018,0.4298149801865215
R:A:GLY:324,0.0,2.6573515280820494,0.18790312855032515,-0.0012849999999999695,0.8000344713042057,0.05657097998421982,0.0537249999999996,2.1963162470088404,0.15530301118901393,-0.05396000000000001,1.0384158629373879,0.07342708983747075,0.0,0.042155966828062094,0.0029808770011597856,-0.0015199999999999285,3.688558253015561,0.2608204553508908
R:A:MET:325,0.0,4.154619591635315,0.2937759686495816,-0.0013050000000000138,1.1524314855448023,0.08148921182816164,0.03877500000000019,2.3419934136062386,0.1656039424255202,-0.03715500000000001,1.648833162110406,0.1165901109973526,0.0,0.11574698892496181,0.00818454807707647,0.0003149999999995917,5.177445662811942,0.3661006937399203
R:A:PHE:326,0.0,4.574666448906412,0.32347776676883067,-0.001259999999999888,1.1339467232634872,0.08018214175238772,0.03332499999999989,1.9390891807946844,0.13711431090653886,-0.029774999999999992,0.9747374750028851,0.06892434784511929,0.0,0.035115497393949126,0.0024830406331999965,0.0022900000000003386,5.188913314399964,0.36691157916013784
R:A:LEU:327,0.0,4.308068368068223,0.30462643568763037,-0.0062100000000000315,1.1691509594145661,0.08267145716327977,0.05944499999999991,2.013984258621452,0.14241019264741903,-0.06620500000000001,0.7711085668535916,0.05452560966532149,0.0,0.03475389323589517,0.002457471357973476,-0.012970000000000361,4.957652254726531,0.3505589528081907
R:A:TYR:328,0.0,4.09565137246812,0.28960628588481974,-0.007284999999999977,1.6343625474095396,0.11556688401906057,0.04969499999999954,2.346064228527216,0.16589179250907804,-0.05888,1.0485414162301838,0.07414307457713092,0.0,0.05188328302851808,0.0036687021259686047,-0.01647000000000026,5.104081645326397,0.36091307431400854
R:A:GLU:329,0.0,4.070630703367723,0.2878370574057482,-0.001639999999999988,1.8693091274452174,0.13218011601504215,0.55222,11.983226852469663,0.8473420967878026,-0.5472300000000001,10.978196510971188,0.7762757198106223,0.0,0.07835086594882769,0.005540242862425422,0.0033500000000006125,16.857906579009,1.1920340058626577
R:A:TYR:330,0.0,4.508473841467864,0.318797242610409,-0.0023000000000001288,1.217145886469654,0.0860652110016004,0.013084999999999666,2.742478864289568,0.1939225402199935,-0.003680000000000028,1.4059708794992876,0.09941715430447605,0.0,0.08596551451947226,0.006078679826490944,0.007104999999999313,5.595812272844006,0.3956836804374903
R:A:ALA:331,0.0,2.697231387330349,0.19072306044104892,-0.006039999999999997,0.9413285158487446,0.06656197768809158,0.038609999999999686,2.108847699515069,0.1491180508816756,-0.020995,1.0087025336911768,0.0713260401773083,0.0,0.0037217397014364124,0.0002631667380696884,0.011575000000000238,3.691326293369553,0.26101618536138144
R:A:ARG:332,0.0,6.318297222685873,0.446771081171331,-0.005704999999999916,1.9288865110407614,0.13639287320961826,-0.6442099999999996,15.027388623934302,1.0625968399509524,0.694265,13.068098239907558,0.924054088265062,0.0,0.10543222679199689,0.007455184252021899,0.04435000000000116,20.982140009630726,1.4836613484615457
R:A:ARG:333,0.0,5.437781610381204,0.38450922513120533,-0.0018299999999999673,1.9102444256560467,0.13507467871051923,-0.5565599999999995,19.2451078197915,1.360834624404082,0.5690100000000003,15.443610936108822,1.0920282018929273,0.0,0.12365246401351813,0.008743549581438421,0.010619999999998839,25.339950400131148,1.7918050762863502
R:A:HIS:334,0.0,4.5577613560551855,0.3222823961896616,-0.002974999999999994,1.1205999351575031,0.07923838131470759,0.0851400000000006,3.854696232182246,0.27256818451903003,-0.07384499999999998,1.8553299888901167,0.13119164164829633,0.0,0.10201723011847504,0.007213707521464219,0.008320000000000504,6.3513992725021655,0.44911174956095856
R:A:PRO:335,0.0,3.601855335622184,0.2546896332671394,-0.007939999999999997,1.572679382773234,0.11120522561912277,0.1461050000000003,2.4401311628015,0.17254332922015558,-0.128825,1.786929097802988,0.12635496825560522,0.0,0.18543008951841666,0.013111887373450096,0.009340000000000797,4.96270312532382,0.3509161032932146
R:A:ASP:336,0.0,4.940297042481352,0.3493317539814409,-0.003930000000000005,1.385949942295897,0.09800146025825329,1.0800299999999998,20.56585771346165,1.4542257450106397,-1.0565899999999993,20.404288315257407,1.4428010633003947,0.0,0.22692211288034317,0.016045816481886986,0.01951000000000107,29.422242791777684,2.0804667395783016
R:A:TYR:337,0.0,4.739935197442049,0.335164032049607,-0.0051850000000000975,2.0044503432050895,0.14173604302320214,0.16321000000000047,3.0935717644415495,0.21874855727238524,-0.14605000000000004,1.9047462399884139,0.13468589827353863,0.0,0.19038371469964033,0.013462161569160067,0.011975000000000376,6.302324754695512,0.4456416571285041
R:A:SER:338,0.0,5.060192429537636,0.35780963810348937,-0.006330000000000005,1.1020567654617435,0.07792718121105113,-0.08148500000000056,4.461559459457534,0.31547989484494093,0.08782500000000006,2.3931295764490064,0.16921981517651827,0.0,0.04376801625492076,0.0030948661092937506,9.999999999977942e-06,7.242553013782287,0.5121258349148522
R:A:VAL:339,0.0,4.037188215769733,0.2854723164297197,-0.05023000000000002,1.08448103189959,0.07668438917243847,-0.129435,2.7230743863829723,0.19255043642867964,0.11277999999999999,0.9844356818756622,0.06961011462962835,0.0,0.040607209440442965,0.002871363316039961,-0.06688500000000011,5.08535981707131,0.3595892411424704
R:A:VAL:340,0.0,3.978221653226477,0.28130275080595996,-0.006935000000000029,1.16691834606154,0.08251358755911052,-0.03168499999999984,2.9126488175499285,0.20595537301045336,0.041280000000000004,0.9116447832352247,0.06446302082589675,0.0,0.036375603304182214,0.0025721435766139027,0.002660000000000442,5.148192739036268,0.36403219966278905
R:A:LEU:341,0.0,4.256687949797354,0.3009932914696771,-0.002349999999999972,1.7605126831409084,0.12448704566138599,-0.06035999999999959,2.575109170112988,0.18208771564825565,0.066225,0.8416745017374592,0.059515374773036596,0.0,0.008359467039300532,0.0005911035830594838,0.003515000000000239,5.344012565012753,0.37787875234666335
R:A:LEU:342,0.0,4.333240140495331,0.30640634878539963,-0.00656000000000001,1.4848353446594675,0.1049937141154174,-0.09072999999999971,2.455393320244234,0.17362252672248502,0.095165,0.6968659491430185,0.04927586382170281,0.0,0.006024292706832895,0.0004259818224854202,-0.0021249999999998527,5.243693442243512,0.3707851191473817
R:A:LEU:343,0.0,4.14122345207307,0.2928287185369631,-0.00838499999999997,1.4468175647865904,0.10230545112004051,-0.0450500000000001,2.3940555024790044,0.16928528803398715,0.048780000000000004,1.0639506970720025,0.07523267527477671,0.0,0.04500178296979798,0.0031821065903429443,-0.004655000000000315,5.10965074550066,0.3613068691638414
R:A:ARG:344,0.0,5.454916022726655,0.38572081104731687,-0.0015450000000000318,1.9675509507189388,0.13912686195834,-0.5397050000000001,10.342721109595626,0.731340823251632,0.5573150000000001,7.961103444251619,0.5629350231157899,0.0,0.06636641570869314,0.004692814259066233,0.016065000000000253,14.282255356236949,1.0099079613033035
R:A:LEU:345,0.0,4.388385607487108,0.3103057221515581,-0.0009549999999999947,1.4294940219095007,0.10108049165578391,-0.04276500000000006,2.4924289589424613,0.17624134184939413,0.04858000000000001,0.8798634710851451,0.06221574269226399,0.0,0.01303571552319979,0.0009217642844073315,0.004859999999999953,5.318638281710761,0.37608451956760464
R:A:ALA:346,0.0,2.798050628124873,0.19785205732503763,-0.0007799999999999896,0.9098202851937298,0.0643340093321565,-0.032355000000000446,2.1936907704767785,0.15511736196304723,0.03723,1.0644396406325725,0.07526724880550636,0.0,0.03787113627541313,0.0026778937271584474,0.00409499999999968,3.821466398764719,0.2702184804643068
R:A:LYS:347,0.0,4.433281120518977,0.31348031432252643,-0.0007550000000000546,1.415443597313224,0.10008697660472615,-0.2701050000000009,14.718776371474464,1.040774658303792,0.27442,13.622922524251175,0.9632860896476965,0.0,0.20061699774017044,0.01418576395233608,0.003559999999999994,20.589417311466885,1.4558916601617928
R:A:THR:348,0.0,4.199074858674229,0.2969194307278491,-0.00025500000000002745,1.4130855042689383,0.09992023424649783,-0.024799999999999933,4.134013672957553,0.2923189101666192,0.027835000000000013,1.4042608638621956,0.09929623793918377,0.0,0.09062515966287948,0.006408166494373565,0.0027799999999997206,6.220873801377417,0.4398822049859707
R:A:TYR:349,0.0,4.620739110526584,0.32673559591472434,-0.0004200000000000248,1.4601817114831974,0.10325043899543478,-0.023334999999999793,2.3204771618731774,0.16408251367490376,0.025044999999999998,1.2896654137701762,0.09119311595386462,0.0,0.012002827703909109,0.0008487280862847889,0.0012899999999999422,5.5255185968579354,0.39071316694106234
R:A:GLU:350,0.0,4.1262750793179075,0.2917717089626752,-0.0004899999999999504,1.788649518477558,0.1264766203681534,0.2511400000000002,18.412839351414544,1.3019843566283735,-0.24735500000000055,16.53051130895457,1.1688836643042688,0.0,0.11517895477083873,0.00814438199684387,0.003294999999999959,25.150131936796015,1.778382884024482
R:A:THR:351,0.0,5.253819614142647,0.3715011476291156,-0.00014000000000000901,1.2982525714975497,0.09180031969987905,-0.016985000000000347,4.6440252027066995,0.3283821712835138,0.017555000000000008,2.617274803679392,0.1850692761910388,0.0,0.13902636000717275,0.009830648192475408,0.0004299999999997617,7.597664515328169,0.5372360099968952
R:A:THR:352,0.0,4.3015087043908204,0.30416259742077095,-7.000000000001894e-05,1.3237541634873145,0.09360355456258057,-0.014579999999999984,3.4198325428301306,0.24181867815576194,0.015314999999999999,1.1997354062771508,0.08483410414081709,0.0,0.0991742310948857,0.007012677132615544,0.0006649999999999601,5.779252323050816,0.40865485078173397
R:A:LEU:353,0.0,5.5653032235045385,0.39352636486994114,-0.00014500000000001735,1.5004571706233403,0.10609834402277445,-0.010335000000000392,4.5590157087769505,0.3223710923212176,0.010605000000000002,0.7832439769797147,0.055383712744587636,0.0,0.005803211859441977,0.0004103490458473615,0.0001249999999993978,7.390676608270915,0.5225997547265158
R:A:GLU:354,0.0,4.244782956942559,0.3001514813519168,-7.000000000001005e-05,1.1202743218962044,0.07921535698019673,0.13667999999999972,13.975888244342467,0.988244535067991,-0.1365550000000006,13.514920959420184,0.9556492257606213,0.0,0.13637187628416775,0.009642947848366792,5.499999999976524e-05,19.93164155191981,1.4093798901542058
R:A:LYS:355,0.0,4.620808867265557,0.3267405284610405,-4.500000000000615e-05,1.1038085839379037,0.07805105348344121,-0.1631400000000005,12.368228153868685,0.874565799886292,0.16293999999999997,12.824502195880743,0.9068292468049043,0.0,0.1494587427362798,0.010568329049643908,-0.0002450000000004593,18.439998105527433,1.3039047705485538
R:A:CYS:356,0.0,3.3785825561542815,0.23890186362552718,-5.5000000000000605e-05,1.1896134606144133,0.08411837449912475,-0.005134999999999295,2.2382407622673215,0.158267522092737,0.0051600000000000005,1.1041769971340647,0.07807710423036962,0.0,0.012224456202748979,0.0008643995877281756,-2.999999999933972e-05,4.365670425333256,0.30869951621787045
R:A:CYS:357,0.0,3.011269580725048,0.2129289140511453,-2.4999999999995027e-05,0.80479691045319,0.05690773528594333,-0.0017700000000005645,1.7702712355314365,0.12517707951837664,0.0017550000000000044,1.035500683087655,0.07322095549345829,0.0,0.05567968477213182,0.003937148267670375,-4.000000000067283e-05,3.7315767035123812,0.26386231915713476
R:A:ALA:358,0.0,2.8914340891588726,0.2044552651798187,-1.4999999999998349e-05,0.7328873813724724,0.05182296372145267,-0.0036749999999999973,2.0110808864078544,0.14220489322936467,0.003654999999999985,0.8599975842262582,0.060811012361043616,0.0,0.058838977166860804,0.004160543975276771,-3.4999999999962836e-05,3.6993268587013293,0.2615819107613239
R:A:ALA:359,0.0,3.448571884990946,0.24385085652863725,-2.000000000000002e-05,0.6768687236089432,0.04786184644369667,-0.0015300000000006975,2.331732084470684,0.16487835688394642,0.001554999999999982,1.4127291142943856,0.09989503366972252,0.0,0.07082908298662091,0.005008372488506436,4.999999999166782e-06,4.448437269207213,0.3145520158739388
R:A:ALA:360,0.0,3.2193495903365323,0.22764239263370958,-1.0000000000001119e-05,0.4187292985927782,0.029608632651644012,-0.0007000000000005713,2.134327918854083,0.15091977446974933,0.0006850000000000356,1.4298214153435387,0.10110364186751633,0.0,0.06563700854018865,0.004641237383556673,-2.5000000000541255e-05,4.1404829636366225,0.29277635809748287
R:A:ASP:361,0.0,13.971344818289685,0.9879232663308168,-3.5000000000000586e-05,1.4564984546421602,0.10298999340651986,0.12019000000000009,22.76179916728794,1.6095022543195612,-0.12002500000000169,12.507129537794635,0.8843876109353156,0.0,0.14133149295246367,0.00999364570619058,0.00012999999999813383,29.527404711182292,2.087902810211661
R:A:PRO:362,0.0,3.3324094299395446,0.2356369305600249,-1.5000000000013892e-05,1.1590761417504027,0.08195905997432497,0.005819999999999936,2.3009653794331633,0.1627028223072667,-0.005704999999999989,1.0989112006777435,0.07770475619210834,0.0,0.08123545715340297,0.0057442142625960466,9.999999999986464e-05,4.3539702358822945,0.30787218788767623
R:A:HIS:363,0.0,4.538981429329713,0.3209544548358848,-4.999999999999893e-05,1.539060430246324,0.10882800668830611,-0.0005199999999998539,6.748325731494442,0.4771786886395389,0.00046499999999997265,5.061929323546013,0.3579324550566419,0.0,0.1905533321961237,0.013474155337357194,-0.00010499999999989629,9.704143375439486,0.6861865586379773
R:A:GLU:364,0.0,4.4124829618651225,0.312009662420493,-2.9999999999996697e-05,1.172641138946609,0.08291825012474636,0.13867999999999983,15.847268517981261,1.1205711032348638,-0.13847999999999977,14.829424620045108,1.0485986709928636,0.0,0.15892381527604235,0.011237610747372777,0.00017000000000034988,22.179226856479055,1.5683081711691134
R:A:CYS:365,0.0,3.7568679486974257,0.2656506802546344,-3.4999999999998364e-05,1.201989191039171,0.08499347078967302,0.006989999999999555,3.2431765263010273,0.22932721143324877,-0.006874999999999991,2.0430529791650045,0.1444656615890953,0.0,0.10807846655506916,0.007642301660133288,7.999999999958707e-05,5.501161260196151,0.38899084314854315
R:A:TYR:366,0.0,4.630982811882377,0.3274599349840374,-6.999999999999673e-05,1.693322078740486,0.11973595246102985,0.007139999999999844,2.6394832550614904,0.18663965084823214,-0.007030000000000004,1.2314240038873696,0.08707482636646485,0.0,0.023801665419280898,0.0016830319021506873,3.9999999999882354e-05,5.726882652602264,0.40495175587146637
R:A:ALA:367,0.0,3.1031773006952084,0.21942777125457477,-2.0000000000002238e-05,0.9405269287745036,0.06650529692250085,0.006755000000000209,3.085471107622789,0.2181757543355242,-0.006749999999999996,2.276556472734643,0.16097685196247935,0.0,0.10147713602487149,0.007175517101857632,-1.4999999999765201e-05,5.022692425578219,0.35515798739406673
R:A:LYS:368,0.0,4.278432325887602,0.3025308510482856,-5.000000000000338e-05,1.489760382309853,0.10534196686743606,-0.1754000000000012,16.31026006843392,1.1533095497305788,0.17512,15.915513403864797,1.125396745393819,0.0,0.19445221699493578,0.013749848125387711,-0.0003300000000009895,23.235540261357045,1.643000808333861
R:A:VAL:369,0.0,5.587420755585711,0.39509031056171195,-0.0001499999999999746,1.3078443309316288,0.09247855951381379,0.004224999999999781,4.7214593153891515,0.33385758990080633,-0.0033500000000000136,1.1561925550270595,0.08175515960170343,0.0,0.02687690899358719,0.0019004844606699206,0.000724999999999465,7.520598988997621,0.5317866543704911
R:A:PHE:370,0.0,4.499362095447531,0.31815294487046636,-0.00024000000000001798,1.5706180728458463,0.11105946899634447,0.005245000000000317,2.6388973730281746,0.18659822273235885,-0.005860000000000009,1.7921335133717018,0.12672297600968024,0.0,0.1401708586407339,0.00991157646696039,-0.000855000000000058,5.73639870837419,0.4056246426281142
R:A:ASP:371,0.0,10.994771659029578,0.7774477597697481,-8.999999999999898e-05,1.3136692875872527,0.09289044614894472,0.2566800000000003,23.73147453138553,1.6780686568698553,-0.25615999999999994,17.930823458642383,1.2679006859864852,0.0,0.16823765534758442,0.011896198694720217,0.0004300000000000992,31.73856247656511,2.244255275229209
R:A:GLU:372,0.0,4.028394886403269,0.2848505341472963,-6.999999999999673e-05,1.3691106903935852,0.09681074533722998,0.23376499999999978,11.758245317630307,0.831433499895136,-0.23297000000000018,11.895029425131742,0.8411055968924175,0.0,0.1798055959337716,0.012714175618005821,0.0007249999999993051,17.2592820670503,1.220415538802264
R:A:PHE:373,0.0,4.715610661573959,0.3334440276234528,-0.0003350000000000009,1.5551696205157175,0.10996709845619736,0.008155000000000285,2.3132757012243483,0.16357329350898026,-0.009210000000000001,1.082561570604647,0.07654866276265053,0.0,0.03317792163265976,0.0023460333372129563,-0.0013899999999998202,5.583889438253041,0.39484060871846666
R:A:LYS:374,0.0,4.4031152375959905,0.3113472642849941,-0.00011999999999998012,1.4524203051458622,0.10270162469016737,-0.2727599999999992,15.435434561720314,1.091450044915364,0.27202500000000013,14.174011746015134,1.0022539822225078,0.0,0.13474945127177435,0.00952822507554379,-0.0008549999999992419,21.46323263253448,1.5176797340649526
R:A:PRO:375,0.0,3.6369387549421286,0.25717040563797383,-9.000000000000785e-05,0.9612143055271285,0.06796811536117504,0.0075050000000001305,2.360395628782387,0.16690517553951106,-0.007425000000000008,1.5057316037976358,0.10647130276922041,0.0,0.0926577892116657,0.006551895108132254,-9.999999999426024e-06,4.6902598117057,0.331651451838384
R:A:LEU:376,0.0,5.900964628533203,0.4172612104377784,-0.0003200000000000269,1.4041433801432102,0.0992879305857464,0.009375000000001067,3.9615499298727768,0.2801238819422132,-0.007404999999999996,0.8819690036361821,0.06236462632674872,0.0,0.1050161117291704,0.007425760473754052,0.001650000000001115,7.299025807131573,0.5161190644278348
R:A:VAL:377,0.0,3.9650171977874193,0.28036905480767665,-0.0003099999999999925,1.270577898339964,0.08984342479419404,0.00913999999999973,3.495235805743298,0.24715049400871122,-0.008250000000000002,1.483567794305336,0.10490408477032721,0.0,0.1126742167789141,0.007967270274925322,0.0005799999999995897,5.636139795256746,0.3985352668941404
R:A:GLU:378,0.0,4.172876142326777,0.29506690172908245,-0.00014999999999999682,1.2248521590583903,0.08661012676211714,0.31267999999999957,15.729117618809708,1.1122165730341145,-0.31218500000000043,15.52073059162406,1.0974813850306868,0.0,0.15717677858882192,0.011114076598521252,0.0003449999999993736,22.52190226900478,1.592538981963397
R:A:GLU:379,0.0,4.136754112338561,0.29251268849359335,-0.0001999999999999935,1.7683184344314233,0.12503899562836387,0.33324499999999935,14.00580509841098,0.9903599761063524,-0.3312100000000001,12.16102926568101,0.8599146259971103,0.0,0.09227323813351232,0.006524703240624769,0.0018349999999995247,19.086681436996866,1.349632187444788
R:A:PRO:380,0.0,3.8680644933609876,0.27351346333224613,-0.0004299999999999482,1.1780903586312894,0.08330356814386765,-0.01208999999999996,1.6408961081982003,0.11602887653295622,0.013065000000000002,0.8697999846947572,0.0615041467453618,0.0,0.009989429432873932,0.0007063593292169645,0.0005450000000002086,4.449608034184066,0.3146348014593696
R:A:GLN:381,0.0,4.471793910272477,0.31620357980223757,-0.00029500000000001416,1.5267646891957516,0.10795856650064875,-0.006700000000000159,5.27597722452912,0.3730679272850321,0.00768999999999999,4.393028245925582,0.31063400626380233,0.0,0.18373940700007463,0.012992338066094776,0.0006949999999996592,8.336446737373167,0.5894758018997036
R:A:ASN:382,0.0,10.13741642272823,0.7168235896223003,-9.999999999999786e-05,1.1719065050378379,0.0828663036628882,-0.006575000000000202,8.911750173567198,0.6301558979969757,0.006885000000000025,4.061880405400312,0.28721831790273233,0.0,0.1435654744364579,0.01015161205182833,0.00021000000000078955,14.144940834575808,1.0001983583611056
R:A:LEU:383,0.0,4.500650600696526,0.3182440559503822,-0.0002700000000000058,1.301774077384398,0.09204932776913692,-0.01655500000000053,2.95057935200445,0.20863746682313555,0.017849999999999994,1.12940592184564,0.07986105860492959,0.0,0.13238242419557134,0.009360850985860257,0.0010249999999994651,5.652386481222856,0.3996840810759849
R:A:ILE:384,0.0,5.050612061206047,0.3571322037621362,-0.0004350000000000298,1.729534513785429,0.12229655829938552,-0.02016500000000029,3.4434956191020487,0.24349191032532272,0.02061,1.0074438584357939,0.071237038396469,0.0,0.04549010044029571,0.0032166358498190244,9.999999999734666e-06,6.432312677652422,0.45483319130802263
R:A:LYS:385,0.0,4.590346131153946,0.3245864877332388,-0.0001250000000000284,1.3071691530460012,0.09243081722767034,-0.3131050000000014,13.47547023041775,0.9528596379605839,0.31211,12.600142904661835,0.8909646491805945,0.0,0.20951651489575707,0.014815054845336212,-0.0011200000000016973,19.057170963111606,1.3475454818247585
R:A:GLN:386,0.0,4.301443133902853,0.3041579608871022,-7.999999999999563e-05,1.072863367162846,0.07586289622074811,-0.008825000000000074,4.329812148543514,0.30616395314990136,0.009019999999999962,3.457943164078901,0.2445135060277857,0.0,0.12817352840956436,0.009063237110700955,0.00011500000000022937,7.097501071494104,0.5018691137132268
R:A:ASN:387,0.0,8.291259795034165,0.5862806025648042,-0.0002099999999999902,1.2169654061434942,0.08605244911535057,-0.01111499999999971,6.3493177682153386,0.44896456498133014,0.012464999999999997,2.4533375117938827,0.1734771591128786,0.0,0.06050053818398485,0.0042780340815331335,0.00113999999999983,10.796404733621769,0.7634210999578493
R:A:CYS:388,0.0,3.0352940110556017,0.21462769781123314,-0.00016499999999998406,0.9231650143798779,0.06527762418221883,-0.004069999999999894,2.726991024242654,0.19282738454768295,0.003765000000000018,1.6803940392285972,0.11882180202039944,0.0,0.0718293378896571,0.005079101190991636,-0.00046999999999987774,4.508947438647036,0.31883073098810333
R:A:GLU:389,0.0,4.076226748937061,0.28823275758273903,-4.4999999999997265e-05,1.1322493885955514,0.08006212206702368,0.19446499999999986,15.52969724760515,1.0981154233555663,-0.19402500000000056,14.592649645443935,1.0318561519772873,0.0,0.1515164772168202,0.01071383285015106,0.0003949999999991505,21.72642379008895,1.5362901592904628
R:A:LEU:390,0.0,5.113551679483645,0.3615827068510744,-0.00010000000000002008,1.4881859567271827,0.10523063816683809,-0.00896500000000053,2.897430716009444,0.20487929073084715,0.00909999999999999,1.1380816243793763,0.08047452341424582,0.0,0.10127712439112382,0.007161374143603715,3.499999999937664e-05,6.169578576718182,0.43625508486606746
R:A:PHE:391,0.0,4.355429381335438,0.30797536505214174,-0.00022500000000000853,1.25452750076473,0.08870849029757523,-0.009149999999999494,2.4852764201492756,0.175735580981058,0.009015000000000016,1.7200566908026607,0.1216263750091854,0.0,0.12793613168718573,0.009046450627478417,-0.00035999999999961063,5.4493271056058905,0.3853256149277587
R:A:GLU:392,0.0,4.267176652489324,0.30173495474961126,-5.0000000000014476e-05,1.0123080936898607,0.07158099176981274,0.18455500000000014,9.278335140523597,0.6560773695985673,-0.1842550000000002,9.290843976618863,0.6569618778813388,0.0,0.09810182595583739,0.006936846638015508,0.0002500000000000568,13.84378824621736,0.9789036546210916
R:A:GLN:393,0.0,4.472161835572367,0.3162295960496898,-3.4999999999998364e-05,1.1527104481937342,0.0815089374662374,-0.009799999999999968,7.078941336824314,0.5005567422890236,0.009770000000000056,5.625204282934976,0.39776200940229317,0.0,0.12609616179934502,0.008916345108991294,-6.499999999991956e-05,10.153777955908604,0.7179805247285455
R:A:LEU:394,0.0,4.025081841248696,0.2846162664777787,-2.4999999999995027e-05,1.3665133696290719,0.09662708702467958,-0.006809999999999761,2.41626046645431,0.17085541609428131,0.006839999999999997,1.7927355408425416,0.1267655457803894,0.0,0.10624692918995839,0.0075127924110466515,5.000000000148219e-06,5.208852694138825,0.36832150622273807
R:A:GLY:395,0.0,3.2479304223997785,0.2296633626500971,-4.000000000000004e-05,0.7846044571629707,0.055479913220912655,0.00441500000000012,3.3358687408792034,0.23588154078239146,-0.004399999999999992,1.383632659415063,0.09783760361435677,0.0,0.043050908125933325,0.0030441589072086497,-2.499999999999114e-05,4.920261086183889,0.3479149979248916
R:A:GLU:396,0.0,4.202656281234525,0.297172675545717,-0.0001649999999999685,1.7282103738766876,0.12220292746851444,0.12914000000000037,18.47584192946021,1.306439311645206,-0.12833999999999995,16.172559278597497,1.1435726335037708,0.0,0.11996331764701329,0.008482687540183892,0.0006350000000002609,24.9714202786767,1.765746061491156
R:A:TYR:397,0.0,4.098267271884546,0.28979125790644544,-6.500000000002615e-05,1.3012566320196028,0.09201273885650291,0.001275000000000688,2.6197135503094606,0.18524172161901054,-0.0012249999999999427,1.4858351529947729,0.10506441124079552,0.0,0.10936334920829006,0.007733156583845434,-1.4999999999418812e-05,5.250869355056842,0.37129253280853264
R:A:LYS:398,0.0,4.502637034444372,0.31838451802773016,-8.499999999999286e-05,0.8862545450236066,0.06266765986435906,-0.09184499999999972,9.025645569036875,0.638209518645229,0.09176999999999998,9.002151944871294,0.6365482685490159,0.0,0.11666393980233501,0.008249386295417025,-0.00015999999999984028,13.548941487577553,0.9580548403765836
R:A:PHE:399,0.0,4.481594410898871,0.3168965798474322,-0.0001250000000000373,1.5431118878989303,0.10911448800629091,-0.0034900000000005348,2.034079651525475,0.1438311515067233,0.0034499999999999965,1.056038566412231,0.07467320315046087,0.0,0.05044207590034684,0.0035667933926261776,-0.00016500000000101544,5.2650854359541155,0.3722977615289685
R:A:GLN:400,0.0,3.8516473474021478,0.2723525958087237,-0.00011000000000004562,1.4977575662135711,0.10590745316430755,-0.009185000000000443,3.174993429012885,0.22450593838777402,0.009939999999999987,1.5985471007136451,0.11303434949607134,0.0,0.0278740702665892,0.001970994410477554,0.0006449999999992429,5.451163003173564,0.38545543248972525
R:A:ASN:401,0.0,3.9136213490576734,0.2767348194915125,-3.0000000000001136e-05,1.1668098170224657,0.08250591339716201,-0.002579999999999103,3.2062192040782236,0.2267139341174247,0.002459999999999951,1.6747995144941976,0.11842620938267846,0.0,0.07232053818323998,0.005113834296842963,-0.0001499999999993662,5.455996927372037,0.3857972425477734
R:A:ALA:402,0.0,3.240847228048555,0.22916250517427586,-2.4999999999990586e-05,0.7415368091841428,0.052434570627354224,-0.0033800000000002227,2.000149421568298,0.1414319219377294,0.003419999999999993,1.3090556005571345,0.09256420921041783,0.0,0.10577284218293086,0.007479269397292491,1.4999999999600889e-05,4.096142058451886,0.2896409826234752
R:A:LEU:403,0.0,5.545235569202628,0.3921073674260023,-0.00014499999999999957,1.5775996730397102,0.11155314268040592,-0.0035450000000008686,2.914046638435116,0.20605421387313338,0.003855000000000017,0.9118640293239996,0.06447852386550888,0.0,0.09211556670946183,0.006513554187310225,0.00016499999999920468,6.524577177327679,0.46135727664633847
R:A:LEU:404,0.0,4.080033822874512,0.28850195836250403,-5.0000000000007815e-05,1.5149600653317563,0.10712385354229,-0.00199999999999946,2.3460937142833838,0.16589387746689152,0.0019799999999999987,0.8519821250178903,0.06024423380498751,0.0,0.0008620581964391965,6.095671964796007e-05,-6.999999999953488e-05,5.017151581928171,0.35476619058222236
R:A:VAL:405,0.0,3.66757249894259,0.25933653844955973,-2.000000000001112e-05,1.262851299559849,0.08929707175490134,-0.00218999999999987,2.6551997409140426,0.18775097422050835,0.002139999999999998,1.4398665687312837,0.10181394147536968,0.0,0.06088236575635634,0.004305033368099922,-6.999999999997286e-05,4.916593282157889,0.3476556450150068
R:A:ARG:406,0.0,6.1585913152237985,0.43547816815513263,-4.999999999998561e-05,1.7777409158114126,0.1257052656763033,-0.1311649999999996,19.71305354588109,1.3939233840186034,0.13105999999999987,15.11607019380368,1.068867573893043,0.0,0.15512488121325846,0.010968985543665271,-0.00015500000000002957,25.655656913968244,1.8141288979662478
R:A:TYR:407,0.0,4.444904635596808,0.3143022209558023,-0.00015499999999999404,1.5102281396779098,0.10678925587049945,-0.006814999999999429,2.5005858732055173,0.17681812278829054,0.006790000000000034,1.2836516536623166,0.09076787889859496,0.0,0.1133821272790573,0.008017327106437764,-0.00017999999999940286,5.472797551292786,0.38698522605802604
R:A:THR:408,0.0,5.307175140199352,0.37527395305796274,-1.9999999999997796e-05,1.1358234351121657,0.08031484531984108,-9.500000000020492e-05,4.2570806956616405,0.3010210627960691,0.00010000000000000974,0.9833445831446879,0.06953296229846676,0.0,0.007757412404958755,0.000548531891600698,-1.5000000000320313e-05,6.9674934977021845,0.4926761900098391
R:A:LYS:409,0.0,4.860323011302849,0.3436767360049265,-3.0000000000001136e-05,1.4661155617310662,0.10367002557031611,-0.07340999999999973,13.111922310702576,0.9271529180288977,0.07332500000000003,12.621900831474434,0.8925031669399695,0.0,0.10215455462935817,0.007223417830751078,-0.00011499999999977307,18.89490824135054,1.3360717747356547
R:A:LYS:410,0.0,4.950865990465708,0.3500790914604155,-6.0000000000011155e-05,1.712439977167083,0.1210877920229781,-0.13397499999999943,13.761821840260648,0.9731077544729436,0.1338600000000001,12.48836278940318,0.8830606014304736,0.0,0.07454645377067247,0.0052712302974651975,-0.00017499999999967653,19.307926543975267,1.365276578989665
R:A:VAL:411,0.0,4.209811646802029,0.29767863629718216,-7.500000000000284e-05,1.5804899863254434,0.11175751869281547,-0.0019399999999997418,2.278419786112735,0.1611086081149918,0.0020550000000000013,0.7464867771601852,0.052784586219605814,0.0,0.022663034212938037,0.0016025185174231218,4.0000000000217637e-05,5.096019578236503,0.3603430000830441
R:A:PRO:412,0.0,3.2642569953283407,0.2308178256932294,-2.4999999999995027e-05,1.0946330622975902,0.07740224612616226,-0.0025100000000002256,3.740195728554857,0.26447177626260987,0.0023400000000000014,2.0768826538227914,0.14685778082468087,0.0,0.02579284764988248,0.0018238297479343404,-0.00019500000000014506,5.491517658103714,0.38830893750508044
R:A:GLN:413,0.0,4.222312062312544,0.2985625491546956,-2.4999999999986144e-05,1.9748451920783563,0.13964264271122556,-0.0012700000000000955,4.477579157212075,0.31661265853642045,0.0012800000000000116,2.238786984507459,0.1583061458377406,0.0,0.12244290549524854,0.008658020878387383,-1.5000000000249258e-05,6.84133080770336,0.4837551406467486
R:A:VAL:414,0.0,4.48588792361111,0.3172001770428257,-5.499999999999616e-05,1.3614505584761423,0.09626909221486925,0.0008549999999997837,5.051106889680221,0.3571671934190975,-0.0006150000000000055,2.2942394364745367,0.16222722631967482,0.0,0.061426381621820826,0.004343501098854222,0.00018499999999987748,7.263451430937233,0.513603576163485
R:A:SER:415,0.0,7.546204469397181,0.5335972352530979,-5.0000000000007815e-05,0.8794508985440859,0.06218656940811255,0.005750000000000313,7.301410200824223,0.5162876665227439,-0.0058299999999999975,1.8777497503927407,0.1327769581874054,0.0,0.10867599266080802,0.007684553136263682,-0.00012999999999966372,10.703596652251093,0.7568585775892376
R:A:THR:416,0.0,4.719461094399445,0.3337162943395932,-2.4999999999999466e-05,1.627892443951688,0.11510937861605802,0.005440000000000005,5.481885745708314,0.3876278584480222,-0.005245000000000012,1.6166522309621818,0.11431457553337193,0.0,0.04253620980584105,0.0030077642399683924,0.00017000000000009008,7.5887938385915215,0.5366087584294755
R:A:PRO:417,0.0,3.6930035321875883,0.2611347840555716,-4.999999999999449e-05,0.7839621084593311,0.055434492308489666,0.005294999999999987,2.475751782524856,0.17506208739580081,-0.005295000000000005,1.4139545561916054,0.09998168549726993,0.0,0.08807388328375834,0.006227764011537803,-4.999999999988347e-05,4.731727280900357,0.3345836447050026
R:A:THR:418,0.0,4.4105235186766665,0.3118711088639023,-0.00015500000000001624,0.9698459008394065,0.06857846131895202,0.0029200000000001226,4.263135525994922,0.3014492039548289,-0.0023349999999999894,1.4145197969187284,0.10002165405238508,0.0,0.08281558715386973,0.005855946326444682,0.0004300000000000104,6.369879745373978,0.45041851632967783
R:A:LEU:419,0.0,5.048526370887846,0.35698472318539065,-5.5000000000005043e-05,1.279683711107944,0.0904873029898394,0.00670500000000061,2.151146974726506,0.1521090613158039,-0.006715000000000011,0.7619314157947551,0.05387668709075382,0.0,0.012482243808801682,0.0008826279241627468,-6.499999999928896e-05,5.686241070662191,0.40207796205266894
R:A:VAL:420,0.0,4.247393796200206,0.3003360955662838,-7.00000000000145e-05,1.2887181828274172,0.09112613661156717,0.009120000000000345,2.54060278562982,0.17964774580202783,-0.008790000000000013,1.010018076026365,0.07141906306792326,0.0,0.023851933600947995,0.0016865863993641595,0.00026000000000026,5.213110065760794,0.36862254785713056
R:A:GLU:421,0.0,3.993536511314252,0.2823856748066375,-0.0002800000000000047,1.6268531859851396,0.11503589198050318,0.003205000000000027,13.200366893619849,0.9334068944628996,-0.002004999999999697,10.77927323511075,0.7622097200809466,0.0,0.07476331637478456,0.005286564799260541,0.0009200000000008046,17.579618662325284,1.2430667566803792
R:A:VAL:422,0.0,4.311939870122264,0.30490019222320935,-0.0002449999999999575,1.1908909626305004,0.08420870753298022,0.010215000000000316,3.237249168487807,0.22890808394282405,-0.00989,0.7597839562336125,0.053724838768953044,0.0,0.04029546225998793,0.002849319461508407,8.00000000004264e-05,5.574022272267015,0.39414289472048547
R:A:SER:423,0.0,3.4815603971136277,0.24618349659095753,-0.00011500000000000288,1.10785246787422,0.07833699925881128,0.012840000000000202,2.5485172035420915,0.18020737965951897,-0.012740000000000003,0.9156063805751902,0.06474314806023877,0.0,0.0026947212097788525,0.00019054556408418436,-1.4999999999916192e-05,4.547733735801536,0.32157333636160973
R:A:ARG:424,0.0,6.254233323118032,0.4422410793899636,-0.0002800000000000047,1.9050443811103195,0.13470698003444365,-0.02946499999999981,18.594033811652462,1.3147967397831404,0.03216500000000003,15.116755634264747,1.0689160418528552,0.0,0.10183489069807444,0.0072008141773999305,0.0024200000000013234,24.839673773902778,1.7564301767988293
R:A:ASN:425,0.0,4.368000564508892,0.30886428193909055,-0.0004250000000000087,1.3159062086923217,0.09304862035718207,0.01428999999999988,5.034680139090268,0.35600564674559587,-0.008690000000000008,2.7305282369442727,0.1930775032564643,0.0,0.0783537449902232,0.00554044644139483,0.0051749999999999826,7.3226338121388395,0.5177884024709273
R:A:LEU:426,0.0,5.987091792176733,0.4233513205834487,-0.0003149999999999809,1.38730806646361,0.09809749413912161,0.012875000000000298,4.939663211634474,0.34928693537244565,-0.012429999999999995,1.2601246975398903,0.08910427187711036,0.0,0.06248069599239087,0.004418052382947473,0.0001299999999998036,7.985110051484683,0.5646325465925681
R:A:GLY:427,0.0,2.604503962667364,0.18416624136293275,-0.00011000000000000566,0.6985530517791759,0.049395159993161276,0.0034449999999999646,2.02379556659634,0.1431039568875543,-0.0030050000000000072,1.1210925253853938,0.07927321270375637,0.0,0.0040847037306282075,0.00028883217070651944,0.00033000000000006413,3.553031225355973,0.2512372473216757
R:A:LYS:428,0.0,4.42531179307741,0.3129167977749836,-0.0004550000000000276,2.05278817676715,0.1451540440131621,-0.11269999999999954,21.772858875439393,1.5395736156640902,0.11817,19.32045264289504,1.3661623079384637,0.0,0.23860751312794262,0.016872099057482638,0.005015000000000068,29.515953842728784,2.0870931115382656
R:A:VAL:429,0.0,4.52766496841363,0.3201542602106053,-0.0005050000000000443,1.2236804832042554,0.086527276767936,0.016209999999999704,2.7839191893713435,0.19685281370798333,-0.014865,1.123658745071207,0.07945467183794165,0.0,0.021659212482359552,0.0015315376021436753,0.0008399999999997121,5.568700758793325,0.3937666068941433
R:A:GLY:430,0.0,2.6671392802026674,0.18859522714003132,-0.00016499999999999292,0.9948590424150549,0.07034715752164404,0.01985999999999997,2.428426437459039,0.1717156801539976,-0.019670000000000003,1.199370931572047,0.08480833188726211,0.0,0.007324358251423806,0.0005179103387421417,2.499999999996172e-05,3.9292716493198587,0.2778414628358122
R:A:SER:431,0.0,8.911700319554626,0.6301523727859398,-0.00029000000000000136,1.3184520917158877,0.0932286414721892,0.011569999999999645,10.702605521997903,0.7567884940969306,-0.009754999999999986,3.4748414702652264,0.24570839671727746,0.0,0.09202264958508423,0.006506983954436649,0.0015249999999996239,14.414765862639314,1.019277869068861
R:A:LYS:432,0.0,4.843673651269252,0.3424994484667092,-0.0020700000000000206,1.285913327678036,0.09092780340192981,-0.3020100000000003,13.679583195693501,0.9672926041480416,0.324895,12.406963425225168,0.8773047971910191,0.0,0.18953359855599589,0.013402049280163352,0.020815000000000118,19.13672930137375,1.353171105873268
R:A:CYS:433,0.0,3.070196369485184,0.21709566724372925,-0.0009699999999999997,0.9535231916948848,0.06742427148660933,0.025930000000000106,2.0828269545379907,0.1472781063591938,-0.024135000000000004,0.9352611850574148,0.06613295261346645,0.0,0.004602047114355958,0.00032541387219010804,0.0008250000000006699,3.943122494922349,0.2788208655208811
R:A:CYS:434,0.0,3.1909546150015986,0.22563456467261392,-0.00032999999999995923,0.9995656693534448,0.07067996630410912,0.007174999999999727,2.718544542061984,0.1922301280649706,-0.006624999999999997,1.316999506710234,0.09312592820141445,0.0,0.05934040945207736,0.00419600059219502,0.0002199999999996427,4.506641354089978,0.3186676661852748
R:A:LYS:435,0.0,4.712560940587399,0.33322837978442044,-0.0006999999999999873,1.5443791692942508,0.10920409833312118,-0.31861499999999965,7.9266937906213455,0.5605018931737652,0.3235900000000002,7.586705259432449,0.536461073580833,0.0,0.2096598451162492,0.014825189822422105,0.004275000000001044,12.042751597194437,0.8515511318521313
R:A:HIS:436,0.0,4.686571359485525,0.33139063888068715,-0.0019150000000000623,1.3819347505490265,0.09771754332705565,-0.048124999999999786,4.442846937615002,0.3141567197361454,0.05725000000000005,2.8757429625576765,0.2033457349774025,0.0,0.11729086983786235,0.008293716943362115,0.0072100000000006135,7.203904386389879,0.5093929642635798
R:A:PRO:437,0.0,3.3883711767160336,0.23959402362329488,-0.0006750000000000256,1.1241227287867637,0.07948748044110468,0.028710000000000128,2.0898892462281347,0.14777748579367564,-0.02926999999999999,1.3214289664980103,0.09343913830670741,0.0,0.08205166402080796,0.005801928803675357,-0.0012350000000002125,4.343415152980841,0.3071258308181158
R:A:GLU:438,0.0,4.004076501367075,0.28313096465063653,-0.00036500000000000866,1.0916675377032148,0.07719255187111641,0.39230500000000007,17.673929184125274,1.2497355176305807,-0.3893900000000008,17.632116527772553,1.2467789163459375,0.0,0.19729977464980542,0.013951200858145508,0.002549999999998853,25.30854796105808,1.7895845885249138
R:A:ALA:439,0.0,3.07315652636666,0.21730498194415604,-0.0005449999999999933,0.757925104067018,0.05359339807173081,0.036334999999999625,2.5871066942194325,0.18293606871356724,-0.031514999999999994,2.035432914118026,0.14392684162231517,0.0,0.14289888181394964,0.01010447683546188,0.004274999999999496,4.568946244430839,0.3230732872313855
R:A:LYS:440,0.0,4.81315535124309,0.34034147877683074,-0.0031100000000000706,1.4277307610855765,0.10095581028722417,-0.957360000000001,21.13577927748939,1.4945252852774855,0.975625,19.797096119347273,1.399866091379234,0.0,0.1629789088755758,0.011524349165630405,0.01515499999999906,29.39179514952282,2.078313766147346
R:A:ARG:441,0.0,5.9423791275717175,0.4201896577487361,-0.0009950000000000347,1.3914591454566676,0.09839101974964483,-0.38347000000000003,11.48464143925704,0.8120867841194683,0.38542500000000013,9.803979129061577,0.6932460124770823,0.0,0.16306046705573646,0.011530116199855688,0.0009599999999998943,16.287713550912127,1.1517152701873985
R:A:MET:442,0.0,3.674605119186278,0.2598338197959419,-0.0016249999999999164,1.3321548988668697,0.0941975762579643,0.004954999999999927,2.050129519365789,0.1449660485454267,0.0023300000000000074,1.6523752615855758,0.1168405752532056,0.0,0.05658180229060619,0.004000937609144417,0.00566000000000022,4.713166240241315,0.33327118093341385
R:A:PRO:443,0.0,3.964575608908222,0.28033782975857896,-0.0056049999999999624,1.1436621121096038,0.08086912348588303,0.01452500000000029,2.355790869193401,0.1665795698664005,-0.005134999999999994,1.4059090117696096,0.09941277959535685,0.0,0.11454528245690213,0.008099574597820397,0.0037850000000007665,4.9563367698238725,0.3504659339786689
R:A:CYS:444,0.0,2.9575289243217884,0.2091288757943292,-0.003749999999999982,0.7457626960032259,0.05273338594998428,-0.007295000000000087,2.293329475342564,0.1621628823509714,0.016724999999999993,1.3867604078120344,0.09805876882449116,0.0,0.06280719354423638,0.004441139246242549,0.005679999999999432,4.060732519098112,0.2871371500839006
R:A:ALA:445,0.0,3.0729879287429682,0.21729306029185558,-0.0012349999999999505,1.0486984897362064,0.07415418135125625,-0.014390000000000142,1.7217413306010867,0.12174549703171778,0.015004999999999998,0.754483836589625,0.05335006371481669,0.0,0.011973144382323636,0.000846629158486666,-0.000620000000001117,3.751906949530652,0.26529988463940574
R:A:GLU:446,0.0,4.276955218324129,0.3024264037708182,-0.002534999999999985,2.0830712878763893,0.14729538333523898,0.5144399999999991,11.318776351991412,0.8003583513227059,-0.5155600000000002,9.10749216240124,0.643996946763725,0.0,0.018148972287182763,0.0012833261375833657,-0.0036550000000005766,15.287019752382086,1.080955533104207
R:A:ASP:447,0.0,4.033593578132283,0.2852181371647847,-0.02080999999999992,1.075129146428465,0.07602311100908721,1.2255,16.386572208334176,1.1587056328916114,-1.0895049999999997,15.209743060195823,1.0754912457969497,0.0,0.15377625373134454,0.010873623179889685,0.11518500000000031,22.74435006034216,1.6082684161348602
R:A:TYR:448,0.0,4.743357074815261,0.3354059953191057,-0.004135000000000027,1.266166860281456,0.08953151730186973,-0.02139499999999934,3.2974885274819385,0.2331676498667322,0.023985000000000013,2.037818087630739,0.14409549885882975,0.0,0.09643924766402376,0.006819284599576011,-0.0015449999999995589,6.256040963174315,0.4423688988441378
R:A:LEU:449,0.0,5.170046588527999,0.3655775001798524,-0.001464999999999983,1.497179626956966,0.10586658668756162,-0.035655000000000214,3.887217152459456,0.2748677608448743,0.0364,0.6989090647573546,0.04942033391226733,0.0,0.04094014651820347,0.0028949055225792495,-0.0007200000000001561,6.6761917085788465,0.4720780429637505
R:A:SER:450,0.0,7.0641923609107655,0.4995138322006209,-0.003120000000000025,1.1587243119051227,0.08193418184738284,-0.057780000000000345,8.774551256092815,0.6204544695052168,0.0673,1.522517847038254,0.10765826941182921,0.0,0.05133999952306786,0.0036302861808875397,0.006399999999999195,11.426237433155809,0.8079569972432042
R:A:VAL:451,0.0,3.971405551564836,0.28082077963533963,-0.0050600000000000115,1.35923589946705,0.09611249217453473,-0.02443999999999999,2.5623549358744198,0.18118585509636234,0.028654999999999996,0.8141060158081378,0.05756598843826969,0.0,0.053182472711425066,0.0037605687094517176,-0.0008449999999999203,4.985062094214946,0.35249712114554
R:A:VAL:452,0.0,4.380551240175144,0.3097517487262985,-0.0009649999999999714,1.3747537409569033,0.09720976926922006,-0.025405000000000053,2.376104182832689,0.16801593804867146,0.02949,0.8613412167950631,0.06090602153112613,0.0,0.028256750595536777,0.001998053996040107,0.0031199999999999093,5.240968921817244,0.3705924664604922
R:A:LEU:453,0.0,4.352682761096885,0.3077811496725392,-0.0008050000000000646,1.3815647758881955,0.09769138216790157,-0.01640000000000029,2.727037235206003,0.19283065215623785,0.020464999999999997,1.055085223607553,0.07460579163426255,0.0,0.04605006561173176,0.003256231366814096,0.003259999999999801,5.42278765659719,0.38344899249145803
R:A:ASN:454,0.0,4.183753928614827,0.2958360773739403,-0.0015649999999999586,1.1767137470833762,0.08320622700780873,0.0058700000000002465,2.8638520414120565,0.20250491987974023,0.004945000000000005,1.5045287634256115,0.10638624911084607,0.0,0.025979742918925738,0.0018370452391455578,0.00925000000000047,5.417968479041949,0.3831082251785527
R:A:GLN:455,0.0,3.810536944605051,0.2694456513492099,-0.0007750000000000235,1.2718833500266444,0.08993573416821035,0.004780000000000015,5.6284500175980945,0.3979915175013155,0.001595000000000054,4.201549600906194,0.2970944214292402,0.0,0.06355798790261227,0.004494228424450969,0.005600000000000165,8.091624517337431,0.5721642567024622
R:A:LEU:456,0.0,5.2569404793853245,0.37172182612674226,-0.0002599999999999492,1.403850920219095,0.09926725054618969,-0.011964999999999969,3.861712958620177,0.2730643420036292,0.013225000000000008,1.2892716690732795,0.09116527399934143,0.0,0.03782531167346606,0.0026746534384802525,0.0009999999999999209,6.79578544214377,0.480534596962868
R:A:CYS:457,0.0,3.1912389332044686,0.22565466900554035,-0.00039000000000001924,0.8063147831337337,0.05701506509248235,-0.003079999999999785,2.0407700154598505,0.14430423167738357,0.0067999999999999875,1.1772148524377357,0.08324166050722438,0.0,0.03600858331064481,0.0025461913439877686,0.0033299999999999784,4.047965308790583,0.28623437198537177
R:A:VAL:458,0.0,4.602135375149236,0.32542011317065206,-0.0006050000000000555,1.2667477203354267,0.08957259031017804,-0.006304999999999907,3.604809625441405,0.25489853310361554,0.008405000000000001,1.6196068612089167,0.11452349944170845,0.0,0.07379219884806167,0.005217896420413054,0.001494999999999913,6.19738040686029,0.4382209711283556
R:A:LEU:459,0.0,6.857565036133453,0.4849030739477736,-0.0002249999999999952,1.4562070852646614,0.1029693904802539,-0.007885000000000204,4.856603375135239,0.34341371800916015,0.008109999999999984,1.1885593796483203,0.08404383971922035,0.0,0.1330587978467918,0.009408677825399647,-4.640732242933154e-16,8.611835558461648,0.608948732185167
R:A:HIS:460,0.0,3.969887201017177,0.28071341603849287,-0.00020000000000002682,1.4990844257579357,0.10600127630245779,-0.0028149999999996568,3.5513172207752715,0.2511160488954758,0.0029549999999999564,3.3478885876586455,0.23673147229904815,0.0,0.17819694676657058,0.012600426944538027,-5.999999999937611e-05,6.469870528390574,0.45748893240239663
R:A:GLU:461,0.0,4.072919897757628,0.28799892789340387,-0.00030000000000002914,1.5903525143816386,0.1124549047396333,-0.11468999999999978,17.378779084869567,1.2288652539654212,0.11546999999999961,15.424095505263834,1.0906482525441004,0.0,0.18956596844037804,0.013404338176638636,0.000479999999999805,23.644841245103354,1.671942758449195
R:A:LYS:462,0.0,4.795396389121549,0.33908573052253316,-0.00016000000000000015,1.6179120072333972,0.11440365516778736,0.0946550000000002,18.96440546385979,1.3409859704666471,-0.09341500000000001,18.52233882063156,1.3097271383503415,0.0,0.23799999587823317,0.016829141100786902,0.0010799999999999122,26.98880915812956,1.9083969971863006
R:A:THR:463,0.0,5.302768983917742,0.37496239075939336,-3.9999999999997815e-05,1.308559383979191,0.09252912139969771,-0.0011099999999999355,5.272885334681573,0.37284929765724384,0.0011600000000000178,2.9032615034130154,0.2052915896621194,0.0,0.15874340809900395,0.01122485403354692,1.000000000005663e-05,8.12952231915965,0.5748440359685176
R:A:PRO:464,0.0,3.774764380136858,0.2669161490576207,-6.499999999999728e-05,1.3704621248961972,0.09690630618734263,-0.0011200000000001252,2.6797306222454527,0.18948556947430062,0.001184999999999976,1.2811727256209444,0.09059259221578218,0.0,0.1630646335326923,0.0115304108142666,-3.907985046680551e-16,4.997595661586594,0.3533833781936351
R:A:VAL:465,0.0,4.466838777250641,0.31585319898609543,-6.99999999999923e-05,1.3593059097568876,0.09611744264960444,-0.0023299999999999346,3.816450566206773,0.2698638075428048,0.002455000000000001,2.3450095764569916,0.16581721734601323,0.0,0.09244148477275774,0.0065366000745769965,5.500000000013383e-05,6.470955994621814,0.4575656864556825
R:A:SER:466,0.0,10.36373998075743,0.7328270818847717,-2.5000000000003908e-05,1.1771196738543621,0.08323493036505165,0.0022550000000002867,11.50572920609446,0.8135779144125503,-0.0022449999999999827,2.3629142100328147,0.16708326612762572,0.0,0.09825709260909508,0.006947825648356573,-1.4999999999708025e-05,15.708836357271121,1.1107824712776193
R:A:ASP:467,0.0,6.220798244916002,0.43987686233734785,-2.4999999999999466e-05,1.7195691108167186,0.12159189789774234,0.044144999999999504,17.451550952613783,1.2340110020815758,-0.043999999999999734,12.834254010584331,0.9075188042354825,0.0,0.11031946424335116,0.0078007641263340465,0.00011999999999993349,22.60402897217421,1.5983462168361569
R:A:ARG:468,0.0,5.501594644060029,0.3890214880154437,-6.500000000001283e-05,2.0878980764335697,0.14763668882725256,-0.046384999999999954,12.064825121632513,0.8531119657336163,0.046445000000000077,9.126891638886429,0.6453686969011396,0.0,0.15236246942172865,0.010773653532643231,-4.999999999739657e-06,16.23299826066532,1.1478463149105878
R:A:VAL:469,0.0,3.8759122719625636,0.27406838507888864,-9.999999999999786e-05,1.30058843565134,0.09196549023818662,0.004815000000000395,2.880928629951635,0.20371241703532708,-0.0044249999999999975,0.8189335547375013,0.057907346989609185,0.0,0.017672831671395276,0.0012496579117611986,0.00029000000000032776,5.068031223841196,0.3583639245643267
R:A:THR:470,0.0,5.327074556921462,0.37668105430854887,-7.499999999998952e-05,1.2809300671289592,0.09057543366926266,0.004890000000000256,4.790602110147533,0.3387467238051904,-0.004890000000000005,1.6984357273385413,0.12009754202105886,0.0,0.12217952066330082,0.008639396758314192,-7.499999999975415e-05,7.474488979508533,0.5285261843314601
R:A:LYS:471,0.0,5.347215695219336,0.3781052478556731,-0.0001300000000000101,1.8095484247457982,0.12795439620231888,-0.09066000000000024,20.265424731310226,1.4329819251135028,0.09106499999999991,17.433800642724893,1.2327558656325162,0.0,0.16588132771018188,0.011729581169609756,0.0002749999999996056,27.32250980781703,1.9319931964143375
R:A:CYS:472,0.0,4.071569164038602,0.28790341659617374,-0.0002100000000000035,0.944753926639101,0.06680419080791263,0.006960000000000477,3.4736584795788428,0.2456247466436352,-0.0057399999999999994,1.0528064310213914,0.07444465666520331,0.0,0.06462506730168882,0.004569682332366118,0.0010100000000008403,5.536164417060221,0.3914659401066952
R:A:CYS:473,0.0,3.5347159178001846,0.24994215950445414,-0.0002399999999999647,0.9499268438937811,0.06716997129484276,0.001325000000000216,2.761131493948631,0.19524148031188196,0.000145,1.4362305699207911,0.10155683753384112,0.0,0.04180615324958794,0.0029561414458107653,0.0012300000000001316,4.804678007900168,0.3397420400804081
R:A:THR:474,0.0,4.774263515721562,0.3375914107138243,-0.00020500000000001962,1.059109422333217,0.07489034545503848,0.0016549999999998732,5.9917389289316505,0.4236799227746991,-0.0008649999999999536,2.7465550860259476,0.19421077262313488,0.0,0.14301725502519239,0.010112847085499936,0.0005849999999997202,8.208547926053056,0.5804319902206886
R:A:GLU:475,0.0,4.458890080188119,0.3152911412266447,-0.0002149999999999963,1.3989174427302706,0.0989184010074718,0.10068499999999986,23.097670428860898,1.6332519389859532,-0.09925499999999964,22.38868331252142,1.5831189792121991,0.0,0.16229733389907558,0.011476154536853368,0.0012150000000001882,32.50569997541994,2.298500087983483
R:A:SER:476,0.0,6.994261117158839,0.49456894653324124,-0.0004050000000000154,1.3096657693377345,0.09260735465866088,-0.011475000000000008,5.58606402770099,0.39499437541296084,0.014400000000000017,2.2353977926870194,0.15806649378584314,0.0,0.07944382334433932,0.005617526621016848,0.0025200000000000448,9.31892370054437,0.6589474142014959
R:A:LEU:477,0.0,4.242957317697175,0.30002238916287566,-0.003000000000000034,1.4662270615256014,0.1036779097963978,0.0024349999999990503,2.345141947212364,0.1658265773718887,0.004079999999999999,1.4649093140361966,0.10358473097783283,0.0,0.10658372981536257,0.007536607811659768,0.0035149999999989313,5.273473119125227,0.3728908602938422
R:A:VAL:478,0.0,3.739245244531308,0.2644045668927638,-0.0022850000000000014,1.2219131433432577,0.08640230696789875,0.01377999999999961,2.5687606008637704,0.18163880401156024,-0.011635,1.332312314464968,0.09420870722165228,0.0,0.07187107332161256,0.005082052331686781,-0.00014000000000018886,4.884033098539607,0.34535329235169016
R:A:ASN:479,0.0,9.839190950375441,0.6957358642399786,-0.0004950000000000032,1.2193322710299273,0.08621981173648548,0.0031849999999999314,8.426162837838763,0.5958196882017872,0.0007900000000000085,3.3921392507826087,0.23986046669574373,0.0,0.1272396070492486,0.008997198898003532,0.003480000000000132,13.446912973958076,0.950840334991112
R:A:ARG:480,0.0,5.4014080119863195,0.3819372233230875,-0.0010399999999999477,1.5552661501974507,0.10997392413545129,-0.17565999999999998,9.573546517565996,0.6769519662575773,0.1905,7.569880051229345,0.535271351699304,0.0,0.02853066048805684,0.0020174223502836086,0.013800000000000524,13.436917511932858,0.9501335490931996
R:A:ARG:481,0.0,5.182062637135912,0.36642716312522466,-0.0005149999999999921,2.0045789881107208,0.14174513959171584,-0.38681999999999994,18.464406616287455,1.3056307128962614,0.39065,12.921282395743466,0.9136726403656563,0.0,0.0862059556917593,0.006095681584831005,0.0033150000000010493,23.21149267073795,1.641300386894065
R:A:PRO:482,0.0,3.6650417740525145,0.2591575891764507,-0.00020500000000000628,0.9427395233971047,0.06666175098866665,-0.010044999999999504,2.3052559015161416,0.16300620803323715,0.009175000000000006,1.5383556950117225,0.10877817438197333,0.0,0.09963002159452122,0.007044906387924812,-0.0010749999999997816,4.691690332020851,0.33175260489993086
R:A:CYS:483,0.0,3.526300281024008,0.24934708412121043,-9.000000000000785e-05,0.8046053588561289,0.05689419054262043,-0.012085000000000044,2.689534143355499,0.19017878309994254,0.012745000000000012,1.6370842499624143,0.1157593374522116,0.0,0.07292547084942545,0.005156609495885063,0.0005699999999998973,4.795950409407776,0.3391249056726637
R:A:PHE:484,0.0,4.307008237187388,0.304551473114152,-0.00018500000000002182,1.271960706104949,0.08994120406896386,-0.007844999999999871,3.353402072355028,0.23712133454072618,0.00694500000000001,1.8971235542196505,0.13414689299374397,0.0,0.05322062060185349,0.0037632661726527076,-0.001084999999999996,5.917382839261142,0.41842215325184595
R:A:SER:485,0.0,4.739487461609113,0.33513237234524207,-7.999999999998675e-05,0.9159449556605462,0.06476708893411838,-0.005980000000000203,4.988852911777416,0.35276517242600636,0.005860000000000025,2.182701115223979,0.15434027598783154,0.0,0.10081801170644603,0.007128909974337272,-0.00020000000000030437,7.277684959228755,0.5146100386009995
R:A:ALA:486,0.0,3.2205768318656833,0.2277291717144512,-4.4999999999998377e-05,0.5339096657441219,0.03775311451887115,-0.003134999999999586,1.635171188828558,0.1156240636021542,0.0030949999999999853,0.9747057742595968,0.0689221062640645,0.0,0.07771633759464995,0.005495374932216,-8.49999999997042e-05,3.779821510786472,0.2672737421951895
R:A:LEU:487,0.0,6.487206400971069,0.458714763708342,-2.9999999999996697e-05,1.5726620227340649,0.11120399807898096,0.005384999999999422,5.7012923654882846,0.4031422493163858,-0.005345000000000003,1.7009155243500482,0.12027289014933913,0.0,0.0947800583937623,0.006701962201148628,9.999999999550369e-06,8.942256104796435,0.6323129930808361
R:A:GLU:488,0.0,4.179936402093936,0.2955661374849121,-5.000000000000338e-05,1.5354984727931187,0.10857613826136016,0.11586999999999943,29.442408086828596,2.0818926412658145,-0.11574000000000041,28.0394216548095,1.9826865192664724,0.0,0.2434753583057913,0.017216307690984943,7.999999999885432e-05,40.90175381109167,2.8921907482245635
R:A:VAL:489,0.0,4.927679663487674,0.34843957055671787,-4.999999999997229e-06,1.2650124358578456,0.0894498871680395,0.0021350000000003176,4.249413933811931,0.30047894086670196,-0.0021300000000000143,1.6381821300148527,0.11583696929521248,0.0,0.19212904176188048,0.013585574829269906,3.4638958368304885e-16,6.8308386285644564,0.48301323154489434
R:A:ASP:490,0.0,4.528665475473983,0.3202250067433054,-2.4999999999995027e-05,1.9298266958654604,0.1364593543161296,0.0542499999999999,9.133948353256109,0.6458676819595093,-0.0541700000000003,6.964261747432388,0.4924476707567516,0.0,0.0515360498064261,0.0036441490293691553,5.49999999995876e-05,12.496625633984346,0.883644872773997
R:A:GLU:491,0.0,4.124964664521382,0.2916790486437961,-4.999999999999449e-06,1.154413678832246,0.08162937405967903,0.05618500000000001,21.209115252784002,1.4997109218210605,-0.05619500000000006,20.550482396758355,1.4531385459402606,0.0,0.21023394712930019,0.014865784965074227,-1.4999999999965042e-05,29.841935246952406,2.1101434776849897
R:A:THR:492,0.0,8.183516568994042,0.5786620059888156,-1.0000000000001119e-05,1.3541918321087305,0.0957558227511518,-0.002365000000000208,6.156661389127634,0.4353417017721539,0.0023800000000000015,2.582381354050946,0.18260193670591227,0.0,0.08593592686916847,0.006076587663674026,4.999999999721893e-06,10.6482081523044,0.7529420191980319
R:A:TYR:493,0.0,4.811599521136398,0.34023146497494916,-3.0000000000001136e-05,1.4290114770357862,0.10104637058054088,0.00031999999999939634,3.4715820875502854,0.24547792355525574,-0.0003000000000000425,1.9513733148093422,0.13798293035281572,0.0,0.08758509580055729,0.006193201517144746,-1.0000000000558451e-05,6.4078838087668535,0.4531058094234524
R:A:VAL:494,0.0,5.568255658601713,0.3937351335577637,-4.999999999997229e-06,0.9943924176978624,0.07031416217146443,-0.0003949999999998255,4.114416063352733,0.29093314990195773,0.0003800000000000314,1.9099923229557758,0.13505685235762754,0.0,0.09751092808859872,0.0068950638491241945,-1.9999999999743e-05,7.251226513986906,0.5127391439959831
R:A:PRO:495,0.0,3.7678440851433863,0.2664268103058512,-9.999999999998898e-06,0.9247865340174455,0.06539228293537395,-0.0015149999999999864,2.5722821444925126,0.18188781474957302,0.001464999999999993,2.3267267571365142,0.16452442679394144,0.0,0.08262989840470095,0.0058428161490719525,-5.9999999999993395e-05,5.204709378707939,0.36802852957896065
R:A:LYS:496,0.0,5.111792908481329,0.3614583429608452,-2.4999999999999466e-05,1.4446933036374883,0.10215524317368638,-0.00758999999999915,22.78809547480329,1.6113616840559881,0.007584999999999998,22.602489784613883,1.5982373798400145,0.0,0.3393079839886436,0.023992697638910637,-2.999999999936165e-05,32.534635931897235,2.3005461690880042
R:A:GLU:497,0.0,4.448313685381237,0.3145432771777995,-1.9999999999995577e-05,1.5547752341094194,0.10993921112596725,0.006639999999999873,15.164982368568715,1.0723261869389369,-0.006634999999999138,12.963255266158072,0.9166405704952595,0.0,0.1488189967710869,0.010523092178621447,-1.4999999999396606e-05,20.499991343913415,1.44956828935467
R:A:PHE:498,0.0,4.959040963815484,0.35065714936958015,0.0,1.3007026974677958,0.09197356976871128,-0.0013749999999990692,2.8147226767614253,0.19903094918975545,0.0013550000000000107,1.5909101558463319,0.11249433594574884,0.0,0.0834932985230304,0.005903867756926755,-1.9999999999082973e-05,6.06172787165081,0.42862888837517854
R:A:ASN:499,0.0,10.253575586533216,0.7250372828646469,-5.00000000000167e-06,1.4949764028154424,0.1057107952144671,-0.0003099999999997749,9.579298258405988,0.6773586757527358,0.00025999999999999304,5.186270000318148,0.366724668628932,0.0,0.1582748215416877,0.011191719960321802,-5.499999999955207e-05,15.03516442585711,1.0631466721778307
R:A:ALA:500,0.0,3.1171757932782684,0.22041761415776193,-5.0000000000005595e-06,1.3585315058823626,0.09606268402649906,0.00035500000000006083,3.3752612334714183,0.23866701064637105,-0.0003849999999999909,1.816120378106859,0.12841910348104366,0.0,0.11964590519253533,0.00846024309028445,-3.4999999999913986e-05,5.125172147670198,0.36240439803660185
R:A:GLU:501,0.0,4.013208510400375,0.2837766952019668,-4.999999999997229e-06,1.0831404385743337,0.07658959490932825,-0.029110000000000014,13.488439609686141,0.9537767115634298,0.029065000000000226,13.50825567015501,0.9551779186368239,0.0,0.12218660671075714,0.008639897817535009,-4.999999999963478e-05,19.53727052786314,1.3814936476128103
R:A:THR:502,0.0,5.04984671042102,0.3570780852891283,-1.000000000000334e-05,1.3390076100978665,0.0946821361160594,-0.0005649999999998911,5.890186636166549,0.4164990912887746,0.0005200000000000204,2.491655174848639,0.17618662705140253,0.0,0.12619063932516972,0.008923025678909333,-5.4999999999774115e-05,8.25908356752299,0.584005399698189
R:A:PHE:503,0.0,4.39544941310897,0.3108052086371783,-1.000000000000334e-05,1.5217768573283008,0.10760587352695947,0.0004949999999997346,2.3206144613819415,0.16409222221627384,-0.0005549999999999955,1.3682377848806107,0.09674902159647404,0.0,0.054977473770802095,0.003887494451583971,-7.000000000025542e-05,5.375511974098115,0.38010609692342623
R:A:THR:504,0.0,5.264819411432837,0.3722789507546727,-9.999999999998898e-06,1.4286832054377905,0.1010231582732395,-0.00024000000000000909,5.921320715849633,0.4187006031757657,0.0002300000000000013,2.6501556502873562,0.18739430315180342,0.0,0.18719507140992325,0.013236690439865674,-2.0000000000024444e-05,8.478199403290782,0.5994992290318653
R:A:PHE:505,0.0,4.500806803229839,0.3182551011374366,-1.5000000000000568e-05,1.0816991679182342,0.07648768168388292,0.0002700000000001168,2.5400978336965685,0.17961204030841027,-0.0003200000000000114,1.5067585462176745,0.10654391856413016,0.0,0.08497033146524384,0.006008309757874259,-6.499999999994177e-05,5.491536510709396,0.3883102705856125
R:A:HIS:506,0.0,4.642262796869647,0.32825755037165555,-1.500000000000501e-05,1.1787625037618903,0.08335109598184658,0.0019949999999998623,4.7546120576735795,0.3362018427892312,-0.0020550000000000034,3.052734542238319,0.21586092959791264,0.0,0.15733224249076727,0.011125069556450781,-7.500000000018492e-05,7.408803031148295,0.5238814863800407
R:A:ALA:507,0.0,2.835612551028437,0.20050808636498926,-5.00000000000167e-06,0.924173827791612,0.06534895806265774,0.00027000000000001025,2.4732354653570696,0.17488415690250503,-0.00025500000000000625,1.541787663355431,0.10902085119083871,0.0,0.09841944368080102,0.00695930560273019,9.999999999948938e-06,4.171149129004433,0.29494478344593955
R:A:ASP:508,0.0,5.41239541792726,0.3827141502479363,-1.0000000000001119e-05,1.4072360422828858,0.09950661482283477,-0.03374499999999976,14.532509113978735,1.027603574214967,0.03360999999999976,13.154591162508623,0.9301700614746476,0.0,0.1413172102009508,0.009992635763145706,-0.0001449999999998397,20.384587260801332,1.4414079883801532
R:A:ILE:509,0.0,6.902095399481959,0.4880518461370166,-9.999999999994458e-06,1.7113013648974864,0.1210072799772807,-8.999999999957709e-05,4.841812335221182,0.3423678335467571,0.00011999999999999011,1.1070973888281013,0.07828360710742703,0.0,0.0339131259162391,0.0023980201306605916,2.000000000044744e-05,8.673951503381225,0.6133409927724113
R:A:CYS:510,0.0,3.347631165159926,0.2367132697796007,-1.5000000000000568e-05,0.9077926908578852,0.06419063676171938,0.0013499999999992695,2.4994004329638737,0.1767342995049348,-0.0013099999999999987,1.885677284134271,0.13333751947407751,0.0,0.07616116027052298,0.005385407289032227,2.4999999999279488e-05,4.6732540968856755,0.3304489662115676
R:A:THR:511,0.0,6.86580098144419,0.485485443225644,-2.5000000000003908e-05,0.9814023523382243,0.06939562584107878,-0.0012300000000002953,4.706943298181953,0.3328311524805032,0.001180000000000003,2.6246707391594857,0.18559224780415803,0.0,0.13070399648927392,0.009242168224574828,-7.500000000019824e-05,8.784285339740125,0.6211427731607817
R:A:LEU:512,0.0,4.229063356057699,0.2990399377135938,-5.000000000006111e-06,1.3784061802948362,0.09746803573159254,0.0014450000000004693,3.885726119707229,0.27476232890786717,-0.0014450000000000025,1.6907682460570994,0.119555369220186,0.0,0.06550499432570948,0.0046319025689295495,-4.9999999994820855e-06,6.1438453846883725,0.43443547340748206
R:A:SER:513,0.0,6.718466816287032,0.47506734449733545,-2.500000000000169e-05,1.6451119323848455,0.11632698032002294,0.0019699999999999206,6.314524662819047,0.44650432090490455,-0.0019400000000000055,2.6441017544243643,0.18696622807007154,0.0,0.16352166495564857,0.011562727816105373,4.999999999744098e-06,9.733212458979557,0.6882420532473835
R:A:GLU:514,0.0,4.3312118949261755,0.3062629301658135,-3.4999999999993925e-05,1.4014822556404345,0.09909976066759697,0.02531000000000045,15.921469608924298,1.12581791269259,-0.025205000000000553,15.271441373972365,1.0798539754028667,0.0,0.1796537397877505,0.012703437766944185,6.999999999983686e-05,22.527004696683928,1.592899778084641
R:A:LYS:515,0.0,5.391419219050769,0.38123090900102785,-0.00011000000000001009,1.6755116916184145,0.11847656791007243,-0.04034000000000013,17.129150014586248,1.2112138131275585,0.04100500000000006,16.57061510478639,1.171719430902669,0.0,0.2894693874591591,0.020468576681828755,0.0005549999999995959,24.493909412826508,1.7319809443578629
R:A:GLU:516,0.0,4.628958686357008,0.3273168076955413,-4.4999999999997265e-05,2.1046429105610764,0.14882072740339294,-0.04071500000000043,14.478916732334469,1.023814020566907,0.040450000000000125,9.977479044014576,0.7055143091169378,0.0,0.09144338527130569,0.006466023781999431,-0.000309999999999917,18.30448742820486,1.2943227186627564
R:A:ARG:517,0.0,6.038532273123163,0.42698871187392057,-3.0000000000001136e-05,2.0146801441171744,0.1424593991827145,0.0028500000000000456,15.016397357553842,1.0618196400518074,-0.002844999999999869,12.69967231443296,0.8980024412382602,0.0,0.13888509327158005,0.00982065912580604,-2.4999999999124613e-05,20.671622182589058,1.4617044223434983
R:A:GLN:518,0.0,4.1046819408512025,0.29024484349898444,-3.999999999999559e-05,1.055872219139229,0.07466144062198371,0.0024399999999995714,4.116651491436942,0.2910912185376776,-0.0023000000000000203,2.7285198611701547,0.19293548964355936,0.0,0.11844714705515076,0.00837547808948973,9.999999999937614e-05,6.509143556574513,0.46026595485705596
R:A:ILE:519,0.0,4.265985892938467,0.3016507553342939,-8.000000000000007e-05,1.6494395428599378,0.1166329885913501,0.003030000000000044,2.3502810630858604,0.16618996774023398,-0.0029699999999999926,0.9530610752202611,0.06739159491731889,0.0,0.11640845303006328,0.008231320652499345,-1.999999999971136e-05,5.231155117260132,0.3698985256853348
R:A:LYS:520,0.0,4.426125410875747,0.3129743292412334,-6.000000000000227e-05,1.3926233201228535,0.09847333932973938,0.022024999999999084,12.277434116890019,0.8681456919624003,-0.022094999999999934,11.857559874302765,0.8384560995444992,0.0,0.1506887751334482,0.010655305474555602,-0.00013000000000087608,17.688691518559285,1.250779372309024
R:A:LYS:521,0.0,5.028514816916621,0.3555696926338773,-2.9999999999992255e-05,1.4377296228081273,0.1016628365800404,-0.027450000000000543,16.963560647655903,1.199504876702675,0.027424999999999984,14.791719658057849,1.0459325275623064,0.0,0.07716365757284448,0.005456294553091502,-5.5000000000445806e-05,23.106629833265927,1.633885464546972
R:A:GLN:522,0.0,3.8971891028278316,0.2755728842175877,-4.999999999999893e-05,1.2646781304150079,0.08942624820347769,-0.00372000000000007,2.3648569049204644,0.16722063540050908,0.0038800000000000097,1.2918575466164992,0.0913481231539543,0.0,0.006210787390290542,0.00043916898801823426,0.00011000000000077392,4.9039755660208995,0.34676343775065155
R:A:THR:523,0.0,3.8251606438880446,0.27047970304211366,-2.500000000000835e-05,1.4081828909537992,0.0995735671344308,0.0006349999999999767,3.1162767802740174,0.22035404433859385,-0.0006550000000000078,1.2336013912017934,0.0872287908999947,0.0,0.05415327283465523,0.003829214644482996,-4.500000000009052e-05,5.277378037106467,0.3731669796922934
R:A:ALA:524,0.0,3.332825830065232,0.23566637449528094,0.0,0.7107556930478994,0.05025801703211139,0.00015500000000052695,1.8521147481122764,0.13096428979258048,-0.0001250000000000001,0.8872794158972697,0.06274012917881984,0.0,0.011182362332081357,0.0007907124234699743,3.0000000000520723e-05,3.9787712319291906,0.28134161188870843
R:A:LEU:525,0.0,4.293314588048493,0.3035831858976218,-4.0000000000004476e-05,1.3312966300377989,0.0941368874870526,-0.0006050000000000466,2.107095960528376,0.14899418423003966,0.0006749999999999956,0.8813289486196401,0.062319367602495776,0.0,0.012566401422719553,0.0008885787661117274,3.0000000000030003e-05,5.041988981155623,0.3565224599242993
R:A:VAL:526,0.0,3.8842870854508162,0.2746605738197603,-4.9999999999990055e-05,1.3289727034630923,0.09397256106305713,0.0011400000000000078,2.2797994486357784,0.1612061649875711,-0.0010400000000000001,0.7038612766376625,0.04977050817251116,0.0,0.0010129165012141917,7.162401267843067e-05,4.9999999999910115e-05,4.748343064427826,0.3357585580257027
R:A:GLU:527,0.0,3.798682173701822,0.2686073924597013,-1.4999999999991686e-05,1.7533953793354766,0.12398377628292744,0.01020500000000009,20.315501805423732,1.436522908982267,-0.01028000000000013,17.400530368593657,1.230403301987503,0.0,0.04597301311890705,0.0032507829327957285,-9.000000000018104e-05,27.074057062906828,1.914424934341296
R:A:LEU:528,0.0,4.852363989721916,0.34311394819177776,-1.500000000000945e-05,1.3342564220849755,0.09434617638979866,-0.0006500000000000483,3.3406381620208436,0.23621878978555028,0.0006549999999999964,0.9383057245242619,0.06634823406372621,0.0,0.027563319384190866,0.0019490210048571973,-1.0000000000123244e-05,6.112832173994757,0.4322425082486998
R:A:VAL:529,0.0,4.309114999480752,0.30470044370455057,-2.500000000001279e-05,1.2661771032817644,0.08953224159136751,-0.000404999999999589,2.653502150964834,0.1876309364840324,0.00040999999999999674,0.9676480359614232,0.06842304880301665,0.0,0.015780974824986194,0.0011158834312481928,-1.999999999964419e-05,5.30559534467777,0.3751622446453429
R:A:LYS:530,0.0,4.4301087541899005,0.31325599414815664,-4.500000000000615e-05,1.730895345587075,0.12239278363888534,-0.018024999999998882,13.635801120648356,0.9641967439321576,0.017990000000000016,12.837783230563991,0.9077683577734741,0.0,0.09544757444180363,0.006749162713560714,-7.999999999896534e-05,19.322906690961812,1.3663358353414008
R:A:HIS:531,0.0,4.18573801272846,0.2959763733070597,-5.000000000006111e-06,1.1955706632713101,0.08453961233868418,0.0008050000000000068,3.709418718744893,0.2622955130284828,-0.0007999999999999571,2.801763190198272,0.19811457510680527,0.0,0.09848794580636815,0.006964149434481611,-2.4424906541753444e-17,6.369392121895868,0.4503840361428741
R:A:LYS:532,0.0,4.942467868782761,0.34948525458129137,-4.999999999997229e-06,1.7060684664968755,0.12063725818284748,-0.03161500000000046,30.946849318652372,2.188272700957738,0.031599999999999934,27.719262065826175,1.9600478176232716,0.0,0.22261426811475954,0.01574120585728267,-2.0000000000489627e-05,41.87425447197858,2.960956929426717
R:A:PRO:533,0.0,3.7854786062266954,0.2676737592499497,-1.000000000000334e-05,1.2036552371630342,0.08511127804086836,0.0028499999999998947,3.183802831253845,0.2251288571940523,-0.002844999999999993,1.7669217916124642,0.12494023806754571,0.0,0.11941405251823588,0.00844384863046111,-5.000000000041638e-06,5.389944991376427,0.38112666536247386
R:A:LYS:534,0.0,4.396898721576379,0.31090769022171194,0.0,1.0069380510984773,0.07120127241664996,-0.047459999999999385,22.65707914546798,1.6020974305640714,0.047515000000000016,21.429208878394814,1.5152738913375943,0.0,0.2671872310230831,0.018892990290287875,5.50000000005868e-05,31.51146236182711,2.228196872115261
R:A:ALA:535,0.0,3.4145431173145253,0.2414446592906954,-9.999999999998898e-06,0.9327280501303689,0.06595383292500899,0.0023349999999997097,5.23164138018605,0.3699329096665705,-0.002360000000000007,2.815332542702549,0.19907407322401377,0.0,0.09534394615897186,0.0067418350874094085,-3.50000000002082e-05,6.9162378241674265,0.48905186657676797
R:A:THR:536,0.0,6.93756681242062,0.4905600537997361,-2.0000000000002238e-05,1.3148822212464506,0.09297621351049955,-0.0033600000000001628,6.485088131764286,0.4585649794562925,0.003370000000000051,2.748933551352233,0.19437895551923823,0.0,0.09935598776302611,0.007025529269872339,-1.0000000000136566e-05,9.974047518001624,0.7052716635855801
R:A:LYS:537,0.0,4.7392884839604354,0.3351183025007736,-1.000000000000334e-05,1.6261154754506213,0.11498372796835211,-0.09313999999999954,19.8613135229521,1.4044069475351506,0.09301499999999978,18.066403776404286,1.277487662194972,0.0,0.2979627611537804,0.02106914889529057,-0.00013499999999974755,27.314110070617517,1.9313992453009414
R:A:GLU:538,0.0,4.8849542156298655,0.345418425165769,-1.4999999999996128e-05,1.815690252321414,0.12838868899507852,0.06642499999999962,27.789074530499843,1.9649843043414812,-0.06629999999999998,26.10184566718894,1.8456792072754002,0.0,0.17144277872810568,0.01212283514241083,0.00010999999999949494,38.4802275448441,2.7209629838560634
R:A:GLN:539,0.0,4.581388180366296,0.3239530649584905,0.0,1.4142400354784188,0.10000187193122935,-0.0009899999999994336,6.317805820528199,0.44673633379153294,0.000984999999999876,6.057306379189929,0.4283162416449731,0.0,0.1902226717839405,0.013450774115384726,-4.999999999171223e-06,9.981533357119316,0.7058009923458793
R:A:LEU:540,0.0,4.571327929775987,0.3232416978172062,0.0,1.6250183659115978,0.11490615060887731,-0.0018750000000006394,2.346828907840322,0.1659458635018511,0.0019400000000000211,1.9518454582778832,0.13801631593764557,0.0,0.027112193608692017,0.0019171215953548697,6.499999999934447e-05,5.731994889898044,0.4053132456373545
R:A:LYS:541,0.0,4.551350495177229,0.321829079869657,-1.000000000000334e-05,2.1841382236364986,0.1544418948982108,-0.0658749999999992,22.81969619051873,1.613596192093262,0.06572499999999985,20.24071585356049,1.431234743612268,0.0,0.228674842350949,0.016169753171312074,-0.00015999999999930737,30.918645762477603,2.186278408375262
R:A:ALA:542,0.0,3.246194726106246,0.22954063038817338,0.0,1.0464708354990118,0.07399666240953033,-0.0009299999999995379,2.8986386761892216,0.20496470641429956,0.0009600000000000153,1.59753353404553,0.11296267950965044,0.0,0.09099371085473704,0.006434226999071251,3.0000000000449667e-05,4.753459880157307,0.33612037153574253
R:A:VAL:543,0.0,4.089159537093166,0.2891472438032221,-1.0000000000012222e-05,1.2693708644442727,0.08975807460891749,-0.001959999999999731,2.676398906441265,0.18924998159048786,0.0019699999999999917,1.2611809181675722,0.08917895795393666,0.0,0.020725411476503138,0.0014655078997916865,2.6201263381153693e-16,5.204483266255246,0.36801254101409964
R:A:MET:544,0.0,4.336849694645872,0.30666158280709044,-4.999999999997229e-06,1.2867652511142036,0.0909880434858064,-0.0025500000000002387,3.342972150392522,0.23638382768603272,0.002505000000000005,2.853026531505622,0.20173944073327604,0.0,0.08508001173897126,0.006016065324405764,-5.000000000026095e-05,6.307653437023748,0.4460184518694126
R:A:ASP:545,0.0,14.475737988309955,1.023589249421368,-4.999999999997229e-06,0.93014986554587,0.065771527744724,0.03615499999999972,10.569264682151497,0.7473598728904802,-0.03611000000000025,16.36394213491205,1.157105445054058,0.0,0.07026660031447088,0.004968598957328715,3.999999999912518e-05,24.2879613098716,1.717418214340671
R:A:ASP:546,0.0,4.87101507326245,0.3444327789565766,-4.999999999997229e-06,1.284913426217891,0.09085709969163112,0.02446499999999993,8.554356538651811,0.6048843517168179,-0.024404999999999646,8.302006961474737,0.5870405419916711,0.0,0.07944471533827463,0.005617589694512891,5.500000000044025e-05,12.941577848097587,0.915107745564341
R:A:PHE:547,0.0,4.083055628300942,0.2887156322733495,-2.4999999999995027e-05,1.2990182713784282,0.09185446285769133,-0.0017549999999999244,2.3867835516600584,0.16877108346033395,0.0017849999999999967,1.2005245611294255,0.08488990581556206,0.0,0.016121999769190914,0.001139997536308285,5.0000000000316456e-06,5.0494600301816,0.3570507428671838
R:A:ALA:548,0.0,3.288760322971256,0.23255047260702352,0.0,0.8304650143142696,0.058722744315980326,-0.0020249999999998637,2.661059637169937,0.18816533145846762,0.0020399999999999997,1.7704722426516606,0.1251912928681544,0.0,0.07847788380148506,0.00554922438092,1.5000000000108815e-05,4.661285845640767,0.3296026830501457
R:A:ALA:549,0.0,3.2882352595579287,0.23251334501701185,0.0,0.8126744728056862,0.057464763061810316,-0.0011849999999992632,3.305285678315113,0.23371899168953938,0.0011449999999999965,2.4394140650727993,0.17249262275348182,0.0,0.08337638798079677,0.0058956009332061955,-3.9999999999298375e-05,5.3249917313713,0.3765337763014941
R:A:PHE:550,0.0,4.828649210182906,0.34143706004914,-4.999999999997229e-06,1.4160128671290388,0.1001272300594349,-0.0011549999999999018,3.3452677764081913,0.23654615295830753,0.001194999999999991,2.0066830738746466,0.14189392092290282,0.0,0.08294032199814032,0.00586476641186808,3.50000000000561e-05,6.36752842056776,0.450252252558153
R:A:VAL:551,0.0,4.558495572971416,0.32233431316569444,-5.000000000006111e-06,1.4318510609958706,0.1012471594879333,-0.0016349999999999908,3.275173980153573,0.23158977309323264,0.001620000000000013,1.0610608295474864,0.0750283307824451,0.0,0.029929001699234806,0.0021163000055672634,-2.0000000000108818e-05,5.889277526071658,0.41643480749748035
R:A:GLU:552,0.0,4.252431688598889,0.3006923283540835,-9.999999999994458e-06,1.7356407921859869,0.12272833738587026,0.012144999999999868,19.821822654712534,1.4016145214624365,-0.012070000000000079,18.965946497877454,1.34109493802704,0.0,0.14138518542990156,0.009997442337680084,6.499999999991956e-05,27.815955743270518,1.9668850931251476
R:A:LYS:553,0.0,4.845999644402588,0.34266392101846677,-4.999999999997229e-06,1.1994946976435537,0.08481708347010643,-0.00946000000000069,16.90580934598962,1.1954212429996172,0.009499999999999936,15.95050979589054,1.1278713640056655,0.0,0.2102852956894537,0.014869415856583098,3.499999999918568e-05,23.773764371267713,1.6810590001254537
R:A:CYS:554,0.0,3.21540159494891,0.2273632272026415,-4.999999999997229e-06,1.0083237423441938,0.07129925558429766,-0.001369999999999756,2.8261224896578705,0.19983703769008887,0.001290000000000029,2.106956127438348,0.14898429653742035,0.0,0.03632202626835501,0.0025683551080789738,-8.499999999975305e-05,4.876789510043183,0.34484109329709556
R:A:CYS:555,0.0,3.2196829700996954,0.22766596614283385,0.0,0.7838509169159656,0.055426629879057235,-0.0015450000000009822,2.9744589552345486,0.21032600976074026,0.0015700000000000525,2.8608577902964694,0.20229319435289952,0.0,0.08062599249606911,0.005701118603386616,2.4999999999093523e-05,5.293316031680045,0.37429396609644255
R:A:LYS:556,0.0,4.931591496013229,0.34871617888728645,-1.0000000000001119e-05,1.270925915287748,0.08986803330856862,-0.008584999999999994,13.002867996179727,0.919441613497222,0.008534999999999932,12.228369059722356,0.8646762684981444,0.0,0.1704105568452425,0.01204984603310466,-5.999999999995898e-05,18.562663416396752,1.3125785178617588
R:A:ALA:557,0.0,3.3229855504876937,0.23497056165347607,-4.999999999997229e-06,0.7465654344898376,0.052790148132724535,-0.0007649999999998869,3.5460828410761924,0.2507459223574234,0.0008200000000000052,2.6149624736504347,0.1849057697666571,0.0,0.07313421289895863,0.005171369787759433,5.0000000000098855e-05,5.569351289351062,0.3938126063510178
R:A:ASP:558,0.0,13.842231050694105,0.978793544269679,-4.999999999999449e-06,1.0548177221562975,0.07458687642524656,-0.009094999999999843,11.033253331537122,0.7801688249278965,0.009115000000000109,12.819777596365508,0.906495167169343,0.0,0.0982325072695859,0.006946087202328101,1.5000000000249258e-05,21.88170530857706,1.5472702207620515
R:A:ASP:559,0.0,9.628050365665938,0.6808059703168003,0.0,1.2766220420312349,0.09027081029325039,-0.007919999999999771,23.632415203732354,1.6710641046375212,0.007934999999999305,22.29032364104602,1.5761639001426453,0.0,0.13226609443942022,0.009352625229917434,1.4999999999076863e-05,33.90717016186862,2.397598995230347
R:A:LYS:560,0.0,4.497676178450379,0.3180337325363459,0.0,1.628705045718837,0.11516683823805356,0.004759999999996936,21.015607653816485,1.4860278682769545,-0.004744999999999883,18.350323124890064,1.297563791857408,0.0,0.26329896085129273,0.018618048069732038,1.4999999997087344e-05,28.30797098560687,2.0016758245554653
R:A:GLU:561,0.0,3.833747816947536,0.2710869078722726,0.0,1.540851368416175,0.10895464514076486,-0.021624999999999985,10.143217858257556,0.7172338130626407,0.021530000000000767,10.315143828534335,0.7293908150071194,0.0,0.25611539021065427,0.018110092918419234,-9.499999999952991e-05,15.047408450627897,1.0640124554722745
R:A:THR:562,0.0,5.407268538106832,0.382351625099201,-9.999999999998898e-06,1.221638560909077,0.08638289105777834,0.00027000000000001025,7.438743787246607,0.5259986175471376,-0.00027000000000004744,3.6845809361581403,0.26053921657880985,0.0,0.1751249884367326,0.012383206687882934,-1.0000000000136566e-05,9.983620004070414,0.7059485405667857
R:A:CYS:563,0.0,3.790891045328262,0.26805647648909736,-4.999999999997229e-06,1.3002400091809971,0.09194085276619418,0.0004800000000002669,3.280476682069238,0.2319647307415504,-0.0004549999999999893,1.552038955978554,0.1097457270438125,0.0,0.0808623741395473,0.005717833309691761,2.0000000000350294e-05,5.4072516036385325,0.382350427651464
R:A:PHE:564,0.0,4.6053293658054475,0.3256459624158574,-4.999999999997229e-06,1.5086602140226937,0.10667838678417947,0.0008550000000003877,2.854097648885721,0.2018151801695675,-0.000855000000000013,1.6422810508481793,0.11612680676689169,0.0,0.1017693661740192,0.0071961808938705825,-4.999999999559246e-06,5.859900310770351,0.41435752468228726
R:A:ALA:565,0.0,3.4349152200309105,0.24288518448847388,-4.999999999997229e-06,1.0629850770236617,0.07516439562635358,0.0007849999999997692,3.0880575817777425,0.2183586456769573,-0.0008500000000000019,2.6104545115171036,0.18458700870727604,0.0,0.14824032239775314,0.010482173721273129,-7.000000000025985e-05,5.4130515812279665,0.38276054799988585
R:A:GLU:566,0.0,4.560092364146806,0.3224472233525202,0.0,1.9264967126756278,0.13622388894665283,-0.003809999999999825,21.23009527583779,1.5011944334781389,0.003805000000000085,19.98534245837371,1.4131771176651478,0.0,0.20566862037490258,0.014542967614437534,-4.99999999970413e-06,29.574972360672323,2.0912663509636116
R:A:GLU:567,0.0,4.475300308532378,0.3164515196009493,-9.999999999994458e-06,2.3467733039004854,0.16594193170955918,0.004454999999999742,20.092915470682073,1.4207836783127383,-0.00451500000000026,18.511501551259286,1.3089608276840734,0.0,0.13508211418113356,0.009551747895449504,-7.000000000047635e-05,27.78407541674316,1.964630813617754
R:A:GLY:568,0.0,3.682434425078063,0.2603874353247484,0.0,1.373790517491659,0.09714165908481283,0.001280000000000072,4.458481026739937,0.31526221677993704,-0.0013200000000000084,2.147454087704787,0.1518479347702826,0.0,0.1456040004088282,0.010295757605697125,-3.999999999993065e-05,6.32126856971645,0.44698118713478896
R:A:LYS:569,0.0,4.879074603605688,0.34500267381246486,-1.4999999999996128e-05,1.8067000868641703,0.12775298829919793,0.00393999999999977,15.73935283416062,1.112940312052268,-0.003934999999999928,14.563847035940572,1.029819499927718,0.0,0.16364084206452773,0.011571154910290439,-9.999999999952269e-06,22.06647186663721,1.5603351893761346
R:A:LYS:570,0.0,4.7367853381328135,0.33494130336187256,0.0,1.5594044440105974,0.11026654569723313,-0.003965000000000458,20.151909896870198,1.4249552141937216,0.004010000000000239,18.026442358255277,1.2746619632190725,0.0,0.10952526039783676,0.00774460543385328,4.499999999973969e-05,27.49423521266395,1.9441360162412635
R:A:LEU:571,0.0,4.234379801995801,0.2994158672110581,-1.5000000000000568e-05,1.5594282642606552,0.11026823004326766,0.0017549999999995692,3.3186388458033513,0.23466320321766468,-0.0017399999999999863,1.1301809607315103,0.07991586213011781,0.0,0.0345650908185141,0.0024441210110100193,-3.508304757815495e-16,5.7143377881696225,0.4040647000005277
R:A:VAL:572,0.0,4.131048102110407,0.2921092126410086,-5.00000000000167e-06,1.2907674879214306,0.09127104436443687,0.0018199999999995954,3.2499472714722617,0.22980597541567535,-0.001815000000000011,1.349171985283937,0.09540086597811888,0.0,0.1121548772409683,0.007930547424023347,-4.085620730620576e-16,5.579125393781621,0.3945037399033051
R:A:ALA:573,0.0,2.885391396595962,0.20402798229103278,0.0,0.7492499374374348,0.05297997115656066,0.001039999999999317,3.38524598624679,0.2393730392859647,-0.0010550000000000125,2.541725466720393,0.17972713134325322,0.0,0.08252238148121592,0.005835213554503094,-1.5000000000700009e-05,5.178216648549994,0.3661552106642778
R:A:ALA:574,0.0,3.260427166982879,0.23054701593384377,-1.000000000000334e-05,0.9907931234622089,0.07005965363531282,0.0012949999999995042,2.2531850647194958,0.15932424385314053,-0.0012449999999999944,1.755789247852657,0.12415304834910416,0.0,0.12102338281923421,0.008557645467361602,3.9999999999413836e-05,4.448184101702515,0.314534114228004
R:A:SER:575,0.0,4.543959911657452,0.32130648669728096,-4.999999999997229e-06,1.4541316573732244,0.10282263556666402,0.0022800000000000155,4.177774582807215,0.29541327377717813,-0.0022350000000000126,2.9566430183359977,0.20906623278132458,0.0,0.041374597694070786,0.0029256258598342744,3.999999999999449e-05,6.997093740667218,0.49476924326237354
R:A:GLN:576,0.0,4.731772964946649,0.33458687505489515,-5.00000000000167e-06,1.5051843806241814,0.1064326082475432,0.0007300000000003948,5.283515207563048,0.37360094317700804,-0.0006999999999999517,4.76081889586235,0.3366407325265319,0.0,0.23830871442179027,0.01685097079834963,2.5000000000723333e-05,8.67715252618014,0.6135673392651959
R:A:ALA:577,0.0,4.648840073389275,0.32872263405453234,0.0,1.0666910909677645,0.07542645038545827,0.00043000000000034786,6.797924755228613,0.48068586924180534,-0.00042000000000001536,3.667337198261158,0.2593199001788139,0.0,0.2084014296127548,0.014736206408814989,1.0000000000385257e-05,9.08042499946256,0.6420830093175828
R:A:ALA:578,0.0,4.246112698922393,0.30024550830903374,-4.999999999999449e-06,1.578811759670861,0.11163885014803315,0.027735000000000055,21.423933789569904,1.5149008862296487,-0.02778500000000033,20.731744263348297,1.4659556954438886,0.0,0.5332697815344777,0.03770786787248979,-5.500000000022709e-05,30.159520147128877,2.1326001213367127
L:B:WAR:579,0.0,6.839412080742028,0.4836194661621883,-17.082995,1.9626964302140562,0.13878359552149885,-12.93841,4.685649174820922,0.3313254305777025,18.923295,3.209850355152869,0.22697069527226416,-3.3120486719999995,0.09784166542144303,0.006918450510208771,-14.410158672000001,9.10482044693043,0.643808027951044

